graph_name,graph_file,source_config,phase,event,stage,candidate_label,candidate_mode,epoch,global_step,operation_index,iteration,accepted,training_end,soft_seq_makespan,threshold_lssp_static,threshold_lssp_learned_swprio,postprocess_lssp_cost,delta_from_prev,threshold_partition_valid,threshold_hw_nodes,threshold_hw_area,threshold_budget,tau,order_tau,loss,area_frac,area_penalty,selection_metric_train,selection_metric_final,notes
squeeze_net_tosa,inputs/task_graph_topology/soda-benchmark-graphs/pytorch-graphs/squeeze_net_tosa.dot,/qfs/people/dass304/dass304/HWSWpartition/hw-sw-partition-metaheur/BatchExperiments/Ablation/diff_gnn_order_lssp_trace/squeeze_net_tosa/seed-42/run-20260412-140630/config/squeeze_net_tosa_seed-42_ablation.yaml,train,epoch,train,thresholded_partition,threshold,1,1.0,0,1,False,False,6382.14794921875,11772.26423932124,12595.443024411534,nan,nan,True,92,4745.5276706299455,4831.909135635894,0.9982,0.9984,14621.974609375,0.49723517894744873,nan,queue,queue,per_epoch_trace
squeeze_net_tosa,inputs/task_graph_topology/soda-benchmark-graphs/pytorch-graphs/squeeze_net_tosa.dot,/qfs/people/dass304/dass304/HWSWpartition/hw-sw-partition-metaheur/BatchExperiments/Ablation/diff_gnn_order_lssp_trace/squeeze_net_tosa/seed-42/run-20260412-140630/config/squeeze_net_tosa_seed-42_ablation.yaml,train,epoch,train,thresholded_partition,threshold,2,2.0,0,2,False,False,6122.669921875,12551.966852464255,13730.42046633749,nan,nan,False,98,5623.206991820049,4831.909135635894,0.9964,0.9968,25146.791015625,0.5042922496795654,nan,queue,queue,per_epoch_trace
squeeze_net_tosa,inputs/task_graph_topology/soda-benchmark-graphs/pytorch-graphs/squeeze_net_tosa.dot,/qfs/people/dass304/dass304/HWSWpartition/hw-sw-partition-metaheur/BatchExperiments/Ablation/diff_gnn_order_lssp_trace/squeeze_net_tosa/seed-42/run-20260412-140630/config/squeeze_net_tosa_seed-42_ablation.yaml,train,epoch,train,thresholded_partition,threshold,3,3.0,0,3,False,False,6573.49072265625,12275.487886096047,13212.594039270662,nan,nan,False,103,6091.078586715405,4831.909135635894,0.9946,0.9952,234733.40625,0.5150863528251648,nan,queue,queue,per_epoch_trace
squeeze_net_tosa,inputs/task_graph_topology/soda-benchmark-graphs/pytorch-graphs/squeeze_net_tosa.dot,/qfs/people/dass304/dass304/HWSWpartition/hw-sw-partition-metaheur/BatchExperiments/Ablation/diff_gnn_order_lssp_trace/squeeze_net_tosa/seed-42/run-20260412-140630/config/squeeze_net_tosa_seed-42_ablation.yaml,train,epoch,train,thresholded_partition,threshold,4,4.0,0,4,False,False,6367.30517578125,11712.479919319125,12469.615094448538,nan,nan,False,87,5043.147945068469,4831.909135635894,0.9928,0.9936,33577.34375,0.5051615238189697,nan,queue,queue,per_epoch_trace
squeeze_net_tosa,inputs/task_graph_topology/soda-benchmark-graphs/pytorch-graphs/squeeze_net_tosa.dot,/qfs/people/dass304/dass304/HWSWpartition/hw-sw-partition-metaheur/BatchExperiments/Ablation/diff_gnn_order_lssp_trace/squeeze_net_tosa/seed-42/run-20260412-140630/config/squeeze_net_tosa_seed-42_ablation.yaml,train,epoch,train,thresholded_partition,threshold,5,5.0,0,5,False,False,6250.3603515625,12173.92787384388,13088.967185155132,nan,nan,True,87,4359.394907039227,4831.909135635894,0.991,0.992,20010.826171875,0.4963676333427429,nan,queue,queue,per_epoch_trace
squeeze_net_tosa,inputs/task_graph_topology/soda-benchmark-graphs/pytorch-graphs/squeeze_net_tosa.dot,/qfs/people/dass304/dass304/HWSWpartition/hw-sw-partition-metaheur/BatchExperiments/Ablation/diff_gnn_order_lssp_trace/squeeze_net_tosa/seed-42/run-20260412-140630/config/squeeze_net_tosa_seed-42_ablation.yaml,train,epoch,train,thresholded_partition,threshold,6,6.0,0,6,False,False,6567.578125,11842.666963691714,12010.136600416716,nan,nan,True,90,4424.550944470888,4831.909135635894,0.9892,0.9904,55631.65625,0.4930361807346344,nan,queue,queue,per_epoch_trace
squeeze_net_tosa,inputs/task_graph_topology/soda-benchmark-graphs/pytorch-graphs/squeeze_net_tosa.dot,/qfs/people/dass304/dass304/HWSWpartition/hw-sw-partition-metaheur/BatchExperiments/Ablation/diff_gnn_order_lssp_trace/squeeze_net_tosa/seed-42/run-20260412-140630/config/squeeze_net_tosa_seed-42_ablation.yaml,train,epoch,train,thresholded_partition,threshold,7,7.0,0,7,False,False,6406.869140625,13492.784861157626,14469.016512843791,nan,nan,True,89,4582.475749988534,4831.909135635894,0.9874,0.9888,37538.73828125,0.4944717586040497,nan,queue,queue,per_epoch_trace
squeeze_net_tosa,inputs/task_graph_topology/soda-benchmark-graphs/pytorch-graphs/squeeze_net_tosa.dot,/qfs/people/dass304/dass304/HWSWpartition/hw-sw-partition-metaheur/BatchExperiments/Ablation/diff_gnn_order_lssp_trace/squeeze_net_tosa/seed-42/run-20260412-140630/config/squeeze_net_tosa_seed-42_ablation.yaml,train,epoch,train,thresholded_partition,threshold,8,8.0,0,8,False,False,6178.81591796875,12125.494673518828,12361.44239337073,nan,nan,True,89,4651.762429324634,4831.909135635894,0.9856,0.9872,9444.0732421875,0.4983631670475006,nan,queue,queue,per_epoch_trace
squeeze_net_tosa,inputs/task_graph_topology/soda-benchmark-graphs/pytorch-graphs/squeeze_net_tosa.dot,/qfs/people/dass304/dass304/HWSWpartition/hw-sw-partition-metaheur/BatchExperiments/Ablation/diff_gnn_order_lssp_trace/squeeze_net_tosa/seed-42/run-20260412-140630/config/squeeze_net_tosa_seed-42_ablation.yaml,train,epoch,train,thresholded_partition,threshold,9,9.0,0,9,False,False,6274.216796875,11335.08072502956,12437.60026106836,nan,nan,False,91,4884.614503955723,4831.909135635894,0.9838,0.9856,8435.771484375,0.49873852729797363,nan,queue,queue,per_epoch_trace
squeeze_net_tosa,inputs/task_graph_topology/soda-benchmark-graphs/pytorch-graphs/squeeze_net_tosa.dot,/qfs/people/dass304/dass304/HWSWpartition/hw-sw-partition-metaheur/BatchExperiments/Ablation/diff_gnn_order_lssp_trace/squeeze_net_tosa/seed-42/run-20260412-140630/config/squeeze_net_tosa_seed-42_ablation.yaml,train,epoch,train,thresholded_partition,threshold,10,10.0,0,10,False,False,6038.06982421875,11312.193853373772,12055.097549231865,nan,nan,False,94,5313.897905475374,4831.909135635894,0.982,0.984,10089.94140625,0.4981323182582855,nan,queue,queue,per_epoch_trace
squeeze_net_tosa,inputs/task_graph_topology/soda-benchmark-graphs/pytorch-graphs/squeeze_net_tosa.dot,/qfs/people/dass304/dass304/HWSWpartition/hw-sw-partition-metaheur/BatchExperiments/Ablation/diff_gnn_order_lssp_trace/squeeze_net_tosa/seed-42/run-20260412-140630/config/squeeze_net_tosa_seed-42_ablation.yaml,train,epoch,train,thresholded_partition,threshold,11,11.0,0,11,False,False,6163.21044921875,12049.692624163257,12150.110437711308,nan,nan,True,90,4736.1119712857835,4831.909135635894,0.9802,0.9824,6733.1123046875,0.5000754594802856,nan,queue,queue,per_epoch_trace
squeeze_net_tosa,inputs/task_graph_topology/soda-benchmark-graphs/pytorch-graphs/squeeze_net_tosa.dot,/qfs/people/dass304/dass304/HWSWpartition/hw-sw-partition-metaheur/BatchExperiments/Ablation/diff_gnn_order_lssp_trace/squeeze_net_tosa/seed-42/run-20260412-140630/config/squeeze_net_tosa_seed-42_ablation.yaml,train,epoch,train,thresholded_partition,threshold,12,12.0,0,12,False,False,6311.5087890625,12406.5321906594,13327.425258724523,nan,nan,True,94,4727.6399219834675,4831.909135635894,0.9784,0.9808,86132.8671875,0.491097629070282,nan,queue,queue,per_epoch_trace
squeeze_net_tosa,inputs/task_graph_topology/soda-benchmark-graphs/pytorch-graphs/squeeze_net_tosa.dot,/qfs/people/dass304/dass304/HWSWpartition/hw-sw-partition-metaheur/BatchExperiments/Ablation/diff_gnn_order_lssp_trace/squeeze_net_tosa/seed-42/run-20260412-140630/config/squeeze_net_tosa_seed-42_ablation.yaml,train,epoch,train,thresholded_partition,threshold,13,13.0,0,13,False,False,6075.00341796875,13734.923895539563,14687.257594981618,nan,nan,True,86,4519.833073519615,4831.909135635894,0.9766,0.9792,15410.7255859375,0.4970346689224243,nan,queue,queue,per_epoch_trace
squeeze_net_tosa,inputs/task_graph_topology/soda-benchmark-graphs/pytorch-graphs/squeeze_net_tosa.dot,/qfs/people/dass304/dass304/HWSWpartition/hw-sw-partition-metaheur/BatchExperiments/Ablation/diff_gnn_order_lssp_trace/squeeze_net_tosa/seed-42/run-20260412-140630/config/squeeze_net_tosa_seed-42_ablation.yaml,train,epoch,train,thresholded_partition,threshold,14,14.0,0,14,False,False,6315.4853515625,13745.183397248862,13851.613237650165,nan,nan,False,97,5133.341558323817,4831.909135635894,0.9748,0.9776,15766.0048828125,0.4970157742500305,nan,queue,queue,per_epoch_trace
squeeze_net_tosa,inputs/task_graph_topology/soda-benchmark-graphs/pytorch-graphs/squeeze_net_tosa.dot,/qfs/people/dass304/dass304/HWSWpartition/hw-sw-partition-metaheur/BatchExperiments/Ablation/diff_gnn_order_lssp_trace/squeeze_net_tosa/seed-42/run-20260412-140630/config/squeeze_net_tosa_seed-42_ablation.yaml,train,epoch,train,thresholded_partition,threshold,15,15.0,0,15,False,False,6394.91259765625,13586.914050146812,14715.097483441166,nan,nan,False,87,5022.815387231217,4831.909135635894,0.973,0.976,83117.8359375,0.5087265372276306,nan,queue,queue,per_epoch_trace
squeeze_net_tosa,inputs/task_graph_topology/soda-benchmark-graphs/pytorch-graphs/squeeze_net_tosa.dot,/qfs/people/dass304/dass304/HWSWpartition/hw-sw-partition-metaheur/BatchExperiments/Ablation/diff_gnn_order_lssp_trace/squeeze_net_tosa/seed-42/run-20260412-140630/config/squeeze_net_tosa_seed-42_ablation.yaml,train,epoch,train,thresholded_partition,threshold,16,16.0,0,16,False,False,6361.70849609375,12278.295589391564,13291.28997702517,nan,nan,False,95,5077.606965633619,4831.909135635894,0.9712,0.9744,20204.46875,0.5036444067955017,nan,queue,queue,per_epoch_trace
squeeze_net_tosa,inputs/task_graph_topology/soda-benchmark-graphs/pytorch-graphs/squeeze_net_tosa.dot,/qfs/people/dass304/dass304/HWSWpartition/hw-sw-partition-metaheur/BatchExperiments/Ablation/diff_gnn_order_lssp_trace/squeeze_net_tosa/seed-42/run-20260412-140630/config/squeeze_net_tosa_seed-42_ablation.yaml,train,epoch,train,thresholded_partition,threshold,17,17.0,0,17,False,False,6168.12841796875,11904.940208009146,12268.147036606439,nan,nan,False,93,5448.147004589687,4831.909135635894,0.9694,0.9728,34459.1171875,0.5052666664123535,nan,queue,queue,per_epoch_trace
squeeze_net_tosa,inputs/task_graph_topology/soda-benchmark-graphs/pytorch-graphs/squeeze_net_tosa.dot,/qfs/people/dass304/dass304/HWSWpartition/hw-sw-partition-metaheur/BatchExperiments/Ablation/diff_gnn_order_lssp_trace/squeeze_net_tosa/seed-42/run-20260412-140630/config/squeeze_net_tosa_seed-42_ablation.yaml,train,epoch,train,thresholded_partition,threshold,18,18.0,0,18,False,False,6258.013671875,12123.15213847853,12359.68323736827,nan,nan,False,95,5358.0829704773005,4831.909135635894,0.9676,0.9712,17275.537109375,0.5032364726066589,nan,queue,queue,per_epoch_trace
squeeze_net_tosa,inputs/task_graph_topology/soda-benchmark-graphs/pytorch-graphs/squeeze_net_tosa.dot,/qfs/people/dass304/dass304/HWSWpartition/hw-sw-partition-metaheur/BatchExperiments/Ablation/diff_gnn_order_lssp_trace/squeeze_net_tosa/seed-42/run-20260412-140630/config/squeeze_net_tosa_seed-42_ablation.yaml,train,epoch,train,thresholded_partition,threshold,19,19.0,0,19,False,False,6354.4658203125,12379.452769812106,13180.81439132328,nan,nan,False,90,4988.83503997976,4831.909135635894,0.9658,0.9696,38761.26171875,0.5056442022323608,nan,queue,queue,per_epoch_trace
squeeze_net_tosa,inputs/task_graph_topology/soda-benchmark-graphs/pytorch-graphs/squeeze_net_tosa.dot,/qfs/people/dass304/dass304/HWSWpartition/hw-sw-partition-metaheur/BatchExperiments/Ablation/diff_gnn_order_lssp_trace/squeeze_net_tosa/seed-42/run-20260412-140630/config/squeeze_net_tosa_seed-42_ablation.yaml,train,epoch,train,thresholded_partition,threshold,20,20.0,0,20,False,False,5984.73046875,11188.669500028614,11367.952574342644,nan,nan,True,85,4485.127549226912,4831.909135635894,0.964,0.968,10936.4267578125,0.4979008436203003,nan,queue,queue,per_epoch_trace
squeeze_net_tosa,inputs/task_graph_topology/soda-benchmark-graphs/pytorch-graphs/squeeze_net_tosa.dot,/qfs/people/dass304/dass304/HWSWpartition/hw-sw-partition-metaheur/BatchExperiments/Ablation/diff_gnn_order_lssp_trace/squeeze_net_tosa/seed-42/run-20260412-140630/config/squeeze_net_tosa_seed-42_ablation.yaml,train,epoch,train,thresholded_partition,threshold,21,21.0,0,21,False,False,6217.59326171875,13450.376071495837,14224.353268723928,nan,nan,True,78,4219.564659481396,4831.909135635894,0.9621999999999999,0.9664,11876.515625,0.4977397322654724,nan,queue,queue,per_epoch_trace
squeeze_net_tosa,inputs/task_graph_topology/soda-benchmark-graphs/pytorch-graphs/squeeze_net_tosa.dot,/qfs/people/dass304/dass304/HWSWpartition/hw-sw-partition-metaheur/BatchExperiments/Ablation/diff_gnn_order_lssp_trace/squeeze_net_tosa/seed-42/run-20260412-140630/config/squeeze_net_tosa_seed-42_ablation.yaml,train,epoch,train,thresholded_partition,threshold,22,22.0,0,22,False,False,6195.1728515625,12711.654319079078,12782.296782913176,nan,nan,False,99,5336.6368568750495,4831.909135635894,0.9604,0.9648,7223.38916015625,0.49931228160858154,nan,queue,queue,per_epoch_trace
squeeze_net_tosa,inputs/task_graph_topology/soda-benchmark-graphs/pytorch-graphs/squeeze_net_tosa.dot,/qfs/people/dass304/dass304/HWSWpartition/hw-sw-partition-metaheur/BatchExperiments/Ablation/diff_gnn_order_lssp_trace/squeeze_net_tosa/seed-42/run-20260412-140630/config/squeeze_net_tosa_seed-42_ablation.yaml,train,epoch,train,thresholded_partition,threshold,23,23.0,0,23,False,False,6276.2978515625,12017.851244129015,12369.76821600056,nan,nan,True,80,3906.723658862152,4831.909135635894,0.9586,0.9632000000000001,26915.23046875,0.49551767110824585,nan,queue,queue,per_epoch_trace
squeeze_net_tosa,inputs/task_graph_topology/soda-benchmark-graphs/pytorch-graphs/squeeze_net_tosa.dot,/qfs/people/dass304/dass304/HWSWpartition/hw-sw-partition-metaheur/BatchExperiments/Ablation/diff_gnn_order_lssp_trace/squeeze_net_tosa/seed-42/run-20260412-140630/config/squeeze_net_tosa_seed-42_ablation.yaml,train,epoch,train,thresholded_partition,threshold,24,24.0,0,24,False,False,6265.34619140625,11291.651953904102,12680.302603491162,nan,nan,False,90,4857.414704469715,4831.909135635894,0.9568,0.9616,7882.66552734375,0.5010419487953186,nan,queue,queue,per_epoch_trace
squeeze_net_tosa,inputs/task_graph_topology/soda-benchmark-graphs/pytorch-graphs/squeeze_net_tosa.dot,/qfs/people/dass304/dass304/HWSWpartition/hw-sw-partition-metaheur/BatchExperiments/Ablation/diff_gnn_order_lssp_trace/squeeze_net_tosa/seed-42/run-20260412-140630/config/squeeze_net_tosa_seed-42_ablation.yaml,train,epoch,train,thresholded_partition,threshold,25,25.0,0,25,False,False,6026.99267578125,9977.841579014243,10440.2846571524,nan,nan,False,100,5366.218954051486,4831.909135635894,0.955,0.96,32163.533203125,0.5050605535507202,nan,queue,queue,per_epoch_trace
squeeze_net_tosa,inputs/task_graph_topology/soda-benchmark-graphs/pytorch-graphs/squeeze_net_tosa.dot,/qfs/people/dass304/dass304/HWSWpartition/hw-sw-partition-metaheur/BatchExperiments/Ablation/diff_gnn_order_lssp_trace/squeeze_net_tosa/seed-42/run-20260412-140630/config/squeeze_net_tosa_seed-42_ablation.yaml,train,epoch,train,thresholded_partition,threshold,26,26.0,0,26,False,False,6148.5791015625,11869.591989880413,12125.543912092517,nan,nan,True,84,4665.636985414101,4831.909135635894,0.9532,0.9584,6873.8759765625,0.5004149079322815,nan,queue,queue,per_epoch_trace
squeeze_net_tosa,inputs/task_graph_topology/soda-benchmark-graphs/pytorch-graphs/squeeze_net_tosa.dot,/qfs/people/dass304/dass304/HWSWpartition/hw-sw-partition-metaheur/BatchExperiments/Ablation/diff_gnn_order_lssp_trace/squeeze_net_tosa/seed-42/run-20260412-140630/config/squeeze_net_tosa_seed-42_ablation.yaml,train,epoch,train,thresholded_partition,threshold,27,27.0,0,27,False,False,6202.9140625,12987.23060449861,13534.245675169741,nan,nan,False,94,4990.984020336242,4831.909135635894,0.9514,0.9568,6785.904296875,0.49983224272727966,nan,queue,queue,per_epoch_trace
squeeze_net_tosa,inputs/task_graph_topology/soda-benchmark-graphs/pytorch-graphs/squeeze_net_tosa.dot,/qfs/people/dass304/dass304/HWSWpartition/hw-sw-partition-metaheur/BatchExperiments/Ablation/diff_gnn_order_lssp_trace/squeeze_net_tosa/seed-42/run-20260412-140630/config/squeeze_net_tosa_seed-42_ablation.yaml,train,epoch,train,thresholded_partition,threshold,28,28.0,0,28,False,False,6124.01513671875,12866.095544220441,13365.191278252107,nan,nan,False,102,5392.031010483307,4831.909135635894,0.9496,0.9552,6907.8642578125,0.49952858686447144,nan,queue,queue,per_epoch_trace
squeeze_net_tosa,inputs/task_graph_topology/soda-benchmark-graphs/pytorch-graphs/squeeze_net_tosa.dot,/qfs/people/dass304/dass304/HWSWpartition/hw-sw-partition-metaheur/BatchExperiments/Ablation/diff_gnn_order_lssp_trace/squeeze_net_tosa/seed-42/run-20260412-140630/config/squeeze_net_tosa_seed-42_ablation.yaml,train,epoch,train,thresholded_partition,threshold,29,29.0,0,29,False,False,6276.18212890625,12149.780277319822,13363.996931450361,nan,nan,True,88,4650.454025852323,4831.909135635894,0.9478,0.9536,10582.98046875,0.4980606138706207,nan,queue,queue,per_epoch_trace
squeeze_net_tosa,inputs/task_graph_topology/soda-benchmark-graphs/pytorch-graphs/squeeze_net_tosa.dot,/qfs/people/dass304/dass304/HWSWpartition/hw-sw-partition-metaheur/BatchExperiments/Ablation/diff_gnn_order_lssp_trace/squeeze_net_tosa/seed-42/run-20260412-140630/config/squeeze_net_tosa_seed-42_ablation.yaml,train,epoch,train,thresholded_partition,threshold,30,30.0,0,30,False,False,6197.28857421875,12494.521826641841,12867.075348846307,nan,nan,True,84,4767.174371152624,4831.909135635894,0.946,0.952,6852.2255859375,0.5003442764282227,nan,queue,queue,per_epoch_trace
squeeze_net_tosa,inputs/task_graph_topology/soda-benchmark-graphs/pytorch-graphs/squeeze_net_tosa.dot,/qfs/people/dass304/dass304/HWSWpartition/hw-sw-partition-metaheur/BatchExperiments/Ablation/diff_gnn_order_lssp_trace/squeeze_net_tosa/seed-42/run-20260412-140630/config/squeeze_net_tosa_seed-42_ablation.yaml,train,epoch,train,thresholded_partition,threshold,31,31.0,0,31,False,False,6372.6611328125,12844.347493531322,13652.725672985353,nan,nan,False,90,4879.9278470434065,4831.909135635894,0.9442,0.9504,12664.4150390625,0.5023948550224304,nan,queue,queue,per_epoch_trace
squeeze_net_tosa,inputs/task_graph_topology/soda-benchmark-graphs/pytorch-graphs/squeeze_net_tosa.dot,/qfs/people/dass304/dass304/HWSWpartition/hw-sw-partition-metaheur/BatchExperiments/Ablation/diff_gnn_order_lssp_trace/squeeze_net_tosa/seed-42/run-20260412-140630/config/squeeze_net_tosa_seed-42_ablation.yaml,train,epoch,train,thresholded_partition,threshold,32,32.0,0,32,False,False,6083.080078125,12286.800888572976,12663.236448713258,nan,nan,True,89,4676.024493251258,4831.909135635894,0.9424,0.9488,26127.255859375,0.49558380246162415,nan,queue,queue,per_epoch_trace
squeeze_net_tosa,inputs/task_graph_topology/soda-benchmark-graphs/pytorch-graphs/squeeze_net_tosa.dot,/qfs/people/dass304/dass304/HWSWpartition/hw-sw-partition-metaheur/BatchExperiments/Ablation/diff_gnn_order_lssp_trace/squeeze_net_tosa/seed-42/run-20260412-140630/config/squeeze_net_tosa_seed-42_ablation.yaml,train,epoch,train,thresholded_partition,threshold,33,33.0,0,33,False,False,6233.0703125,11263.670730851414,12425.891564230331,nan,nan,False,94,5168.6914800746035,4831.909135635894,0.9406,0.9472,9132.3291015625,0.5015368461608887,nan,queue,queue,per_epoch_trace
squeeze_net_tosa,inputs/task_graph_topology/soda-benchmark-graphs/pytorch-graphs/squeeze_net_tosa.dot,/qfs/people/dass304/dass304/HWSWpartition/hw-sw-partition-metaheur/BatchExperiments/Ablation/diff_gnn_order_lssp_trace/squeeze_net_tosa/seed-42/run-20260412-140630/config/squeeze_net_tosa_seed-42_ablation.yaml,train,epoch,train,thresholded_partition,threshold,34,34.0,0,34,False,False,6430.46044921875,13291.715154229516,14308.122035806939,nan,nan,True,95,4576.1349697963215,4831.909135635894,0.9388,0.9456,70530.3984375,0.49202868342399597,nan,queue,queue,per_epoch_trace
squeeze_net_tosa,inputs/task_graph_topology/soda-benchmark-graphs/pytorch-graphs/squeeze_net_tosa.dot,/qfs/people/dass304/dass304/HWSWpartition/hw-sw-partition-metaheur/BatchExperiments/Ablation/diff_gnn_order_lssp_trace/squeeze_net_tosa/seed-42/run-20260412-140630/config/squeeze_net_tosa_seed-42_ablation.yaml,train,epoch,train,thresholded_partition,threshold,35,35.0,0,35,False,False,6102.52099609375,11786.677933259576,12124.585596511946,nan,nan,False,96,5435.178803404025,4831.909135635894,0.9369999999999999,0.944,7089.8271484375,0.4993097484111786,nan,queue,queue,per_epoch_trace
squeeze_net_tosa,inputs/task_graph_topology/soda-benchmark-graphs/pytorch-graphs/squeeze_net_tosa.dot,/qfs/people/dass304/dass304/HWSWpartition/hw-sw-partition-metaheur/BatchExperiments/Ablation/diff_gnn_order_lssp_trace/squeeze_net_tosa/seed-42/run-20260412-140630/config/squeeze_net_tosa_seed-42_ablation.yaml,train,epoch,train,thresholded_partition,threshold,36,36.0,0,36,False,False,6251.025390625,11983.593955857543,12839.752436344486,nan,nan,True,90,4617.822681491878,4831.909135635894,0.9352,0.9424,18102.921875,0.4966386556625366,nan,queue,queue,per_epoch_trace
squeeze_net_tosa,inputs/task_graph_topology/soda-benchmark-graphs/pytorch-graphs/squeeze_net_tosa.dot,/qfs/people/dass304/dass304/HWSWpartition/hw-sw-partition-metaheur/BatchExperiments/Ablation/diff_gnn_order_lssp_trace/squeeze_net_tosa/seed-42/run-20260412-140630/config/squeeze_net_tosa_seed-42_ablation.yaml,train,epoch,train,thresholded_partition,threshold,37,37.0,0,37,False,False,6100.97802734375,12239.71132216746,12324.406742826677,nan,nan,True,91,4761.3899167248055,4831.909135635894,0.9334,0.9408,7291.169921875,0.5007942914962769,nan,queue,queue,per_epoch_trace
squeeze_net_tosa,inputs/task_graph_topology/soda-benchmark-graphs/pytorch-graphs/squeeze_net_tosa.dot,/qfs/people/dass304/dass304/HWSWpartition/hw-sw-partition-metaheur/BatchExperiments/Ablation/diff_gnn_order_lssp_trace/squeeze_net_tosa/seed-42/run-20260412-140630/config/squeeze_net_tosa_seed-42_ablation.yaml,train,epoch,train,thresholded_partition,threshold,38,38.0,0,38,False,False,6238.6181640625,12403.807917215501,12969.6993187177,nan,nan,True,88,4647.067472514635,4831.909135635894,0.9316,0.9392,41505.28125,0.49410802125930786,nan,queue,queue,per_epoch_trace
squeeze_net_tosa,inputs/task_graph_topology/soda-benchmark-graphs/pytorch-graphs/squeeze_net_tosa.dot,/qfs/people/dass304/dass304/HWSWpartition/hw-sw-partition-metaheur/BatchExperiments/Ablation/diff_gnn_order_lssp_trace/squeeze_net_tosa/seed-42/run-20260412-140630/config/squeeze_net_tosa_seed-42_ablation.yaml,train,epoch,train,thresholded_partition,threshold,39,39.0,0,39,False,False,6203.74169921875,10822.326971478713,10939.728176810546,nan,nan,True,91,4831.874694593454,4831.909135635894,0.9298,0.9376,7339.95263671875,0.5007699131965637,nan,queue,queue,per_epoch_trace
squeeze_net_tosa,inputs/task_graph_topology/soda-benchmark-graphs/pytorch-graphs/squeeze_net_tosa.dot,/qfs/people/dass304/dass304/HWSWpartition/hw-sw-partition-metaheur/BatchExperiments/Ablation/diff_gnn_order_lssp_trace/squeeze_net_tosa/seed-42/run-20260412-140630/config/squeeze_net_tosa_seed-42_ablation.yaml,train,epoch,train,thresholded_partition,threshold,40,40.0,0,40,False,False,6128.52099609375,11989.880012470541,12863.601432961394,nan,nan,False,95,5261.718415226835,4831.909135635894,0.9279999999999999,0.9359999999999999,27115.646484375,0.5045247673988342,nan,queue,queue,per_epoch_trace
squeeze_net_tosa,inputs/task_graph_topology/soda-benchmark-graphs/pytorch-graphs/squeeze_net_tosa.dot,/qfs/people/dass304/dass304/HWSWpartition/hw-sw-partition-metaheur/BatchExperiments/Ablation/diff_gnn_order_lssp_trace/squeeze_net_tosa/seed-42/run-20260412-140630/config/squeeze_net_tosa_seed-42_ablation.yaml,train,epoch,train,thresholded_partition,threshold,41,41.0,0,41,False,False,6182.525390625,13859.75799853341,14103.521549911404,nan,nan,False,94,5093.982034516977,4831.909135635894,0.9262,0.9344,8255.759765625,0.5012261867523193,nan,queue,queue,per_epoch_trace
squeeze_net_tosa,inputs/task_graph_topology/soda-benchmark-graphs/pytorch-graphs/squeeze_net_tosa.dot,/qfs/people/dass304/dass304/HWSWpartition/hw-sw-partition-metaheur/BatchExperiments/Ablation/diff_gnn_order_lssp_trace/squeeze_net_tosa/seed-42/run-20260412-140630/config/squeeze_net_tosa_seed-42_ablation.yaml,train,epoch,train,thresholded_partition,threshold,42,42.0,0,42,False,False,5952.79833984375,11486.349038514594,12125.73847119035,nan,nan,False,88,4890.918949723369,4831.909135635894,0.9244,0.9328,16765.087890625,0.5032041072845459,nan,queue,queue,per_epoch_trace
squeeze_net_tosa,inputs/task_graph_topology/soda-benchmark-graphs/pytorch-graphs/squeeze_net_tosa.dot,/qfs/people/dass304/dass304/HWSWpartition/hw-sw-partition-metaheur/BatchExperiments/Ablation/diff_gnn_order_lssp_trace/squeeze_net_tosa/seed-42/run-20260412-140630/config/squeeze_net_tosa_seed-42_ablation.yaml,train,epoch,train,thresholded_partition,threshold,43,43.0,0,43,False,False,5859.94580078125,11885.499099113049,12581.453129540538,nan,nan,False,95,5585.4029539145085,4831.909135635894,0.9226,0.9312,80720.8671875,0.5086220502853394,nan,queue,queue,per_epoch_trace
squeeze_net_tosa,inputs/task_graph_topology/soda-benchmark-graphs/pytorch-graphs/squeeze_net_tosa.dot,/qfs/people/dass304/dass304/HWSWpartition/hw-sw-partition-metaheur/BatchExperiments/Ablation/diff_gnn_order_lssp_trace/squeeze_net_tosa/seed-42/run-20260412-140630/config/squeeze_net_tosa_seed-42_ablation.yaml,train,epoch,train,thresholded_partition,threshold,44,44.0,0,44,False,False,5957.45654296875,12430.367510587981,13322.590038612385,nan,nan,False,87,5057.563438976427,4831.909135635894,0.9208000000000001,0.9296,17593.322265625,0.5033325552940369,nan,queue,queue,per_epoch_trace
squeeze_net_tosa,inputs/task_graph_topology/soda-benchmark-graphs/pytorch-graphs/squeeze_net_tosa.dot,/qfs/people/dass304/dass304/HWSWpartition/hw-sw-partition-metaheur/BatchExperiments/Ablation/diff_gnn_order_lssp_trace/squeeze_net_tosa/seed-42/run-20260412-140630/config/squeeze_net_tosa_seed-42_ablation.yaml,train,epoch,train,thresholded_partition,threshold,45,45.0,0,45,False,False,6118.2353515625,12983.606720700103,14196.231199167589,nan,nan,False,89,4867.521921583318,4831.909135635894,0.919,0.928,12342.2177734375,0.5023865103721619,nan,queue,queue,per_epoch_trace
squeeze_net_tosa,inputs/task_graph_topology/soda-benchmark-graphs/pytorch-graphs/squeeze_net_tosa.dot,/qfs/people/dass304/dass304/HWSWpartition/hw-sw-partition-metaheur/BatchExperiments/Ablation/diff_gnn_order_lssp_trace/squeeze_net_tosa/seed-42/run-20260412-140630/config/squeeze_net_tosa_seed-42_ablation.yaml,train,epoch,train,thresholded_partition,threshold,46,46.0,0,46,False,False,6091.11572265625,11931.621559360216,13038.820035803925,nan,nan,True,81,4118.778054901142,4831.909135635894,0.9172,0.9264,22685.533203125,0.4959939122200012,nan,queue,queue,per_epoch_trace
squeeze_net_tosa,inputs/task_graph_topology/soda-benchmark-graphs/pytorch-graphs/squeeze_net_tosa.dot,/qfs/people/dass304/dass304/HWSWpartition/hw-sw-partition-metaheur/BatchExperiments/Ablation/diff_gnn_order_lssp_trace/squeeze_net_tosa/seed-42/run-20260412-140630/config/squeeze_net_tosa_seed-42_ablation.yaml,train,epoch,train,thresholded_partition,threshold,47,47.0,0,47,False,False,5871.7783203125,12084.318813331949,12900.304990841358,nan,nan,False,91,5163.934530682644,4831.909135635894,0.9154,0.9248,6452.9638671875,0.5001077055931091,nan,queue,queue,per_epoch_trace
squeeze_net_tosa,inputs/task_graph_topology/soda-benchmark-graphs/pytorch-graphs/squeeze_net_tosa.dot,/qfs/people/dass304/dass304/HWSWpartition/hw-sw-partition-metaheur/BatchExperiments/Ablation/diff_gnn_order_lssp_trace/squeeze_net_tosa/seed-42/run-20260412-140630/config/squeeze_net_tosa_seed-42_ablation.yaml,train,epoch,train,thresholded_partition,threshold,48,48.0,0,48,False,False,5972.60791015625,11489.188339118495,11933.602034506928,nan,nan,True,94,4731.518438815896,4831.909135635894,0.9136,0.9232,17906.32421875,0.49662166833877563,nan,queue,queue,per_epoch_trace
squeeze_net_tosa,inputs/task_graph_topology/soda-benchmark-graphs/pytorch-graphs/squeeze_net_tosa.dot,/qfs/people/dass304/dass304/HWSWpartition/hw-sw-partition-metaheur/BatchExperiments/Ablation/diff_gnn_order_lssp_trace/squeeze_net_tosa/seed-42/run-20260412-140630/config/squeeze_net_tosa_seed-42_ablation.yaml,train,epoch,train,thresholded_partition,threshold,49,49.0,0,49,False,False,5894.24951171875,12833.560489613854,13300.77203746883,nan,nan,True,83,4322.23288458468,4831.909135635894,0.9117999999999999,0.9216,11261.939453125,0.49779582023620605,nan,queue,queue,per_epoch_trace
squeeze_net_tosa,inputs/task_graph_topology/soda-benchmark-graphs/pytorch-graphs/squeeze_net_tosa.dot,/qfs/people/dass304/dass304/HWSWpartition/hw-sw-partition-metaheur/BatchExperiments/Ablation/diff_gnn_order_lssp_trace/squeeze_net_tosa/seed-42/run-20260412-140630/config/squeeze_net_tosa_seed-42_ablation.yaml,train,epoch,train,thresholded_partition,threshold,50,50.0,0,50,False,False,5748.28076171875,11191.915180808519,11613.352542173023,nan,nan,True,89,4401.107398870349,4831.909135635894,0.91,0.9199999999999999,24066.33203125,0.49578166007995605,nan,queue,queue,per_epoch_trace
squeeze_net_tosa,inputs/task_graph_topology/soda-benchmark-graphs/pytorch-graphs/squeeze_net_tosa.dot,/qfs/people/dass304/dass304/HWSWpartition/hw-sw-partition-metaheur/BatchExperiments/Ablation/diff_gnn_order_lssp_trace/squeeze_net_tosa/seed-42/run-20260412-140630/config/squeeze_net_tosa_seed-42_ablation.yaml,train,epoch,train,thresholded_partition,threshold,51,51.0,0,51,False,False,6176.8134765625,12917.83334866545,13527.98160473703,nan,nan,True,84,4678.411847986666,4831.909135635894,0.9082,0.9184,17129.318359375,0.5032293796539307,nan,queue,queue,per_epoch_trace
squeeze_net_tosa,inputs/task_graph_topology/soda-benchmark-graphs/pytorch-graphs/squeeze_net_tosa.dot,/qfs/people/dass304/dass304/HWSWpartition/hw-sw-partition-metaheur/BatchExperiments/Ablation/diff_gnn_order_lssp_trace/squeeze_net_tosa/seed-42/run-20260412-140630/config/squeeze_net_tosa_seed-42_ablation.yaml,train,epoch,train,thresholded_partition,threshold,52,52.0,0,52,False,False,5986.8916015625,12166.943130209138,13483.077041129989,nan,nan,True,86,4652.458745458694,4831.909135635894,0.9064,0.9168000000000001,9652.0849609375,0.5017738938331604,nan,queue,queue,per_epoch_trace
squeeze_net_tosa,inputs/task_graph_topology/soda-benchmark-graphs/pytorch-graphs/squeeze_net_tosa.dot,/qfs/people/dass304/dass304/HWSWpartition/hw-sw-partition-metaheur/BatchExperiments/Ablation/diff_gnn_order_lssp_trace/squeeze_net_tosa/seed-42/run-20260412-140630/config/squeeze_net_tosa_seed-42_ablation.yaml,train,epoch,train,thresholded_partition,threshold,53,53.0,0,53,False,False,5813.71923828125,11468.588827461786,11882.840673261966,nan,nan,True,82,4517.056111456669,4831.909135635894,0.9046,0.9152,7309.6123046875,0.4990047514438629,nan,queue,queue,per_epoch_trace
squeeze_net_tosa,inputs/task_graph_topology/soda-benchmark-graphs/pytorch-graphs/squeeze_net_tosa.dot,/qfs/people/dass304/dass304/HWSWpartition/hw-sw-partition-metaheur/BatchExperiments/Ablation/diff_gnn_order_lssp_trace/squeeze_net_tosa/seed-42/run-20260412-140630/config/squeeze_net_tosa_seed-42_ablation.yaml,train,epoch,train,thresholded_partition,threshold,54,54.0,0,54,False,False,5881.8125,11811.241361871455,13058.016770144037,nan,nan,True,76,4021.5206903845824,4831.909135635894,0.9028,0.9136,25815.916015625,0.49559083580970764,nan,queue,queue,per_epoch_trace
squeeze_net_tosa,inputs/task_graph_topology/soda-benchmark-graphs/pytorch-graphs/squeeze_net_tosa.dot,/qfs/people/dass304/dass304/HWSWpartition/hw-sw-partition-metaheur/BatchExperiments/Ablation/diff_gnn_order_lssp_trace/squeeze_net_tosa/seed-42/run-20260412-140630/config/squeeze_net_tosa_seed-42_ablation.yaml,train,epoch,train,thresholded_partition,threshold,55,55.0,0,55,False,False,5970.8046875,11098.504717020427,11567.594315867196,nan,nan,True,77,3981.3464069831016,4831.909135635894,0.901,0.912,8478.314453125,0.4985838234424591,nan,queue,queue,per_epoch_trace
squeeze_net_tosa,inputs/task_graph_topology/soda-benchmark-graphs/pytorch-graphs/squeeze_net_tosa.dot,/qfs/people/dass304/dass304/HWSWpartition/hw-sw-partition-metaheur/BatchExperiments/Ablation/diff_gnn_order_lssp_trace/squeeze_net_tosa/seed-42/run-20260412-140630/config/squeeze_net_tosa_seed-42_ablation.yaml,train,epoch,train,thresholded_partition,threshold,56,56.0,0,56,False,False,5888.22216796875,11669.222726110705,11820.489979972579,nan,nan,True,80,4257.068434349155,4831.909135635894,0.8992,0.9104,6789.921875,0.5006179213523865,nan,queue,queue,per_epoch_trace
squeeze_net_tosa,inputs/task_graph_topology/soda-benchmark-graphs/pytorch-graphs/squeeze_net_tosa.dot,/qfs/people/dass304/dass304/HWSWpartition/hw-sw-partition-metaheur/BatchExperiments/Ablation/diff_gnn_order_lssp_trace/squeeze_net_tosa/seed-42/run-20260412-140630/config/squeeze_net_tosa_seed-42_ablation.yaml,train,epoch,train,thresholded_partition,threshold,57,57.0,0,57,False,False,6005.6650390625,12449.077468591755,13155.318916137046,nan,nan,True,76,4365.712631567561,4831.909135635894,0.8974,0.9088,10607.2900390625,0.5020201802253723,nan,queue,queue,per_epoch_trace
squeeze_net_tosa,inputs/task_graph_topology/soda-benchmark-graphs/pytorch-graphs/squeeze_net_tosa.dot,/qfs/people/dass304/dass304/HWSWpartition/hw-sw-partition-metaheur/BatchExperiments/Ablation/diff_gnn_order_lssp_trace/squeeze_net_tosa/seed-42/run-20260412-140630/config/squeeze_net_tosa_seed-42_ablation.yaml,train,epoch,train,thresholded_partition,threshold,58,58.0,0,58,False,False,5985.96484375,11311.682783956501,11581.303785534248,nan,nan,True,79,4593.174667010633,4831.909135635894,0.8956,0.9072,11724.8974609375,0.5022866725921631,nan,queue,queue,per_epoch_trace
squeeze_net_tosa,inputs/task_graph_topology/soda-benchmark-graphs/pytorch-graphs/squeeze_net_tosa.dot,/qfs/people/dass304/dass304/HWSWpartition/hw-sw-partition-metaheur/BatchExperiments/Ablation/diff_gnn_order_lssp_trace/squeeze_net_tosa/seed-42/run-20260412-140630/config/squeeze_net_tosa_seed-42_ablation.yaml,train,epoch,train,thresholded_partition,threshold,59,59.0,0,59,False,False,5837.06640625,11876.957781714174,12763.057078226915,nan,nan,True,81,4576.6271908599365,4831.909135635894,0.8938,0.9056,11327.9873046875,0.5022291541099548,nan,queue,queue,per_epoch_trace
squeeze_net_tosa,inputs/task_graph_topology/soda-benchmark-graphs/pytorch-graphs/squeeze_net_tosa.dot,/qfs/people/dass304/dass304/HWSWpartition/hw-sw-partition-metaheur/BatchExperiments/Ablation/diff_gnn_order_lssp_trace/squeeze_net_tosa/seed-42/run-20260412-140630/config/squeeze_net_tosa_seed-42_ablation.yaml,train,epoch,train,thresholded_partition,threshold,60,60.0,0,60,False,False,5971.34326171875,10958.49874339011,11724.788857733814,nan,nan,True,81,4518.89180351988,4831.909135635894,0.892,0.904,21301.28515625,0.503849446773529,nan,queue,queue,per_epoch_trace
squeeze_net_tosa,inputs/task_graph_topology/soda-benchmark-graphs/pytorch-graphs/squeeze_net_tosa.dot,/qfs/people/dass304/dass304/HWSWpartition/hw-sw-partition-metaheur/BatchExperiments/Ablation/diff_gnn_order_lssp_trace/squeeze_net_tosa/seed-42/run-20260412-140630/config/squeeze_net_tosa_seed-42_ablation.yaml,train,epoch,train,thresholded_partition,threshold,61,61.0,0,61,False,False,6021.54541015625,10251.194535142915,11415.830476619609,nan,nan,True,83,4726.620058331526,4831.909135635894,0.8902,0.9024,9478.69921875,0.5017128586769104,nan,queue,queue,per_epoch_trace
squeeze_net_tosa,inputs/task_graph_topology/soda-benchmark-graphs/pytorch-graphs/squeeze_net_tosa.dot,/qfs/people/dass304/dass304/HWSWpartition/hw-sw-partition-metaheur/BatchExperiments/Ablation/diff_gnn_order_lssp_trace/squeeze_net_tosa/seed-42/run-20260412-140630/config/squeeze_net_tosa_seed-42_ablation.yaml,train,epoch,train,thresholded_partition,threshold,62,62.0,0,62,False,False,6047.041015625,13735.847373552426,14642.990213099172,nan,nan,True,87,4387.331492993809,4831.909135635894,0.8884,0.9008,27064.42578125,0.4954712688922882,nan,queue,queue,per_epoch_trace
squeeze_net_tosa,inputs/task_graph_topology/soda-benchmark-graphs/pytorch-graphs/squeeze_net_tosa.dot,/qfs/people/dass304/dass304/HWSWpartition/hw-sw-partition-metaheur/BatchExperiments/Ablation/diff_gnn_order_lssp_trace/squeeze_net_tosa/seed-42/run-20260412-140630/config/squeeze_net_tosa_seed-42_ablation.yaml,train,epoch,train,thresholded_partition,threshold,63,63.0,0,63,False,False,5825.67529296875,10570.191284376953,10808.549714657645,nan,nan,True,88,4691.801970730056,4831.909135635894,0.8866,0.8992,6700.337890625,0.4993908405303955,nan,queue,queue,per_epoch_trace
squeeze_net_tosa,inputs/task_graph_topology/soda-benchmark-graphs/pytorch-graphs/squeeze_net_tosa.dot,/qfs/people/dass304/dass304/HWSWpartition/hw-sw-partition-metaheur/BatchExperiments/Ablation/diff_gnn_order_lssp_trace/squeeze_net_tosa/seed-42/run-20260412-140630/config/squeeze_net_tosa_seed-42_ablation.yaml,train,epoch,train,thresholded_partition,threshold,64,64.0,0,64,False,False,5805.40576171875,10861.843596030598,11101.626968985958,nan,nan,True,81,4621.953946324171,4831.909135635894,0.8848,0.8976,6382.7001953125,0.5002849102020264,nan,queue,queue,per_epoch_trace
squeeze_net_tosa,inputs/task_graph_topology/soda-benchmark-graphs/pytorch-graphs/squeeze_net_tosa.dot,/qfs/people/dass304/dass304/HWSWpartition/hw-sw-partition-metaheur/BatchExperiments/Ablation/diff_gnn_order_lssp_trace/squeeze_net_tosa/seed-42/run-20260412-140630/config/squeeze_net_tosa_seed-42_ablation.yaml,train,epoch,train,thresholded_partition,threshold,65,65.0,0,65,False,False,5917.603515625,11396.705082456698,11363.579024962168,nan,nan,True,86,4827.758372402517,4831.909135635894,0.883,0.896,7384.52294921875,0.49902230501174927,nan,queue,queue,per_epoch_trace
squeeze_net_tosa,inputs/task_graph_topology/soda-benchmark-graphs/pytorch-graphs/squeeze_net_tosa.dot,/qfs/people/dass304/dass304/HWSWpartition/hw-sw-partition-metaheur/BatchExperiments/Ablation/diff_gnn_order_lssp_trace/squeeze_net_tosa/seed-42/run-20260412-140630/config/squeeze_net_tosa_seed-42_ablation.yaml,train,epoch,train,thresholded_partition,threshold,66,66.0,0,66,False,False,6000.88671875,12056.642815752368,12533.896963830342,nan,nan,True,83,4255.786560745234,4831.909135635894,0.8812,0.8944,32822.39453125,0.494869202375412,nan,queue,queue,per_epoch_trace
squeeze_net_tosa,inputs/task_graph_topology/soda-benchmark-graphs/pytorch-graphs/squeeze_net_tosa.dot,/qfs/people/dass304/dass304/HWSWpartition/hw-sw-partition-metaheur/BatchExperiments/Ablation/diff_gnn_order_lssp_trace/squeeze_net_tosa/seed-42/run-20260412-140630/config/squeeze_net_tosa_seed-42_ablation.yaml,train,epoch,train,thresholded_partition,threshold,67,67.0,0,67,False,False,5890.43017578125,12565.672277879836,12806.452189530322,nan,nan,True,85,4313.775271845561,4831.909135635894,0.8794,0.8928,12657.3828125,0.49749937653541565,nan,queue,queue,per_epoch_trace
squeeze_net_tosa,inputs/task_graph_topology/soda-benchmark-graphs/pytorch-graphs/squeeze_net_tosa.dot,/qfs/people/dass304/dass304/HWSWpartition/hw-sw-partition-metaheur/BatchExperiments/Ablation/diff_gnn_order_lssp_trace/squeeze_net_tosa/seed-42/run-20260412-140630/config/squeeze_net_tosa_seed-42_ablation.yaml,train,epoch,train,thresholded_partition,threshold,68,68.0,0,68,False,False,5841.6025390625,10441.882678715838,10627.66930275802,nan,nan,False,87,4840.517835496549,4831.909135635894,0.8775999999999999,0.8912,12411.92578125,0.502464234828949,nan,queue,queue,per_epoch_trace
squeeze_net_tosa,inputs/task_graph_topology/soda-benchmark-graphs/pytorch-graphs/squeeze_net_tosa.dot,/qfs/people/dass304/dass304/HWSWpartition/hw-sw-partition-metaheur/BatchExperiments/Ablation/diff_gnn_order_lssp_trace/squeeze_net_tosa/seed-42/run-20260412-140630/config/squeeze_net_tosa_seed-42_ablation.yaml,train,epoch,train,thresholded_partition,threshold,69,69.0,0,69,False,False,5847.689453125,11555.180057964431,12119.916898580868,nan,nan,False,87,4972.149708802666,4831.909135635894,0.8758,0.8896,6853.3291015625,0.5007003545761108,nan,queue,queue,per_epoch_trace
squeeze_net_tosa,inputs/task_graph_topology/soda-benchmark-graphs/pytorch-graphs/squeeze_net_tosa.dot,/qfs/people/dass304/dass304/HWSWpartition/hw-sw-partition-metaheur/BatchExperiments/Ablation/diff_gnn_order_lssp_trace/squeeze_net_tosa/seed-42/run-20260412-140630/config/squeeze_net_tosa_seed-42_ablation.yaml,train,epoch,train,thresholded_partition,threshold,70,70.0,0,70,False,False,5991.08154296875,13246.910574333451,13496.744582638434,nan,nan,False,91,4932.1634395054125,4831.909135635894,0.874,0.888,7023.67626953125,0.49928489327430725,nan,queue,queue,per_epoch_trace
squeeze_net_tosa,inputs/task_graph_topology/soda-benchmark-graphs/pytorch-graphs/squeeze_net_tosa.dot,/qfs/people/dass304/dass304/HWSWpartition/hw-sw-partition-metaheur/BatchExperiments/Ablation/diff_gnn_order_lssp_trace/squeeze_net_tosa/seed-42/run-20260412-140630/config/squeeze_net_tosa_seed-42_ablation.yaml,train,epoch,train,thresholded_partition,threshold,71,71.0,0,71,False,False,6019.6689453125,12773.504879001244,13087.997056306715,nan,nan,True,91,4741.500332220305,4831.909135635894,0.8722,0.8864,17829.423828125,0.4966396689414978,nan,queue,queue,per_epoch_trace
squeeze_net_tosa,inputs/task_graph_topology/soda-benchmark-graphs/pytorch-graphs/squeeze_net_tosa.dot,/qfs/people/dass304/dass304/HWSWpartition/hw-sw-partition-metaheur/BatchExperiments/Ablation/diff_gnn_order_lssp_trace/squeeze_net_tosa/seed-42/run-20260412-140630/config/squeeze_net_tosa_seed-42_ablation.yaml,train,epoch,train,thresholded_partition,threshold,72,72.0,0,72,False,False,5764.26513671875,11418.228044789246,11867.734676523898,nan,nan,False,93,5289.3382982395915,4831.909135635894,0.8704000000000001,0.8848,6928.12158203125,0.4991839826107025,nan,queue,queue,per_epoch_trace
squeeze_net_tosa,inputs/task_graph_topology/soda-benchmark-graphs/pytorch-graphs/squeeze_net_tosa.dot,/qfs/people/dass304/dass304/HWSWpartition/hw-sw-partition-metaheur/BatchExperiments/Ablation/diff_gnn_order_lssp_trace/squeeze_net_tosa/seed-42/run-20260412-140630/config/squeeze_net_tosa_seed-42_ablation.yaml,train,epoch,train,thresholded_partition,threshold,73,73.0,0,73,False,False,5961.23974609375,12224.532320229437,12987.129746409426,nan,nan,True,78,4112.099198866192,4831.909135635894,0.8686,0.8832,21364.64453125,0.49614349007606506,nan,queue,queue,per_epoch_trace
squeeze_net_tosa,inputs/task_graph_topology/soda-benchmark-graphs/pytorch-graphs/squeeze_net_tosa.dot,/qfs/people/dass304/dass304/HWSWpartition/hw-sw-partition-metaheur/BatchExperiments/Ablation/diff_gnn_order_lssp_trace/squeeze_net_tosa/seed-42/run-20260412-140630/config/squeeze_net_tosa_seed-42_ablation.yaml,train,epoch,train,thresholded_partition,threshold,74,74.0,0,74,False,False,5874.35400390625,13024.664198857463,13786.841845519448,nan,nan,True,82,4596.785378737435,4831.909135635894,0.8668,0.8815999999999999,17328.8984375,0.5033077001571655,nan,queue,queue,per_epoch_trace
squeeze_net_tosa,inputs/task_graph_topology/soda-benchmark-graphs/pytorch-graphs/squeeze_net_tosa.dot,/qfs/people/dass304/dass304/HWSWpartition/hw-sw-partition-metaheur/BatchExperiments/Ablation/diff_gnn_order_lssp_trace/squeeze_net_tosa/seed-42/run-20260412-140630/config/squeeze_net_tosa_seed-42_ablation.yaml,train,epoch,train,thresholded_partition,threshold,75,75.0,0,75,False,False,5925.80029296875,12279.142480016857,13592.100725319164,nan,nan,False,93,5461.805245057105,4831.909135635894,0.865,0.88,34413.21875,0.5052904486656189,nan,queue,queue,per_epoch_trace
squeeze_net_tosa,inputs/task_graph_topology/soda-benchmark-graphs/pytorch-graphs/squeeze_net_tosa.dot,/qfs/people/dass304/dass304/HWSWpartition/hw-sw-partition-metaheur/BatchExperiments/Ablation/diff_gnn_order_lssp_trace/squeeze_net_tosa/seed-42/run-20260412-140630/config/squeeze_net_tosa_seed-42_ablation.yaml,train,epoch,train,thresholded_partition,threshold,76,76.0,0,76,False,False,5787.50048828125,11070.612856796852,11890.320056404298,nan,nan,False,93,5289.718164631422,4831.909135635894,0.8632,0.8784,17988.5390625,0.5034204721450806,nan,queue,queue,per_epoch_trace
squeeze_net_tosa,inputs/task_graph_topology/soda-benchmark-graphs/pytorch-graphs/squeeze_net_tosa.dot,/qfs/people/dass304/dass304/HWSWpartition/hw-sw-partition-metaheur/BatchExperiments/Ablation/diff_gnn_order_lssp_trace/squeeze_net_tosa/seed-42/run-20260412-140630/config/squeeze_net_tosa_seed-42_ablation.yaml,train,epoch,train,thresholded_partition,threshold,77,77.0,0,77,False,False,5847.79150390625,12122.695870711701,12316.363702814326,nan,nan,True,82,4335.8627702633285,4831.909135635894,0.8613999999999999,0.8768,7362.9609375,0.501010000705719,nan,queue,queue,per_epoch_trace
squeeze_net_tosa,inputs/task_graph_topology/soda-benchmark-graphs/pytorch-graphs/squeeze_net_tosa.dot,/qfs/people/dass304/dass304/HWSWpartition/hw-sw-partition-metaheur/BatchExperiments/Ablation/diff_gnn_order_lssp_trace/squeeze_net_tosa/seed-42/run-20260412-140630/config/squeeze_net_tosa_seed-42_ablation.yaml,train,epoch,train,thresholded_partition,threshold,78,78.0,0,78,False,False,5811.37255859375,12859.023419532967,14356.601045347172,nan,nan,False,91,4847.643285403514,4831.909135635894,0.8596,0.8752,6344.142578125,0.4998699724674225,nan,queue,queue,per_epoch_trace
squeeze_net_tosa,inputs/task_graph_topology/soda-benchmark-graphs/pytorch-graphs/squeeze_net_tosa.dot,/qfs/people/dass304/dass304/HWSWpartition/hw-sw-partition-metaheur/BatchExperiments/Ablation/diff_gnn_order_lssp_trace/squeeze_net_tosa/seed-42/run-20260412-140630/config/squeeze_net_tosa_seed-42_ablation.yaml,train,epoch,train,thresholded_partition,threshold,79,79.0,0,79,False,False,5826.32373046875,12303.310288180057,13252.335080367964,nan,nan,False,90,4934.29389066405,4831.909135635894,0.8578,0.8735999999999999,20094.416015625,0.5037107467651367,nan,queue,queue,per_epoch_trace
squeeze_net_tosa,inputs/task_graph_topology/soda-benchmark-graphs/pytorch-graphs/squeeze_net_tosa.dot,/qfs/people/dass304/dass304/HWSWpartition/hw-sw-partition-metaheur/BatchExperiments/Ablation/diff_gnn_order_lssp_trace/squeeze_net_tosa/seed-42/run-20260412-140630/config/squeeze_net_tosa_seed-42_ablation.yaml,train,epoch,train,thresholded_partition,threshold,80,80.0,0,80,False,False,5794.56787109375,12027.440753920493,12429.446613027534,nan,nan,False,92,5204.8370755211945,4831.909135635894,0.856,0.872,11169.1904296875,0.5022111535072327,nan,queue,queue,per_epoch_trace
squeeze_net_tosa,inputs/task_graph_topology/soda-benchmark-graphs/pytorch-graphs/squeeze_net_tosa.dot,/qfs/people/dass304/dass304/HWSWpartition/hw-sw-partition-metaheur/BatchExperiments/Ablation/diff_gnn_order_lssp_trace/squeeze_net_tosa/seed-42/run-20260412-140630/config/squeeze_net_tosa_seed-42_ablation.yaml,train,epoch,train,thresholded_partition,threshold,81,81.0,0,81,False,False,5923.47802734375,11632.954347518795,11922.218553403609,nan,nan,False,89,4854.618733299628,4831.909135635894,0.8542,0.8704,14604.29296875,0.5028576850891113,nan,queue,queue,per_epoch_trace
squeeze_net_tosa,inputs/task_graph_topology/soda-benchmark-graphs/pytorch-graphs/squeeze_net_tosa.dot,/qfs/people/dass304/dass304/HWSWpartition/hw-sw-partition-metaheur/BatchExperiments/Ablation/diff_gnn_order_lssp_trace/squeeze_net_tosa/seed-42/run-20260412-140630/config/squeeze_net_tosa_seed-42_ablation.yaml,train,epoch,train,thresholded_partition,threshold,82,82.0,0,82,False,False,5818.400390625,12732.376814069123,13128.392567149584,nan,nan,True,82,4469.217192617905,4831.909135635894,0.8524,0.8688,6469.837890625,0.5004012584686279,nan,queue,queue,per_epoch_trace
squeeze_net_tosa,inputs/task_graph_topology/soda-benchmark-graphs/pytorch-graphs/squeeze_net_tosa.dot,/qfs/people/dass304/dass304/HWSWpartition/hw-sw-partition-metaheur/BatchExperiments/Ablation/diff_gnn_order_lssp_trace/squeeze_net_tosa/seed-42/run-20260412-140630/config/squeeze_net_tosa_seed-42_ablation.yaml,train,epoch,train,thresholded_partition,threshold,83,83.0,0,83,False,False,5862.56591796875,11748.586684517686,12873.195343578618,nan,nan,False,93,4989.502830912961,4831.909135635894,0.8506,0.8672,7049.2177734375,0.5008260011672974,nan,queue,queue,per_epoch_trace
squeeze_net_tosa,inputs/task_graph_topology/soda-benchmark-graphs/pytorch-graphs/squeeze_net_tosa.dot,/qfs/people/dass304/dass304/HWSWpartition/hw-sw-partition-metaheur/BatchExperiments/Ablation/diff_gnn_order_lssp_trace/squeeze_net_tosa/seed-42/run-20260412-140630/config/squeeze_net_tosa_seed-42_ablation.yaml,train,epoch,train,thresholded_partition,threshold,84,84.0,0,84,False,False,5754.22216796875,11538.907386524952,11831.925024041933,nan,nan,False,90,4857.9323654798,4831.909135635894,0.8488,0.8655999999999999,10126.6142578125,0.4980289041996002,nan,queue,queue,per_epoch_trace
squeeze_net_tosa,inputs/task_graph_topology/soda-benchmark-graphs/pytorch-graphs/squeeze_net_tosa.dot,/qfs/people/dass304/dass304/HWSWpartition/hw-sw-partition-metaheur/BatchExperiments/Ablation/diff_gnn_order_lssp_trace/squeeze_net_tosa/seed-42/run-20260412-140630/config/squeeze_net_tosa_seed-42_ablation.yaml,train,epoch,train,thresholded_partition,threshold,85,85.0,0,85,False,False,5873.771484375,11493.242563691023,12493.31380794859,nan,nan,True,84,4309.109296640064,4831.909135635894,0.847,0.864,10315.4970703125,0.4980181157588959,nan,queue,queue,per_epoch_trace
squeeze_net_tosa,inputs/task_graph_topology/soda-benchmark-graphs/pytorch-graphs/squeeze_net_tosa.dot,/qfs/people/dass304/dass304/HWSWpartition/hw-sw-partition-metaheur/BatchExperiments/Ablation/diff_gnn_order_lssp_trace/squeeze_net_tosa/seed-42/run-20260412-140630/config/squeeze_net_tosa_seed-42_ablation.yaml,train,epoch,train,thresholded_partition,threshold,86,86.0,0,86,False,False,5720.00439453125,10441.797414869718,11587.534581830178,nan,nan,True,81,4199.849568490773,4831.909135635894,0.8452,0.8624,9489.4169921875,0.4981885552406311,nan,queue,queue,per_epoch_trace
squeeze_net_tosa,inputs/task_graph_topology/soda-benchmark-graphs/pytorch-graphs/squeeze_net_tosa.dot,/qfs/people/dass304/dass304/HWSWpartition/hw-sw-partition-metaheur/BatchExperiments/Ablation/diff_gnn_order_lssp_trace/squeeze_net_tosa/seed-42/run-20260412-140630/config/squeeze_net_tosa_seed-42_ablation.yaml,train,epoch,train,thresholded_partition,threshold,87,87.0,0,87,False,False,5686.88232421875,10995.347122059913,11554.545890481786,nan,nan,True,82,4275.023847347411,4831.909135635894,0.8434,0.8608,13068.404296875,0.49737462401390076,nan,queue,queue,per_epoch_trace
squeeze_net_tosa,inputs/task_graph_topology/soda-benchmark-graphs/pytorch-graphs/squeeze_net_tosa.dot,/qfs/people/dass304/dass304/HWSWpartition/hw-sw-partition-metaheur/BatchExperiments/Ablation/diff_gnn_order_lssp_trace/squeeze_net_tosa/seed-42/run-20260412-140630/config/squeeze_net_tosa_seed-42_ablation.yaml,train,epoch,train,thresholded_partition,threshold,88,88.0,0,88,False,False,5939.583984375,11699.155519676075,12487.002023467832,nan,nan,True,84,4547.720157044186,4831.909135635894,0.8416,0.8592,16749.431640625,0.49678805470466614,nan,queue,queue,per_epoch_trace
squeeze_net_tosa,inputs/task_graph_topology/soda-benchmark-graphs/pytorch-graphs/squeeze_net_tosa.dot,/qfs/people/dass304/dass304/HWSWpartition/hw-sw-partition-metaheur/BatchExperiments/Ablation/diff_gnn_order_lssp_trace/squeeze_net_tosa/seed-42/run-20260412-140630/config/squeeze_net_tosa_seed-42_ablation.yaml,train,epoch,train,thresholded_partition,threshold,89,89.0,0,89,False,False,5839.52099609375,12637.273581883645,13306.426861659602,nan,nan,True,83,4164.529119431243,4831.909135635894,0.8398,0.8576,25259.306640625,0.49564841389656067,nan,queue,queue,per_epoch_trace
squeeze_net_tosa,inputs/task_graph_topology/soda-benchmark-graphs/pytorch-graphs/squeeze_net_tosa.dot,/qfs/people/dass304/dass304/HWSWpartition/hw-sw-partition-metaheur/BatchExperiments/Ablation/diff_gnn_order_lssp_trace/squeeze_net_tosa/seed-42/run-20260412-140630/config/squeeze_net_tosa_seed-42_ablation.yaml,train,epoch,train,thresholded_partition,threshold,90,90.0,0,90,False,False,5777.81005859375,11586.821000221884,11862.133827331463,nan,nan,True,79,4374.351304095146,4831.909135635894,0.838,0.856,6833.6181640625,0.4992474317550659,nan,queue,queue,per_epoch_trace
squeeze_net_tosa,inputs/task_graph_topology/soda-benchmark-graphs/pytorch-graphs/squeeze_net_tosa.dot,/qfs/people/dass304/dass304/HWSWpartition/hw-sw-partition-metaheur/BatchExperiments/Ablation/diff_gnn_order_lssp_trace/squeeze_net_tosa/seed-42/run-20260412-140630/config/squeeze_net_tosa_seed-42_ablation.yaml,train,epoch,train,thresholded_partition,threshold,91,91.0,0,91,False,False,5921.0322265625,11904.795634332613,12192.243671573144,nan,nan,True,79,4243.309529305607,4831.909135635894,0.8362,0.8544,6433.5966796875,0.49985629320144653,nan,queue,queue,per_epoch_trace
squeeze_net_tosa,inputs/task_graph_topology/soda-benchmark-graphs/pytorch-graphs/squeeze_net_tosa.dot,/qfs/people/dass304/dass304/HWSWpartition/hw-sw-partition-metaheur/BatchExperiments/Ablation/diff_gnn_order_lssp_trace/squeeze_net_tosa/seed-42/run-20260412-140630/config/squeeze_net_tosa_seed-42_ablation.yaml,train,epoch,train,thresholded_partition,threshold,92,92.0,0,92,False,False,5833.65625,10231.8756989321,10644.735330327934,nan,nan,False,90,4848.123088017229,4831.909135635894,0.8344,0.8528,9640.2978515625,0.49817875027656555,nan,queue,queue,per_epoch_trace
squeeze_net_tosa,inputs/task_graph_topology/soda-benchmark-graphs/pytorch-graphs/squeeze_net_tosa.dot,/qfs/people/dass304/dass304/HWSWpartition/hw-sw-partition-metaheur/BatchExperiments/Ablation/diff_gnn_order_lssp_trace/squeeze_net_tosa/seed-42/run-20260412-140630/config/squeeze_net_tosa_seed-42_ablation.yaml,train,epoch,train,thresholded_partition,threshold,93,93.0,0,93,False,False,5934.42724609375,12411.893960884066,13055.12393825789,nan,nan,True,91,4594.306408260287,4831.909135635894,0.8326,0.8512,26680.361328125,0.49550044536590576,nan,queue,queue,per_epoch_trace
squeeze_net_tosa,inputs/task_graph_topology/soda-benchmark-graphs/pytorch-graphs/squeeze_net_tosa.dot,/qfs/people/dass304/dass304/HWSWpartition/hw-sw-partition-metaheur/BatchExperiments/Ablation/diff_gnn_order_lssp_trace/squeeze_net_tosa/seed-42/run-20260412-140630/config/squeeze_net_tosa_seed-42_ablation.yaml,train,epoch,train,thresholded_partition,threshold,94,94.0,0,94,False,False,5666.71923828125,12655.890659215687,13642.95089022494,nan,nan,False,91,5067.130827170469,4831.909135635894,0.8308,0.8496,6155.8427734375,0.5000563263893127,nan,queue,queue,per_epoch_trace
squeeze_net_tosa,inputs/task_graph_topology/soda-benchmark-graphs/pytorch-graphs/squeeze_net_tosa.dot,/qfs/people/dass304/dass304/HWSWpartition/hw-sw-partition-metaheur/BatchExperiments/Ablation/diff_gnn_order_lssp_trace/squeeze_net_tosa/seed-42/run-20260412-140630/config/squeeze_net_tosa_seed-42_ablation.yaml,train,epoch,train,thresholded_partition,threshold,95,95.0,0,95,False,False,5837.45654296875,12161.443032969402,12495.011797454943,nan,nan,False,85,5075.784913537011,4831.909135635894,0.829,0.848,29200.005859375,0.5047821998596191,nan,queue,queue,per_epoch_trace
squeeze_net_tosa,inputs/task_graph_topology/soda-benchmark-graphs/pytorch-graphs/squeeze_net_tosa.dot,/qfs/people/dass304/dass304/HWSWpartition/hw-sw-partition-metaheur/BatchExperiments/Ablation/diff_gnn_order_lssp_trace/squeeze_net_tosa/seed-42/run-20260412-140630/config/squeeze_net_tosa_seed-42_ablation.yaml,train,epoch,train,thresholded_partition,threshold,96,96.0,0,96,False,False,5968.25244140625,12796.83560809185,13242.633603742726,nan,nan,True,88,4719.0409223650195,4831.909135635894,0.8271999999999999,0.8464,8694.0341796875,0.5014901161193848,nan,queue,queue,per_epoch_trace
squeeze_net_tosa,inputs/task_graph_topology/soda-benchmark-graphs/pytorch-graphs/squeeze_net_tosa.dot,/qfs/people/dass304/dass304/HWSWpartition/hw-sw-partition-metaheur/BatchExperiments/Ablation/diff_gnn_order_lssp_trace/squeeze_net_tosa/seed-42/run-20260412-140630/config/squeeze_net_tosa_seed-42_ablation.yaml,train,epoch,train,thresholded_partition,threshold,97,97.0,0,97,False,False,5899.6455078125,13279.264746286553,13780.01986341911,nan,nan,False,90,5190.983089926967,4831.909135635894,0.8254,0.8448,11706.73046875,0.502302348613739,nan,queue,queue,per_epoch_trace
squeeze_net_tosa,inputs/task_graph_topology/soda-benchmark-graphs/pytorch-graphs/squeeze_net_tosa.dot,/qfs/people/dass304/dass304/HWSWpartition/hw-sw-partition-metaheur/BatchExperiments/Ablation/diff_gnn_order_lssp_trace/squeeze_net_tosa/seed-42/run-20260412-140630/config/squeeze_net_tosa_seed-42_ablation.yaml,train,epoch,train,thresholded_partition,threshold,98,98.0,0,98,False,False,5792.46533203125,11335.742082383067,11819.114660466368,nan,nan,True,79,4208.787305046672,4831.909135635894,0.8236,0.8432,6286.92724609375,0.500085711479187,nan,queue,queue,per_epoch_trace
squeeze_net_tosa,inputs/task_graph_topology/soda-benchmark-graphs/pytorch-graphs/squeeze_net_tosa.dot,/qfs/people/dass304/dass304/HWSWpartition/hw-sw-partition-metaheur/BatchExperiments/Ablation/diff_gnn_order_lssp_trace/squeeze_net_tosa/seed-42/run-20260412-140630/config/squeeze_net_tosa_seed-42_ablation.yaml,train,epoch,train,thresholded_partition,threshold,99,99.0,0,99,False,False,5796.64794921875,13110.223666429636,14326.213671134106,nan,nan,False,89,4899.644763754792,4831.909135635894,0.8218,0.8416,8894.4072265625,0.5016126036643982,nan,queue,queue,per_epoch_trace
squeeze_net_tosa,inputs/task_graph_topology/soda-benchmark-graphs/pytorch-graphs/squeeze_net_tosa.dot,/qfs/people/dass304/dass304/HWSWpartition/hw-sw-partition-metaheur/BatchExperiments/Ablation/diff_gnn_order_lssp_trace/squeeze_net_tosa/seed-42/run-20260412-140630/config/squeeze_net_tosa_seed-42_ablation.yaml,train,epoch,train,thresholded_partition,threshold,100,100.0,0,100,False,False,5756.1142578125,11566.318040258666,12017.31883836701,nan,nan,False,87,5023.4334425488205,4831.909135635894,0.82,0.84,20492.892578125,0.5037745237350464,nan,queue,queue,per_epoch_trace
squeeze_net_tosa,inputs/task_graph_topology/soda-benchmark-graphs/pytorch-graphs/squeeze_net_tosa.dot,/qfs/people/dass304/dass304/HWSWpartition/hw-sw-partition-metaheur/BatchExperiments/Ablation/diff_gnn_order_lssp_trace/squeeze_net_tosa/seed-42/run-20260412-140630/config/squeeze_net_tosa_seed-42_ablation.yaml,train,epoch,train,thresholded_partition,threshold,101,101.0,0,101,False,False,5755.38623046875,13223.681081457054,13766.582565158084,nan,nan,False,86,4951.490569850344,4831.909135635894,0.8182,0.8384,17392.328125,0.5033395290374756,nan,queue,queue,per_epoch_trace
squeeze_net_tosa,inputs/task_graph_topology/soda-benchmark-graphs/pytorch-graphs/squeeze_net_tosa.dot,/qfs/people/dass304/dass304/HWSWpartition/hw-sw-partition-metaheur/BatchExperiments/Ablation/diff_gnn_order_lssp_trace/squeeze_net_tosa/seed-42/run-20260412-140630/config/squeeze_net_tosa_seed-42_ablation.yaml,train,epoch,train,thresholded_partition,threshold,102,102.0,0,102,False,False,5784.94921875,11829.852125946587,12256.632712701019,nan,nan,True,88,4459.390238412576,4831.909135635894,0.8164,0.8368,10550.59375,0.4979332387447357,nan,queue,queue,per_epoch_trace
squeeze_net_tosa,inputs/task_graph_topology/soda-benchmark-graphs/pytorch-graphs/squeeze_net_tosa.dot,/qfs/people/dass304/dass304/HWSWpartition/hw-sw-partition-metaheur/BatchExperiments/Ablation/diff_gnn_order_lssp_trace/squeeze_net_tosa/seed-42/run-20260412-140630/config/squeeze_net_tosa_seed-42_ablation.yaml,train,epoch,train,thresholded_partition,threshold,103,103.0,0,103,False,False,5772.53955078125,11639.719904990508,12414.22224646056,nan,nan,False,91,4901.49400250234,4831.909135635894,0.8146,0.8351999999999999,7951.8115234375,0.49869856238365173,nan,queue,queue,per_epoch_trace
squeeze_net_tosa,inputs/task_graph_topology/soda-benchmark-graphs/pytorch-graphs/squeeze_net_tosa.dot,/qfs/people/dass304/dass304/HWSWpartition/hw-sw-partition-metaheur/BatchExperiments/Ablation/diff_gnn_order_lssp_trace/squeeze_net_tosa/seed-42/run-20260412-140630/config/squeeze_net_tosa_seed-42_ablation.yaml,train,epoch,train,thresholded_partition,threshold,104,104.0,0,104,False,False,5635.86181640625,11181.088518665963,11710.22536935285,nan,nan,False,91,4881.788177523317,4831.909135635894,0.8128,0.8336,6973.44482421875,0.5009296536445618,nan,queue,queue,per_epoch_trace
squeeze_net_tosa,inputs/task_graph_topology/soda-benchmark-graphs/pytorch-graphs/squeeze_net_tosa.dot,/qfs/people/dass304/dass304/HWSWpartition/hw-sw-partition-metaheur/BatchExperiments/Ablation/diff_gnn_order_lssp_trace/squeeze_net_tosa/seed-42/run-20260412-140630/config/squeeze_net_tosa_seed-42_ablation.yaml,train,epoch,train,thresholded_partition,threshold,105,105.0,0,105,False,False,5784.07763671875,12275.90578744329,12559.076820183058,nan,nan,True,82,4228.614986918566,4831.909135635894,0.8109999999999999,0.832,6684.97314453125,0.4993581473827362,nan,queue,queue,per_epoch_trace
squeeze_net_tosa,inputs/task_graph_topology/soda-benchmark-graphs/pytorch-graphs/squeeze_net_tosa.dot,/qfs/people/dass304/dass304/HWSWpartition/hw-sw-partition-metaheur/BatchExperiments/Ablation/diff_gnn_order_lssp_trace/squeeze_net_tosa/seed-42/run-20260412-140630/config/squeeze_net_tosa_seed-42_ablation.yaml,train,epoch,train,thresholded_partition,threshold,106,106.0,0,106,False,False,5723.787109375,13039.370632495038,13864.820892365857,nan,nan,False,91,4980.297035842553,4831.909135635894,0.8092,0.8304,6433.97607421875,0.49953240156173706,nan,queue,queue,per_epoch_trace
squeeze_net_tosa,inputs/task_graph_topology/soda-benchmark-graphs/pytorch-graphs/squeeze_net_tosa.dot,/qfs/people/dass304/dass304/HWSWpartition/hw-sw-partition-metaheur/BatchExperiments/Ablation/diff_gnn_order_lssp_trace/squeeze_net_tosa/seed-42/run-20260412-140630/config/squeeze_net_tosa_seed-42_ablation.yaml,train,epoch,train,thresholded_partition,threshold,107,107.0,0,107,False,False,5673.21826171875,9717.093247034012,9888.20789532647,nan,nan,False,92,4940.733528261102,4831.909135635894,0.8074,0.8288,10817.0615234375,0.4978415369987488,nan,queue,queue,per_epoch_trace
squeeze_net_tosa,inputs/task_graph_topology/soda-benchmark-graphs/pytorch-graphs/squeeze_net_tosa.dot,/qfs/people/dass304/dass304/HWSWpartition/hw-sw-partition-metaheur/BatchExperiments/Ablation/diff_gnn_order_lssp_trace/squeeze_net_tosa/seed-42/run-20260412-140630/config/squeeze_net_tosa_seed-42_ablation.yaml,train,epoch,train,thresholded_partition,threshold,108,108.0,0,108,False,False,5651.3056640625,12268.047957399438,12345.31833839935,nan,nan,True,85,4459.277971089914,4831.909135635894,0.8056,0.8271999999999999,6223.8935546875,0.49969860911369324,nan,queue,queue,per_epoch_trace
squeeze_net_tosa,inputs/task_graph_topology/soda-benchmark-graphs/pytorch-graphs/squeeze_net_tosa.dot,/qfs/people/dass304/dass304/HWSWpartition/hw-sw-partition-metaheur/BatchExperiments/Ablation/diff_gnn_order_lssp_trace/squeeze_net_tosa/seed-42/run-20260412-140630/config/squeeze_net_tosa_seed-42_ablation.yaml,train,epoch,train,thresholded_partition,threshold,109,109.0,0,109,False,False,5800.39794921875,13257.772676587223,13639.12818579488,nan,nan,False,93,5337.636287363939,4831.909135635894,0.8038,0.8256,29931.287109375,0.504859447479248,nan,queue,queue,per_epoch_trace
squeeze_net_tosa,inputs/task_graph_topology/soda-benchmark-graphs/pytorch-graphs/squeeze_net_tosa.dot,/qfs/people/dass304/dass304/HWSWpartition/hw-sw-partition-metaheur/BatchExperiments/Ablation/diff_gnn_order_lssp_trace/squeeze_net_tosa/seed-42/run-20260412-140630/config/squeeze_net_tosa_seed-42_ablation.yaml,train,epoch,train,thresholded_partition,threshold,110,110.0,0,110,False,False,5632.30517578125,10410.839723065315,10784.672693572049,nan,nan,True,76,4129.6245390711765,4831.909135635894,0.802,0.824,7145.8623046875,0.49898335337638855,nan,queue,queue,per_epoch_trace
squeeze_net_tosa,inputs/task_graph_topology/soda-benchmark-graphs/pytorch-graphs/squeeze_net_tosa.dot,/qfs/people/dass304/dass304/HWSWpartition/hw-sw-partition-metaheur/BatchExperiments/Ablation/diff_gnn_order_lssp_trace/squeeze_net_tosa/seed-42/run-20260412-140630/config/squeeze_net_tosa_seed-42_ablation.yaml,train,epoch,train,thresholded_partition,threshold,111,111.0,0,111,False,False,5643.8798828125,10014.000084144893,10570.978495020181,nan,nan,True,82,4494.0401671091195,4831.909135635894,0.8002,0.8224,6391.53955078125,0.4994726777076721,nan,queue,queue,per_epoch_trace
squeeze_net_tosa,inputs/task_graph_topology/soda-benchmark-graphs/pytorch-graphs/squeeze_net_tosa.dot,/qfs/people/dass304/dass304/HWSWpartition/hw-sw-partition-metaheur/BatchExperiments/Ablation/diff_gnn_order_lssp_trace/squeeze_net_tosa/seed-42/run-20260412-140630/config/squeeze_net_tosa_seed-42_ablation.yaml,train,epoch,train,thresholded_partition,threshold,112,112.0,0,112,False,False,5695.8984375,9657.565208659926,10723.427220313713,nan,nan,True,86,4378.470192959393,4831.909135635894,0.7984,0.8208,7612.99853515625,0.49879905581474304,nan,queue,queue,per_epoch_trace
squeeze_net_tosa,inputs/task_graph_topology/soda-benchmark-graphs/pytorch-graphs/squeeze_net_tosa.dot,/qfs/people/dass304/dass304/HWSWpartition/hw-sw-partition-metaheur/BatchExperiments/Ablation/diff_gnn_order_lssp_trace/squeeze_net_tosa/seed-42/run-20260412-140630/config/squeeze_net_tosa_seed-42_ablation.yaml,train,epoch,train,thresholded_partition,threshold,113,113.0,0,113,False,False,5591.74609375,12152.615426981529,13028.69183962049,nan,nan,False,95,4851.229877401627,4831.909135635894,0.7966,0.8191999999999999,40325.6328125,0.49414655566215515,nan,queue,queue,per_epoch_trace
squeeze_net_tosa,inputs/task_graph_topology/soda-benchmark-graphs/pytorch-graphs/squeeze_net_tosa.dot,/qfs/people/dass304/dass304/HWSWpartition/hw-sw-partition-metaheur/BatchExperiments/Ablation/diff_gnn_order_lssp_trace/squeeze_net_tosa/seed-42/run-20260412-140630/config/squeeze_net_tosa_seed-42_ablation.yaml,train,epoch,train,thresholded_partition,threshold,114,114.0,0,114,False,False,5858.3134765625,12301.328233836026,13242.598029930601,nan,nan,False,88,5060.784525585896,4831.909135635894,0.7948,0.8176,6789.76318359375,0.49934592843055725,nan,queue,queue,per_epoch_trace
squeeze_net_tosa,inputs/task_graph_topology/soda-benchmark-graphs/pytorch-graphs/squeeze_net_tosa.dot,/qfs/people/dass304/dass304/HWSWpartition/hw-sw-partition-metaheur/BatchExperiments/Ablation/diff_gnn_order_lssp_trace/squeeze_net_tosa/seed-42/run-20260412-140630/config/squeeze_net_tosa_seed-42_ablation.yaml,train,epoch,train,thresholded_partition,threshold,115,115.0,0,115,False,False,5732.078125,11236.597215160087,12253.597780104326,nan,nan,False,96,4833.601255311569,4831.909135635894,0.7929999999999999,0.816,26167.8828125,0.4955325126647949,nan,queue,queue,per_epoch_trace
squeeze_net_tosa,inputs/task_graph_topology/soda-benchmark-graphs/pytorch-graphs/squeeze_net_tosa.dot,/qfs/people/dass304/dass304/HWSWpartition/hw-sw-partition-metaheur/BatchExperiments/Ablation/diff_gnn_order_lssp_trace/squeeze_net_tosa/seed-42/run-20260412-140630/config/squeeze_net_tosa_seed-42_ablation.yaml,train,epoch,train,thresholded_partition,threshold,116,116.0,0,116,False,False,5703.0205078125,10999.20676099649,11658.259153009447,nan,nan,True,89,4775.690692836499,4831.909135635894,0.7912,0.8144,7766.587890625,0.4987408518791199,nan,queue,queue,per_epoch_trace
squeeze_net_tosa,inputs/task_graph_topology/soda-benchmark-graphs/pytorch-graphs/squeeze_net_tosa.dot,/qfs/people/dass304/dass304/HWSWpartition/hw-sw-partition-metaheur/BatchExperiments/Ablation/diff_gnn_order_lssp_trace/squeeze_net_tosa/seed-42/run-20260412-140630/config/squeeze_net_tosa_seed-42_ablation.yaml,train,epoch,train,thresholded_partition,threshold,117,117.0,0,117,False,False,5559.330078125,13310.322231883047,14010.645854459113,nan,nan,True,85,4637.731239972993,4831.909135635894,0.7894,0.8128,8792.1298828125,0.4983442723751068,nan,queue,queue,per_epoch_trace
squeeze_net_tosa,inputs/task_graph_topology/soda-benchmark-graphs/pytorch-graphs/squeeze_net_tosa.dot,/qfs/people/dass304/dass304/HWSWpartition/hw-sw-partition-metaheur/BatchExperiments/Ablation/diff_gnn_order_lssp_trace/squeeze_net_tosa/seed-42/run-20260412-140630/config/squeeze_net_tosa_seed-42_ablation.yaml,train,epoch,train,thresholded_partition,threshold,118,118.0,0,118,False,False,5679.3564453125,12735.368839146937,12854.511744208185,nan,nan,False,91,5045.403769584207,4831.909135635894,0.7876,0.8112,13754.025390625,0.5027565956115723,nan,queue,queue,per_epoch_trace
squeeze_net_tosa,inputs/task_graph_topology/soda-benchmark-graphs/pytorch-graphs/squeeze_net_tosa.dot,/qfs/people/dass304/dass304/HWSWpartition/hw-sw-partition-metaheur/BatchExperiments/Ablation/diff_gnn_order_lssp_trace/squeeze_net_tosa/seed-42/run-20260412-140630/config/squeeze_net_tosa_seed-42_ablation.yaml,train,epoch,train,thresholded_partition,threshold,119,119.0,0,119,False,False,5611.6376953125,11307.21229376341,11606.9483304159,nan,nan,False,99,5506.959041267849,4831.909135635894,0.7858,0.8096,20971.712890625,0.5038571953773499,nan,queue,queue,per_epoch_trace
squeeze_net_tosa,inputs/task_graph_topology/soda-benchmark-graphs/pytorch-graphs/squeeze_net_tosa.dot,/qfs/people/dass304/dass304/HWSWpartition/hw-sw-partition-metaheur/BatchExperiments/Ablation/diff_gnn_order_lssp_trace/squeeze_net_tosa/seed-42/run-20260412-140630/config/squeeze_net_tosa_seed-42_ablation.yaml,train,epoch,train,thresholded_partition,threshold,120,120.0,0,120,False,False,5741.8056640625,11531.19736813437,11726.279871787421,nan,nan,False,97,5251.566868295052,4831.909135635894,0.784,0.808,6955.037109375,0.49914437532424927,nan,queue,queue,per_epoch_trace
squeeze_net_tosa,inputs/task_graph_topology/soda-benchmark-graphs/pytorch-graphs/squeeze_net_tosa.dot,/qfs/people/dass304/dass304/HWSWpartition/hw-sw-partition-metaheur/BatchExperiments/Ablation/diff_gnn_order_lssp_trace/squeeze_net_tosa/seed-42/run-20260412-140630/config/squeeze_net_tosa_seed-42_ablation.yaml,train,epoch,train,thresholded_partition,threshold,121,121.0,0,121,False,False,5690.18359375,11229.681931465771,11996.844131240035,nan,nan,False,91,4906.464301199948,4831.909135635894,0.7822,0.8064,8149.15673828125,0.5014050602912903,nan,queue,queue,per_epoch_trace
squeeze_net_tosa,inputs/task_graph_topology/soda-benchmark-graphs/pytorch-graphs/squeeze_net_tosa.dot,/qfs/people/dass304/dass304/HWSWpartition/hw-sw-partition-metaheur/BatchExperiments/Ablation/diff_gnn_order_lssp_trace/squeeze_net_tosa/seed-42/run-20260412-140630/config/squeeze_net_tosa_seed-42_ablation.yaml,train,epoch,train,thresholded_partition,threshold,122,122.0,0,122,False,False,5851.60400390625,12272.978921957245,12663.201711687652,nan,nan,False,87,5021.590857671256,4831.909135635894,0.7804,0.8048,15391.037109375,0.5030085444450378,nan,queue,queue,per_epoch_trace
squeeze_net_tosa,inputs/task_graph_topology/soda-benchmark-graphs/pytorch-graphs/squeeze_net_tosa.dot,/qfs/people/dass304/dass304/HWSWpartition/hw-sw-partition-metaheur/BatchExperiments/Ablation/diff_gnn_order_lssp_trace/squeeze_net_tosa/seed-42/run-20260412-140630/config/squeeze_net_tosa_seed-42_ablation.yaml,train,epoch,train,thresholded_partition,threshold,123,123.0,0,123,False,False,5670.7822265625,10607.933066156436,11211.22213589144,nan,nan,False,94,5243.842464099947,4831.909135635894,0.7786,0.8032,7731.5986328125,0.5012556910514832,nan,queue,queue,per_epoch_trace
squeeze_net_tosa,inputs/task_graph_topology/soda-benchmark-graphs/pytorch-graphs/squeeze_net_tosa.dot,/qfs/people/dass304/dass304/HWSWpartition/hw-sw-partition-metaheur/BatchExperiments/Ablation/diff_gnn_order_lssp_trace/squeeze_net_tosa/seed-42/run-20260412-140630/config/squeeze_net_tosa_seed-42_ablation.yaml,train,epoch,train,thresholded_partition,threshold,124,124.0,0,124,False,False,5591.0556640625,11989.932439665803,13145.486873911294,nan,nan,False,87,5149.503450610941,4831.909135635894,0.7767999999999999,0.8016,8457.146484375,0.5015472769737244,nan,queue,queue,per_epoch_trace
squeeze_net_tosa,inputs/task_graph_topology/soda-benchmark-graphs/pytorch-graphs/squeeze_net_tosa.dot,/qfs/people/dass304/dass304/HWSWpartition/hw-sw-partition-metaheur/BatchExperiments/Ablation/diff_gnn_order_lssp_trace/squeeze_net_tosa/seed-42/run-20260412-140630/config/squeeze_net_tosa_seed-42_ablation.yaml,train,epoch,train,thresholded_partition,threshold,125,125.0,0,125,False,False,5656.669921875,11213.77479752981,12010.179846811521,nan,nan,False,96,5144.690243291468,4831.909135635894,0.775,0.8,6394.9833984375,0.4994945228099823,nan,queue,queue,per_epoch_trace
squeeze_net_tosa,inputs/task_graph_topology/soda-benchmark-graphs/pytorch-graphs/squeeze_net_tosa.dot,/qfs/people/dass304/dass304/HWSWpartition/hw-sw-partition-metaheur/BatchExperiments/Ablation/diff_gnn_order_lssp_trace/squeeze_net_tosa/seed-42/run-20260412-140630/config/squeeze_net_tosa_seed-42_ablation.yaml,train,epoch,train,thresholded_partition,threshold,126,126.0,0,126,False,False,5788.08251953125,12254.845695922535,12612.594973006268,nan,nan,True,84,4626.830459207473,4831.909135635894,0.7732,0.7984,7432.21728515625,0.5010712742805481,nan,queue,queue,per_epoch_trace
squeeze_net_tosa,inputs/task_graph_topology/soda-benchmark-graphs/pytorch-graphs/squeeze_net_tosa.dot,/qfs/people/dass304/dass304/HWSWpartition/hw-sw-partition-metaheur/BatchExperiments/Ablation/diff_gnn_order_lssp_trace/squeeze_net_tosa/seed-42/run-20260412-140630/config/squeeze_net_tosa_seed-42_ablation.yaml,train,epoch,train,thresholded_partition,threshold,127,127.0,0,127,False,False,5693.84326171875,11384.314263896853,11585.441755366595,nan,nan,True,89,4821.687447175286,4831.909135635894,0.7714,0.7968,6315.13818359375,0.4996510446071625,nan,queue,queue,per_epoch_trace
squeeze_net_tosa,inputs/task_graph_topology/soda-benchmark-graphs/pytorch-graphs/squeeze_net_tosa.dot,/qfs/people/dass304/dass304/HWSWpartition/hw-sw-partition-metaheur/BatchExperiments/Ablation/diff_gnn_order_lssp_trace/squeeze_net_tosa/seed-42/run-20260412-140630/config/squeeze_net_tosa_seed-42_ablation.yaml,train,epoch,train,thresholded_partition,threshold,128,128.0,0,128,False,False,5443.7626953125,12013.54301674159,12648.819751313582,nan,nan,False,87,4953.926459089709,4831.909135635894,0.7696,0.7952,6692.11328125,0.5008883476257324,nan,queue,queue,per_epoch_trace
squeeze_net_tosa,inputs/task_graph_topology/soda-benchmark-graphs/pytorch-graphs/squeeze_net_tosa.dot,/qfs/people/dass304/dass304/HWSWpartition/hw-sw-partition-metaheur/BatchExperiments/Ablation/diff_gnn_order_lssp_trace/squeeze_net_tosa/seed-42/run-20260412-140630/config/squeeze_net_tosa_seed-42_ablation.yaml,train,epoch,train,thresholded_partition,threshold,129,129.0,0,129,False,False,5785.71044921875,10590.548653336968,11232.146127822976,nan,nan,False,93,5378.869123094284,4831.909135635894,0.7678,0.7936,31015.541015625,0.5049745440483093,nan,queue,queue,per_epoch_trace
squeeze_net_tosa,inputs/task_graph_topology/soda-benchmark-graphs/pytorch-graphs/squeeze_net_tosa.dot,/qfs/people/dass304/dass304/HWSWpartition/hw-sw-partition-metaheur/BatchExperiments/Ablation/diff_gnn_order_lssp_trace/squeeze_net_tosa/seed-42/run-20260412-140630/config/squeeze_net_tosa_seed-42_ablation.yaml,train,epoch,train,thresholded_partition,threshold,130,130.0,0,130,False,False,5679.76123046875,10981.25612291063,12652.733787855099,nan,nan,True,88,4792.5512696225105,4831.909135635894,0.766,0.792,10235.388671875,0.49798083305358887,nan,queue,queue,per_epoch_trace
squeeze_net_tosa,inputs/task_graph_topology/soda-benchmark-graphs/pytorch-graphs/squeeze_net_tosa.dot,/qfs/people/dass304/dass304/HWSWpartition/hw-sw-partition-metaheur/BatchExperiments/Ablation/diff_gnn_order_lssp_trace/squeeze_net_tosa/seed-42/run-20260412-140630/config/squeeze_net_tosa_seed-42_ablation.yaml,train,epoch,train,thresholded_partition,threshold,131,131.0,0,131,False,False,5678.10009765625,12638.62275156191,13172.56754591741,nan,nan,False,101,5926.53725637095,4831.909135635894,0.7642,0.7904,13167.931640625,0.502646267414093,nan,queue,queue,per_epoch_trace
squeeze_net_tosa,inputs/task_graph_topology/soda-benchmark-graphs/pytorch-graphs/squeeze_net_tosa.dot,/qfs/people/dass304/dass304/HWSWpartition/hw-sw-partition-metaheur/BatchExperiments/Ablation/diff_gnn_order_lssp_trace/squeeze_net_tosa/seed-42/run-20260412-140630/config/squeeze_net_tosa_seed-42_ablation.yaml,train,epoch,train,thresholded_partition,threshold,132,132.0,0,132,False,False,5667.42041015625,12944.910375150748,13870.973401434445,nan,nan,True,80,4103.857756131997,4831.909135635894,0.7624,0.7888,6153.3193359375,0.49992844462394714,nan,queue,queue,per_epoch_trace
squeeze_net_tosa,inputs/task_graph_topology/soda-benchmark-graphs/pytorch-graphs/squeeze_net_tosa.dot,/qfs/people/dass304/dass304/HWSWpartition/hw-sw-partition-metaheur/BatchExperiments/Ablation/diff_gnn_order_lssp_trace/squeeze_net_tosa/seed-42/run-20260412-140630/config/squeeze_net_tosa_seed-42_ablation.yaml,train,epoch,train,thresholded_partition,threshold,133,133.0,0,133,False,False,5683.75048828125,13318.886617472945,13923.709976894146,nan,nan,True,94,4579.719066744034,4831.909135635894,0.7605999999999999,0.7872,20416.125,0.4962267577648163,nan,queue,queue,per_epoch_trace
squeeze_net_tosa,inputs/task_graph_topology/soda-benchmark-graphs/pytorch-graphs/squeeze_net_tosa.dot,/qfs/people/dass304/dass304/HWSWpartition/hw-sw-partition-metaheur/BatchExperiments/Ablation/diff_gnn_order_lssp_trace/squeeze_net_tosa/seed-42/run-20260412-140630/config/squeeze_net_tosa_seed-42_ablation.yaml,train,epoch,train,thresholded_partition,threshold,134,134.0,0,134,False,False,5760.53076171875,12531.60931396765,13500.55551578949,nan,nan,True,92,4737.598783885038,4831.909135635894,0.7587999999999999,0.7856,9137.2978515625,0.4983120858669281,nan,queue,queue,per_epoch_trace
squeeze_net_tosa,inputs/task_graph_topology/soda-benchmark-graphs/pytorch-graphs/squeeze_net_tosa.dot,/qfs/people/dass304/dass304/HWSWpartition/hw-sw-partition-metaheur/BatchExperiments/Ablation/diff_gnn_order_lssp_trace/squeeze_net_tosa/seed-42/run-20260412-140630/config/squeeze_net_tosa_seed-42_ablation.yaml,train,epoch,train,thresholded_partition,threshold,135,135.0,0,135,False,False,5906.55908203125,11602.410339702727,12575.52718649245,nan,nan,True,91,4434.670378227535,4831.909135635894,0.757,0.784,41428.421875,0.4940803647041321,nan,queue,queue,per_epoch_trace
squeeze_net_tosa,inputs/task_graph_topology/soda-benchmark-graphs/pytorch-graphs/squeeze_net_tosa.dot,/qfs/people/dass304/dass304/HWSWpartition/hw-sw-partition-metaheur/BatchExperiments/Ablation/diff_gnn_order_lssp_trace/squeeze_net_tosa/seed-42/run-20260412-140630/config/squeeze_net_tosa_seed-42_ablation.yaml,train,epoch,train,thresholded_partition,threshold,136,136.0,0,136,False,False,5770.12841796875,11072.642881983356,11396.811484257985,nan,nan,False,92,5187.733966802623,4831.909135635894,0.7552,0.7824,10478.931640625,0.5020501017570496,nan,queue,queue,per_epoch_trace
squeeze_net_tosa,inputs/task_graph_topology/soda-benchmark-graphs/pytorch-graphs/squeeze_net_tosa.dot,/qfs/people/dass304/dass304/HWSWpartition/hw-sw-partition-metaheur/BatchExperiments/Ablation/diff_gnn_order_lssp_trace/squeeze_net_tosa/seed-42/run-20260412-140630/config/squeeze_net_tosa_seed-42_ablation.yaml,train,epoch,train,thresholded_partition,threshold,137,137.0,0,137,False,False,5533.38623046875,11230.934003050063,11223.437214430773,nan,nan,False,93,4835.087455353447,4831.909135635894,0.7534,0.7807999999999999,12012.19140625,0.49755197763442993,nan,queue,queue,per_epoch_trace
squeeze_net_tosa,inputs/task_graph_topology/soda-benchmark-graphs/pytorch-graphs/squeeze_net_tosa.dot,/qfs/people/dass304/dass304/HWSWpartition/hw-sw-partition-metaheur/BatchExperiments/Ablation/diff_gnn_order_lssp_trace/squeeze_net_tosa/seed-42/run-20260412-140630/config/squeeze_net_tosa_seed-42_ablation.yaml,train,epoch,train,thresholded_partition,threshold,138,138.0,0,138,False,False,5698.67578125,12669.371534146534,13832.34579556277,nan,nan,False,91,4891.678528934944,4831.909135635894,0.7515999999999999,0.7792,6203.66748046875,0.5000914335250854,nan,queue,queue,per_epoch_trace
squeeze_net_tosa,inputs/task_graph_topology/soda-benchmark-graphs/pytorch-graphs/squeeze_net_tosa.dot,/qfs/people/dass304/dass304/HWSWpartition/hw-sw-partition-metaheur/BatchExperiments/Ablation/diff_gnn_order_lssp_trace/squeeze_net_tosa/seed-42/run-20260412-140630/config/squeeze_net_tosa_seed-42_ablation.yaml,train,epoch,train,thresholded_partition,threshold,139,139.0,0,139,False,False,5491.62744140625,11820.122696248112,12455.531151009844,nan,nan,True,86,4618.47596706002,4831.909135635894,0.7498,0.7776,6067.45068359375,0.5003291368484497,nan,queue,queue,per_epoch_trace
squeeze_net_tosa,inputs/task_graph_topology/soda-benchmark-graphs/pytorch-graphs/squeeze_net_tosa.dot,/qfs/people/dass304/dass304/HWSWpartition/hw-sw-partition-metaheur/BatchExperiments/Ablation/diff_gnn_order_lssp_trace/squeeze_net_tosa/seed-42/run-20260412-140630/config/squeeze_net_tosa_seed-42_ablation.yaml,train,epoch,train,thresholded_partition,threshold,140,140.0,0,140,False,False,5616.55908203125,12175.332545101246,13047.435662601518,nan,nan,True,90,4730.605319058892,4831.909135635894,0.748,0.776,6213.00537109375,0.4996400475502014,nan,queue,queue,per_epoch_trace
squeeze_net_tosa,inputs/task_graph_topology/soda-benchmark-graphs/pytorch-graphs/squeeze_net_tosa.dot,/qfs/people/dass304/dass304/HWSWpartition/hw-sw-partition-metaheur/BatchExperiments/Ablation/diff_gnn_order_lssp_trace/squeeze_net_tosa/seed-42/run-20260412-140630/config/squeeze_net_tosa_seed-42_ablation.yaml,train,epoch,train,thresholded_partition,threshold,141,141.0,0,141,False,False,5675.42236328125,10636.365585111642,10675.703479035159,nan,nan,True,92,4830.661824378209,4831.909135635894,0.7462,0.7744,6777.708984375,0.4992264211177826,nan,queue,queue,per_epoch_trace
squeeze_net_tosa,inputs/task_graph_topology/soda-benchmark-graphs/pytorch-graphs/squeeze_net_tosa.dot,/qfs/people/dass304/dass304/HWSWpartition/hw-sw-partition-metaheur/BatchExperiments/Ablation/diff_gnn_order_lssp_trace/squeeze_net_tosa/seed-42/run-20260412-140630/config/squeeze_net_tosa_seed-42_ablation.yaml,train,epoch,train,thresholded_partition,threshold,142,142.0,0,142,False,False,5702.87060546875,10980.694003319479,11128.213810181702,nan,nan,False,92,4967.050395304361,4831.909135635894,0.7444,0.7728,15366.15625,0.4969705045223236,nan,queue,queue,per_epoch_trace
squeeze_net_tosa,inputs/task_graph_topology/soda-benchmark-graphs/pytorch-graphs/squeeze_net_tosa.dot,/qfs/people/dass304/dass304/HWSWpartition/hw-sw-partition-metaheur/BatchExperiments/Ablation/diff_gnn_order_lssp_trace/squeeze_net_tosa/seed-42/run-20260412-140630/config/squeeze_net_tosa_seed-42_ablation.yaml,train,epoch,train,thresholded_partition,threshold,143,143.0,0,143,False,False,5625.15478515625,12171.553662636903,12334.694240378407,nan,nan,False,91,5203.247129308344,4831.909135635894,0.7426,0.7712,7845.93017578125,0.498689740896225,nan,queue,queue,per_epoch_trace
squeeze_net_tosa,inputs/task_graph_topology/soda-benchmark-graphs/pytorch-graphs/squeeze_net_tosa.dot,/qfs/people/dass304/dass304/HWSWpartition/hw-sw-partition-metaheur/BatchExperiments/Ablation/diff_gnn_order_lssp_trace/squeeze_net_tosa/seed-42/run-20260412-140630/config/squeeze_net_tosa_seed-42_ablation.yaml,train,epoch,train,thresholded_partition,threshold,144,144.0,0,144,False,False,5794.60400390625,12109.421415329001,12280.934470956307,nan,nan,False,98,5508.431417477714,4831.909135635894,0.7408,0.7696000000000001,8426.802734375,0.5014532208442688,nan,queue,queue,per_epoch_trace
squeeze_net_tosa,inputs/task_graph_topology/soda-benchmark-graphs/pytorch-graphs/squeeze_net_tosa.dot,/qfs/people/dass304/dass304/HWSWpartition/hw-sw-partition-metaheur/BatchExperiments/Ablation/diff_gnn_order_lssp_trace/squeeze_net_tosa/seed-42/run-20260412-140630/config/squeeze_net_tosa_seed-42_ablation.yaml,train,epoch,train,thresholded_partition,threshold,145,145.0,0,145,False,False,5585.34375,10993.076431677993,11621.88596669967,nan,nan,False,102,5820.151784723344,4831.909135635894,0.739,0.768,29272.044921875,0.504814624786377,nan,queue,queue,per_epoch_trace
squeeze_net_tosa,inputs/task_graph_topology/soda-benchmark-graphs/pytorch-graphs/squeeze_net_tosa.dot,/qfs/people/dass304/dass304/HWSWpartition/hw-sw-partition-metaheur/BatchExperiments/Ablation/diff_gnn_order_lssp_trace/squeeze_net_tosa/seed-42/run-20260412-140630/config/squeeze_net_tosa_seed-42_ablation.yaml,train,epoch,train,thresholded_partition,threshold,146,146.0,0,146,False,False,5746.91552734375,11380.573673346576,12426.370411694777,nan,nan,False,88,5342.814985696702,4831.909135635894,0.7372000000000001,0.7664,26286.705078125,0.5044760704040527,nan,queue,queue,per_epoch_trace
squeeze_net_tosa,inputs/task_graph_topology/soda-benchmark-graphs/pytorch-graphs/squeeze_net_tosa.dot,/qfs/people/dass304/dass304/HWSWpartition/hw-sw-partition-metaheur/BatchExperiments/Ablation/diff_gnn_order_lssp_trace/squeeze_net_tosa/seed-42/run-20260412-140630/config/squeeze_net_tosa_seed-42_ablation.yaml,train,epoch,train,thresholded_partition,threshold,147,147.0,0,147,False,False,5486.2158203125,11200.501569694825,11387.071567110946,nan,nan,True,93,4812.163605411494,4831.909135635894,0.7354,0.7648,7941.31298828125,0.4985925555229187,nan,queue,queue,per_epoch_trace
squeeze_net_tosa,inputs/task_graph_topology/soda-benchmark-graphs/pytorch-graphs/squeeze_net_tosa.dot,/qfs/people/dass304/dass304/HWSWpartition/hw-sw-partition-metaheur/BatchExperiments/Ablation/diff_gnn_order_lssp_trace/squeeze_net_tosa/seed-42/run-20260412-140630/config/squeeze_net_tosa_seed-42_ablation.yaml,train,epoch,train,thresholded_partition,threshold,148,148.0,0,148,False,False,5649.03759765625,10981.704815989162,11653.15901782355,nan,nan,False,94,5225.043110840541,4831.909135635894,0.7336,0.7632,11914.794921875,0.4975961148738861,nan,queue,queue,per_epoch_trace
squeeze_net_tosa,inputs/task_graph_topology/soda-benchmark-graphs/pytorch-graphs/squeeze_net_tosa.dot,/qfs/people/dass304/dass304/HWSWpartition/hw-sw-partition-metaheur/BatchExperiments/Ablation/diff_gnn_order_lssp_trace/squeeze_net_tosa/seed-42/run-20260412-140630/config/squeeze_net_tosa_seed-42_ablation.yaml,train,epoch,train,thresholded_partition,threshold,149,149.0,0,149,False,False,5569.83935546875,11628.428345653803,12169.091367569608,nan,nan,True,89,4703.441425313842,4831.909135635894,0.7318,0.7616,6735.861328125,0.49916863441467285,nan,queue,queue,per_epoch_trace
squeeze_net_tosa,inputs/task_graph_topology/soda-benchmark-graphs/pytorch-graphs/squeeze_net_tosa.dot,/qfs/people/dass304/dass304/HWSWpartition/hw-sw-partition-metaheur/BatchExperiments/Ablation/diff_gnn_order_lssp_trace/squeeze_net_tosa/seed-42/run-20260412-140630/config/squeeze_net_tosa_seed-42_ablation.yaml,train,epoch,train,thresholded_partition,threshold,150,150.0,0,150,False,False,5592.09033203125,14032.063473259368,14330.178125829656,nan,nan,True,91,4815.381118793243,4831.909135635894,0.73,0.76,6518.94189453125,0.5006616115570068,nan,queue,queue,per_epoch_trace
squeeze_net_tosa,inputs/task_graph_topology/soda-benchmark-graphs/pytorch-graphs/squeeze_net_tosa.dot,/qfs/people/dass304/dass304/HWSWpartition/hw-sw-partition-metaheur/BatchExperiments/Ablation/diff_gnn_order_lssp_trace/squeeze_net_tosa/seed-42/run-20260412-140630/config/squeeze_net_tosa_seed-42_ablation.yaml,train,epoch,train,thresholded_partition,threshold,151,151.0,0,151,False,False,5603.96826171875,11322.871377336682,12063.62272219075,nan,nan,False,95,5354.47869283621,4831.909135635894,0.7282,0.7584,13445.875,0.5027114748954773,nan,queue,queue,per_epoch_trace
squeeze_net_tosa,inputs/task_graph_topology/soda-benchmark-graphs/pytorch-graphs/squeeze_net_tosa.dot,/qfs/people/dass304/dass304/HWSWpartition/hw-sw-partition-metaheur/BatchExperiments/Ablation/diff_gnn_order_lssp_trace/squeeze_net_tosa/seed-42/run-20260412-140630/config/squeeze_net_tosa_seed-42_ablation.yaml,train,epoch,train,thresholded_partition,threshold,152,152.0,0,152,False,False,5686.9697265625,9807.940040089983,10040.048413206929,nan,nan,False,93,5286.024911213454,4831.909135635894,0.7263999999999999,0.7568,6167.302734375,0.5000337958335876,nan,queue,queue,per_epoch_trace
squeeze_net_tosa,inputs/task_graph_topology/soda-benchmark-graphs/pytorch-graphs/squeeze_net_tosa.dot,/qfs/people/dass304/dass304/HWSWpartition/hw-sw-partition-metaheur/BatchExperiments/Ablation/diff_gnn_order_lssp_trace/squeeze_net_tosa/seed-42/run-20260412-140630/config/squeeze_net_tosa_seed-42_ablation.yaml,train,epoch,train,thresholded_partition,threshold,153,153.0,0,153,False,False,5515.92138671875,11722.527803075753,12192.414036473916,nan,nan,False,96,5522.418992123687,4831.909135635894,0.7246,0.7552,24094.853515625,0.5042566657066345,nan,queue,queue,per_epoch_trace
squeeze_net_tosa,inputs/task_graph_topology/soda-benchmark-graphs/pytorch-graphs/squeeze_net_tosa.dot,/qfs/people/dass304/dass304/HWSWpartition/hw-sw-partition-metaheur/BatchExperiments/Ablation/diff_gnn_order_lssp_trace/squeeze_net_tosa/seed-42/run-20260412-140630/config/squeeze_net_tosa_seed-42_ablation.yaml,train,epoch,train,thresholded_partition,threshold,154,154.0,0,154,False,False,5576.07177734375,10558.151140039849,10771.838037105561,nan,nan,False,90,5045.635564458476,4831.909135635894,0.7228,0.7536,8875.23828125,0.5016723871231079,nan,queue,queue,per_epoch_trace
squeeze_net_tosa,inputs/task_graph_topology/soda-benchmark-graphs/pytorch-graphs/squeeze_net_tosa.dot,/qfs/people/dass304/dass304/HWSWpartition/hw-sw-partition-metaheur/BatchExperiments/Ablation/diff_gnn_order_lssp_trace/squeeze_net_tosa/seed-42/run-20260412-140630/config/squeeze_net_tosa_seed-42_ablation.yaml,train,epoch,train,thresholded_partition,threshold,155,155.0,0,155,False,False,5564.701171875,11739.093616912742,12195.872001928654,nan,nan,False,101,5621.289098610244,4831.909135635894,0.721,0.752,6591.30615234375,0.500746488571167,nan,queue,queue,per_epoch_trace
squeeze_net_tosa,inputs/task_graph_topology/soda-benchmark-graphs/pytorch-graphs/squeeze_net_tosa.dot,/qfs/people/dass304/dass304/HWSWpartition/hw-sw-partition-metaheur/BatchExperiments/Ablation/diff_gnn_order_lssp_trace/squeeze_net_tosa/seed-42/run-20260412-140630/config/squeeze_net_tosa_seed-42_ablation.yaml,train,epoch,train,thresholded_partition,threshold,156,156.0,0,156,False,False,5553.33984375,11212.385213383372,11659.565234651061,nan,nan,True,84,4814.511044509592,4831.909135635894,0.7192000000000001,0.7504,13407.6181640625,0.502717912197113,nan,queue,queue,per_epoch_trace
squeeze_net_tosa,inputs/task_graph_topology/soda-benchmark-graphs/pytorch-graphs/squeeze_net_tosa.dot,/qfs/people/dass304/dass304/HWSWpartition/hw-sw-partition-metaheur/BatchExperiments/Ablation/diff_gnn_order_lssp_trace/squeeze_net_tosa/seed-42/run-20260412-140630/config/squeeze_net_tosa_seed-42_ablation.yaml,train,epoch,train,thresholded_partition,threshold,157,157.0,0,157,False,False,5428.68017578125,11904.824747111375,12111.21014641164,nan,nan,False,101,5714.026359260909,4831.909135635894,0.7174,0.7487999999999999,6525.134765625,0.5007914304733276,nan,queue,queue,per_epoch_trace
squeeze_net_tosa,inputs/task_graph_topology/soda-benchmark-graphs/pytorch-graphs/squeeze_net_tosa.dot,/qfs/people/dass304/dass304/HWSWpartition/hw-sw-partition-metaheur/BatchExperiments/Ablation/diff_gnn_order_lssp_trace/squeeze_net_tosa/seed-42/run-20260412-140630/config/squeeze_net_tosa_seed-42_ablation.yaml,train,epoch,train,thresholded_partition,threshold,158,158.0,0,158,False,False,5629.42041015625,11090.226952025629,11889.27660994599,nan,nan,True,92,4808.827932754297,4831.909135635894,0.7156,0.7472,13298.4326171875,0.49731701612472534,nan,queue,queue,per_epoch_trace
squeeze_net_tosa,inputs/task_graph_topology/soda-benchmark-graphs/pytorch-graphs/squeeze_net_tosa.dot,/qfs/people/dass304/dass304/HWSWpartition/hw-sw-partition-metaheur/BatchExperiments/Ablation/diff_gnn_order_lssp_trace/squeeze_net_tosa/seed-42/run-20260412-140630/config/squeeze_net_tosa_seed-42_ablation.yaml,train,epoch,train,thresholded_partition,threshold,159,159.0,0,159,False,False,5607.43701171875,11491.378940920393,11915.039577378406,nan,nan,True,88,4621.664008789492,4831.909135635894,0.7138,0.7456,8101.9765625,0.49858221411705017,nan,queue,queue,per_epoch_trace
squeeze_net_tosa,inputs/task_graph_topology/soda-benchmark-graphs/pytorch-graphs/squeeze_net_tosa.dot,/qfs/people/dass304/dass304/HWSWpartition/hw-sw-partition-metaheur/BatchExperiments/Ablation/diff_gnn_order_lssp_trace/squeeze_net_tosa/seed-42/run-20260412-140630/config/squeeze_net_tosa_seed-42_ablation.yaml,train,epoch,train,thresholded_partition,threshold,160,160.0,0,160,False,False,5550.9423828125,12474.539156242505,12659.273823711843,nan,nan,True,83,4117.428126160291,4831.909135635894,0.712,0.744,17823.73828125,0.49656569957733154,nan,queue,queue,per_epoch_trace
squeeze_net_tosa,inputs/task_graph_topology/soda-benchmark-graphs/pytorch-graphs/squeeze_net_tosa.dot,/qfs/people/dass304/dass304/HWSWpartition/hw-sw-partition-metaheur/BatchExperiments/Ablation/diff_gnn_order_lssp_trace/squeeze_net_tosa/seed-42/run-20260412-140630/config/squeeze_net_tosa_seed-42_ablation.yaml,train,epoch,train,thresholded_partition,threshold,161,161.0,0,161,False,False,5522.9853515625,10645.401593496457,11199.333416913729,nan,nan,True,89,4485.039467128758,4831.909135635894,0.7101999999999999,0.7424,19158.640625,0.49637046456336975,nan,queue,queue,per_epoch_trace
squeeze_net_tosa,inputs/task_graph_topology/soda-benchmark-graphs/pytorch-graphs/squeeze_net_tosa.dot,/qfs/people/dass304/dass304/HWSWpartition/hw-sw-partition-metaheur/BatchExperiments/Ablation/diff_gnn_order_lssp_trace/squeeze_net_tosa/seed-42/run-20260412-140630/config/squeeze_net_tosa_seed-42_ablation.yaml,train,epoch,train,thresholded_partition,threshold,162,162.0,0,162,False,False,5463.208984375,11396.782447922087,11663.147219043862,nan,nan,True,87,4560.272120995907,4831.909135635894,0.7083999999999999,0.7407999999999999,9390.58984375,0.49813878536224365,nan,queue,queue,per_epoch_trace
squeeze_net_tosa,inputs/task_graph_topology/soda-benchmark-graphs/pytorch-graphs/squeeze_net_tosa.dot,/qfs/people/dass304/dass304/HWSWpartition/hw-sw-partition-metaheur/BatchExperiments/Ablation/diff_gnn_order_lssp_trace/squeeze_net_tosa/seed-42/run-20260412-140630/config/squeeze_net_tosa_seed-42_ablation.yaml,train,epoch,train,thresholded_partition,threshold,163,163.0,0,163,False,False,5543.90966796875,10919.157893842288,11483.81064258199,nan,nan,True,86,4497.327239506599,4831.909135635894,0.7066,0.7392,7698.15576171875,0.4987024664878845,nan,queue,queue,per_epoch_trace
squeeze_net_tosa,inputs/task_graph_topology/soda-benchmark-graphs/pytorch-graphs/squeeze_net_tosa.dot,/qfs/people/dass304/dass304/HWSWpartition/hw-sw-partition-metaheur/BatchExperiments/Ablation/diff_gnn_order_lssp_trace/squeeze_net_tosa/seed-42/run-20260412-140630/config/squeeze_net_tosa_seed-42_ablation.yaml,train,epoch,train,thresholded_partition,threshold,164,164.0,0,164,False,False,5612.09521484375,11911.519255179272,12533.684220524758,nan,nan,True,80,4049.4813660024647,4831.909135635894,0.7048,0.7376,26318.763671875,0.49550148844718933,nan,queue,queue,per_epoch_trace
squeeze_net_tosa,inputs/task_graph_topology/soda-benchmark-graphs/pytorch-graphs/squeeze_net_tosa.dot,/qfs/people/dass304/dass304/HWSWpartition/hw-sw-partition-metaheur/BatchExperiments/Ablation/diff_gnn_order_lssp_trace/squeeze_net_tosa/seed-42/run-20260412-140630/config/squeeze_net_tosa_seed-42_ablation.yaml,train,epoch,train,thresholded_partition,threshold,165,165.0,0,165,False,False,5364.13232421875,12256.60892210723,12653.727006824556,nan,nan,False,95,4961.197649625151,4831.909135635894,0.703,0.736,6995.1943359375,0.49892377853393555,nan,queue,queue,per_epoch_trace
squeeze_net_tosa,inputs/task_graph_topology/soda-benchmark-graphs/pytorch-graphs/squeeze_net_tosa.dot,/qfs/people/dass304/dass304/HWSWpartition/hw-sw-partition-metaheur/BatchExperiments/Ablation/diff_gnn_order_lssp_trace/squeeze_net_tosa/seed-42/run-20260412-140630/config/squeeze_net_tosa_seed-42_ablation.yaml,train,epoch,train,thresholded_partition,threshold,166,166.0,0,166,False,False,5486.61181640625,11569.355747132515,12177.016943905908,nan,nan,False,83,4896.620368542958,4831.909135635894,0.7012,0.7343999999999999,7543.54638671875,0.5012630820274353,nan,queue,queue,per_epoch_trace
squeeze_net_tosa,inputs/task_graph_topology/soda-benchmark-graphs/pytorch-graphs/squeeze_net_tosa.dot,/qfs/people/dass304/dass304/HWSWpartition/hw-sw-partition-metaheur/BatchExperiments/Ablation/diff_gnn_order_lssp_trace/squeeze_net_tosa/seed-42/run-20260412-140630/config/squeeze_net_tosa_seed-42_ablation.yaml,train,epoch,train,thresholded_partition,threshold,167,167.0,0,167,False,False,5381.28759765625,10802.38113003821,11153.525216615746,nan,nan,True,84,4718.357996544182,4831.909135635894,0.6994,0.7327999999999999,6847.3798828125,0.5010058879852295,nan,queue,queue,per_epoch_trace
squeeze_net_tosa,inputs/task_graph_topology/soda-benchmark-graphs/pytorch-graphs/squeeze_net_tosa.dot,/qfs/people/dass304/dass304/HWSWpartition/hw-sw-partition-metaheur/BatchExperiments/Ablation/diff_gnn_order_lssp_trace/squeeze_net_tosa/seed-42/run-20260412-140630/config/squeeze_net_tosa_seed-42_ablation.yaml,train,epoch,train,thresholded_partition,threshold,168,168.0,0,168,False,False,5531.236328125,11785.477363415634,12843.235028742412,nan,nan,False,92,5019.479286756553,4831.909135635894,0.6976,0.7312,6923.5390625,0.5009640455245972,nan,queue,queue,per_epoch_trace
squeeze_net_tosa,inputs/task_graph_topology/soda-benchmark-graphs/pytorch-graphs/squeeze_net_tosa.dot,/qfs/people/dass304/dass304/HWSWpartition/hw-sw-partition-metaheur/BatchExperiments/Ablation/diff_gnn_order_lssp_trace/squeeze_net_tosa/seed-42/run-20260412-140630/config/squeeze_net_tosa_seed-42_ablation.yaml,train,epoch,train,thresholded_partition,threshold,169,169.0,0,169,False,False,5517.40234375,11432.267769445632,11671.795759104796,nan,nan,True,84,4518.830549716657,4831.909135635894,0.6958,0.7296,7303.83984375,0.5011509656906128,nan,queue,queue,per_epoch_trace
squeeze_net_tosa,inputs/task_graph_topology/soda-benchmark-graphs/pytorch-graphs/squeeze_net_tosa.dot,/qfs/people/dass304/dass304/HWSWpartition/hw-sw-partition-metaheur/BatchExperiments/Ablation/diff_gnn_order_lssp_trace/squeeze_net_tosa/seed-42/run-20260412-140630/config/squeeze_net_tosa_seed-42_ablation.yaml,train,epoch,train,thresholded_partition,threshold,170,170.0,0,170,False,False,5461.58203125,11583.374614640356,12040.725133748785,nan,nan,False,97,5194.4630729703695,4831.909135635894,0.694,0.728,6041.52978515625,0.5003529787063599,nan,queue,queue,per_epoch_trace
squeeze_net_tosa,inputs/task_graph_topology/soda-benchmark-graphs/pytorch-graphs/squeeze_net_tosa.dot,/qfs/people/dass304/dass304/HWSWpartition/hw-sw-partition-metaheur/BatchExperiments/Ablation/diff_gnn_order_lssp_trace/squeeze_net_tosa/seed-42/run-20260412-140630/config/squeeze_net_tosa_seed-42_ablation.yaml,train,epoch,train,thresholded_partition,threshold,171,171.0,0,171,False,False,5493.8134765625,11238.521516925943,11754.477263933528,nan,nan,True,86,4575.135403353414,4831.909135635894,0.6921999999999999,0.7263999999999999,6205.927734375,0.5005054473876953,nan,queue,queue,per_epoch_trace
squeeze_net_tosa,inputs/task_graph_topology/soda-benchmark-graphs/pytorch-graphs/squeeze_net_tosa.dot,/qfs/people/dass304/dass304/HWSWpartition/hw-sw-partition-metaheur/BatchExperiments/Ablation/diff_gnn_order_lssp_trace/squeeze_net_tosa/seed-42/run-20260412-140630/config/squeeze_net_tosa_seed-42_ablation.yaml,train,epoch,train,thresholded_partition,threshold,172,172.0,0,172,False,False,5409.83349609375,11846.183926366604,12822.99834923559,nan,nan,True,86,4456.331997850114,4831.909135635894,0.6904,0.7248,5969.3515625,0.5003189444541931,nan,queue,queue,per_epoch_trace
squeeze_net_tosa,inputs/task_graph_topology/soda-benchmark-graphs/pytorch-graphs/squeeze_net_tosa.dot,/qfs/people/dass304/dass304/HWSWpartition/hw-sw-partition-metaheur/BatchExperiments/Ablation/diff_gnn_order_lssp_trace/squeeze_net_tosa/seed-42/run-20260412-140630/config/squeeze_net_tosa_seed-42_ablation.yaml,train,epoch,train,thresholded_partition,threshold,173,173.0,0,173,False,False,5542.57763671875,11117.238806525362,12637.94284383682,nan,nan,True,83,4584.738533006765,4831.909135635894,0.6886,0.7232000000000001,6254.1279296875,0.5004993081092834,nan,queue,queue,per_epoch_trace
squeeze_net_tosa,inputs/task_graph_topology/soda-benchmark-graphs/pytorch-graphs/squeeze_net_tosa.dot,/qfs/people/dass304/dass304/HWSWpartition/hw-sw-partition-metaheur/BatchExperiments/Ablation/diff_gnn_order_lssp_trace/squeeze_net_tosa/seed-42/run-20260412-140630/config/squeeze_net_tosa_seed-42_ablation.yaml,train,epoch,train,thresholded_partition,threshold,174,174.0,0,174,False,False,5437.63037109375,11470.318392762672,11740.507947964648,nan,nan,False,95,5505.82624458637,4831.909135635894,0.6868000000000001,0.7216,10492.392578125,0.5021458864212036,nan,queue,queue,per_epoch_trace
squeeze_net_tosa,inputs/task_graph_topology/soda-benchmark-graphs/pytorch-graphs/squeeze_net_tosa.dot,/qfs/people/dass304/dass304/HWSWpartition/hw-sw-partition-metaheur/BatchExperiments/Ablation/diff_gnn_order_lssp_trace/squeeze_net_tosa/seed-42/run-20260412-140630/config/squeeze_net_tosa_seed-42_ablation.yaml,train,epoch,train,thresholded_partition,threshold,175,175.0,0,175,False,False,5456.818359375,12641.782263664247,12965.19178391988,nan,nan,False,97,5284.210307802377,4831.909135635894,0.685,0.72,5916.880859375,0.5000485777854919,nan,queue,queue,per_epoch_trace
squeeze_net_tosa,inputs/task_graph_topology/soda-benchmark-graphs/pytorch-graphs/squeeze_net_tosa.dot,/qfs/people/dass304/dass304/HWSWpartition/hw-sw-partition-metaheur/BatchExperiments/Ablation/diff_gnn_order_lssp_trace/squeeze_net_tosa/seed-42/run-20260412-140630/config/squeeze_net_tosa_seed-42_ablation.yaml,train,epoch,train,thresholded_partition,threshold,176,176.0,0,176,False,False,5458.01171875,11150.916763024698,11358.374073069004,nan,nan,False,94,5486.692070728681,4831.909135635894,0.6832,0.7183999999999999,6591.97265625,0.5008232593536377,nan,queue,queue,per_epoch_trace
squeeze_net_tosa,inputs/task_graph_topology/soda-benchmark-graphs/pytorch-graphs/squeeze_net_tosa.dot,/qfs/people/dass304/dass304/HWSWpartition/hw-sw-partition-metaheur/BatchExperiments/Ablation/diff_gnn_order_lssp_trace/squeeze_net_tosa/seed-42/run-20260412-140630/config/squeeze_net_tosa_seed-42_ablation.yaml,train,epoch,train,thresholded_partition,threshold,177,177.0,0,177,False,False,5527.51416015625,11650.412299050002,12789.70416968132,nan,nan,False,95,5137.955037295191,4831.909135635894,0.6814,0.7168,7003.71923828125,0.4989911615848541,nan,queue,queue,per_epoch_trace
squeeze_net_tosa,inputs/task_graph_topology/soda-benchmark-graphs/pytorch-graphs/squeeze_net_tosa.dot,/qfs/people/dass304/dass304/HWSWpartition/hw-sw-partition-metaheur/BatchExperiments/Ablation/diff_gnn_order_lssp_trace/squeeze_net_tosa/seed-42/run-20260412-140630/config/squeeze_net_tosa_seed-42_ablation.yaml,train,epoch,train,thresholded_partition,threshold,178,178.0,0,178,False,False,5515.7705078125,12159.968867180442,12390.941571026906,nan,nan,False,92,4963.991926599876,4831.909135635894,0.6796,0.7152000000000001,6283.9287109375,0.5005545020103455,nan,queue,queue,per_epoch_trace
squeeze_net_tosa,inputs/task_graph_topology/soda-benchmark-graphs/pytorch-graphs/squeeze_net_tosa.dot,/qfs/people/dass304/dass304/HWSWpartition/hw-sw-partition-metaheur/BatchExperiments/Ablation/diff_gnn_order_lssp_trace/squeeze_net_tosa/seed-42/run-20260412-140630/config/squeeze_net_tosa_seed-42_ablation.yaml,train,epoch,train,thresholded_partition,threshold,179,179.0,0,179,False,False,5457.435546875,11260.864087992137,12022.317058119557,nan,nan,False,98,5324.609352038046,4831.909135635894,0.6778,0.7136,9882.8994140625,0.5019909143447876,nan,queue,queue,per_epoch_trace
squeeze_net_tosa,inputs/task_graph_topology/soda-benchmark-graphs/pytorch-graphs/squeeze_net_tosa.dot,/qfs/people/dass304/dass304/HWSWpartition/hw-sw-partition-metaheur/BatchExperiments/Ablation/diff_gnn_order_lssp_trace/squeeze_net_tosa/seed-42/run-20260412-140630/config/squeeze_net_tosa_seed-42_ablation.yaml,train,epoch,train,thresholded_partition,threshold,180,180.0,0,180,False,False,5302.96728515625,12425.872830067437,13702.415151765505,nan,nan,False,98,5181.557372391394,4831.909135635894,0.6759999999999999,0.712,6668.3232421875,0.4990433156490326,nan,queue,queue,per_epoch_trace
squeeze_net_tosa,inputs/task_graph_topology/soda-benchmark-graphs/pytorch-graphs/squeeze_net_tosa.dot,/qfs/people/dass304/dass304/HWSWpartition/hw-sw-partition-metaheur/BatchExperiments/Ablation/diff_gnn_order_lssp_trace/squeeze_net_tosa/seed-42/run-20260412-140630/config/squeeze_net_tosa_seed-42_ablation.yaml,train,epoch,train,thresholded_partition,threshold,181,181.0,0,181,False,False,5460.84375,10826.280117191433,10845.03892885953,nan,nan,False,99,5671.910520361501,4831.909135635894,0.6742,0.7103999999999999,6893.5302734375,0.5009922385215759,nan,queue,queue,per_epoch_trace
squeeze_net_tosa,inputs/task_graph_topology/soda-benchmark-graphs/pytorch-graphs/squeeze_net_tosa.dot,/qfs/people/dass304/dass304/HWSWpartition/hw-sw-partition-metaheur/BatchExperiments/Ablation/diff_gnn_order_lssp_trace/squeeze_net_tosa/seed-42/run-20260412-140630/config/squeeze_net_tosa_seed-42_ablation.yaml,train,epoch,train,thresholded_partition,threshold,182,182.0,0,182,False,False,5380.484375,11778.82522446573,12308.52169362209,nan,nan,False,92,5346.881858174499,4831.909135635894,0.6724,0.7088,13233.7099609375,0.5027197599411011,nan,queue,queue,per_epoch_trace
squeeze_net_tosa,inputs/task_graph_topology/soda-benchmark-graphs/pytorch-graphs/squeeze_net_tosa.dot,/qfs/people/dass304/dass304/HWSWpartition/hw-sw-partition-metaheur/BatchExperiments/Ablation/diff_gnn_order_lssp_trace/squeeze_net_tosa/seed-42/run-20260412-140630/config/squeeze_net_tosa_seed-42_ablation.yaml,train,epoch,train,thresholded_partition,threshold,183,183.0,0,183,False,False,5461.6025390625,11241.157489766796,12090.484354786577,nan,nan,False,94,5023.320557387038,4831.909135635894,0.6706,0.7072,5954.21728515625,0.5002092719078064,nan,queue,queue,per_epoch_trace
squeeze_net_tosa,inputs/task_graph_topology/soda-benchmark-graphs/pytorch-graphs/squeeze_net_tosa.dot,/qfs/people/dass304/dass304/HWSWpartition/hw-sw-partition-metaheur/BatchExperiments/Ablation/diff_gnn_order_lssp_trace/squeeze_net_tosa/seed-42/run-20260412-140630/config/squeeze_net_tosa_seed-42_ablation.yaml,train,epoch,train,thresholded_partition,threshold,184,184.0,0,184,False,False,5419.76708984375,11600.507995544645,12531.061830978351,nan,nan,True,81,4374.39848168339,4831.909135635894,0.6688000000000001,0.7056,12311.3427734375,0.49746307730674744,nan,queue,queue,per_epoch_trace
squeeze_net_tosa,inputs/task_graph_topology/soda-benchmark-graphs/pytorch-graphs/squeeze_net_tosa.dot,/qfs/people/dass304/dass304/HWSWpartition/hw-sw-partition-metaheur/BatchExperiments/Ablation/diff_gnn_order_lssp_trace/squeeze_net_tosa/seed-42/run-20260412-140630/config/squeeze_net_tosa_seed-42_ablation.yaml,train,epoch,train,thresholded_partition,threshold,185,185.0,0,185,False,False,5357.1103515625,12993.74461074689,13108.280585788292,nan,nan,False,95,5052.415981301175,4831.909135635894,0.667,0.704,5931.55029296875,0.5003480315208435,nan,queue,queue,per_epoch_trace
squeeze_net_tosa,inputs/task_graph_topology/soda-benchmark-graphs/pytorch-graphs/squeeze_net_tosa.dot,/qfs/people/dass304/dass304/HWSWpartition/hw-sw-partition-metaheur/BatchExperiments/Ablation/diff_gnn_order_lssp_trace/squeeze_net_tosa/seed-42/run-20260412-140630/config/squeeze_net_tosa_seed-42_ablation.yaml,train,epoch,train,thresholded_partition,threshold,186,186.0,0,186,False,False,5476.28564453125,12205.60784003894,12660.80506042421,nan,nan,False,90,4875.965470632699,4831.909135635894,0.6652,0.7023999999999999,6131.64697265625,0.49956005811691284,nan,queue,queue,per_epoch_trace
squeeze_net_tosa,inputs/task_graph_topology/soda-benchmark-graphs/pytorch-graphs/squeeze_net_tosa.dot,/qfs/people/dass304/dass304/HWSWpartition/hw-sw-partition-metaheur/BatchExperiments/Ablation/diff_gnn_order_lssp_trace/squeeze_net_tosa/seed-42/run-20260412-140630/config/squeeze_net_tosa_seed-42_ablation.yaml,train,epoch,train,thresholded_partition,threshold,187,187.0,0,187,False,False,5444.59765625,11900.420989569875,12958.728654129805,nan,nan,True,90,4722.259624197491,4831.909135635894,0.6634,0.7008,7703.21044921875,0.4986545741558075,nan,queue,queue,per_epoch_trace
squeeze_net_tosa,inputs/task_graph_topology/soda-benchmark-graphs/pytorch-graphs/squeeze_net_tosa.dot,/qfs/people/dass304/dass304/HWSWpartition/hw-sw-partition-metaheur/BatchExperiments/Ablation/diff_gnn_order_lssp_trace/squeeze_net_tosa/seed-42/run-20260412-140630/config/squeeze_net_tosa_seed-42_ablation.yaml,train,epoch,train,thresholded_partition,threshold,188,188.0,0,188,False,False,5406.443359375,11604.841244120202,11670.395095674428,nan,nan,True,88,4405.994430633073,4831.909135635894,0.6616,0.6992,13427.107421875,0.4972490966320038,nan,queue,queue,per_epoch_trace
squeeze_net_tosa,inputs/task_graph_topology/soda-benchmark-graphs/pytorch-graphs/squeeze_net_tosa.dot,/qfs/people/dass304/dass304/HWSWpartition/hw-sw-partition-metaheur/BatchExperiments/Ablation/diff_gnn_order_lssp_trace/squeeze_net_tosa/seed-42/run-20260412-140630/config/squeeze_net_tosa_seed-42_ablation.yaml,train,epoch,train,thresholded_partition,threshold,189,189.0,0,189,False,False,5488.37744140625,12324.353433155167,12965.59535024317,nan,nan,False,92,4911.02566095028,4831.909135635894,0.6597999999999999,0.6976,5995.83837890625,0.49977555871009827,nan,queue,queue,per_epoch_trace
squeeze_net_tosa,inputs/task_graph_topology/soda-benchmark-graphs/pytorch-graphs/squeeze_net_tosa.dot,/qfs/people/dass304/dass304/HWSWpartition/hw-sw-partition-metaheur/BatchExperiments/Ablation/diff_gnn_order_lssp_trace/squeeze_net_tosa/seed-42/run-20260412-140630/config/squeeze_net_tosa_seed-42_ablation.yaml,train,epoch,train,thresholded_partition,threshold,190,190.0,0,190,False,False,5516.9765625,11617.085740050194,12444.799813208605,nan,nan,True,95,4544.249208406482,4831.909135635894,0.6579999999999999,0.696,7917.19189453125,0.4986042380332947,nan,queue,queue,per_epoch_trace
squeeze_net_tosa,inputs/task_graph_topology/soda-benchmark-graphs/pytorch-graphs/squeeze_net_tosa.dot,/qfs/people/dass304/dass304/HWSWpartition/hw-sw-partition-metaheur/BatchExperiments/Ablation/diff_gnn_order_lssp_trace/squeeze_net_tosa/seed-42/run-20260412-140630/config/squeeze_net_tosa_seed-42_ablation.yaml,train,epoch,train,thresholded_partition,threshold,191,191.0,0,191,False,False,5374.10498046875,12143.970673244843,12470.642212031775,nan,nan,False,86,5030.582455801245,4831.909135635894,0.6562,0.6943999999999999,7872.65673828125,0.5014312863349915,nan,queue,queue,per_epoch_trace
squeeze_net_tosa,inputs/task_graph_topology/soda-benchmark-graphs/pytorch-graphs/squeeze_net_tosa.dot,/qfs/people/dass304/dass304/HWSWpartition/hw-sw-partition-metaheur/BatchExperiments/Ablation/diff_gnn_order_lssp_trace/squeeze_net_tosa/seed-42/run-20260412-140630/config/squeeze_net_tosa_seed-42_ablation.yaml,train,epoch,train,thresholded_partition,threshold,192,192.0,0,192,False,False,5424.07373046875,11782.269363524903,11902.120827770039,nan,nan,True,91,4706.119682338691,4831.909135635894,0.6544,0.6928,6289.63134765625,0.49936071038246155,nan,queue,queue,per_epoch_trace
squeeze_net_tosa,inputs/task_graph_topology/soda-benchmark-graphs/pytorch-graphs/squeeze_net_tosa.dot,/qfs/people/dass304/dass304/HWSWpartition/hw-sw-partition-metaheur/BatchExperiments/Ablation/diff_gnn_order_lssp_trace/squeeze_net_tosa/seed-42/run-20260412-140630/config/squeeze_net_tosa_seed-42_ablation.yaml,train,epoch,train,thresholded_partition,threshold,193,193.0,0,193,False,False,5436.2822265625,11983.962882306098,12635.841214427304,nan,nan,True,80,4128.7902666082,4831.909135635894,0.6526,0.6912,6276.2763671875,0.499379962682724,nan,queue,queue,per_epoch_trace
squeeze_net_tosa,inputs/task_graph_topology/soda-benchmark-graphs/pytorch-graphs/squeeze_net_tosa.dot,/qfs/people/dass304/dass304/HWSWpartition/hw-sw-partition-metaheur/BatchExperiments/Ablation/diff_gnn_order_lssp_trace/squeeze_net_tosa/seed-42/run-20260412-140630/config/squeeze_net_tosa_seed-42_ablation.yaml,train,epoch,train,thresholded_partition,threshold,194,194.0,0,194,False,False,5458.79736328125,10699.894785201586,11061.450063630573,nan,nan,True,83,4502.6015894483135,4831.909135635894,0.6508,0.6896,5960.615234375,0.49976691603660583,nan,queue,queue,per_epoch_trace
squeeze_net_tosa,inputs/task_graph_topology/soda-benchmark-graphs/pytorch-graphs/squeeze_net_tosa.dot,/qfs/people/dass304/dass304/HWSWpartition/hw-sw-partition-metaheur/BatchExperiments/Ablation/diff_gnn_order_lssp_trace/squeeze_net_tosa/seed-42/run-20260412-140630/config/squeeze_net_tosa_seed-42_ablation.yaml,train,epoch,train,thresholded_partition,threshold,195,195.0,0,195,False,False,5614.4853515625,12387.49634769757,13715.611991010986,nan,nan,False,91,4853.531489669464,4831.909135635894,0.649,0.688,6587.75,0.4992872476577759,nan,queue,queue,per_epoch_trace
squeeze_net_tosa,inputs/task_graph_topology/soda-benchmark-graphs/pytorch-graphs/squeeze_net_tosa.dot,/qfs/people/dass304/dass304/HWSWpartition/hw-sw-partition-metaheur/BatchExperiments/Ablation/diff_gnn_order_lssp_trace/squeeze_net_tosa/seed-42/run-20260412-140630/config/squeeze_net_tosa_seed-42_ablation.yaml,train,epoch,train,thresholded_partition,threshold,196,196.0,0,196,False,False,5430.37255859375,11622.279228567997,12136.06589871537,nan,nan,True,86,4681.425008226208,4831.909135635894,0.6472,0.6863999999999999,6458.724609375,0.5007583498954773,nan,queue,queue,per_epoch_trace
squeeze_net_tosa,inputs/task_graph_topology/soda-benchmark-graphs/pytorch-graphs/squeeze_net_tosa.dot,/qfs/people/dass304/dass304/HWSWpartition/hw-sw-partition-metaheur/BatchExperiments/Ablation/diff_gnn_order_lssp_trace/squeeze_net_tosa/seed-42/run-20260412-140630/config/squeeze_net_tosa_seed-42_ablation.yaml,train,epoch,train,thresholded_partition,threshold,197,197.0,0,197,False,False,5615.8916015625,12440.142923473988,13220.946064176342,nan,nan,False,86,4835.870031330267,4831.909135635894,0.6454,0.6848,25876.484375,0.5044489502906799,nan,queue,queue,per_epoch_trace
squeeze_net_tosa,inputs/task_graph_topology/soda-benchmark-graphs/pytorch-graphs/squeeze_net_tosa.dot,/qfs/people/dass304/dass304/HWSWpartition/hw-sw-partition-metaheur/BatchExperiments/Ablation/diff_gnn_order_lssp_trace/squeeze_net_tosa/seed-42/run-20260412-140630/config/squeeze_net_tosa_seed-42_ablation.yaml,train,epoch,train,thresholded_partition,threshold,198,198.0,0,198,False,False,5530.34912109375,11995.324578454174,12490.722992682435,nan,nan,False,87,5008.924246500504,4831.909135635894,0.6436,0.6832,15876.0615234375,0.5031435489654541,nan,queue,queue,per_epoch_trace
squeeze_net_tosa,inputs/task_graph_topology/soda-benchmark-graphs/pytorch-graphs/squeeze_net_tosa.dot,/qfs/people/dass304/dass304/HWSWpartition/hw-sw-partition-metaheur/BatchExperiments/Ablation/diff_gnn_order_lssp_trace/squeeze_net_tosa/seed-42/run-20260412-140630/config/squeeze_net_tosa_seed-42_ablation.yaml,train,epoch,train,thresholded_partition,threshold,199,199.0,0,199,False,False,5490.76123046875,12916.16189634706,13011.130375821778,nan,nan,True,88,4578.017698653642,4831.909135635894,0.6417999999999999,0.6816,7891.97119140625,0.4986044466495514,nan,queue,queue,per_epoch_trace
squeeze_net_tosa,inputs/task_graph_topology/soda-benchmark-graphs/pytorch-graphs/squeeze_net_tosa.dot,/qfs/people/dass304/dass304/HWSWpartition/hw-sw-partition-metaheur/BatchExperiments/Ablation/diff_gnn_order_lssp_trace/squeeze_net_tosa/seed-42/run-20260412-140630/config/squeeze_net_tosa_seed-42_ablation.yaml,train,epoch,train,thresholded_partition,threshold,200,200.0,0,200,False,False,5435.40234375,12438.5892512559,12745.906411576994,nan,nan,True,89,4758.135173646155,4831.909135635894,0.6399999999999999,0.6799999999999999,6486.64599609375,0.499232679605484,nan,queue,queue,per_epoch_trace
squeeze_net_tosa,inputs/task_graph_topology/soda-benchmark-graphs/pytorch-graphs/squeeze_net_tosa.dot,/qfs/people/dass304/dass304/HWSWpartition/hw-sw-partition-metaheur/BatchExperiments/Ablation/diff_gnn_order_lssp_trace/squeeze_net_tosa/seed-42/run-20260412-140630/config/squeeze_net_tosa_seed-42_ablation.yaml,train,epoch,train,thresholded_partition,threshold,201,201.0,0,201,False,False,5432.162109375,11267.914797829182,11819.236966436796,nan,nan,False,97,5330.2877352939,4831.909135635894,0.6382,0.6783999999999999,7325.470703125,0.5011982321739197,nan,queue,queue,per_epoch_trace
squeeze_net_tosa,inputs/task_graph_topology/soda-benchmark-graphs/pytorch-graphs/squeeze_net_tosa.dot,/qfs/people/dass304/dass304/HWSWpartition/hw-sw-partition-metaheur/BatchExperiments/Ablation/diff_gnn_order_lssp_trace/squeeze_net_tosa/seed-42/run-20260412-140630/config/squeeze_net_tosa_seed-42_ablation.yaml,train,epoch,train,thresholded_partition,threshold,202,202.0,0,202,False,False,5535.71044921875,12674.424366744335,13468.058317667274,nan,nan,True,89,4684.822439305731,4831.909135635894,0.6364,0.6768,6004.50146484375,0.5000181794166565,nan,queue,queue,per_epoch_trace
squeeze_net_tosa,inputs/task_graph_topology/soda-benchmark-graphs/pytorch-graphs/squeeze_net_tosa.dot,/qfs/people/dass304/dass304/HWSWpartition/hw-sw-partition-metaheur/BatchExperiments/Ablation/diff_gnn_order_lssp_trace/squeeze_net_tosa/seed-42/run-20260412-140630/config/squeeze_net_tosa_seed-42_ablation.yaml,train,epoch,train,thresholded_partition,threshold,203,203.0,0,203,False,False,5475.33544921875,12868.847567006216,13433.286377985814,nan,nan,True,83,4494.820937306905,4831.909135635894,0.6345999999999999,0.6752,7441.474609375,0.4987717866897583,nan,queue,queue,per_epoch_trace
squeeze_net_tosa,inputs/task_graph_topology/soda-benchmark-graphs/pytorch-graphs/squeeze_net_tosa.dot,/qfs/people/dass304/dass304/HWSWpartition/hw-sw-partition-metaheur/BatchExperiments/Ablation/diff_gnn_order_lssp_trace/squeeze_net_tosa/seed-42/run-20260412-140630/config/squeeze_net_tosa_seed-42_ablation.yaml,train,epoch,train,thresholded_partition,threshold,204,204.0,0,204,False,False,5503.220703125,11740.61892245228,12124.285777883342,nan,nan,True,87,4814.249186225632,4831.909135635894,0.6328,0.6736,13521.29296875,0.5027493238449097,nan,queue,queue,per_epoch_trace
squeeze_net_tosa,inputs/task_graph_topology/soda-benchmark-graphs/pytorch-graphs/squeeze_net_tosa.dot,/qfs/people/dass304/dass304/HWSWpartition/hw-sw-partition-metaheur/BatchExperiments/Ablation/diff_gnn_order_lssp_trace/squeeze_net_tosa/seed-42/run-20260412-140630/config/squeeze_net_tosa_seed-42_ablation.yaml,train,epoch,train,thresholded_partition,threshold,205,205.0,0,205,False,False,5440.10205078125,12014.415215569685,13195.967280927194,nan,nan,False,93,5116.371121600531,4831.909135635894,0.631,0.6719999999999999,7255.01025390625,0.5011637210845947,nan,queue,queue,per_epoch_trace
squeeze_net_tosa,inputs/task_graph_topology/soda-benchmark-graphs/pytorch-graphs/squeeze_net_tosa.dot,/qfs/people/dass304/dass304/HWSWpartition/hw-sw-partition-metaheur/BatchExperiments/Ablation/diff_gnn_order_lssp_trace/squeeze_net_tosa/seed-42/run-20260412-140630/config/squeeze_net_tosa_seed-42_ablation.yaml,train,epoch,train,thresholded_partition,threshold,206,206.0,0,206,False,False,5407.9033203125,12446.475825751802,13107.65250001851,nan,nan,False,96,5254.961385630229,4831.909135635894,0.6292,0.6704,6490.0732421875,0.500791072845459,nan,queue,queue,per_epoch_trace
squeeze_net_tosa,inputs/task_graph_topology/soda-benchmark-graphs/pytorch-graphs/squeeze_net_tosa.dot,/qfs/people/dass304/dass304/HWSWpartition/hw-sw-partition-metaheur/BatchExperiments/Ablation/diff_gnn_order_lssp_trace/squeeze_net_tosa/seed-42/run-20260412-140630/config/squeeze_net_tosa_seed-42_ablation.yaml,train,epoch,train,thresholded_partition,threshold,207,207.0,0,207,False,False,5432.6298828125,11613.72428102547,12452.182127437422,nan,nan,True,87,4768.38996127921,4831.909135635894,0.6274,0.6688000000000001,10822.0673828125,0.5022231936454773,nan,queue,queue,per_epoch_trace
squeeze_net_tosa,inputs/task_graph_topology/soda-benchmark-graphs/pytorch-graphs/squeeze_net_tosa.dot,/qfs/people/dass304/dass304/HWSWpartition/hw-sw-partition-metaheur/BatchExperiments/Ablation/diff_gnn_order_lssp_trace/squeeze_net_tosa/seed-42/run-20260412-140630/config/squeeze_net_tosa_seed-42_ablation.yaml,train,epoch,train,thresholded_partition,threshold,208,208.0,0,208,False,False,5453.513671875,12723.564598847259,13074.535377773742,nan,nan,False,93,5289.21865289504,4831.909135635894,0.6255999999999999,0.6672,6774.369140625,0.4990735352039337,nan,queue,queue,per_epoch_trace
squeeze_net_tosa,inputs/task_graph_topology/soda-benchmark-graphs/pytorch-graphs/squeeze_net_tosa.dot,/qfs/people/dass304/dass304/HWSWpartition/hw-sw-partition-metaheur/BatchExperiments/Ablation/diff_gnn_order_lssp_trace/squeeze_net_tosa/seed-42/run-20260412-140630/config/squeeze_net_tosa_seed-42_ablation.yaml,train,epoch,train,thresholded_partition,threshold,209,209.0,0,209,False,False,5522.951171875,11809.35961261875,11915.618973574607,nan,nan,False,88,4842.886962646181,4831.909135635894,0.6238,0.6656,8600.1328125,0.4983808100223541,nan,queue,queue,per_epoch_trace
squeeze_net_tosa,inputs/task_graph_topology/soda-benchmark-graphs/pytorch-graphs/squeeze_net_tosa.dot,/qfs/people/dass304/dass304/HWSWpartition/hw-sw-partition-metaheur/BatchExperiments/Ablation/diff_gnn_order_lssp_trace/squeeze_net_tosa/seed-42/run-20260412-140630/config/squeeze_net_tosa_seed-42_ablation.yaml,train,epoch,train,thresholded_partition,threshold,210,210.0,0,210,False,False,5553.67724609375,11721.783253743783,12684.862104302756,nan,nan,True,90,4595.269650135219,4831.909135635894,0.622,0.6639999999999999,7852.57373046875,0.4986409842967987,nan,queue,queue,per_epoch_trace
squeeze_net_tosa,inputs/task_graph_topology/soda-benchmark-graphs/pytorch-graphs/squeeze_net_tosa.dot,/qfs/people/dass304/dass304/HWSWpartition/hw-sw-partition-metaheur/BatchExperiments/Ablation/diff_gnn_order_lssp_trace/squeeze_net_tosa/seed-42/run-20260412-140630/config/squeeze_net_tosa_seed-42_ablation.yaml,train,epoch,train,thresholded_partition,threshold,211,211.0,0,211,False,False,5419.61328125,12921.269826310612,13787.203019624985,nan,nan,False,91,4853.087751619563,4831.909135635894,0.6202000000000001,0.6624,6989.166015625,0.49894043803215027,nan,queue,queue,per_epoch_trace
squeeze_net_tosa,inputs/task_graph_topology/soda-benchmark-graphs/pytorch-graphs/squeeze_net_tosa.dot,/qfs/people/dass304/dass304/HWSWpartition/hw-sw-partition-metaheur/BatchExperiments/Ablation/diff_gnn_order_lssp_trace/squeeze_net_tosa/seed-42/run-20260412-140630/config/squeeze_net_tosa_seed-42_ablation.yaml,train,epoch,train,thresholded_partition,threshold,212,212.0,0,212,False,False,5492.24267578125,12316.6495446729,12536.667802286924,nan,nan,True,84,4198.226920166843,4831.909135635894,0.6184000000000001,0.6608,6030.98291015625,0.5002980828285217,nan,queue,queue,per_epoch_trace
squeeze_net_tosa,inputs/task_graph_topology/soda-benchmark-graphs/pytorch-graphs/squeeze_net_tosa.dot,/qfs/people/dass304/dass304/HWSWpartition/hw-sw-partition-metaheur/BatchExperiments/Ablation/diff_gnn_order_lssp_trace/squeeze_net_tosa/seed-42/run-20260412-140630/config/squeeze_net_tosa_seed-42_ablation.yaml,train,epoch,train,thresholded_partition,threshold,213,213.0,0,213,False,False,5363.265625,13252.655740745873,13689.563445445801,nan,nan,False,92,4991.688843423031,4831.909135635894,0.6166,0.6592,8399.3115234375,0.4983917772769928,nan,queue,queue,per_epoch_trace
squeeze_net_tosa,inputs/task_graph_topology/soda-benchmark-graphs/pytorch-graphs/squeeze_net_tosa.dot,/qfs/people/dass304/dass304/HWSWpartition/hw-sw-partition-metaheur/BatchExperiments/Ablation/diff_gnn_order_lssp_trace/squeeze_net_tosa/seed-42/run-20260412-140630/config/squeeze_net_tosa_seed-42_ablation.yaml,train,epoch,train,thresholded_partition,threshold,214,214.0,0,214,False,False,5378.4306640625,11400.8805303446,11551.159354300275,nan,nan,True,82,4459.420202570116,4831.909135635894,0.6148,0.6576,6169.4765625,0.4994179308414459,nan,queue,queue,per_epoch_trace
squeeze_net_tosa,inputs/task_graph_topology/soda-benchmark-graphs/pytorch-graphs/squeeze_net_tosa.dot,/qfs/people/dass304/dass304/HWSWpartition/hw-sw-partition-metaheur/BatchExperiments/Ablation/diff_gnn_order_lssp_trace/squeeze_net_tosa/seed-42/run-20260412-140630/config/squeeze_net_tosa_seed-42_ablation.yaml,train,epoch,train,thresholded_partition,threshold,215,215.0,0,215,False,False,5439.408203125,12553.870608810226,13353.17720655744,nan,nan,True,90,4718.649812550639,4831.909135635894,0.613,0.6559999999999999,9423.15234375,0.4981204867362976,nan,queue,queue,per_epoch_trace
squeeze_net_tosa,inputs/task_graph_topology/soda-benchmark-graphs/pytorch-graphs/squeeze_net_tosa.dot,/qfs/people/dass304/dass304/HWSWpartition/hw-sw-partition-metaheur/BatchExperiments/Ablation/diff_gnn_order_lssp_trace/squeeze_net_tosa/seed-42/run-20260412-140630/config/squeeze_net_tosa_seed-42_ablation.yaml,train,epoch,train,thresholded_partition,threshold,216,216.0,0,216,False,False,5439.96435546875,12677.79301131889,13840.184061645805,nan,nan,True,87,4465.259696050524,4831.909135635894,0.6112,0.6544,10740.8056640625,0.49779850244522095,nan,queue,queue,per_epoch_trace
squeeze_net_tosa,inputs/task_graph_topology/soda-benchmark-graphs/pytorch-graphs/squeeze_net_tosa.dot,/qfs/people/dass304/dass304/HWSWpartition/hw-sw-partition-metaheur/BatchExperiments/Ablation/diff_gnn_order_lssp_trace/squeeze_net_tosa/seed-42/run-20260412-140630/config/squeeze_net_tosa_seed-42_ablation.yaml,train,epoch,train,thresholded_partition,threshold,217,217.0,0,217,False,False,5395.24365234375,13304.311996046654,14230.058031480552,nan,nan,True,79,4176.069401853547,4831.909135635894,0.6093999999999999,0.6528,7054.9619140625,0.498903751373291,nan,queue,queue,per_epoch_trace
squeeze_net_tosa,inputs/task_graph_topology/soda-benchmark-graphs/pytorch-graphs/squeeze_net_tosa.dot,/qfs/people/dass304/dass304/HWSWpartition/hw-sw-partition-metaheur/BatchExperiments/Ablation/diff_gnn_order_lssp_trace/squeeze_net_tosa/seed-42/run-20260412-140630/config/squeeze_net_tosa_seed-42_ablation.yaml,train,epoch,train,thresholded_partition,threshold,218,218.0,0,218,False,False,5462.818359375,11681.689188794177,12476.194938387092,nan,nan,False,96,5159.715222176663,4831.909135635894,0.6075999999999999,0.6512,6247.2080078125,0.49944162368774414,nan,queue,queue,per_epoch_trace
squeeze_net_tosa,inputs/task_graph_topology/soda-benchmark-graphs/pytorch-graphs/squeeze_net_tosa.dot,/qfs/people/dass304/dass304/HWSWpartition/hw-sw-partition-metaheur/BatchExperiments/Ablation/diff_gnn_order_lssp_trace/squeeze_net_tosa/seed-42/run-20260412-140630/config/squeeze_net_tosa_seed-42_ablation.yaml,train,epoch,train,thresholded_partition,threshold,219,219.0,0,219,False,False,5320.92041015625,12580.744682148312,13320.855309677661,nan,nan,True,76,4142.67443884663,4831.909135635894,0.6058,0.6496,8642.5087890625,0.501697838306427,nan,queue,queue,per_epoch_trace
squeeze_net_tosa,inputs/task_graph_topology/soda-benchmark-graphs/pytorch-graphs/squeeze_net_tosa.dot,/qfs/people/dass304/dass304/HWSWpartition/hw-sw-partition-metaheur/BatchExperiments/Ablation/diff_gnn_order_lssp_trace/squeeze_net_tosa/seed-42/run-20260412-140630/config/squeeze_net_tosa_seed-42_ablation.yaml,train,epoch,train,thresholded_partition,threshold,220,220.0,0,220,False,False,5470.42626953125,12920.84755688978,13397.295420261118,nan,nan,True,86,4798.762855755587,4831.909135635894,0.604,0.6479999999999999,6121.86328125,0.500437319278717,nan,queue,queue,per_epoch_trace
squeeze_net_tosa,inputs/task_graph_topology/soda-benchmark-graphs/pytorch-graphs/squeeze_net_tosa.dot,/qfs/people/dass304/dass304/HWSWpartition/hw-sw-partition-metaheur/BatchExperiments/Ablation/diff_gnn_order_lssp_trace/squeeze_net_tosa/seed-42/run-20260412-140630/config/squeeze_net_tosa_seed-42_ablation.yaml,train,epoch,train,thresholded_partition,threshold,221,221.0,0,221,False,False,5430.73583984375,11356.229238017215,12178.598741499762,nan,nan,False,93,5269.2706856811765,4831.909135635894,0.6022000000000001,0.6464,9304.0556640625,0.498147577047348,nan,queue,queue,per_epoch_trace
squeeze_net_tosa,inputs/task_graph_topology/soda-benchmark-graphs/pytorch-graphs/squeeze_net_tosa.dot,/qfs/people/dass304/dass304/HWSWpartition/hw-sw-partition-metaheur/BatchExperiments/Ablation/diff_gnn_order_lssp_trace/squeeze_net_tosa/seed-42/run-20260412-140630/config/squeeze_net_tosa_seed-42_ablation.yaml,train,epoch,train,thresholded_partition,threshold,222,222.0,0,222,False,False,5454.66357421875,13075.501413363385,13366.356357642173,nan,nan,True,87,4805.475608898997,4831.909135635894,0.6004,0.6448,6462.53125,0.49925437569618225,nan,queue,queue,per_epoch_trace
squeeze_net_tosa,inputs/task_graph_topology/soda-benchmark-graphs/pytorch-graphs/squeeze_net_tosa.dot,/qfs/people/dass304/dass304/HWSWpartition/hw-sw-partition-metaheur/BatchExperiments/Ablation/diff_gnn_order_lssp_trace/squeeze_net_tosa/seed-42/run-20260412-140630/config/squeeze_net_tosa_seed-42_ablation.yaml,train,epoch,train,thresholded_partition,threshold,223,223.0,0,223,False,False,5404.3984375,11427.935041034318,11829.776976195597,nan,nan,True,91,4795.338303229318,4831.909135635894,0.5986,0.6432,8936.8046875,0.49824661016464233,nan,queue,queue,per_epoch_trace
squeeze_net_tosa,inputs/task_graph_topology/soda-benchmark-graphs/pytorch-graphs/squeeze_net_tosa.dot,/qfs/people/dass304/dass304/HWSWpartition/hw-sw-partition-metaheur/BatchExperiments/Ablation/diff_gnn_order_lssp_trace/squeeze_net_tosa/seed-42/run-20260412-140630/config/squeeze_net_tosa_seed-42_ablation.yaml,train,epoch,train,thresholded_partition,threshold,224,224.0,0,224,False,False,5297.75341796875,12741.005647146672,12880.190333543065,nan,nan,False,90,4866.968158162344,4831.909135635894,0.5968,0.6416,7231.55224609375,0.5012224316596985,nan,queue,queue,per_epoch_trace
squeeze_net_tosa,inputs/task_graph_topology/soda-benchmark-graphs/pytorch-graphs/squeeze_net_tosa.dot,/qfs/people/dass304/dass304/HWSWpartition/hw-sw-partition-metaheur/BatchExperiments/Ablation/diff_gnn_order_lssp_trace/squeeze_net_tosa/seed-42/run-20260412-140630/config/squeeze_net_tosa_seed-42_ablation.yaml,train,epoch,train,thresholded_partition,threshold,225,225.0,0,225,False,False,5438.62548828125,12751.179937555191,13864.874788221703,nan,nan,False,90,5152.808162521158,4831.909135635894,0.595,0.6399999999999999,9308.6083984375,0.5018486380577087,nan,queue,queue,per_epoch_trace
squeeze_net_tosa,inputs/task_graph_topology/soda-benchmark-graphs/pytorch-graphs/squeeze_net_tosa.dot,/qfs/people/dass304/dass304/HWSWpartition/hw-sw-partition-metaheur/BatchExperiments/Ablation/diff_gnn_order_lssp_trace/squeeze_net_tosa/seed-42/run-20260412-140630/config/squeeze_net_tosa_seed-42_ablation.yaml,train,epoch,train,thresholded_partition,threshold,226,226.0,0,226,False,False,5406.857421875,12686.93985328579,13837.272962598809,nan,nan,False,97,5352.9129990557385,4831.909135635894,0.5932,0.6384,7047.5556640625,0.5010935068130493,nan,queue,queue,per_epoch_trace
squeeze_net_tosa,inputs/task_graph_topology/soda-benchmark-graphs/pytorch-graphs/squeeze_net_tosa.dot,/qfs/people/dass304/dass304/HWSWpartition/hw-sw-partition-metaheur/BatchExperiments/Ablation/diff_gnn_order_lssp_trace/squeeze_net_tosa/seed-42/run-20260412-140630/config/squeeze_net_tosa_seed-42_ablation.yaml,train,epoch,train,thresholded_partition,threshold,227,227.0,0,227,False,False,5522.17626953125,12785.766569180849,13111.447738765844,nan,nan,True,89,4797.845320923192,4831.909135635894,0.5913999999999999,0.6368,5985.55126953125,0.4999082684516907,nan,queue,queue,per_epoch_trace
squeeze_net_tosa,inputs/task_graph_topology/soda-benchmark-graphs/pytorch-graphs/squeeze_net_tosa.dot,/qfs/people/dass304/dass304/HWSWpartition/hw-sw-partition-metaheur/BatchExperiments/Ablation/diff_gnn_order_lssp_trace/squeeze_net_tosa/seed-42/run-20260412-140630/config/squeeze_net_tosa_seed-42_ablation.yaml,train,epoch,train,thresholded_partition,threshold,228,228.0,0,228,False,False,5270.63427734375,11874.162996301946,12488.478061719803,nan,nan,False,96,5459.712915159747,4831.909135635894,0.5895999999999999,0.6352,8209.8173828125,0.5015820860862732,nan,queue,queue,per_epoch_trace
squeeze_net_tosa,inputs/task_graph_topology/soda-benchmark-graphs/pytorch-graphs/squeeze_net_tosa.dot,/qfs/people/dass304/dass304/HWSWpartition/hw-sw-partition-metaheur/BatchExperiments/Ablation/diff_gnn_order_lssp_trace/squeeze_net_tosa/seed-42/run-20260412-140630/config/squeeze_net_tosa_seed-42_ablation.yaml,train,epoch,train,thresholded_partition,threshold,229,229.0,0,229,False,False,5472.56005859375,12320.983965038895,12420.710070211668,nan,nan,False,94,5079.1070663244045,4831.909135635894,0.5878,0.6335999999999999,5974.662109375,0.5002281665802002,nan,queue,queue,per_epoch_trace
squeeze_net_tosa,inputs/task_graph_topology/soda-benchmark-graphs/pytorch-graphs/squeeze_net_tosa.dot,/qfs/people/dass304/dass304/HWSWpartition/hw-sw-partition-metaheur/BatchExperiments/Ablation/diff_gnn_order_lssp_trace/squeeze_net_tosa/seed-42/run-20260412-140630/config/squeeze_net_tosa_seed-42_ablation.yaml,train,epoch,train,thresholded_partition,threshold,230,230.0,0,230,False,False,5351.9150390625,12190.511554020211,12448.49430617496,nan,nan,True,87,4352.07954439321,4831.909135635894,0.586,0.6319999999999999,10379.4794921875,0.49785736203193665,nan,queue,queue,per_epoch_trace
squeeze_net_tosa,inputs/task_graph_topology/soda-benchmark-graphs/pytorch-graphs/squeeze_net_tosa.dot,/qfs/people/dass304/dass304/HWSWpartition/hw-sw-partition-metaheur/BatchExperiments/Ablation/diff_gnn_order_lssp_trace/squeeze_net_tosa/seed-42/run-20260412-140630/config/squeeze_net_tosa_seed-42_ablation.yaml,train,epoch,train,thresholded_partition,threshold,231,231.0,0,231,False,False,5335.150390625,10658.042656424423,11071.494299600303,nan,nan,False,95,4982.539243835709,4831.909135635894,0.5842,0.6304,5813.994140625,0.49979135394096375,nan,queue,queue,per_epoch_trace
squeeze_net_tosa,inputs/task_graph_topology/soda-benchmark-graphs/pytorch-graphs/squeeze_net_tosa.dot,/qfs/people/dass304/dass304/HWSWpartition/hw-sw-partition-metaheur/BatchExperiments/Ablation/diff_gnn_order_lssp_trace/squeeze_net_tosa/seed-42/run-20260412-140630/config/squeeze_net_tosa_seed-42_ablation.yaml,train,epoch,train,thresholded_partition,threshold,232,232.0,0,232,False,False,5399.853515625,13122.295462012093,13125.138374771199,nan,nan,True,86,4769.297472672596,4831.909135635894,0.5824,0.6288,7220.33740234375,0.5011718273162842,nan,queue,queue,per_epoch_trace
squeeze_net_tosa,inputs/task_graph_topology/soda-benchmark-graphs/pytorch-graphs/squeeze_net_tosa.dot,/qfs/people/dass304/dass304/HWSWpartition/hw-sw-partition-metaheur/BatchExperiments/Ablation/diff_gnn_order_lssp_trace/squeeze_net_tosa/seed-42/run-20260412-140630/config/squeeze_net_tosa_seed-42_ablation.yaml,train,epoch,train,thresholded_partition,threshold,233,233.0,0,233,False,False,5370.736328125,12604.436777963245,12878.792176423432,nan,nan,True,88,4608.599427116362,4831.909135635894,0.5806,0.6272,7277.716796875,0.4987925589084625,nan,queue,queue,per_epoch_trace
squeeze_net_tosa,inputs/task_graph_topology/soda-benchmark-graphs/pytorch-graphs/squeeze_net_tosa.dot,/qfs/people/dass304/dass304/HWSWpartition/hw-sw-partition-metaheur/BatchExperiments/Ablation/diff_gnn_order_lssp_trace/squeeze_net_tosa/seed-42/run-20260412-140630/config/squeeze_net_tosa_seed-42_ablation.yaml,train,epoch,train,thresholded_partition,threshold,234,234.0,0,234,False,False,5379.60888671875,12936.946165587608,13973.774224288229,nan,nan,False,91,5018.295551779077,4831.909135635894,0.5788,0.6255999999999999,7357.5224609375,0.5012395977973938,nan,queue,queue,per_epoch_trace
squeeze_net_tosa,inputs/task_graph_topology/soda-benchmark-graphs/pytorch-graphs/squeeze_net_tosa.dot,/qfs/people/dass304/dass304/HWSWpartition/hw-sw-partition-metaheur/BatchExperiments/Ablation/diff_gnn_order_lssp_trace/squeeze_net_tosa/seed-42/run-20260412-140630/config/squeeze_net_tosa_seed-42_ablation.yaml,train,epoch,train,thresholded_partition,threshold,235,235.0,0,235,False,False,5420.427734375,12311.224567531732,12412.668662968756,nan,nan,False,92,4925.524612979895,4831.909135635894,0.577,0.624,6823.8740234375,0.49902015924453735,nan,queue,queue,per_epoch_trace
squeeze_net_tosa,inputs/task_graph_topology/soda-benchmark-graphs/pytorch-graphs/squeeze_net_tosa.dot,/qfs/people/dass304/dass304/HWSWpartition/hw-sw-partition-metaheur/BatchExperiments/Ablation/diff_gnn_order_lssp_trace/squeeze_net_tosa/seed-42/run-20260412-140630/config/squeeze_net_tosa_seed-42_ablation.yaml,train,epoch,train,thresholded_partition,threshold,236,236.0,0,236,False,False,5365.3095703125,13248.94541966232,14136.107357289164,nan,nan,False,85,4895.827076899168,4831.909135635894,0.5751999999999999,0.6224000000000001,7774.126953125,0.5014020800590515,nan,queue,queue,per_epoch_trace
squeeze_net_tosa,inputs/task_graph_topology/soda-benchmark-graphs/pytorch-graphs/squeeze_net_tosa.dot,/qfs/people/dass304/dass304/HWSWpartition/hw-sw-partition-metaheur/BatchExperiments/Ablation/diff_gnn_order_lssp_trace/squeeze_net_tosa/seed-42/run-20260412-140630/config/squeeze_net_tosa_seed-42_ablation.yaml,train,epoch,train,thresholded_partition,threshold,237,237.0,0,237,False,False,5439.41064453125,13153.409294168829,13780.826684718151,nan,nan,False,99,5528.210191394877,4831.909135635894,0.5734,0.6208,15020.0322265625,0.5030217170715332,nan,queue,queue,per_epoch_trace
squeeze_net_tosa,inputs/task_graph_topology/soda-benchmark-graphs/pytorch-graphs/squeeze_net_tosa.dot,/qfs/people/dass304/dass304/HWSWpartition/hw-sw-partition-metaheur/BatchExperiments/Ablation/diff_gnn_order_lssp_trace/squeeze_net_tosa/seed-42/run-20260412-140630/config/squeeze_net_tosa_seed-42_ablation.yaml,train,epoch,train,thresholded_partition,threshold,238,238.0,0,238,False,False,5498.32373046875,11265.070276067694,11907.939479254585,nan,nan,True,89,4734.982587973151,4831.909135635894,0.5716,0.6192,7568.6240234375,0.4987250864505768,nan,queue,queue,per_epoch_trace
squeeze_net_tosa,inputs/task_graph_topology/soda-benchmark-graphs/pytorch-graphs/squeeze_net_tosa.dot,/qfs/people/dass304/dass304/HWSWpartition/hw-sw-partition-metaheur/BatchExperiments/Ablation/diff_gnn_order_lssp_trace/squeeze_net_tosa/seed-42/run-20260412-140630/config/squeeze_net_tosa_seed-42_ablation.yaml,train,epoch,train,thresholded_partition,threshold,239,239.0,0,239,False,False,5366.3515625,11097.700968535217,11812.75546269239,nan,nan,True,84,4473.393350987347,4831.909135635894,0.5698000000000001,0.6175999999999999,6192.69921875,0.4993778467178345,nan,queue,queue,per_epoch_trace
squeeze_net_tosa,inputs/task_graph_topology/soda-benchmark-graphs/pytorch-graphs/squeeze_net_tosa.dot,/qfs/people/dass304/dass304/HWSWpartition/hw-sw-partition-metaheur/BatchExperiments/Ablation/diff_gnn_order_lssp_trace/squeeze_net_tosa/seed-42/run-20260412-140630/config/squeeze_net_tosa_seed-42_ablation.yaml,train,epoch,train,thresholded_partition,threshold,240,240.0,0,240,False,False,5381.58447265625,13142.597224206691,14188.185521843085,nan,nan,True,87,4644.069736063698,4831.909135635894,0.5680000000000001,0.616,5866.10302734375,0.49979496002197266,nan,queue,queue,per_epoch_trace
squeeze_net_tosa,inputs/task_graph_topology/soda-benchmark-graphs/pytorch-graphs/squeeze_net_tosa.dot,/qfs/people/dass304/dass304/HWSWpartition/hw-sw-partition-metaheur/BatchExperiments/Ablation/diff_gnn_order_lssp_trace/squeeze_net_tosa/seed-42/run-20260412-140630/config/squeeze_net_tosa_seed-42_ablation.yaml,train,epoch,train,thresholded_partition,threshold,241,241.0,0,241,False,False,5315.337890625,10704.426971335142,10997.400114514456,nan,nan,False,91,4857.160141521346,4831.909135635894,0.5662,0.6144000000000001,5831.1787109375,0.5002628564834595,nan,queue,queue,per_epoch_trace
squeeze_net_tosa,inputs/task_graph_topology/soda-benchmark-graphs/pytorch-graphs/squeeze_net_tosa.dot,/qfs/people/dass304/dass304/HWSWpartition/hw-sw-partition-metaheur/BatchExperiments/Ablation/diff_gnn_order_lssp_trace/squeeze_net_tosa/seed-42/run-20260412-140630/config/squeeze_net_tosa_seed-42_ablation.yaml,train,epoch,train,thresholded_partition,threshold,242,242.0,0,242,False,False,5342.40673828125,11357.769821353299,12374.770246176939,nan,nan,True,89,4706.335775010919,4831.909135635894,0.5644,0.6128,6438.00927734375,0.49919065833091736,nan,queue,queue,per_epoch_trace
squeeze_net_tosa,inputs/task_graph_topology/soda-benchmark-graphs/pytorch-graphs/squeeze_net_tosa.dot,/qfs/people/dass304/dass304/HWSWpartition/hw-sw-partition-metaheur/BatchExperiments/Ablation/diff_gnn_order_lssp_trace/squeeze_net_tosa/seed-42/run-20260412-140630/config/squeeze_net_tosa_seed-42_ablation.yaml,train,epoch,train,thresholded_partition,threshold,243,243.0,0,243,False,False,5431.44970703125,12117.443426440228,12169.698402318547,nan,nan,False,91,4981.685879913599,4831.909135635894,0.5626,0.6112,5957.34130859375,0.49971553683280945,nan,queue,queue,per_epoch_trace
squeeze_net_tosa,inputs/task_graph_topology/soda-benchmark-graphs/pytorch-graphs/squeeze_net_tosa.dot,/qfs/people/dass304/dass304/HWSWpartition/hw-sw-partition-metaheur/BatchExperiments/Ablation/diff_gnn_order_lssp_trace/squeeze_net_tosa/seed-42/run-20260412-140630/config/squeeze_net_tosa_seed-42_ablation.yaml,train,epoch,train,thresholded_partition,threshold,244,244.0,0,244,False,False,5258.00341796875,13037.948187284102,13521.64820257487,nan,nan,False,87,4919.750242724479,4831.909135635894,0.5608,0.6095999999999999,8175.2939453125,0.5015749931335449,nan,queue,queue,per_epoch_trace
squeeze_net_tosa,inputs/task_graph_topology/soda-benchmark-graphs/pytorch-graphs/squeeze_net_tosa.dot,/qfs/people/dass304/dass304/HWSWpartition/hw-sw-partition-metaheur/BatchExperiments/Ablation/diff_gnn_order_lssp_trace/squeeze_net_tosa/seed-42/run-20260412-140630/config/squeeze_net_tosa_seed-42_ablation.yaml,train,epoch,train,thresholded_partition,threshold,245,245.0,0,245,False,False,5322.5947265625,13647.283901970677,13938.356351622351,nan,nan,True,91,4609.872844477377,4831.909135635894,0.5589999999999999,0.608,9272.548828125,0.4981268644332886,nan,queue,queue,per_epoch_trace
squeeze_net_tosa,inputs/task_graph_topology/soda-benchmark-graphs/pytorch-graphs/squeeze_net_tosa.dot,/qfs/people/dass304/dass304/HWSWpartition/hw-sw-partition-metaheur/BatchExperiments/Ablation/diff_gnn_order_lssp_trace/squeeze_net_tosa/seed-42/run-20260412-140630/config/squeeze_net_tosa_seed-42_ablation.yaml,train,epoch,train,thresholded_partition,threshold,246,246.0,0,246,False,False,5421.68701171875,13271.815094536372,13856.075902239923,nan,nan,False,84,4889.8447069051035,4831.909135635894,0.5571999999999999,0.6064,6157.04296875,0.499460369348526,nan,queue,queue,per_epoch_trace
squeeze_net_tosa,inputs/task_graph_topology/soda-benchmark-graphs/pytorch-graphs/squeeze_net_tosa.dot,/qfs/people/dass304/dass304/HWSWpartition/hw-sw-partition-metaheur/BatchExperiments/Ablation/diff_gnn_order_lssp_trace/squeeze_net_tosa/seed-42/run-20260412-140630/config/squeeze_net_tosa_seed-42_ablation.yaml,train,epoch,train,thresholded_partition,threshold,247,247.0,0,247,False,False,5329.064453125,10472.696135754133,10742.194348397454,nan,nan,False,103,5687.159178330377,4831.909135635894,0.5554,0.6048,6504.66455078125,0.5008537173271179,nan,queue,queue,per_epoch_trace
squeeze_net_tosa,inputs/task_graph_topology/soda-benchmark-graphs/pytorch-graphs/squeeze_net_tosa.dot,/qfs/people/dass304/dass304/HWSWpartition/hw-sw-partition-metaheur/BatchExperiments/Ablation/diff_gnn_order_lssp_trace/squeeze_net_tosa/seed-42/run-20260412-140630/config/squeeze_net_tosa_seed-42_ablation.yaml,train,epoch,train,thresholded_partition,threshold,248,248.0,0,248,False,False,5377.46875,13668.35269315041,13999.005443444556,nan,nan,True,78,3958.008786105211,4831.909135635894,0.5536,0.6032,12129.224609375,0.4974893033504486,nan,queue,queue,per_epoch_trace
squeeze_net_tosa,inputs/task_graph_topology/soda-benchmark-graphs/pytorch-graphs/squeeze_net_tosa.dot,/qfs/people/dass304/dass304/HWSWpartition/hw-sw-partition-metaheur/BatchExperiments/Ablation/diff_gnn_order_lssp_trace/squeeze_net_tosa/seed-42/run-20260412-140630/config/squeeze_net_tosa_seed-42_ablation.yaml,train,epoch,train,thresholded_partition,threshold,249,249.0,0,249,False,False,5265.48388671875,11431.410615056893,12016.414541567021,nan,nan,True,98,4768.500428196184,4831.909135635894,0.5518000000000001,0.6015999999999999,16445.2734375,0.49672242999076843,nan,queue,queue,per_epoch_trace
squeeze_net_tosa,inputs/task_graph_topology/soda-benchmark-graphs/pytorch-graphs/squeeze_net_tosa.dot,/qfs/people/dass304/dass304/HWSWpartition/hw-sw-partition-metaheur/BatchExperiments/Ablation/diff_gnn_order_lssp_trace/squeeze_net_tosa/seed-42/run-20260412-140630/config/squeeze_net_tosa_seed-42_ablation.yaml,train,epoch,train,thresholded_partition,threshold,250,250.0,0,250,False,False,5348.92822265625,10618.757591897856,11127.17155057409,nan,nan,False,90,4842.392249412057,4831.909135635894,0.55,0.6,6052.2548828125,0.499477744102478,nan,queue,queue,per_epoch_trace
squeeze_net_tosa,inputs/task_graph_topology/soda-benchmark-graphs/pytorch-graphs/squeeze_net_tosa.dot,/qfs/people/dass304/dass304/HWSWpartition/hw-sw-partition-metaheur/BatchExperiments/Ablation/diff_gnn_order_lssp_trace/squeeze_net_tosa/seed-42/run-20260412-140630/config/squeeze_net_tosa_seed-42_ablation.yaml,train,epoch,train,thresholded_partition,threshold,251,251.0,0,251,False,False,5338.84521484375,12196.614910670154,12739.613138706207,nan,nan,False,93,5225.6517691960935,4831.909135635894,0.5482,0.5984,5907.12646484375,0.5003513693809509,nan,queue,queue,per_epoch_trace
squeeze_net_tosa,inputs/task_graph_topology/soda-benchmark-graphs/pytorch-graphs/squeeze_net_tosa.dot,/qfs/people/dass304/dass304/HWSWpartition/hw-sw-partition-metaheur/BatchExperiments/Ablation/diff_gnn_order_lssp_trace/squeeze_net_tosa/seed-42/run-20260412-140630/config/squeeze_net_tosa_seed-42_ablation.yaml,train,epoch,train,thresholded_partition,threshold,252,252.0,0,252,False,False,5353.97412109375,12832.867687956894,13318.188552792504,nan,nan,False,93,5402.541465474145,4831.909135635894,0.5464,0.5968,16136.47265625,0.5032166838645935,nan,queue,queue,per_epoch_trace
squeeze_net_tosa,inputs/task_graph_topology/soda-benchmark-graphs/pytorch-graphs/squeeze_net_tosa.dot,/qfs/people/dass304/dass304/HWSWpartition/hw-sw-partition-metaheur/BatchExperiments/Ablation/diff_gnn_order_lssp_trace/squeeze_net_tosa/seed-42/run-20260412-140630/config/squeeze_net_tosa_seed-42_ablation.yaml,train,epoch,train,thresholded_partition,threshold,253,253.0,0,253,False,False,5334.9375,11085.990773508593,11905.165664269201,nan,nan,True,92,4703.89999320171,4831.909135635894,0.5446,0.5952,7371.208984375,0.4987359046936035,nan,queue,queue,per_epoch_trace
squeeze_net_tosa,inputs/task_graph_topology/soda-benchmark-graphs/pytorch-graphs/squeeze_net_tosa.dot,/qfs/people/dass304/dass304/HWSWpartition/hw-sw-partition-metaheur/BatchExperiments/Ablation/diff_gnn_order_lssp_trace/squeeze_net_tosa/seed-42/run-20260412-140630/config/squeeze_net_tosa_seed-42_ablation.yaml,train,epoch,train,thresholded_partition,threshold,254,254.0,0,254,False,False,5225.54150390625,11592.253560078449,11839.91336372909,nan,nan,True,85,4708.1697260594365,4831.909135635894,0.5428,0.5935999999999999,6524.94921875,0.4990742802619934,nan,queue,queue,per_epoch_trace
squeeze_net_tosa,inputs/task_graph_topology/soda-benchmark-graphs/pytorch-graphs/squeeze_net_tosa.dot,/qfs/people/dass304/dass304/HWSWpartition/hw-sw-partition-metaheur/BatchExperiments/Ablation/diff_gnn_order_lssp_trace/squeeze_net_tosa/seed-42/run-20260412-140630/config/squeeze_net_tosa_seed-42_ablation.yaml,train,epoch,train,thresholded_partition,threshold,255,255.0,0,255,False,False,5268.53857421875,12166.659979990394,12234.176249934664,nan,nan,True,77,4081.7610012891373,4831.909135635894,0.5409999999999999,0.592,5704.75634765625,0.5000357031822205,nan,queue,queue,per_epoch_trace
squeeze_net_tosa,inputs/task_graph_topology/soda-benchmark-graphs/pytorch-graphs/squeeze_net_tosa.dot,/qfs/people/dass304/dass304/HWSWpartition/hw-sw-partition-metaheur/BatchExperiments/Ablation/diff_gnn_order_lssp_trace/squeeze_net_tosa/seed-42/run-20260412-140630/config/squeeze_net_tosa_seed-42_ablation.yaml,train,epoch,train,thresholded_partition,threshold,256,256.0,0,256,False,False,5264.16357421875,10872.39062376776,11304.728815979905,nan,nan,True,84,4702.962772275451,4831.909135635894,0.5391999999999999,0.5904,6522.8671875,0.5009087920188904,nan,queue,queue,per_epoch_trace
squeeze_net_tosa,inputs/task_graph_topology/soda-benchmark-graphs/pytorch-graphs/squeeze_net_tosa.dot,/qfs/people/dass304/dass304/HWSWpartition/hw-sw-partition-metaheur/BatchExperiments/Ablation/diff_gnn_order_lssp_trace/squeeze_net_tosa/seed-42/run-20260412-140630/config/squeeze_net_tosa_seed-42_ablation.yaml,train,epoch,train,thresholded_partition,threshold,257,257.0,0,257,False,False,5302.04833984375,12546.824385985798,13232.588928835343,nan,nan,True,80,4155.031748747553,4831.909135635894,0.5374,0.5888,6372.3955078125,0.4992051124572754,nan,queue,queue,per_epoch_trace
squeeze_net_tosa,inputs/task_graph_topology/soda-benchmark-graphs/pytorch-graphs/squeeze_net_tosa.dot,/qfs/people/dass304/dass304/HWSWpartition/hw-sw-partition-metaheur/BatchExperiments/Ablation/diff_gnn_order_lssp_trace/squeeze_net_tosa/seed-42/run-20260412-140630/config/squeeze_net_tosa_seed-42_ablation.yaml,train,epoch,train,thresholded_partition,threshold,258,258.0,0,258,False,False,5241.19384765625,11371.87534562896,11514.633630810564,nan,nan,True,78,4607.080994750285,4831.909135635894,0.5356,0.5871999999999999,23424.47265625,0.5042130351066589,nan,queue,queue,per_epoch_trace
squeeze_net_tosa,inputs/task_graph_topology/soda-benchmark-graphs/pytorch-graphs/squeeze_net_tosa.dot,/qfs/people/dass304/dass304/HWSWpartition/hw-sw-partition-metaheur/BatchExperiments/Ablation/diff_gnn_order_lssp_trace/squeeze_net_tosa/seed-42/run-20260412-140630/config/squeeze_net_tosa_seed-42_ablation.yaml,train,epoch,train,thresholded_partition,threshold,259,259.0,0,259,False,False,5274.0517578125,11099.982883163095,11409.05153927203,nan,nan,False,100,5525.927831949997,4831.909135635894,0.5338,0.5855999999999999,6420.94140625,0.5008419752120972,nan,queue,queue,per_epoch_trace
squeeze_net_tosa,inputs/task_graph_topology/soda-benchmark-graphs/pytorch-graphs/squeeze_net_tosa.dot,/qfs/people/dass304/dass304/HWSWpartition/hw-sw-partition-metaheur/BatchExperiments/Ablation/diff_gnn_order_lssp_trace/squeeze_net_tosa/seed-42/run-20260412-140630/config/squeeze_net_tosa_seed-42_ablation.yaml,train,epoch,train,thresholded_partition,threshold,260,260.0,0,260,False,False,5239.20556640625,12281.71281629078,12394.694466699353,nan,nan,True,79,4329.080896969423,4831.909135635894,0.532,0.584,6228.55029296875,0.49925389885902405,nan,queue,queue,per_epoch_trace
squeeze_net_tosa,inputs/task_graph_topology/soda-benchmark-graphs/pytorch-graphs/squeeze_net_tosa.dot,/qfs/people/dass304/dass304/HWSWpartition/hw-sw-partition-metaheur/BatchExperiments/Ablation/diff_gnn_order_lssp_trace/squeeze_net_tosa/seed-42/run-20260412-140630/config/squeeze_net_tosa_seed-42_ablation.yaml,train,epoch,train,thresholded_partition,threshold,261,261.0,0,261,False,False,5356.9462890625,11817.547996868465,12306.47927305947,nan,nan,True,82,4430.78485878423,4831.909135635894,0.5302,0.5824,8593.1162109375,0.49832668900489807,nan,queue,queue,per_epoch_trace
squeeze_net_tosa,inputs/task_graph_topology/soda-benchmark-graphs/pytorch-graphs/squeeze_net_tosa.dot,/qfs/people/dass304/dass304/HWSWpartition/hw-sw-partition-metaheur/BatchExperiments/Ablation/diff_gnn_order_lssp_trace/squeeze_net_tosa/seed-42/run-20260412-140630/config/squeeze_net_tosa_seed-42_ablation.yaml,train,epoch,train,thresholded_partition,threshold,262,262.0,0,262,False,False,5179.93603515625,13575.810462656658,13606.90938926735,nan,nan,False,94,5115.519557879367,4831.909135635894,0.5284,0.5808,5904.46435546875,0.5005368590354919,nan,queue,queue,per_epoch_trace
squeeze_net_tosa,inputs/task_graph_topology/soda-benchmark-graphs/pytorch-graphs/squeeze_net_tosa.dot,/qfs/people/dass304/dass304/HWSWpartition/hw-sw-partition-metaheur/BatchExperiments/Ablation/diff_gnn_order_lssp_trace/squeeze_net_tosa/seed-42/run-20260412-140630/config/squeeze_net_tosa_seed-42_ablation.yaml,train,epoch,train,thresholded_partition,threshold,263,263.0,0,263,False,False,5290.1533203125,12204.319438869723,12567.29579903362,nan,nan,True,91,4648.371222361265,4831.909135635894,0.5266,0.5791999999999999,6144.0771484375,0.4993499517440796,nan,queue,queue,per_epoch_trace
squeeze_net_tosa,inputs/task_graph_topology/soda-benchmark-graphs/pytorch-graphs/squeeze_net_tosa.dot,/qfs/people/dass304/dass304/HWSWpartition/hw-sw-partition-metaheur/BatchExperiments/Ablation/diff_gnn_order_lssp_trace/squeeze_net_tosa/seed-42/run-20260412-140630/config/squeeze_net_tosa_seed-42_ablation.yaml,train,epoch,train,thresholded_partition,threshold,264,264.0,0,264,False,False,5268.265625,12042.635293343377,12365.473941269733,nan,nan,True,86,4667.7759600215495,4831.909135635894,0.5247999999999999,0.5775999999999999,5766.00634765625,0.49975109100341797,nan,queue,queue,per_epoch_trace
squeeze_net_tosa,inputs/task_graph_topology/soda-benchmark-graphs/pytorch-graphs/squeeze_net_tosa.dot,/qfs/people/dass304/dass304/HWSWpartition/hw-sw-partition-metaheur/BatchExperiments/Ablation/diff_gnn_order_lssp_trace/squeeze_net_tosa/seed-42/run-20260412-140630/config/squeeze_net_tosa_seed-42_ablation.yaml,train,epoch,train,thresholded_partition,threshold,265,265.0,0,265,False,False,5283.66748046875,10438.282095456905,10770.658060472804,nan,nan,True,85,4506.988928333429,4831.909135635894,0.5229999999999999,0.576,7770.791015625,0.49856603145599365,nan,queue,queue,per_epoch_trace
squeeze_net_tosa,inputs/task_graph_topology/soda-benchmark-graphs/pytorch-graphs/squeeze_net_tosa.dot,/qfs/people/dass304/dass304/HWSWpartition/hw-sw-partition-metaheur/BatchExperiments/Ablation/diff_gnn_order_lssp_trace/squeeze_net_tosa/seed-42/run-20260412-140630/config/squeeze_net_tosa_seed-42_ablation.yaml,train,epoch,train,thresholded_partition,threshold,266,266.0,0,266,False,False,5304.31396484375,12447.74289933879,12738.235520847053,nan,nan,False,96,5289.693650997287,4831.909135635894,0.5211999999999999,0.5744,8861.8544921875,0.49823352694511414,nan,queue,queue,per_epoch_trace
squeeze_net_tosa,inputs/task_graph_topology/soda-benchmark-graphs/pytorch-graphs/squeeze_net_tosa.dot,/qfs/people/dass304/dass304/HWSWpartition/hw-sw-partition-metaheur/BatchExperiments/Ablation/diff_gnn_order_lssp_trace/squeeze_net_tosa/seed-42/run-20260412-140630/config/squeeze_net_tosa_seed-42_ablation.yaml,train,epoch,train,thresholded_partition,threshold,267,267.0,0,267,False,False,5174.14697265625,11934.97093310762,12093.877121171028,nan,nan,False,102,5552.371153409458,4831.909135635894,0.5194,0.5728,7664.16455078125,0.49856534600257874,nan,queue,queue,per_epoch_trace
squeeze_net_tosa,inputs/task_graph_topology/soda-benchmark-graphs/pytorch-graphs/squeeze_net_tosa.dot,/qfs/people/dass304/dass304/HWSWpartition/hw-sw-partition-metaheur/BatchExperiments/Ablation/diff_gnn_order_lssp_trace/squeeze_net_tosa/seed-42/run-20260412-140630/config/squeeze_net_tosa_seed-42_ablation.yaml,train,epoch,train,thresholded_partition,threshold,268,268.0,0,268,False,False,5240.23681640625,11308.582078406767,11458.690819982197,nan,nan,True,80,4668.631608095966,4831.909135635894,0.5176,0.5711999999999999,11414.4052734375,0.5023953914642334,nan,queue,queue,per_epoch_trace
squeeze_net_tosa,inputs/task_graph_topology/soda-benchmark-graphs/pytorch-graphs/squeeze_net_tosa.dot,/qfs/people/dass304/dass304/HWSWpartition/hw-sw-partition-metaheur/BatchExperiments/Ablation/diff_gnn_order_lssp_trace/squeeze_net_tosa/seed-42/run-20260412-140630/config/squeeze_net_tosa_seed-42_ablation.yaml,train,epoch,train,thresholded_partition,threshold,269,269.0,0,269,False,False,5238.525390625,9773.788521278299,9904.24629281847,nan,nan,False,91,5464.148956190885,4831.909135635894,0.5158,0.5695999999999999,10343.8291015625,0.5021606087684631,nan,queue,queue,per_epoch_trace
squeeze_net_tosa,inputs/task_graph_topology/soda-benchmark-graphs/pytorch-graphs/squeeze_net_tosa.dot,/qfs/people/dass304/dass304/HWSWpartition/hw-sw-partition-metaheur/BatchExperiments/Ablation/diff_gnn_order_lssp_trace/squeeze_net_tosa/seed-42/run-20260412-140630/config/squeeze_net_tosa_seed-42_ablation.yaml,train,epoch,train,thresholded_partition,threshold,270,270.0,0,270,False,False,5316.80615234375,12797.407960837934,13489.59075691856,nan,nan,False,93,5184.139078919444,4831.909135635894,0.514,0.568,5805.91162109375,0.5002402663230896,nan,queue,queue,per_epoch_trace
squeeze_net_tosa,inputs/task_graph_topology/soda-benchmark-graphs/pytorch-graphs/squeeze_net_tosa.dot,/qfs/people/dass304/dass304/HWSWpartition/hw-sw-partition-metaheur/BatchExperiments/Ablation/diff_gnn_order_lssp_trace/squeeze_net_tosa/seed-42/run-20260412-140630/config/squeeze_net_tosa_seed-42_ablation.yaml,train,epoch,train,thresholded_partition,threshold,271,271.0,0,271,False,False,5261.52099609375,12977.805413120908,13105.811005302407,nan,nan,True,83,4788.953346309137,4831.909135635894,0.5122,0.5664,7223.322265625,0.5012357831001282,nan,queue,queue,per_epoch_trace
squeeze_net_tosa,inputs/task_graph_topology/soda-benchmark-graphs/pytorch-graphs/squeeze_net_tosa.dot,/qfs/people/dass304/dass304/HWSWpartition/hw-sw-partition-metaheur/BatchExperiments/Ablation/diff_gnn_order_lssp_trace/squeeze_net_tosa/seed-42/run-20260412-140630/config/squeeze_net_tosa_seed-42_ablation.yaml,train,epoch,train,thresholded_partition,threshold,272,272.0,0,272,False,False,5334.4609375,12629.146281887144,13252.025466712048,nan,nan,False,89,5094.896472500751,4831.909135635894,0.5104,0.5648,10802.650390625,0.5022427439689636,nan,queue,queue,per_epoch_trace
squeeze_net_tosa,inputs/task_graph_topology/soda-benchmark-graphs/pytorch-graphs/squeeze_net_tosa.dot,/qfs/people/dass304/dass304/HWSWpartition/hw-sw-partition-metaheur/BatchExperiments/Ablation/diff_gnn_order_lssp_trace/squeeze_net_tosa/seed-42/run-20260412-140630/config/squeeze_net_tosa_seed-42_ablation.yaml,train,epoch,train,thresholded_partition,threshold,273,273.0,0,273,False,False,5240.017578125,10637.55970589209,10852.853067562944,nan,nan,False,93,5234.069032811441,4831.909135635894,0.5085999999999999,0.5631999999999999,5682.1396484375,0.5000323057174683,nan,queue,queue,per_epoch_trace
squeeze_net_tosa,inputs/task_graph_topology/soda-benchmark-graphs/pytorch-graphs/squeeze_net_tosa.dot,/qfs/people/dass304/dass304/HWSWpartition/hw-sw-partition-metaheur/BatchExperiments/Ablation/diff_gnn_order_lssp_trace/squeeze_net_tosa/seed-42/run-20260412-140630/config/squeeze_net_tosa_seed-42_ablation.yaml,train,epoch,train,thresholded_partition,threshold,274,274.0,0,274,False,False,5381.04150390625,12653.15346017255,13129.144020860012,nan,nan,True,87,4568.136869696427,4831.909135635894,0.5067999999999999,0.5615999999999999,6401.47265625,0.4992346167564392,nan,queue,queue,per_epoch_trace
squeeze_net_tosa,inputs/task_graph_topology/soda-benchmark-graphs/pytorch-graphs/squeeze_net_tosa.dot,/qfs/people/dass304/dass304/HWSWpartition/hw-sw-partition-metaheur/BatchExperiments/Ablation/diff_gnn_order_lssp_trace/squeeze_net_tosa/seed-42/run-20260412-140630/config/squeeze_net_tosa_seed-42_ablation.yaml,train,epoch,train,thresholded_partition,threshold,275,275.0,0,275,False,False,5288.94189453125,10896.536073574378,11619.029357910704,nan,nan,False,90,4841.061742865986,4831.909135635894,0.5049999999999999,0.5599999999999999,5730.79833984375,0.4999110996723175,nan,queue,queue,per_epoch_trace
squeeze_net_tosa,inputs/task_graph_topology/soda-benchmark-graphs/pytorch-graphs/squeeze_net_tosa.dot,/qfs/people/dass304/dass304/HWSWpartition/hw-sw-partition-metaheur/BatchExperiments/Ablation/diff_gnn_order_lssp_trace/squeeze_net_tosa/seed-42/run-20260412-140630/config/squeeze_net_tosa_seed-42_ablation.yaml,train,epoch,train,thresholded_partition,threshold,276,276.0,0,276,False,False,5193.74169921875,12460.176550356126,13330.5672335772,nan,nan,True,90,4775.793358121007,4831.909135635894,0.5031999999999999,0.5584,5673.69873046875,0.4997909665107727,nan,queue,queue,per_epoch_trace
squeeze_net_tosa,inputs/task_graph_topology/soda-benchmark-graphs/pytorch-graphs/squeeze_net_tosa.dot,/qfs/people/dass304/dass304/HWSWpartition/hw-sw-partition-metaheur/BatchExperiments/Ablation/diff_gnn_order_lssp_trace/squeeze_net_tosa/seed-42/run-20260412-140630/config/squeeze_net_tosa_seed-42_ablation.yaml,train,epoch,train,thresholded_partition,threshold,277,277.0,0,277,False,False,5246.05322265625,12985.28778905449,13761.134434274813,nan,nan,False,89,5217.680319931239,4831.909135635894,0.5014,0.5568,10695.7109375,0.5022397041320801,nan,queue,queue,per_epoch_trace
squeeze_net_tosa,inputs/task_graph_topology/soda-benchmark-graphs/pytorch-graphs/squeeze_net_tosa.dot,/qfs/people/dass304/dass304/HWSWpartition/hw-sw-partition-metaheur/BatchExperiments/Ablation/diff_gnn_order_lssp_trace/squeeze_net_tosa/seed-42/run-20260412-140630/config/squeeze_net_tosa_seed-42_ablation.yaml,train,epoch,train,thresholded_partition,threshold,278,278.0,0,278,False,False,5258.69775390625,11131.367403191749,11251.893732322453,nan,nan,True,81,4784.160221420599,4831.909135635894,0.49959999999999993,0.5551999999999999,5756.583984375,0.5002524256706238,nan,queue,queue,per_epoch_trace
squeeze_net_tosa,inputs/task_graph_topology/soda-benchmark-graphs/pytorch-graphs/squeeze_net_tosa.dot,/qfs/people/dass304/dass304/HWSWpartition/hw-sw-partition-metaheur/BatchExperiments/Ablation/diff_gnn_order_lssp_trace/squeeze_net_tosa/seed-42/run-20260412-140630/config/squeeze_net_tosa_seed-42_ablation.yaml,train,epoch,train,thresholded_partition,threshold,279,279.0,0,279,False,False,5279.4150390625,10850.669218210915,10791.19156845125,nan,nan,True,84,4486.969670774918,4831.909135635894,0.4977999999999999,0.5535999999999999,5728.39306640625,0.5000905990600586,nan,queue,queue,per_epoch_trace
squeeze_net_tosa,inputs/task_graph_topology/soda-benchmark-graphs/pytorch-graphs/squeeze_net_tosa.dot,/qfs/people/dass304/dass304/HWSWpartition/hw-sw-partition-metaheur/BatchExperiments/Ablation/diff_gnn_order_lssp_trace/squeeze_net_tosa/seed-42/run-20260412-140630/config/squeeze_net_tosa_seed-42_ablation.yaml,train,epoch,train,thresholded_partition,threshold,280,280.0,0,280,False,False,5295.18310546875,11958.614681602397,12744.741507479652,nan,nan,False,89,5326.398103108161,4831.909135635894,0.4959999999999999,0.5519999999999999,19459.34375,0.5037041306495667,nan,queue,queue,per_epoch_trace
squeeze_net_tosa,inputs/task_graph_topology/soda-benchmark-graphs/pytorch-graphs/squeeze_net_tosa.dot,/qfs/people/dass304/dass304/HWSWpartition/hw-sw-partition-metaheur/BatchExperiments/Ablation/diff_gnn_order_lssp_trace/squeeze_net_tosa/seed-42/run-20260412-140630/config/squeeze_net_tosa_seed-42_ablation.yaml,train,epoch,train,thresholded_partition,threshold,281,281.0,0,281,False,False,5337.85498046875,11858.090661484923,12149.442833893196,nan,nan,True,91,4686.900492589218,4831.909135635894,0.4942,0.5504,8634.5966796875,0.49831002950668335,nan,queue,queue,per_epoch_trace
squeeze_net_tosa,inputs/task_graph_topology/soda-benchmark-graphs/pytorch-graphs/squeeze_net_tosa.dot,/qfs/people/dass304/dass304/HWSWpartition/hw-sw-partition-metaheur/BatchExperiments/Ablation/diff_gnn_order_lssp_trace/squeeze_net_tosa/seed-42/run-20260412-140630/config/squeeze_net_tosa_seed-42_ablation.yaml,train,epoch,train,thresholded_partition,threshold,282,282.0,0,282,False,False,5302.55615234375,11085.4540106339,11501.3098605183,nan,nan,True,80,4721.110004634987,4831.909135635894,0.49240000000000006,0.5488,6213.92236328125,0.5006898045539856,nan,queue,queue,per_epoch_trace
squeeze_net_tosa,inputs/task_graph_topology/soda-benchmark-graphs/pytorch-graphs/squeeze_net_tosa.dot,/qfs/people/dass304/dass304/HWSWpartition/hw-sw-partition-metaheur/BatchExperiments/Ablation/diff_gnn_order_lssp_trace/squeeze_net_tosa/seed-42/run-20260412-140630/config/squeeze_net_tosa_seed-42_ablation.yaml,train,epoch,train,thresholded_partition,threshold,283,283.0,0,283,False,False,5321.64306640625,12350.371984020652,12456.156135297464,nan,nan,False,84,4910.268757406335,4831.909135635894,0.49060000000000004,0.5472,14349.15234375,0.5029308795928955,nan,queue,queue,per_epoch_trace
squeeze_net_tosa,inputs/task_graph_topology/soda-benchmark-graphs/pytorch-graphs/squeeze_net_tosa.dot,/qfs/people/dass304/dass304/HWSWpartition/hw-sw-partition-metaheur/BatchExperiments/Ablation/diff_gnn_order_lssp_trace/squeeze_net_tosa/seed-42/run-20260412-140630/config/squeeze_net_tosa_seed-42_ablation.yaml,train,epoch,train,thresholded_partition,threshold,284,284.0,0,284,False,False,5224.3056640625,11645.49438303044,11974.407573426666,nan,nan,False,90,5097.535700657517,4831.909135635894,0.4888,0.5456000000000001,10182.537109375,0.5021271705627441,nan,queue,queue,per_epoch_trace
squeeze_net_tosa,inputs/task_graph_topology/soda-benchmark-graphs/pytorch-graphs/squeeze_net_tosa.dot,/qfs/people/dass304/dass304/HWSWpartition/hw-sw-partition-metaheur/BatchExperiments/Ablation/diff_gnn_order_lssp_trace/squeeze_net_tosa/seed-42/run-20260412-140630/config/squeeze_net_tosa_seed-42_ablation.yaml,train,epoch,train,thresholded_partition,threshold,285,285.0,0,285,False,False,5307.78857421875,10527.599119379578,11059.031178602321,nan,nan,False,92,4850.481724232485,4831.909135635894,0.487,0.544,6496.1298828125,0.4991336166858673,nan,queue,queue,per_epoch_trace
squeeze_net_tosa,inputs/task_graph_topology/soda-benchmark-graphs/pytorch-graphs/squeeze_net_tosa.dot,/qfs/people/dass304/dass304/HWSWpartition/hw-sw-partition-metaheur/BatchExperiments/Ablation/diff_gnn_order_lssp_trace/squeeze_net_tosa/seed-42/run-20260412-140630/config/squeeze_net_tosa_seed-42_ablation.yaml,train,epoch,train,thresholded_partition,threshold,286,286.0,0,286,False,False,5305.0869140625,11107.739952642325,11924.829337070209,nan,nan,True,85,4612.343828284278,4831.909135635894,0.4852000000000001,0.5424,6416.85498046875,0.4991764426231384,nan,queue,queue,per_epoch_trace
squeeze_net_tosa,inputs/task_graph_topology/soda-benchmark-graphs/pytorch-graphs/squeeze_net_tosa.dot,/qfs/people/dass304/dass304/HWSWpartition/hw-sw-partition-metaheur/BatchExperiments/Ablation/diff_gnn_order_lssp_trace/squeeze_net_tosa/seed-42/run-20260412-140630/config/squeeze_net_tosa_seed-42_ablation.yaml,train,epoch,train,thresholded_partition,threshold,287,287.0,0,287,False,False,5228.9736328125,11718.674571573963,12041.599914155646,nan,nan,False,92,4948.3078770446955,4831.909135635894,0.48340000000000005,0.5408,11199.7880859375,0.4976471960544586,nan,queue,queue,per_epoch_trace
squeeze_net_tosa,inputs/task_graph_topology/soda-benchmark-graphs/pytorch-graphs/squeeze_net_tosa.dot,/qfs/people/dass304/dass304/HWSWpartition/hw-sw-partition-metaheur/BatchExperiments/Ablation/diff_gnn_order_lssp_trace/squeeze_net_tosa/seed-42/run-20260412-140630/config/squeeze_net_tosa_seed-42_ablation.yaml,train,epoch,train,thresholded_partition,threshold,288,288.0,0,288,False,False,5304.76123046875,11120.254818086756,11333.449880288244,nan,nan,True,78,4163.783694575438,4831.909135635894,0.48160000000000003,0.5392,7190.22265625,0.49879562854766846,nan,queue,queue,per_epoch_trace
squeeze_net_tosa,inputs/task_graph_topology/soda-benchmark-graphs/pytorch-graphs/squeeze_net_tosa.dot,/qfs/people/dass304/dass304/HWSWpartition/hw-sw-partition-metaheur/BatchExperiments/Ablation/diff_gnn_order_lssp_trace/squeeze_net_tosa/seed-42/run-20260412-140630/config/squeeze_net_tosa_seed-42_ablation.yaml,train,epoch,train,thresholded_partition,threshold,289,289.0,0,289,False,False,5337.58544921875,12410.069687598112,12601.13543661352,nan,nan,False,96,5139.986313230686,4831.909135635894,0.4798,0.5376000000000001,5955.3544921875,0.5004200339317322,nan,queue,queue,per_epoch_trace
squeeze_net_tosa,inputs/task_graph_topology/soda-benchmark-graphs/pytorch-graphs/squeeze_net_tosa.dot,/qfs/people/dass304/dass304/HWSWpartition/hw-sw-partition-metaheur/BatchExperiments/Ablation/diff_gnn_order_lssp_trace/squeeze_net_tosa/seed-42/run-20260412-140630/config/squeeze_net_tosa_seed-42_ablation.yaml,train,epoch,train,thresholded_partition,threshold,290,290.0,0,290,False,False,5357.244140625,12319.062407963362,12499.104300799607,nan,nan,True,85,4797.264019457105,4831.909135635894,0.478,0.536,10162.1611328125,0.5020868182182312,nan,queue,queue,per_epoch_trace
squeeze_net_tosa,inputs/task_graph_topology/soda-benchmark-graphs/pytorch-graphs/squeeze_net_tosa.dot,/qfs/people/dass304/dass304/HWSWpartition/hw-sw-partition-metaheur/BatchExperiments/Ablation/diff_gnn_order_lssp_trace/squeeze_net_tosa/seed-42/run-20260412-140630/config/squeeze_net_tosa_seed-42_ablation.yaml,train,epoch,train,thresholded_partition,threshold,291,291.0,0,291,False,False,5234.1103515625,12087.72521674623,12788.904344408753,nan,nan,True,88,4756.781263050329,4831.909135635894,0.47620000000000007,0.5344,5676.1689453125,0.4999946355819702,nan,queue,queue,per_epoch_trace
squeeze_net_tosa,inputs/task_graph_topology/soda-benchmark-graphs/pytorch-graphs/squeeze_net_tosa.dot,/qfs/people/dass304/dass304/HWSWpartition/hw-sw-partition-metaheur/BatchExperiments/Ablation/diff_gnn_order_lssp_trace/squeeze_net_tosa/seed-42/run-20260412-140630/config/squeeze_net_tosa_seed-42_ablation.yaml,train,epoch,train,thresholded_partition,threshold,292,292.0,0,292,False,False,5337.4658203125,12677.79742342081,13000.413215688224,nan,nan,False,103,5508.052999947035,4831.909135635894,0.47440000000000004,0.5327999999999999,7720.1005859375,0.4986089766025543,nan,queue,queue,per_epoch_trace
squeeze_net_tosa,inputs/task_graph_topology/soda-benchmark-graphs/pytorch-graphs/squeeze_net_tosa.dot,/qfs/people/dass304/dass304/HWSWpartition/hw-sw-partition-metaheur/BatchExperiments/Ablation/diff_gnn_order_lssp_trace/squeeze_net_tosa/seed-42/run-20260412-140630/config/squeeze_net_tosa_seed-42_ablation.yaml,train,epoch,train,thresholded_partition,threshold,293,293.0,0,293,False,False,5249.42919921875,11161.714710103626,11314.435354490965,nan,nan,False,99,5231.485390752029,4831.909135635894,0.4726,0.5312,5719.35302734375,0.4998073875904083,nan,queue,queue,per_epoch_trace
squeeze_net_tosa,inputs/task_graph_topology/soda-benchmark-graphs/pytorch-graphs/squeeze_net_tosa.dot,/qfs/people/dass304/dass304/HWSWpartition/hw-sw-partition-metaheur/BatchExperiments/Ablation/diff_gnn_order_lssp_trace/squeeze_net_tosa/seed-42/run-20260412-140630/config/squeeze_net_tosa_seed-42_ablation.yaml,train,epoch,train,thresholded_partition,threshold,294,294.0,0,294,False,False,5282.892578125,11402.499244705283,11676.630714391695,nan,nan,True,82,4360.732537362934,4831.909135635894,0.4708,0.5296000000000001,6244.662109375,0.49927443265914917,nan,queue,queue,per_epoch_trace
squeeze_net_tosa,inputs/task_graph_topology/soda-benchmark-graphs/pytorch-graphs/squeeze_net_tosa.dot,/qfs/people/dass304/dass304/HWSWpartition/hw-sw-partition-metaheur/BatchExperiments/Ablation/diff_gnn_order_lssp_trace/squeeze_net_tosa/seed-42/run-20260412-140630/config/squeeze_net_tosa_seed-42_ablation.yaml,train,epoch,train,thresholded_partition,threshold,295,295.0,0,295,False,False,5384.25048828125,13252.093881402852,13805.343867154934,nan,nan,False,96,5276.329345596502,4831.909135635894,0.469,0.528,5932.1728515625,0.5003198981285095,nan,queue,queue,per_epoch_trace
squeeze_net_tosa,inputs/task_graph_topology/soda-benchmark-graphs/pytorch-graphs/squeeze_net_tosa.dot,/qfs/people/dass304/dass304/HWSWpartition/hw-sw-partition-metaheur/BatchExperiments/Ablation/diff_gnn_order_lssp_trace/squeeze_net_tosa/seed-42/run-20260412-140630/config/squeeze_net_tosa_seed-42_ablation.yaml,train,epoch,train,thresholded_partition,threshold,296,296.0,0,296,False,False,5268.80126953125,12029.472276635823,12761.325464680069,nan,nan,False,92,4987.269598984512,4831.909135635894,0.46720000000000006,0.5264,5954.49462890625,0.5004976987838745,nan,queue,queue,per_epoch_trace
squeeze_net_tosa,inputs/task_graph_topology/soda-benchmark-graphs/pytorch-graphs/squeeze_net_tosa.dot,/qfs/people/dass304/dass304/HWSWpartition/hw-sw-partition-metaheur/BatchExperiments/Ablation/diff_gnn_order_lssp_trace/squeeze_net_tosa/seed-42/run-20260412-140630/config/squeeze_net_tosa_seed-42_ablation.yaml,train,epoch,train,thresholded_partition,threshold,297,297.0,0,297,False,False,5264.75244140625,12427.452867358536,12650.362774843397,nan,nan,True,83,4650.884624089936,4831.909135635894,0.46540000000000004,0.5247999999999999,6683.61474609375,0.5009920597076416,nan,queue,queue,per_epoch_trace
squeeze_net_tosa,inputs/task_graph_topology/soda-benchmark-graphs/pytorch-graphs/squeeze_net_tosa.dot,/qfs/people/dass304/dass304/HWSWpartition/hw-sw-partition-metaheur/BatchExperiments/Ablation/diff_gnn_order_lssp_trace/squeeze_net_tosa/seed-42/run-20260412-140630/config/squeeze_net_tosa_seed-42_ablation.yaml,train,epoch,train,thresholded_partition,threshold,298,298.0,0,298,False,False,5303.23046875,12323.728113935147,12684.144884169957,nan,nan,False,93,4886.167180813613,4831.909135635894,0.4636,0.5232,6452.92626953125,0.49915653467178345,nan,queue,queue,per_epoch_trace
squeeze_net_tosa,inputs/task_graph_topology/soda-benchmark-graphs/pytorch-graphs/squeeze_net_tosa.dot,/qfs/people/dass304/dass304/HWSWpartition/hw-sw-partition-metaheur/BatchExperiments/Ablation/diff_gnn_order_lssp_trace/squeeze_net_tosa/seed-42/run-20260412-140630/config/squeeze_net_tosa_seed-42_ablation.yaml,train,epoch,train,thresholded_partition,threshold,299,299.0,0,299,False,False,5332.7822265625,11042.61945698452,11518.139524894523,nan,nan,True,84,4399.7699171906115,4831.909135635894,0.4618,0.5216000000000001,5814.5078125,0.5002064108848572,nan,queue,queue,per_epoch_trace
squeeze_net_tosa,inputs/task_graph_topology/soda-benchmark-graphs/pytorch-graphs/squeeze_net_tosa.dot,/qfs/people/dass304/dass304/HWSWpartition/hw-sw-partition-metaheur/BatchExperiments/Ablation/diff_gnn_order_lssp_trace/squeeze_net_tosa/seed-42/run-20260412-140630/config/squeeze_net_tosa_seed-42_ablation.yaml,train,epoch,train,thresholded_partition,threshold,300,300.0,0,300,False,False,5390.79833984375,12645.656700143103,12848.053095339874,nan,nan,True,82,3908.0165614150983,4831.909135635894,0.45999999999999996,0.52,9285.951171875,0.4981428384780884,nan,queue,queue,per_epoch_trace
squeeze_net_tosa,inputs/task_graph_topology/soda-benchmark-graphs/pytorch-graphs/squeeze_net_tosa.dot,/qfs/people/dass304/dass304/HWSWpartition/hw-sw-partition-metaheur/BatchExperiments/Ablation/diff_gnn_order_lssp_trace/squeeze_net_tosa/seed-42/run-20260412-140630/config/squeeze_net_tosa_seed-42_ablation.yaml,train,epoch,train,thresholded_partition,threshold,301,301.0,0,301,False,False,5280.34033203125,11907.708264357849,12181.120856133915,nan,nan,True,89,4355.746494372301,4831.909135635894,0.45820000000000005,0.5184,9067.896484375,0.49817243218421936,nan,queue,queue,per_epoch_trace
squeeze_net_tosa,inputs/task_graph_topology/soda-benchmark-graphs/pytorch-graphs/squeeze_net_tosa.dot,/qfs/people/dass304/dass304/HWSWpartition/hw-sw-partition-metaheur/BatchExperiments/Ablation/diff_gnn_order_lssp_trace/squeeze_net_tosa/seed-42/run-20260412-140630/config/squeeze_net_tosa_seed-42_ablation.yaml,train,epoch,train,thresholded_partition,threshold,302,302.0,0,302,False,False,5221.31982421875,12769.408819217586,13115.878369028585,nan,nan,True,91,4675.211666040129,4831.909135635894,0.45640000000000003,0.5167999999999999,7952.701171875,0.49848610162734985,nan,queue,queue,per_epoch_trace
squeeze_net_tosa,inputs/task_graph_topology/soda-benchmark-graphs/pytorch-graphs/squeeze_net_tosa.dot,/qfs/people/dass304/dass304/HWSWpartition/hw-sw-partition-metaheur/BatchExperiments/Ablation/diff_gnn_order_lssp_trace/squeeze_net_tosa/seed-42/run-20260412-140630/config/squeeze_net_tosa_seed-42_ablation.yaml,train,epoch,train,thresholded_partition,threshold,303,303.0,0,303,False,False,5383.2158203125,12248.147862536722,12825.015102616575,nan,nan,False,88,5007.38607442856,4831.909135635894,0.4546,0.5152,5833.18603515625,0.5000865459442139,nan,queue,queue,per_epoch_trace
squeeze_net_tosa,inputs/task_graph_topology/soda-benchmark-graphs/pytorch-graphs/squeeze_net_tosa.dot,/qfs/people/dass304/dass304/HWSWpartition/hw-sw-partition-metaheur/BatchExperiments/Ablation/diff_gnn_order_lssp_trace/squeeze_net_tosa/seed-42/run-20260412-140630/config/squeeze_net_tosa_seed-42_ablation.yaml,train,epoch,train,thresholded_partition,threshold,304,304.0,0,304,False,False,5296.181640625,10440.322067026109,10957.571218447647,nan,nan,False,93,4906.823485485314,4831.909135635894,0.4528,0.5136000000000001,6739.35986328125,0.4989948570728302,nan,queue,queue,per_epoch_trace
squeeze_net_tosa,inputs/task_graph_topology/soda-benchmark-graphs/pytorch-graphs/squeeze_net_tosa.dot,/qfs/people/dass304/dass304/HWSWpartition/hw-sw-partition-metaheur/BatchExperiments/Ablation/diff_gnn_order_lssp_trace/squeeze_net_tosa/seed-42/run-20260412-140630/config/squeeze_net_tosa_seed-42_ablation.yaml,train,epoch,train,thresholded_partition,threshold,305,305.0,0,305,False,False,5299.794921875,12381.061361446571,12819.777780851708,nan,nan,True,89,4647.458798585617,4831.909135635894,0.45099999999999996,0.512,10392.69921875,0.4978444278240204,nan,queue,queue,per_epoch_trace
squeeze_net_tosa,inputs/task_graph_topology/soda-benchmark-graphs/pytorch-graphs/squeeze_net_tosa.dot,/qfs/people/dass304/dass304/HWSWpartition/hw-sw-partition-metaheur/BatchExperiments/Ablation/diff_gnn_order_lssp_trace/squeeze_net_tosa/seed-42/run-20260412-140630/config/squeeze_net_tosa_seed-42_ablation.yaml,train,epoch,train,thresholded_partition,threshold,306,306.0,0,306,False,False,5308.28173828125,12980.94898898252,13385.483474079922,nan,nan,False,98,5182.298137714513,4831.909135635894,0.44920000000000004,0.5104,10457.4931640625,0.4978303611278534,nan,queue,queue,per_epoch_trace
squeeze_net_tosa,inputs/task_graph_topology/soda-benchmark-graphs/pytorch-graphs/squeeze_net_tosa.dot,/qfs/people/dass304/dass304/HWSWpartition/hw-sw-partition-metaheur/BatchExperiments/Ablation/diff_gnn_order_lssp_trace/squeeze_net_tosa/seed-42/run-20260412-140630/config/squeeze_net_tosa_seed-42_ablation.yaml,train,epoch,train,thresholded_partition,threshold,307,307.0,0,307,False,False,5300.65771484375,13979.209005540602,13972.383968082884,nan,nan,False,92,4843.776039326135,4831.909135635894,0.4474,0.5087999999999999,5857.52734375,0.49966374039649963,nan,queue,queue,per_epoch_trace
squeeze_net_tosa,inputs/task_graph_topology/soda-benchmark-graphs/pytorch-graphs/squeeze_net_tosa.dot,/qfs/people/dass304/dass304/HWSWpartition/hw-sw-partition-metaheur/BatchExperiments/Ablation/diff_gnn_order_lssp_trace/squeeze_net_tosa/seed-42/run-20260412-140630/config/squeeze_net_tosa_seed-42_ablation.yaml,train,epoch,train,thresholded_partition,threshold,308,308.0,0,308,False,False,5362.46240234375,11647.223678795846,12425.719530740605,nan,nan,False,98,5381.891975891471,4831.909135635894,0.4456,0.5072,6051.31982421875,0.4995020031929016,nan,queue,queue,per_epoch_trace
squeeze_net_tosa,inputs/task_graph_topology/soda-benchmark-graphs/pytorch-graphs/squeeze_net_tosa.dot,/qfs/people/dass304/dass304/HWSWpartition/hw-sw-partition-metaheur/BatchExperiments/Ablation/diff_gnn_order_lssp_trace/squeeze_net_tosa/seed-42/run-20260412-140630/config/squeeze_net_tosa_seed-42_ablation.yaml,train,epoch,train,thresholded_partition,threshold,309,309.0,0,309,False,False,5341.65771484375,13339.574826360546,13634.557837469907,nan,nan,True,84,4437.621412685041,4831.909135635894,0.4438,0.5056,5912.41748046875,0.5003683567047119,nan,queue,queue,per_epoch_trace
squeeze_net_tosa,inputs/task_graph_topology/soda-benchmark-graphs/pytorch-graphs/squeeze_net_tosa.dot,/qfs/people/dass304/dass304/HWSWpartition/hw-sw-partition-metaheur/BatchExperiments/Ablation/diff_gnn_order_lssp_trace/squeeze_net_tosa/seed-42/run-20260412-140630/config/squeeze_net_tosa_seed-42_ablation.yaml,train,epoch,train,thresholded_partition,threshold,310,310.0,0,310,False,False,5337.34814453125,13441.110032709894,14392.427870099576,nan,nan,False,95,5282.356745250422,4831.909135635894,0.44199999999999995,0.504,12507.673828125,0.5025933980941772,nan,queue,queue,per_epoch_trace
squeeze_net_tosa,inputs/task_graph_topology/soda-benchmark-graphs/pytorch-graphs/squeeze_net_tosa.dot,/qfs/people/dass304/dass304/HWSWpartition/hw-sw-partition-metaheur/BatchExperiments/Ablation/diff_gnn_order_lssp_trace/squeeze_net_tosa/seed-42/run-20260412-140630/config/squeeze_net_tosa_seed-42_ablation.yaml,train,epoch,train,thresholded_partition,threshold,311,311.0,0,311,False,False,5265.189453125,11931.157243406204,12446.560812575739,nan,nan,False,99,5090.525245807434,4831.909135635894,0.44020000000000004,0.5024,5719.6103515625,0.4998718500137329,nan,queue,queue,per_epoch_trace
squeeze_net_tosa,inputs/task_graph_topology/soda-benchmark-graphs/pytorch-graphs/squeeze_net_tosa.dot,/qfs/people/dass304/dass304/HWSWpartition/hw-sw-partition-metaheur/BatchExperiments/Ablation/diff_gnn_order_lssp_trace/squeeze_net_tosa/seed-42/run-20260412-140630/config/squeeze_net_tosa_seed-42_ablation.yaml,train,epoch,train,thresholded_partition,threshold,312,312.0,0,312,False,False,5346.30810546875,11803.254953329146,12488.56266590847,nan,nan,False,99,5241.075717225665,4831.909135635894,0.4384,0.5007999999999999,6397.6279296875,0.49921557307243347,nan,queue,queue,per_epoch_trace
squeeze_net_tosa,inputs/task_graph_topology/soda-benchmark-graphs/pytorch-graphs/squeeze_net_tosa.dot,/qfs/people/dass304/dass304/HWSWpartition/hw-sw-partition-metaheur/BatchExperiments/Ablation/diff_gnn_order_lssp_trace/squeeze_net_tosa/seed-42/run-20260412-140630/config/squeeze_net_tosa_seed-42_ablation.yaml,train,epoch,train,thresholded_partition,threshold,313,313.0,0,313,False,False,5376.06982421875,12986.244474586287,12915.032891886025,nan,nan,False,99,5812.70063601625,4831.909135635894,0.4366,0.4992,11713.7880859375,0.5024296641349792,nan,queue,queue,per_epoch_trace
squeeze_net_tosa,inputs/task_graph_topology/soda-benchmark-graphs/pytorch-graphs/squeeze_net_tosa.dot,/qfs/people/dass304/dass304/HWSWpartition/hw-sw-partition-metaheur/BatchExperiments/Ablation/diff_gnn_order_lssp_trace/squeeze_net_tosa/seed-42/run-20260412-140630/config/squeeze_net_tosa_seed-42_ablation.yaml,train,epoch,train,thresholded_partition,threshold,314,314.0,0,314,False,False,5318.16943359375,12162.19180690573,12368.145245124162,nan,nan,True,78,4095.7755025390384,4831.909135635894,0.43479999999999996,0.49759999999999993,7178.91064453125,0.5011933445930481,nan,queue,queue,per_epoch_trace
squeeze_net_tosa,inputs/task_graph_topology/soda-benchmark-graphs/pytorch-graphs/squeeze_net_tosa.dot,/qfs/people/dass304/dass304/HWSWpartition/hw-sw-partition-metaheur/BatchExperiments/Ablation/diff_gnn_order_lssp_trace/squeeze_net_tosa/seed-42/run-20260412-140630/config/squeeze_net_tosa_seed-42_ablation.yaml,train,epoch,train,thresholded_partition,threshold,315,315.0,0,315,False,False,5279.54052734375,10721.477438296322,10946.64233155186,nan,nan,False,114,6353.918128242321,4831.909135635894,0.43299999999999994,0.496,8076.55078125,0.5015369653701782,nan,queue,queue,per_epoch_trace
squeeze_net_tosa,inputs/task_graph_topology/soda-benchmark-graphs/pytorch-graphs/squeeze_net_tosa.dot,/qfs/people/dass304/dass304/HWSWpartition/hw-sw-partition-metaheur/BatchExperiments/Ablation/diff_gnn_order_lssp_trace/squeeze_net_tosa/seed-42/run-20260412-140630/config/squeeze_net_tosa_seed-42_ablation.yaml,train,epoch,train,thresholded_partition,threshold,316,316.0,0,316,False,False,5231.453125,12711.71102515572,13147.693198409888,nan,nan,False,103,5835.651294552344,4831.909135635894,0.4312,0.49439999999999995,7057.70654296875,0.5011822581291199,nan,queue,queue,per_epoch_trace
squeeze_net_tosa,inputs/task_graph_topology/soda-benchmark-graphs/pytorch-graphs/squeeze_net_tosa.dot,/qfs/people/dass304/dass304/HWSWpartition/hw-sw-partition-metaheur/BatchExperiments/Ablation/diff_gnn_order_lssp_trace/squeeze_net_tosa/seed-42/run-20260412-140630/config/squeeze_net_tosa_seed-42_ablation.yaml,train,epoch,train,thresholded_partition,threshold,317,317.0,0,317,False,False,5228.16259765625,11760.989920488306,11903.823318992245,nan,nan,False,102,5468.852222953294,4831.909135635894,0.4294,0.4928,6078.66455078125,0.4993499517440796,nan,queue,queue,per_epoch_trace
squeeze_net_tosa,inputs/task_graph_topology/soda-benchmark-graphs/pytorch-graphs/squeeze_net_tosa.dot,/qfs/people/dass304/dass304/HWSWpartition/hw-sw-partition-metaheur/BatchExperiments/Ablation/diff_gnn_order_lssp_trace/squeeze_net_tosa/seed-42/run-20260412-140630/config/squeeze_net_tosa_seed-42_ablation.yaml,train,epoch,train,thresholded_partition,threshold,318,318.0,0,318,False,False,5307.85107421875,13567.600186157631,13630.739750022021,nan,nan,True,87,4583.946323152267,4831.909135635894,0.4276,0.49119999999999997,6723.904296875,0.4990083575248718,nan,queue,queue,per_epoch_trace
squeeze_net_tosa,inputs/task_graph_topology/soda-benchmark-graphs/pytorch-graphs/squeeze_net_tosa.dot,/qfs/people/dass304/dass304/HWSWpartition/hw-sw-partition-metaheur/BatchExperiments/Ablation/diff_gnn_order_lssp_trace/squeeze_net_tosa/seed-42/run-20260412-140630/config/squeeze_net_tosa_seed-42_ablation.yaml,train,epoch,train,thresholded_partition,threshold,319,319.0,0,319,False,False,5277.44921875,11291.761198440165,11340.898955594022,nan,nan,True,83,4584.991512315974,4831.909135635894,0.42579999999999996,0.4895999999999999,9347.009765625,0.5019053816795349,nan,queue,queue,per_epoch_trace
squeeze_net_tosa,inputs/task_graph_topology/soda-benchmark-graphs/pytorch-graphs/squeeze_net_tosa.dot,/qfs/people/dass304/dass304/HWSWpartition/hw-sw-partition-metaheur/BatchExperiments/Ablation/diff_gnn_order_lssp_trace/squeeze_net_tosa/seed-42/run-20260412-140630/config/squeeze_net_tosa_seed-42_ablation.yaml,train,epoch,train,thresholded_partition,threshold,320,320.0,0,320,False,False,5279.490234375,12542.972221506298,13085.887167076777,nan,nan,False,86,4911.3787938685555,4831.909135635894,0.42399999999999993,0.488,10018.53125,0.5020743608474731,nan,queue,queue,per_epoch_trace
squeeze_net_tosa,inputs/task_graph_topology/soda-benchmark-graphs/pytorch-graphs/squeeze_net_tosa.dot,/qfs/people/dass304/dass304/HWSWpartition/hw-sw-partition-metaheur/BatchExperiments/Ablation/diff_gnn_order_lssp_trace/squeeze_net_tosa/seed-42/run-20260412-140630/config/squeeze_net_tosa_seed-42_ablation.yaml,train,epoch,train,thresholded_partition,threshold,321,321.0,0,321,False,False,5269.59423828125,11743.789544893438,12630.890215832538,nan,nan,True,88,4645.780704525763,4831.909135635894,0.4222,0.48639999999999994,5698.54052734375,0.49999967217445374,nan,queue,queue,per_epoch_trace
squeeze_net_tosa,inputs/task_graph_topology/soda-benchmark-graphs/pytorch-graphs/squeeze_net_tosa.dot,/qfs/people/dass304/dass304/HWSWpartition/hw-sw-partition-metaheur/BatchExperiments/Ablation/diff_gnn_order_lssp_trace/squeeze_net_tosa/seed-42/run-20260412-140630/config/squeeze_net_tosa_seed-42_ablation.yaml,train,epoch,train,thresholded_partition,threshold,322,322.0,0,322,False,False,5245.08203125,13121.536399084425,13147.032107517976,nan,nan,True,85,4386.121140371764,4831.909135635894,0.4204,0.4848,8162.7197265625,0.4984213411808014,nan,queue,queue,per_epoch_trace
squeeze_net_tosa,inputs/task_graph_topology/soda-benchmark-graphs/pytorch-graphs/squeeze_net_tosa.dot,/qfs/people/dass304/dass304/HWSWpartition/hw-sw-partition-metaheur/BatchExperiments/Ablation/diff_gnn_order_lssp_trace/squeeze_net_tosa/seed-42/run-20260412-140630/config/squeeze_net_tosa_seed-42_ablation.yaml,train,epoch,train,thresholded_partition,threshold,323,323.0,0,323,False,False,5300.95068359375,11732.328963530987,12092.454761935775,nan,nan,False,98,5238.890640832709,4831.909135635894,0.41859999999999997,0.48319999999999996,6226.5546875,0.5007038116455078,nan,queue,queue,per_epoch_trace
squeeze_net_tosa,inputs/task_graph_topology/soda-benchmark-graphs/pytorch-graphs/squeeze_net_tosa.dot,/qfs/people/dass304/dass304/HWSWpartition/hw-sw-partition-metaheur/BatchExperiments/Ablation/diff_gnn_order_lssp_trace/squeeze_net_tosa/seed-42/run-20260412-140630/config/squeeze_net_tosa_seed-42_ablation.yaml,train,epoch,train,thresholded_partition,threshold,324,324.0,0,324,False,False,5218.42529296875,11010.77757785778,10957.47792722902,nan,nan,False,90,4884.822299844654,4831.909135635894,0.41679999999999995,0.4815999999999999,7064.244140625,0.49881088733673096,nan,queue,queue,per_epoch_trace
squeeze_net_tosa,inputs/task_graph_topology/soda-benchmark-graphs/pytorch-graphs/squeeze_net_tosa.dot,/qfs/people/dass304/dass304/HWSWpartition/hw-sw-partition-metaheur/BatchExperiments/Ablation/diff_gnn_order_lssp_trace/squeeze_net_tosa/seed-42/run-20260412-140630/config/squeeze_net_tosa_seed-42_ablation.yaml,train,epoch,train,thresholded_partition,threshold,325,325.0,0,325,False,False,5270.46044921875,12658.508430991433,13211.796164603822,nan,nan,False,93,5017.396726296871,4831.909135635894,0.4149999999999999,0.48,5705.80517578125,0.5000426769256592,nan,queue,queue,per_epoch_trace
squeeze_net_tosa,inputs/task_graph_topology/soda-benchmark-graphs/pytorch-graphs/squeeze_net_tosa.dot,/qfs/people/dass304/dass304/HWSWpartition/hw-sw-partition-metaheur/BatchExperiments/Ablation/diff_gnn_order_lssp_trace/squeeze_net_tosa/seed-42/run-20260412-140630/config/squeeze_net_tosa_seed-42_ablation.yaml,train,epoch,train,thresholded_partition,threshold,326,326.0,0,326,False,False,5286.99560546875,11973.804027871745,12303.360235429072,nan,nan,True,75,4071.0920527401763,4831.909135635894,0.4132,0.47839999999999994,7236.6943359375,0.498767226934433,nan,queue,queue,per_epoch_trace
squeeze_net_tosa,inputs/task_graph_topology/soda-benchmark-graphs/pytorch-graphs/squeeze_net_tosa.dot,/qfs/people/dass304/dass304/HWSWpartition/hw-sw-partition-metaheur/BatchExperiments/Ablation/diff_gnn_order_lssp_trace/squeeze_net_tosa/seed-42/run-20260412-140630/config/squeeze_net_tosa_seed-42_ablation.yaml,train,epoch,train,thresholded_partition,threshold,327,327.0,0,327,False,False,5281.18505859375,13002.842579108468,14072.019751822641,nan,nan,False,90,4986.065293619359,4831.909135635894,0.4114,0.4768,6033.0458984375,0.5005664825439453,nan,queue,queue,per_epoch_trace
squeeze_net_tosa,inputs/task_graph_topology/soda-benchmark-graphs/pytorch-graphs/squeeze_net_tosa.dot,/qfs/people/dass304/dass304/HWSWpartition/hw-sw-partition-metaheur/BatchExperiments/Ablation/diff_gnn_order_lssp_trace/squeeze_net_tosa/seed-42/run-20260412-140630/config/squeeze_net_tosa_seed-42_ablation.yaml,train,epoch,train,thresholded_partition,threshold,328,328.0,0,328,False,False,5231.37060546875,11051.77135524571,11366.029581972763,nan,nan,True,81,4464.311806427103,4831.909135635894,0.40959999999999996,0.47519999999999996,5675.099609375,0.4998764991760254,nan,queue,queue,per_epoch_trace
squeeze_net_tosa,inputs/task_graph_topology/soda-benchmark-graphs/pytorch-graphs/squeeze_net_tosa.dot,/qfs/people/dass304/dass304/HWSWpartition/hw-sw-partition-metaheur/BatchExperiments/Ablation/diff_gnn_order_lssp_trace/squeeze_net_tosa/seed-42/run-20260412-140630/config/squeeze_net_tosa_seed-42_ablation.yaml,train,epoch,train,thresholded_partition,threshold,329,329.0,0,329,False,False,5230.77294921875,12866.587321615296,13365.518870358605,nan,nan,True,89,4720.8917349771145,4831.909135635894,0.40779999999999994,0.4735999999999999,6896.7529296875,0.49888768792152405,nan,queue,queue,per_epoch_trace
squeeze_net_tosa,inputs/task_graph_topology/soda-benchmark-graphs/pytorch-graphs/squeeze_net_tosa.dot,/qfs/people/dass304/dass304/HWSWpartition/hw-sw-partition-metaheur/BatchExperiments/Ablation/diff_gnn_order_lssp_trace/squeeze_net_tosa/seed-42/run-20260412-140630/config/squeeze_net_tosa_seed-42_ablation.yaml,train,epoch,train,thresholded_partition,threshold,330,330.0,0,330,False,False,5192.11474609375,14055.337512835933,14899.754374199456,nan,nan,True,71,3703.2655202757,4831.909135635894,0.4059999999999999,0.472,5625.2880859375,0.5000765323638916,nan,queue,queue,per_epoch_trace
squeeze_net_tosa,inputs/task_graph_topology/soda-benchmark-graphs/pytorch-graphs/squeeze_net_tosa.dot,/qfs/people/dass304/dass304/HWSWpartition/hw-sw-partition-metaheur/BatchExperiments/Ablation/diff_gnn_order_lssp_trace/squeeze_net_tosa/seed-42/run-20260412-140630/config/squeeze_net_tosa_seed-42_ablation.yaml,train,epoch,train,thresholded_partition,threshold,331,331.0,0,331,False,False,5225.10986328125,11956.776168546136,12184.8490863689,nan,nan,True,85,4761.0788791259,4831.909135635894,0.4042,0.47039999999999993,6059.69287109375,0.4993625581264496,nan,queue,queue,per_epoch_trace
squeeze_net_tosa,inputs/task_graph_topology/soda-benchmark-graphs/pytorch-graphs/squeeze_net_tosa.dot,/qfs/people/dass304/dass304/HWSWpartition/hw-sw-partition-metaheur/BatchExperiments/Ablation/diff_gnn_order_lssp_trace/squeeze_net_tosa/seed-42/run-20260412-140630/config/squeeze_net_tosa_seed-42_ablation.yaml,train,epoch,train,thresholded_partition,threshold,332,332.0,0,332,False,False,5171.37353515625,13220.842132415013,13443.652393506234,nan,nan,True,80,4228.477732224819,4831.909135635894,0.4024,0.4688,5921.74267578125,0.4994347095489502,nan,queue,queue,per_epoch_trace
squeeze_net_tosa,inputs/task_graph_topology/soda-benchmark-graphs/pytorch-graphs/squeeze_net_tosa.dot,/qfs/people/dass304/dass304/HWSWpartition/hw-sw-partition-metaheur/BatchExperiments/Ablation/diff_gnn_order_lssp_trace/squeeze_net_tosa/seed-42/run-20260412-140630/config/squeeze_net_tosa_seed-42_ablation.yaml,train,epoch,train,thresholded_partition,threshold,333,333.0,0,333,False,False,5249.1181640625,12220.892412027968,12561.15532102608,nan,nan,False,85,4894.2924180987675,4831.909135635894,0.40059999999999996,0.46719999999999995,6122.0615234375,0.5006672739982605,nan,queue,queue,per_epoch_trace
squeeze_net_tosa,inputs/task_graph_topology/soda-benchmark-graphs/pytorch-graphs/squeeze_net_tosa.dot,/qfs/people/dass304/dass304/HWSWpartition/hw-sw-partition-metaheur/BatchExperiments/Ablation/diff_gnn_order_lssp_trace/squeeze_net_tosa/seed-42/run-20260412-140630/config/squeeze_net_tosa_seed-42_ablation.yaml,train,epoch,train,thresholded_partition,threshold,334,334.0,0,334,False,False,5297.603515625,12835.732661994069,12999.990680624796,nan,nan,True,76,3576.466153308048,4831.909135635894,0.39879999999999993,0.4655999999999999,14122.6103515625,0.4971027970314026,nan,queue,queue,per_epoch_trace
squeeze_net_tosa,inputs/task_graph_topology/soda-benchmark-graphs/pytorch-graphs/squeeze_net_tosa.dot,/qfs/people/dass304/dass304/HWSWpartition/hw-sw-partition-metaheur/BatchExperiments/Ablation/diff_gnn_order_lssp_trace/squeeze_net_tosa/seed-42/run-20260412-140630/config/squeeze_net_tosa_seed-42_ablation.yaml,train,epoch,train,thresholded_partition,threshold,335,335.0,0,335,False,False,5259.640625,13036.48702286164,13530.84677589656,nan,nan,True,90,4801.246774104508,4831.909135635894,0.3969999999999999,0.46399999999999997,5949.9091796875,0.49948814511299133,nan,queue,queue,per_epoch_trace
squeeze_net_tosa,inputs/task_graph_topology/soda-benchmark-graphs/pytorch-graphs/squeeze_net_tosa.dot,/qfs/people/dass304/dass304/HWSWpartition/hw-sw-partition-metaheur/BatchExperiments/Ablation/diff_gnn_order_lssp_trace/squeeze_net_tosa/seed-42/run-20260412-140630/config/squeeze_net_tosa_seed-42_ablation.yaml,train,epoch,train,thresholded_partition,threshold,336,336.0,0,336,False,False,5205.87939453125,11381.919742955473,12013.39669984209,nan,nan,True,86,4538.175577567319,4831.909135635894,0.3952,0.4623999999999999,5680.69873046875,0.5002266764640808,nan,queue,queue,per_epoch_trace
squeeze_net_tosa,inputs/task_graph_topology/soda-benchmark-graphs/pytorch-graphs/squeeze_net_tosa.dot,/qfs/people/dass304/dass304/HWSWpartition/hw-sw-partition-metaheur/BatchExperiments/Ablation/diff_gnn_order_lssp_trace/squeeze_net_tosa/seed-42/run-20260412-140630/config/squeeze_net_tosa_seed-42_ablation.yaml,train,epoch,train,thresholded_partition,threshold,337,337.0,0,337,False,False,5216.265625,11500.683457259516,11838.234718063448,nan,nan,True,72,3709.4979775021175,4831.909135635894,0.39339999999999997,0.4608,5760.978515625,0.5003453493118286,nan,queue,queue,per_epoch_trace
squeeze_net_tosa,inputs/task_graph_topology/soda-benchmark-graphs/pytorch-graphs/squeeze_net_tosa.dot,/qfs/people/dass304/dass304/HWSWpartition/hw-sw-partition-metaheur/BatchExperiments/Ablation/diff_gnn_order_lssp_trace/squeeze_net_tosa/seed-42/run-20260412-140630/config/squeeze_net_tosa_seed-42_ablation.yaml,train,epoch,train,thresholded_partition,threshold,338,338.0,0,338,False,False,5316.96923828125,11798.638363354794,11950.08923957921,nan,nan,False,91,4984.016375010761,4831.909135635894,0.39159999999999995,0.45919999999999994,6336.88671875,0.5007674694061279,nan,queue,queue,per_epoch_trace
squeeze_net_tosa,inputs/task_graph_topology/soda-benchmark-graphs/pytorch-graphs/squeeze_net_tosa.dot,/qfs/people/dass304/dass304/HWSWpartition/hw-sw-partition-metaheur/BatchExperiments/Ablation/diff_gnn_order_lssp_trace/squeeze_net_tosa/seed-42/run-20260412-140630/config/squeeze_net_tosa_seed-42_ablation.yaml,train,epoch,train,thresholded_partition,threshold,339,339.0,0,339,False,False,5244.21923828125,12510.53378664003,13069.478859806317,nan,nan,False,100,5601.725806084217,4831.909135635894,0.3897999999999999,0.4575999999999999,6116.69580078125,0.4993310570716858,nan,queue,queue,per_epoch_trace
squeeze_net_tosa,inputs/task_graph_topology/soda-benchmark-graphs/pytorch-graphs/squeeze_net_tosa.dot,/qfs/people/dass304/dass304/HWSWpartition/hw-sw-partition-metaheur/BatchExperiments/Ablation/diff_gnn_order_lssp_trace/squeeze_net_tosa/seed-42/run-20260412-140630/config/squeeze_net_tosa_seed-42_ablation.yaml,train,epoch,train,thresholded_partition,threshold,340,340.0,0,340,False,False,5238.83935546875,13390.882263306537,13592.544747218662,nan,nan,True,82,4550.1322957096745,4831.909135635894,0.3879999999999999,0.45599999999999996,5729.306640625,0.5002428293228149,nan,queue,queue,per_epoch_trace
squeeze_net_tosa,inputs/task_graph_topology/soda-benchmark-graphs/pytorch-graphs/squeeze_net_tosa.dot,/qfs/people/dass304/dass304/HWSWpartition/hw-sw-partition-metaheur/BatchExperiments/Ablation/diff_gnn_order_lssp_trace/squeeze_net_tosa/seed-42/run-20260412-140630/config/squeeze_net_tosa_seed-42_ablation.yaml,train,epoch,train,thresholded_partition,threshold,341,341.0,0,341,False,False,5197.72900390625,10992.15517145544,11353.108482507949,nan,nan,True,79,4232.883510644115,4831.909135635894,0.3862,0.4543999999999999,5865.9833984375,0.5004885792732239,nan,queue,queue,per_epoch_trace
squeeze_net_tosa,inputs/task_graph_topology/soda-benchmark-graphs/pytorch-graphs/squeeze_net_tosa.dot,/qfs/people/dass304/dass304/HWSWpartition/hw-sw-partition-metaheur/BatchExperiments/Ablation/diff_gnn_order_lssp_trace/squeeze_net_tosa/seed-42/run-20260412-140630/config/squeeze_net_tosa_seed-42_ablation.yaml,train,epoch,train,thresholded_partition,threshold,342,342.0,0,342,False,False,5237.330078125,11300.095856747788,11622.68498915763,nan,nan,True,83,4570.863018582765,4831.909135635894,0.38439999999999996,0.4528,5695.62158203125,0.5001680850982666,nan,queue,queue,per_epoch_trace
squeeze_net_tosa,inputs/task_graph_topology/soda-benchmark-graphs/pytorch-graphs/squeeze_net_tosa.dot,/qfs/people/dass304/dass304/HWSWpartition/hw-sw-partition-metaheur/BatchExperiments/Ablation/diff_gnn_order_lssp_trace/squeeze_net_tosa/seed-42/run-20260412-140630/config/squeeze_net_tosa_seed-42_ablation.yaml,train,epoch,train,thresholded_partition,threshold,343,343.0,0,343,False,False,5239.16748046875,12309.710786886091,12718.589488279464,nan,nan,True,88,4801.621649778668,4831.909135635894,0.38259999999999994,0.45119999999999993,6683.931640625,0.5010085105895996,nan,queue,queue,per_epoch_trace
squeeze_net_tosa,inputs/task_graph_topology/soda-benchmark-graphs/pytorch-graphs/squeeze_net_tosa.dot,/qfs/people/dass304/dass304/HWSWpartition/hw-sw-partition-metaheur/BatchExperiments/Ablation/diff_gnn_order_lssp_trace/squeeze_net_tosa/seed-42/run-20260412-140630/config/squeeze_net_tosa_seed-42_ablation.yaml,train,epoch,train,thresholded_partition,threshold,344,344.0,0,344,False,False,5235.79248046875,13550.498851284501,13751.679037700631,nan,nan,True,83,4244.4579388274005,4831.909135635894,0.3808,0.4496,8784.5068359375,0.49823418259620667,nan,queue,queue,per_epoch_trace
squeeze_net_tosa,inputs/task_graph_topology/soda-benchmark-graphs/pytorch-graphs/squeeze_net_tosa.dot,/qfs/people/dass304/dass304/HWSWpartition/hw-sw-partition-metaheur/BatchExperiments/Ablation/diff_gnn_order_lssp_trace/squeeze_net_tosa/seed-42/run-20260412-140630/config/squeeze_net_tosa_seed-42_ablation.yaml,train,epoch,train,thresholded_partition,threshold,345,345.0,0,345,False,False,5318.1640625,11957.579722583278,12313.923140896635,nan,nan,False,86,4839.086687116389,4831.909135635894,0.379,0.44800000000000006,6020.640625,0.49948108196258545,nan,queue,queue,per_epoch_trace
squeeze_net_tosa,inputs/task_graph_topology/soda-benchmark-graphs/pytorch-graphs/squeeze_net_tosa.dot,/qfs/people/dass304/dass304/HWSWpartition/hw-sw-partition-metaheur/BatchExperiments/Ablation/diff_gnn_order_lssp_trace/squeeze_net_tosa/seed-42/run-20260412-140630/config/squeeze_net_tosa_seed-42_ablation.yaml,train,epoch,train,thresholded_partition,threshold,346,346.0,0,346,False,False,5259.662109375,12664.638562837377,12838.679454038034,nan,nan,True,75,4091.198399853707,4831.909135635894,0.3772,0.4464,6092.8759765625,0.5006377100944519,nan,queue,queue,per_epoch_trace
squeeze_net_tosa,inputs/task_graph_topology/soda-benchmark-graphs/pytorch-graphs/squeeze_net_tosa.dot,/qfs/people/dass304/dass304/HWSWpartition/hw-sw-partition-metaheur/BatchExperiments/Ablation/diff_gnn_order_lssp_trace/squeeze_net_tosa/seed-42/run-20260412-140630/config/squeeze_net_tosa_seed-42_ablation.yaml,train,epoch,train,thresholded_partition,threshold,347,347.0,0,347,False,False,5208.3955078125,12704.396457602887,12930.143752843765,nan,nan,False,87,4909.008035727947,4831.909135635894,0.37540000000000007,0.4448,5687.5732421875,0.5002114176750183,nan,queue,queue,per_epoch_trace
squeeze_net_tosa,inputs/task_graph_topology/soda-benchmark-graphs/pytorch-graphs/squeeze_net_tosa.dot,/qfs/people/dass304/dass304/HWSWpartition/hw-sw-partition-metaheur/BatchExperiments/Ablation/diff_gnn_order_lssp_trace/squeeze_net_tosa/seed-42/run-20260412-140630/config/squeeze_net_tosa_seed-42_ablation.yaml,train,epoch,train,thresholded_partition,threshold,348,348.0,0,348,False,False,5262.46826171875,11508.531082176947,11948.090829070841,nan,nan,True,81,4148.265903691666,4831.909135635894,0.37360000000000004,0.44320000000000004,5696.38720703125,0.49992045760154724,nan,queue,queue,per_epoch_trace
squeeze_net_tosa,inputs/task_graph_topology/soda-benchmark-graphs/pytorch-graphs/squeeze_net_tosa.dot,/qfs/people/dass304/dass304/HWSWpartition/hw-sw-partition-metaheur/BatchExperiments/Ablation/diff_gnn_order_lssp_trace/squeeze_net_tosa/seed-42/run-20260412-140630/config/squeeze_net_tosa_seed-42_ablation.yaml,train,epoch,train,thresholded_partition,threshold,349,349.0,0,349,False,False,5215.06689453125,13131.881947935142,13985.842001096209,nan,nan,True,72,3840.743444642215,4831.909135635894,0.3718,0.4416,6370.24267578125,0.5008522868156433,nan,queue,queue,per_epoch_trace
squeeze_net_tosa,inputs/task_graph_topology/soda-benchmark-graphs/pytorch-graphs/squeeze_net_tosa.dot,/qfs/people/dass304/dass304/HWSWpartition/hw-sw-partition-metaheur/BatchExperiments/Ablation/diff_gnn_order_lssp_trace/squeeze_net_tosa/seed-42/run-20260412-140630/config/squeeze_net_tosa_seed-42_ablation.yaml,train,epoch,train,thresholded_partition,threshold,350,350.0,0,350,False,False,5205.86328125,11392.078149094878,11661.361162783915,nan,nan,False,93,5425.797801327379,4831.909135635894,0.37,0.44000000000000006,5636.37744140625,0.4999391436576843,nan,queue,queue,per_epoch_trace
squeeze_net_tosa,inputs/task_graph_topology/soda-benchmark-graphs/pytorch-graphs/squeeze_net_tosa.dot,/qfs/people/dass304/dass304/HWSWpartition/hw-sw-partition-metaheur/BatchExperiments/Ablation/diff_gnn_order_lssp_trace/squeeze_net_tosa/seed-42/run-20260412-140630/config/squeeze_net_tosa_seed-42_ablation.yaml,train,epoch,train,thresholded_partition,threshold,351,351.0,0,351,False,False,5255.35546875,11089.810814021572,12140.127519808224,nan,nan,True,78,4230.548567141365,4831.909135635894,0.36819999999999997,0.4384,6019.287109375,0.49942025542259216,nan,queue,queue,per_epoch_trace
squeeze_net_tosa,inputs/task_graph_topology/soda-benchmark-graphs/pytorch-graphs/squeeze_net_tosa.dot,/qfs/people/dass304/dass304/HWSWpartition/hw-sw-partition-metaheur/BatchExperiments/Ablation/diff_gnn_order_lssp_trace/squeeze_net_tosa/seed-42/run-20260412-140630/config/squeeze_net_tosa_seed-42_ablation.yaml,train,epoch,train,thresholded_partition,threshold,352,352.0,0,352,False,False,5251.97509765625,12891.635296903061,13863.866572785164,nan,nan,True,57,3199.935829467695,4831.909135635894,0.36640000000000006,0.43679999999999997,5704.9169921875,0.49985471367836,nan,queue,queue,per_epoch_trace
squeeze_net_tosa,inputs/task_graph_topology/soda-benchmark-graphs/pytorch-graphs/squeeze_net_tosa.dot,/qfs/people/dass304/dass304/HWSWpartition/hw-sw-partition-metaheur/BatchExperiments/Ablation/diff_gnn_order_lssp_trace/squeeze_net_tosa/seed-42/run-20260412-140630/config/squeeze_net_tosa_seed-42_ablation.yaml,train,epoch,train,thresholded_partition,threshold,353,353.0,0,353,False,False,5205.09033203125,13728.245766409025,14626.521215386481,nan,nan,False,89,5008.178915654726,4831.909135635894,0.36460000000000004,0.43520000000000003,9523.2109375,0.5019718408584595,nan,queue,queue,per_epoch_trace
squeeze_net_tosa,inputs/task_graph_topology/soda-benchmark-graphs/pytorch-graphs/squeeze_net_tosa.dot,/qfs/people/dass304/dass304/HWSWpartition/hw-sw-partition-metaheur/BatchExperiments/Ablation/diff_gnn_order_lssp_trace/squeeze_net_tosa/seed-42/run-20260412-140630/config/squeeze_net_tosa_seed-42_ablation.yaml,train,epoch,train,thresholded_partition,threshold,354,354.0,0,354,False,False,5244.06591796875,12326.78526116877,12721.804087647055,nan,nan,True,89,4778.935767034127,4831.909135635894,0.3628,0.4336,6062.51025390625,0.5006194114685059,nan,queue,queue,per_epoch_trace
squeeze_net_tosa,inputs/task_graph_topology/soda-benchmark-graphs/pytorch-graphs/squeeze_net_tosa.dot,/qfs/people/dass304/dass304/HWSWpartition/hw-sw-partition-metaheur/BatchExperiments/Ablation/diff_gnn_order_lssp_trace/squeeze_net_tosa/seed-42/run-20260412-140630/config/squeeze_net_tosa_seed-42_ablation.yaml,train,epoch,train,thresholded_partition,threshold,355,355.0,0,355,False,False,5197.4140625,9548.378733109335,9902.837189693755,nan,nan,True,63,3563.19440721684,4831.909135635894,0.361,0.43200000000000005,5669.34814453125,0.5002212524414062,nan,queue,queue,per_epoch_trace
squeeze_net_tosa,inputs/task_graph_topology/soda-benchmark-graphs/pytorch-graphs/squeeze_net_tosa.dot,/qfs/people/dass304/dass304/HWSWpartition/hw-sw-partition-metaheur/BatchExperiments/Ablation/diff_gnn_order_lssp_trace/squeeze_net_tosa/seed-42/run-20260412-140630/config/squeeze_net_tosa_seed-42_ablation.yaml,train,epoch,train,thresholded_partition,threshold,356,356.0,0,356,False,False,5132.70556640625,12714.224775829243,13038.951270733125,nan,nan,True,83,4470.717243244734,4831.909135635894,0.35919999999999996,0.4304,5694.05615234375,0.5003702640533447,nan,queue,queue,per_epoch_trace
squeeze_net_tosa,inputs/task_graph_topology/soda-benchmark-graphs/pytorch-graphs/squeeze_net_tosa.dot,/qfs/people/dass304/dass304/HWSWpartition/hw-sw-partition-metaheur/BatchExperiments/Ablation/diff_gnn_order_lssp_trace/squeeze_net_tosa/seed-42/run-20260412-140630/config/squeeze_net_tosa_seed-42_ablation.yaml,train,epoch,train,thresholded_partition,threshold,357,357.0,0,357,False,False,5283.36572265625,12155.26174752445,12716.871717851227,nan,nan,True,69,4012.862822918289,4831.909135635894,0.35740000000000005,0.42879999999999996,5713.57080078125,0.5000140070915222,nan,queue,queue,per_epoch_trace
squeeze_net_tosa,inputs/task_graph_topology/soda-benchmark-graphs/pytorch-graphs/squeeze_net_tosa.dot,/qfs/people/dass304/dass304/HWSWpartition/hw-sw-partition-metaheur/BatchExperiments/Ablation/diff_gnn_order_lssp_trace/squeeze_net_tosa/seed-42/run-20260412-140630/config/squeeze_net_tosa_seed-42_ablation.yaml,train,epoch,train,thresholded_partition,threshold,358,358.0,0,358,False,False,5192.724609375,12998.436588480325,13043.029182825787,nan,nan,True,81,4108.22513631466,4831.909135635894,0.3556,0.4272,5827.0009765625,0.5004547238349915,nan,queue,queue,per_epoch_trace
squeeze_net_tosa,inputs/task_graph_topology/soda-benchmark-graphs/pytorch-graphs/squeeze_net_tosa.dot,/qfs/people/dass304/dass304/HWSWpartition/hw-sw-partition-metaheur/BatchExperiments/Ablation/diff_gnn_order_lssp_trace/squeeze_net_tosa/seed-42/run-20260412-140630/config/squeeze_net_tosa_seed-42_ablation.yaml,train,epoch,train,thresholded_partition,threshold,359,359.0,0,359,False,False,5274.57373046875,12788.815203964348,13596.433077677684,nan,nan,True,76,4120.49478646051,4831.909135635894,0.3538,0.4256,6397.5810546875,0.4991655945777893,nan,queue,queue,per_epoch_trace
squeeze_net_tosa,inputs/task_graph_topology/soda-benchmark-graphs/pytorch-graphs/squeeze_net_tosa.dot,/qfs/people/dass304/dass304/HWSWpartition/hw-sw-partition-metaheur/BatchExperiments/Ablation/diff_gnn_order_lssp_trace/squeeze_net_tosa/seed-42/run-20260412-140630/config/squeeze_net_tosa_seed-42_ablation.yaml,train,epoch,train,thresholded_partition,threshold,360,360.0,0,360,False,False,5253.47119140625,13086.301268719875,13348.645921730838,nan,nan,True,89,4533.941408048577,4831.909135635894,0.352,0.42400000000000004,5681.39501953125,0.5000156164169312,nan,queue,queue,per_epoch_trace
squeeze_net_tosa,inputs/task_graph_topology/soda-benchmark-graphs/pytorch-graphs/squeeze_net_tosa.dot,/qfs/people/dass304/dass304/HWSWpartition/hw-sw-partition-metaheur/BatchExperiments/Ablation/diff_gnn_order_lssp_trace/squeeze_net_tosa/seed-42/run-20260412-140630/config/squeeze_net_tosa_seed-42_ablation.yaml,train,epoch,train,thresholded_partition,threshold,361,361.0,0,361,False,False,5239.69091796875,13198.414294043438,13419.466855572378,nan,nan,False,91,4882.846874635207,4831.909135635894,0.35019999999999996,0.4224,6197.44287109375,0.5007262825965881,nan,queue,queue,per_epoch_trace
squeeze_net_tosa,inputs/task_graph_topology/soda-benchmark-graphs/pytorch-graphs/squeeze_net_tosa.dot,/qfs/people/dass304/dass304/HWSWpartition/hw-sw-partition-metaheur/BatchExperiments/Ablation/diff_gnn_order_lssp_trace/squeeze_net_tosa/seed-42/run-20260412-140630/config/squeeze_net_tosa_seed-42_ablation.yaml,train,epoch,train,thresholded_partition,threshold,362,362.0,0,362,False,False,5242.32763671875,12662.07707358743,13410.300161337127,nan,nan,True,80,4435.246061020253,4831.909135635894,0.34840000000000004,0.42079999999999995,7054.93408203125,0.49882322549819946,nan,queue,queue,per_epoch_trace
squeeze_net_tosa,inputs/task_graph_topology/soda-benchmark-graphs/pytorch-graphs/squeeze_net_tosa.dot,/qfs/people/dass304/dass304/HWSWpartition/hw-sw-partition-metaheur/BatchExperiments/Ablation/diff_gnn_order_lssp_trace/squeeze_net_tosa/seed-42/run-20260412-140630/config/squeeze_net_tosa_seed-42_ablation.yaml,train,epoch,train,thresholded_partition,threshold,363,363.0,0,363,False,False,5192.06640625,12218.721941275573,12398.638752469684,nan,nan,True,81,4013.85791389751,4831.909135635894,0.3466,0.4192,5655.82373046875,0.49980971217155457,nan,queue,queue,per_epoch_trace
squeeze_net_tosa,inputs/task_graph_topology/soda-benchmark-graphs/pytorch-graphs/squeeze_net_tosa.dot,/qfs/people/dass304/dass304/HWSWpartition/hw-sw-partition-metaheur/BatchExperiments/Ablation/diff_gnn_order_lssp_trace/squeeze_net_tosa/seed-42/run-20260412-140630/config/squeeze_net_tosa_seed-42_ablation.yaml,train,epoch,train,thresholded_partition,threshold,364,364.0,0,364,False,False,5222.18310546875,13703.821637635541,14833.460527757,nan,nan,True,77,4269.241133379699,4831.909135635894,0.3448,0.41759999999999997,5645.2685546875,0.5000230669975281,nan,queue,queue,per_epoch_trace
squeeze_net_tosa,inputs/task_graph_topology/soda-benchmark-graphs/pytorch-graphs/squeeze_net_tosa.dot,/qfs/people/dass304/dass304/HWSWpartition/hw-sw-partition-metaheur/BatchExperiments/Ablation/diff_gnn_order_lssp_trace/squeeze_net_tosa/seed-42/run-20260412-140630/config/squeeze_net_tosa_seed-42_ablation.yaml,train,epoch,train,thresholded_partition,threshold,365,365.0,0,365,False,False,5180.89599609375,11438.840714841881,11723.475503670938,nan,nan,True,83,4186.34870977174,4831.909135635894,0.34299999999999997,0.41600000000000004,6396.1923828125,0.49911242723464966,nan,queue,queue,per_epoch_trace
squeeze_net_tosa,inputs/task_graph_topology/soda-benchmark-graphs/pytorch-graphs/squeeze_net_tosa.dot,/qfs/people/dass304/dass304/HWSWpartition/hw-sw-partition-metaheur/BatchExperiments/Ablation/diff_gnn_order_lssp_trace/squeeze_net_tosa/seed-42/run-20260412-140630/config/squeeze_net_tosa_seed-42_ablation.yaml,train,epoch,train,thresholded_partition,threshold,366,366.0,0,366,False,False,5277.4296875,12494.356666855672,12620.275464287544,nan,nan,False,92,5033.800314436502,4831.909135635894,0.34119999999999995,0.4144,5743.87841796875,0.4998059570789337,nan,queue,queue,per_epoch_trace
squeeze_net_tosa,inputs/task_graph_topology/soda-benchmark-graphs/pytorch-graphs/squeeze_net_tosa.dot,/qfs/people/dass304/dass304/HWSWpartition/hw-sw-partition-metaheur/BatchExperiments/Ablation/diff_gnn_order_lssp_trace/squeeze_net_tosa/seed-42/run-20260412-140630/config/squeeze_net_tosa_seed-42_ablation.yaml,train,epoch,train,thresholded_partition,threshold,367,367.0,0,367,False,False,5220.90087890625,12625.227476073194,13419.48074830179,nan,nan,True,79,4328.666239532728,4831.909135635894,0.33940000000000003,0.41279999999999994,5749.4951171875,0.5003194212913513,nan,queue,queue,per_epoch_trace
squeeze_net_tosa,inputs/task_graph_topology/soda-benchmark-graphs/pytorch-graphs/squeeze_net_tosa.dot,/qfs/people/dass304/dass304/HWSWpartition/hw-sw-partition-metaheur/BatchExperiments/Ablation/diff_gnn_order_lssp_trace/squeeze_net_tosa/seed-42/run-20260412-140630/config/squeeze_net_tosa_seed-42_ablation.yaml,train,epoch,train,thresholded_partition,threshold,368,368.0,0,368,False,False,5211.95361328125,11631.859370528855,11837.091128331696,nan,nan,True,83,4754.024451210954,4831.909135635894,0.3376,0.4112,7611.95263671875,0.5014046430587769,nan,queue,queue,per_epoch_trace
squeeze_net_tosa,inputs/task_graph_topology/soda-benchmark-graphs/pytorch-graphs/squeeze_net_tosa.dot,/qfs/people/dass304/dass304/HWSWpartition/hw-sw-partition-metaheur/BatchExperiments/Ablation/diff_gnn_order_lssp_trace/squeeze_net_tosa/seed-42/run-20260412-140630/config/squeeze_net_tosa_seed-42_ablation.yaml,train,epoch,train,thresholded_partition,threshold,369,369.0,0,369,False,False,5255.18701171875,12428.14057044026,13731.912464139084,nan,nan,True,66,3356.6065592423697,4831.909135635894,0.3358,0.40959999999999996,5707.7294921875,0.500159740447998,nan,queue,queue,per_epoch_trace
squeeze_net_tosa,inputs/task_graph_topology/soda-benchmark-graphs/pytorch-graphs/squeeze_net_tosa.dot,/qfs/people/dass304/dass304/HWSWpartition/hw-sw-partition-metaheur/BatchExperiments/Ablation/diff_gnn_order_lssp_trace/squeeze_net_tosa/seed-42/run-20260412-140630/config/squeeze_net_tosa_seed-42_ablation.yaml,train,epoch,train,thresholded_partition,threshold,370,370.0,0,370,False,False,5186.32958984375,13171.529239768717,13667.117939121434,nan,nan,True,83,4386.480839693181,4831.909135635894,0.33399999999999996,0.40800000000000003,6154.87158203125,0.49926382303237915,nan,queue,queue,per_epoch_trace
squeeze_net_tosa,inputs/task_graph_topology/soda-benchmark-graphs/pytorch-graphs/squeeze_net_tosa.dot,/qfs/people/dass304/dass304/HWSWpartition/hw-sw-partition-metaheur/BatchExperiments/Ablation/diff_gnn_order_lssp_trace/squeeze_net_tosa/seed-42/run-20260412-140630/config/squeeze_net_tosa_seed-42_ablation.yaml,train,epoch,train,thresholded_partition,threshold,371,371.0,0,371,False,False,5245.21435546875,13247.5341756514,13693.522838967696,nan,nan,True,72,4166.503117412243,4831.909135635894,0.33219999999999994,0.4064,6554.775390625,0.5009352564811707,nan,queue,queue,per_epoch_trace
squeeze_net_tosa,inputs/task_graph_topology/soda-benchmark-graphs/pytorch-graphs/squeeze_net_tosa.dot,/qfs/people/dass304/dass304/HWSWpartition/hw-sw-partition-metaheur/BatchExperiments/Ablation/diff_gnn_order_lssp_trace/squeeze_net_tosa/seed-42/run-20260412-140630/config/squeeze_net_tosa_seed-42_ablation.yaml,train,epoch,train,thresholded_partition,threshold,372,372.0,0,372,False,False,5253.5283203125,12165.111420647065,12755.029839864446,nan,nan,True,81,4295.350497493837,4831.909135635894,0.3304,0.40479999999999994,5822.37255859375,0.5003687143325806,nan,queue,queue,per_epoch_trace
squeeze_net_tosa,inputs/task_graph_topology/soda-benchmark-graphs/pytorch-graphs/squeeze_net_tosa.dot,/qfs/people/dass304/dass304/HWSWpartition/hw-sw-partition-metaheur/BatchExperiments/Ablation/diff_gnn_order_lssp_trace/squeeze_net_tosa/seed-42/run-20260412-140630/config/squeeze_net_tosa_seed-42_ablation.yaml,train,epoch,train,thresholded_partition,threshold,373,373.0,0,373,False,False,5307.3359375,12217.920503185425,12425.712520816225,nan,nan,True,62,3236.5914711312325,4831.909135635894,0.3286,0.4032,5784.564453125,0.4998052716255188,nan,queue,queue,per_epoch_trace
squeeze_net_tosa,inputs/task_graph_topology/soda-benchmark-graphs/pytorch-graphs/squeeze_net_tosa.dot,/qfs/people/dass304/dass304/HWSWpartition/hw-sw-partition-metaheur/BatchExperiments/Ablation/diff_gnn_order_lssp_trace/squeeze_net_tosa/seed-42/run-20260412-140630/config/squeeze_net_tosa_seed-42_ablation.yaml,train,epoch,train,thresholded_partition,threshold,374,374.0,0,374,False,False,5156.77587890625,12965.06476672798,13088.656995712807,nan,nan,True,74,3980.319646900118,4831.909135635894,0.3268,0.40159999999999996,5608.12353515625,0.5001553893089294,nan,queue,queue,per_epoch_trace
squeeze_net_tosa,inputs/task_graph_topology/soda-benchmark-graphs/pytorch-graphs/squeeze_net_tosa.dot,/qfs/people/dass304/dass304/HWSWpartition/hw-sw-partition-metaheur/BatchExperiments/Ablation/diff_gnn_order_lssp_trace/squeeze_net_tosa/seed-42/run-20260412-140630/config/squeeze_net_tosa_seed-42_ablation.yaml,train,epoch,train,thresholded_partition,threshold,375,375.0,0,375,False,False,5214.392578125,11971.521310728955,12625.789575519722,nan,nan,False,95,5149.374290345077,4831.909135635894,0.32499999999999996,0.3999999999999999,7025.7255859375,0.5011767745018005,nan,queue,queue,per_epoch_trace
squeeze_net_tosa,inputs/task_graph_topology/soda-benchmark-graphs/pytorch-graphs/squeeze_net_tosa.dot,/qfs/people/dass304/dass304/HWSWpartition/hw-sw-partition-metaheur/BatchExperiments/Ablation/diff_gnn_order_lssp_trace/squeeze_net_tosa/seed-42/run-20260412-140630/config/squeeze_net_tosa_seed-42_ablation.yaml,train,epoch,train,thresholded_partition,threshold,376,376.0,0,376,False,False,5167.93017578125,11071.767100469913,11357.769182095873,nan,nan,False,114,6156.020747303442,4831.909135635894,0.32319999999999993,0.3984,6050.4248046875,0.4993263781070709,nan,queue,queue,per_epoch_trace
squeeze_net_tosa,inputs/task_graph_topology/soda-benchmark-graphs/pytorch-graphs/squeeze_net_tosa.dot,/qfs/people/dass304/dass304/HWSWpartition/hw-sw-partition-metaheur/BatchExperiments/Ablation/diff_gnn_order_lssp_trace/squeeze_net_tosa/seed-42/run-20260412-140630/config/squeeze_net_tosa_seed-42_ablation.yaml,train,epoch,train,thresholded_partition,threshold,377,377.0,0,377,False,False,5217.25390625,12539.606136817143,13279.26130013589,nan,nan,False,105,6046.733437446206,4831.909135635894,0.3214,0.39679999999999993,5772.8740234375,0.5003622770309448,nan,queue,queue,per_epoch_trace
squeeze_net_tosa,inputs/task_graph_topology/soda-benchmark-graphs/pytorch-graphs/squeeze_net_tosa.dot,/qfs/people/dass304/dass304/HWSWpartition/hw-sw-partition-metaheur/BatchExperiments/Ablation/diff_gnn_order_lssp_trace/squeeze_net_tosa/seed-42/run-20260412-140630/config/squeeze_net_tosa_seed-42_ablation.yaml,train,epoch,train,thresholded_partition,threshold,378,378.0,0,378,False,False,5218.404296875,12276.758506880073,12773.206972602107,nan,nan,True,81,4507.177551028967,4831.909135635894,0.3196,0.3952,6206.7919921875,0.49925553798675537,nan,queue,queue,per_epoch_trace
squeeze_net_tosa,inputs/task_graph_topology/soda-benchmark-graphs/pytorch-graphs/squeeze_net_tosa.dot,/qfs/people/dass304/dass304/HWSWpartition/hw-sw-partition-metaheur/BatchExperiments/Ablation/diff_gnn_order_lssp_trace/squeeze_net_tosa/seed-42/run-20260412-140630/config/squeeze_net_tosa_seed-42_ablation.yaml,train,epoch,train,thresholded_partition,threshold,379,379.0,0,379,False,False,5228.45361328125,12581.244519987626,12834.439209305041,nan,nan,True,74,4142.9721447828,4831.909135635894,0.31779999999999997,0.39359999999999995,6636.88330078125,0.4990105628967285,nan,queue,queue,per_epoch_trace
squeeze_net_tosa,inputs/task_graph_topology/soda-benchmark-graphs/pytorch-graphs/squeeze_net_tosa.dot,/qfs/people/dass304/dass304/HWSWpartition/hw-sw-partition-metaheur/BatchExperiments/Ablation/diff_gnn_order_lssp_trace/squeeze_net_tosa/seed-42/run-20260412-140630/config/squeeze_net_tosa_seed-42_ablation.yaml,train,epoch,train,thresholded_partition,threshold,380,380.0,0,380,False,False,5208.6298828125,13461.920914453956,13840.503791427573,nan,nan,True,82,4769.6707469552675,4831.909135635894,0.31599999999999995,0.3919999999999999,6055.68310546875,0.49935123324394226,nan,queue,queue,per_epoch_trace
squeeze_net_tosa,inputs/task_graph_topology/soda-benchmark-graphs/pytorch-graphs/squeeze_net_tosa.dot,/qfs/people/dass304/dass304/HWSWpartition/hw-sw-partition-metaheur/BatchExperiments/Ablation/diff_gnn_order_lssp_trace/squeeze_net_tosa/seed-42/run-20260412-140630/config/squeeze_net_tosa_seed-42_ablation.yaml,train,epoch,train,thresholded_partition,threshold,381,381.0,0,381,False,False,5196.197265625,13224.041203596737,13712.558367154043,nan,nan,False,89,4858.639306699291,4831.909135635894,0.3141999999999999,0.39039999999999997,5634.25390625,0.5001237392425537,nan,queue,queue,per_epoch_trace
squeeze_net_tosa,inputs/task_graph_topology/soda-benchmark-graphs/pytorch-graphs/squeeze_net_tosa.dot,/qfs/people/dass304/dass304/HWSWpartition/hw-sw-partition-metaheur/BatchExperiments/Ablation/diff_gnn_order_lssp_trace/squeeze_net_tosa/seed-42/run-20260412-140630/config/squeeze_net_tosa_seed-42_ablation.yaml,train,epoch,train,thresholded_partition,threshold,382,382.0,0,382,False,False,5234.52490234375,13277.508293730269,13535.87168342147,nan,nan,True,75,4339.440160678681,4831.909135635894,0.3124,0.3887999999999999,5683.1162109375,0.4998687207698822,nan,queue,queue,per_epoch_trace
squeeze_net_tosa,inputs/task_graph_topology/soda-benchmark-graphs/pytorch-graphs/squeeze_net_tosa.dot,/qfs/people/dass304/dass304/HWSWpartition/hw-sw-partition-metaheur/BatchExperiments/Ablation/diff_gnn_order_lssp_trace/squeeze_net_tosa/seed-42/run-20260412-140630/config/squeeze_net_tosa_seed-42_ablation.yaml,train,epoch,train,thresholded_partition,threshold,383,383.0,0,383,False,False,5204.25146484375,12503.104982047977,12879.9494613015,nan,nan,True,75,3965.1773105629263,4831.909135635894,0.3106,0.3872,6589.5830078125,0.5009793043136597,nan,queue,queue,per_epoch_trace
squeeze_net_tosa,inputs/task_graph_topology/soda-benchmark-graphs/pytorch-graphs/squeeze_net_tosa.dot,/qfs/people/dass304/dass304/HWSWpartition/hw-sw-partition-metaheur/BatchExperiments/Ablation/diff_gnn_order_lssp_trace/squeeze_net_tosa/seed-42/run-20260412-140630/config/squeeze_net_tosa_seed-42_ablation.yaml,train,epoch,train,thresholded_partition,threshold,384,384.0,0,384,False,False,5223.5361328125,11627.133068265557,12148.974501668363,nan,nan,True,67,3514.605780899631,4831.909135635894,0.30879999999999996,0.38559999999999994,8130.1181640625,0.49842536449432373,nan,queue,queue,per_epoch_trace
squeeze_net_tosa,inputs/task_graph_topology/soda-benchmark-graphs/pytorch-graphs/squeeze_net_tosa.dot,/qfs/people/dass304/dass304/HWSWpartition/hw-sw-partition-metaheur/BatchExperiments/Ablation/diff_gnn_order_lssp_trace/squeeze_net_tosa/seed-42/run-20260412-140630/config/squeeze_net_tosa_seed-42_ablation.yaml,train,epoch,train,thresholded_partition,threshold,385,385.0,0,385,False,False,5274.1845703125,11914.124102136455,12895.392501424516,nan,nan,True,76,3769.665028783209,4831.909135635894,0.30699999999999994,0.3839999999999999,7254.97607421875,0.49875277280807495,nan,queue,queue,per_epoch_trace
squeeze_net_tosa,inputs/task_graph_topology/soda-benchmark-graphs/pytorch-graphs/squeeze_net_tosa.dot,/qfs/people/dass304/dass304/HWSWpartition/hw-sw-partition-metaheur/BatchExperiments/Ablation/diff_gnn_order_lssp_trace/squeeze_net_tosa/seed-42/run-20260412-140630/config/squeeze_net_tosa_seed-42_ablation.yaml,train,epoch,train,thresholded_partition,threshold,386,386.0,0,386,False,False,5265.27197265625,14186.68880188218,14273.60382325885,nan,nan,True,77,3836.704815481354,4831.909135635894,0.3051999999999999,0.38239999999999996,6315.869140625,0.49920889735221863,nan,queue,queue,per_epoch_trace
squeeze_net_tosa,inputs/task_graph_topology/soda-benchmark-graphs/pytorch-graphs/squeeze_net_tosa.dot,/qfs/people/dass304/dass304/HWSWpartition/hw-sw-partition-metaheur/BatchExperiments/Ablation/diff_gnn_order_lssp_trace/squeeze_net_tosa/seed-42/run-20260412-140630/config/squeeze_net_tosa_seed-42_ablation.yaml,train,epoch,train,thresholded_partition,threshold,387,387.0,0,387,False,False,5258.17333984375,11241.434194839214,11630.089256786277,nan,nan,True,83,4648.657220966057,4831.909135635894,0.3034,0.3807999999999999,7705.7060546875,0.5014203786849976,nan,queue,queue,per_epoch_trace
squeeze_net_tosa,inputs/task_graph_topology/soda-benchmark-graphs/pytorch-graphs/squeeze_net_tosa.dot,/qfs/people/dass304/dass304/HWSWpartition/hw-sw-partition-metaheur/BatchExperiments/Ablation/diff_gnn_order_lssp_trace/squeeze_net_tosa/seed-42/run-20260412-140630/config/squeeze_net_tosa_seed-42_ablation.yaml,train,epoch,train,thresholded_partition,threshold,388,388.0,0,388,False,False,5227.2939453125,11671.968942307114,11998.9441646137,nan,nan,True,82,4675.055500082741,4831.909135635894,0.3016,0.3792,7997.41455078125,0.5015287399291992,nan,queue,queue,per_epoch_trace
squeeze_net_tosa,inputs/task_graph_topology/soda-benchmark-graphs/pytorch-graphs/squeeze_net_tosa.dot,/qfs/people/dass304/dass304/HWSWpartition/hw-sw-partition-metaheur/BatchExperiments/Ablation/diff_gnn_order_lssp_trace/squeeze_net_tosa/seed-42/run-20260412-140630/config/squeeze_net_tosa_seed-42_ablation.yaml,train,epoch,train,thresholded_partition,threshold,389,389.0,0,389,False,False,5234.8447265625,11982.567020284105,12019.554841225172,nan,nan,True,95,4693.862147669981,4831.909135635894,0.29979999999999996,0.37759999999999994,6983.8955078125,0.4988515079021454,nan,queue,queue,per_epoch_trace
squeeze_net_tosa,inputs/task_graph_topology/soda-benchmark-graphs/pytorch-graphs/squeeze_net_tosa.dot,/qfs/people/dass304/dass304/HWSWpartition/hw-sw-partition-metaheur/BatchExperiments/Ablation/diff_gnn_order_lssp_trace/squeeze_net_tosa/seed-42/run-20260412-140630/config/squeeze_net_tosa_seed-42_ablation.yaml,train,epoch,train,thresholded_partition,threshold,390,390.0,0,390,False,False,5243.86279296875,12212.59239673039,12894.419358415174,nan,nan,True,72,3645.557418629731,4831.909135635894,0.29799999999999993,0.3759999999999999,5683.3076171875,0.49987033009529114,nan,queue,queue,per_epoch_trace
squeeze_net_tosa,inputs/task_graph_topology/soda-benchmark-graphs/pytorch-graphs/squeeze_net_tosa.dot,/qfs/people/dass304/dass304/HWSWpartition/hw-sw-partition-metaheur/BatchExperiments/Ablation/diff_gnn_order_lssp_trace/squeeze_net_tosa/seed-42/run-20260412-140630/config/squeeze_net_tosa_seed-42_ablation.yaml,train,epoch,train,thresholded_partition,threshold,391,391.0,0,391,False,False,5188.68701171875,12361.118360834262,12426.742260804862,nan,nan,True,73,3926.0037547679676,4831.909135635894,0.2961999999999999,0.37439999999999996,6088.3759765625,0.499310702085495,nan,queue,queue,per_epoch_trace
squeeze_net_tosa,inputs/task_graph_topology/soda-benchmark-graphs/pytorch-graphs/squeeze_net_tosa.dot,/qfs/people/dass304/dass304/HWSWpartition/hw-sw-partition-metaheur/BatchExperiments/Ablation/diff_gnn_order_lssp_trace/squeeze_net_tosa/seed-42/run-20260412-140630/config/squeeze_net_tosa_seed-42_ablation.yaml,train,epoch,train,thresholded_partition,threshold,392,392.0,0,392,False,False,5183.34619140625,11043.651137980127,11063.307039460704,nan,nan,False,104,5472.940648606036,4831.909135635894,0.2944,0.3727999999999999,6051.73291015625,0.5006624460220337,nan,queue,queue,per_epoch_trace
squeeze_net_tosa,inputs/task_graph_topology/soda-benchmark-graphs/pytorch-graphs/squeeze_net_tosa.dot,/qfs/people/dass304/dass304/HWSWpartition/hw-sw-partition-metaheur/BatchExperiments/Ablation/diff_gnn_order_lssp_trace/squeeze_net_tosa/seed-42/run-20260412-140630/config/squeeze_net_tosa_seed-42_ablation.yaml,train,epoch,train,thresholded_partition,threshold,393,393.0,0,393,False,False,5229.65771484375,11150.775214109159,11468.882238911305,nan,nan,True,86,4728.187304571626,4831.909135635894,0.29259999999999997,0.3712,6607.3818359375,0.5009738206863403,nan,queue,queue,per_epoch_trace
squeeze_net_tosa,inputs/task_graph_topology/soda-benchmark-graphs/pytorch-graphs/squeeze_net_tosa.dot,/qfs/people/dass304/dass304/HWSWpartition/hw-sw-partition-metaheur/BatchExperiments/Ablation/diff_gnn_order_lssp_trace/squeeze_net_tosa/seed-42/run-20260412-140630/config/squeeze_net_tosa_seed-42_ablation.yaml,train,epoch,train,thresholded_partition,threshold,394,394.0,0,394,False,False,5292.68212890625,13105.0403694229,13324.789902689106,nan,nan,True,76,4092.4616938536146,4831.909135635894,0.29079999999999995,0.36959999999999993,9119.400390625,0.49815914034843445,nan,queue,queue,per_epoch_trace
squeeze_net_tosa,inputs/task_graph_topology/soda-benchmark-graphs/pytorch-graphs/squeeze_net_tosa.dot,/qfs/people/dass304/dass304/HWSWpartition/hw-sw-partition-metaheur/BatchExperiments/Ablation/diff_gnn_order_lssp_trace/squeeze_net_tosa/seed-42/run-20260412-140630/config/squeeze_net_tosa_seed-42_ablation.yaml,train,epoch,train,thresholded_partition,threshold,395,395.0,0,395,False,False,5213.2314453125,12782.517845049755,13405.72240593789,nan,nan,False,88,5080.727292146218,4831.909135635894,0.2889999999999999,0.3679999999999999,5986.73046875,0.5005850791931152,nan,queue,queue,per_epoch_trace
squeeze_net_tosa,inputs/task_graph_topology/soda-benchmark-graphs/pytorch-graphs/squeeze_net_tosa.dot,/qfs/people/dass304/dass304/HWSWpartition/hw-sw-partition-metaheur/BatchExperiments/Ablation/diff_gnn_order_lssp_trace/squeeze_net_tosa/seed-42/run-20260412-140630/config/squeeze_net_tosa_seed-42_ablation.yaml,train,epoch,train,thresholded_partition,threshold,396,396.0,0,396,False,False,5174.66650390625,10873.728899929634,11475.963630503154,nan,nan,False,95,5037.292091385832,4831.909135635894,0.2871999999999999,0.36639999999999995,6570.7744140625,0.49901607632637024,nan,queue,queue,per_epoch_trace
squeeze_net_tosa,inputs/task_graph_topology/soda-benchmark-graphs/pytorch-graphs/squeeze_net_tosa.dot,/qfs/people/dass304/dass304/HWSWpartition/hw-sw-partition-metaheur/BatchExperiments/Ablation/diff_gnn_order_lssp_trace/squeeze_net_tosa/seed-42/run-20260412-140630/config/squeeze_net_tosa_seed-42_ablation.yaml,train,epoch,train,thresholded_partition,threshold,397,397.0,0,397,False,False,5184.63623046875,11698.086604867942,12520.228193093575,nan,nan,False,90,5119.138999414223,4831.909135635894,0.2854,0.3647999999999999,12692.568359375,0.5026606321334839,nan,queue,queue,per_epoch_trace
squeeze_net_tosa,inputs/task_graph_topology/soda-benchmark-graphs/pytorch-graphs/squeeze_net_tosa.dot,/qfs/people/dass304/dass304/HWSWpartition/hw-sw-partition-metaheur/BatchExperiments/Ablation/diff_gnn_order_lssp_trace/squeeze_net_tosa/seed-42/run-20260412-140630/config/squeeze_net_tosa_seed-42_ablation.yaml,train,epoch,train,thresholded_partition,threshold,398,398.0,0,398,False,False,5220.5400390625,13294.58811991918,13648.466022719362,nan,nan,False,84,4839.94496664109,4831.909135635894,0.28359999999999996,0.36319999999999997,6895.68896484375,0.5011179447174072,nan,queue,queue,per_epoch_trace
squeeze_net_tosa,inputs/task_graph_topology/soda-benchmark-graphs/pytorch-graphs/squeeze_net_tosa.dot,/qfs/people/dass304/dass304/HWSWpartition/hw-sw-partition-metaheur/BatchExperiments/Ablation/diff_gnn_order_lssp_trace/squeeze_net_tosa/seed-42/run-20260412-140630/config/squeeze_net_tosa_seed-42_ablation.yaml,train,epoch,train,thresholded_partition,threshold,399,399.0,0,399,False,False,5250.58935546875,11398.302232101674,11983.998290567124,nan,nan,False,91,5101.27853875547,4831.909135635894,0.28179999999999994,0.3615999999999999,6783.099609375,0.5010514259338379,nan,queue,queue,per_epoch_trace
squeeze_net_tosa,inputs/task_graph_topology/soda-benchmark-graphs/pytorch-graphs/squeeze_net_tosa.dot,/qfs/people/dass304/dass304/HWSWpartition/hw-sw-partition-metaheur/BatchExperiments/Ablation/diff_gnn_order_lssp_trace/squeeze_net_tosa/seed-42/run-20260412-140630/config/squeeze_net_tosa_seed-42_ablation.yaml,train,epoch,train,thresholded_partition,threshold,400,400.0,0,400,False,False,5168.5439453125,10213.084168165922,10607.296543756402,nan,nan,False,106,6053.179618878769,4831.909135635894,0.2799999999999999,0.3599999999999999,7501.95654296875,0.49862173199653625,nan,queue,queue,per_epoch_trace
squeeze_net_tosa,inputs/task_graph_topology/soda-benchmark-graphs/pytorch-graphs/squeeze_net_tosa.dot,/qfs/people/dass304/dass304/HWSWpartition/hw-sw-partition-metaheur/BatchExperiments/Ablation/diff_gnn_order_lssp_trace/squeeze_net_tosa/seed-42/run-20260412-140630/config/squeeze_net_tosa_seed-42_ablation.yaml,train,epoch,train,thresholded_partition,threshold,401,401.0,0,401,False,False,5247.58251953125,12987.953581803651,14198.354556415137,nan,nan,True,71,3982.3196207119668,4831.909135635894,0.2781999999999999,0.35839999999999994,10221.5947265625,0.5021306872367859,nan,queue,queue,per_epoch_trace
squeeze_net_tosa,inputs/task_graph_topology/soda-benchmark-graphs/pytorch-graphs/squeeze_net_tosa.dot,/qfs/people/dass304/dass304/HWSWpartition/hw-sw-partition-metaheur/BatchExperiments/Ablation/diff_gnn_order_lssp_trace/squeeze_net_tosa/seed-42/run-20260412-140630/config/squeeze_net_tosa_seed-42_ablation.yaml,train,epoch,train,thresholded_partition,threshold,402,402.0,0,402,False,False,5222.87548828125,12237.678741199557,12487.511425486626,nan,nan,True,76,4095.2978458296084,4831.909135635894,0.2764,0.3567999999999999,5665.3232421875,0.5001332759857178,nan,queue,queue,per_epoch_trace
squeeze_net_tosa,inputs/task_graph_topology/soda-benchmark-graphs/pytorch-graphs/squeeze_net_tosa.dot,/qfs/people/dass304/dass304/HWSWpartition/hw-sw-partition-metaheur/BatchExperiments/Ablation/diff_gnn_order_lssp_trace/squeeze_net_tosa/seed-42/run-20260412-140630/config/squeeze_net_tosa_seed-42_ablation.yaml,train,epoch,train,thresholded_partition,threshold,403,403.0,0,403,False,False,5247.93310546875,12118.200879146812,12437.730171582034,nan,nan,False,94,5169.762952733097,4831.909135635894,0.27459999999999996,0.35519999999999996,5906.27783203125,0.5004701018333435,nan,queue,queue,per_epoch_trace
squeeze_net_tosa,inputs/task_graph_topology/soda-benchmark-graphs/pytorch-graphs/squeeze_net_tosa.dot,/qfs/people/dass304/dass304/HWSWpartition/hw-sw-partition-metaheur/BatchExperiments/Ablation/diff_gnn_order_lssp_trace/squeeze_net_tosa/seed-42/run-20260412-140630/config/squeeze_net_tosa_seed-42_ablation.yaml,train,epoch,train,thresholded_partition,threshold,404,404.0,0,404,False,False,5237.52392578125,12123.675320316774,12944.226014175416,nan,nan,True,76,4192.297761665226,4831.909135635894,0.27279999999999993,0.3535999999999999,7063.9169921875,0.49881675839424133,nan,queue,queue,per_epoch_trace
squeeze_net_tosa,inputs/task_graph_topology/soda-benchmark-graphs/pytorch-graphs/squeeze_net_tosa.dot,/qfs/people/dass304/dass304/HWSWpartition/hw-sw-partition-metaheur/BatchExperiments/Ablation/diff_gnn_order_lssp_trace/squeeze_net_tosa/seed-42/run-20260412-140630/config/squeeze_net_tosa_seed-42_ablation.yaml,train,epoch,train,thresholded_partition,threshold,405,405.0,0,405,False,False,5228.35693359375,11374.576886121884,12409.7821012531,nan,nan,True,67,3495.277799560053,4831.909135635894,0.2709999999999999,0.35199999999999987,5819.2041015625,0.5003990530967712,nan,queue,queue,per_epoch_trace
squeeze_net_tosa,inputs/task_graph_topology/soda-benchmark-graphs/pytorch-graphs/squeeze_net_tosa.dot,/qfs/people/dass304/dass304/HWSWpartition/hw-sw-partition-metaheur/BatchExperiments/Ablation/diff_gnn_order_lssp_trace/squeeze_net_tosa/seed-42/run-20260412-140630/config/squeeze_net_tosa_seed-42_ablation.yaml,train,epoch,train,thresholded_partition,threshold,406,406.0,0,406,False,False,5313.89013671875,13167.272483397155,13592.496551894266,nan,nan,True,70,3825.2042930650987,4831.909135635894,0.2691999999999999,0.35039999999999993,5967.58203125,0.49953287839889526,nan,queue,queue,per_epoch_trace
squeeze_net_tosa,inputs/task_graph_topology/soda-benchmark-graphs/pytorch-graphs/squeeze_net_tosa.dot,/qfs/people/dass304/dass304/HWSWpartition/hw-sw-partition-metaheur/BatchExperiments/Ablation/diff_gnn_order_lssp_trace/squeeze_net_tosa/seed-42/run-20260412-140630/config/squeeze_net_tosa_seed-42_ablation.yaml,train,epoch,train,thresholded_partition,threshold,407,407.0,0,407,False,False,5267.14111328125,11219.88407997504,11415.405905961534,nan,nan,True,63,3429.2901040678803,4831.909135635894,0.2674000000000001,0.3488,5869.4287109375,0.4995865225791931,nan,queue,queue,per_epoch_trace
squeeze_net_tosa,inputs/task_graph_topology/soda-benchmark-graphs/pytorch-graphs/squeeze_net_tosa.dot,/qfs/people/dass304/dass304/HWSWpartition/hw-sw-partition-metaheur/BatchExperiments/Ablation/diff_gnn_order_lssp_trace/squeeze_net_tosa/seed-42/run-20260412-140630/config/squeeze_net_tosa_seed-42_ablation.yaml,train,epoch,train,thresholded_partition,threshold,408,408.0,0,408,False,False,5253.65576171875,11863.642488865806,12960.044908911765,nan,nan,True,86,4548.57442488458,4831.909135635894,0.26560000000000006,0.34719999999999995,8119.568359375,0.4984387159347534,nan,queue,queue,per_epoch_trace
squeeze_net_tosa,inputs/task_graph_topology/soda-benchmark-graphs/pytorch-graphs/squeeze_net_tosa.dot,/qfs/people/dass304/dass304/HWSWpartition/hw-sw-partition-metaheur/BatchExperiments/Ablation/diff_gnn_order_lssp_trace/squeeze_net_tosa/seed-42/run-20260412-140630/config/squeeze_net_tosa_seed-42_ablation.yaml,train,epoch,train,thresholded_partition,threshold,409,409.0,0,409,False,False,5178.36279296875,11304.708102259952,12296.765411995137,nan,nan,True,82,4303.478359283444,4831.909135635894,0.26380000000000003,0.3456,5684.48828125,0.5002678036689758,nan,queue,queue,per_epoch_trace
squeeze_net_tosa,inputs/task_graph_topology/soda-benchmark-graphs/pytorch-graphs/squeeze_net_tosa.dot,/qfs/people/dass304/dass304/HWSWpartition/hw-sw-partition-metaheur/BatchExperiments/Ablation/diff_gnn_order_lssp_trace/squeeze_net_tosa/seed-42/run-20260412-140630/config/squeeze_net_tosa_seed-42_ablation.yaml,train,epoch,train,thresholded_partition,threshold,410,410.0,0,410,False,False,5248.9609375,11218.346830173205,11403.635723483485,nan,nan,True,87,4819.723702203718,4831.909135635894,0.262,0.344,6322.10107421875,0.4991971552371979,nan,queue,queue,per_epoch_trace
squeeze_net_tosa,inputs/task_graph_topology/soda-benchmark-graphs/pytorch-graphs/squeeze_net_tosa.dot,/qfs/people/dass304/dass304/HWSWpartition/hw-sw-partition-metaheur/BatchExperiments/Ablation/diff_gnn_order_lssp_trace/squeeze_net_tosa/seed-42/run-20260412-140630/config/squeeze_net_tosa_seed-42_ablation.yaml,train,epoch,train,thresholded_partition,threshold,411,411.0,0,411,False,False,5225.41748046875,11848.47988724856,12071.15868378622,nan,nan,True,91,4746.964783313276,4831.909135635894,0.2602,0.34240000000000004,13022.1259765625,0.49728575348854065,nan,queue,queue,per_epoch_trace
squeeze_net_tosa,inputs/task_graph_topology/soda-benchmark-graphs/pytorch-graphs/squeeze_net_tosa.dot,/qfs/people/dass304/dass304/HWSWpartition/hw-sw-partition-metaheur/BatchExperiments/Ablation/diff_gnn_order_lssp_trace/squeeze_net_tosa/seed-42/run-20260412-140630/config/squeeze_net_tosa_seed-42_ablation.yaml,train,epoch,train,thresholded_partition,threshold,412,412.0,0,412,False,False,5264.6025390625,12879.125471901081,13014.64017424576,nan,nan,True,85,4605.209418692369,4831.909135635894,0.2584000000000001,0.3408,8045.0751953125,0.4984663426876068,nan,queue,queue,per_epoch_trace
squeeze_net_tosa,inputs/task_graph_topology/soda-benchmark-graphs/pytorch-graphs/squeeze_net_tosa.dot,/qfs/people/dass304/dass304/HWSWpartition/hw-sw-partition-metaheur/BatchExperiments/Ablation/diff_gnn_order_lssp_trace/squeeze_net_tosa/seed-42/run-20260412-140630/config/squeeze_net_tosa_seed-42_ablation.yaml,train,epoch,train,thresholded_partition,threshold,413,413.0,0,413,False,False,5229.26513671875,11769.105854839461,12222.69909539125,nan,nan,False,94,5618.547358921179,4831.909135635894,0.25660000000000005,0.33919999999999995,19267.1875,0.5036882162094116,nan,queue,queue,per_epoch_trace
squeeze_net_tosa,inputs/task_graph_topology/soda-benchmark-graphs/pytorch-graphs/squeeze_net_tosa.dot,/qfs/people/dass304/dass304/HWSWpartition/hw-sw-partition-metaheur/BatchExperiments/Ablation/diff_gnn_order_lssp_trace/squeeze_net_tosa/seed-42/run-20260412-140630/config/squeeze_net_tosa_seed-42_ablation.yaml,train,epoch,train,thresholded_partition,threshold,414,414.0,0,414,False,False,5272.21337890625,11913.15078842862,12168.792908409456,nan,nan,False,89,4901.392291043934,4831.909135635894,0.2548,0.3376,6988.5537109375,0.5011320114135742,nan,queue,queue,per_epoch_trace
squeeze_net_tosa,inputs/task_graph_topology/soda-benchmark-graphs/pytorch-graphs/squeeze_net_tosa.dot,/qfs/people/dass304/dass304/HWSWpartition/hw-sw-partition-metaheur/BatchExperiments/Ablation/diff_gnn_order_lssp_trace/squeeze_net_tosa/seed-42/run-20260412-140630/config/squeeze_net_tosa_seed-42_ablation.yaml,train,epoch,train,thresholded_partition,threshold,415,415.0,0,415,False,False,5238.88232421875,13080.340698622042,13326.209086845383,nan,nan,True,83,4501.139783208909,4831.909135635894,0.253,0.33599999999999997,5703.7353515625,0.49980995059013367,nan,queue,queue,per_epoch_trace
squeeze_net_tosa,inputs/task_graph_topology/soda-benchmark-graphs/pytorch-graphs/squeeze_net_tosa.dot,/qfs/people/dass304/dass304/HWSWpartition/hw-sw-partition-metaheur/BatchExperiments/Ablation/diff_gnn_order_lssp_trace/squeeze_net_tosa/seed-42/run-20260412-140630/config/squeeze_net_tosa_seed-42_ablation.yaml,train,epoch,train,thresholded_partition,threshold,416,416.0,0,416,False,False,5190.40380859375,12462.774801274847,13089.26152888179,nan,nan,True,87,4471.785511564481,4831.909135635894,0.2512,0.33440000000000003,10070.7861328125,0.49789154529571533,nan,queue,queue,per_epoch_trace
squeeze_net_tosa,inputs/task_graph_topology/soda-benchmark-graphs/pytorch-graphs/squeeze_net_tosa.dot,/qfs/people/dass304/dass304/HWSWpartition/hw-sw-partition-metaheur/BatchExperiments/Ablation/diff_gnn_order_lssp_trace/squeeze_net_tosa/seed-42/run-20260412-140630/config/squeeze_net_tosa_seed-42_ablation.yaml,train,epoch,train,thresholded_partition,threshold,417,417.0,0,417,False,False,5270.884765625,10962.252464483996,12049.113180014716,nan,nan,False,97,5025.077548546857,4831.909135635894,0.24940000000000007,0.3328,8395.5146484375,0.49835851788520813,nan,queue,queue,per_epoch_trace
squeeze_net_tosa,inputs/task_graph_topology/soda-benchmark-graphs/pytorch-graphs/squeeze_net_tosa.dot,/qfs/people/dass304/dass304/HWSWpartition/hw-sw-partition-metaheur/BatchExperiments/Ablation/diff_gnn_order_lssp_trace/squeeze_net_tosa/seed-42/run-20260412-140630/config/squeeze_net_tosa_seed-42_ablation.yaml,train,epoch,train,thresholded_partition,threshold,418,418.0,0,418,False,False,5237.33349609375,12854.623985308335,13098.46747127112,nan,nan,False,87,5016.732254954667,4831.909135635894,0.24760000000000004,0.33119999999999994,5786.29638671875,0.5003411173820496,nan,queue,queue,per_epoch_trace
squeeze_net_tosa,inputs/task_graph_topology/soda-benchmark-graphs/pytorch-graphs/squeeze_net_tosa.dot,/qfs/people/dass304/dass304/HWSWpartition/hw-sw-partition-metaheur/BatchExperiments/Ablation/diff_gnn_order_lssp_trace/squeeze_net_tosa/seed-42/run-20260412-140630/config/squeeze_net_tosa_seed-42_ablation.yaml,train,epoch,train,thresholded_partition,threshold,419,419.0,0,419,False,False,5168.609375,11713.893992809984,12224.96267321399,nan,nan,False,91,4884.493897413168,4831.909135635894,0.24580000000000002,0.3296,5805.8974609375,0.4995402991771698,nan,queue,queue,per_epoch_trace
squeeze_net_tosa,inputs/task_graph_topology/soda-benchmark-graphs/pytorch-graphs/squeeze_net_tosa.dot,/qfs/people/dass304/dass304/HWSWpartition/hw-sw-partition-metaheur/BatchExperiments/Ablation/diff_gnn_order_lssp_trace/squeeze_net_tosa/seed-42/run-20260412-140630/config/squeeze_net_tosa_seed-42_ablation.yaml,train,epoch,train,thresholded_partition,threshold,420,420.0,0,420,False,False,5152.20068359375,10615.510345154718,10742.068409463516,nan,nan,False,112,6484.627261895799,4831.909135635894,0.244,0.32799999999999996,8623.02734375,0.5017436742782593,nan,queue,queue,per_epoch_trace
squeeze_net_tosa,inputs/task_graph_topology/soda-benchmark-graphs/pytorch-graphs/squeeze_net_tosa.dot,/qfs/people/dass304/dass304/HWSWpartition/hw-sw-partition-metaheur/BatchExperiments/Ablation/diff_gnn_order_lssp_trace/squeeze_net_tosa/seed-42/run-20260412-140630/config/squeeze_net_tosa_seed-42_ablation.yaml,train,epoch,train,thresholded_partition,threshold,421,421.0,0,421,False,False,5310.99951171875,12407.26853446317,12711.459880391489,nan,nan,False,99,5438.2205874400215,4831.909135635894,0.24219999999999997,0.3264,8786.310546875,0.5017452836036682,nan,queue,queue,per_epoch_trace
squeeze_net_tosa,inputs/task_graph_topology/soda-benchmark-graphs/pytorch-graphs/squeeze_net_tosa.dot,/qfs/people/dass304/dass304/HWSWpartition/hw-sw-partition-metaheur/BatchExperiments/Ablation/diff_gnn_order_lssp_trace/squeeze_net_tosa/seed-42/run-20260412-140630/config/squeeze_net_tosa_seed-42_ablation.yaml,train,epoch,train,thresholded_partition,threshold,422,422.0,0,422,False,False,5192.2353515625,13260.970190139493,13686.499378006258,nan,nan,False,91,5237.8053939906895,4831.909135635894,0.24040000000000006,0.3248,8174.09521484375,0.5016003251075745,nan,queue,queue,per_epoch_trace
squeeze_net_tosa,inputs/task_graph_topology/soda-benchmark-graphs/pytorch-graphs/squeeze_net_tosa.dot,/qfs/people/dass304/dass304/HWSWpartition/hw-sw-partition-metaheur/BatchExperiments/Ablation/diff_gnn_order_lssp_trace/squeeze_net_tosa/seed-42/run-20260412-140630/config/squeeze_net_tosa_seed-42_ablation.yaml,train,epoch,train,thresholded_partition,threshold,423,423.0,0,423,False,False,5287.89794921875,12353.32671972609,12931.02586852986,nan,nan,True,81,4534.73078772392,4831.909135635894,0.23860000000000003,0.32319999999999993,7652.37548828125,0.4986076354980469,nan,queue,queue,per_epoch_trace
squeeze_net_tosa,inputs/task_graph_topology/soda-benchmark-graphs/pytorch-graphs/squeeze_net_tosa.dot,/qfs/people/dass304/dass304/HWSWpartition/hw-sw-partition-metaheur/BatchExperiments/Ablation/diff_gnn_order_lssp_trace/squeeze_net_tosa/seed-42/run-20260412-140630/config/squeeze_net_tosa_seed-42_ablation.yaml,train,epoch,train,thresholded_partition,threshold,424,424.0,0,424,False,False,5248.23779296875,11832.718588569678,12393.141763470336,nan,nan,True,72,3733.762807038525,4831.909135635894,0.2368,0.3216,5717.35302734375,0.5001943111419678,nan,queue,queue,per_epoch_trace
squeeze_net_tosa,inputs/task_graph_topology/soda-benchmark-graphs/pytorch-graphs/squeeze_net_tosa.dot,/qfs/people/dass304/dass304/HWSWpartition/hw-sw-partition-metaheur/BatchExperiments/Ablation/diff_gnn_order_lssp_trace/squeeze_net_tosa/seed-42/run-20260412-140630/config/squeeze_net_tosa_seed-42_ablation.yaml,train,epoch,train,thresholded_partition,threshold,425,425.0,0,425,False,False,5238.271484375,12126.373148865117,12705.805759022081,nan,nan,True,80,4672.059933248349,4831.909135635894,0.235,0.31999999999999995,7000.654296875,0.4988435208797455,nan,queue,queue,per_epoch_trace
squeeze_net_tosa,inputs/task_graph_topology/soda-benchmark-graphs/pytorch-graphs/squeeze_net_tosa.dot,/qfs/people/dass304/dass304/HWSWpartition/hw-sw-partition-metaheur/BatchExperiments/Ablation/diff_gnn_order_lssp_trace/squeeze_net_tosa/seed-42/run-20260412-140630/config/squeeze_net_tosa_seed-42_ablation.yaml,train,epoch,train,thresholded_partition,threshold,426,426.0,0,426,False,False,5308.025390625,13472.156365653897,13861.57674114692,nan,nan,True,87,4526.5702516509955,4831.909135635894,0.23319999999999996,0.3184,5874.13916015625,0.5003662109375,nan,queue,queue,per_epoch_trace
squeeze_net_tosa,inputs/task_graph_topology/soda-benchmark-graphs/pytorch-graphs/squeeze_net_tosa.dot,/qfs/people/dass304/dass304/HWSWpartition/hw-sw-partition-metaheur/BatchExperiments/Ablation/diff_gnn_order_lssp_trace/squeeze_net_tosa/seed-42/run-20260412-140630/config/squeeze_net_tosa_seed-42_ablation.yaml,train,epoch,train,thresholded_partition,threshold,427,427.0,0,427,False,False,5283.57861328125,11635.171419549428,12023.81994962285,nan,nan,True,68,3285.8957380274264,4831.909135635894,0.23140000000000005,0.31679999999999997,10996.3173828125,0.497702032327652,nan,queue,queue,per_epoch_trace
squeeze_net_tosa,inputs/task_graph_topology/soda-benchmark-graphs/pytorch-graphs/squeeze_net_tosa.dot,/qfs/people/dass304/dass304/HWSWpartition/hw-sw-partition-metaheur/BatchExperiments/Ablation/diff_gnn_order_lssp_trace/squeeze_net_tosa/seed-42/run-20260412-140630/config/squeeze_net_tosa_seed-42_ablation.yaml,train,epoch,train,thresholded_partition,threshold,428,428.0,0,428,False,False,5185.77001953125,11546.18764055981,11512.162543511651,nan,nan,True,75,4014.605276301117,4831.909135635894,0.22960000000000003,0.3151999999999999,7688.55029296875,0.49856036901474,nan,queue,queue,per_epoch_trace
squeeze_net_tosa,inputs/task_graph_topology/soda-benchmark-graphs/pytorch-graphs/squeeze_net_tosa.dot,/qfs/people/dass304/dass304/HWSWpartition/hw-sw-partition-metaheur/BatchExperiments/Ablation/diff_gnn_order_lssp_trace/squeeze_net_tosa/seed-42/run-20260412-140630/config/squeeze_net_tosa_seed-42_ablation.yaml,train,epoch,train,thresholded_partition,threshold,429,429.0,0,429,False,False,5303.099609375,11357.636762888875,12093.345741624546,nan,nan,True,57,2769.941805618953,4831.909135635894,0.2278,0.3136,8695.908203125,0.4982793629169464,nan,queue,queue,per_epoch_trace
squeeze_net_tosa,inputs/task_graph_topology/soda-benchmark-graphs/pytorch-graphs/squeeze_net_tosa.dot,/qfs/people/dass304/dass304/HWSWpartition/hw-sw-partition-metaheur/BatchExperiments/Ablation/diff_gnn_order_lssp_trace/squeeze_net_tosa/seed-42/run-20260412-140630/config/squeeze_net_tosa_seed-42_ablation.yaml,train,epoch,train,thresholded_partition,threshold,430,430.0,0,430,False,False,5207.830078125,11845.398870795438,11899.72426437557,nan,nan,True,83,4424.28916420822,4831.909135635894,0.22599999999999998,0.31199999999999994,6091.1015625,0.49933069944381714,nan,queue,queue,per_epoch_trace
squeeze_net_tosa,inputs/task_graph_topology/soda-benchmark-graphs/pytorch-graphs/squeeze_net_tosa.dot,/qfs/people/dass304/dass304/HWSWpartition/hw-sw-partition-metaheur/BatchExperiments/Ablation/diff_gnn_order_lssp_trace/squeeze_net_tosa/seed-42/run-20260412-140630/config/squeeze_net_tosa_seed-42_ablation.yaml,train,epoch,train,thresholded_partition,threshold,431,431.0,0,431,False,False,5347.5166015625,9522.12002417594,10212.230770611048,nan,nan,True,50,2687.7047957906484,4831.909135635894,0.22419999999999995,0.3104,7116.33544921875,0.4988448917865753,nan,queue,queue,per_epoch_trace
squeeze_net_tosa,inputs/task_graph_topology/soda-benchmark-graphs/pytorch-graphs/squeeze_net_tosa.dot,/qfs/people/dass304/dass304/HWSWpartition/hw-sw-partition-metaheur/BatchExperiments/Ablation/diff_gnn_order_lssp_trace/squeeze_net_tosa/seed-42/run-20260412-140630/config/squeeze_net_tosa_seed-42_ablation.yaml,train,epoch,train,thresholded_partition,threshold,432,432.0,0,432,False,False,5359.5703125,11111.406868733882,11292.633004817202,nan,nan,True,81,4552.964400023578,4831.909135635894,0.22240000000000004,0.30879999999999996,6116.25,0.4994320571422577,nan,queue,queue,per_epoch_trace
squeeze_net_tosa,inputs/task_graph_topology/soda-benchmark-graphs/pytorch-graphs/squeeze_net_tosa.dot,/qfs/people/dass304/dass304/HWSWpartition/hw-sw-partition-metaheur/BatchExperiments/Ablation/diff_gnn_order_lssp_trace/squeeze_net_tosa/seed-42/run-20260412-140630/config/squeeze_net_tosa_seed-42_ablation.yaml,train,epoch,train,thresholded_partition,threshold,433,433.0,0,433,False,False,5261.08984375,11800.225032865406,12330.452203033636,nan,nan,False,87,4918.696587477196,4831.909135635894,0.22060000000000002,0.3071999999999999,10147.3017578125,0.5021091103553772,nan,queue,queue,per_epoch_trace
squeeze_net_tosa,inputs/task_graph_topology/soda-benchmark-graphs/pytorch-graphs/squeeze_net_tosa.dot,/qfs/people/dass304/dass304/HWSWpartition/hw-sw-partition-metaheur/BatchExperiments/Ablation/diff_gnn_order_lssp_trace/squeeze_net_tosa/seed-42/run-20260412-140630/config/squeeze_net_tosa_seed-42_ablation.yaml,train,epoch,train,thresholded_partition,threshold,434,434.0,0,434,False,False,5329.109375,11328.012196913143,11553.205361428929,nan,nan,False,90,5353.331436816999,4831.909135635894,0.2188,0.3056,12635.41015625,0.5026217699050903,nan,queue,queue,per_epoch_trace
squeeze_net_tosa,inputs/task_graph_topology/soda-benchmark-graphs/pytorch-graphs/squeeze_net_tosa.dot,/qfs/people/dass304/dass304/HWSWpartition/hw-sw-partition-metaheur/BatchExperiments/Ablation/diff_gnn_order_lssp_trace/squeeze_net_tosa/seed-42/run-20260412-140630/config/squeeze_net_tosa_seed-42_ablation.yaml,train,epoch,train,thresholded_partition,threshold,435,435.0,0,435,False,False,5349.96826171875,12475.75827601009,12615.913469227655,nan,nan,True,62,3562.1812086698355,4831.909135635894,0.21699999999999997,0.30399999999999994,5894.89404296875,0.4996711015701294,nan,queue,queue,per_epoch_trace
squeeze_net_tosa,inputs/task_graph_topology/soda-benchmark-graphs/pytorch-graphs/squeeze_net_tosa.dot,/qfs/people/dass304/dass304/HWSWpartition/hw-sw-partition-metaheur/BatchExperiments/Ablation/diff_gnn_order_lssp_trace/squeeze_net_tosa/seed-42/run-20260412-140630/config/squeeze_net_tosa_seed-42_ablation.yaml,train,epoch,train,thresholded_partition,threshold,436,436.0,0,436,False,False,5252.08935546875,11635.335266837566,12500.097136288285,nan,nan,False,87,4856.9935230656365,4831.909135635894,0.21519999999999995,0.3024,5820.119140625,0.500369668006897,nan,queue,queue,per_epoch_trace
squeeze_net_tosa,inputs/task_graph_topology/soda-benchmark-graphs/pytorch-graphs/squeeze_net_tosa.dot,/qfs/people/dass304/dass304/HWSWpartition/hw-sw-partition-metaheur/BatchExperiments/Ablation/diff_gnn_order_lssp_trace/squeeze_net_tosa/seed-42/run-20260412-140630/config/squeeze_net_tosa_seed-42_ablation.yaml,train,epoch,train,thresholded_partition,threshold,437,437.0,0,437,False,False,5353.28173828125,11655.785000502805,11954.915688180441,nan,nan,True,74,4073.797272639673,4831.909135635894,0.21340000000000003,0.30079999999999996,8809.142578125,0.49826112389564514,nan,queue,queue,per_epoch_trace
squeeze_net_tosa,inputs/task_graph_topology/soda-benchmark-graphs/pytorch-graphs/squeeze_net_tosa.dot,/qfs/people/dass304/dass304/HWSWpartition/hw-sw-partition-metaheur/BatchExperiments/Ablation/diff_gnn_order_lssp_trace/squeeze_net_tosa/seed-42/run-20260412-140630/config/squeeze_net_tosa_seed-42_ablation.yaml,train,epoch,train,thresholded_partition,threshold,438,438.0,0,438,False,False,5244.564453125,12545.243332301477,13181.623035245128,nan,nan,True,79,4382.700172921782,4831.909135635894,0.2116,0.2991999999999999,6074.296875,0.4993686079978943,nan,queue,queue,per_epoch_trace
squeeze_net_tosa,inputs/task_graph_topology/soda-benchmark-graphs/pytorch-graphs/squeeze_net_tosa.dot,/qfs/people/dass304/dass304/HWSWpartition/hw-sw-partition-metaheur/BatchExperiments/Ablation/diff_gnn_order_lssp_trace/squeeze_net_tosa/seed-42/run-20260412-140630/config/squeeze_net_tosa_seed-42_ablation.yaml,train,epoch,train,thresholded_partition,threshold,439,439.0,0,439,False,False,5315.6689453125,12091.750858384528,12448.141636837783,nan,nan,True,78,4008.7190840267535,4831.909135635894,0.2098,0.2976,8478.763671875,0.498347669839859,nan,queue,queue,per_epoch_trace
squeeze_net_tosa,inputs/task_graph_topology/soda-benchmark-graphs/pytorch-graphs/squeeze_net_tosa.dot,/qfs/people/dass304/dass304/HWSWpartition/hw-sw-partition-metaheur/BatchExperiments/Ablation/diff_gnn_order_lssp_trace/squeeze_net_tosa/seed-42/run-20260412-140630/config/squeeze_net_tosa_seed-42_ablation.yaml,train,epoch,train,thresholded_partition,threshold,440,440.0,0,440,False,False,5282.646484375,10891.82230519795,11098.81971573171,nan,nan,True,75,4059.8504070397585,4831.909135635894,0.20799999999999996,0.29599999999999993,5773.65966796875,0.5002380609512329,nan,queue,queue,per_epoch_trace
squeeze_net_tosa,inputs/task_graph_topology/soda-benchmark-graphs/pytorch-graphs/squeeze_net_tosa.dot,/qfs/people/dass304/dass304/HWSWpartition/hw-sw-partition-metaheur/BatchExperiments/Ablation/diff_gnn_order_lssp_trace/squeeze_net_tosa/seed-42/run-20260412-140630/config/squeeze_net_tosa_seed-42_ablation.yaml,train,epoch,train,thresholded_partition,threshold,441,441.0,0,441,False,False,5315.36328125,12353.8672008462,13423.52807724887,nan,nan,True,81,4505.240733374489,4831.909135635894,0.20619999999999994,0.2944,8077.951171875,0.5015245079994202,nan,queue,queue,per_epoch_trace
squeeze_net_tosa,inputs/task_graph_topology/soda-benchmark-graphs/pytorch-graphs/squeeze_net_tosa.dot,/qfs/people/dass304/dass304/HWSWpartition/hw-sw-partition-metaheur/BatchExperiments/Ablation/diff_gnn_order_lssp_trace/squeeze_net_tosa/seed-42/run-20260412-140630/config/squeeze_net_tosa_seed-42_ablation.yaml,train,epoch,train,thresholded_partition,threshold,442,442.0,0,442,False,False,5343.81787109375,11276.260333489483,11870.144484997942,nan,nan,True,86,4756.216021375637,4831.909135635894,0.20440000000000003,0.29279999999999995,7246.04443359375,0.5012105107307434,nan,queue,queue,per_epoch_trace
squeeze_net_tosa,inputs/task_graph_topology/soda-benchmark-graphs/pytorch-graphs/squeeze_net_tosa.dot,/qfs/people/dass304/dass304/HWSWpartition/hw-sw-partition-metaheur/BatchExperiments/Ablation/diff_gnn_order_lssp_trace/squeeze_net_tosa/seed-42/run-20260412-140630/config/squeeze_net_tosa_seed-42_ablation.yaml,train,epoch,train,thresholded_partition,threshold,443,443.0,0,443,False,False,5353.529296875,11791.91216368643,11993.181352857888,nan,nan,True,66,3406.749747271392,4831.909135635894,0.2026,0.2911999999999999,5869.36328125,0.5002774000167847,nan,queue,queue,per_epoch_trace
squeeze_net_tosa,inputs/task_graph_topology/soda-benchmark-graphs/pytorch-graphs/squeeze_net_tosa.dot,/qfs/people/dass304/dass304/HWSWpartition/hw-sw-partition-metaheur/BatchExperiments/Ablation/diff_gnn_order_lssp_trace/squeeze_net_tosa/seed-42/run-20260412-140630/config/squeeze_net_tosa_seed-42_ablation.yaml,train,epoch,train,thresholded_partition,threshold,444,444.0,0,444,False,False,5200.64501953125,11757.32043298935,12445.941595510578,nan,nan,True,83,4756.524089404192,4831.909135635894,0.20079999999999998,0.28959999999999997,5627.298828125,0.4999942183494568,nan,queue,queue,per_epoch_trace
squeeze_net_tosa,inputs/task_graph_topology/soda-benchmark-graphs/pytorch-graphs/squeeze_net_tosa.dot,/qfs/people/dass304/dass304/HWSWpartition/hw-sw-partition-metaheur/BatchExperiments/Ablation/diff_gnn_order_lssp_trace/squeeze_net_tosa/seed-42/run-20260412-140630/config/squeeze_net_tosa_seed-42_ablation.yaml,train,epoch,train,thresholded_partition,threshold,445,445.0,0,445,False,False,5217.69482421875,12524.32697621813,13345.33168583389,nan,nan,False,99,5282.234015828816,4831.909135635894,0.19899999999999995,0.2879999999999999,7566.2568359375,0.501385509967804,nan,queue,queue,per_epoch_trace
squeeze_net_tosa,inputs/task_graph_topology/soda-benchmark-graphs/pytorch-graphs/squeeze_net_tosa.dot,/qfs/people/dass304/dass304/HWSWpartition/hw-sw-partition-metaheur/BatchExperiments/Ablation/diff_gnn_order_lssp_trace/squeeze_net_tosa/seed-42/run-20260412-140630/config/squeeze_net_tosa_seed-42_ablation.yaml,train,epoch,train,thresholded_partition,threshold,446,446.0,0,446,False,False,5327.556640625,12006.088996712138,12119.047998532971,nan,nan,True,81,4550.715257046558,4831.909135635894,0.19719999999999993,0.2864,12248.76171875,0.5025464296340942,nan,queue,queue,per_epoch_trace
squeeze_net_tosa,inputs/task_graph_topology/soda-benchmark-graphs/pytorch-graphs/squeeze_net_tosa.dot,/qfs/people/dass304/dass304/HWSWpartition/hw-sw-partition-metaheur/BatchExperiments/Ablation/diff_gnn_order_lssp_trace/squeeze_net_tosa/seed-42/run-20260412-140630/config/squeeze_net_tosa_seed-42_ablation.yaml,train,epoch,train,thresholded_partition,threshold,447,447.0,0,447,False,False,5258.708984375,12623.53881990027,13065.183546125887,nan,nan,True,83,4322.391296010286,4831.909135635894,0.19540000000000002,0.28479999999999994,5694.455078125,0.5000336170196533,nan,queue,queue,per_epoch_trace
squeeze_net_tosa,inputs/task_graph_topology/soda-benchmark-graphs/pytorch-graphs/squeeze_net_tosa.dot,/qfs/people/dass304/dass304/HWSWpartition/hw-sw-partition-metaheur/BatchExperiments/Ablation/diff_gnn_order_lssp_trace/squeeze_net_tosa/seed-42/run-20260412-140630/config/squeeze_net_tosa_seed-42_ablation.yaml,train,epoch,train,thresholded_partition,threshold,448,448.0,0,448,False,False,5210.65673828125,12009.299080857043,12402.581958256158,nan,nan,False,99,5690.7126329303865,4831.909135635894,0.1936,0.2831999999999999,6992.66552734375,0.5011634230613708,nan,queue,queue,per_epoch_trace
squeeze_net_tosa,inputs/task_graph_topology/soda-benchmark-graphs/pytorch-graphs/squeeze_net_tosa.dot,/qfs/people/dass304/dass304/HWSWpartition/hw-sw-partition-metaheur/BatchExperiments/Ablation/diff_gnn_order_lssp_trace/squeeze_net_tosa/seed-42/run-20260412-140630/config/squeeze_net_tosa_seed-42_ablation.yaml,train,epoch,train,thresholded_partition,threshold,449,449.0,0,449,False,False,5231.66064453125,12489.210986115948,13567.833329498462,nan,nan,True,76,3655.8302420069926,4831.909135635894,0.19179999999999997,0.28159999999999996,8847.111328125,0.49821537733078003,nan,queue,queue,per_epoch_trace
squeeze_net_tosa,inputs/task_graph_topology/soda-benchmark-graphs/pytorch-graphs/squeeze_net_tosa.dot,/qfs/people/dass304/dass304/HWSWpartition/hw-sw-partition-metaheur/BatchExperiments/Ablation/diff_gnn_order_lssp_trace/squeeze_net_tosa/seed-42/run-20260412-140630/config/squeeze_net_tosa_seed-42_ablation.yaml,train,epoch,train,thresholded_partition,threshold,450,450.0,0,450,False,False,5270.283203125,11991.923364844959,12319.791160128627,nan,nan,True,70,3780.3692372815444,4831.909135635894,0.18999999999999995,0.2799999999999999,7883.66748046875,0.49852198362350464,nan,queue,queue,per_epoch_trace
squeeze_net_tosa,inputs/task_graph_topology/soda-benchmark-graphs/pytorch-graphs/squeeze_net_tosa.dot,/qfs/people/dass304/dass304/HWSWpartition/hw-sw-partition-metaheur/BatchExperiments/Ablation/diff_gnn_order_lssp_trace/squeeze_net_tosa/seed-42/run-20260412-140630/config/squeeze_net_tosa_seed-42_ablation.yaml,train,epoch,train,thresholded_partition,threshold,451,451.0,0,451,False,False,5371.90087890625,10495.134283558704,10501.055121062085,nan,nan,True,55,2929.769121063333,4831.909135635894,0.18819999999999992,0.2784,13296.74609375,0.497264564037323,nan,queue,queue,per_epoch_trace
squeeze_net_tosa,inputs/task_graph_topology/soda-benchmark-graphs/pytorch-graphs/squeeze_net_tosa.dot,/qfs/people/dass304/dass304/HWSWpartition/hw-sw-partition-metaheur/BatchExperiments/Ablation/diff_gnn_order_lssp_trace/squeeze_net_tosa/seed-42/run-20260412-140630/config/squeeze_net_tosa_seed-42_ablation.yaml,train,epoch,train,thresholded_partition,threshold,452,452.0,0,452,False,False,5253.623046875,11222.484329512423,11778.885769331066,nan,nan,True,81,4772.943918825626,4831.909135635894,0.1864,0.27679999999999993,6495.705078125,0.5009022355079651,nan,queue,queue,per_epoch_trace
squeeze_net_tosa,inputs/task_graph_topology/soda-benchmark-graphs/pytorch-graphs/squeeze_net_tosa.dot,/qfs/people/dass304/dass304/HWSWpartition/hw-sw-partition-metaheur/BatchExperiments/Ablation/diff_gnn_order_lssp_trace/squeeze_net_tosa/seed-42/run-20260412-140630/config/squeeze_net_tosa_seed-42_ablation.yaml,train,epoch,train,thresholded_partition,threshold,453,453.0,0,453,False,False,5207.83349609375,12223.711891606123,12571.610167773757,nan,nan,True,85,4567.554958527641,4831.909135635894,0.1846,0.2751999999999999,5642.9482421875,0.49989044666290283,nan,queue,queue,per_epoch_trace
squeeze_net_tosa,inputs/task_graph_topology/soda-benchmark-graphs/pytorch-graphs/squeeze_net_tosa.dot,/qfs/people/dass304/dass304/HWSWpartition/hw-sw-partition-metaheur/BatchExperiments/Ablation/diff_gnn_order_lssp_trace/squeeze_net_tosa/seed-42/run-20260412-140630/config/squeeze_net_tosa_seed-42_ablation.yaml,train,epoch,train,thresholded_partition,threshold,454,454.0,0,454,False,False,5197.14306640625,11025.881395595587,11917.120988022749,nan,nan,True,75,4216.963292631398,4831.909135635894,0.18279999999999996,0.27359999999999995,5627.20361328125,0.4999263286590576,nan,queue,queue,per_epoch_trace
squeeze_net_tosa,inputs/task_graph_topology/soda-benchmark-graphs/pytorch-graphs/squeeze_net_tosa.dot,/qfs/people/dass304/dass304/HWSWpartition/hw-sw-partition-metaheur/BatchExperiments/Ablation/diff_gnn_order_lssp_trace/squeeze_net_tosa/seed-42/run-20260412-140630/config/squeeze_net_tosa_seed-42_ablation.yaml,train,epoch,train,thresholded_partition,threshold,455,455.0,0,455,False,False,5258.28125,11202.371327324672,11798.848596289768,nan,nan,True,73,4036.612408663647,4831.909135635894,0.18099999999999994,0.2719999999999999,5863.4189453125,0.49957799911499023,nan,queue,queue,per_epoch_trace
squeeze_net_tosa,inputs/task_graph_topology/soda-benchmark-graphs/pytorch-graphs/squeeze_net_tosa.dot,/qfs/people/dass304/dass304/HWSWpartition/hw-sw-partition-metaheur/BatchExperiments/Ablation/diff_gnn_order_lssp_trace/squeeze_net_tosa/seed-42/run-20260412-140630/config/squeeze_net_tosa_seed-42_ablation.yaml,train,epoch,train,thresholded_partition,threshold,456,456.0,0,456,False,False,5248.62841796875,12438.405316413233,12607.171563288934,nan,nan,True,66,3928.834950337139,4831.909135635894,0.17919999999999991,0.2704,11208.658203125,0.502352237701416,nan,queue,queue,per_epoch_trace
squeeze_net_tosa,inputs/task_graph_topology/soda-benchmark-graphs/pytorch-graphs/squeeze_net_tosa.dot,/qfs/people/dass304/dass304/HWSWpartition/hw-sw-partition-metaheur/BatchExperiments/Ablation/diff_gnn_order_lssp_trace/squeeze_net_tosa/seed-42/run-20260412-140630/config/squeeze_net_tosa_seed-42_ablation.yaml,train,epoch,train,thresholded_partition,threshold,457,457.0,0,457,False,False,5267.56005859375,12811.653081239478,13094.260628989407,nan,nan,True,74,4066.3527775692123,4831.909135635894,0.1774,0.26879999999999993,6431.705078125,0.5008580088615417,nan,queue,queue,per_epoch_trace
squeeze_net_tosa,inputs/task_graph_topology/soda-benchmark-graphs/pytorch-graphs/squeeze_net_tosa.dot,/qfs/people/dass304/dass304/HWSWpartition/hw-sw-partition-metaheur/BatchExperiments/Ablation/diff_gnn_order_lssp_trace/squeeze_net_tosa/seed-42/run-20260412-140630/config/squeeze_net_tosa_seed-42_ablation.yaml,train,epoch,train,thresholded_partition,threshold,458,458.0,0,458,False,False,5191.84326171875,11433.975803060619,12315.367904846446,nan,nan,False,108,5567.888067488989,4831.909135635894,0.17559999999999998,0.2671999999999999,6042.78369140625,0.4993499219417572,nan,queue,queue,per_epoch_trace
squeeze_net_tosa,inputs/task_graph_topology/soda-benchmark-graphs/pytorch-graphs/squeeze_net_tosa.dot,/qfs/people/dass304/dass304/HWSWpartition/hw-sw-partition-metaheur/BatchExperiments/Ablation/diff_gnn_order_lssp_trace/squeeze_net_tosa/seed-42/run-20260412-140630/config/squeeze_net_tosa_seed-42_ablation.yaml,train,epoch,train,thresholded_partition,threshold,459,459.0,0,459,False,False,5238.69970703125,11331.184562554752,12242.589418358453,nan,nan,False,88,4948.06120781416,4831.909135635894,0.17379999999999995,0.26559999999999995,9467.91796875,0.5019490122795105,nan,queue,queue,per_epoch_trace
squeeze_net_tosa,inputs/task_graph_topology/soda-benchmark-graphs/pytorch-graphs/squeeze_net_tosa.dot,/qfs/people/dass304/dass304/HWSWpartition/hw-sw-partition-metaheur/BatchExperiments/Ablation/diff_gnn_order_lssp_trace/squeeze_net_tosa/seed-42/run-20260412-140630/config/squeeze_net_tosa_seed-42_ablation.yaml,train,epoch,train,thresholded_partition,threshold,460,460.0,0,460,False,False,5131.71240234375,12768.733259322058,14053.041001120308,nan,nan,False,100,5639.467716535402,4831.909135635894,0.17199999999999993,0.2639999999999999,5572.373046875,0.5001218318939209,nan,queue,queue,per_epoch_trace
squeeze_net_tosa,inputs/task_graph_topology/soda-benchmark-graphs/pytorch-graphs/squeeze_net_tosa.dot,/qfs/people/dass304/dass304/HWSWpartition/hw-sw-partition-metaheur/BatchExperiments/Ablation/diff_gnn_order_lssp_trace/squeeze_net_tosa/seed-42/run-20260412-140630/config/squeeze_net_tosa_seed-42_ablation.yaml,train,epoch,train,thresholded_partition,threshold,461,461.0,0,461,False,False,5253.35986328125,12057.084804475651,12380.250422361989,nan,nan,True,61,3602.1726856534756,4831.909135635894,0.1701999999999999,0.26239999999999997,6892.4619140625,0.5010988712310791,nan,queue,queue,per_epoch_trace
squeeze_net_tosa,inputs/task_graph_topology/soda-benchmark-graphs/pytorch-graphs/squeeze_net_tosa.dot,/qfs/people/dass304/dass304/HWSWpartition/hw-sw-partition-metaheur/BatchExperiments/Ablation/diff_gnn_order_lssp_trace/squeeze_net_tosa/seed-42/run-20260412-140630/config/squeeze_net_tosa_seed-42_ablation.yaml,train,epoch,train,thresholded_partition,threshold,462,462.0,0,462,False,False,5182.37646484375,11311.70298305029,11610.46881230619,nan,nan,True,56,3230.5947017933363,4831.909135635894,0.1684,0.2607999999999999,5607.880859375,0.4999932646751404,nan,queue,queue,per_epoch_trace
squeeze_net_tosa,inputs/task_graph_topology/soda-benchmark-graphs/pytorch-graphs/squeeze_net_tosa.dot,/qfs/people/dass304/dass304/HWSWpartition/hw-sw-partition-metaheur/BatchExperiments/Ablation/diff_gnn_order_lssp_trace/squeeze_net_tosa/seed-42/run-20260412-140630/config/squeeze_net_tosa_seed-42_ablation.yaml,train,epoch,train,thresholded_partition,threshold,463,463.0,0,463,False,False,5221.56982421875,10419.163416518753,10537.072920243083,nan,nan,True,69,3854.7453948180573,4831.909135635894,0.16659999999999997,0.2591999999999999,6991.66796875,0.49884170293807983,nan,queue,queue,per_epoch_trace
squeeze_net_tosa,inputs/task_graph_topology/soda-benchmark-graphs/pytorch-graphs/squeeze_net_tosa.dot,/qfs/people/dass304/dass304/HWSWpartition/hw-sw-partition-metaheur/BatchExperiments/Ablation/diff_gnn_order_lssp_trace/squeeze_net_tosa/seed-42/run-20260412-140630/config/squeeze_net_tosa_seed-42_ablation.yaml,train,epoch,train,thresholded_partition,threshold,464,464.0,0,464,False,False,5256.69921875,11289.985985112939,11867.10613603972,nan,nan,True,92,4564.635696758192,4831.909135635894,0.16479999999999995,0.25759999999999994,10690.2783203125,0.49776220321655273,nan,queue,queue,per_epoch_trace
squeeze_net_tosa,inputs/task_graph_topology/soda-benchmark-graphs/pytorch-graphs/squeeze_net_tosa.dot,/qfs/people/dass304/dass304/HWSWpartition/hw-sw-partition-metaheur/BatchExperiments/Ablation/diff_gnn_order_lssp_trace/squeeze_net_tosa/seed-42/run-20260412-140630/config/squeeze_net_tosa_seed-42_ablation.yaml,train,epoch,train,thresholded_partition,threshold,465,465.0,0,465,False,False,5154.5390625,12394.62027656054,12919.298617391541,nan,nan,False,99,5284.398385055144,4831.909135635894,0.16299999999999992,0.2559999999999999,5903.591796875,0.49943670630455017,nan,queue,queue,per_epoch_trace
squeeze_net_tosa,inputs/task_graph_topology/soda-benchmark-graphs/pytorch-graphs/squeeze_net_tosa.dot,/qfs/people/dass304/dass304/HWSWpartition/hw-sw-partition-metaheur/BatchExperiments/Ablation/diff_gnn_order_lssp_trace/squeeze_net_tosa/seed-42/run-20260412-140630/config/squeeze_net_tosa_seed-42_ablation.yaml,train,epoch,train,thresholded_partition,threshold,466,466.0,0,466,False,False,5263.8125,11847.847926415068,12134.589621867019,nan,nan,True,68,3609.7825575950224,4831.909135635894,0.1611999999999999,0.25439999999999996,6918.26806640625,0.49889567494392395,nan,queue,queue,per_epoch_trace
squeeze_net_tosa,inputs/task_graph_topology/soda-benchmark-graphs/pytorch-graphs/squeeze_net_tosa.dot,/qfs/people/dass304/dass304/HWSWpartition/hw-sw-partition-metaheur/BatchExperiments/Ablation/diff_gnn_order_lssp_trace/squeeze_net_tosa/seed-42/run-20260412-140630/config/squeeze_net_tosa_seed-42_ablation.yaml,train,epoch,train,thresholded_partition,threshold,467,467.0,0,467,False,False,5277.75048828125,13200.119662740139,13484.762516687202,nan,nan,True,82,4352.199328398704,4831.909135635894,0.1594,0.2527999999999999,5745.16845703125,0.5001860857009888,nan,queue,queue,per_epoch_trace
squeeze_net_tosa,inputs/task_graph_topology/soda-benchmark-graphs/pytorch-graphs/squeeze_net_tosa.dot,/qfs/people/dass304/dass304/HWSWpartition/hw-sw-partition-metaheur/BatchExperiments/Ablation/diff_gnn_order_lssp_trace/squeeze_net_tosa/seed-42/run-20260412-140630/config/squeeze_net_tosa_seed-42_ablation.yaml,train,epoch,train,thresholded_partition,threshold,468,468.0,0,468,False,False,5161.79833984375,11572.245210393121,12048.424317780491,nan,nan,False,105,6006.867026691173,4831.909135635894,0.15759999999999996,0.25119999999999987,11953.0888671875,0.502522349357605,nan,queue,queue,per_epoch_trace
squeeze_net_tosa,inputs/task_graph_topology/soda-benchmark-graphs/pytorch-graphs/squeeze_net_tosa.dot,/qfs/people/dass304/dass304/HWSWpartition/hw-sw-partition-metaheur/BatchExperiments/Ablation/diff_gnn_order_lssp_trace/squeeze_net_tosa/seed-42/run-20260412-140630/config/squeeze_net_tosa_seed-42_ablation.yaml,train,epoch,train,thresholded_partition,threshold,469,469.0,0,469,False,False,5269.40966796875,11550.25291599518,12200.058184466447,nan,nan,True,77,4312.748299829066,4831.909135635894,0.15580000000000005,0.24960000000000004,5753.333984375,0.5002313852310181,nan,queue,queue,per_epoch_trace
squeeze_net_tosa,inputs/task_graph_topology/soda-benchmark-graphs/pytorch-graphs/squeeze_net_tosa.dot,/qfs/people/dass304/dass304/HWSWpartition/hw-sw-partition-metaheur/BatchExperiments/Ablation/diff_gnn_order_lssp_trace/squeeze_net_tosa/seed-42/run-20260412-140630/config/squeeze_net_tosa_seed-42_ablation.yaml,train,epoch,train,thresholded_partition,threshold,470,470.0,0,470,False,False,5257.685546875,12893.099808877916,13672.785465462737,nan,nan,True,64,3292.067985394364,4831.909135635894,0.15400000000000003,0.248,7370.755859375,0.49870115518569946,nan,queue,queue,per_epoch_trace
squeeze_net_tosa,inputs/task_graph_topology/soda-benchmark-graphs/pytorch-graphs/squeeze_net_tosa.dot,/qfs/people/dass304/dass304/HWSWpartition/hw-sw-partition-metaheur/BatchExperiments/Ablation/diff_gnn_order_lssp_trace/squeeze_net_tosa/seed-42/run-20260412-140630/config/squeeze_net_tosa_seed-42_ablation.yaml,train,epoch,train,thresholded_partition,threshold,471,471.0,0,471,False,False,5248.546875,9754.271778614893,10354.184277414599,nan,nan,True,89,4814.452835201594,4831.909135635894,0.1522,0.24639999999999995,5823.34912109375,0.4996148645877838,nan,queue,queue,per_epoch_trace
squeeze_net_tosa,inputs/task_graph_topology/soda-benchmark-graphs/pytorch-graphs/squeeze_net_tosa.dot,/qfs/people/dass304/dass304/HWSWpartition/hw-sw-partition-metaheur/BatchExperiments/Ablation/diff_gnn_order_lssp_trace/squeeze_net_tosa/seed-42/run-20260412-140630/config/squeeze_net_tosa_seed-42_ablation.yaml,train,epoch,train,thresholded_partition,threshold,472,472.0,0,472,False,False,5287.6796875,12668.012838353974,13055.429035264999,nan,nan,False,94,5016.912933402909,4831.909135635894,0.15039999999999998,0.24480000000000002,6255.1669921875,0.5007304549217224,nan,queue,queue,per_epoch_trace
squeeze_net_tosa,inputs/task_graph_topology/soda-benchmark-graphs/pytorch-graphs/squeeze_net_tosa.dot,/qfs/people/dass304/dass304/HWSWpartition/hw-sw-partition-metaheur/BatchExperiments/Ablation/diff_gnn_order_lssp_trace/squeeze_net_tosa/seed-42/run-20260412-140630/config/squeeze_net_tosa_seed-42_ablation.yaml,train,epoch,train,thresholded_partition,threshold,473,473.0,0,473,False,False,5224.71533203125,10787.154863330556,11608.555463097213,nan,nan,False,118,6077.674541210781,4831.909135635894,0.14860000000000007,0.24319999999999997,6635.36474609375,0.4990087151527405,nan,queue,queue,per_epoch_trace
squeeze_net_tosa,inputs/task_graph_topology/soda-benchmark-graphs/pytorch-graphs/squeeze_net_tosa.dot,/qfs/people/dass304/dass304/HWSWpartition/hw-sw-partition-metaheur/BatchExperiments/Ablation/diff_gnn_order_lssp_trace/squeeze_net_tosa/seed-42/run-20260412-140630/config/squeeze_net_tosa_seed-42_ablation.yaml,train,epoch,train,thresholded_partition,threshold,474,474.0,0,474,False,False,5134.5283203125,11671.293927840981,11849.149128871859,nan,nan,False,97,5122.549091225839,4831.909135635894,0.14680000000000004,0.24160000000000004,5627.2578125,0.4997495412826538,nan,queue,queue,per_epoch_trace
squeeze_net_tosa,inputs/task_graph_topology/soda-benchmark-graphs/pytorch-graphs/squeeze_net_tosa.dot,/qfs/people/dass304/dass304/HWSWpartition/hw-sw-partition-metaheur/BatchExperiments/Ablation/diff_gnn_order_lssp_trace/squeeze_net_tosa/seed-42/run-20260412-140630/config/squeeze_net_tosa_seed-42_ablation.yaml,train,epoch,train,thresholded_partition,threshold,475,475.0,0,475,False,False,5279.357421875,10929.140667709802,11404.725834671188,nan,nan,False,107,6153.074539121699,4831.909135635894,0.14500000000000002,0.24,13656.603515625,0.5028190612792969,nan,queue,queue,per_epoch_trace
squeeze_net_tosa,inputs/task_graph_topology/soda-benchmark-graphs/pytorch-graphs/squeeze_net_tosa.dot,/qfs/people/dass304/dass304/HWSWpartition/hw-sw-partition-metaheur/BatchExperiments/Ablation/diff_gnn_order_lssp_trace/squeeze_net_tosa/seed-42/run-20260412-140630/config/squeeze_net_tosa_seed-42_ablation.yaml,train,epoch,train,thresholded_partition,threshold,476,476.0,0,476,False,False,5202.36669921875,12168.007407065568,13018.921161848451,nan,nan,True,77,4015.9016464708284,4831.909135635894,0.1432,0.23839999999999995,5655.26708984375,0.49985751509666443,nan,queue,queue,per_epoch_trace
squeeze_net_tosa,inputs/task_graph_topology/soda-benchmark-graphs/pytorch-graphs/squeeze_net_tosa.dot,/qfs/people/dass304/dass304/HWSWpartition/hw-sw-partition-metaheur/BatchExperiments/Ablation/diff_gnn_order_lssp_trace/squeeze_net_tosa/seed-42/run-20260412-140630/config/squeeze_net_tosa_seed-42_ablation.yaml,train,epoch,train,thresholded_partition,threshold,477,477.0,0,477,False,False,5284.96826171875,11921.547508489339,12214.830277822408,nan,nan,True,79,4380.715212024807,4831.909135635894,0.14139999999999997,0.2368,5750.470703125,0.5001754760742188,nan,queue,queue,per_epoch_trace
squeeze_net_tosa,inputs/task_graph_topology/soda-benchmark-graphs/pytorch-graphs/squeeze_net_tosa.dot,/qfs/people/dass304/dass304/HWSWpartition/hw-sw-partition-metaheur/BatchExperiments/Ablation/diff_gnn_order_lssp_trace/squeeze_net_tosa/seed-42/run-20260412-140630/config/squeeze_net_tosa_seed-42_ablation.yaml,train,epoch,train,thresholded_partition,threshold,478,478.0,0,478,False,False,5370.71484375,10563.412683017888,10874.322256346553,nan,nan,True,80,4345.517659783306,4831.909135635894,0.13960000000000006,0.23519999999999996,6657.7451171875,0.500920295715332,nan,queue,queue,per_epoch_trace
squeeze_net_tosa,inputs/task_graph_topology/soda-benchmark-graphs/pytorch-graphs/squeeze_net_tosa.dot,/qfs/people/dass304/dass304/HWSWpartition/hw-sw-partition-metaheur/BatchExperiments/Ablation/diff_gnn_order_lssp_trace/squeeze_net_tosa/seed-42/run-20260412-140630/config/squeeze_net_tosa_seed-42_ablation.yaml,train,epoch,train,thresholded_partition,threshold,479,479.0,0,479,False,False,5231.79736328125,12192.364104249846,12449.193029302423,nan,nan,False,97,5037.397460277963,4831.909135635894,0.13780000000000003,0.23360000000000003,10646.76171875,0.49776801466941833,nan,queue,queue,per_epoch_trace
squeeze_net_tosa,inputs/task_graph_topology/soda-benchmark-graphs/pytorch-graphs/squeeze_net_tosa.dot,/qfs/people/dass304/dass304/HWSWpartition/hw-sw-partition-metaheur/BatchExperiments/Ablation/diff_gnn_order_lssp_trace/squeeze_net_tosa/seed-42/run-20260412-140630/config/squeeze_net_tosa_seed-42_ablation.yaml,train,epoch,train,thresholded_partition,threshold,480,480.0,0,480,False,False,5219.13671875,12434.90030067055,13281.111917257153,nan,nan,False,97,5224.588341589199,4831.909135635894,0.136,0.23199999999999998,5851.3486328125,0.4995517134666443,nan,queue,queue,per_epoch_trace
squeeze_net_tosa,inputs/task_graph_topology/soda-benchmark-graphs/pytorch-graphs/squeeze_net_tosa.dot,/qfs/people/dass304/dass304/HWSWpartition/hw-sw-partition-metaheur/BatchExperiments/Ablation/diff_gnn_order_lssp_trace/squeeze_net_tosa/seed-42/run-20260412-140630/config/squeeze_net_tosa_seed-42_ablation.yaml,train,epoch,train,thresholded_partition,threshold,481,481.0,0,481,False,False,5236.90478515625,12091.758697267778,12163.792551834904,nan,nan,False,110,5988.6531900136915,4831.909135635894,0.13419999999999999,0.23039999999999994,11093.6611328125,0.49767065048217773,nan,queue,queue,per_epoch_trace
squeeze_net_tosa,inputs/task_graph_topology/soda-benchmark-graphs/pytorch-graphs/squeeze_net_tosa.dot,/qfs/people/dass304/dass304/HWSWpartition/hw-sw-partition-metaheur/BatchExperiments/Ablation/diff_gnn_order_lssp_trace/squeeze_net_tosa/seed-42/run-20260412-140630/config/squeeze_net_tosa_seed-42_ablation.yaml,train,epoch,train,thresholded_partition,threshold,482,482.0,0,482,False,False,5254.43701171875,11310.401556307615,11759.374238659691,nan,nan,True,59,3159.7027057370015,4831.909135635894,0.13239999999999996,0.2288,11798.8603515625,0.4975292384624481,nan,queue,queue,per_epoch_trace
squeeze_net_tosa,inputs/task_graph_topology/soda-benchmark-graphs/pytorch-graphs/squeeze_net_tosa.dot,/qfs/people/dass304/dass304/HWSWpartition/hw-sw-partition-metaheur/BatchExperiments/Ablation/diff_gnn_order_lssp_trace/squeeze_net_tosa/seed-42/run-20260412-140630/config/squeeze_net_tosa_seed-42_ablation.yaml,train,epoch,train,thresholded_partition,threshold,483,483.0,0,483,False,False,5267.24951171875,12401.806825811971,12335.827365743397,nan,nan,False,88,5099.316144765578,4831.909135635894,0.13060000000000005,0.22719999999999996,7853.556640625,0.5014678835868835,nan,queue,queue,per_epoch_trace
squeeze_net_tosa,inputs/task_graph_topology/soda-benchmark-graphs/pytorch-graphs/squeeze_net_tosa.dot,/qfs/people/dass304/dass304/HWSWpartition/hw-sw-partition-metaheur/BatchExperiments/Ablation/diff_gnn_order_lssp_trace/squeeze_net_tosa/seed-42/run-20260412-140630/config/squeeze_net_tosa_seed-42_ablation.yaml,train,epoch,train,thresholded_partition,threshold,484,484.0,0,484,False,False,5185.66064453125,12148.657642106897,12501.937641468781,nan,nan,False,101,5060.671356067117,4831.909135635894,0.12880000000000003,0.22560000000000002,7916.6171875,0.4984844923019409,nan,queue,queue,per_epoch_trace
squeeze_net_tosa,inputs/task_graph_topology/soda-benchmark-graphs/pytorch-graphs/squeeze_net_tosa.dot,/qfs/people/dass304/dass304/HWSWpartition/hw-sw-partition-metaheur/BatchExperiments/Ablation/diff_gnn_order_lssp_trace/squeeze_net_tosa/seed-42/run-20260412-140630/config/squeeze_net_tosa_seed-42_ablation.yaml,train,epoch,train,thresholded_partition,threshold,485,485.0,0,485,False,False,5260.3720703125,10554.240417996863,11205.253451866773,nan,nan,False,119,6132.883937851875,4831.909135635894,0.127,0.22399999999999998,11501.3310546875,0.4975893199443817,nan,queue,queue,per_epoch_trace
squeeze_net_tosa,inputs/task_graph_topology/soda-benchmark-graphs/pytorch-graphs/squeeze_net_tosa.dot,/qfs/people/dass304/dass304/HWSWpartition/hw-sw-partition-metaheur/BatchExperiments/Ablation/diff_gnn_order_lssp_trace/squeeze_net_tosa/seed-42/run-20260412-140630/config/squeeze_net_tosa_seed-42_ablation.yaml,train,epoch,train,thresholded_partition,threshold,486,486.0,0,486,False,False,5220.79248046875,13075.318832831816,13084.27239711744,nan,nan,True,76,4200.998643741595,4831.909135635894,0.12519999999999998,0.22239999999999993,8050.43896484375,0.5015444755554199,nan,queue,queue,per_epoch_trace
squeeze_net_tosa,inputs/task_graph_topology/soda-benchmark-graphs/pytorch-graphs/squeeze_net_tosa.dot,/qfs/people/dass304/dass304/HWSWpartition/hw-sw-partition-metaheur/BatchExperiments/Ablation/diff_gnn_order_lssp_trace/squeeze_net_tosa/seed-42/run-20260412-140630/config/squeeze_net_tosa_seed-42_ablation.yaml,train,epoch,train,thresholded_partition,threshold,487,487.0,0,487,False,False,5279.68603515625,9380.273036956864,9637.037646452916,nan,nan,False,125,6838.750747624808,4831.909135635894,0.12339999999999995,0.2208,19532.515625,0.5037164688110352,nan,queue,queue,per_epoch_trace
squeeze_net_tosa,inputs/task_graph_topology/soda-benchmark-graphs/pytorch-graphs/squeeze_net_tosa.dot,/qfs/people/dass304/dass304/HWSWpartition/hw-sw-partition-metaheur/BatchExperiments/Ablation/diff_gnn_order_lssp_trace/squeeze_net_tosa/seed-42/run-20260412-140630/config/squeeze_net_tosa_seed-42_ablation.yaml,train,epoch,train,thresholded_partition,threshold,488,488.0,0,488,False,False,5297.396484375,10300.57013219422,10380.085589675311,nan,nan,False,111,6116.7785475709525,4831.909135635894,0.12160000000000004,0.21919999999999995,7840.66455078125,0.5014517307281494,nan,queue,queue,per_epoch_trace
squeeze_net_tosa,inputs/task_graph_topology/soda-benchmark-graphs/pytorch-graphs/squeeze_net_tosa.dot,/qfs/people/dass304/dass304/HWSWpartition/hw-sw-partition-metaheur/BatchExperiments/Ablation/diff_gnn_order_lssp_trace/squeeze_net_tosa/seed-42/run-20260412-140630/config/squeeze_net_tosa_seed-42_ablation.yaml,train,epoch,train,thresholded_partition,threshold,489,489.0,0,489,False,False,5227.87353515625,12838.871548394525,12976.823503452293,nan,nan,True,87,4800.383916482943,4831.909135635894,0.11980000000000002,0.21760000000000002,5952.2978515625,0.49945443868637085,nan,queue,queue,per_epoch_trace
squeeze_net_tosa,inputs/task_graph_topology/soda-benchmark-graphs/pytorch-graphs/squeeze_net_tosa.dot,/qfs/people/dass304/dass304/HWSWpartition/hw-sw-partition-metaheur/BatchExperiments/Ablation/diff_gnn_order_lssp_trace/squeeze_net_tosa/seed-42/run-20260412-140630/config/squeeze_net_tosa_seed-42_ablation.yaml,train,epoch,train,thresholded_partition,threshold,490,490.0,0,490,False,False,5271.232421875,9814.095859195,9735.045385802405,nan,nan,False,108,6038.344253313844,4831.909135635894,0.118,0.21599999999999997,6840.16357421875,0.501065194606781,nan,queue,queue,per_epoch_trace
squeeze_net_tosa,inputs/task_graph_topology/soda-benchmark-graphs/pytorch-graphs/squeeze_net_tosa.dot,/qfs/people/dass304/dass304/HWSWpartition/hw-sw-partition-metaheur/BatchExperiments/Ablation/diff_gnn_order_lssp_trace/squeeze_net_tosa/seed-42/run-20260412-140630/config/squeeze_net_tosa_seed-42_ablation.yaml,train,epoch,train,thresholded_partition,threshold,491,491.0,0,491,False,False,5311.07373046875,11807.251072423527,12104.30831284104,nan,nan,True,87,4554.14886575588,4831.909135635894,0.11619999999999997,0.21439999999999992,6332.4267578125,0.4992367923259735,nan,queue,queue,per_epoch_trace
squeeze_net_tosa,inputs/task_graph_topology/soda-benchmark-graphs/pytorch-graphs/squeeze_net_tosa.dot,/qfs/people/dass304/dass304/HWSWpartition/hw-sw-partition-metaheur/BatchExperiments/Ablation/diff_gnn_order_lssp_trace/squeeze_net_tosa/seed-42/run-20260412-140630/config/squeeze_net_tosa_seed-42_ablation.yaml,train,epoch,train,thresholded_partition,threshold,492,492.0,0,492,False,False,5404.93798828125,13676.692199547255,14093.771691092083,nan,nan,False,99,5319.401497849293,4831.909135635894,0.11439999999999995,0.2128,6052.5400390625,0.49955978989601135,nan,queue,queue,per_epoch_trace
squeeze_net_tosa,inputs/task_graph_topology/soda-benchmark-graphs/pytorch-graphs/squeeze_net_tosa.dot,/qfs/people/dass304/dass304/HWSWpartition/hw-sw-partition-metaheur/BatchExperiments/Ablation/diff_gnn_order_lssp_trace/squeeze_net_tosa/seed-42/run-20260412-140630/config/squeeze_net_tosa_seed-42_ablation.yaml,train,epoch,train,thresholded_partition,threshold,493,493.0,0,493,False,False,5374.47802734375,12847.995541683591,13984.392694980981,nan,nan,False,90,5009.4118537996455,4831.909135635894,0.11260000000000003,0.21119999999999994,11333.57421875,0.4976519048213959,nan,queue,queue,per_epoch_trace
squeeze_net_tosa,inputs/task_graph_topology/soda-benchmark-graphs/pytorch-graphs/squeeze_net_tosa.dot,/qfs/people/dass304/dass304/HWSWpartition/hw-sw-partition-metaheur/BatchExperiments/Ablation/diff_gnn_order_lssp_trace/squeeze_net_tosa/seed-42/run-20260412-140630/config/squeeze_net_tosa_seed-42_ablation.yaml,train,epoch,train,thresholded_partition,threshold,494,494.0,0,494,False,False,5391.57470703125,12739.609182012708,13874.198264041277,nan,nan,True,80,4384.789391462001,4831.909135635894,0.11080000000000001,0.2096,6082.21630859375,0.5004985332489014,nan,queue,queue,per_epoch_trace
squeeze_net_tosa,inputs/task_graph_topology/soda-benchmark-graphs/pytorch-graphs/squeeze_net_tosa.dot,/qfs/people/dass304/dass304/HWSWpartition/hw-sw-partition-metaheur/BatchExperiments/Ablation/diff_gnn_order_lssp_trace/squeeze_net_tosa/seed-42/run-20260412-140630/config/squeeze_net_tosa_seed-42_ablation.yaml,train,epoch,train,thresholded_partition,threshold,495,495.0,0,495,False,False,5464.9697265625,10830.760513149302,11192.954873382367,nan,nan,False,107,6023.149501069132,4831.909135635894,0.10899999999999999,0.20799999999999996,6375.005859375,0.4993252456188202,nan,queue,queue,per_epoch_trace
squeeze_net_tosa,inputs/task_graph_topology/soda-benchmark-graphs/pytorch-graphs/squeeze_net_tosa.dot,/qfs/people/dass304/dass304/HWSWpartition/hw-sw-partition-metaheur/BatchExperiments/Ablation/diff_gnn_order_lssp_trace/squeeze_net_tosa/seed-42/run-20260412-140630/config/squeeze_net_tosa_seed-42_ablation.yaml,train,epoch,train,thresholded_partition,threshold,496,496.0,0,496,False,False,5452.52587890625,11284.031847250464,12317.438798916404,nan,nan,False,108,5893.284213694099,4831.909135635894,0.10719999999999996,0.20639999999999992,6286.328125,0.4993857741355896,nan,queue,queue,per_epoch_trace
squeeze_net_tosa,inputs/task_graph_topology/soda-benchmark-graphs/pytorch-graphs/squeeze_net_tosa.dot,/qfs/people/dass304/dass304/HWSWpartition/hw-sw-partition-metaheur/BatchExperiments/Ablation/diff_gnn_order_lssp_trace/squeeze_net_tosa/seed-42/run-20260412-140630/config/squeeze_net_tosa_seed-42_ablation.yaml,train,epoch,train,thresholded_partition,threshold,497,497.0,0,497,False,False,5424.18896484375,12530.05903849805,12886.882339894828,nan,nan,False,99,5485.271691974401,4831.909135635894,0.10539999999999994,0.20479999999999998,16074.541015625,0.5031939744949341,nan,queue,queue,per_epoch_trace
squeeze_net_tosa,inputs/task_graph_topology/soda-benchmark-graphs/pytorch-graphs/squeeze_net_tosa.dot,/qfs/people/dass304/dass304/HWSWpartition/hw-sw-partition-metaheur/BatchExperiments/Ablation/diff_gnn_order_lssp_trace/squeeze_net_tosa/seed-42/run-20260412-140630/config/squeeze_net_tosa_seed-42_ablation.yaml,train,epoch,train,thresholded_partition,threshold,498,498.0,0,498,False,False,5465.361328125,13814.377872976249,14644.900944732966,nan,nan,True,93,4704.030983723853,4831.909135635894,0.10360000000000003,0.20319999999999994,6138.7822265625,0.4995361566543579,nan,queue,queue,per_epoch_trace
squeeze_net_tosa,inputs/task_graph_topology/soda-benchmark-graphs/pytorch-graphs/squeeze_net_tosa.dot,/qfs/people/dass304/dass304/HWSWpartition/hw-sw-partition-metaheur/BatchExperiments/Ablation/diff_gnn_order_lssp_trace/squeeze_net_tosa/seed-42/run-20260412-140630/config/squeeze_net_tosa_seed-42_ablation.yaml,train,epoch,train,thresholded_partition,threshold,499,499.0,0,499,False,False,5525.46044921875,12846.722296941023,13521.992736306269,nan,nan,True,75,4163.80964798691,4831.909135635894,0.1018,0.2016,6329.9990234375,0.5005866885185242,nan,queue,queue,per_epoch_trace
squeeze_net_tosa,inputs/task_graph_topology/soda-benchmark-graphs/pytorch-graphs/squeeze_net_tosa.dot,/qfs/people/dass304/dass304/HWSWpartition/hw-sw-partition-metaheur/BatchExperiments/Ablation/diff_gnn_order_lssp_trace/squeeze_net_tosa/seed-42/run-20260412-140630/config/squeeze_net_tosa_seed-42_ablation.yaml,train,epoch,train,thresholded_partition,threshold,500,500.0,0,500,False,True,5426.11279296875,12349.13790515483,13219.539616088248,nan,nan,True,80,4433.467521991784,4831.909135635894,0.1,0.2,5876.1962890625,0.4999646246433258,nan,queue,queue,training_end
squeeze_net_tosa,inputs/task_graph_topology/soda-benchmark-graphs/pytorch-graphs/squeeze_net_tosa.dot,/qfs/people/dass304/dass304/HWSWpartition/hw-sw-partition-metaheur/BatchExperiments/Ablation/diff_gnn_order_lssp_trace/squeeze_net_tosa/seed-42/run-20260412-140630/config/squeeze_net_tosa_seed-42_ablation.yaml,postprocess,decode_selected,decode,placement,decode,500,500.25,0,0,False,False,nan,10277.315610355718,10499.062917687294,nan,nan,True,96,4827.870031870727,4831.909135635894,nan,nan,nan,nan,nan,queue,queue,decode_before_postprocess
squeeze_net_tosa,inputs/task_graph_topology/soda-benchmark-graphs/pytorch-graphs/squeeze_net_tosa.dot,/qfs/people/dass304/dass304/HWSWpartition/hw-sw-partition-metaheur/BatchExperiments/Ablation/diff_gnn_order_lssp_trace/squeeze_net_tosa/seed-42/run-20260412-140630/config/squeeze_net_tosa_seed-42_ablation.yaml,postprocess,start,decode,placement,static,500,501.25,1,0,False,False,nan,nan,nan,10277.315610355718,nan,True,96,4827.870031870727,4831.909135635894,nan,nan,nan,nan,nan,queue,queue,postprocess_trace
squeeze_net_tosa,inputs/task_graph_topology/soda-benchmark-graphs/pytorch-graphs/squeeze_net_tosa.dot,/qfs/people/dass304/dass304/HWSWpartition/hw-sw-partition-metaheur/BatchExperiments/Ablation/diff_gnn_order_lssp_trace/squeeze_net_tosa/seed-42/run-20260412-140630/config/squeeze_net_tosa_seed-42_ablation.yaml,postprocess,accepted,stage2,placement,static,500,502.25,2,1,True,False,nan,nan,nan,9525.38638590186,-751.9292244538574,True,96,4795.38092110694,4831.909135635894,nan,nan,nan,nan,nan,queue,queue,postprocess_trace
squeeze_net_tosa,inputs/task_graph_topology/soda-benchmark-graphs/pytorch-graphs/squeeze_net_tosa.dot,/qfs/people/dass304/dass304/HWSWpartition/hw-sw-partition-metaheur/BatchExperiments/Ablation/diff_gnn_order_lssp_trace/squeeze_net_tosa/seed-42/run-20260412-140630/config/squeeze_net_tosa_seed-42_ablation.yaml,postprocess,accepted,stage2,placement,static,500,503.25,3,2,True,False,nan,nan,nan,8884.387996558005,-640.9983893438548,True,96,4824.648460396094,4831.909135635894,nan,nan,nan,nan,nan,queue,queue,postprocess_trace
squeeze_net_tosa,inputs/task_graph_topology/soda-benchmark-graphs/pytorch-graphs/squeeze_net_tosa.dot,/qfs/people/dass304/dass304/HWSWpartition/hw-sw-partition-metaheur/BatchExperiments/Ablation/diff_gnn_order_lssp_trace/squeeze_net_tosa/seed-42/run-20260412-140630/config/squeeze_net_tosa_seed-42_ablation.yaml,postprocess,accepted,stage2,placement,static,500,504.25,4,3,True,False,nan,nan,nan,8293.830669151628,-590.5573274063772,True,96,4813.272282603486,4831.909135635894,nan,nan,nan,nan,nan,queue,queue,postprocess_trace
squeeze_net_tosa,inputs/task_graph_topology/soda-benchmark-graphs/pytorch-graphs/squeeze_net_tosa.dot,/qfs/people/dass304/dass304/HWSWpartition/hw-sw-partition-metaheur/BatchExperiments/Ablation/diff_gnn_order_lssp_trace/squeeze_net_tosa/seed-42/run-20260412-140630/config/squeeze_net_tosa_seed-42_ablation.yaml,postprocess,accepted,stage2,placement,static,500,505.25,5,4,True,False,nan,nan,nan,7901.400315350954,-392.4303538006743,True,96,4754.412486481916,4831.909135635894,nan,nan,nan,nan,nan,queue,queue,postprocess_trace
squeeze_net_tosa,inputs/task_graph_topology/soda-benchmark-graphs/pytorch-graphs/squeeze_net_tosa.dot,/qfs/people/dass304/dass304/HWSWpartition/hw-sw-partition-metaheur/BatchExperiments/Ablation/diff_gnn_order_lssp_trace/squeeze_net_tosa/seed-42/run-20260412-140630/config/squeeze_net_tosa_seed-42_ablation.yaml,postprocess,accepted,stage2,placement,static,500,506.25,6,5,True,False,nan,nan,nan,7475.208895830851,-426.1914195201025,True,96,4794.817161894656,4831.909135635894,nan,nan,nan,nan,nan,queue,queue,postprocess_trace
squeeze_net_tosa,inputs/task_graph_topology/soda-benchmark-graphs/pytorch-graphs/squeeze_net_tosa.dot,/qfs/people/dass304/dass304/HWSWpartition/hw-sw-partition-metaheur/BatchExperiments/Ablation/diff_gnn_order_lssp_trace/squeeze_net_tosa/seed-42/run-20260412-140630/config/squeeze_net_tosa_seed-42_ablation.yaml,postprocess,accepted,stage2,placement,static,500,507.25,7,6,True,False,nan,nan,nan,7238.655025439851,-236.5538703910006,True,96,4802.611650880159,4831.909135635894,nan,nan,nan,nan,nan,queue,queue,postprocess_trace
squeeze_net_tosa,inputs/task_graph_topology/soda-benchmark-graphs/pytorch-graphs/squeeze_net_tosa.dot,/qfs/people/dass304/dass304/HWSWpartition/hw-sw-partition-metaheur/BatchExperiments/Ablation/diff_gnn_order_lssp_trace/squeeze_net_tosa/seed-42/run-20260412-140630/config/squeeze_net_tosa_seed-42_ablation.yaml,postprocess,accepted,stage2,placement,static,500,508.25,8,7,True,False,nan,nan,nan,6982.818425577594,-255.83659986225666,True,96,4812.132798378554,4831.909135635894,nan,nan,nan,nan,nan,queue,queue,postprocess_trace
squeeze_net_tosa,inputs/task_graph_topology/soda-benchmark-graphs/pytorch-graphs/squeeze_net_tosa.dot,/qfs/people/dass304/dass304/HWSWpartition/hw-sw-partition-metaheur/BatchExperiments/Ablation/diff_gnn_order_lssp_trace/squeeze_net_tosa/seed-42/run-20260412-140630/config/squeeze_net_tosa_seed-42_ablation.yaml,postprocess,accepted,stage2,placement,static,500,509.25,9,8,True,False,nan,nan,nan,6787.123352175774,-195.69507340182008,True,96,4829.326349474805,4831.909135635894,nan,nan,nan,nan,nan,queue,queue,postprocess_trace
squeeze_net_tosa,inputs/task_graph_topology/soda-benchmark-graphs/pytorch-graphs/squeeze_net_tosa.dot,/qfs/people/dass304/dass304/HWSWpartition/hw-sw-partition-metaheur/BatchExperiments/Ablation/diff_gnn_order_lssp_trace/squeeze_net_tosa/seed-42/run-20260412-140630/config/squeeze_net_tosa_seed-42_ablation.yaml,postprocess,accepted,stage2,placement,static,500,510.25,10,9,True,False,nan,nan,nan,6633.9949614951975,-153.12839068057656,True,96,4760.6752666059265,4831.909135635894,nan,nan,nan,nan,nan,queue,queue,postprocess_trace
squeeze_net_tosa,inputs/task_graph_topology/soda-benchmark-graphs/pytorch-graphs/squeeze_net_tosa.dot,/qfs/people/dass304/dass304/HWSWpartition/hw-sw-partition-metaheur/BatchExperiments/Ablation/diff_gnn_order_lssp_trace/squeeze_net_tosa/seed-42/run-20260412-140630/config/squeeze_net_tosa_seed-42_ablation.yaml,postprocess,accepted,stage2,placement,static,500,511.25,11,10,True,False,nan,nan,nan,6489.278331664324,-144.7166298308739,True,96,4824.457601006119,4831.909135635894,nan,nan,nan,nan,nan,queue,queue,postprocess_trace
squeeze_net_tosa,inputs/task_graph_topology/soda-benchmark-graphs/pytorch-graphs/squeeze_net_tosa.dot,/qfs/people/dass304/dass304/HWSWpartition/hw-sw-partition-metaheur/BatchExperiments/Ablation/diff_gnn_order_lssp_trace/squeeze_net_tosa/seed-42/run-20260412-140630/config/squeeze_net_tosa_seed-42_ablation.yaml,postprocess,accepted,stage2,placement,static,500,512.25,12,11,True,False,nan,nan,nan,6362.893604944811,-126.3847267195124,True,96,4779.741320655735,4831.909135635894,nan,nan,nan,nan,nan,queue,queue,postprocess_trace
squeeze_net_tosa,inputs/task_graph_topology/soda-benchmark-graphs/pytorch-graphs/squeeze_net_tosa.dot,/qfs/people/dass304/dass304/HWSWpartition/hw-sw-partition-metaheur/BatchExperiments/Ablation/diff_gnn_order_lssp_trace/squeeze_net_tosa/seed-42/run-20260412-140630/config/squeeze_net_tosa_seed-42_ablation.yaml,postprocess,accepted,stage2,placement,static,500,513.25,13,12,True,False,nan,nan,nan,6238.084492937987,-124.80911200682385,True,96,4775.000180044484,4831.909135635894,nan,nan,nan,nan,nan,queue,queue,postprocess_trace
squeeze_net_tosa,inputs/task_graph_topology/soda-benchmark-graphs/pytorch-graphs/squeeze_net_tosa.dot,/qfs/people/dass304/dass304/HWSWpartition/hw-sw-partition-metaheur/BatchExperiments/Ablation/diff_gnn_order_lssp_trace/squeeze_net_tosa/seed-42/run-20260412-140630/config/squeeze_net_tosa_seed-42_ablation.yaml,postprocess,accepted,stage2,placement,static,500,514.25,14,13,True,False,nan,nan,nan,6128.292186943607,-109.79230599438051,True,96,4811.21855913967,4831.909135635894,nan,nan,nan,nan,nan,queue,queue,postprocess_trace
squeeze_net_tosa,inputs/task_graph_topology/soda-benchmark-graphs/pytorch-graphs/squeeze_net_tosa.dot,/qfs/people/dass304/dass304/HWSWpartition/hw-sw-partition-metaheur/BatchExperiments/Ablation/diff_gnn_order_lssp_trace/squeeze_net_tosa/seed-42/run-20260412-140630/config/squeeze_net_tosa_seed-42_ablation.yaml,postprocess,accepted,stage2,placement,static,500,515.25,15,14,True,False,nan,nan,nan,6049.159458220287,-79.13272872331981,True,96,4795.056325689725,4831.909135635894,nan,nan,nan,nan,nan,queue,queue,postprocess_trace
squeeze_net_tosa,inputs/task_graph_topology/soda-benchmark-graphs/pytorch-graphs/squeeze_net_tosa.dot,/qfs/people/dass304/dass304/HWSWpartition/hw-sw-partition-metaheur/BatchExperiments/Ablation/diff_gnn_order_lssp_trace/squeeze_net_tosa/seed-42/run-20260412-140630/config/squeeze_net_tosa_seed-42_ablation.yaml,postprocess,accepted,stage2,placement,static,500,516.25,16,15,True,False,nan,nan,nan,5979.78304590207,-69.37641231821726,True,97,4825.694822157523,4831.909135635894,nan,nan,nan,nan,nan,queue,queue,postprocess_trace
squeeze_net_tosa,inputs/task_graph_topology/soda-benchmark-graphs/pytorch-graphs/squeeze_net_tosa.dot,/qfs/people/dass304/dass304/HWSWpartition/hw-sw-partition-metaheur/BatchExperiments/Ablation/diff_gnn_order_lssp_trace/squeeze_net_tosa/seed-42/run-20260412-140630/config/squeeze_net_tosa_seed-42_ablation.yaml,postprocess,accepted,stage2,placement,static,500,517.25,17,16,True,False,nan,nan,nan,5900.094036869588,-79.68900903248141,True,97,4822.003488186892,4831.909135635894,nan,nan,nan,nan,nan,queue,queue,postprocess_trace
squeeze_net_tosa,inputs/task_graph_topology/soda-benchmark-graphs/pytorch-graphs/squeeze_net_tosa.dot,/qfs/people/dass304/dass304/HWSWpartition/hw-sw-partition-metaheur/BatchExperiments/Ablation/diff_gnn_order_lssp_trace/squeeze_net_tosa/seed-42/run-20260412-140630/config/squeeze_net_tosa_seed-42_ablation.yaml,postprocess,accepted,stage2,placement,static,500,518.25,18,17,True,False,nan,nan,nan,5809.509557676918,-90.58447919267019,True,97,4810.858079676397,4831.909135635894,nan,nan,nan,nan,nan,queue,queue,postprocess_trace
squeeze_net_tosa,inputs/task_graph_topology/soda-benchmark-graphs/pytorch-graphs/squeeze_net_tosa.dot,/qfs/people/dass304/dass304/HWSWpartition/hw-sw-partition-metaheur/BatchExperiments/Ablation/diff_gnn_order_lssp_trace/squeeze_net_tosa/seed-42/run-20260412-140630/config/squeeze_net_tosa_seed-42_ablation.yaml,postprocess,accepted,stage2,placement,static,500,519.25,19,18,True,False,nan,nan,nan,5738.567976894153,-70.94158078276541,True,97,4788.375236042129,4831.909135635894,nan,nan,nan,nan,nan,queue,queue,postprocess_trace
squeeze_net_tosa,inputs/task_graph_topology/soda-benchmark-graphs/pytorch-graphs/squeeze_net_tosa.dot,/qfs/people/dass304/dass304/HWSWpartition/hw-sw-partition-metaheur/BatchExperiments/Ablation/diff_gnn_order_lssp_trace/squeeze_net_tosa/seed-42/run-20260412-140630/config/squeeze_net_tosa_seed-42_ablation.yaml,postprocess,accepted,stage2,placement,static,500,520.25,20,19,True,False,nan,nan,nan,5599.459105393222,-139.10887150093095,True,98,4816.766578215382,4831.909135635894,nan,nan,nan,nan,nan,queue,queue,postprocess_trace
squeeze_net_tosa,inputs/task_graph_topology/soda-benchmark-graphs/pytorch-graphs/squeeze_net_tosa.dot,/qfs/people/dass304/dass304/HWSWpartition/hw-sw-partition-metaheur/BatchExperiments/Ablation/diff_gnn_order_lssp_trace/squeeze_net_tosa/seed-42/run-20260412-140630/config/squeeze_net_tosa_seed-42_ablation.yaml,postprocess,accepted,stage2,placement,static,500,521.25,21,20,True,False,nan,nan,nan,5547.0872160281515,-52.371889365070274,True,99,4826.904126518943,4831.909135635894,nan,nan,nan,nan,nan,queue,queue,postprocess_trace
squeeze_net_tosa,inputs/task_graph_topology/soda-benchmark-graphs/pytorch-graphs/squeeze_net_tosa.dot,/qfs/people/dass304/dass304/HWSWpartition/hw-sw-partition-metaheur/BatchExperiments/Ablation/diff_gnn_order_lssp_trace/squeeze_net_tosa/seed-42/run-20260412-140630/config/squeeze_net_tosa_seed-42_ablation.yaml,postprocess,accepted,stage2,placement,static,500,522.25,22,21,True,False,nan,nan,nan,5494.764722012704,-52.322494015447774,True,99,4810.742179850726,4831.909135635894,nan,nan,nan,nan,nan,queue,queue,postprocess_trace
squeeze_net_tosa,inputs/task_graph_topology/soda-benchmark-graphs/pytorch-graphs/squeeze_net_tosa.dot,/qfs/people/dass304/dass304/HWSWpartition/hw-sw-partition-metaheur/BatchExperiments/Ablation/diff_gnn_order_lssp_trace/squeeze_net_tosa/seed-42/run-20260412-140630/config/squeeze_net_tosa_seed-42_ablation.yaml,postprocess,accepted,stage2,placement,static,500,523.25,23,22,True,False,nan,nan,nan,5446.988839220537,-47.77588279216707,True,99,4790.145065771093,4831.909135635894,nan,nan,nan,nan,nan,queue,queue,postprocess_trace
squeeze_net_tosa,inputs/task_graph_topology/soda-benchmark-graphs/pytorch-graphs/squeeze_net_tosa.dot,/qfs/people/dass304/dass304/HWSWpartition/hw-sw-partition-metaheur/BatchExperiments/Ablation/diff_gnn_order_lssp_trace/squeeze_net_tosa/seed-42/run-20260412-140630/config/squeeze_net_tosa_seed-42_ablation.yaml,postprocess,accepted,stage2,placement,static,500,524.25,24,23,True,False,nan,nan,nan,5220.580830294226,-226.40800892631069,True,99,4810.486073868669,4831.909135635894,nan,nan,nan,nan,nan,queue,queue,postprocess_trace
squeeze_net_tosa,inputs/task_graph_topology/soda-benchmark-graphs/pytorch-graphs/squeeze_net_tosa.dot,/qfs/people/dass304/dass304/HWSWpartition/hw-sw-partition-metaheur/BatchExperiments/Ablation/diff_gnn_order_lssp_trace/squeeze_net_tosa/seed-42/run-20260412-140630/config/squeeze_net_tosa_seed-42_ablation.yaml,postprocess,accepted,stage2,placement,static,500,525.25,25,24,True,False,nan,nan,nan,5140.991930059266,-79.58890023495951,True,99,4825.455416245274,4831.909135635894,nan,nan,nan,nan,nan,queue,queue,postprocess_trace
squeeze_net_tosa,inputs/task_graph_topology/soda-benchmark-graphs/pytorch-graphs/squeeze_net_tosa.dot,/qfs/people/dass304/dass304/HWSWpartition/hw-sw-partition-metaheur/BatchExperiments/Ablation/diff_gnn_order_lssp_trace/squeeze_net_tosa/seed-42/run-20260412-140630/config/squeeze_net_tosa_seed-42_ablation.yaml,postprocess,done,done,placement,static,500,526.25,26,26,False,False,nan,nan,nan,5140.991930059266,nan,True,99,4825.455416245274,4831.909135635894,nan,nan,nan,nan,nan,queue,queue,postprocess_trace
squeeze_net_tosa,inputs/task_graph_topology/soda-benchmark-graphs/pytorch-graphs/squeeze_net_tosa.dot,/qfs/people/dass304/dass304/HWSWpartition/hw-sw-partition-metaheur/BatchExperiments/Ablation/diff_gnn_order_lssp_trace/squeeze_net_tosa/seed-42/run-20260412-140630/config/squeeze_net_tosa_seed-42_ablation.yaml,final,selected_final,final,placement,final,500,527.25,27,0,False,False,nan,4273.809250485533,nan,4273.809250485533,nan,True,99,4825.455416245274,4831.909135635894,nan,nan,nan,nan,nan,queue,queue,selected_final_solution
