SimTime,RunTag,Config,GraphName,N,HW_Scale_Factor,HW_Scale_Var,Comm_Scale_Var,Area_Percentage,Seed,LB_Naive,random_opt_cost,random_opt_ratio,random_partition_cost,random_bb,random_makespan,random_time,random_dag_makespan,random_lssp_makespan,random_lssp_swprio_makespan,random_best_makespan,greedy_opt_cost,greedy_opt_ratio,greedy_partition_cost,greedy_bb,greedy_makespan,greedy_time,greedy_dag_makespan,greedy_lssp_makespan,greedy_lssp_swprio_makespan,greedy_best_makespan,diff_gnn_order_opt_cost,diff_gnn_order_opt_ratio,diff_gnn_order_partition_cost,diff_gnn_order_bb,diff_gnn_order_makespan,diff_gnn_order_time,diff_gnn_order_dag_makespan,diff_gnn_order_lssp_makespan,diff_gnn_order_lssp_swprio_makespan,diff_gnn_order_best_makespan,random_solution_valid,random_initial_solution_valid,random_was_repaired,random_num_repaired_nodes,random_repair_strategy,random_area_used,random_area_budget,random_validity_note,greedy_solution_valid,greedy_initial_solution_valid,greedy_was_repaired,greedy_num_repaired_nodes,greedy_repair_strategy,greedy_area_used,greedy_area_budget,greedy_validity_note,diff_gnn_order_solution_valid,diff_gnn_order_initial_solution_valid,diff_gnn_order_was_repaired,diff_gnn_order_num_repaired_nodes,diff_gnn_order_repair_strategy,diff_gnn_order_area_used,diff_gnn_order_area_budget,diff_gnn_order_validity_note,diff_gnn_opt_cost,diff_gnn_opt_ratio,diff_gnn_partition_cost,diff_gnn_bb,diff_gnn_makespan,diff_gnn_time,diff_gnn_dag_makespan,diff_gnn_lssp_makespan,diff_gnn_lssp_swprio_makespan,diff_gnn_best_makespan,gcps_opt_cost,gcps_opt_ratio,gcps_partition_cost,gcps_bb,gcps_makespan,gcps_time,gcps_dag_makespan,gcps_lssp_makespan,gcps_lssp_swprio_makespan,gcps_best_makespan,pso_opt_cost,pso_opt_ratio,pso_partition_cost,pso_bb,pso_makespan,pso_time,pso_dag_makespan,pso_lssp_makespan,pso_lssp_swprio_makespan,pso_best_makespan,dbpso_opt_cost,dbpso_opt_ratio,dbpso_partition_cost,dbpso_bb,dbpso_makespan,dbpso_time,dbpso_dag_makespan,dbpso_lssp_makespan,dbpso_lssp_swprio_makespan,dbpso_best_makespan,clpso_opt_cost,clpso_opt_ratio,clpso_partition_cost,clpso_bb,clpso_makespan,clpso_time,clpso_dag_makespan,clpso_lssp_makespan,clpso_lssp_swprio_makespan,clpso_best_makespan,ccpso_opt_cost,ccpso_opt_ratio,ccpso_partition_cost,ccpso_bb,ccpso_makespan,ccpso_time,ccpso_dag_makespan,ccpso_lssp_makespan,ccpso_lssp_swprio_makespan,ccpso_best_makespan,esa_opt_cost,esa_opt_ratio,esa_partition_cost,esa_bb,esa_makespan,esa_time,esa_dag_makespan,esa_lssp_makespan,esa_lssp_swprio_makespan,esa_best_makespan,shade_opt_cost,shade_opt_ratio,shade_partition_cost,shade_bb,shade_makespan,shade_time,shade_dag_makespan,shade_lssp_makespan,shade_lssp_swprio_makespan,shade_best_makespan,jade_opt_cost,jade_opt_ratio,jade_partition_cost,jade_bb,jade_makespan,jade_time,jade_dag_makespan,jade_lssp_makespan,jade_lssp_swprio_makespan,jade_best_makespan,gl25_opt_cost,gl25_opt_ratio,gl25_partition_cost,gl25_bb,gl25_makespan,gl25_time,gl25_dag_makespan,gl25_lssp_makespan,gl25_lssp_swprio_makespan,gl25_best_makespan,gl25_solution_valid,gl25_initial_solution_valid,gl25_was_repaired,gl25_num_repaired_nodes,gl25_repair_strategy,gl25_area_used,gl25_area_budget,gl25_validity_note,gcps_solution_valid,gcps_initial_solution_valid,gcps_was_repaired,gcps_num_repaired_nodes,gcps_repair_strategy,gcps_area_used,gcps_area_budget,gcps_validity_note,esa_solution_valid,esa_initial_solution_valid,esa_was_repaired,esa_num_repaired_nodes,esa_repair_strategy,esa_area_used,esa_area_budget,esa_validity_note,pso_solution_valid,pso_initial_solution_valid,pso_was_repaired,pso_num_repaired_nodes,pso_repair_strategy,pso_area_used,pso_area_budget,pso_validity_note,dbpso_solution_valid,dbpso_initial_solution_valid,dbpso_was_repaired,dbpso_num_repaired_nodes,dbpso_repair_strategy,dbpso_area_used,dbpso_area_budget,dbpso_validity_note,clpso_solution_valid,clpso_initial_solution_valid,clpso_was_repaired,clpso_num_repaired_nodes,clpso_repair_strategy,clpso_area_used,clpso_area_budget,clpso_validity_note,ccpso_solution_valid,ccpso_initial_solution_valid,ccpso_was_repaired,ccpso_num_repaired_nodes,ccpso_repair_strategy,ccpso_area_used,ccpso_area_budget,ccpso_validity_note,shade_solution_valid,shade_initial_solution_valid,shade_was_repaired,shade_num_repaired_nodes,shade_repair_strategy,shade_area_used,shade_area_budget,shade_validity_note,jade_solution_valid,jade_initial_solution_valid,jade_was_repaired,jade_num_repaired_nodes,jade_repair_strategy,jade_area_used,jade_area_budget,jade_validity_note
2026-04-08 14:49:20,20260408-144843,squeeze_net_tosa_area-0.10_hwscale-0.10_hwvar-0.50_comm-1.00_seed-42,inputs/task_graph_topology/soda-benchmark-graphs/pytorch-graphs/squeeze_net_tosa.dot,179,0.1,0.5,1.0,0.1,42,863.2964840752181,8671.958553309743,10.04516839032344,8671.958553309745,optimize_random_makespan_lssp,8671.958553309743,0.1695966720581054,8671.958553309743,8671.958553309743,,8671.958553309743,8671.958553309743,10.04516839032344,8671.958553309745,optimize_single_point_makespan_lssp,8671.958553309743,0.0075099468231201,8671.958553309743,8671.958553309743,,8671.958553309743,,,,,,,,,,,True,True,False,0.0,,0.0,966.3818271271788,Valid solution; no area repair needed.,True,True,False,0.0,,0.0,966.3818271271788,Valid solution; no area repair needed.,,,,,,,,,,,,,,,,,,,,,,,,,,,,,,,,,,,,,,,,,,,,,,,,,,,,,,,,,,,,,,,,,,,,,,,,,,,,,,,,,,,,,,,,,,,,,,,,,,,,,,,,,,,,,,,,,,,,,,,,,,,,,,,,,,,,,,,,,,,,,,,,,,,,,,,,,,,,,,,,,,,,,,,,,,,,,,,,,,,,
2026-04-08 14:49:32,20260408-144843,squeeze_net_tosa_area-0.10_hwscale-0.10_hwvar-0.50_comm-1.00_seed-43,inputs/task_graph_topology/soda-benchmark-graphs/pytorch-graphs/squeeze_net_tosa.dot,179,0.1,0.5,1.0,0.1,43,924.8477550363816,9211.593475920748,9.960118760907177,9211.593475920748,optimize_random_makespan_lssp,9211.593475920748,0.1712815761566162,9211.593475920748,9211.593475920748,,9211.593475920748,9211.593475920748,9.960118760907177,9211.593475920748,optimize_single_point_makespan_lssp,9211.593475920748,0.0073311328887939,9211.593475920748,9211.593475920748,,9211.593475920748,,,,,,,,,,,True,True,False,0.0,,0.0,845.4525339200999,Valid solution; no area repair needed.,True,True,False,0.0,,0.0,845.4525339200999,Valid solution; no area repair needed.,,,,,,,,,,,,,,,,,,,,,,,,,,,,,,,,,,,,,,,,,,,,,,,,,,,,,,,,,,,,,,,,,,,,,,,,,,,,,,,,,,,,,,,,,,,,,,,,,,,,,,,,,,,,,,,,,,,,,,,,,,,,,,,,,,,,,,,,,,,,,,,,,,,,,,,,,,,,,,,,,,,,,,,,,,,,,,,,,,,,
2026-04-08 14:51:11,20260408-145058,squeeze_net_tosa_area-0.10_hwscale-0.10_hwvar-0.50_comm-1.00_seed-42,inputs/task_graph_topology/soda-benchmark-graphs/pytorch-graphs/squeeze_net_tosa.dot,179,0.1,0.5,1.0,0.1,42,863.2964840752181,8671.958553309743,10.04516839032344,8671.958553309745,optimize_random_makespan_lssp,8671.958553309743,0.170283555984497,8671.958553309743,8671.958553309743,,8671.958553309743,8671.958553309743,10.04516839032344,8671.958553309745,optimize_single_point_makespan_lssp,8671.958553309743,0.007157564163208,8671.958553309743,8671.958553309743,,8671.958553309743,,,,,,,,,,,True,True,False,0.0,,0.0,966.3818271271788,Valid solution; no area repair needed.,True,True,False,0.0,,0.0,966.3818271271788,Valid solution; no area repair needed.,,,,,,,,,,,,,,,,,,,,,,,,,,,,,,,,,,,,,,,,,,,,,,,,,,,,,,,,,,,,,,,,,,,,,,,,,,,,,,,,,,,,,,,,,,,,,,,,,,,,,,,,,,,,,,,,,,,,,,,,,,,,,,,,,,,,,,,,,,,,,,,,,,,,,,,,,,,,,,,,,,,,,,,,,,,,,,,,,,,,
2026-04-08 14:51:16,20260408-145058,squeeze_net_tosa_area-0.10_hwscale-0.10_hwvar-0.50_comm-1.00_seed-43,inputs/task_graph_topology/soda-benchmark-graphs/pytorch-graphs/squeeze_net_tosa.dot,179,0.1,0.5,1.0,0.1,43,924.8477550363816,9211.593475920748,9.960118760907177,9211.593475920748,optimize_random_makespan_lssp,9211.593475920748,0.171868085861206,9211.593475920748,9211.593475920748,,9211.593475920748,9211.593475920748,9.960118760907177,9211.593475920748,optimize_single_point_makespan_lssp,9211.593475920748,0.0075294971466064,9211.593475920748,9211.593475920748,,9211.593475920748,,,,,,,,,,,True,True,False,0.0,,0.0,845.4525339200999,Valid solution; no area repair needed.,True,True,False,0.0,,0.0,845.4525339200999,Valid solution; no area repair needed.,,,,,,,,,,,,,,,,,,,,,,,,,,,,,,,,,,,,,,,,,,,,,,,,,,,,,,,,,,,,,,,,,,,,,,,,,,,,,,,,,,,,,,,,,,,,,,,,,,,,,,,,,,,,,,,,,,,,,,,,,,,,,,,,,,,,,,,,,,,,,,,,,,,,,,,,,,,,,,,,,,,,,,,,,,,,,,,,,,,,
2026-04-08 14:51:28,20260408-145058,squeeze_net_tosa_area-0.10_hwscale-0.10_hwvar-0.50_comm-1.00_seed-44,inputs/task_graph_topology/soda-benchmark-graphs/pytorch-graphs/squeeze_net_tosa.dot,179,0.1,0.5,1.0,0.1,44,880.3975676869239,8543.037518026596,9.703613266983224,8543.037518026593,optimize_random_makespan_lssp,8543.037518026596,0.1731841564178466,8543.037518026596,8543.037518026596,,8543.037518026596,8543.037518026596,9.703613266983224,8543.037518026593,optimize_single_point_makespan_lssp,8543.037518026596,0.0071210861206054,8543.037518026596,8543.037518026596,,8543.037518026596,,,,,,,,,,,True,True,False,0.0,,0.0,878.4039022935748,Valid solution; no area repair needed.,True,True,False,0.0,,0.0,878.4039022935748,Valid solution; no area repair needed.,,,,,,,,,,,,,,,,,,,,,,,,,,,,,,,,,,,,,,,,,,,,,,,,,,,,,,,,,,,,,,,,,,,,,,,,,,,,,,,,,,,,,,,,,,,,,,,,,,,,,,,,,,,,,,,,,,,,,,,,,,,,,,,,,,,,,,,,,,,,,,,,,,,,,,,,,,,,,,,,,,,,,,,,,,,,,,,,,,,,
2026-04-08 14:51:41,20260408-145058,squeeze_net_tosa_area-0.10_hwscale-0.10_hwvar-0.50_comm-1.00_seed-45,inputs/task_graph_topology/soda-benchmark-graphs/pytorch-graphs/squeeze_net_tosa.dot,179,0.1,0.5,1.0,0.1,45,944.9410604384876,9334.125936923414,9.877998033646708,9334.125936923409,optimize_random_makespan_lssp,9334.125936923414,0.1722593307495117,9334.125936923414,9334.125936923414,,9334.125936923414,9334.125936923414,9.877998033646708,9334.125936923409,optimize_single_point_makespan_lssp,9334.125936923414,0.0074810981750488,9334.125936923414,9334.125936923414,,9334.125936923414,,,,,,,,,,,True,True,False,0.0,,0.0,920.3750576829184,Valid solution; no area repair needed.,True,True,False,0.0,,0.0,920.3750576829184,Valid solution; no area repair needed.,,,,,,,,,,,,,,,,,,,,,,,,,,,,,,,,,,,,,,,,,,,,,,,,,,,,,,,,,,,,,,,,,,,,,,,,,,,,,,,,,,,,,,,,,,,,,,,,,,,,,,,,,,,,,,,,,,,,,,,,,,,,,,,,,,,,,,,,,,,,,,,,,,,,,,,,,,,,,,,,,,,,,,,,,,,,,,,,,,,,
2026-04-08 14:51:53,20260408-145058,squeeze_net_tosa_area-0.10_hwscale-0.10_hwvar-0.50_comm-1.00_seed-46,inputs/task_graph_topology/soda-benchmark-graphs/pytorch-graphs/squeeze_net_tosa.dot,179,0.1,0.5,1.0,0.1,46,891.069723087352,8626.334793531425,9.680875211025189,8626.334793531423,optimize_random_makespan_lssp,8626.334793531425,0.1727857589721679,8626.334793531425,8626.334793531425,,8626.334793531425,8626.334793531425,9.680875211025189,8626.334793531423,optimize_single_point_makespan_lssp,8626.334793531425,0.0070874691009521,8626.334793531425,8626.334793531425,,8626.334793531425,,,,,,,,,,,True,True,False,0.0,,0.0,932.7140692699484,Valid solution; no area repair needed.,True,True,False,0.0,,0.0,932.7140692699484,Valid solution; no area repair needed.,,,,,,,,,,,,,,,,,,,,,,,,,,,,,,,,,,,,,,,,,,,,,,,,,,,,,,,,,,,,,,,,,,,,,,,,,,,,,,,,,,,,,,,,,,,,,,,,,,,,,,,,,,,,,,,,,,,,,,,,,,,,,,,,,,,,,,,,,,,,,,,,,,,,,,,,,,,,,,,,,,,,,,,,,,,,,,,,,,,,
2026-04-08 14:52:05,20260408-145058,squeeze_net_tosa_area-0.10_hwscale-0.10_hwvar-0.50_comm-1.00_seed-47,inputs/task_graph_topology/soda-benchmark-graphs/pytorch-graphs/squeeze_net_tosa.dot,179,0.1,0.5,1.0,0.1,47,897.9128028241038,8957.762373480502,9.97620520089107,8957.7623734805,optimize_random_makespan_lssp,8957.762373480502,0.1720190048217773,8957.762373480504,8957.762373480502,,8957.762373480502,8957.762373480502,9.97620520089107,8957.7623734805,optimize_single_point_makespan_lssp,8957.762373480502,0.0069646835327148,8957.762373480504,8957.762373480502,,8957.762373480502,,,,,,,,,,,True,True,False,0.0,,0.0,940.1221233557698,Valid solution; no area repair needed.,True,True,False,0.0,,0.0,940.1221233557698,Valid solution; no area repair needed.,,,,,,,,,,,,,,,,,,,,,,,,,,,,,,,,,,,,,,,,,,,,,,,,,,,,,,,,,,,,,,,,,,,,,,,,,,,,,,,,,,,,,,,,,,,,,,,,,,,,,,,,,,,,,,,,,,,,,,,,,,,,,,,,,,,,,,,,,,,,,,,,,,,,,,,,,,,,,,,,,,,,,,,,,,,,,,,,,,,,
2026-04-08 14:52:17,20260408-145058,squeeze_net_tosa_area-0.10_hwscale-0.10_hwvar-0.50_comm-1.00_seed-48,inputs/task_graph_topology/soda-benchmark-graphs/pytorch-graphs/squeeze_net_tosa.dot,179,0.1,0.5,1.0,0.1,48,868.9695660295871,8532.057671109735,9.818592048158372,8532.057671109736,optimize_random_makespan_lssp,8532.057671109735,0.1713075637817382,8532.057671109735,8532.057671109735,,8532.057671109735,8532.057671109735,9.818592048158372,8532.057671109736,optimize_single_point_makespan_lssp,8532.057671109735,0.0069806575775146,8532.057671109735,8532.057671109735,,8532.057671109735,,,,,,,,,,,True,True,False,0.0,,0.0,1018.3922394909346,Valid solution; no area repair needed.,True,True,False,0.0,,0.0,1018.3922394909346,Valid solution; no area repair needed.,,,,,,,,,,,,,,,,,,,,,,,,,,,,,,,,,,,,,,,,,,,,,,,,,,,,,,,,,,,,,,,,,,,,,,,,,,,,,,,,,,,,,,,,,,,,,,,,,,,,,,,,,,,,,,,,,,,,,,,,,,,,,,,,,,,,,,,,,,,,,,,,,,,,,,,,,,,,,,,,,,,,,,,,,,,,,,,,,,,,
2026-04-08 14:52:29,20260408-145058,squeeze_net_tosa_area-0.10_hwscale-0.10_hwvar-0.50_comm-1.00_seed-49,inputs/task_graph_topology/soda-benchmark-graphs/pytorch-graphs/squeeze_net_tosa.dot,179,0.1,0.5,1.0,0.1,49,878.2221206056221,8906.300060495521,10.14128413704011,8906.300060495514,optimize_random_makespan_lssp,8906.300060495521,0.1721894741058349,8906.300060495521,8906.300060495521,,8906.300060495521,8906.300060495521,10.14128413704011,8906.300060495514,optimize_single_point_makespan_lssp,8906.300060495521,0.0068888664245605,8906.300060495521,8906.300060495521,,8906.300060495521,,,,,,,,,,,True,True,False,0.0,,0.0,858.0672308531108,Valid solution; no area repair needed.,True,True,False,0.0,,0.0,858.0672308531108,Valid solution; no area repair needed.,,,,,,,,,,,,,,,,,,,,,,,,,,,,,,,,,,,,,,,,,,,,,,,,,,,,,,,,,,,,,,,,,,,,,,,,,,,,,,,,,,,,,,,,,,,,,,,,,,,,,,,,,,,,,,,,,,,,,,,,,,,,,,,,,,,,,,,,,,,,,,,,,,,,,,,,,,,,,,,,,,,,,,,,,,,,,,,,,,,,
2026-04-08 14:52:41,20260408-145058,squeeze_net_tosa_area-0.10_hwscale-0.10_hwvar-0.50_comm-1.00_seed-50,inputs/task_graph_topology/soda-benchmark-graphs/pytorch-graphs/squeeze_net_tosa.dot,179,0.1,0.5,1.0,0.1,50,829.0647762352121,8791.053987688198,10.603579164957925,8791.053987688196,optimize_random_makespan_lssp,8791.053987688198,0.1706898212432861,8791.053987688198,8791.053987688198,,8791.053987688198,8791.053987688198,10.603579164957925,8791.053987688196,optimize_single_point_makespan_lssp,8791.053987688198,0.006990909576416,8791.053987688198,8791.053987688198,,8791.053987688198,,,,,,,,,,,True,True,False,0.0,,0.0,918.0391514164128,Valid solution; no area repair needed.,True,True,False,0.0,,0.0,918.0391514164128,Valid solution; no area repair needed.,,,,,,,,,,,,,,,,,,,,,,,,,,,,,,,,,,,,,,,,,,,,,,,,,,,,,,,,,,,,,,,,,,,,,,,,,,,,,,,,,,,,,,,,,,,,,,,,,,,,,,,,,,,,,,,,,,,,,,,,,,,,,,,,,,,,,,,,,,,,,,,,,,,,,,,,,,,,,,,,,,,,,,,,,,,,,,,,,,,,
2026-04-08 14:52:54,20260408-145058,squeeze_net_tosa_area-0.10_hwscale-0.10_hwvar-0.50_comm-1.00_seed-51,inputs/task_graph_topology/soda-benchmark-graphs/pytorch-graphs/squeeze_net_tosa.dot,179,0.1,0.5,1.0,0.1,51,969.4998945368148,10010.557015369945,10.325485409312558,10010.557015369946,optimize_random_makespan_lssp,10010.557015369945,0.1705551147460937,10010.557015369945,10010.557015369945,,10010.557015369945,10010.557015369945,10.325485409312558,10010.557015369946,optimize_single_point_makespan_lssp,10010.557015369945,0.0072278976440429,10010.557015369945,10010.557015369945,,10010.557015369945,,,,,,,,,,,True,True,False,0.0,,0.0,865.8602254493703,Valid solution; no area repair needed.,True,True,False,0.0,,0.0,865.8602254493703,Valid solution; no area repair needed.,,,,,,,,,,,,,,,,,,,,,,,,,,,,,,,,,,,,,,,,,,,,,,,,,,,,,,,,,,,,,,,,,,,,,,,,,,,,,,,,,,,,,,,,,,,,,,,,,,,,,,,,,,,,,,,,,,,,,,,,,,,,,,,,,,,,,,,,,,,,,,,,,,,,,,,,,,,,,,,,,,,,,,,,,,,,,,,,,,,,
2026-04-08 14:53:04,20260408-145058,squeeze_net_tosa_area-0.30_hwscale-0.10_hwvar-0.50_comm-1.00_seed-42,inputs/task_graph_topology/soda-benchmark-graphs/pytorch-graphs/squeeze_net_tosa.dot,179,0.1,0.5,1.0,0.3,42,863.2964840752181,8671.958553309743,10.04516839032344,8671.958553309745,optimize_random_makespan_lssp,8671.958553309743,0.1705238819122314,8671.958553309743,8671.958553309743,,8671.958553309743,8671.958553309743,10.04516839032344,8671.958553309745,optimize_single_point_makespan_lssp,8671.958553309743,0.007436990737915,8671.958553309743,8671.958553309743,,8671.958553309743,,,,,,,,,,,True,True,False,0.0,,0.0,2899.145481381536,Valid solution; no area repair needed.,True,True,False,0.0,,0.0,2899.145481381536,Valid solution; no area repair needed.,,,,,,,,,,,,,,,,,,,,,,,,,,,,,,,,,,,,,,,,,,,,,,,,,,,,,,,,,,,,,,,,,,,,,,,,,,,,,,,,,,,,,,,,,,,,,,,,,,,,,,,,,,,,,,,,,,,,,,,,,,,,,,,,,,,,,,,,,,,,,,,,,,,,,,,,,,,,,,,,,,,,,,,,,,,,,,,,,,,,
2026-04-08 14:53:23,20260408-145058,squeeze_net_tosa_area-0.30_hwscale-0.10_hwvar-0.50_comm-1.00_seed-43,inputs/task_graph_topology/soda-benchmark-graphs/pytorch-graphs/squeeze_net_tosa.dot,179,0.1,0.5,1.0,0.3,43,924.8477550363816,9211.593475920748,9.960118760907177,9211.593475920748,optimize_random_makespan_lssp,9211.593475920748,0.1724331378936767,9211.593475920748,9211.593475920748,,9211.593475920748,9211.593475920748,9.960118760907177,9211.593475920748,optimize_single_point_makespan_lssp,9211.593475920748,0.0083777904510498,9211.593475920748,9211.593475920748,,9211.593475920748,,,,,,,,,,,True,True,False,0.0,,0.0,2536.3576017602995,Valid solution; no area repair needed.,True,True,False,0.0,,0.0,2536.3576017602995,Valid solution; no area repair needed.,,,,,,,,,,,,,,,,,,,,,,,,,,,,,,,,,,,,,,,,,,,,,,,,,,,,,,,,,,,,,,,,,,,,,,,,,,,,,,,,,,,,,,,,,,,,,,,,,,,,,,,,,,,,,,,,,,,,,,,,,,,,,,,,,,,,,,,,,,,,,,,,,,,,,,,,,,,,,,,,,,,,,,,,,,,,,,,,,,,,
2026-04-08 14:53:41,20260408-145058,squeeze_net_tosa_area-0.30_hwscale-0.10_hwvar-0.50_comm-1.00_seed-44,inputs/task_graph_topology/soda-benchmark-graphs/pytorch-graphs/squeeze_net_tosa.dot,179,0.1,0.5,1.0,0.3,44,880.3975676869239,8543.037518026596,9.703613266983224,8543.037518026593,optimize_random_makespan_lssp,8543.037518026596,0.1700987815856933,8543.037518026596,8543.037518026596,,8543.037518026596,8543.037518026596,9.703613266983224,8543.037518026593,optimize_single_point_makespan_lssp,8543.037518026596,0.0069618225097656,8543.037518026596,8543.037518026596,,8543.037518026596,,,,,,,,,,,True,True,False,0.0,,0.0,2635.2117068807243,Valid solution; no area repair needed.,True,True,False,0.0,,0.0,2635.2117068807243,Valid solution; no area repair needed.,,,,,,,,,,,,,,,,,,,,,,,,,,,,,,,,,,,,,,,,,,,,,,,,,,,,,,,,,,,,,,,,,,,,,,,,,,,,,,,,,,,,,,,,,,,,,,,,,,,,,,,,,,,,,,,,,,,,,,,,,,,,,,,,,,,,,,,,,,,,,,,,,,,,,,,,,,,,,,,,,,,,,,,,,,,,,,,,,,,,
2026-04-08 14:53:58,20260408-145058,squeeze_net_tosa_area-0.30_hwscale-0.10_hwvar-0.50_comm-1.00_seed-45,inputs/task_graph_topology/soda-benchmark-graphs/pytorch-graphs/squeeze_net_tosa.dot,179,0.1,0.5,1.0,0.3,45,944.9410604384876,9334.125936923414,9.877998033646708,9334.125936923409,optimize_random_makespan_lssp,9334.125936923414,0.1710166931152343,9334.125936923414,9334.125936923414,,9334.125936923414,9334.125936923414,9.877998033646708,9334.125936923409,optimize_single_point_makespan_lssp,9334.125936923414,0.0069854259490966,9334.125936923414,9334.125936923414,,9334.125936923414,,,,,,,,,,,True,True,False,0.0,,0.0,2761.1251730487547,Valid solution; no area repair needed.,True,True,False,0.0,,0.0,2761.1251730487547,Valid solution; no area repair needed.,,,,,,,,,,,,,,,,,,,,,,,,,,,,,,,,,,,,,,,,,,,,,,,,,,,,,,,,,,,,,,,,,,,,,,,,,,,,,,,,,,,,,,,,,,,,,,,,,,,,,,,,,,,,,,,,,,,,,,,,,,,,,,,,,,,,,,,,,,,,,,,,,,,,,,,,,,,,,,,,,,,,,,,,,,,,,,,,,,,,
2026-04-08 14:54:16,20260408-145058,squeeze_net_tosa_area-0.30_hwscale-0.10_hwvar-0.50_comm-1.00_seed-46,inputs/task_graph_topology/soda-benchmark-graphs/pytorch-graphs/squeeze_net_tosa.dot,179,0.1,0.5,1.0,0.3,46,891.069723087352,8626.334793531425,9.680875211025189,8626.334793531423,optimize_random_makespan_lssp,8626.334793531425,0.1702470779418945,8626.334793531425,8626.334793531425,,8626.334793531425,8626.334793531425,9.680875211025189,8626.334793531423,optimize_single_point_makespan_lssp,8626.334793531425,0.0071513652801513,8626.334793531425,8626.334793531425,,8626.334793531425,,,,,,,,,,,True,True,False,0.0,,0.0,2798.1422078098453,Valid solution; no area repair needed.,True,True,False,0.0,,0.0,2798.1422078098453,Valid solution; no area repair needed.,,,,,,,,,,,,,,,,,,,,,,,,,,,,,,,,,,,,,,,,,,,,,,,,,,,,,,,,,,,,,,,,,,,,,,,,,,,,,,,,,,,,,,,,,,,,,,,,,,,,,,,,,,,,,,,,,,,,,,,,,,,,,,,,,,,,,,,,,,,,,,,,,,,,,,,,,,,,,,,,,,,,,,,,,,,,,,,,,,,,
2026-04-08 14:54:34,20260408-145058,squeeze_net_tosa_area-0.30_hwscale-0.10_hwvar-0.50_comm-1.00_seed-47,inputs/task_graph_topology/soda-benchmark-graphs/pytorch-graphs/squeeze_net_tosa.dot,179,0.1,0.5,1.0,0.3,47,897.9128028241038,8957.762373480502,9.97620520089107,8957.7623734805,optimize_random_makespan_lssp,8957.762373480502,0.1706852912902832,8957.762373480504,8957.762373480502,,8957.762373480502,8957.762373480502,9.97620520089107,8957.7623734805,optimize_single_point_makespan_lssp,8957.762373480502,0.0070908069610595,8957.762373480504,8957.762373480502,,8957.762373480502,,,,,,,,,,,True,True,False,0.0,,0.0,2820.366370067309,Valid solution; no area repair needed.,True,True,False,0.0,,0.0,2820.366370067309,Valid solution; no area repair needed.,,,,,,,,,,,,,,,,,,,,,,,,,,,,,,,,,,,,,,,,,,,,,,,,,,,,,,,,,,,,,,,,,,,,,,,,,,,,,,,,,,,,,,,,,,,,,,,,,,,,,,,,,,,,,,,,,,,,,,,,,,,,,,,,,,,,,,,,,,,,,,,,,,,,,,,,,,,,,,,,,,,,,,,,,,,,,,,,,,,,
2026-04-08 14:54:53,20260408-145058,squeeze_net_tosa_area-0.30_hwscale-0.10_hwvar-0.50_comm-1.00_seed-48,inputs/task_graph_topology/soda-benchmark-graphs/pytorch-graphs/squeeze_net_tosa.dot,179,0.1,0.5,1.0,0.3,48,868.9695660295871,8532.057671109735,9.818592048158372,8532.057671109736,optimize_random_makespan_lssp,8532.057671109735,0.1705358028411865,8532.057671109735,8532.057671109735,,8532.057671109735,8532.057671109735,9.818592048158372,8532.057671109736,optimize_single_point_makespan_lssp,8532.057671109735,0.0070586204528808,8532.057671109735,8532.057671109735,,8532.057671109735,,,,,,,,,,,True,True,False,0.0,,0.0,3055.1767184728037,Valid solution; no area repair needed.,True,True,False,0.0,,0.0,3055.1767184728037,Valid solution; no area repair needed.,,,,,,,,,,,,,,,,,,,,,,,,,,,,,,,,,,,,,,,,,,,,,,,,,,,,,,,,,,,,,,,,,,,,,,,,,,,,,,,,,,,,,,,,,,,,,,,,,,,,,,,,,,,,,,,,,,,,,,,,,,,,,,,,,,,,,,,,,,,,,,,,,,,,,,,,,,,,,,,,,,,,,,,,,,,,,,,,,,,,
2026-04-08 14:55:11,20260408-145058,squeeze_net_tosa_area-0.30_hwscale-0.10_hwvar-0.50_comm-1.00_seed-49,inputs/task_graph_topology/soda-benchmark-graphs/pytorch-graphs/squeeze_net_tosa.dot,179,0.1,0.5,1.0,0.3,49,878.2221206056221,8906.300060495521,10.14128413704011,8906.300060495514,optimize_random_makespan_lssp,8906.300060495521,0.1715242862701416,8906.300060495521,8906.300060495521,,8906.300060495521,8906.300060495521,10.14128413704011,8906.300060495514,optimize_single_point_makespan_lssp,8906.300060495521,0.0070183277130126,8906.300060495521,8906.300060495521,,8906.300060495521,,,,,,,,,,,True,True,False,0.0,,0.0,2574.201692559332,Valid solution; no area repair needed.,True,True,False,0.0,,0.0,2574.201692559332,Valid solution; no area repair needed.,,,,,,,,,,,,,,,,,,,,,,,,,,,,,,,,,,,,,,,,,,,,,,,,,,,,,,,,,,,,,,,,,,,,,,,,,,,,,,,,,,,,,,,,,,,,,,,,,,,,,,,,,,,,,,,,,,,,,,,,,,,,,,,,,,,,,,,,,,,,,,,,,,,,,,,,,,,,,,,,,,,,,,,,,,,,,,,,,,,,
2026-04-08 14:55:29,20260408-145058,squeeze_net_tosa_area-0.30_hwscale-0.10_hwvar-0.50_comm-1.00_seed-50,inputs/task_graph_topology/soda-benchmark-graphs/pytorch-graphs/squeeze_net_tosa.dot,179,0.1,0.5,1.0,0.3,50,829.0647762352121,8791.053987688198,10.603579164957925,8791.053987688196,optimize_random_makespan_lssp,8791.053987688198,0.1717393398284912,8791.053987688198,8791.053987688198,,8791.053987688198,8791.053987688198,10.603579164957925,8791.053987688196,optimize_single_point_makespan_lssp,8791.053987688198,0.0071933269500732,8791.053987688198,8791.053987688198,,8791.053987688198,,,,,,,,,,,True,True,False,0.0,,0.0,2754.1174542492377,Valid solution; no area repair needed.,True,True,False,0.0,,0.0,2754.1174542492377,Valid solution; no area repair needed.,,,,,,,,,,,,,,,,,,,,,,,,,,,,,,,,,,,,,,,,,,,,,,,,,,,,,,,,,,,,,,,,,,,,,,,,,,,,,,,,,,,,,,,,,,,,,,,,,,,,,,,,,,,,,,,,,,,,,,,,,,,,,,,,,,,,,,,,,,,,,,,,,,,,,,,,,,,,,,,,,,,,,,,,,,,,,,,,,,,,
2026-04-08 14:55:35,20260408-145155,squeeze_net_tosa_area-0.10_hwscale-0.10_hwvar-0.50_comm-1.00_seed-42,inputs/task_graph_topology/soda-benchmark-graphs/pytorch-graphs/squeeze_net_tosa.dot,179,0.1,0.5,1.0,0.1,42,863.2964840752181,,,,,,,,,,,,,,,,,,,,,7560.546860145995,8.75776398909468,10854.844582527645,optimize_single_point_makespan,7670.22527612678,211.5892810821533,7404.385975631892,7670.22527612678,7560.546860145995,7560.546860145995,,,,,,,,,,,,,,,,,True,True,False,0.0,,964.3473903008128,966.3818271271788,Valid solution; no area repair needed.,,,,,,,,,,,,,,,,,,,,,,,,,,,,,,,,,,,,,,,,,,,,,,,,,,,,,,,,,,,,,,,,,,,,,,,,,,,,,,,,,,,,,,,,,,,,,,,,,,,,,,,,,,,,,,,,,,,,,,,,,,,,,,,,,,,,,,,,,,,,,,,,,,,,,,,,,,,,,,,,,,,,,,,,,,,,
2026-04-08 14:55:47,20260408-145058,squeeze_net_tosa_area-0.30_hwscale-0.10_hwvar-0.50_comm-1.00_seed-51,inputs/task_graph_topology/soda-benchmark-graphs/pytorch-graphs/squeeze_net_tosa.dot,179,0.1,0.5,1.0,0.3,51,969.4998945368148,10010.557015369945,10.325485409312558,10010.557015369946,optimize_random_makespan_lssp,10010.557015369945,0.1705725193023681,10010.557015369945,10010.557015369945,,10010.557015369945,10010.557015369945,10.325485409312558,10010.557015369946,optimize_single_point_makespan_lssp,10010.557015369945,0.0073561668395996,10010.557015369945,10010.557015369945,,10010.557015369945,,,,,,,,,,,True,True,False,0.0,,0.0,2597.5806763481105,Valid solution; no area repair needed.,True,True,False,0.0,,0.0,2597.5806763481105,Valid solution; no area repair needed.,,,,,,,,,,,,,,,,,,,,,,,,,,,,,,,,,,,,,,,,,,,,,,,,,,,,,,,,,,,,,,,,,,,,,,,,,,,,,,,,,,,,,,,,,,,,,,,,,,,,,,,,,,,,,,,,,,,,,,,,,,,,,,,,,,,,,,,,,,,,,,,,,,,,,,,,,,,,,,,,,,,,,,,,,,,,,,,,,,,,
2026-04-08 14:57:12,20260408-145058,squeeze_net_tosa_area-0.70_hwscale-0.10_hwvar-0.50_comm-1.00_seed-42,inputs/task_graph_topology/soda-benchmark-graphs/pytorch-graphs/squeeze_net_tosa.dot,179,0.1,0.5,1.0,0.7,42,863.2964840752181,8671.958553309743,10.04516839032344,8671.958553309745,optimize_random_makespan_lssp,8671.958553309743,2.9334969520568848,8671.958553309743,8671.958553309743,,8671.958553309743,8190.693059563392,9.487694217053878,9276.52037954661,optimize_single_point_makespan_lssp,8190.693059563392,0.0071313381195068,4514.296125985279,8190.693059563392,,4514.296125985279,,,,,,,,,,,True,True,False,0.0,,0.0,6764.672789890251,Valid solution; no area repair needed.,True,True,False,0.0,,6693.743952414895,6764.672789890251,Valid solution; no area repair needed.,,,,,,,,,,,,,,,,,,,,,,,,,,,,,,,,,,,,,,,,,,,,,,,,,,,,,,,,,,,,,,,,,,,,,,,,,,,,,,,,,,,,,,,,,,,,,,,,,,,,,,,,,,,,,,,,,,,,,,,,,,,,,,,,,,,,,,,,,,,,,,,,,,,,,,,,,,,,,,,,,,,,,,,,,,,,,,,,,,,,
2026-04-08 14:58:43,20260408-145058,squeeze_net_tosa_area-0.70_hwscale-0.10_hwvar-0.50_comm-1.00_seed-43,inputs/task_graph_topology/soda-benchmark-graphs/pytorch-graphs/squeeze_net_tosa.dot,179,0.1,0.5,1.0,0.7,43,924.8477550363816,9211.593475920748,9.960118760907177,9211.593475920748,optimize_random_makespan_lssp,9211.593475920748,2.921746730804444,9211.593475920748,9211.593475920748,,9211.593475920748,9211.593475920748,9.960118760907177,9211.593475920748,optimize_single_point_makespan_lssp,9211.593475920748,0.0072464942932128,9211.593475920748,9211.593475920748,,9211.593475920748,,,,,,,,,,,True,True,False,0.0,,0.0,5918.167737440698,Valid solution; no area repair needed.,True,True,False,0.0,,0.0,5918.167737440698,Valid solution; no area repair needed.,,,,,,,,,,,,,,,,,,,,,,,,,,,,,,,,,,,,,,,,,,,,,,,,,,,,,,,,,,,,,,,,,,,,,,,,,,,,,,,,,,,,,,,,,,,,,,,,,,,,,,,,,,,,,,,,,,,,,,,,,,,,,,,,,,,,,,,,,,,,,,,,,,,,,,,,,,,,,,,,,,,,,,,,,,,,,,,,,,,,
2026-04-08 14:59:08,20260408-145155,squeeze_net_tosa_area-0.10_hwscale-0.10_hwvar-0.50_comm-1.00_seed-43,inputs/task_graph_topology/soda-benchmark-graphs/pytorch-graphs/squeeze_net_tosa.dot,179,0.1,0.5,1.0,0.1,43,924.8477550363816,,,,,,,,,,,,,,,,,,,,,7817.043783508211,8.4522492928587,11145.070301952805,optimize_single_point_makespan,7817.043783508211,213.11786150932312,7658.334652898438,7817.043783508211,8709.77843088843,7817.043783508211,,,,,,,,,,,,,,,,,True,True,False,0.0,,842.6093065197651,845.4525339200999,Valid solution; no area repair needed.,,,,,,,,,,,,,,,,,,,,,,,,,,,,,,,,,,,,,,,,,,,,,,,,,,,,,,,,,,,,,,,,,,,,,,,,,,,,,,,,,,,,,,,,,,,,,,,,,,,,,,,,,,,,,,,,,,,,,,,,,,,,,,,,,,,,,,,,,,,,,,,,,,,,,,,,,,,,,,,,,,,,,,,,,,,,
2026-04-08 15:00:16,20260408-145058,squeeze_net_tosa_area-0.70_hwscale-0.10_hwvar-0.50_comm-1.00_seed-44,inputs/task_graph_topology/soda-benchmark-graphs/pytorch-graphs/squeeze_net_tosa.dot,179,0.1,0.5,1.0,0.7,44,880.3975676869239,8543.037518026596,9.703613266983224,8543.037518026593,optimize_random_makespan_lssp,8543.037518026596,2.9418766498565674,8543.037518026596,8543.037518026596,,8543.037518026596,8347.369790499999,9.481363984717854,9448.503567261449,optimize_single_point_makespan_lssp,8347.369790499999,0.0070188045501708,4554.94273052591,8347.369790499999,,4554.94273052591,,,,,,,,,,,True,True,False,0.0,,0.0,6148.827316055023,Valid solution; no area repair needed.,True,True,False,0.0,,6102.611391228875,6148.827316055023,Valid solution; no area repair needed.,,,,,,,,,,,,,,,,,,,,,,,,,,,,,,,,,,,,,,,,,,,,,,,,,,,,,,,,,,,,,,,,,,,,,,,,,,,,,,,,,,,,,,,,,,,,,,,,,,,,,,,,,,,,,,,,,,,,,,,,,,,,,,,,,,,,,,,,,,,,,,,,,,,,,,,,,,,,,,,,,,,,,,,,,,,,,,,,,,,,
2026-04-08 15:01:48,20260408-145058,squeeze_net_tosa_area-0.70_hwscale-0.10_hwvar-0.50_comm-1.00_seed-45,inputs/task_graph_topology/soda-benchmark-graphs/pytorch-graphs/squeeze_net_tosa.dot,179,0.1,0.5,1.0,0.7,45,944.9410604384876,9334.125936923414,9.877998033646708,9334.125936923409,optimize_random_makespan_lssp,9334.125936923414,2.9164741039276123,9334.125936923414,9334.125936923414,,9334.125936923414,9334.125936923414,9.877998033646708,9334.125936923409,optimize_single_point_makespan_lssp,9334.125936923414,0.0071611404418945,9334.125936923414,9334.125936923414,,9334.125936923414,,,,,,,,,,,True,True,False,0.0,,0.0,6442.625403780427,Valid solution; no area repair needed.,True,True,False,0.0,,0.0,6442.625403780427,Valid solution; no area repair needed.,,,,,,,,,,,,,,,,,,,,,,,,,,,,,,,,,,,,,,,,,,,,,,,,,,,,,,,,,,,,,,,,,,,,,,,,,,,,,,,,,,,,,,,,,,,,,,,,,,,,,,,,,,,,,,,,,,,,,,,,,,,,,,,,,,,,,,,,,,,,,,,,,,,,,,,,,,,,,,,,,,,,,,,,,,,,,,,,,,,,
2026-04-08 15:02:37,20260408-145155,squeeze_net_tosa_area-0.10_hwscale-0.10_hwvar-0.50_comm-1.00_seed-44,inputs/task_graph_topology/soda-benchmark-graphs/pytorch-graphs/squeeze_net_tosa.dot,179,0.1,0.5,1.0,0.1,44,880.3975676869239,,,,,,,,,,,,,,,,,,,,,7132.137121321788,8.101041373910327,11228.663947588257,optimize_single_point_makespan,7132.137121321788,209.06395077705383,6804.40640478877,7132.137121321788,7934.636379042755,7132.137121321788,,,,,,,,,,,,,,,,,True,True,False,0.0,,870.5874000199487,878.4039022935748,Valid solution; no area repair needed.,,,,,,,,,,,,,,,,,,,,,,,,,,,,,,,,,,,,,,,,,,,,,,,,,,,,,,,,,,,,,,,,,,,,,,,,,,,,,,,,,,,,,,,,,,,,,,,,,,,,,,,,,,,,,,,,,,,,,,,,,,,,,,,,,,,,,,,,,,,,,,,,,,,,,,,,,,,,,,,,,,,,,,,,,,,,
2026-04-08 15:03:20,20260408-145058,squeeze_net_tosa_area-0.70_hwscale-0.10_hwvar-0.50_comm-1.00_seed-46,inputs/task_graph_topology/soda-benchmark-graphs/pytorch-graphs/squeeze_net_tosa.dot,179,0.1,0.5,1.0,0.7,46,891.069723087352,8626.334793531425,9.680875211025189,8626.334793531423,optimize_random_makespan_lssp,8626.334793531425,2.9362146854400635,8626.334793531425,8626.334793531425,,8626.334793531425,8626.334793531425,9.680875211025189,8626.334793531423,optimize_single_point_makespan_lssp,8626.334793531425,0.007028579711914,8626.334793531425,8626.334793531425,,8626.334793531425,,,,,,,,,,,True,True,False,0.0,,0.0,6528.998484889638,Valid solution; no area repair needed.,True,True,False,0.0,,0.0,6528.998484889638,Valid solution; no area repair needed.,,,,,,,,,,,,,,,,,,,,,,,,,,,,,,,,,,,,,,,,,,,,,,,,,,,,,,,,,,,,,,,,,,,,,,,,,,,,,,,,,,,,,,,,,,,,,,,,,,,,,,,,,,,,,,,,,,,,,,,,,,,,,,,,,,,,,,,,,,,,,,,,,,,,,,,,,,,,,,,,,,,,,,,,,,,,,,,,,,,,
2026-04-08 15:04:52,20260408-145058,squeeze_net_tosa_area-0.70_hwscale-0.10_hwvar-0.50_comm-1.00_seed-47,inputs/task_graph_topology/soda-benchmark-graphs/pytorch-graphs/squeeze_net_tosa.dot,179,0.1,0.5,1.0,0.7,47,897.9128028241038,8957.762373480502,9.97620520089107,8957.7623734805,optimize_random_makespan_lssp,8957.762373480502,2.9095208644866943,8957.762373480504,8957.762373480502,,8957.762373480502,8936.926340931948,9.953000238802302,10235.9408578963,optimize_single_point_makespan_lssp,8936.926340931948,0.0073828697204589,3976.587927864972,8936.926340931948,,3976.587927864972,,,,,,,,,,,True,True,False,0.0,,0.0,6580.854863490387,Valid solution; no area repair needed.,True,True,False,0.0,,6557.883490506083,6580.854863490387,Valid solution; no area repair needed.,,,,,,,,,,,,,,,,,,,,,,,,,,,,,,,,,,,,,,,,,,,,,,,,,,,,,,,,,,,,,,,,,,,,,,,,,,,,,,,,,,,,,,,,,,,,,,,,,,,,,,,,,,,,,,,,,,,,,,,,,,,,,,,,,,,,,,,,,,,,,,,,,,,,,,,,,,,,,,,,,,,,,,,,,,,,,,,,,,,,
2026-04-08 15:06:24,20260408-145155,squeeze_net_tosa_area-0.10_hwscale-0.10_hwvar-0.50_comm-1.00_seed-45,inputs/task_graph_topology/soda-benchmark-graphs/pytorch-graphs/squeeze_net_tosa.dot,179,0.1,0.5,1.0,0.1,45,944.9410604384876,,,,,,,,,,,,,,,,,,,,,8004.329433870502,8.470718195012287,10871.647956485367,optimize_single_point_makespan,8004.329433870502,226.04670429229736,7564.827784133841,8004.329433870502,8167.245910517134,8004.329433870502,,,,,,,,,,,,,,,,,True,True,False,0.0,,919.846775032448,920.3750576829184,Valid solution; no area repair needed.,,,,,,,,,,,,,,,,,,,,,,,,,,,,,,,,,,,,,,,,,,,,,,,,,,,,,,,,,,,,,,,,,,,,,,,,,,,,,,,,,,,,,,,,,,,,,,,,,,,,,,,,,,,,,,,,,,,,,,,,,,,,,,,,,,,,,,,,,,,,,,,,,,,,,,,,,,,,,,,,,,,,,,,,,,,,
2026-04-08 15:06:25,20260408-145058,squeeze_net_tosa_area-0.70_hwscale-0.10_hwvar-0.50_comm-1.00_seed-48,inputs/task_graph_topology/soda-benchmark-graphs/pytorch-graphs/squeeze_net_tosa.dot,179,0.1,0.5,1.0,0.7,48,868.9695660295871,8532.057671109735,9.818592048158372,8532.057671109736,optimize_random_makespan_lssp,8532.057671109735,2.949681043624878,8532.057671109735,8532.057671109735,,8532.057671109735,7241.482776134109,8.33341357306816,8346.325054981717,optimize_single_point_makespan_lssp,7241.482776134109,0.0070159435272216,4538.005483406823,7241.482776134109,,4538.005483406823,,,,,,,,,,,True,True,False,0.0,,0.0,7128.745676436541,Valid solution; no area repair needed.,True,True,False,0.0,,7085.934339832641,7128.745676436541,Valid solution; no area repair needed.,,,,,,,,,,,,,,,,,,,,,,,,,,,,,,,,,,,,,,,,,,,,,,,,,,,,,,,,,,,,,,,,,,,,,,,,,,,,,,,,,,,,,,,,,,,,,,,,,,,,,,,,,,,,,,,,,,,,,,,,,,,,,,,,,,,,,,,,,,,,,,,,,,,,,,,,,,,,,,,,,,,,,,,,,,,,,,,,,,,,
2026-04-08 15:07:55,20260408-145058,squeeze_net_tosa_area-0.70_hwscale-0.10_hwvar-0.50_comm-1.00_seed-49,inputs/task_graph_topology/soda-benchmark-graphs/pytorch-graphs/squeeze_net_tosa.dot,179,0.1,0.5,1.0,0.7,49,878.2221206056221,8906.300060495521,10.14128413704011,8906.300060495514,optimize_random_makespan_lssp,8906.300060495521,2.941963195800781,8906.300060495521,8906.300060495521,,8906.300060495521,8194.039403680308,9.330258497735969,9357.835421915795,optimize_single_point_makespan_lssp,8194.039403680308,0.0070528984069824,3852.069841501866,8194.039403680308,,3852.069841501866,,,,,,,,,,,True,True,False,0.0,,0.0,6006.470615971775,Valid solution; no area repair needed.,True,True,False,0.0,,5952.694339217934,6006.470615971775,Valid solution; no area repair needed.,,,,,,,,,,,,,,,,,,,,,,,,,,,,,,,,,,,,,,,,,,,,,,,,,,,,,,,,,,,,,,,,,,,,,,,,,,,,,,,,,,,,,,,,,,,,,,,,,,,,,,,,,,,,,,,,,,,,,,,,,,,,,,,,,,,,,,,,,,,,,,,,,,,,,,,,,,,,,,,,,,,,,,,,,,,,,,,,,,,,
2026-04-08 15:09:25,20260408-145058,squeeze_net_tosa_area-0.70_hwscale-0.10_hwvar-0.50_comm-1.00_seed-50,inputs/task_graph_topology/soda-benchmark-graphs/pytorch-graphs/squeeze_net_tosa.dot,179,0.1,0.5,1.0,0.7,50,829.0647762352121,8791.053987688198,10.603579164957925,8791.053987688196,optimize_random_makespan_lssp,8791.053987688198,2.9391531944274902,8791.053987688198,8791.053987688198,,8791.053987688198,8375.830884313089,10.102746039154848,9334.408703325102,optimize_single_point_makespan_lssp,8375.830884313089,0.0069203376770019,4668.256806874037,8375.830884313089,,4668.256806874037,,,,,,,,,,,True,True,False,0.0,,0.0,6426.274059914888,Valid solution; no area repair needed.,True,True,False,0.0,,6388.804832474542,6426.274059914888,Valid solution; no area repair needed.,,,,,,,,,,,,,,,,,,,,,,,,,,,,,,,,,,,,,,,,,,,,,,,,,,,,,,,,,,,,,,,,,,,,,,,,,,,,,,,,,,,,,,,,,,,,,,,,,,,,,,,,,,,,,,,,,,,,,,,,,,,,,,,,,,,,,,,,,,,,,,,,,,,,,,,,,,,,,,,,,,,,,,,,,,,,,,,,,,,,
2026-04-08 15:10:51,20260408-145155,squeeze_net_tosa_area-0.10_hwscale-0.10_hwvar-0.50_comm-1.00_seed-46,inputs/task_graph_topology/soda-benchmark-graphs/pytorch-graphs/squeeze_net_tosa.dot,179,0.1,0.5,1.0,0.1,46,891.069723087352,,,,,,,,,,,,,,,,,,,,,7381.887389343221,8.28429829684559,11817.649532921352,optimize_single_point_makespan,7381.887389343221,266.7765510082245,7251.397829690337,7381.887389343221,7524.525063140749,7381.887389343221,,,,,,,,,,,,,,,,,True,True,False,0.0,,932.1745376168146,932.7140692699484,Valid solution; no area repair needed.,,,,,,,,,,,,,,,,,,,,,,,,,,,,,,,,,,,,,,,,,,,,,,,,,,,,,,,,,,,,,,,,,,,,,,,,,,,,,,,,,,,,,,,,,,,,,,,,,,,,,,,,,,,,,,,,,,,,,,,,,,,,,,,,,,,,,,,,,,,,,,,,,,,,,,,,,,,,,,,,,,,,,,,,,,,,
2026-04-08 15:10:59,20260408-145058,squeeze_net_tosa_area-0.70_hwscale-0.10_hwvar-0.50_comm-1.00_seed-51,inputs/task_graph_topology/soda-benchmark-graphs/pytorch-graphs/squeeze_net_tosa.dot,179,0.1,0.5,1.0,0.7,51,969.4998945368148,10010.557015369945,10.325485409312558,10010.557015369946,optimize_random_makespan_lssp,10010.557015369945,2.92406964302063,10010.557015369945,10010.557015369945,,10010.557015369945,8847.769115895,9.126116635754853,10189.339464254876,optimize_single_point_makespan_lssp,8847.769115895,0.0072176456451416,4669.876527039175,8847.769115895,,4669.876527039175,,,,,,,,,,,True,True,False,0.0,,0.0,6061.021578145591,Valid solution; no area repair needed.,True,True,False,0.0,,5992.605600737628,6061.021578145591,Valid solution; no area repair needed.,,,,,,,,,,,,,,,,,,,,,,,,,,,,,,,,,,,,,,,,,,,,,,,,,,,,,,,,,,,,,,,,,,,,,,,,,,,,,,,,,,,,,,,,,,,,,,,,,,,,,,,,,,,,,,,,,,,,,,,,,,,,,,,,,,,,,,,,,,,,,,,,,,,,,,,,,,,,,,,,,,,,,,,,,,,,,,,,,,,,
2026-04-08 15:12:33,20260408-145058,squeeze_net_tosa_area-0.90_hwscale-0.10_hwvar-0.50_comm-1.00_seed-42,inputs/task_graph_topology/soda-benchmark-graphs/pytorch-graphs/squeeze_net_tosa.dot,179,0.1,0.5,1.0,0.9,42,863.2964840752181,8671.958553309743,10.04516839032344,8671.958553309745,optimize_random_makespan_lssp,8671.958553309743,2.9520771503448486,8671.958553309743,8671.958553309743,,8671.958553309743,2831.17188101502,3.2794896460719776,3469.4437840347164,optimize_single_point_makespan_lssp,2831.17188101502,0.0068380832672119,2092.816882871267,2831.17188101502,,2092.816882871267,,,,,,,,,,,True,True,False,0.0,,0.0,8697.436444144609,Valid solution; no area repair needed.,True,True,False,0.0,,8660.371403394762,8697.436444144609,Valid solution; no area repair needed.,,,,,,,,,,,,,,,,,,,,,,,,,,,,,,,,,,,,,,,,,,,,,,,,,,,,,,,,,,,,,,,,,,,,,,,,,,,,,,,,,,,,,,,,,,,,,,,,,,,,,,,,,,,,,,,,,,,,,,,,,,,,,,,,,,,,,,,,,,,,,,,,,,,,,,,,,,,,,,,,,,,,,,,,,,,,,,,,,,,,
2026-04-08 15:14:08,20260408-145058,squeeze_net_tosa_area-0.90_hwscale-0.10_hwvar-0.50_comm-1.00_seed-43,inputs/task_graph_topology/soda-benchmark-graphs/pytorch-graphs/squeeze_net_tosa.dot,179,0.1,0.5,1.0,0.9,43,924.8477550363816,9211.593475920748,9.960118760907177,9211.593475920748,optimize_random_makespan_lssp,9211.593475920748,2.9265003204345703,9211.593475920748,9211.593475920748,,9211.593475920748,4811.461854141405,5.20243664748057,5645.034634620617,optimize_single_point_makespan_lssp,4811.461854141405,0.0073111057281494,2519.744933308057,4811.461854141405,,2519.744933308057,,,,,,,,,,,True,True,False,0.0,,0.0,7609.072805280898,Valid solution; no area repair needed.,True,True,False,0.0,,7574.887953647763,7609.072805280898,Valid solution; no area repair needed.,,,,,,,,,,,,,,,,,,,,,,,,,,,,,,,,,,,,,,,,,,,,,,,,,,,,,,,,,,,,,,,,,,,,,,,,,,,,,,,,,,,,,,,,,,,,,,,,,,,,,,,,,,,,,,,,,,,,,,,,,,,,,,,,,,,,,,,,,,,,,,,,,,,,,,,,,,,,,,,,,,,,,,,,,,,,,,,,,,,,
2026-04-08 15:14:43,20260408-145155,squeeze_net_tosa_area-0.10_hwscale-0.10_hwvar-0.50_comm-1.00_seed-47,inputs/task_graph_topology/soda-benchmark-graphs/pytorch-graphs/squeeze_net_tosa.dot,179,0.1,0.5,1.0,0.1,47,897.9128028241038,,,,,,,,,,,,,,,,,,,,,7290.843937669331,8.119768327991608,11165.456712566089,optimize_single_point_makespan,7290.843937669331,231.56586623191836,7263.983864335655,7290.843937669331,7898.482345327271,7290.843937669331,,,,,,,,,,,,,,,,,True,True,False,0.0,,932.746646219616,940.1221233557698,Valid solution; no area repair needed.,,,,,,,,,,,,,,,,,,,,,,,,,,,,,,,,,,,,,,,,,,,,,,,,,,,,,,,,,,,,,,,,,,,,,,,,,,,,,,,,,,,,,,,,,,,,,,,,,,,,,,,,,,,,,,,,,,,,,,,,,,,,,,,,,,,,,,,,,,,,,,,,,,,,,,,,,,,,,,,,,,,,,,,,,,,,
2026-04-08 15:15:43,20260408-145058,squeeze_net_tosa_area-0.90_hwscale-0.10_hwvar-0.50_comm-1.00_seed-44,inputs/task_graph_topology/soda-benchmark-graphs/pytorch-graphs/squeeze_net_tosa.dot,179,0.1,0.5,1.0,0.9,44,880.3975676869239,8543.037518026596,9.703613266983224,8543.037518026593,optimize_random_makespan_lssp,8543.037518026596,2.91212010383606,8543.037518026596,8543.037518026596,,8543.037518026596,3030.314103012463,3.441983728980571,3826.105511328554,optimize_single_point_makespan_lssp,3030.314103012463,0.0071237087249755,2294.044478285776,3030.314103012463,,2294.044478285776,,,,,,,,,,,True,True,False,0.0,,0.0,7905.635120642172,Valid solution; no area repair needed.,True,True,False,0.0,,7884.95858470355,7905.635120642172,Valid solution; no area repair needed.,,,,,,,,,,,,,,,,,,,,,,,,,,,,,,,,,,,,,,,,,,,,,,,,,,,,,,,,,,,,,,,,,,,,,,,,,,,,,,,,,,,,,,,,,,,,,,,,,,,,,,,,,,,,,,,,,,,,,,,,,,,,,,,,,,,,,,,,,,,,,,,,,,,,,,,,,,,,,,,,,,,,,,,,,,,,,,,,,,,,
2026-04-08 15:17:17,20260408-145058,squeeze_net_tosa_area-0.90_hwscale-0.10_hwvar-0.50_comm-1.00_seed-45,inputs/task_graph_topology/soda-benchmark-graphs/pytorch-graphs/squeeze_net_tosa.dot,179,0.1,0.5,1.0,0.9,45,944.9410604384876,9334.125936923414,9.877998033646708,9334.125936923409,optimize_random_makespan_lssp,9334.125936923414,2.9251198768615723,9334.125936923414,9334.125936923414,,9334.125936923414,3599.0325790759907,3.808737634287906,4334.317418567655,optimize_single_point_makespan_lssp,3599.0325790759907,0.0071284770965576,2155.30175342864,3599.0325790759907,,2155.30175342864,,,,,,,,,,,True,True,False,0.0,,0.0,8283.375519146264,Valid solution; no area repair needed.,True,True,False,0.0,,8241.651507828237,8283.375519146264,Valid solution; no area repair needed.,,,,,,,,,,,,,,,,,,,,,,,,,,,,,,,,,,,,,,,,,,,,,,,,,,,,,,,,,,,,,,,,,,,,,,,,,,,,,,,,,,,,,,,,,,,,,,,,,,,,,,,,,,,,,,,,,,,,,,,,,,,,,,,,,,,,,,,,,,,,,,,,,,,,,,,,,,,,,,,,,,,,,,,,,,,,,,,,,,,,
2026-04-08 15:18:27,20260408-145155,squeeze_net_tosa_area-0.10_hwscale-0.10_hwvar-0.50_comm-1.00_seed-48,inputs/task_graph_topology/soda-benchmark-graphs/pytorch-graphs/squeeze_net_tosa.dot,179,0.1,0.5,1.0,0.1,48,868.9695660295871,,,,,,,,,,,,,,,,,,,,,7593.891791672601,8.738961741053703,10836.181856018233,optimize_single_point_makespan,7593.891791672601,223.85374212265012,7490.154034508974,7593.891791672601,8276.57612688704,7593.891791672601,,,,,,,,,,,,,,,,,True,True,False,0.0,,1017.8732119306336,1018.3922394909346,Valid solution; no area repair needed.,,,,,,,,,,,,,,,,,,,,,,,,,,,,,,,,,,,,,,,,,,,,,,,,,,,,,,,,,,,,,,,,,,,,,,,,,,,,,,,,,,,,,,,,,,,,,,,,,,,,,,,,,,,,,,,,,,,,,,,,,,,,,,,,,,,,,,,,,,,,,,,,,,,,,,,,,,,,,,,,,,,,,,,,,,,,
2026-04-08 15:18:52,20260408-145058,squeeze_net_tosa_area-0.90_hwscale-0.10_hwvar-0.50_comm-1.00_seed-46,inputs/task_graph_topology/soda-benchmark-graphs/pytorch-graphs/squeeze_net_tosa.dot,179,0.1,0.5,1.0,0.9,46,891.069723087352,8626.334793531425,9.680875211025189,8626.334793531423,optimize_random_makespan_lssp,8626.334793531425,2.943617343902588,8626.334793531425,8626.334793531425,,8626.334793531425,2271.7612565844665,2.5494764300972266,3115.704878100891,optimize_single_point_makespan_lssp,2271.7612565844665,0.0074725151062011,1598.7473292842883,2271.7612565844665,,1598.7473292842883,,,,,,,,,,,True,True,False,0.0,,0.0,8394.426623429536,Valid solution; no area repair needed.,True,True,False,0.0,,8379.676349358228,8394.426623429536,Valid solution; no area repair needed.,,,,,,,,,,,,,,,,,,,,,,,,,,,,,,,,,,,,,,,,,,,,,,,,,,,,,,,,,,,,,,,,,,,,,,,,,,,,,,,,,,,,,,,,,,,,,,,,,,,,,,,,,,,,,,,,,,,,,,,,,,,,,,,,,,,,,,,,,,,,,,,,,,,,,,,,,,,,,,,,,,,,,,,,,,,,,,,,,,,,
2026-04-08 15:20:26,20260408-145058,squeeze_net_tosa_area-0.90_hwscale-0.10_hwvar-0.50_comm-1.00_seed-47,inputs/task_graph_topology/soda-benchmark-graphs/pytorch-graphs/squeeze_net_tosa.dot,179,0.1,0.5,1.0,0.9,47,897.9128028241038,8957.762373480502,9.97620520089107,8957.7623734805,optimize_random_makespan_lssp,8957.762373480502,2.9252676963806152,8957.762373480504,8957.762373480502,,8957.762373480502,4602.456304711134,5.125727453974982,5463.540812538881,optimize_single_point_makespan_lssp,4602.456304711134,0.0073816776275634,1493.3548881954175,4602.456304711134,,1493.3548881954175,,,,,,,,,,,True,True,False,0.0,,0.0,8461.099110201927,Valid solution; no area repair needed.,True,True,False,0.0,,8439.115163908073,8461.099110201927,Valid solution; no area repair needed.,,,,,,,,,,,,,,,,,,,,,,,,,,,,,,,,,,,,,,,,,,,,,,,,,,,,,,,,,,,,,,,,,,,,,,,,,,,,,,,,,,,,,,,,,,,,,,,,,,,,,,,,,,,,,,,,,,,,,,,,,,,,,,,,,,,,,,,,,,,,,,,,,,,,,,,,,,,,,,,,,,,,,,,,,,,,,,,,,,,,
2026-04-08 15:22:02,20260408-145058,squeeze_net_tosa_area-0.90_hwscale-0.10_hwvar-0.50_comm-1.00_seed-48,inputs/task_graph_topology/soda-benchmark-graphs/pytorch-graphs/squeeze_net_tosa.dot,179,0.1,0.5,1.0,0.9,48,868.9695660295871,8532.057671109735,9.818592048158372,8532.057671109736,optimize_random_makespan_lssp,8532.057671109735,2.92007064819336,8532.057671109735,8532.057671109735,,8532.057671109735,2841.1638348233123,3.2695780679695,3610.95159443072,optimize_single_point_makespan_lssp,2841.1638348233123,0.0083370208740234,1854.354046966065,2841.1638348233123,,1854.354046966065,,,,,,,,,,,True,True,False,0.0,,0.0,9165.53015541841,Valid solution; no area repair needed.,True,True,False,0.0,,9163.52480692708,9165.53015541841,Valid solution; no area repair needed.,,,,,,,,,,,,,,,,,,,,,,,,,,,,,,,,,,,,,,,,,,,,,,,,,,,,,,,,,,,,,,,,,,,,,,,,,,,,,,,,,,,,,,,,,,,,,,,,,,,,,,,,,,,,,,,,,,,,,,,,,,,,,,,,,,,,,,,,,,,,,,,,,,,,,,,,,,,,,,,,,,,,,,,,,,,,,,,,,,,,
2026-04-08 15:22:26,20260408-145155,squeeze_net_tosa_area-0.10_hwscale-0.10_hwvar-0.50_comm-1.00_seed-49,inputs/task_graph_topology/soda-benchmark-graphs/pytorch-graphs/squeeze_net_tosa.dot,179,0.1,0.5,1.0,0.1,49,878.2221206056221,,,,,,,,,,,,,,,,,,,,,7254.022242984575,8.259894704066667,10417.098613760492,optimize_single_point_makespan,7254.022242984575,238.12792921066284,7146.29908395866,7254.022242984575,7476.213473467288,7254.022242984575,,,,,,,,,,,,,,,,,True,True,False,0.0,,844.7180622006601,858.0672308531108,Valid solution; no area repair needed.,,,,,,,,,,,,,,,,,,,,,,,,,,,,,,,,,,,,,,,,,,,,,,,,,,,,,,,,,,,,,,,,,,,,,,,,,,,,,,,,,,,,,,,,,,,,,,,,,,,,,,,,,,,,,,,,,,,,,,,,,,,,,,,,,,,,,,,,,,,,,,,,,,,,,,,,,,,,,,,,,,,,,,,,,,,,
2026-04-08 15:23:37,20260408-145058,squeeze_net_tosa_area-0.90_hwscale-0.10_hwvar-0.50_comm-1.00_seed-49,inputs/task_graph_topology/soda-benchmark-graphs/pytorch-graphs/squeeze_net_tosa.dot,179,0.1,0.5,1.0,0.9,49,878.2221206056221,8906.300060495521,10.14128413704011,8906.300060495514,optimize_random_makespan_lssp,8906.300060495521,2.9213006496429443,8906.300060495521,8906.300060495521,,8906.300060495521,3339.436102877791,3.802496002463381,4172.228859847458,optimize_single_point_makespan_lssp,3339.436102877791,0.0071861743927001,2470.914342915003,3339.436102877791,,2470.914342915003,,,,,,,,,,,True,True,False,0.0,,0.0,7722.605077677997,Valid solution; no area repair needed.,True,True,False,0.0,,7704.985637960137,7722.605077677997,Valid solution; no area repair needed.,,,,,,,,,,,,,,,,,,,,,,,,,,,,,,,,,,,,,,,,,,,,,,,,,,,,,,,,,,,,,,,,,,,,,,,,,,,,,,,,,,,,,,,,,,,,,,,,,,,,,,,,,,,,,,,,,,,,,,,,,,,,,,,,,,,,,,,,,,,,,,,,,,,,,,,,,,,,,,,,,,,,,,,,,,,,,,,,,,,,
2026-04-08 15:25:11,20260408-145058,squeeze_net_tosa_area-0.90_hwscale-0.10_hwvar-0.50_comm-1.00_seed-50,inputs/task_graph_topology/soda-benchmark-graphs/pytorch-graphs/squeeze_net_tosa.dot,179,0.1,0.5,1.0,0.9,50,829.0647762352121,8791.053987688198,10.603579164957925,8791.053987688196,optimize_random_makespan_lssp,8791.053987688198,2.9343440532684326,8791.053987688198,8791.053987688198,,8791.053987688198,3504.2051217633907,4.2266964201229325,4081.071638083643,optimize_single_point_makespan_lssp,3504.2051217633907,0.0114305019378662,2265.9874473919567,3504.2051217633907,,2265.9874473919567,,,,,,,,,,,True,True,False,0.0,,0.0,8262.352362747713,Valid solution; no area repair needed.,True,True,False,0.0,,8178.867562277873,8262.352362747713,Valid solution; no area repair needed.,,,,,,,,,,,,,,,,,,,,,,,,,,,,,,,,,,,,,,,,,,,,,,,,,,,,,,,,,,,,,,,,,,,,,,,,,,,,,,,,,,,,,,,,,,,,,,,,,,,,,,,,,,,,,,,,,,,,,,,,,,,,,,,,,,,,,,,,,,,,,,,,,,,,,,,,,,,,,,,,,,,,,,,,,,,,,,,,,,,,
2026-04-08 15:26:12,20260408-145155,squeeze_net_tosa_area-0.10_hwscale-0.10_hwvar-0.50_comm-1.00_seed-50,inputs/task_graph_topology/soda-benchmark-graphs/pytorch-graphs/squeeze_net_tosa.dot,179,0.1,0.5,1.0,0.1,50,829.0647762352121,,,,,,,,,,,,,,,,,,,,,7111.825677258383,8.578130299484226,10337.27373397692,optimize_single_point_makespan,7111.825677258383,226.4962792396545,7064.814826588916,7111.825677258383,7402.250237368981,7111.825677258383,,,,,,,,,,,,,,,,,True,True,False,0.0,,915.4314929624364,918.0391514164128,Valid solution; no area repair needed.,,,,,,,,,,,,,,,,,,,,,,,,,,,,,,,,,,,,,,,,,,,,,,,,,,,,,,,,,,,,,,,,,,,,,,,,,,,,,,,,,,,,,,,,,,,,,,,,,,,,,,,,,,,,,,,,,,,,,,,,,,,,,,,,,,,,,,,,,,,,,,,,,,,,,,,,,,,,,,,,,,,,,,,,,,,,
2026-04-08 15:26:46,20260408-145058,squeeze_net_tosa_area-0.90_hwscale-0.10_hwvar-0.50_comm-1.00_seed-51,inputs/task_graph_topology/soda-benchmark-graphs/pytorch-graphs/squeeze_net_tosa.dot,179,0.1,0.5,1.0,0.9,51,969.4998945368148,10010.557015369945,10.325485409312558,10010.557015369946,optimize_random_makespan_lssp,10010.557015369945,2.9226388931274414,10010.557015369945,10010.557015369945,,10010.557015369945,3605.373909442632,3.7187976293335487,4391.6092207383535,optimize_single_point_makespan_lssp,3605.373909442632,0.0076215267181396,2569.536480659861,3605.373909442632,,2569.536480659861,,,,,,,,,,,True,True,False,0.0,,0.0,7792.742029044332,Valid solution; no area repair needed.,True,True,False,0.0,,7788.553519472749,7792.742029044332,Valid solution; no area repair needed.,,,,,,,,,,,,,,,,,,,,,,,,,,,,,,,,,,,,,,,,,,,,,,,,,,,,,,,,,,,,,,,,,,,,,,,,,,,,,,,,,,,,,,,,,,,,,,,,,,,,,,,,,,,,,,,,,,,,,,,,,,,,,,,,,,,,,,,,,,,,,,,,,,,,,,,,,,,,,,,,,,,,,,,,,,,,,,,,,,,,
2026-04-08 15:29:38,20260408-145155,squeeze_net_tosa_area-0.10_hwscale-0.10_hwvar-0.50_comm-1.00_seed-51,inputs/task_graph_topology/soda-benchmark-graphs/pytorch-graphs/squeeze_net_tosa.dot,179,0.1,0.5,1.0,0.1,51,969.4998945368148,,,,,,,,,,,,,,,,,,,,,8555.745740559516,8.824906313834187,12689.98563625732,optimize_single_point_makespan,8555.745740559516,205.11577773094177,8119.072921777547,8555.745740559516,10018.38622910263,8555.745740559516,,,,,,,,,,,,,,,,,True,True,False,0.0,,855.7314660519789,865.8602254493703,Valid solution; no area repair needed.,,,,,,,,,,,,,,,,,,,,,,,,,,,,,,,,,,,,,,,,,,,,,,,,,,,,,,,,,,,,,,,,,,,,,,,,,,,,,,,,,,,,,,,,,,,,,,,,,,,,,,,,,,,,,,,,,,,,,,,,,,,,,,,,,,,,,,,,,,,,,,,,,,,,,,,,,,,,,,,,,,,,,,,,,,,,
2026-04-08 15:35:45,20260408-145155,squeeze_net_tosa_area-0.30_hwscale-0.10_hwvar-0.50_comm-1.00_seed-42,inputs/task_graph_topology/soda-benchmark-graphs/pytorch-graphs/squeeze_net_tosa.dot,179,0.1,0.5,1.0,0.3,42,863.2964840752181,,,,,,,,,,,,,,,,,,,,,6305.65896376554,7.304163841835054,9726.38240611667,optimize_single_point_makespan,6305.65896376554,367.33633685112,5593.082750004921,6305.65896376554,6806.08145822925,6305.65896376554,,,,,,,,,,,,,,,,,True,True,False,0.0,,2894.874185704911,2899.145481381536,Valid solution; no area repair needed.,,,,,,,,,,,,,,,,,,,,,,,,,,,,,,,,,,,,,,,,,,,,,,,,,,,,,,,,,,,,,,,,,,,,,,,,,,,,,,,,,,,,,,,,,,,,,,,,,,,,,,,,,,,,,,,,,,,,,,,,,,,,,,,,,,,,,,,,,,,,,,,,,,,,,,,,,,,,,,,,,,,,,,,,,,,,
2026-04-08 15:40:51,20260408-145155,squeeze_net_tosa_area-0.30_hwscale-0.10_hwvar-0.50_comm-1.00_seed-43,inputs/task_graph_topology/soda-benchmark-graphs/pytorch-graphs/squeeze_net_tosa.dot,179,0.1,0.5,1.0,0.3,43,924.8477550363816,,,,,,,,,,,,,,,,,,,,,6543.868150680804,7.075616624515007,10569.561270474402,optimize_single_point_makespan,6543.868150680804,304.8443422317505,5855.086965947381,6543.868150680804,7542.134946163546,6543.868150680804,,,,,,,,,,,,,,,,,True,True,False,0.0,,2535.6428156268494,2536.3576017602995,Valid solution; no area repair needed.,,,,,,,,,,,,,,,,,,,,,,,,,,,,,,,,,,,,,,,,,,,,,,,,,,,,,,,,,,,,,,,,,,,,,,,,,,,,,,,,,,,,,,,,,,,,,,,,,,,,,,,,,,,,,,,,,,,,,,,,,,,,,,,,,,,,,,,,,,,,,,,,,,,,,,,,,,,,,,,,,,,,,,,,,,,,
2026-04-08 15:45:18,20260408-145155,squeeze_net_tosa_area-0.30_hwscale-0.10_hwvar-0.50_comm-1.00_seed-44,inputs/task_graph_topology/soda-benchmark-graphs/pytorch-graphs/squeeze_net_tosa.dot,179,0.1,0.5,1.0,0.3,44,880.3975676869239,,,,,,,,,,,,,,,,,,,,,6595.591659512673,7.491605953480002,10217.684444355677,optimize_single_point_makespan,6595.591659512673,266.85463094711304,5382.180182828951,6595.591659512673,7496.545052050056,6595.591659512673,,,,,,,,,,,,,,,,,True,True,False,0.0,,2630.885211653455,2635.2117068807243,Valid solution; no area repair needed.,,,,,,,,,,,,,,,,,,,,,,,,,,,,,,,,,,,,,,,,,,,,,,,,,,,,,,,,,,,,,,,,,,,,,,,,,,,,,,,,,,,,,,,,,,,,,,,,,,,,,,,,,,,,,,,,,,,,,,,,,,,,,,,,,,,,,,,,,,,,,,,,,,,,,,,,,,,,,,,,,,,,,,,,,,,,
2026-04-08 15:52:29,20260408-145155,squeeze_net_tosa_area-0.30_hwscale-0.10_hwvar-0.50_comm-1.00_seed-45,inputs/task_graph_topology/soda-benchmark-graphs/pytorch-graphs/squeeze_net_tosa.dot,179,0.1,0.5,1.0,0.3,45,944.9410604384876,,,,,,,,,,,,,,,,,,,,,7529.195560272867,7.967899666439557,11790.164228811404,optimize_single_point_makespan,7529.195560272867,430.8935945034027,6436.203709191669,7529.195560272867,8505.206226395105,7529.195560272867,,,,,,,,,,,,,,,,,True,True,False,0.0,,2760.506449410782,2761.1251730487547,Valid solution; no area repair needed.,,,,,,,,,,,,,,,,,,,,,,,,,,,,,,,,,,,,,,,,,,,,,,,,,,,,,,,,,,,,,,,,,,,,,,,,,,,,,,,,,,,,,,,,,,,,,,,,,,,,,,,,,,,,,,,,,,,,,,,,,,,,,,,,,,,,,,,,,,,,,,,,,,,,,,,,,,,,,,,,,,,,,,,,,,,,
2026-04-08 15:59:20,20260408-145155,squeeze_net_tosa_area-0.30_hwscale-0.10_hwvar-0.50_comm-1.00_seed-46,inputs/task_graph_topology/soda-benchmark-graphs/pytorch-graphs/squeeze_net_tosa.dot,179,0.1,0.5,1.0,0.3,46,891.069723087352,,,,,,,,,,,,,,,,,,,,,5739.291945127393,6.440901083746919,9372.878487180857,optimize_single_point_makespan,5739.291945127393,410.0154328346253,5305.554605217543,5739.291945127393,6040.844917281879,5739.291945127393,,,,,,,,,,,,,,,,,True,True,False,0.0,,2798.0102446661817,2798.1422078098453,Valid solution; no area repair needed.,,,,,,,,,,,,,,,,,,,,,,,,,,,,,,,,,,,,,,,,,,,,,,,,,,,,,,,,,,,,,,,,,,,,,,,,,,,,,,,,,,,,,,,,,,,,,,,,,,,,,,,,,,,,,,,,,,,,,,,,,,,,,,,,,,,,,,,,,,,,,,,,,,,,,,,,,,,,,,,,,,,,,,,,,,,,
2026-04-08 16:03:57,20260408-145155,squeeze_net_tosa_area-0.30_hwscale-0.10_hwvar-0.50_comm-1.00_seed-47,inputs/task_graph_topology/soda-benchmark-graphs/pytorch-graphs/squeeze_net_tosa.dot,179,0.1,0.5,1.0,0.3,47,897.9128028241038,,,,,,,,,,,,,,,,,,,,,7168.0450517728,7.983007959378635,10770.938555623328,optimize_single_point_makespan,7168.0450517728,273.74763345718384,6233.963062760688,7168.0450517728,7268.842231891307,7168.0450517728,,,,,,,,,,,,,,,,,True,True,False,0.0,,2817.9406168684623,2820.366370067309,Valid solution; no area repair needed.,,,,,,,,,,,,,,,,,,,,,,,,,,,,,,,,,,,,,,,,,,,,,,,,,,,,,,,,,,,,,,,,,,,,,,,,,,,,,,,,,,,,,,,,,,,,,,,,,,,,,,,,,,,,,,,,,,,,,,,,,,,,,,,,,,,,,,,,,,,,,,,,,,,,,,,,,,,,,,,,,,,,,,,,,,,,
2026-04-08 16:09:27,20260408-145155,squeeze_net_tosa_area-0.30_hwscale-0.10_hwvar-0.50_comm-1.00_seed-48,inputs/task_graph_topology/soda-benchmark-graphs/pytorch-graphs/squeeze_net_tosa.dot,179,0.1,0.5,1.0,0.3,48,868.9695660295871,,,,,,,,,,,,,,,,,,,,,6595.355315493416,7.589857658224194,10372.577910970624,optimize_single_point_makespan,6595.355315493416,329.72390365600586,5798.579379417942,6595.355315493416,7701.737476408585,6595.355315493416,,,,,,,,,,,,,,,,,True,True,False,0.0,,3049.57510903135,3055.1767184728037,Valid solution; no area repair needed.,,,,,,,,,,,,,,,,,,,,,,,,,,,,,,,,,,,,,,,,,,,,,,,,,,,,,,,,,,,,,,,,,,,,,,,,,,,,,,,,,,,,,,,,,,,,,,,,,,,,,,,,,,,,,,,,,,,,,,,,,,,,,,,,,,,,,,,,,,,,,,,,,,,,,,,,,,,,,,,,,,,,,,,,,,,,
2026-04-08 16:14:39,20260408-145155,squeeze_net_tosa_area-0.30_hwscale-0.10_hwvar-0.50_comm-1.00_seed-49,inputs/task_graph_topology/soda-benchmark-graphs/pytorch-graphs/squeeze_net_tosa.dot,179,0.1,0.5,1.0,0.3,49,878.2221206056221,,,,,,,,,,,,,,,,,,,,,7015.902740104804,7.988756574779324,10807.46996761202,optimize_single_point_makespan,7015.902740104804,312.02624559402466,5984.326073038774,7015.902740104804,8056.339044396808,7015.902740104804,,,,,,,,,,,,,,,,,True,True,False,0.0,,2567.708702167264,2574.201692559332,Valid solution; no area repair needed.,,,,,,,,,,,,,,,,,,,,,,,,,,,,,,,,,,,,,,,,,,,,,,,,,,,,,,,,,,,,,,,,,,,,,,,,,,,,,,,,,,,,,,,,,,,,,,,,,,,,,,,,,,,,,,,,,,,,,,,,,,,,,,,,,,,,,,,,,,,,,,,,,,,,,,,,,,,,,,,,,,,,,,,,,,,,
2026-04-08 16:21:09,20260408-145155,squeeze_net_tosa_area-0.30_hwscale-0.10_hwvar-0.50_comm-1.00_seed-50,inputs/task_graph_topology/soda-benchmark-graphs/pytorch-graphs/squeeze_net_tosa.dot,179,0.1,0.5,1.0,0.3,50,829.0647762352121,,,,,,,,,,,,,,,,,,,,,6237.812050563236,7.523913968326065,10036.79403116103,optimize_single_point_makespan,6237.812050563236,389.1626479625702,5587.760271054562,6237.812050563236,7256.992390036694,6237.812050563236,,,,,,,,,,,,,,,,,True,True,False,0.0,,2747.5097125154807,2754.1174542492377,Valid solution; no area repair needed.,,,,,,,,,,,,,,,,,,,,,,,,,,,,,,,,,,,,,,,,,,,,,,,,,,,,,,,,,,,,,,,,,,,,,,,,,,,,,,,,,,,,,,,,,,,,,,,,,,,,,,,,,,,,,,,,,,,,,,,,,,,,,,,,,,,,,,,,,,,,,,,,,,,,,,,,,,,,,,,,,,,,,,,,,,,,
2026-04-08 16:25:37,20260408-145155,squeeze_net_tosa_area-0.30_hwscale-0.10_hwvar-0.50_comm-1.00_seed-51,inputs/task_graph_topology/soda-benchmark-graphs/pytorch-graphs/squeeze_net_tosa.dot,179,0.1,0.5,1.0,0.3,51,969.4998945368148,,,,,,,,,,,,,,,,,,,,,8295.080294967293,8.556040430443083,12240.978816801004,optimize_single_point_makespan,8295.080294967293,267.8122477531433,6163.518616561265,8295.080294967293,9643.49714340758,8295.080294967293,,,,,,,,,,,,,,,,,True,True,False,0.0,,2585.004277423957,2597.5806763481105,Valid solution; no area repair needed.,,,,,,,,,,,,,,,,,,,,,,,,,,,,,,,,,,,,,,,,,,,,,,,,,,,,,,,,,,,,,,,,,,,,,,,,,,,,,,,,,,,,,,,,,,,,,,,,,,,,,,,,,,,,,,,,,,,,,,,,,,,,,,,,,,,,,,,,,,,,,,,,,,,,,,,,,,,,,,,,,,,,,,,,,,,,
2026-04-08 16:28:55,20260408-145155,squeeze_net_tosa_area-0.70_hwscale-0.10_hwvar-0.50_comm-1.00_seed-42,inputs/task_graph_topology/soda-benchmark-graphs/pytorch-graphs/squeeze_net_tosa.dot,179,0.1,0.5,1.0,0.7,42,863.2964840752181,,,,,,,,,,,,,,,,,,,,,3601.979417220015,4.172355017845964,5139.224464928318,optimize_single_point_makespan,3601.979417220015,197.75588726997373,3195.37015356046,3601.979417220015,3817.469480988252,3601.979417220015,,,,,,,,,,,,,,,,,True,True,False,0.0,,6763.875367246891,6764.672789890251,Valid solution; no area repair needed.,,,,,,,,,,,,,,,,,,,,,,,,,,,,,,,,,,,,,,,,,,,,,,,,,,,,,,,,,,,,,,,,,,,,,,,,,,,,,,,,,,,,,,,,,,,,,,,,,,,,,,,,,,,,,,,,,,,,,,,,,,,,,,,,,,,,,,,,,,,,,,,,,,,,,,,,,,,,,,,,,,,,,,,,,,,,
2026-04-08 16:39:14,20260408-145155,squeeze_net_tosa_area-0.70_hwscale-0.10_hwvar-0.50_comm-1.00_seed-43,inputs/task_graph_topology/soda-benchmark-graphs/pytorch-graphs/squeeze_net_tosa.dot,179,0.1,0.5,1.0,0.7,43,924.8477550363816,,,,,,,,,,,,,,,,,,,,,3847.7273847560095,4.160390035876389,6477.646865567934,optimize_single_point_makespan,3847.7273847560095,618.8029110431671,3702.78401461556,3847.7273847560095,4826.381952994872,3847.7273847560095,,,,,,,,,,,,,,,,,True,True,False,0.0,,5903.008112141428,5918.167737440698,Valid solution; no area repair needed.,,,,,,,,,,,,,,,,,,,,,,,,,,,,,,,,,,,,,,,,,,,,,,,,,,,,,,,,,,,,,,,,,,,,,,,,,,,,,,,,,,,,,,,,,,,,,,,,,,,,,,,,,,,,,,,,,,,,,,,,,,,,,,,,,,,,,,,,,,,,,,,,,,,,,,,,,,,,,,,,,,,,,,,,,,,,
2026-04-08 16:43:11,20260408-145155,squeeze_net_tosa_area-0.70_hwscale-0.10_hwvar-0.50_comm-1.00_seed-44,inputs/task_graph_topology/soda-benchmark-graphs/pytorch-graphs/squeeze_net_tosa.dot,179,0.1,0.5,1.0,0.7,44,880.3975676869239,,,,,,,,,,,,,,,,,,,,,3095.082360452183,3.5155507852934207,4699.652693952454,optimize_single_point_makespan,3095.082360452183,236.62038016319275,2445.81957582183,3095.082360452183,3201.847964795994,3095.082360452183,,,,,,,,,,,,,,,,,True,True,False,0.0,,6141.081663253693,6148.827316055023,Valid solution; no area repair needed.,,,,,,,,,,,,,,,,,,,,,,,,,,,,,,,,,,,,,,,,,,,,,,,,,,,,,,,,,,,,,,,,,,,,,,,,,,,,,,,,,,,,,,,,,,,,,,,,,,,,,,,,,,,,,,,,,,,,,,,,,,,,,,,,,,,,,,,,,,,,,,,,,,,,,,,,,,,,,,,,,,,,,,,,,,,,
2026-04-08 16:47:12,20260408-145155,squeeze_net_tosa_area-0.70_hwscale-0.10_hwvar-0.50_comm-1.00_seed-45,inputs/task_graph_topology/soda-benchmark-graphs/pytorch-graphs/squeeze_net_tosa.dot,179,0.1,0.5,1.0,0.7,45,944.9410604384876,,,,,,,,,,,,,,,,,,,,,4222.290387059481,4.46831084374742,6347.566702595036,optimize_single_point_makespan,4222.290387059481,240.26114797592163,3671.4082010066304,4222.290387059481,4692.940714365193,4222.290387059481,,,,,,,,,,,,,,,,,True,True,False,0.0,,6440.387311090644,6442.625403780427,Valid solution; no area repair needed.,,,,,,,,,,,,,,,,,,,,,,,,,,,,,,,,,,,,,,,,,,,,,,,,,,,,,,,,,,,,,,,,,,,,,,,,,,,,,,,,,,,,,,,,,,,,,,,,,,,,,,,,,,,,,,,,,,,,,,,,,,,,,,,,,,,,,,,,,,,,,,,,,,,,,,,,,,,,,,,,,,,,,,,,,,,,
2026-04-08 16:51:08,20260408-145155,squeeze_net_tosa_area-0.70_hwscale-0.10_hwvar-0.50_comm-1.00_seed-46,inputs/task_graph_topology/soda-benchmark-graphs/pytorch-graphs/squeeze_net_tosa.dot,179,0.1,0.5,1.0,0.7,46,891.069723087352,,,,,,,,,,,,,,,,,,,,,2876.266741724773,3.227880677798331,4489.255739697419,optimize_single_point_makespan,2876.266741724773,235.1812369823456,2345.867000886838,2876.266741724773,2922.07521552109,2876.266741724773,,,,,,,,,,,,,,,,,True,True,False,0.0,,6528.58628137824,6528.998484889638,Valid solution; no area repair needed.,,,,,,,,,,,,,,,,,,,,,,,,,,,,,,,,,,,,,,,,,,,,,,,,,,,,,,,,,,,,,,,,,,,,,,,,,,,,,,,,,,,,,,,,,,,,,,,,,,,,,,,,,,,,,,,,,,,,,,,,,,,,,,,,,,,,,,,,,,,,,,,,,,,,,,,,,,,,,,,,,,,,,,,,,,,,
2026-04-08 16:55:08,20260408-145155,squeeze_net_tosa_area-0.70_hwscale-0.10_hwvar-0.50_comm-1.00_seed-47,inputs/task_graph_topology/soda-benchmark-graphs/pytorch-graphs/squeeze_net_tosa.dot,179,0.1,0.5,1.0,0.7,47,897.9128028241038,,,,,,,,,,,,,,,,,,,,,3086.902781686804,3.4378647592259703,4672.270016936676,optimize_single_point_makespan,3086.902781686804,239.6147289276123,2694.2959906945443,3086.902781686804,3161.750375665337,3086.902781686804,,,,,,,,,,,,,,,,,True,True,False,0.0,,6572.533916974463,6580.854863490387,Valid solution; no area repair needed.,,,,,,,,,,,,,,,,,,,,,,,,,,,,,,,,,,,,,,,,,,,,,,,,,,,,,,,,,,,,,,,,,,,,,,,,,,,,,,,,,,,,,,,,,,,,,,,,,,,,,,,,,,,,,,,,,,,,,,,,,,,,,,,,,,,,,,,,,,,,,,,,,,,,,,,,,,,,,,,,,,,,,,,,,,,,
2026-04-08 17:04:21,20260408-145155,squeeze_net_tosa_area-0.70_hwscale-0.10_hwvar-0.50_comm-1.00_seed-48,inputs/task_graph_topology/soda-benchmark-graphs/pytorch-graphs/squeeze_net_tosa.dot,179,0.1,0.5,1.0,0.7,48,868.9695660295871,,,,,,,,,,,,,,,,,,,,,3569.621846069834,4.107879016269592,5948.559479816504,optimize_single_point_makespan,3569.621846069834,552.7525198459625,2973.24563362277,3569.621846069834,3847.609698907988,3569.621846069834,,,,,,,,,,,,,,,,,True,True,False,0.0,,7128.530729796681,7128.745676436541,Valid solution; no area repair needed.,,,,,,,,,,,,,,,,,,,,,,,,,,,,,,,,,,,,,,,,,,,,,,,,,,,,,,,,,,,,,,,,,,,,,,,,,,,,,,,,,,,,,,,,,,,,,,,,,,,,,,,,,,,,,,,,,,,,,,,,,,,,,,,,,,,,,,,,,,,,,,,,,,,,,,,,,,,,,,,,,,,,,,,,,,,,
2026-04-08 17:08:06,20260408-145155,squeeze_net_tosa_area-0.70_hwscale-0.10_hwvar-0.50_comm-1.00_seed-49,inputs/task_graph_topology/soda-benchmark-graphs/pytorch-graphs/squeeze_net_tosa.dot,179,0.1,0.5,1.0,0.7,49,878.2221206056221,,,,,,,,,,,,,,,,,,,,,3367.6397332108586,3.834610463795348,5370.2252821434895,optimize_single_point_makespan,3367.6397332108586,224.3226697444916,2897.7294151702463,3367.6397332108586,3687.0212542514846,3367.6397332108586,,,,,,,,,,,,,,,,,True,True,False,0.0,,5998.847062696876,6006.470615971775,Valid solution; no area repair needed.,,,,,,,,,,,,,,,,,,,,,,,,,,,,,,,,,,,,,,,,,,,,,,,,,,,,,,,,,,,,,,,,,,,,,,,,,,,,,,,,,,,,,,,,,,,,,,,,,,,,,,,,,,,,,,,,,,,,,,,,,,,,,,,,,,,,,,,,,,,,,,,,,,,,,,,,,,,,,,,,,,,,,,,,,,,,
2026-04-08 17:11:46,20260408-145155,squeeze_net_tosa_area-0.70_hwscale-0.10_hwvar-0.50_comm-1.00_seed-50,inputs/task_graph_topology/soda-benchmark-graphs/pytorch-graphs/squeeze_net_tosa.dot,179,0.1,0.5,1.0,0.7,50,829.0647762352121,,,,,,,,,,,,,,,,,,,,,3473.9667770251503,4.19022358277052,5227.932202997845,optimize_single_point_makespan,3473.9667770251503,220.03514003753665,2765.150874501603,3473.9667770251503,3962.531532533267,3473.9667770251503,,,,,,,,,,,,,,,,,True,True,False,0.0,,6418.326606919628,6426.274059914888,Valid solution; no area repair needed.,,,,,,,,,,,,,,,,,,,,,,,,,,,,,,,,,,,,,,,,,,,,,,,,,,,,,,,,,,,,,,,,,,,,,,,,,,,,,,,,,,,,,,,,,,,,,,,,,,,,,,,,,,,,,,,,,,,,,,,,,,,,,,,,,,,,,,,,,,,,,,,,,,,,,,,,,,,,,,,,,,,,,,,,,,,,
2026-04-08 17:15:19,20260408-145155,squeeze_net_tosa_area-0.70_hwscale-0.10_hwvar-0.50_comm-1.00_seed-51,inputs/task_graph_topology/soda-benchmark-graphs/pytorch-graphs/squeeze_net_tosa.dot,179,0.1,0.5,1.0,0.7,51,969.4998945368148,,,,,,,,,,,,,,,,,,,,,2870.942799002468,2.961261589795304,4615.113166202032,optimize_single_point_makespan,2870.942799002468,212.27855730056763,2646.088323756961,2870.942799002468,3104.62636922324,2870.942799002468,,,,,,,,,,,,,,,,,True,True,False,0.0,,6045.637826695587,6061.021578145591,Valid solution; no area repair needed.,,,,,,,,,,,,,,,,,,,,,,,,,,,,,,,,,,,,,,,,,,,,,,,,,,,,,,,,,,,,,,,,,,,,,,,,,,,,,,,,,,,,,,,,,,,,,,,,,,,,,,,,,,,,,,,,,,,,,,,,,,,,,,,,,,,,,,,,,,,,,,,,,,,,,,,,,,,,,,,,,,,,,,,,,,,,
2026-04-08 17:18:13,20260408-145155,squeeze_net_tosa_area-0.90_hwscale-0.10_hwvar-0.50_comm-1.00_seed-42,inputs/task_graph_topology/soda-benchmark-graphs/pytorch-graphs/squeeze_net_tosa.dot,179,0.1,0.5,1.0,0.9,42,863.2964840752181,,,,,,,,,,,,,,,,,,,,,1021.4789894040484,1.1832307999010083,2056.0873626770235,optimize_single_point_makespan,1021.4789894040484,174.40529942512512,878.50595268224,1021.4789894040484,1032.075140012702,1021.4789894040484,,,,,,,,,,,,,,,,,True,True,False,0.0,,8695.10002780791,8697.436444144609,Valid solution; no area repair needed.,,,,,,,,,,,,,,,,,,,,,,,,,,,,,,,,,,,,,,,,,,,,,,,,,,,,,,,,,,,,,,,,,,,,,,,,,,,,,,,,,,,,,,,,,,,,,,,,,,,,,,,,,,,,,,,,,,,,,,,,,,,,,,,,,,,,,,,,,,,,,,,,,,,,,,,,,,,,,,,,,,,,,,,,,,,,
2026-04-08 17:22:25,20260408-145155,squeeze_net_tosa_area-0.90_hwscale-0.10_hwvar-0.50_comm-1.00_seed-43,inputs/task_graph_topology/soda-benchmark-graphs/pytorch-graphs/squeeze_net_tosa.dot,179,0.1,0.5,1.0,0.9,43,924.8477550363816,,,,,,,,,,,,,,,,,,,,,1495.6351011808642,1.6171689805551066,2672.070583272964,optimize_single_point_makespan,1495.6351011808642,251.1927251815796,1395.258850368068,1495.6351011808642,1495.6351011808642,1495.6351011808642,,,,,,,,,,,,,,,,,True,True,False,0.0,,7603.809993524222,7609.072805280898,Valid solution; no area repair needed.,,,,,,,,,,,,,,,,,,,,,,,,,,,,,,,,,,,,,,,,,,,,,,,,,,,,,,,,,,,,,,,,,,,,,,,,,,,,,,,,,,,,,,,,,,,,,,,,,,,,,,,,,,,,,,,,,,,,,,,,,,,,,,,,,,,,,,,,,,,,,,,,,,,,,,,,,,,,,,,,,,,,,,,,,,,,
2026-04-08 17:26:03,20260408-145155,squeeze_net_tosa_area-0.90_hwscale-0.10_hwvar-0.50_comm-1.00_seed-44,inputs/task_graph_topology/soda-benchmark-graphs/pytorch-graphs/squeeze_net_tosa.dot,179,0.1,0.5,1.0,0.9,44,880.3975676869239,,,,,,,,,,,,,,,,,,,,,1013.5011598707996,1.1511857790947555,2017.3687287194548,optimize_single_point_makespan,1013.5011598707996,218.00929021835327,1013.5011598707996,1013.5011598707996,1089.9274165422262,1013.5011598707996,,,,,,,,,,,,,,,,,True,True,False,0.0,,7903.751862330126,7905.635120642172,Valid solution; no area repair needed.,,,,,,,,,,,,,,,,,,,,,,,,,,,,,,,,,,,,,,,,,,,,,,,,,,,,,,,,,,,,,,,,,,,,,,,,,,,,,,,,,,,,,,,,,,,,,,,,,,,,,,,,,,,,,,,,,,,,,,,,,,,,,,,,,,,,,,,,,,,,,,,,,,,,,,,,,,,,,,,,,,,,,,,,,,,,
2026-04-08 17:29:49,20260408-145155,squeeze_net_tosa_area-0.90_hwscale-0.10_hwvar-0.50_comm-1.00_seed-45,inputs/task_graph_topology/soda-benchmark-graphs/pytorch-graphs/squeeze_net_tosa.dot,179,0.1,0.5,1.0,0.9,45,944.9410604384876,,,,,,,,,,,,,,,,,,,,,1370.0989958116668,1.4499306392463147,2451.496566880118,optimize_single_point_makespan,1370.0989958116668,225.7762849330902,1247.361171346099,1370.0989958116668,1446.652601364466,1370.0989958116668,,,,,,,,,,,,,,,,,True,True,False,0.0,,8278.36683239575,8283.375519146264,Valid solution; no area repair needed.,,,,,,,,,,,,,,,,,,,,,,,,,,,,,,,,,,,,,,,,,,,,,,,,,,,,,,,,,,,,,,,,,,,,,,,,,,,,,,,,,,,,,,,,,,,,,,,,,,,,,,,,,,,,,,,,,,,,,,,,,,,,,,,,,,,,,,,,,,,,,,,,,,,,,,,,,,,,,,,,,,,,,,,,,,,,
2026-04-08 17:32:54,20260408-145155,squeeze_net_tosa_area-0.90_hwscale-0.10_hwvar-0.50_comm-1.00_seed-46,inputs/task_graph_topology/soda-benchmark-graphs/pytorch-graphs/squeeze_net_tosa.dot,179,0.1,0.5,1.0,0.9,46,891.069723087352,,,,,,,,,,,,,,,,,,,,,637.480688064664,0.7154105582848667,1712.0072722278237,optimize_single_point_makespan,637.480688064664,184.7200367450714,627.3140583227248,637.480688064664,637.480688064664,637.480688064664,,,,,,,,,,,,,,,,,True,True,False,0.0,,8392.615741902817,8394.426623429536,Valid solution; no area repair needed.,,,,,,,,,,,,,,,,,,,,,,,,,,,,,,,,,,,,,,,,,,,,,,,,,,,,,,,,,,,,,,,,,,,,,,,,,,,,,,,,,,,,,,,,,,,,,,,,,,,,,,,,,,,,,,,,,,,,,,,,,,,,,,,,,,,,,,,,,,,,,,,,,,,,,,,,,,,,,,,,,,,,,,,,,,,,
2026-04-08 17:36:32,20260408-145155,squeeze_net_tosa_area-0.90_hwscale-0.10_hwvar-0.50_comm-1.00_seed-47,inputs/task_graph_topology/soda-benchmark-graphs/pytorch-graphs/squeeze_net_tosa.dot,179,0.1,0.5,1.0,0.9,47,897.9128028241038,,,,,,,,,,,,,,,,,,,,,1447.942064776965,1.6125642269749538,2443.103516271776,optimize_single_point_makespan,1447.942064776965,217.16042137146,1327.4548636400857,1447.942064776965,1561.23811987616,1447.942064776965,,,,,,,,,,,,,,,,,True,True,False,0.0,,8444.893480322537,8461.099110201927,Valid solution; no area repair needed.,,,,,,,,,,,,,,,,,,,,,,,,,,,,,,,,,,,,,,,,,,,,,,,,,,,,,,,,,,,,,,,,,,,,,,,,,,,,,,,,,,,,,,,,,,,,,,,,,,,,,,,,,,,,,,,,,,,,,,,,,,,,,,,,,,,,,,,,,,,,,,,,,,,,,,,,,,,,,,,,,,,,,,,,,,,,
2026-04-08 17:39:54,20260408-145155,squeeze_net_tosa_area-0.90_hwscale-0.10_hwvar-0.50_comm-1.00_seed-48,inputs/task_graph_topology/soda-benchmark-graphs/pytorch-graphs/squeeze_net_tosa.dot,179,0.1,0.5,1.0,0.9,48,868.9695660295871,,,,,,,,,,,,,,,,,,,,,851.0704107790818,0.9794018617564612,1742.0294797829365,optimize_single_point_makespan,851.0704107790818,201.75885486602783,837.8731341655093,851.0704107790818,851.0704107790818,851.0704107790818,,,,,,,,,,,,,,,,,True,True,False,0.0,,9158.503538695057,9165.53015541841,Valid solution; no area repair needed.,,,,,,,,,,,,,,,,,,,,,,,,,,,,,,,,,,,,,,,,,,,,,,,,,,,,,,,,,,,,,,,,,,,,,,,,,,,,,,,,,,,,,,,,,,,,,,,,,,,,,,,,,,,,,,,,,,,,,,,,,,,,,,,,,,,,,,,,,,,,,,,,,,,,,,,,,,,,,,,,,,,,,,,,,,,,
2026-04-08 17:42:54,20260408-145155,squeeze_net_tosa_area-0.90_hwscale-0.10_hwvar-0.50_comm-1.00_seed-49,inputs/task_graph_topology/soda-benchmark-graphs/pytorch-graphs/squeeze_net_tosa.dot,179,0.1,0.5,1.0,0.9,49,878.2221206056221,,,,,,,,,,,,,,,,,,,,,1226.0798240507163,1.3960930785997645,2172.040495364909,optimize_single_point_makespan,1226.0798240507163,179.93910956382751,1154.8427686479415,1226.0798240507163,1393.918602595384,1226.0798240507163,,,,,,,,,,,,,,,,,True,True,False,0.0,,7720.675360027992,7722.605077677997,Valid solution; no area repair needed.,,,,,,,,,,,,,,,,,,,,,,,,,,,,,,,,,,,,,,,,,,,,,,,,,,,,,,,,,,,,,,,,,,,,,,,,,,,,,,,,,,,,,,,,,,,,,,,,,,,,,,,,,,,,,,,,,,,,,,,,,,,,,,,,,,,,,,,,,,,,,,,,,,,,,,,,,,,,,,,,,,,,,,,,,,,,
2026-04-08 17:46:25,20260408-145155,squeeze_net_tosa_area-0.90_hwscale-0.10_hwvar-0.50_comm-1.00_seed-50,inputs/task_graph_topology/soda-benchmark-graphs/pytorch-graphs/squeeze_net_tosa.dot,179,0.1,0.5,1.0,0.9,50,829.0647762352121,,,,,,,,,,,,,,,,,,,,,1083.850657393662,1.3073172187044708,2169.1800858678894,optimize_single_point_makespan,1083.850657393662,210.38498759269717,1030.3181256325472,1083.850657393662,1083.850657393662,1083.850657393662,,,,,,,,,,,,,,,,,True,True,False,0.0,,8261.415869774472,8262.352362747713,Valid solution; no area repair needed.,,,,,,,,,,,,,,,,,,,,,,,,,,,,,,,,,,,,,,,,,,,,,,,,,,,,,,,,,,,,,,,,,,,,,,,,,,,,,,,,,,,,,,,,,,,,,,,,,,,,,,,,,,,,,,,,,,,,,,,,,,,,,,,,,,,,,,,,,,,,,,,,,,,,,,,,,,,,,,,,,,,,,,,,,,,,
2026-04-08 17:50:43,20260408-145155,squeeze_net_tosa_area-0.90_hwscale-0.10_hwvar-0.50_comm-1.00_seed-51,inputs/task_graph_topology/soda-benchmark-graphs/pytorch-graphs/squeeze_net_tosa.dot,179,0.1,0.5,1.0,0.9,51,969.4998945368148,,,,,,,,,,,,,,,,,,,,,1107.0337996716407,1.1418606705476062,2348.368940339014,optimize_single_point_makespan,1107.0337996716407,257.15159153938293,1022.7553265998772,1107.0337996716407,1551.8404237993038,1107.0337996716407,,,,,,,,,,,,,,,,,True,True,False,0.0,,7747.433696837534,7792.742029044332,Valid solution; no area repair needed.,,,,,,,,,,,,,,,,,,,,,,,,,,,,,,,,,,,,,,,,,,,,,,,,,,,,,,,,,,,,,,,,,,,,,,,,,,,,,,,,,,,,,,,,,,,,,,,,,,,,,,,,,,,,,,,,,,,,,,,,,,,,,,,,,,,,,,,,,,,,,,,,,,,,,,,,,,,,,,,,,,,,,,,,,,,,
2026-04-10 18:05:44,20260410-180015,squeeze_net_tosa_area-0.10_hwscale-0.10_hwvar-0.50_comm-1.00_seed-42,inputs/task_graph_topology/soda-benchmark-graphs/pytorch-graphs/squeeze_net_tosa.dot,179,0.1,0.5,1.0,0.1,42,863.2964840752181,,,,,,,,,,,,,,,,,,,,,,,,,,,,,,,,,,,,,,,,,,,,,,,,,,,,,,,,,,,,,,,,,8654.441082887064,10.024877017955063,12046.826598152224,optimize_single_point_makespan,9549.165842456787,0.8585224151611328,8894.538994489474,9549.165842456787,,8894.538994489474,8671.958553309743,10.04516839032344,8671.958553309745,optimize_swarm_makespan_lssp,8671.958553309743,31.789708375930786,8671.958553309743,8671.958553309743,,8671.958553309743,8671.958553309743,10.04516839032344,8671.958553309745,optimize_random_makespan_lssp,8671.958553309743,194.3509726524353,8671.958553309743,8671.958553309743,,8671.958553309743,8671.958553309743,10.04516839032344,8671.958553309745,optimize_single_point_makespan_lssp,8671.958553309743,0.07006454467773438,8671.958553309743,8671.958553309743,,8671.958553309743,8671.958553309743,10.04516839032344,8671.958553309745,optimize_single_point_makespan_lssp,8671.958553309743,0.06608271598815918,8671.958553309743,8671.958553309743,,8671.958553309743,8671.958553309743,10.04516839032344,8671.958553309745,optimize_single_point_makespan_lssp,8671.958553309743,0.8409569263458252,8671.958553309743,8671.958553309743,,8671.958553309743,8671.958553309743,10.04516839032344,8671.958553309745,optimize_single_point_makespan_lssp,8671.958553309743,3.5899252891540527,8671.958553309743,8671.958553309743,,8671.958553309743,8671.958553309743,10.04516839032344,8671.958553309745,optimize_single_point_makespan_lssp,8671.958553309743,3.462017059326172,8671.958553309743,8671.958553309743,,8671.958553309743,8671.958553309743,10.04516839032344,8671.958553309745,optimize_single_point_makespan_lssp,8671.958553309743,1.8772740364074707,8671.958553309743,8671.958553309743,,8671.958553309743,True,True,False,0,,0.0,966.3818271271789,Valid solution; no area repair needed.,True,True,False,0,,964.7562345146691,966.3818271271789,Valid solution; no area repair needed.,True,True,False,0,,0.0,966.3818271271789,Valid solution; no area repair needed.,True,True,False,0,,0.0,966.3818271271789,Valid solution; no area repair needed.,True,True,False,0,,0.0,966.3818271271789,Valid solution; no area repair needed.,True,True,False,0,,0.0,966.3818271271789,Valid solution; no area repair needed.,True,True,False,0,,0.0,966.3818271271789,Valid solution; no area repair needed.,True,True,False,0,,0.0,966.3818271271789,Valid solution; no area repair needed.,True,True,False,0,,0.0,966.3818271271789,Valid solution; no area repair needed.
2026-04-10 18:09:42,20260410-180015,squeeze_net_tosa_area-0.10_hwscale-0.10_hwvar-0.50_comm-1.00_seed-43,inputs/task_graph_topology/soda-benchmark-graphs/pytorch-graphs/squeeze_net_tosa.dot,179,0.1,0.5,1.0,0.1,43,924.8477550363816,,,,,,,,,,,,,,,,,,,,,,,,,,,,,,,,,,,,,,,,,,,,,,,,,,,,,,,,,,,,,,,,,9211.593475920747,9.960118760907173,9211.593475920747,optimize_single_point_makespan,9211.593475920748,0.5127699375152588,9211.593475920747,9211.593475920748,,9211.593475920747,9211.593475920748,9.960118760907175,9211.593475920747,optimize_swarm_makespan_lssp,9211.593475920748,31.75033926963806,9211.593475920747,9211.593475920748,,9211.593475920747,9211.593475920748,9.960118760907175,9211.593475920747,optimize_random_makespan_lssp,9211.593475920748,194.75622606277466,9211.593475920747,9211.593475920748,,9211.593475920747,9211.593475920748,9.960118760907175,9211.593475920747,optimize_single_point_makespan_lssp,9211.593475920748,0.07034158706665039,9211.593475920747,9211.593475920748,,9211.593475920747,9211.593475920748,9.960118760907175,9211.593475920747,optimize_single_point_makespan_lssp,9211.593475920748,0.06534743309020996,9211.593475920747,9211.593475920748,,9211.593475920747,9211.593475920748,9.960118760907175,9211.593475920747,optimize_single_point_makespan_lssp,9211.593475920748,0.8373560905456543,9211.593475920747,9211.593475920748,,9211.593475920747,9211.593475920748,9.960118760907175,9211.593475920747,optimize_single_point_makespan_lssp,9211.593475920748,3.6018459796905518,9211.593475920747,9211.593475920748,,9211.593475920747,9211.593475920748,9.960118760907175,9211.593475920747,optimize_single_point_makespan_lssp,9211.593475920748,3.461549758911133,9211.593475920747,9211.593475920748,,9211.593475920747,9211.593475920748,9.960118760907175,9211.593475920747,optimize_single_point_makespan_lssp,9211.593475920748,1.879633903503418,9211.593475920747,9211.593475920748,,9211.593475920747,True,True,False,0,,0.0,845.4525339200999,Valid solution; no area repair needed.,True,True,False,0,,0.0,845.4525339200999,Valid solution; no area repair needed.,True,True,False,0,,0.0,845.4525339200999,Valid solution; no area repair needed.,True,True,False,0,,0.0,845.4525339200999,Valid solution; no area repair needed.,True,True,False,0,,0.0,845.4525339200999,Valid solution; no area repair needed.,True,True,False,0,,0.0,845.4525339200999,Valid solution; no area repair needed.,True,True,False,0,,0.0,845.4525339200999,Valid solution; no area repair needed.,True,True,False,0,,0.0,845.4525339200999,Valid solution; no area repair needed.,True,True,False,0,,0.0,845.4525339200999,Valid solution; no area repair needed.
2026-04-10 18:13:40,20260410-180015,squeeze_net_tosa_area-0.10_hwscale-0.10_hwvar-0.50_comm-1.00_seed-44,inputs/task_graph_topology/soda-benchmark-graphs/pytorch-graphs/squeeze_net_tosa.dot,179,0.1,0.5,1.0,0.1,44,880.3975676869239,,,,,,,,,,,,,,,,,,,,,,,,,,,,,,,,,,,,,,,,,,,,,,,,,,,,,,,,,,,,,,,,,8543.037518026596,9.703613266983224,8543.037518026593,optimize_single_point_makespan,8543.037518026596,0.5129408836364746,8543.037518026596,8543.037518026596,,8543.037518026596,8543.037518026596,9.703613266983224,8543.037518026593,optimize_swarm_makespan_lssp,8543.037518026596,31.912350177764893,8543.037518026596,8543.037518026596,,8543.037518026596,8543.037518026596,9.703613266983224,8543.037518026593,optimize_random_makespan_lssp,8543.037518026596,195.26410818099976,8543.037518026596,8543.037518026596,,8543.037518026596,8543.037518026596,9.703613266983224,8543.037518026593,optimize_single_point_makespan_lssp,8543.037518026596,0.0697774887084961,8543.037518026596,8543.037518026596,,8543.037518026596,8543.037518026596,9.703613266983224,8543.037518026593,optimize_single_point_makespan_lssp,8543.037518026596,0.06609678268432617,8543.037518026596,8543.037518026596,,8543.037518026596,8543.037518026596,9.703613266983224,8543.037518026593,optimize_single_point_makespan_lssp,8543.037518026596,0.8363111019134521,8543.037518026596,8543.037518026596,,8543.037518026596,8543.037518026596,9.703613266983224,8543.037518026593,optimize_single_point_makespan_lssp,8543.037518026596,3.5679373741149902,8543.037518026596,8543.037518026596,,8543.037518026596,8543.037518026596,9.703613266983224,8543.037518026593,optimize_single_point_makespan_lssp,8543.037518026596,3.4626832008361816,8543.037518026596,8543.037518026596,,8543.037518026596,8543.037518026596,9.703613266983224,8543.037518026593,optimize_single_point_makespan_lssp,8543.037518026596,1.8877074718475342,8543.037518026596,8543.037518026596,,8543.037518026596,True,True,False,0,,0.0,878.4039022935748,Valid solution; no area repair needed.,True,True,False,0,,0.0,878.4039022935748,Valid solution; no area repair needed.,True,True,False,0,,0.0,878.4039022935748,Valid solution; no area repair needed.,True,True,False,0,,0.0,878.4039022935748,Valid solution; no area repair needed.,True,True,False,0,,0.0,878.4039022935748,Valid solution; no area repair needed.,True,True,False,0,,0.0,878.4039022935748,Valid solution; no area repair needed.,True,True,False,0,,0.0,878.4039022935748,Valid solution; no area repair needed.,True,True,False,0,,0.0,878.4039022935748,Valid solution; no area repair needed.,True,True,False,0,,0.0,878.4039022935748,Valid solution; no area repair needed.
2026-04-10 18:17:37,20260410-180015,squeeze_net_tosa_area-0.10_hwscale-0.10_hwvar-0.50_comm-1.00_seed-45,inputs/task_graph_topology/soda-benchmark-graphs/pytorch-graphs/squeeze_net_tosa.dot,179,0.1,0.5,1.0,0.1,45,944.9410604384876,,,,,,,,,,,,,,,,,,,,,,,,,,,,,,,,,,,,,,,,,,,,,,,,,,,,,,,,,,,,,,,,,9334.125936923414,9.877998033646707,9334.125936923407,optimize_single_point_makespan,9334.125936923414,0.5141639709472656,9334.125936923414,9334.125936923414,,9334.125936923414,9334.125936923414,9.877998033646707,9334.125936923407,optimize_swarm_makespan_lssp,9334.125936923414,31.80045247077942,9334.125936923414,9334.125936923414,,9334.125936923414,9334.125936923414,9.877998033646707,9334.125936923407,optimize_random_makespan_lssp,9334.125936923414,195.1651427745819,9334.125936923414,9334.125936923414,,9334.125936923414,9334.125936923414,9.877998033646707,9334.125936923407,optimize_single_point_makespan_lssp,9334.125936923414,0.07079696655273438,9334.125936923414,9334.125936923414,,9334.125936923414,9334.125936923414,9.877998033646707,9334.125936923407,optimize_single_point_makespan_lssp,9334.125936923414,0.06674599647521973,9334.125936923414,9334.125936923414,,9334.125936923414,9334.125936923414,9.877998033646707,9334.125936923407,optimize_single_point_makespan_lssp,9334.125936923414,0.8401153087615967,9334.125936923414,9334.125936923414,,9334.125936923414,9334.125936923414,9.877998033646707,9334.125936923407,optimize_single_point_makespan_lssp,9334.125936923414,3.5683488845825195,9334.125936923414,9334.125936923414,,9334.125936923414,9334.125936923414,9.877998033646707,9334.125936923407,optimize_single_point_makespan_lssp,9334.125936923414,3.4387547969818115,9334.125936923414,9334.125936923414,,9334.125936923414,9334.125936923414,9.877998033646707,9334.125936923407,optimize_single_point_makespan_lssp,9334.125936923414,1.8945927619934082,9334.125936923414,9334.125936923414,,9334.125936923414,True,True,False,0,,0.0,920.3750576829184,Valid solution; no area repair needed.,True,True,False,0,,0.0,920.3750576829184,Valid solution; no area repair needed.,True,True,False,0,,0.0,920.3750576829184,Valid solution; no area repair needed.,True,True,False,0,,0.0,920.3750576829184,Valid solution; no area repair needed.,True,True,False,0,,0.0,920.3750576829184,Valid solution; no area repair needed.,True,True,False,0,,0.0,920.3750576829184,Valid solution; no area repair needed.,True,True,False,0,,0.0,920.3750576829184,Valid solution; no area repair needed.,True,True,False,0,,0.0,920.3750576829184,Valid solution; no area repair needed.,True,True,False,0,,0.0,920.3750576829184,Valid solution; no area repair needed.
2026-04-10 18:21:35,20260410-180015,squeeze_net_tosa_area-0.10_hwscale-0.10_hwvar-0.50_comm-1.00_seed-46,inputs/task_graph_topology/soda-benchmark-graphs/pytorch-graphs/squeeze_net_tosa.dot,179,0.1,0.5,1.0,0.1,46,891.069723087352,,,,,,,,,,,,,,,,,,,,,,,,,,,,,,,,,,,,,,,,,,,,,,,,,,,,,,,,,,,,,,,,,8626.334793531425,9.680875211025189,8626.334793531423,optimize_single_point_makespan,8626.334793531425,0.5027430057525635,8626.334793531425,8626.334793531425,,8626.334793531425,8626.334793531425,9.680875211025189,8626.334793531423,optimize_swarm_makespan_lssp,8626.334793531425,31.846431255340576,8626.334793531425,8626.334793531425,,8626.334793531425,8626.334793531425,9.680875211025189,8626.334793531423,optimize_random_makespan_lssp,8626.334793531425,194.69781970977783,8626.334793531425,8626.334793531425,,8626.334793531425,8626.334793531425,9.680875211025189,8626.334793531423,optimize_single_point_makespan_lssp,8626.334793531425,0.0707402229309082,8626.334793531425,8626.334793531425,,8626.334793531425,8626.334793531425,9.680875211025189,8626.334793531423,optimize_single_point_makespan_lssp,8626.334793531425,0.06698799133300781,8626.334793531425,8626.334793531425,,8626.334793531425,8626.334793531425,9.680875211025189,8626.334793531423,optimize_single_point_makespan_lssp,8626.334793531425,0.8399069309234619,8626.334793531425,8626.334793531425,,8626.334793531425,8626.334793531425,9.680875211025189,8626.334793531423,optimize_single_point_makespan_lssp,8626.334793531425,3.5943689346313477,8626.334793531425,8626.334793531425,,8626.334793531425,8626.334793531425,9.680875211025189,8626.334793531423,optimize_single_point_makespan_lssp,8626.334793531425,3.45536208152771,8626.334793531425,8626.334793531425,,8626.334793531425,8626.334793531425,9.680875211025189,8626.334793531423,optimize_single_point_makespan_lssp,8626.334793531425,1.8975718021392822,8626.334793531425,8626.334793531425,,8626.334793531425,True,True,False,0,,0.0,932.7140692699485,Valid solution; no area repair needed.,True,True,False,0,,0.0,932.7140692699485,Valid solution; no area repair needed.,True,True,False,0,,0.0,932.7140692699485,Valid solution; no area repair needed.,True,True,False,0,,0.0,932.7140692699485,Valid solution; no area repair needed.,True,True,False,0,,0.0,932.7140692699485,Valid solution; no area repair needed.,True,True,False,0,,0.0,932.7140692699485,Valid solution; no area repair needed.,True,True,False,0,,0.0,932.7140692699485,Valid solution; no area repair needed.,True,True,False,0,,0.0,932.7140692699485,Valid solution; no area repair needed.,True,True,False,0,,0.0,932.7140692699485,Valid solution; no area repair needed.
2026-04-10 18:25:33,20260410-180015,squeeze_net_tosa_area-0.10_hwscale-0.10_hwvar-0.50_comm-1.00_seed-47,inputs/task_graph_topology/soda-benchmark-graphs/pytorch-graphs/squeeze_net_tosa.dot,179,0.1,0.5,1.0,0.1,47,897.9128028241038,,,,,,,,,,,,,,,,,,,,,,,,,,,,,,,,,,,,,,,,,,,,,,,,,,,,,,,,,,,,,,,,,8733.303273041522,9.726226472741727,11420.946542486667,optimize_single_point_makespan,9752.903567437643,0.5125160217285156,8739.927777137524,9752.903567437643,,8739.927777137524,8957.762373480502,9.97620520089107,8957.7623734805,optimize_swarm_makespan_lssp,8957.762373480502,31.950568437576294,8957.762373480504,8957.762373480502,,8957.762373480502,8957.762373480502,9.97620520089107,8957.7623734805,optimize_random_makespan_lssp,8957.762373480502,195.70895552635193,8957.762373480504,8957.762373480502,,8957.762373480502,8957.762373480502,9.97620520089107,8957.7623734805,optimize_single_point_makespan_lssp,8957.762373480502,0.07132935523986816,8957.762373480504,8957.762373480502,,8957.762373480502,8957.762373480502,9.97620520089107,8957.7623734805,optimize_single_point_makespan_lssp,8957.762373480502,0.06714630126953125,8957.762373480504,8957.762373480502,,8957.762373480502,8957.762373480502,9.97620520089107,8957.7623734805,optimize_single_point_makespan_lssp,8957.762373480502,0.8381462097167969,8957.762373480504,8957.762373480502,,8957.762373480502,8957.762373480502,9.97620520089107,8957.7623734805,optimize_single_point_makespan_lssp,8957.762373480502,3.595106601715088,8957.762373480504,8957.762373480502,,8957.762373480502,8957.762373480502,9.97620520089107,8957.7623734805,optimize_single_point_makespan_lssp,8957.762373480502,3.4751880168914795,8957.762373480504,8957.762373480502,,8957.762373480502,8957.762373480502,9.97620520089107,8957.7623734805,optimize_single_point_makespan_lssp,8957.762373480502,1.8898215293884277,8957.762373480504,8957.762373480502,,8957.762373480502,True,True,False,0,,0.0,940.1221233557698,Valid solution; no area repair needed.,True,True,False,0,,939.4866520575198,940.1221233557698,Valid solution; no area repair needed.,True,True,False,0,,0.0,940.1221233557698,Valid solution; no area repair needed.,True,True,False,0,,0.0,940.1221233557698,Valid solution; no area repair needed.,True,True,False,0,,0.0,940.1221233557698,Valid solution; no area repair needed.,True,True,False,0,,0.0,940.1221233557698,Valid solution; no area repair needed.,True,True,False,0,,0.0,940.1221233557698,Valid solution; no area repair needed.,True,True,False,0,,0.0,940.1221233557698,Valid solution; no area repair needed.,True,True,False,0,,0.0,940.1221233557698,Valid solution; no area repair needed.
2026-04-10 18:29:31,20260410-180015,squeeze_net_tosa_area-0.10_hwscale-0.10_hwvar-0.50_comm-1.00_seed-48,inputs/task_graph_topology/soda-benchmark-graphs/pytorch-graphs/squeeze_net_tosa.dot,179,0.1,0.5,1.0,0.1,48,868.9695660295871,,,,,,,,,,,,,,,,,,,,,,,,,,,,,,,,,,,,,,,,,,,,,,,,,,,,,,,,,,,,,,,,,8385.597047261868,9.650046877448814,13643.907288828188,optimize_single_point_makespan,9468.573345390578,0.5077555179595947,8506.317971819386,9468.573345390578,,8506.317971819386,8532.057671109735,9.818592048158372,8532.057671109736,optimize_swarm_makespan_lssp,8532.057671109735,31.917399883270264,8532.057671109735,8532.057671109735,,8532.057671109735,8532.057671109735,9.818592048158372,8532.057671109736,optimize_random_makespan_lssp,8532.057671109735,194.66555762290955,8532.057671109735,8532.057671109735,,8532.057671109735,8532.057671109735,9.818592048158372,8532.057671109736,optimize_single_point_makespan_lssp,8532.057671109735,0.0705711841583252,8532.057671109735,8532.057671109735,,8532.057671109735,8532.057671109735,9.818592048158372,8532.057671109736,optimize_single_point_makespan_lssp,8532.057671109735,0.06730484962463379,8532.057671109735,8532.057671109735,,8532.057671109735,8532.057671109735,9.818592048158372,8532.057671109736,optimize_single_point_makespan_lssp,8532.057671109735,0.833158016204834,8532.057671109735,8532.057671109735,,8532.057671109735,8532.057671109735,9.818592048158372,8532.057671109736,optimize_single_point_makespan_lssp,8532.057671109735,3.5907142162323,8532.057671109735,8532.057671109735,,8532.057671109735,8532.057671109735,9.818592048158372,8532.057671109736,optimize_single_point_makespan_lssp,8532.057671109735,3.4584202766418457,8532.057671109735,8532.057671109735,,8532.057671109735,8532.057671109735,9.818592048158372,8532.057671109736,optimize_single_point_makespan_lssp,8532.057671109735,1.87754487991333,8532.057671109735,8532.057671109735,,8532.057671109735,True,True,False,0,,0.0,1018.3922394909346,Valid solution; no area repair needed.,True,True,False,0,,1017.6699661012364,1018.3922394909346,Valid solution; no area repair needed.,True,True,False,0,,0.0,1018.3922394909346,Valid solution; no area repair needed.,True,True,False,0,,0.0,1018.3922394909346,Valid solution; no area repair needed.,True,True,False,0,,0.0,1018.3922394909346,Valid solution; no area repair needed.,True,True,False,0,,0.0,1018.3922394909346,Valid solution; no area repair needed.,True,True,False,0,,0.0,1018.3922394909346,Valid solution; no area repair needed.,True,True,False,0,,0.0,1018.3922394909346,Valid solution; no area repair needed.,True,True,False,0,,0.0,1018.3922394909346,Valid solution; no area repair needed.
2026-04-10 18:33:28,20260410-180015,squeeze_net_tosa_area-0.10_hwscale-0.10_hwvar-0.50_comm-1.00_seed-49,inputs/task_graph_topology/soda-benchmark-graphs/pytorch-graphs/squeeze_net_tosa.dot,179,0.1,0.5,1.0,0.1,49,878.2221206056221,,,,,,,,,,,,,,,,,,,,,,,,,,,,,,,,,,,,,,,,,,,,,,,,,,,,,,,,,,,,,,,,,8906.300060495521,10.14128413704011,8906.300060495514,optimize_single_point_makespan,8906.300060495521,0.49959540367126465,8906.300060495521,8906.300060495521,,8906.300060495521,8906.300060495521,10.14128413704011,8906.300060495514,optimize_swarm_makespan_lssp,8906.300060495521,31.81848120689392,8906.300060495521,8906.300060495521,,8906.300060495521,8906.300060495521,10.14128413704011,8906.300060495514,optimize_random_makespan_lssp,8906.300060495521,194.93385434150696,8906.300060495521,8906.300060495521,,8906.300060495521,8906.300060495521,10.14128413704011,8906.300060495514,optimize_single_point_makespan_lssp,8906.300060495521,0.0708622932434082,8906.300060495521,8906.300060495521,,8906.300060495521,8906.300060495521,10.14128413704011,8906.300060495514,optimize_single_point_makespan_lssp,8906.300060495521,0.06689882278442383,8906.300060495521,8906.300060495521,,8906.300060495521,8906.300060495521,10.14128413704011,8906.300060495514,optimize_single_point_makespan_lssp,8906.300060495521,0.831773042678833,8906.300060495521,8906.300060495521,,8906.300060495521,8906.300060495521,10.14128413704011,8906.300060495514,optimize_single_point_makespan_lssp,8906.300060495521,3.598815441131592,8906.300060495521,8906.300060495521,,8906.300060495521,8906.300060495521,10.14128413704011,8906.300060495514,optimize_single_point_makespan_lssp,8906.300060495521,3.457552909851074,8906.300060495521,8906.300060495521,,8906.300060495521,8906.300060495521,10.14128413704011,8906.300060495514,optimize_single_point_makespan_lssp,8906.300060495521,1.884390115737915,8906.300060495521,8906.300060495521,,8906.300060495521,True,True,False,0,,0.0,858.0672308531108,Valid solution; no area repair needed.,True,True,False,0,,0.0,858.0672308531108,Valid solution; no area repair needed.,True,True,False,0,,0.0,858.0672308531108,Valid solution; no area repair needed.,True,True,False,0,,0.0,858.0672308531108,Valid solution; no area repair needed.,True,True,False,0,,0.0,858.0672308531108,Valid solution; no area repair needed.,True,True,False,0,,0.0,858.0672308531108,Valid solution; no area repair needed.,True,True,False,0,,0.0,858.0672308531108,Valid solution; no area repair needed.,True,True,False,0,,0.0,858.0672308531108,Valid solution; no area repair needed.,True,True,False,0,,0.0,858.0672308531108,Valid solution; no area repair needed.
2026-04-10 18:37:26,20260410-180015,squeeze_net_tosa_area-0.10_hwscale-0.10_hwvar-0.50_comm-1.00_seed-50,inputs/task_graph_topology/soda-benchmark-graphs/pytorch-graphs/squeeze_net_tosa.dot,179,0.1,0.5,1.0,0.1,50,829.0647762352121,,,,,,,,,,,,,,,,,,,,,,,,,,,,,,,,,,,,,,,,,,,,,,,,,,,,,,,,,,,,,,,,,8791.053987688198,10.603579164957923,8791.053987688196,optimize_single_point_makespan,8791.053987688198,0.5048980712890625,8791.053987688198,8791.053987688198,,8791.053987688198,8791.053987688198,10.603579164957923,8791.053987688196,optimize_swarm_makespan_lssp,8791.053987688198,31.891578435897827,8791.053987688198,8791.053987688198,,8791.053987688198,8791.053987688198,10.603579164957923,8791.053987688196,optimize_random_makespan_lssp,8791.053987688198,194.7504153251648,8791.053987688198,8791.053987688198,,8791.053987688198,8791.053987688198,10.603579164957923,8791.053987688196,optimize_single_point_makespan_lssp,8791.053987688198,0.07145166397094727,8791.053987688198,8791.053987688198,,8791.053987688198,8791.053987688198,10.603579164957923,8791.053987688196,optimize_single_point_makespan_lssp,8791.053987688198,0.06707525253295898,8791.053987688198,8791.053987688198,,8791.053987688198,8791.053987688198,10.603579164957923,8791.053987688196,optimize_single_point_makespan_lssp,8791.053987688198,0.834251880645752,8791.053987688198,8791.053987688198,,8791.053987688198,8791.053987688198,10.603579164957923,8791.053987688196,optimize_single_point_makespan_lssp,8791.053987688198,3.5864508152008057,8791.053987688198,8791.053987688198,,8791.053987688198,8791.053987688198,10.603579164957923,8791.053987688196,optimize_single_point_makespan_lssp,8791.053987688198,3.4530811309814453,8791.053987688198,8791.053987688198,,8791.053987688198,8791.053987688198,10.603579164957923,8791.053987688196,optimize_single_point_makespan_lssp,8791.053987688198,1.8808119297027588,8791.053987688198,8791.053987688198,,8791.053987688198,True,True,False,0,,0.0,918.0391514164127,Valid solution; no area repair needed.,True,True,False,0,,0.0,918.0391514164127,Valid solution; no area repair needed.,True,True,False,0,,0.0,918.0391514164127,Valid solution; no area repair needed.,True,True,False,0,,0.0,918.0391514164127,Valid solution; no area repair needed.,True,True,False,0,,0.0,918.0391514164127,Valid solution; no area repair needed.,True,True,False,0,,0.0,918.0391514164127,Valid solution; no area repair needed.,True,True,False,0,,0.0,918.0391514164127,Valid solution; no area repair needed.,True,True,False,0,,0.0,918.0391514164127,Valid solution; no area repair needed.,True,True,False,0,,0.0,918.0391514164127,Valid solution; no area repair needed.
2026-04-10 18:41:23,20260410-180015,squeeze_net_tosa_area-0.10_hwscale-0.10_hwvar-0.50_comm-1.00_seed-51,inputs/task_graph_topology/soda-benchmark-graphs/pytorch-graphs/squeeze_net_tosa.dot,179,0.1,0.5,1.0,0.1,51,969.4998945368147,,,,,,,,,,,,,,,,,,,,,,,,,,,,,,,,,,,,,,,,,,,,,,,,,,,,,,,,,,,,,,,,,9845.012344421515,10.154732764695181,13559.398289967698,optimize_single_point_makespan,10195.865797916496,0.5115978717803955,9845.012344421515,10195.865797916496,,9845.012344421515,10010.557015369945,10.325485409312558,10010.557015369946,optimize_swarm_makespan_lssp,10010.557015369945,31.8381986618042,10010.557015369945,10010.557015369945,,10010.557015369945,10010.557015369945,10.325485409312558,10010.557015369946,optimize_random_makespan_lssp,10010.557015369945,194.50010538101196,10010.557015369945,10010.557015369945,,10010.557015369945,10010.557015369945,10.325485409312558,10010.557015369946,optimize_single_point_makespan_lssp,10010.557015369945,0.07157731056213379,10010.557015369945,10010.557015369945,,10010.557015369945,10010.557015369945,10.325485409312558,10010.557015369946,optimize_single_point_makespan_lssp,10010.557015369945,0.06671524047851562,10010.557015369945,10010.557015369945,,10010.557015369945,10010.557015369945,10.325485409312558,10010.557015369946,optimize_single_point_makespan_lssp,10010.557015369945,0.830552339553833,10010.557015369945,10010.557015369945,,10010.557015369945,10010.557015369945,10.325485409312558,10010.557015369946,optimize_single_point_makespan_lssp,10010.557015369945,3.605592966079712,10010.557015369945,10010.557015369945,,10010.557015369945,10010.557015369945,10.325485409312558,10010.557015369946,optimize_single_point_makespan_lssp,10010.557015369945,3.452061891555786,10010.557015369945,10010.557015369945,,10010.557015369945,10010.557015369945,10.325485409312558,10010.557015369946,optimize_single_point_makespan_lssp,10010.557015369945,1.8842387199401855,10010.557015369945,10010.557015369945,,10010.557015369945,True,True,False,0,,0.0,865.8602254493703,Valid solution; no area repair needed.,True,True,False,0,,865.8590055965833,865.8602254493703,Valid solution; no area repair needed.,True,True,False,0,,0.0,865.8602254493703,Valid solution; no area repair needed.,True,True,False,0,,0.0,865.8602254493703,Valid solution; no area repair needed.,True,True,False,0,,0.0,865.8602254493703,Valid solution; no area repair needed.,True,True,False,0,,0.0,865.8602254493703,Valid solution; no area repair needed.,True,True,False,0,,0.0,865.8602254493703,Valid solution; no area repair needed.,True,True,False,0,,0.0,865.8602254493703,Valid solution; no area repair needed.,True,True,False,0,,0.0,865.8602254493703,Valid solution; no area repair needed.
2026-04-10 18:49:12,20260410-180015,squeeze_net_tosa_area-0.30_hwscale-0.10_hwvar-0.50_comm-1.00_seed-42,inputs/task_graph_topology/soda-benchmark-graphs/pytorch-graphs/squeeze_net_tosa.dot,179,0.1,0.5,1.0,0.3,42,863.2964840752181,,,,,,,,,,,,,,,,,,,,,,,,,,,,,,,,,,,,,,,,,,,,,,,,,,,,,,,,,,,,,,,,,7673.509419653494,8.888614237637633,12941.335773635188,optimize_single_point_makespan,10386.07002560537,0.5105376243591309,7685.553084839486,10386.07002560537,,7685.553084839486,7413.138965612192,8.587013966069035,10561.479459373393,optimize_swarm_makespan_lssp,7413.138965612192,263.42458033561707,7490.363195184013,7413.138965612192,,7413.138965612192,8671.958553309743,10.04516839032344,8671.958553309745,optimize_random_makespan_lssp,8671.958553309743,195.01298141479492,8671.958553309743,8671.958553309743,,8671.958553309743,8671.958553309743,10.04516839032344,8671.958553309745,optimize_single_point_makespan_lssp,8671.958553309743,0.0709221363067627,8671.958553309743,8671.958553309743,,8671.958553309743,8671.958553309743,10.04516839032344,8671.958553309745,optimize_single_point_makespan_lssp,8671.958553309743,0.06690025329589844,8671.958553309743,8671.958553309743,,8671.958553309743,8671.958553309743,10.04516839032344,8671.958553309745,optimize_single_point_makespan_lssp,8671.958553309743,0.8405373096466064,8671.958553309743,8671.958553309743,,8671.958553309743,8671.958553309743,10.04516839032344,8671.958553309745,optimize_single_point_makespan_lssp,8671.958553309743,3.5900590419769287,8671.958553309743,8671.958553309743,,8671.958553309743,8671.958553309743,10.04516839032344,8671.958553309745,optimize_single_point_makespan_lssp,8671.958553309743,3.497772216796875,8671.958553309743,8671.958553309743,,8671.958553309743,8671.958553309743,10.04516839032344,8671.958553309745,optimize_single_point_makespan_lssp,8671.958553309743,1.8838269710540771,8671.958553309743,8671.958553309743,,8671.958553309743,True,True,False,0,,0.0,2899.1454813815362,Valid solution; no area repair needed.,True,True,False,0,,2899.0592681216285,2899.1454813815362,Valid solution; no area repair needed.,True,True,False,0,,0.0,2899.1454813815362,Valid solution; no area repair needed.,True,True,False,0,,1672.8685910023614,2899.1454813815362,Valid solution; no area repair needed.,True,True,False,0,,0.0,2899.1454813815362,Valid solution; no area repair needed.,True,True,False,0,,0.0,2899.1454813815362,Valid solution; no area repair needed.,True,True,False,0,,0.0,2899.1454813815362,Valid solution; no area repair needed.,True,True,False,0,,0.0,2899.1454813815362,Valid solution; no area repair needed.,True,True,False,0,,0.0,2899.1454813815362,Valid solution; no area repair needed.
2026-04-10 18:56:55,20260410-180015,squeeze_net_tosa_area-0.30_hwscale-0.10_hwvar-0.50_comm-1.00_seed-43,inputs/task_graph_topology/soda-benchmark-graphs/pytorch-graphs/squeeze_net_tosa.dot,179,0.1,0.5,1.0,0.3,43,924.8477550363816,,,,,,,,,,,,,,,,,,,,,,,,,,,,,,,,,,,,,,,,,,,,,,,,,,,,,,,,,,,,,,,,,9211.593475920747,9.960118760907173,9211.593475920747,optimize_single_point_makespan,9211.593475920748,0.5187633037567139,9211.593475920747,9211.593475920748,,9211.593475920747,8195.108148000267,8.86103480640215,10522.331357759285,optimize_swarm_makespan_lssp,8195.108148000267,256.5994658470154,8219.40436701626,8195.108148000267,,8195.108148000267,9211.593475920748,9.960118760907175,9211.593475920747,optimize_random_makespan_lssp,9211.593475920748,194.94302988052368,9211.593475920747,9211.593475920748,,9211.593475920747,9211.593475920748,9.960118760907175,9211.593475920747,optimize_single_point_makespan_lssp,9211.593475920748,0.07139444351196289,9211.593475920747,9211.593475920748,,9211.593475920747,9211.593475920748,9.960118760907175,9211.593475920747,optimize_single_point_makespan_lssp,9211.593475920748,0.06654763221740723,9211.593475920747,9211.593475920748,,9211.593475920747,9211.593475920748,9.960118760907175,9211.593475920747,optimize_single_point_makespan_lssp,9211.593475920748,0.832721471786499,9211.593475920747,9211.593475920748,,9211.593475920747,9211.593475920748,9.960118760907175,9211.593475920747,optimize_single_point_makespan_lssp,9211.593475920748,3.6168813705444336,9211.593475920747,9211.593475920748,,9211.593475920747,9211.593475920748,9.960118760907175,9211.593475920747,optimize_single_point_makespan_lssp,9211.593475920748,3.4786555767059326,9211.593475920747,9211.593475920748,,9211.593475920747,9211.593475920748,9.960118760907175,9211.593475920747,optimize_single_point_makespan_lssp,9211.593475920748,1.879835844039917,9211.593475920747,9211.593475920748,,9211.593475920747,True,True,False,0,,0.0,2536.3576017602995,Valid solution; no area repair needed.,True,True,False,0,,0.0,2536.3576017602995,Valid solution; no area repair needed.,True,True,False,0,,0.0,2536.3576017602995,Valid solution; no area repair needed.,True,True,False,0,,874.2344719332676,2536.3576017602995,Valid solution; no area repair needed.,True,True,False,0,,0.0,2536.3576017602995,Valid solution; no area repair needed.,True,True,False,0,,0.0,2536.3576017602995,Valid solution; no area repair needed.,True,True,False,0,,0.0,2536.3576017602995,Valid solution; no area repair needed.,True,True,False,0,,0.0,2536.3576017602995,Valid solution; no area repair needed.,True,True,False,0,,0.0,2536.3576017602995,Valid solution; no area repair needed.
2026-04-10 19:05:15,20260410-180015,squeeze_net_tosa_area-0.30_hwscale-0.10_hwvar-0.50_comm-1.00_seed-44,inputs/task_graph_topology/soda-benchmark-graphs/pytorch-graphs/squeeze_net_tosa.dot,179,0.1,0.5,1.0,0.3,44,880.3975676869239,,,,,,,,,,,,,,,,,,,,,,,,,,,,,,,,,,,,,,,,,,,,,,,,,,,,,,,,,,,,,,,,,8121.021875002344,9.22426659621377,15032.583525218783,optimize_single_point_makespan,11438.500839338021,0.5043840408325195,8186.121213707057,11438.500839338021,,8186.121213707057,6976.529801275327,7.924294724717179,10078.510850227185,optimize_swarm_makespan_lssp,6976.529801275327,294.4605576992035,7034.8811595862735,6976.529801275327,,6976.529801275327,8543.037518026596,9.703613266983224,8543.037518026593,optimize_random_makespan_lssp,8543.037518026596,195.23951029777527,8543.037518026596,8543.037518026596,,8543.037518026596,8543.037518026596,9.703613266983224,8543.037518026593,optimize_single_point_makespan_lssp,8543.037518026596,0.07040524482727051,8543.037518026596,8543.037518026596,,8543.037518026596,8543.037518026596,9.703613266983224,8543.037518026593,optimize_single_point_makespan_lssp,8543.037518026596,0.06761288642883301,8543.037518026596,8543.037518026596,,8543.037518026596,8543.037518026596,9.703613266983224,8543.037518026593,optimize_single_point_makespan_lssp,8543.037518026596,0.8372244834899902,8543.037518026596,8543.037518026596,,8543.037518026596,8543.037518026596,9.703613266983224,8543.037518026593,optimize_single_point_makespan_lssp,8543.037518026596,3.593629837036133,8543.037518026596,8543.037518026596,,8543.037518026596,8543.037518026596,9.703613266983224,8543.037518026593,optimize_single_point_makespan_lssp,8543.037518026596,3.4493281841278076,8543.037518026596,8543.037518026596,,8543.037518026596,8543.037518026596,9.703613266983224,8543.037518026593,optimize_single_point_makespan_lssp,8543.037518026596,1.8847246170043945,8543.037518026596,8543.037518026596,,8543.037518026596,True,True,False,0,,0.0,2635.2117068807243,Valid solution; no area repair needed.,True,True,False,0,,2633.6745103660987,2635.2117068807243,Valid solution; no area repair needed.,True,True,False,0,,0.0,2635.2117068807243,Valid solution; no area repair needed.,True,True,False,0,,1078.9488692795794,2635.2117068807243,Valid solution; no area repair needed.,True,True,False,0,,0.0,2635.2117068807243,Valid solution; no area repair needed.,True,True,False,0,,0.0,2635.2117068807243,Valid solution; no area repair needed.,True,True,False,0,,0.0,2635.2117068807243,Valid solution; no area repair needed.,True,True,False,0,,0.0,2635.2117068807243,Valid solution; no area repair needed.,True,True,False,0,,0.0,2635.2117068807243,Valid solution; no area repair needed.
2026-04-10 19:12:48,20260410-180015,squeeze_net_tosa_area-0.30_hwscale-0.10_hwvar-0.50_comm-1.00_seed-45,inputs/task_graph_topology/soda-benchmark-graphs/pytorch-graphs/squeeze_net_tosa.dot,179,0.1,0.5,1.0,0.3,45,944.9410604384876,,,,,,,,,,,,,,,,,,,,,,,,,,,,,,,,,,,,,,,,,,,,,,,,,,,,,,,,,,,,,,,,,8763.938545641398,9.27458749816058,15260.506690563172,optimize_single_point_makespan,12357.5850999102,0.5213146209716797,8937.446932396435,12357.5850999102,,8937.446932396435,7620.19612609237,8.064202567889597,11740.30817124108,optimize_swarm_makespan_lssp,7620.19612609237,246.1411747932434,7531.092086368444,7620.19612609237,,7531.092086368444,9334.125936923414,9.877998033646707,9334.125936923407,optimize_random_makespan_lssp,9334.125936923414,195.47979497909546,9334.125936923414,9334.125936923414,,9334.125936923414,9334.125936923414,9.877998033646707,9334.125936923407,optimize_single_point_makespan_lssp,9334.125936923414,0.07143068313598633,9334.125936923414,9334.125936923414,,9334.125936923414,9334.125936923414,9.877998033646707,9334.125936923407,optimize_single_point_makespan_lssp,9334.125936923414,0.06680011749267578,9334.125936923414,9334.125936923414,,9334.125936923414,9334.125936923414,9.877998033646707,9334.125936923407,optimize_single_point_makespan_lssp,9334.125936923414,0.832481861114502,9334.125936923414,9334.125936923414,,9334.125936923414,9334.125936923414,9.877998033646707,9334.125936923407,optimize_single_point_makespan_lssp,9334.125936923414,3.5933828353881836,9334.125936923414,9334.125936923414,,9334.125936923414,9334.125936923414,9.877998033646707,9334.125936923407,optimize_single_point_makespan_lssp,9334.125936923414,3.4807846546173096,9334.125936923414,9334.125936923414,,9334.125936923414,9334.125936923414,9.877998033646707,9334.125936923407,optimize_single_point_makespan_lssp,9334.125936923414,1.8858675956726074,9334.125936923414,9334.125936923414,,9334.125936923414,True,True,False,0,,0.0,2761.1251730487547,Valid solution; no area repair needed.,True,True,False,0,,2761.0757268511493,2761.1251730487547,Valid solution; no area repair needed.,True,True,False,0,,0.0,2761.1251730487547,Valid solution; no area repair needed.,True,True,False,0,,1394.5034174742095,2761.1251730487547,Valid solution; no area repair needed.,True,True,False,0,,0.0,2761.1251730487547,Valid solution; no area repair needed.,True,True,False,0,,0.0,2761.1251730487547,Valid solution; no area repair needed.,True,True,False,0,,0.0,2761.1251730487547,Valid solution; no area repair needed.,True,True,False,0,,0.0,2761.1251730487547,Valid solution; no area repair needed.,True,True,False,0,,0.0,2761.1251730487547,Valid solution; no area repair needed.
2026-04-10 19:21:35,20260410-180015,squeeze_net_tosa_area-0.30_hwscale-0.10_hwvar-0.50_comm-1.00_seed-46,inputs/task_graph_topology/soda-benchmark-graphs/pytorch-graphs/squeeze_net_tosa.dot,179,0.1,0.5,1.0,0.3,46,891.069723087352,,,,,,,,,,,,,,,,,,,,,,,,,,,,,,,,,,,,,,,,,,,,,,,,,,,,,,,,,,,,,,,,,7584.5628576636955,8.511750159555334,13859.659870610167,optimize_single_point_makespan,10977.063125100613,0.5446107387542725,7662.31943945194,10977.063125100613,,7662.31943945194,6822.228157082924,7.656222605617739,11418.422200234569,optimize_swarm_makespan_lssp,6822.228157082924,320.52895736694336,6890.9072351767945,6822.228157082924,,6822.228157082924,8626.334793531425,9.680875211025189,8626.334793531423,optimize_random_makespan_lssp,8626.334793531425,195.7621054649353,8626.334793531425,8626.334793531425,,8626.334793531425,8626.334793531425,9.680875211025189,8626.334793531423,optimize_single_point_makespan_lssp,8626.334793531425,0.07126617431640625,8626.334793531425,8626.334793531425,,8626.334793531425,8626.334793531425,9.680875211025189,8626.334793531423,optimize_single_point_makespan_lssp,8626.334793531425,0.0672144889831543,8626.334793531425,8626.334793531425,,8626.334793531425,8626.334793531425,9.680875211025189,8626.334793531423,optimize_single_point_makespan_lssp,8626.334793531425,0.828488826751709,8626.334793531425,8626.334793531425,,8626.334793531425,8626.334793531425,9.680875211025189,8626.334793531423,optimize_single_point_makespan_lssp,8626.334793531425,3.5942368507385254,8626.334793531425,8626.334793531425,,8626.334793531425,8626.334793531425,9.680875211025189,8626.334793531423,optimize_single_point_makespan_lssp,8626.334793531425,3.4554972648620605,8626.334793531425,8626.334793531425,,8626.334793531425,8626.334793531425,9.680875211025189,8626.334793531423,optimize_single_point_makespan_lssp,8626.334793531425,1.885671615600586,8626.334793531425,8626.334793531425,,8626.334793531425,True,True,False,0,,0.0,2798.1422078098453,Valid solution; no area repair needed.,True,True,False,0,,2797.134422229471,2798.1422078098453,Valid solution; no area repair needed.,True,True,False,0,,0.0,2798.1422078098453,Valid solution; no area repair needed.,True,True,False,0,,1587.4078906665202,2798.1422078098453,Valid solution; no area repair needed.,True,True,False,0,,0.0,2798.1422078098453,Valid solution; no area repair needed.,True,True,False,0,,0.0,2798.1422078098453,Valid solution; no area repair needed.,True,True,False,0,,0.0,2798.1422078098453,Valid solution; no area repair needed.,True,True,False,0,,0.0,2798.1422078098453,Valid solution; no area repair needed.,True,True,False,0,,0.0,2798.1422078098453,Valid solution; no area repair needed.
2026-04-10 19:29:44,20260410-180015,squeeze_net_tosa_area-0.30_hwscale-0.10_hwvar-0.50_comm-1.00_seed-47,inputs/task_graph_topology/soda-benchmark-graphs/pytorch-graphs/squeeze_net_tosa.dot,179,0.1,0.5,1.0,0.3,47,897.9128028241038,,,,,,,,,,,,,,,,,,,,,,,,,,,,,,,,,,,,,,,,,,,,,,,,,,,,,,,,,,,,,,,,,8471.04298865031,9.434148797085077,13306.795172610853,optimize_single_point_makespan,10986.020946038258,0.5134203433990479,8400.146836859585,10986.020946038258,,8400.146836859585,7254.411768069961,8.07919404340096,10957.392427615405,optimize_swarm_makespan_lssp,7254.411768069961,282.50945472717285,7396.690203877154,7254.411768069961,,7254.411768069961,8957.762373480502,9.97620520089107,8957.7623734805,optimize_random_makespan_lssp,8957.762373480502,195.44876074790955,8957.762373480504,8957.762373480502,,8957.762373480502,8957.762373480502,9.97620520089107,8957.7623734805,optimize_single_point_makespan_lssp,8957.762373480502,0.07113146781921387,8957.762373480504,8957.762373480502,,8957.762373480502,8957.762373480502,9.97620520089107,8957.7623734805,optimize_single_point_makespan_lssp,8957.762373480502,0.06751680374145508,8957.762373480504,8957.762373480502,,8957.762373480502,8957.762373480502,9.97620520089107,8957.7623734805,optimize_single_point_makespan_lssp,8957.762373480502,0.8319354057312012,8957.762373480504,8957.762373480502,,8957.762373480502,8957.762373480502,9.97620520089107,8957.7623734805,optimize_single_point_makespan_lssp,8957.762373480502,3.585367441177368,8957.762373480504,8957.762373480502,,8957.762373480502,8957.762373480502,9.97620520089107,8957.7623734805,optimize_single_point_makespan_lssp,8957.762373480502,3.4602229595184326,8957.762373480504,8957.762373480502,,8957.762373480502,8957.762373480502,9.97620520089107,8957.7623734805,optimize_single_point_makespan_lssp,8957.762373480502,1.8866965770721436,8957.762373480504,8957.762373480502,,8957.762373480502,True,True,False,0,,0.0,2820.366370067309,Valid solution; no area repair needed.,True,True,False,0,,2819.7613676306096,2820.366370067309,Valid solution; no area repair needed.,True,True,False,0,,0.0,2820.366370067309,Valid solution; no area repair needed.,True,True,False,0,,1616.1409742610374,2820.366370067309,Valid solution; no area repair needed.,True,True,False,0,,0.0,2820.366370067309,Valid solution; no area repair needed.,True,True,False,0,,0.0,2820.366370067309,Valid solution; no area repair needed.,True,True,False,0,,0.0,2820.366370067309,Valid solution; no area repair needed.,True,True,False,0,,0.0,2820.366370067309,Valid solution; no area repair needed.,True,True,False,0,,0.0,2820.366370067309,Valid solution; no area repair needed.
2026-04-10 19:37:45,20260410-180015,squeeze_net_tosa_area-0.30_hwscale-0.10_hwvar-0.50_comm-1.00_seed-48,inputs/task_graph_topology/soda-benchmark-graphs/pytorch-graphs/squeeze_net_tosa.dot,179,0.1,0.5,1.0,0.3,48,868.9695660295871,,,,,,,,,,,,,,,,,,,,,,,,,,,,,,,,,,,,,,,,,,,,,,,,,,,,,,,,,,,,,,,,,8532.057671109735,9.818592048158372,8532.057671109736,optimize_single_point_makespan,8532.057671109735,0.9775638580322266,8532.057671109735,8532.057671109735,,8532.057671109735,6966.939629261628,8.017472534848723,12397.461680250539,optimize_swarm_makespan_lssp,6966.939629261628,274.84219670295715,6966.939629261628,6966.939629261628,,6966.939629261628,8532.057671109735,9.818592048158372,8532.057671109736,optimize_random_makespan_lssp,8532.057671109735,195.56263732910156,8532.057671109735,8532.057671109735,,8532.057671109735,8532.057671109735,9.818592048158372,8532.057671109736,optimize_single_point_makespan_lssp,8532.057671109735,0.07137393951416016,8532.057671109735,8532.057671109735,,8532.057671109735,8532.057671109735,9.818592048158372,8532.057671109736,optimize_single_point_makespan_lssp,8532.057671109735,0.06798648834228516,8532.057671109735,8532.057671109735,,8532.057671109735,8532.057671109735,9.818592048158372,8532.057671109736,optimize_single_point_makespan_lssp,8532.057671109735,0.8401751518249512,8532.057671109735,8532.057671109735,,8532.057671109735,8532.057671109735,9.818592048158372,8532.057671109736,optimize_single_point_makespan_lssp,8532.057671109735,3.6283087730407715,8532.057671109735,8532.057671109735,,8532.057671109735,8532.057671109735,9.818592048158372,8532.057671109736,optimize_single_point_makespan_lssp,8532.057671109735,3.4708869457244873,8532.057671109735,8532.057671109735,,8532.057671109735,8532.057671109735,9.818592048158372,8532.057671109736,optimize_single_point_makespan_lssp,8532.057671109735,1.8934605121612549,8532.057671109735,8532.057671109735,,8532.057671109735,True,True,False,0,,0.0,3055.1767184728033,Valid solution; no area repair needed.,True,True,False,0,,0.0,3055.1767184728033,Valid solution; no area repair needed.,True,True,False,0,,0.0,3055.1767184728033,Valid solution; no area repair needed.,True,True,False,0,,1602.2608882518682,3055.1767184728033,Valid solution; no area repair needed.,True,True,False,0,,0.0,3055.1767184728033,Valid solution; no area repair needed.,True,True,False,0,,0.0,3055.1767184728033,Valid solution; no area repair needed.,True,True,False,0,,0.0,3055.1767184728033,Valid solution; no area repair needed.,True,True,False,0,,0.0,3055.1767184728033,Valid solution; no area repair needed.,True,True,False,0,,0.0,3055.1767184728033,Valid solution; no area repair needed.
2026-04-10 19:45:23,20260410-180015,squeeze_net_tosa_area-0.30_hwscale-0.10_hwvar-0.50_comm-1.00_seed-49,inputs/task_graph_topology/soda-benchmark-graphs/pytorch-graphs/squeeze_net_tosa.dot,179,0.1,0.5,1.0,0.3,49,878.2221206056221,,,,,,,,,,,,,,,,,,,,,,,,,,,,,,,,,,,,,,,,,,,,,,,,,,,,,,,,,,,,,,,,,8740.233655914719,9.952190284033671,14396.731099726512,optimize_single_point_makespan,11362.016912382798,0.4892292022705078,8833.361742629793,11362.016912382798,,8833.361742629793,6895.217500403542,7.8513366250084875,10956.767398806905,optimize_swarm_makespan_lssp,6895.217500403542,254.15191841125488,6976.06159978521,6895.217500403542,,6895.217500403542,8906.300060495521,10.14128413704011,8906.300060495514,optimize_random_makespan_lssp,8906.300060495521,192.59365224838257,8906.300060495521,8906.300060495521,,8906.300060495521,8906.300060495521,10.14128413704011,8906.300060495514,optimize_single_point_makespan_lssp,8906.300060495521,0.06988954544067383,8906.300060495521,8906.300060495521,,8906.300060495521,8906.300060495521,10.14128413704011,8906.300060495514,optimize_single_point_makespan_lssp,8906.300060495521,0.0660097599029541,8906.300060495521,8906.300060495521,,8906.300060495521,8906.300060495521,10.14128413704011,8906.300060495514,optimize_single_point_makespan_lssp,8906.300060495521,0.8361983299255371,8906.300060495521,8906.300060495521,,8906.300060495521,8906.300060495521,10.14128413704011,8906.300060495514,optimize_single_point_makespan_lssp,8906.300060495521,3.540527105331421,8906.300060495521,8906.300060495521,,8906.300060495521,8906.300060495521,10.14128413704011,8906.300060495514,optimize_single_point_makespan_lssp,8906.300060495521,3.422912836074829,8906.300060495521,8906.300060495521,,8906.300060495521,8906.300060495521,10.14128413704011,8906.300060495514,optimize_single_point_makespan_lssp,8906.300060495521,1.887376308441162,8906.300060495521,8906.300060495521,,8906.300060495521,True,True,False,0,,0.0,2574.201692559332,Valid solution; no area repair needed.,True,True,False,0,,2574.0698419600194,2574.201692559332,Valid solution; no area repair needed.,True,True,False,0,,0.0,2574.201692559332,Valid solution; no area repair needed.,True,True,False,0,,2139.4967362174666,2574.201692559332,Valid solution; no area repair needed.,True,True,False,0,,0.0,2574.201692559332,Valid solution; no area repair needed.,True,True,False,0,,0.0,2574.201692559332,Valid solution; no area repair needed.,True,True,False,0,,0.0,2574.201692559332,Valid solution; no area repair needed.,True,True,False,0,,0.0,2574.201692559332,Valid solution; no area repair needed.,True,True,False,0,,0.0,2574.201692559332,Valid solution; no area repair needed.
2026-04-10 19:53:09,20260410-180015,squeeze_net_tosa_area-0.30_hwscale-0.10_hwvar-0.50_comm-1.00_seed-50,inputs/task_graph_topology/soda-benchmark-graphs/pytorch-graphs/squeeze_net_tosa.dot,179,0.1,0.5,1.0,0.3,50,829.0647762352121,,,,,,,,,,,,,,,,,,,,,,,,,,,,,,,,,,,,,,,,,,,,,,,,,,,,,,,,,,,,,,,,,7566.489764581206,9.12653628699639,12980.132080283205,optimize_single_point_makespan,10362.817562365623,0.7316262722015381,7739.717409354629,10362.817562365623,,7739.717409354629,7253.199999768023,8.74865294929649,10512.767230245867,optimize_swarm_makespan_lssp,7253.199999768023,262.74466729164124,7403.4271077578,7253.199999768023,,7253.199999768023,8791.053987688198,10.603579164957923,8791.053987688196,optimize_random_makespan_lssp,8791.053987688198,192.10934138298035,8791.053987688198,8791.053987688198,,8791.053987688198,8791.053987688198,10.603579164957923,8791.053987688196,optimize_single_point_makespan_lssp,8791.053987688198,0.07020235061645508,8791.053987688198,8791.053987688198,,8791.053987688198,8791.053987688198,10.603579164957923,8791.053987688196,optimize_single_point_makespan_lssp,8791.053987688198,0.06613373756408691,8791.053987688198,8791.053987688198,,8791.053987688198,8791.053987688198,10.603579164957923,8791.053987688196,optimize_single_point_makespan_lssp,8791.053987688198,0.8165764808654785,8791.053987688198,8791.053987688198,,8791.053987688198,8791.053987688198,10.603579164957923,8791.053987688196,optimize_single_point_makespan_lssp,8791.053987688198,3.541154623031616,8791.053987688198,8791.053987688198,,8791.053987688198,8791.053987688198,10.603579164957923,8791.053987688196,optimize_single_point_makespan_lssp,8791.053987688198,3.4003682136535645,8791.053987688198,8791.053987688198,,8791.053987688198,8791.053987688198,10.603579164957923,8791.053987688196,optimize_single_point_makespan_lssp,8791.053987688198,1.8530495166778564,8791.053987688198,8791.053987688198,,8791.053987688198,True,True,False,0,,0.0,2754.1174542492377,Valid solution; no area repair needed.,True,True,False,0,,2753.6071821781384,2754.1174542492377,Valid solution; no area repair needed.,True,True,False,0,,0.0,2754.1174542492377,Valid solution; no area repair needed.,True,True,False,0,,1110.3634929045506,2754.1174542492377,Valid solution; no area repair needed.,True,True,False,0,,0.0,2754.1174542492377,Valid solution; no area repair needed.,True,True,False,0,,0.0,2754.1174542492377,Valid solution; no area repair needed.,True,True,False,0,,0.0,2754.1174542492377,Valid solution; no area repair needed.,True,True,False,0,,0.0,2754.1174542492377,Valid solution; no area repair needed.,True,True,False,0,,0.0,2754.1174542492377,Valid solution; no area repair needed.
2026-04-10 20:00:23,20260410-180015,squeeze_net_tosa_area-0.30_hwscale-0.10_hwvar-0.50_comm-1.00_seed-51,inputs/task_graph_topology/soda-benchmark-graphs/pytorch-graphs/squeeze_net_tosa.dot,179,0.1,0.5,1.0,0.3,51,969.4998945368147,,,,,,,,,,,,,,,,,,,,,,,,,,,,,,,,,,,,,,,,,,,,,,,,,,,,,,,,,,,,,,,,,8469.982243963897,8.736444729589671,14270.452604108774,optimize_single_point_makespan,11363.390062240273,0.5050637722015381,8557.075620119434,11363.390062240273,,8557.075620119434,8176.556797221122,8.43378822761763,11625.460126285256,optimize_swarm_makespan_lssp,8176.556797221122,230.93404841423035,8200.664087834652,8176.556797221122,,8176.556797221122,10010.557015369945,10.325485409312558,10010.557015369946,optimize_random_makespan_lssp,10010.557015369945,192.94271540641785,10010.557015369945,10010.557015369945,,10010.557015369945,10010.557015369945,10.325485409312558,10010.557015369946,optimize_single_point_makespan_lssp,10010.557015369945,0.07210373878479004,10010.557015369945,10010.557015369945,,10010.557015369945,10010.557015369945,10.325485409312558,10010.557015369946,optimize_single_point_makespan_lssp,10010.557015369945,0.06557130813598633,10010.557015369945,10010.557015369945,,10010.557015369945,10010.557015369945,10.325485409312558,10010.557015369946,optimize_single_point_makespan_lssp,10010.557015369945,0.8163027763366699,10010.557015369945,10010.557015369945,,10010.557015369945,10010.557015369945,10.325485409312558,10010.557015369946,optimize_single_point_makespan_lssp,10010.557015369945,3.5454351902008057,10010.557015369945,10010.557015369945,,10010.557015369945,10010.557015369945,10.325485409312558,10010.557015369946,optimize_single_point_makespan_lssp,10010.557015369945,3.412142753601074,10010.557015369945,10010.557015369945,,10010.557015369945,10010.557015369945,10.325485409312558,10010.557015369946,optimize_single_point_makespan_lssp,10010.557015369945,1.8556644916534424,10010.557015369945,10010.557015369945,,10010.557015369945,True,True,False,0,,0.0,2597.5806763481105,Valid solution; no area repair needed.,True,True,False,0,,2596.7725836332024,2597.5806763481105,Valid solution; no area repair needed.,True,True,False,0,,0.0,2597.5806763481105,Valid solution; no area repair needed.,True,True,False,0,,1349.5499186709499,2597.5806763481105,Valid solution; no area repair needed.,True,True,False,0,,0.0,2597.5806763481105,Valid solution; no area repair needed.,True,True,False,0,,0.0,2597.5806763481105,Valid solution; no area repair needed.,True,True,False,0,,0.0,2597.5806763481105,Valid solution; no area repair needed.,True,True,False,0,,0.0,2597.5806763481105,Valid solution; no area repair needed.,True,True,False,0,,0.0,2597.5806763481105,Valid solution; no area repair needed.
2026-04-10 21:38:47,20260410-180015,squeeze_net_tosa_area-0.70_hwscale-0.10_hwvar-0.50_comm-1.00_seed-42,inputs/task_graph_topology/soda-benchmark-graphs/pytorch-graphs/squeeze_net_tosa.dot,179,0.1,0.5,1.0,0.7,42,863.2964840752181,,,,,,,,,,,,,,,,,,,,,,,,,,,,,,,,,,,,,,,,,,,,,,,,,,,,,,,,,,,,,,,,,3540.389279110088,4.101012044434109,6861.415000644333,optimize_single_point_makespan,5549.106168238265,0.5462462902069092,3540.389279110088,5549.106168238265,,3540.389279110088,7432.783570262439,8.609769305645438,10703.332236204382,optimize_swarm_makespan_lssp,7432.783570262439,2794.9756519794464,7557.56251295627,7432.783570262439,,7432.783570262439,6243.129261806837,7.231732524075564,8378.385238118799,optimize_random_makespan_lssp,6243.129261806837,2869.6208567619324,4751.044389957476,6243.129261806837,,4751.044389957476,8671.958553309743,10.04516839032344,8671.958553309745,optimize_single_point_makespan_lssp,8671.958553309743,5.604779958724976,8671.958553309743,8671.958553309743,,8671.958553309743,8671.958553309743,10.04516839032344,8671.958553309745,optimize_single_point_makespan_lssp,8671.958553309743,5.616168737411499,8671.958553309743,8671.958553309743,,8671.958553309743,8671.958553309743,10.04516839032344,8671.958553309745,optimize_single_point_makespan_lssp,8671.958553309743,56.176443338394165,8671.958553309743,8671.958553309743,,8671.958553309743,8622.792288795274,9.988216618340795,11275.871187313602,optimize_single_point_makespan_lssp,8622.792288795274,60.30143356323242,6414.565479650811,8622.792288795274,,6414.565479650811,8288.723308036972,9.601247614156602,10529.30210274949,optimize_single_point_makespan_lssp,8288.723308036972,60.04993414878845,5812.895187861411,8288.723308036972,,5812.895187861411,3482.8471280761833,4.034358059279119,5497.846497454727,optimize_single_point_makespan_lssp,3482.8471280761833,50.73422622680664,3008.227081236778,3482.8471280761833,,3008.227081236778,True,True,False,0,,6763.996737344178,6764.672789890251,Valid solution; no area repair needed.,True,True,False,0,,6760.816614483251,6764.672789890251,Valid solution; no area repair needed.,True,True,False,0,,0.0,6764.672789890251,Valid solution; no area repair needed.,True,True,False,0,,1213.5941003372118,6764.672789890251,Valid solution; no area repair needed.,True,True,False,0,,6646.139095537928,6764.672789890251,Valid solution; no area repair needed.,True,True,False,0,,0.0,6764.672789890251,Valid solution; no area repair needed.,True,True,False,0,,0.0,6764.672789890251,Valid solution; no area repair needed.,True,True,False,0,,6210.602239134744,6764.672789890251,Valid solution; no area repair needed.,True,True,False,0,,6564.71746015395,6764.672789890251,Valid solution; no area repair needed.
2026-04-10 23:16:07,20260410-180015,squeeze_net_tosa_area-0.70_hwscale-0.10_hwvar-0.50_comm-1.00_seed-43,inputs/task_graph_topology/soda-benchmark-graphs/pytorch-graphs/squeeze_net_tosa.dot,179,0.1,0.5,1.0,0.7,43,924.8477550363816,,,,,,,,,,,,,,,,,,,,,,,,,,,,,,,,,,,,,,,,,,,,,,,,,,,,,,,,,,,,,,,,,4371.5138638029675,4.726738903778818,8665.060360685418,optimize_single_point_makespan,6841.7422623603015,0.5206339359283447,4400.131375912894,6841.7422623603015,,4400.131375912894,7753.797924102563,8.3838641353436,10171.490155182315,optimize_swarm_makespan_lssp,7753.797924102563,2766.340853691101,5154.767345025579,7753.797924102563,,5154.767345025579,6724.683780975486,7.271125160174012,8818.459558543385,optimize_random_makespan_lssp,6724.683780975486,2833.306883573532,5382.856987636955,6724.683780975486,,5382.856987636955,9211.593475920748,9.960118760907175,9211.593475920747,optimize_single_point_makespan_lssp,9211.593475920748,5.603132247924805,9211.593475920747,9211.593475920748,,9211.593475920747,9211.593475920748,9.960118760907175,9211.593475920747,optimize_single_point_makespan_lssp,9211.593475920748,5.590400218963623,9211.593475920747,9211.593475920748,,9211.593475920747,9211.593475920748,9.960118760907175,9211.593475920747,optimize_single_point_makespan_lssp,9211.593475920748,56.48620963096619,9211.593475920747,9211.593475920748,,9211.593475920747,8255.623127760871,8.926467175601363,11319.357974153894,optimize_single_point_makespan_lssp,8255.623127760871,59.86769723892212,6275.388659351793,8255.623127760871,,6275.388659351793,7595.487385075564,8.212689433167055,10135.519997803007,optimize_single_point_makespan_lssp,7595.487385075564,59.98430514335632,5457.164195054026,7595.487385075564,,5457.164195054026,4556.442977607233,4.926695180687325,6917.286368255349,optimize_single_point_makespan_lssp,4556.442977607233,51.81990694999695,3670.9552686457446,4556.442977607233,,3670.9552686457446,True,True,False,0,,5917.112924474778,5918.167737440698,Valid solution; no area repair needed.,True,True,False,0,,5917.692364067586,5918.167737440698,Valid solution; no area repair needed.,True,True,False,0,,0.0,5918.167737440698,Valid solution; no area repair needed.,True,True,False,0,,5847.4451226357505,5918.167737440698,Valid solution; no area repair needed.,True,True,False,0,,5871.955712343935,5918.167737440698,Valid solution; no area repair needed.,True,True,False,0,,0.0,5918.167737440698,Valid solution; no area repair needed.,True,True,False,0,,0.0,5918.167737440698,Valid solution; no area repair needed.,True,True,False,0,,5082.789572867587,5918.167737440698,Valid solution; no area repair needed.,True,True,False,0,,5583.292893569585,5918.167737440698,Valid solution; no area repair needed.
2026-04-11 00:54:37,20260410-180015,squeeze_net_tosa_area-0.70_hwscale-0.10_hwvar-0.50_comm-1.00_seed-44,inputs/task_graph_topology/soda-benchmark-graphs/pytorch-graphs/squeeze_net_tosa.dot,179,0.1,0.5,1.0,0.7,44,880.3975676869239,,,,,,,,,,,,,,,,,,,,,,,,,,,,,,,,,,,,,,,,,,,,,,,,,,,,,,,,,,,,,,,,,4403.00090050285,5.001150687036644,8899.447927598194,optimize_single_point_makespan,7465.504360980205,0.5171604156494141,4403.00090050285,7465.504360980205,,4403.00090050285,7278.620287980228,8.26742434909652,11393.829640207976,optimize_swarm_makespan_lssp,7278.620287980228,2783.7972395420074,7270.415354766719,7278.620287980228,,7270.415354766719,6364.102715813982,7.228669125625192,7951.715027782176,optimize_random_makespan_lssp,6364.102715813982,2887.5981595516205,4843.978448059966,6364.102715813982,,4843.978448059966,8543.037518026596,9.703613266983224,8543.037518026593,optimize_single_point_makespan_lssp,8543.037518026596,5.636361360549927,8543.037518026596,8543.037518026596,,8543.037518026596,8543.037518026596,9.703613266983224,8543.037518026593,optimize_single_point_makespan_lssp,8543.037518026596,5.616795539855957,8543.037518026596,8543.037518026596,,8543.037518026596,8543.037518026596,9.703613266983224,8543.037518026593,optimize_single_point_makespan_lssp,8543.037518026596,56.790932178497314,8543.037518026596,8543.037518026596,,8543.037518026596,8241.432012690151,9.361034508924117,10416.54057331419,optimize_single_point_makespan_lssp,8241.432012690151,60.15011715888977,6514.877816516254,8241.432012690151,,6514.877816516254,8207.52495822582,9.322521164829567,10573.9068516861,optimize_single_point_makespan_lssp,8207.52495822582,60.33224415779114,5968.445285406475,8207.52495822582,,5968.445285406475,4008.9478888829135,4.5535653845746715,6073.329647411181,optimize_single_point_makespan_lssp,4008.9478888829135,49.028841495513916,3853.033460579045,4008.9478888829135,,3853.033460579045,True,True,False,0,,6146.234224558229,6148.8273160550225,Valid solution; no area repair needed.,True,True,False,0,,6148.5917921613955,6148.8273160550225,Valid solution; no area repair needed.,True,True,False,0,,0.0,6148.8273160550225,Valid solution; no area repair needed.,True,True,False,0,,1188.2883585140291,6148.8273160550225,Valid solution; no area repair needed.,True,True,False,0,,6125.841863039926,6148.8273160550225,Valid solution; no area repair needed.,True,True,False,0,,0.0,6148.8273160550225,Valid solution; no area repair needed.,True,True,False,0,,0.0,6148.8273160550225,Valid solution; no area repair needed.,True,True,False,0,,5382.026711153843,6148.8273160550225,Valid solution; no area repair needed.,True,True,False,0,,5308.813790867924,6148.8273160550225,Valid solution; no area repair needed.
2026-04-11 02:33:01,20260410-180015,squeeze_net_tosa_area-0.70_hwscale-0.10_hwvar-0.50_comm-1.00_seed-45,inputs/task_graph_topology/soda-benchmark-graphs/pytorch-graphs/squeeze_net_tosa.dot,179,0.1,0.5,1.0,0.7,45,944.9410604384876,,,,,,,,,,,,,,,,,,,,,,,,,,,,,,,,,,,,,,,,,,,,,,,,,,,,,,,,,,,,,,,,,5272.073674607763,5.579261919427362,8322.690955779432,optimize_single_point_makespan,6548.056168546559,0.5112040042877197,5126.674341814263,6548.056168546559,,5126.674341814263,7121.963689459485,7.53693959087208,11257.61280272317,optimize_swarm_makespan_lssp,7121.963689459485,2787.3540456295013,7166.384780795778,7121.963689459485,,7121.963689459485,6891.69939515555,7.293258472605208,9309.648689100879,optimize_random_makespan_lssp,6891.69939515555,2879.6352727413177,4647.838860922477,6891.69939515555,,4647.838860922477,9334.125936923414,9.877998033646707,9334.125936923407,optimize_single_point_makespan_lssp,9334.125936923414,5.635955095291138,9334.125936923414,9334.125936923414,,9334.125936923414,9334.125936923414,9.877998033646707,9334.125936923407,optimize_single_point_makespan_lssp,9334.125936923414,5.6234753131866455,9334.125936923414,9334.125936923414,,9334.125936923414,9334.125936923414,9.877998033646707,9334.125936923407,optimize_single_point_makespan_lssp,9334.125936923414,56.39089608192444,9334.125936923414,9334.125936923414,,9334.125936923414,9198.04725196677,9.733990443487063,12086.510976387914,optimize_single_point_makespan_lssp,9198.04725196677,59.73585844039917,6300.5131942494645,9198.04725196677,,6300.5131942494645,9334.125936923414,9.877998033646707,9334.125936923407,optimize_single_point_makespan_lssp,9334.125936923414,59.72458529472351,9334.125936923414,9334.125936923414,,9334.125936923414,4391.151608616715,4.647011112607444,6583.782577321515,optimize_single_point_makespan_lssp,4391.151608616715,48.48294973373413,3770.6269103286186,4391.151608616715,,3770.6269103286186,True,True,False,0,,6431.64232340678,6442.625403780427,Valid solution; no area repair needed.,True,True,False,0,,6442.421520961609,6442.625403780427,Valid solution; no area repair needed.,True,True,False,0,,0.0,6442.625403780427,Valid solution; no area repair needed.,True,True,False,0,,1945.7225415414832,6442.625403780427,Valid solution; no area repair needed.,True,True,False,0,,6320.367773717434,6442.625403780427,Valid solution; no area repair needed.,True,True,False,0,,0.0,6442.625403780427,Valid solution; no area repair needed.,True,True,False,0,,0.0,6442.625403780427,Valid solution; no area repair needed.,True,True,False,0,,5763.414295061815,6442.625403780427,Valid solution; no area repair needed.,True,True,False,0,,0.0,6442.625403780427,Valid solution; no area repair needed.
2026-04-11 04:11:24,20260410-180015,squeeze_net_tosa_area-0.70_hwscale-0.10_hwvar-0.50_comm-1.00_seed-46,inputs/task_graph_topology/soda-benchmark-graphs/pytorch-graphs/squeeze_net_tosa.dot,179,0.1,0.5,1.0,0.7,46,891.069723087352,,,,,,,,,,,,,,,,,,,,,,,,,,,,,,,,,,,,,,,,,,,,,,,,,,,,,,,,,,,,,,,,,3476.482111444585,3.9014703578967675,6130.18320623434,optimize_single_point_makespan,4913.626605740778,0.5981471538543701,3480.9506598658554,4913.626605740778,,3480.9506598658554,7220.581373129811,8.103273162634405,10694.341245737172,optimize_swarm_makespan_lssp,7220.581373129811,2788.856169462204,7179.044773315031,7220.581373129811,,7179.044773315031,6268.447553184132,7.034744185298318,8097.7852360917395,optimize_random_makespan_lssp,6268.447553184132,2875.1939537525177,4528.557931139532,6268.447553184132,,4528.557931139532,8626.334793531425,9.680875211025189,8626.334793531423,optimize_single_point_makespan_lssp,8626.334793531425,5.629942893981934,8626.334793531425,8626.334793531425,,8626.334793531425,8626.334793531425,9.680875211025189,8626.334793531423,optimize_single_point_makespan_lssp,8626.334793531425,5.58918309211731,8626.334793531425,8626.334793531425,,8626.334793531425,8626.334793531425,9.680875211025189,8626.334793531423,optimize_single_point_makespan_lssp,8626.334793531425,56.414167165756226,8626.334793531425,8626.334793531425,,8626.334793531425,8343.799149160293,9.363800534318397,10912.65088300776,optimize_single_point_makespan_lssp,8343.799149160293,59.734941720962524,6061.864399934898,8343.799149160293,,6061.864399934898,8181.177622154126,9.181299072544205,10860.064692417742,optimize_single_point_makespan_lssp,8181.177622154126,59.650670289993286,5958.791419122753,8181.177622154126,,5958.791419122753,4023.847885306687,4.515749756781072,6070.381276834021,optimize_single_point_makespan_lssp,4023.847885306687,50.85382962226868,3249.9637932757905,4023.847885306687,,3249.9637932757905,True,True,False,0,,6524.866657439061,6528.998484889638,Valid solution; no area repair needed.,True,True,False,0,,6523.957727622252,6528.998484889638,Valid solution; no area repair needed.,True,True,False,0,,0.0,6528.998484889638,Valid solution; no area repair needed.,True,True,False,0,,1426.961699214939,6528.998484889638,Valid solution; no area repair needed.,True,True,False,0,,6512.806401061219,6528.998484889638,Valid solution; no area repair needed.,True,True,False,0,,0.0,6528.998484889638,Valid solution; no area repair needed.,True,True,False,0,,0.0,6528.998484889638,Valid solution; no area repair needed.,True,True,False,0,,5598.188581822919,6528.998484889638,Valid solution; no area repair needed.,True,True,False,0,,5866.623087351302,6528.998484889638,Valid solution; no area repair needed.
2026-04-11 05:49:04,20260410-180015,squeeze_net_tosa_area-0.70_hwscale-0.10_hwvar-0.50_comm-1.00_seed-47,inputs/task_graph_topology/soda-benchmark-graphs/pytorch-graphs/squeeze_net_tosa.dot,179,0.1,0.5,1.0,0.7,47,897.9128028241038,,,,,,,,,,,,,,,,,,,,,,,,,,,,,,,,,,,,,,,,,,,,,,,,,,,,,,,,,,,,,,,,,5905.282995306446,6.576677575743687,9719.951283164128,optimize_single_point_makespan,8501.786226199016,0.5176944732666016,5905.282995306446,8501.786226199016,,5905.282995306446,7566.619853439187,8.426898279700158,11519.445619580769,optimize_swarm_makespan_lssp,7566.619853439187,2785.5297565460205,7565.742406944715,7566.619853439187,,7565.742406944715,6891.139805741006,7.674620279460413,8805.74821384998,optimize_random_makespan_lssp,6891.139805741006,2830.3076112270355,4852.293913902543,6891.139805741006,,4852.293913902543,8957.762373480502,9.97620520089107,8957.7623734805,optimize_single_point_makespan_lssp,8957.762373480502,5.567592620849609,8957.762373480504,8957.762373480502,,8957.762373480502,8957.762373480502,9.97620520089107,8957.7623734805,optimize_single_point_makespan_lssp,8957.762373480502,5.5695579051971436,8957.762373480504,8957.762373480502,,8957.762373480502,8957.762373480502,9.97620520089107,8957.7623734805,optimize_single_point_makespan_lssp,8957.762373480502,56.40560293197632,8957.762373480504,8957.762373480502,,8957.762373480502,8957.762373480502,9.97620520089107,8957.7623734805,optimize_single_point_makespan_lssp,8957.762373480502,59.67542314529419,8957.762373480504,8957.762373480502,,8957.762373480502,8957.762373480502,9.97620520089107,8957.7623734805,optimize_single_point_makespan_lssp,8957.762373480502,59.7206826210022,8957.762373480504,8957.762373480502,,8957.762373480502,4958.1411174072855,5.521851455746041,7598.240266182579,optimize_single_point_makespan_lssp,4958.1411174072855,56.91880488395691,4180.851738417028,4958.1411174072855,,4180.851738417028,True,True,False,0,,6152.618592795471,6580.854863490387,Valid solution; no area repair needed.,True,True,False,0,,6580.187569823105,6580.854863490387,Valid solution; no area repair needed.,True,True,False,0,,0.0,6580.854863490387,Valid solution; no area repair needed.,True,True,False,0,,1410.9415468420525,6580.854863490387,Valid solution; no area repair needed.,True,True,False,0,,6547.288734154007,6580.854863490387,Valid solution; no area repair needed.,True,True,False,0,,0.0,6580.854863490387,Valid solution; no area repair needed.,True,True,False,0,,0.0,6580.854863490387,Valid solution; no area repair needed.,True,True,False,0,,0.0,6580.854863490387,Valid solution; no area repair needed.,True,True,False,0,,0.0,6580.854863490387,Valid solution; no area repair needed.
2026-04-11 07:27:09,20260410-180015,squeeze_net_tosa_area-0.70_hwscale-0.10_hwvar-0.50_comm-1.00_seed-48,inputs/task_graph_topology/soda-benchmark-graphs/pytorch-graphs/squeeze_net_tosa.dot,179,0.1,0.5,1.0,0.7,48,868.9695660295871,,,,,,,,,,,,,,,,,,,,,,,,,,,,,,,,,,,,,,,,,,,,,,,,,,,,,,,,,,,,,,,,,4865.134702749551,5.598740039859924,8913.022835314747,optimize_single_point_makespan,7220.666766413917,0.6307246685028076,4865.134702749551,7220.666766413917,,4865.134702749551,6652.08873217001,7.655145809725075,10658.730876017597,optimize_swarm_makespan_lssp,6652.08873217001,2785.5970788002014,6683.197750574115,6652.08873217001,,6652.08873217001,6927.602564748524,7.9722039016872195,8713.786115184961,optimize_random_makespan_lssp,6927.602564748524,2864.1970632076263,4335.374344159772,6927.602564748524,,4335.374344159772,8532.057671109735,9.818592048158372,8532.057671109736,optimize_single_point_makespan_lssp,8532.057671109735,5.5651209354400635,8532.057671109735,8532.057671109735,,8532.057671109735,8532.057671109735,9.818592048158372,8532.057671109736,optimize_single_point_makespan_lssp,8532.057671109735,5.577341794967651,8532.057671109735,8532.057671109735,,8532.057671109735,8532.057671109735,9.818592048158372,8532.057671109736,optimize_single_point_makespan_lssp,8532.057671109735,56.49017095565796,8532.057671109735,8532.057671109735,,8532.057671109735,8532.057671109735,9.818592048158372,8532.057671109736,optimize_single_point_makespan_lssp,8532.057671109735,59.596489667892456,8532.057671109735,8532.057671109735,,8532.057671109735,7649.696713265765,8.803181391286268,10032.330078508632,optimize_single_point_makespan_lssp,7649.696713265765,59.51781249046326,5047.478960052874,7649.696713265765,,5047.478960052874,5011.559790010071,5.7672443154809345,6700.814747313444,optimize_single_point_makespan_lssp,5011.559790010071,47.100486040115356,3450.736884616965,5011.559790010071,,3450.736884616965,True,True,False,0,,7093.886746872908,7128.745676436541,Valid solution; no area repair needed.,True,True,False,0,,7125.539086186287,7128.745676436541,Valid solution; no area repair needed.,True,True,False,0,,0.0,7128.745676436541,Valid solution; no area repair needed.,True,True,False,0,,1870.4335304327267,7128.745676436541,Valid solution; no area repair needed.,True,True,False,0,,7088.435897506567,7128.745676436541,Valid solution; no area repair needed.,True,True,False,0,,0.0,7128.745676436541,Valid solution; no area repair needed.,True,True,False,0,,0.0,7128.745676436541,Valid solution; no area repair needed.,True,True,False,0,,0.0,7128.745676436541,Valid solution; no area repair needed.,True,True,False,0,,6741.164663652283,7128.745676436541,Valid solution; no area repair needed.
2026-04-11 09:04:23,20260410-180015,squeeze_net_tosa_area-0.70_hwscale-0.10_hwvar-0.50_comm-1.00_seed-49,inputs/task_graph_topology/soda-benchmark-graphs/pytorch-graphs/squeeze_net_tosa.dot,179,0.1,0.5,1.0,0.7,49,878.2221206056221,,,,,,,,,,,,,,,,,,,,,,,,,,,,,,,,,,,,,,,,,,,,,,,,,,,,,,,,,,,,,,,,,5626.92762592803,6.407180477357709,9039.548694812667,optimize_single_point_makespan,7707.82819006234,0.49982261657714844,5626.92762592803,7707.82819006234,,5626.92762592803,7369.24627980995,8.391096178183393,10920.564406674597,optimize_swarm_makespan_lssp,7369.24627980995,2777.8085169792175,7475.82712240865,7369.24627980995,,7369.24627980995,6371.541594705198,7.255045671488418,8640.724533116363,optimize_random_makespan_lssp,6371.541594705198,2816.8439376354218,4655.494128225413,6371.541594705198,,4655.494128225413,8906.300060495521,10.14128413704011,8906.300060495514,optimize_single_point_makespan_lssp,8906.300060495521,5.613429546356201,8906.300060495521,8906.300060495521,,8906.300060495521,8906.300060495521,10.14128413704011,8906.300060495514,optimize_single_point_makespan_lssp,8906.300060495521,5.602061986923218,8906.300060495521,8906.300060495521,,8906.300060495521,8906.300060495521,10.14128413704011,8906.300060495514,optimize_single_point_makespan_lssp,8906.300060495521,56.26429486274719,8906.300060495521,8906.300060495521,,8906.300060495521,8035.206422579423,9.1494010843616,10458.71793968966,optimize_single_point_makespan_lssp,8035.206422579423,60.06781363487244,5917.791869164642,8035.206422579423,,5917.791869164642,7906.983979681631,9.003398791901272,10153.963177547592,optimize_single_point_makespan_lssp,7906.983979681631,59.77233171463013,5779.369037018624,7906.983979681631,,5779.369037018624,4226.430956935,4.812485199097983,5788.5189256781805,optimize_single_point_makespan_lssp,4226.430956935,50.5036563873291,3408.328541331995,4226.430956935,,3408.328541331995,True,True,False,0,,5978.56053154232,6006.470615971775,Valid solution; no area repair needed.,True,True,False,0,,5996.091451128605,6006.470615971775,Valid solution; no area repair needed.,True,True,False,0,,0.0,6006.470615971775,Valid solution; no area repair needed.,True,True,False,0,,1239.5241669140182,6006.470615971775,Valid solution; no area repair needed.,True,True,False,0,,5998.593581622086,6006.470615971775,Valid solution; no area repair needed.,True,True,False,0,,0.0,6006.470615971775,Valid solution; no area repair needed.,True,True,False,0,,0.0,6006.470615971775,Valid solution; no area repair needed.,True,True,False,0,,5417.7670495466655,6006.470615971775,Valid solution; no area repair needed.,True,True,False,0,,5533.279254664131,6006.470615971775,Valid solution; no area repair needed.
2026-04-11 10:41:01,20260410-180015,squeeze_net_tosa_area-0.70_hwscale-0.10_hwvar-0.50_comm-1.00_seed-50,inputs/task_graph_topology/soda-benchmark-graphs/pytorch-graphs/squeeze_net_tosa.dot,179,0.1,0.5,1.0,0.7,50,829.0647762352121,,,,,,,,,,,,,,,,,,,,,,,,,,,,,,,,,,,,,,,,,,,,,,,,,,,,,,,,,,,,,,,,,4062.337846425951,4.89990403991477,7749.263924157376,optimize_single_point_makespan,6605.131844118837,0.5034646987915039,4062.337846425951,6605.131844118837,,4062.337846425951,7466.707222051166,9.006180742544059,10965.599581596283,optimize_swarm_makespan_lssp,7466.707222051166,2779.789661169052,7478.923138182229,7466.707222051166,,7466.707222051166,6775.720652656803,8.172727688933294,9147.053555171773,optimize_random_makespan_lssp,6775.720652656803,2784.215938091278,4821.643652366376,6775.720652656803,,4821.643652366376,8791.053987688198,10.603579164957923,8791.053987688196,optimize_single_point_makespan_lssp,8791.053987688198,5.610912084579468,8791.053987688198,8791.053987688198,,8791.053987688198,8791.053987688198,10.603579164957923,8791.053987688196,optimize_single_point_makespan_lssp,8791.053987688198,5.580267667770386,8791.053987688198,8791.053987688198,,8791.053987688198,8791.053987688198,10.603579164957923,8791.053987688196,optimize_single_point_makespan_lssp,8791.053987688198,56.51880359649658,8791.053987688198,8791.053987688198,,8791.053987688198,8076.088900933396,9.741203742374585,10422.83627193305,optimize_single_point_makespan_lssp,8076.088900933396,59.628355979919434,6494.389822526937,8076.088900933396,,6494.389822526937,7365.927940385635,8.884622952906474,9495.020200351122,optimize_single_point_makespan_lssp,7365.927940385635,59.47890019416809,5505.825758057323,7365.927940385635,,5505.825758057323,4089.8606013098183,4.933101391524434,6514.082202625782,optimize_single_point_makespan_lssp,4089.8606013098183,46.35386061668396,3567.5424158096575,4089.8606013098183,,3567.5424158096575,True,True,False,0,,6414.682191356802,6426.274059914888,Valid solution; no area repair needed.,True,True,False,0,,6422.475464893849,6426.274059914888,Valid solution; no area repair needed.,True,True,False,0,,0.0,6426.274059914888,Valid solution; no area repair needed.,True,True,False,0,,1380.2280739079267,6426.274059914888,Valid solution; no area repair needed.,True,True,False,0,,6407.321280407879,6426.274059914888,Valid solution; no area repair needed.,True,True,False,0,,0.0,6426.274059914888,Valid solution; no area repair needed.,True,True,False,0,,0.0,6426.274059914888,Valid solution; no area repair needed.,True,True,False,0,,6074.037096229214,6426.274059914888,Valid solution; no area repair needed.,True,True,False,0,,6416.552754271612,6426.274059914888,Valid solution; no area repair needed.
2026-04-11 12:19:25,20260410-180015,squeeze_net_tosa_area-0.70_hwscale-0.10_hwvar-0.50_comm-1.00_seed-51,inputs/task_graph_topology/soda-benchmark-graphs/pytorch-graphs/squeeze_net_tosa.dot,179,0.1,0.5,1.0,0.7,51,969.4998945368147,,,,,,,,,,,,,,,,,,,,,,,,,,,,,,,,,,,,,,,,,,,,,,,,,,,,,,,,,,,,,,,,,5734.865152481959,5.915281873467176,9787.726677416742,optimize_single_point_makespan,8128.558318314222,0.5051290988922119,5746.955585811289,8128.558318314222,,5746.955585811289,7626.953568110597,7.866894685691974,9528.72865727207,optimize_swarm_makespan_lssp,7626.953568110597,2761.129785299301,5876.154806114333,7626.953568110597,,5876.154806114333,6319.861784083892,6.5186822811396485,8682.494796361794,optimize_random_makespan_lssp,6319.861784083892,2906.866837501526,5060.51936009631,6319.861784083892,,5060.51936009631,10010.557015369945,10.325485409312558,10010.557015369946,optimize_single_point_makespan_lssp,10010.557015369945,5.576159238815308,10010.557015369945,10010.557015369945,,10010.557015369945,10010.557015369945,10.325485409312558,10010.557015369946,optimize_single_point_makespan_lssp,10010.557015369945,5.568283319473267,10010.557015369945,10010.557015369945,,10010.557015369945,10010.557015369945,10.325485409312558,10010.557015369946,optimize_single_point_makespan_lssp,10010.557015369945,56.30611824989319,10010.557015369945,10010.557015369945,,10010.557015369945,8848.728064390521,9.127105752412755,10989.442085338274,optimize_single_point_makespan_lssp,8848.728064390521,59.74461221694946,6738.402785571053,8848.728064390521,,6738.402785571053,7768.777072953657,8.013179905156404,10402.187401436606,optimize_single_point_makespan_lssp,7768.777072953657,59.635743379592896,6178.207428801002,7768.777072953657,,6178.207428801002,4673.654519272035,4.8206859491252505,7224.910668191397,optimize_single_point_makespan_lssp,4673.654519272035,48.81198859214783,4123.196451135378,4673.654519272035,,4123.196451135378,True,True,False,0,,6059.85114833073,6061.021578145591,Valid solution; no area repair needed.,True,True,False,0,,6057.16804416605,6061.021578145591,Valid solution; no area repair needed.,True,True,False,0,,0.0,6061.021578145591,Valid solution; no area repair needed.,True,True,False,0,,5759.9989735360705,6061.021578145591,Valid solution; no area repair needed.,True,True,False,0,,5908.06347605448,6061.021578145591,Valid solution; no area repair needed.,True,True,False,0,,0.0,6061.021578145591,Valid solution; no area repair needed.,True,True,False,0,,0.0,6061.021578145591,Valid solution; no area repair needed.,True,True,False,0,,5687.176278313855,6061.021578145591,Valid solution; no area repair needed.,True,True,False,0,,5698.331523666313,6061.021578145591,Valid solution; no area repair needed.
2026-04-11 13:58:22,20260410-180015,squeeze_net_tosa_area-0.90_hwscale-0.10_hwvar-0.50_comm-1.00_seed-42,inputs/task_graph_topology/soda-benchmark-graphs/pytorch-graphs/squeeze_net_tosa.dot,179,0.1,0.5,1.0,0.9,42,863.2964840752181,,,,,,,,,,,,,,,,,,,,,,,,,,,,,,,,,,,,,,,,,,,,,,,,,,,,,,,,,,,,,,,,,1260.8232268293455,1.4604753408441904,2397.086875872346,optimize_single_point_makespan,1661.8047060933143,0.4706592559814453,1260.8232268293455,1661.8047060933143,,1260.8232268293455,2233.646009680681,2.58734519470841,3012.534732679082,optimize_swarm_makespan_lssp,2233.646009680681,2764.5958387851715,1812.2997619283722,2233.646009680681,,1812.2997619283722,2625.4632079312673,3.0412068812532236,4009.7020747407296,optimize_random_makespan_lssp,2625.4632079312673,2927.541002035141,2173.3401082336572,2625.4632079312673,,2173.3401082336572,8671.958553309743,10.04516839032344,8671.958553309745,optimize_single_point_makespan_lssp,8671.958553309743,5.60663914680481,8671.958553309743,8671.958553309743,,8671.958553309743,8671.958553309743,10.04516839032344,8671.958553309745,optimize_single_point_makespan_lssp,8671.958553309743,5.56718635559082,8671.958553309743,8671.958553309743,,8671.958553309743,8671.958553309743,10.04516839032344,8671.958553309745,optimize_single_point_makespan_lssp,8671.958553309743,56.287611961364746,8671.958553309743,8671.958553309743,,8671.958553309743,8622.792288795274,9.988216618340795,11275.871187313602,optimize_single_point_makespan_lssp,8622.792288795274,59.6327223777771,6414.565479650811,8622.792288795274,,6414.565479650811,8281.579676487829,9.59297278426801,10528.818559815878,optimize_single_point_makespan_lssp,8281.579676487829,59.56368899345398,5748.9939066522475,8281.579676487829,,5748.9939066522475,2494.1618596494122,2.889113885736732,3761.675961543511,optimize_single_point_makespan_lssp,2494.1618596494122,56.77439308166504,2097.734334613776,2494.1618596494122,,2097.734334613776,True,True,False,0,,8298.498235405266,8697.436444144609,Valid solution; no area repair needed.,True,True,False,0,,8697.05720097049,8697.436444144609,Valid solution; no area repair needed.,True,True,False,0,,0.0,8697.436444144609,Valid solution; no area repair needed.,True,True,False,0,,8677.23200612618,8697.436444144609,Valid solution; no area repair needed.,True,True,False,0,,8533.272175269904,8697.436444144609,Valid solution; no area repair needed.,True,True,False,0,,0.0,8697.436444144609,Valid solution; no area repair needed.,True,True,False,0,,0.0,8697.436444144609,Valid solution; no area repair needed.,True,True,False,0,,6210.602239134744,8697.436444144609,Valid solution; no area repair needed.,True,True,False,0,,6905.1880975264,8697.436444144609,Valid solution; no area repair needed.
2026-04-11 15:37:05,20260410-180015,squeeze_net_tosa_area-0.90_hwscale-0.10_hwvar-0.50_comm-1.00_seed-43,inputs/task_graph_topology/soda-benchmark-graphs/pytorch-graphs/squeeze_net_tosa.dot,179,0.1,0.5,1.0,0.9,43,924.8477550363816,,,,,,,,,,,,,,,,,,,,,,,,,,,,,,,,,,,,,,,,,,,,,,,,,,,,,,,,,,,,,,,,,1577.7762906848284,1.7059848846394852,3682.8577365433994,optimize_single_point_makespan,2603.8743685911722,0.6088950634002686,1577.7762906848284,2603.8743685911722,,1577.7762906848284,2548.970294369939,2.756097185173648,3694.3569052026364,optimize_swarm_makespan_lssp,2548.970294369939,2762.2738857269287,1846.6590887750895,2548.970294369939,,1846.6590887750895,2829.4052228234145,3.059319987982359,4169.222130126415,optimize_random_makespan_lssp,2829.4052228234145,2917.6111612319946,2028.8843728551751,2829.4052228234145,,2028.8843728551751,9211.593475920748,9.960118760907175,9211.593475920747,optimize_single_point_makespan_lssp,9211.593475920748,5.595417261123657,9211.593475920747,9211.593475920748,,9211.593475920747,9211.593475920748,9.960118760907175,9211.593475920747,optimize_single_point_makespan_lssp,9211.593475920748,5.580643177032471,9211.593475920747,9211.593475920748,,9211.593475920747,9211.593475920748,9.960118760907175,9211.593475920747,optimize_single_point_makespan_lssp,9211.593475920748,56.34381651878357,9211.593475920747,9211.593475920748,,9211.593475920747,8450.632791203472,9.137323137980738,11320.694027744252,optimize_single_point_makespan_lssp,8450.632791203472,59.7560670375824,5564.138961309536,8450.632791203472,,5564.138961309536,7595.487385075564,8.212689433167055,10135.519997803007,optimize_single_point_makespan_lssp,7595.487385075564,59.261242628097534,5457.164195054026,7595.487385075564,,5457.164195054026,1644.0350389158311,1.7776277554473365,2608.895106451773,optimize_single_point_makespan_lssp,1644.0350389158311,55.53625512123108,1466.3314877689982,1644.0350389158311,,1466.3314877689982,True,True,False,0,,7601.713251992813,7609.072805280898,Valid solution; no area repair needed.,True,True,False,0,,7607.866936635956,7609.072805280898,Valid solution; no area repair needed.,True,True,False,0,,0.0,7609.072805280898,Valid solution; no area repair needed.,True,True,False,0,,7599.204796016358,7609.072805280898,Valid solution; no area repair needed.,True,True,False,0,,7537.771227330592,7609.072805280898,Valid solution; no area repair needed.,True,True,False,0,,0.0,7609.072805280898,Valid solution; no area repair needed.,True,True,False,0,,0.0,7609.072805280898,Valid solution; no area repair needed.,True,True,False,0,,5617.878451970011,7609.072805280898,Valid solution; no area repair needed.,True,True,False,0,,5583.292893569585,7609.072805280898,Valid solution; no area repair needed.
2026-04-11 17:15:34,20260410-180015,squeeze_net_tosa_area-0.90_hwscale-0.10_hwvar-0.50_comm-1.00_seed-44,inputs/task_graph_topology/soda-benchmark-graphs/pytorch-graphs/squeeze_net_tosa.dot,179,0.1,0.5,1.0,0.9,44,880.3975676869239,,,,,,,,,,,,,,,,,,,,,,,,,,,,,,,,,,,,,,,,,,,,,,,,,,,,,,,,,,,,,,,,,1399.4894979047149,1.5896108181916104,2874.8358696364216,optimize_single_point_makespan,1972.1417026416955,0.6425106525421143,1399.4894979047149,1972.1417026416955,,1399.4894979047149,2266.8665619453072,2.574821472872835,3188.4746240118466,optimize_swarm_makespan_lssp,2266.8665619453072,2745.545336484909,1714.4754364000703,2266.8665619453072,,1714.4754364000703,2791.108520737715,3.170281953493827,3808.941385462174,optimize_random_makespan_lssp,2791.108520737715,2919.1309275627136,2177.2756458494214,2791.108520737715,,2177.2756458494214,8543.037518026596,9.703613266983224,8543.037518026593,optimize_single_point_makespan_lssp,8543.037518026596,5.668215990066528,8543.037518026596,8543.037518026596,,8543.037518026596,8543.037518026596,9.703613266983224,8543.037518026593,optimize_single_point_makespan_lssp,8543.037518026596,5.636600732803345,8543.037518026596,8543.037518026596,,8543.037518026596,8543.037518026596,9.703613266983224,8543.037518026593,optimize_single_point_makespan_lssp,8543.037518026596,56.24180841445923,8543.037518026596,8543.037518026596,,8543.037518026596,8241.432012690151,9.361034508924117,10416.54057331419,optimize_single_point_makespan_lssp,8241.432012690151,60.1123206615448,6514.877816516254,8241.432012690151,,6514.877816516254,8207.52495822582,9.322521164829567,10573.9068516861,optimize_single_point_makespan_lssp,8207.52495822582,60.03774881362915,5968.445285406475,8207.52495822582,,5968.445285406475,2107.72723413279,2.3940629909626394,3245.7003555022297,optimize_single_point_makespan_lssp,2107.72723413279,55.333096742630005,1967.9878427956494,2107.72723413279,,1967.9878427956494,True,True,False,0,,7882.137713083159,7905.635120642172,Valid solution; no area repair needed.,True,True,False,0,,7905.610206393458,7905.635120642172,Valid solution; no area repair needed.,True,True,False,0,,0.0,7905.635120642172,Valid solution; no area repair needed.,True,True,False,0,,7872.682512359286,7905.635120642172,Valid solution; no area repair needed.,True,True,False,0,,7768.987873318108,7905.635120642172,Valid solution; no area repair needed.,True,True,False,0,,0.0,7905.635120642172,Valid solution; no area repair needed.,True,True,False,0,,0.0,7905.635120642172,Valid solution; no area repair needed.,True,True,False,0,,5382.026711153843,7905.635120642172,Valid solution; no area repair needed.,True,True,False,0,,5308.813790867924,7905.635120642172,Valid solution; no area repair needed.
