graph_name,graph_file,source_config,phase,event,stage,candidate_label,candidate_mode,epoch,global_step,operation_index,iteration,accepted,training_end,soft_seq_makespan,threshold_lssp_static,threshold_lssp_learned_swprio,postprocess_lssp_cost,delta_from_prev,threshold_partition_valid,threshold_hw_nodes,threshold_hw_area,threshold_budget,tau,order_tau,loss,area_frac,area_penalty,selection_metric_train,selection_metric_final,notes
paper_fig3_11node,inputs/task_graph_topology/custom/paper_fig3_11node.dot,/people/dass304/dass304/HWSWpartition/hw-sw-partition-metaheur/BatchExperiments/Ablation/diff_gnn_order_lssp_trace/paper_fig3_11node/seed-42/run-20260412-142043/config/paper_fig3_11node_seed-42_ablation.yaml,train,epoch,train,thresholded_partition,threshold,1,1.0,0,1,False,False,68.91402435302734,44.0,44.0,nan,nan,True,4,14.0,22.0,0.9982,0.9984,194631.734375,0.48605161905288696,nan,queue,queue,per_epoch_trace
paper_fig3_11node,inputs/task_graph_topology/custom/paper_fig3_11node.dot,/people/dass304/dass304/HWSWpartition/hw-sw-partition-metaheur/BatchExperiments/Ablation/diff_gnn_order_lssp_trace/paper_fig3_11node/seed-42/run-20260412-142043/config/paper_fig3_11node_seed-42_ablation.yaml,train,epoch,train,thresholded_partition,threshold,2,2.0,0,2,False,False,85.74340057373047,54.0,57.0,nan,nan,False,5,24.0,22.0,0.9964,0.9968,125920.4453125,0.5112173557281494,nan,queue,queue,per_epoch_trace
paper_fig3_11node,inputs/task_graph_topology/custom/paper_fig3_11node.dot,/people/dass304/dass304/HWSWpartition/hw-sw-partition-metaheur/BatchExperiments/Ablation/diff_gnn_order_lssp_trace/paper_fig3_11node/seed-42/run-20260412-142043/config/paper_fig3_11node_seed-42_ablation.yaml,train,epoch,train,thresholded_partition,threshold,3,3.0,0,3,False,False,61.47439193725586,43.0,41.0,nan,nan,True,4,15.0,22.0,0.9946,0.9952,56992.66796875,0.49245506525039673,nan,queue,queue,per_epoch_trace
paper_fig3_11node,inputs/task_graph_topology/custom/paper_fig3_11node.dot,/people/dass304/dass304/HWSWpartition/hw-sw-partition-metaheur/BatchExperiments/Ablation/diff_gnn_order_lssp_trace/paper_fig3_11node/seed-42/run-20260412-142043/config/paper_fig3_11node_seed-42_ablation.yaml,train,epoch,train,thresholded_partition,threshold,4,4.0,0,4,False,False,60.540809631347656,47.0,45.0,nan,nan,True,4,17.0,22.0,0.9928,0.9936,254174.46875,0.51594078540802,nan,queue,queue,per_epoch_trace
paper_fig3_11node,inputs/task_graph_topology/custom/paper_fig3_11node.dot,/people/dass304/dass304/HWSWpartition/hw-sw-partition-metaheur/BatchExperiments/Ablation/diff_gnn_order_lssp_trace/paper_fig3_11node/seed-42/run-20260412-142043/config/paper_fig3_11node_seed-42_ablation.yaml,train,epoch,train,thresholded_partition,threshold,5,5.0,0,5,False,False,73.31831359863281,57.0,61.0,nan,nan,False,7,29.0,22.0,0.991,0.992,24907.912109375,0.5049828886985779,nan,queue,queue,per_epoch_trace
paper_fig3_11node,inputs/task_graph_topology/custom/paper_fig3_11node.dot,/people/dass304/dass304/HWSWpartition/hw-sw-partition-metaheur/BatchExperiments/Ablation/diff_gnn_order_lssp_trace/paper_fig3_11node/seed-42/run-20260412-142043/config/paper_fig3_11node_seed-42_ablation.yaml,train,epoch,train,thresholded_partition,threshold,6,6.0,0,6,False,False,69.10845947265625,44.0,44.0,nan,nan,True,4,15.0,22.0,0.9892,0.9904,130359.7109375,0.4885857403278351,nan,queue,queue,per_epoch_trace
paper_fig3_11node,inputs/task_graph_topology/custom/paper_fig3_11node.dot,/people/dass304/dass304/HWSWpartition/hw-sw-partition-metaheur/BatchExperiments/Ablation/diff_gnn_order_lssp_trace/paper_fig3_11node/seed-42/run-20260412-142043/config/paper_fig3_11node_seed-42_ablation.yaml,train,epoch,train,thresholded_partition,threshold,7,7.0,0,7,False,False,70.04736328125,50.0,55.0,nan,nan,False,6,25.0,22.0,0.9874,0.9888,113339.546875,0.48935744166374207,nan,queue,queue,per_epoch_trace
paper_fig3_11node,inputs/task_graph_topology/custom/paper_fig3_11node.dot,/people/dass304/dass304/HWSWpartition/hw-sw-partition-metaheur/BatchExperiments/Ablation/diff_gnn_order_lssp_trace/paper_fig3_11node/seed-42/run-20260412-142043/config/paper_fig3_11node_seed-42_ablation.yaml,train,epoch,train,thresholded_partition,threshold,8,8.0,0,8,False,False,58.84160232543945,47.0,42.0,nan,nan,True,5,21.0,22.0,0.9856,0.9872,133884.296875,0.5115680694580078,nan,queue,queue,per_epoch_trace
paper_fig3_11node,inputs/task_graph_topology/custom/paper_fig3_11node.dot,/people/dass304/dass304/HWSWpartition/hw-sw-partition-metaheur/BatchExperiments/Ablation/diff_gnn_order_lssp_trace/paper_fig3_11node/seed-42/run-20260412-142043/config/paper_fig3_11node_seed-42_ablation.yaml,train,epoch,train,thresholded_partition,threshold,9,9.0,0,9,False,False,70.63976287841797,56.0,59.0,nan,nan,False,5,25.0,22.0,0.9838,0.9856,607938.5,0.5246548652648926,nan,queue,queue,per_epoch_trace
paper_fig3_11node,inputs/task_graph_topology/custom/paper_fig3_11node.dot,/people/dass304/dass304/HWSWpartition/hw-sw-partition-metaheur/BatchExperiments/Ablation/diff_gnn_order_lssp_trace/paper_fig3_11node/seed-42/run-20260412-142043/config/paper_fig3_11node_seed-42_ablation.yaml,train,epoch,train,thresholded_partition,threshold,10,10.0,0,10,False,False,66.09939575195312,41.0,47.0,nan,nan,False,6,26.0,22.0,0.982,0.984,368302.96875,0.5191893577575684,nan,queue,queue,per_epoch_trace
paper_fig3_11node,inputs/task_graph_topology/custom/paper_fig3_11node.dot,/people/dass304/dass304/HWSWpartition/hw-sw-partition-metaheur/BatchExperiments/Ablation/diff_gnn_order_lssp_trace/paper_fig3_11node/seed-42/run-20260412-142043/config/paper_fig3_11node_seed-42_ablation.yaml,train,epoch,train,thresholded_partition,threshold,11,11.0,0,11,False,False,82.33633422851562,42.0,47.0,nan,nan,True,6,21.0,22.0,0.9802,0.9824,397015.125,0.48007696866989136,nan,queue,queue,per_epoch_trace
paper_fig3_11node,inputs/task_graph_topology/custom/paper_fig3_11node.dot,/people/dass304/dass304/HWSWpartition/hw-sw-partition-metaheur/BatchExperiments/Ablation/diff_gnn_order_lssp_trace/paper_fig3_11node/seed-42/run-20260412-142043/config/paper_fig3_11node_seed-42_ablation.yaml,train,epoch,train,thresholded_partition,threshold,12,12.0,0,12,False,False,68.08367919921875,54.0,54.0,nan,nan,True,6,22.0,22.0,0.9784,0.9808,100169.859375,0.48999518156051636,nan,queue,queue,per_epoch_trace
paper_fig3_11node,inputs/task_graph_topology/custom/paper_fig3_11node.dot,/people/dass304/dass304/HWSWpartition/hw-sw-partition-metaheur/BatchExperiments/Ablation/diff_gnn_order_lssp_trace/paper_fig3_11node/seed-42/run-20260412-142043/config/paper_fig3_11node_seed-42_ablation.yaml,train,epoch,train,thresholded_partition,threshold,13,13.0,0,13,False,False,69.14757537841797,44.0,43.0,nan,nan,False,6,23.0,22.0,0.9766,0.9792,59396.9765625,0.492297887802124,nan,queue,queue,per_epoch_trace
paper_fig3_11node,inputs/task_graph_topology/custom/paper_fig3_11node.dot,/people/dass304/dass304/HWSWpartition/hw-sw-partition-metaheur/BatchExperiments/Ablation/diff_gnn_order_lssp_trace/paper_fig3_11node/seed-42/run-20260412-142043/config/paper_fig3_11node_seed-42_ablation.yaml,train,epoch,train,thresholded_partition,threshold,14,14.0,0,14,False,False,68.17929077148438,31.0,37.0,nan,nan,False,7,28.0,22.0,0.9748,0.9776,102782.109375,0.5101345181465149,nan,queue,queue,per_epoch_trace
paper_fig3_11node,inputs/task_graph_topology/custom/paper_fig3_11node.dot,/people/dass304/dass304/HWSWpartition/hw-sw-partition-metaheur/BatchExperiments/Ablation/diff_gnn_order_lssp_trace/paper_fig3_11node/seed-42/run-20260412-142043/config/paper_fig3_11node_seed-42_ablation.yaml,train,epoch,train,thresholded_partition,threshold,15,15.0,0,15,False,False,77.0518798828125,64.0,64.0,nan,nan,False,6,24.0,22.0,0.973,0.976,82.52782440185547,0.5000066757202148,nan,queue,queue,per_epoch_trace
paper_fig3_11node,inputs/task_graph_topology/custom/paper_fig3_11node.dot,/people/dass304/dass304/HWSWpartition/hw-sw-partition-metaheur/BatchExperiments/Ablation/diff_gnn_order_lssp_trace/paper_fig3_11node/seed-42/run-20260412-142043/config/paper_fig3_11node_seed-42_ablation.yaml,train,epoch,train,thresholded_partition,threshold,16,16.0,0,16,False,False,75.03219604492188,63.0,62.0,nan,nan,False,6,27.0,22.0,0.9712,0.9744,45590.5625,0.5067461133003235,nan,queue,queue,per_epoch_trace
paper_fig3_11node,inputs/task_graph_topology/custom/paper_fig3_11node.dot,/people/dass304/dass304/HWSWpartition/hw-sw-partition-metaheur/BatchExperiments/Ablation/diff_gnn_order_lssp_trace/paper_fig3_11node/seed-42/run-20260412-142043/config/paper_fig3_11node_seed-42_ablation.yaml,train,epoch,train,thresholded_partition,threshold,17,17.0,0,17,False,False,76.05120086669922,63.0,63.0,nan,nan,False,6,23.0,22.0,0.9694,0.9728,343929.0625,0.5185431241989136,nan,queue,queue,per_epoch_trace
paper_fig3_11node,inputs/task_graph_topology/custom/paper_fig3_11node.dot,/people/dass304/dass304/HWSWpartition/hw-sw-partition-metaheur/BatchExperiments/Ablation/diff_gnn_order_lssp_trace/paper_fig3_11node/seed-42/run-20260412-142043/config/paper_fig3_11node_seed-42_ablation.yaml,train,epoch,train,thresholded_partition,threshold,18,18.0,0,18,False,False,69.21056365966797,37.0,44.0,nan,nan,True,5,21.0,22.0,0.9676,0.9712,14249.240234375,0.5037649273872375,nan,queue,queue,per_epoch_trace
paper_fig3_11node,inputs/task_graph_topology/custom/paper_fig3_11node.dot,/people/dass304/dass304/HWSWpartition/hw-sw-partition-metaheur/BatchExperiments/Ablation/diff_gnn_order_lssp_trace/paper_fig3_11node/seed-42/run-20260412-142043/config/paper_fig3_11node_seed-42_ablation.yaml,train,epoch,train,thresholded_partition,threshold,19,19.0,0,19,False,False,60.33662033081055,51.0,54.0,nan,nan,True,3,13.0,22.0,0.9658,0.9696,543.8569946289062,0.49930837750434875,nan,queue,queue,per_epoch_trace
paper_fig3_11node,inputs/task_graph_topology/custom/paper_fig3_11node.dot,/people/dass304/dass304/HWSWpartition/hw-sw-partition-metaheur/BatchExperiments/Ablation/diff_gnn_order_lssp_trace/paper_fig3_11node/seed-42/run-20260412-142043/config/paper_fig3_11node_seed-42_ablation.yaml,train,epoch,train,thresholded_partition,threshold,20,20.0,0,20,False,False,79.21358489990234,50.0,50.0,nan,nan,False,8,31.0,22.0,0.964,0.968,681.4004516601562,0.5007724165916443,nan,queue,queue,per_epoch_trace
paper_fig3_11node,inputs/task_graph_topology/custom/paper_fig3_11node.dot,/people/dass304/dass304/HWSWpartition/hw-sw-partition-metaheur/BatchExperiments/Ablation/diff_gnn_order_lssp_trace/paper_fig3_11node/seed-42/run-20260412-142043/config/paper_fig3_11node_seed-42_ablation.yaml,train,epoch,train,thresholded_partition,threshold,21,21.0,0,21,False,False,81.02429962158203,56.0,59.0,nan,nan,False,6,24.0,22.0,0.9621999999999999,0.9664,8764.646484375,0.5029458403587341,nan,queue,queue,per_epoch_trace
paper_fig3_11node,inputs/task_graph_topology/custom/paper_fig3_11node.dot,/people/dass304/dass304/HWSWpartition/hw-sw-partition-metaheur/BatchExperiments/Ablation/diff_gnn_order_lssp_trace/paper_fig3_11node/seed-42/run-20260412-142043/config/paper_fig3_11node_seed-42_ablation.yaml,train,epoch,train,thresholded_partition,threshold,22,22.0,0,22,False,False,71.48741912841797,53.0,62.0,nan,nan,True,5,21.0,22.0,0.9604,0.9648,905.4571533203125,0.5009102821350098,nan,queue,queue,per_epoch_trace
paper_fig3_11node,inputs/task_graph_topology/custom/paper_fig3_11node.dot,/people/dass304/dass304/HWSWpartition/hw-sw-partition-metaheur/BatchExperiments/Ablation/diff_gnn_order_lssp_trace/paper_fig3_11node/seed-42/run-20260412-142043/config/paper_fig3_11node_seed-42_ablation.yaml,train,epoch,train,thresholded_partition,threshold,23,23.0,0,23,False,False,72.03726959228516,45.0,45.0,nan,nan,True,4,17.0,22.0,0.9586,0.9632000000000001,42400.37109375,0.4934943914413452,nan,queue,queue,per_epoch_trace
paper_fig3_11node,inputs/task_graph_topology/custom/paper_fig3_11node.dot,/people/dass304/dass304/HWSWpartition/hw-sw-partition-metaheur/BatchExperiments/Ablation/diff_gnn_order_lssp_trace/paper_fig3_11node/seed-42/run-20260412-142043/config/paper_fig3_11node_seed-42_ablation.yaml,train,epoch,train,thresholded_partition,threshold,24,24.0,0,24,False,False,58.014278411865234,46.0,46.0,nan,nan,True,5,19.0,22.0,0.9568,0.9616,2341.03955078125,0.5015092492103577,nan,queue,queue,per_epoch_trace
paper_fig3_11node,inputs/task_graph_topology/custom/paper_fig3_11node.dot,/people/dass304/dass304/HWSWpartition/hw-sw-partition-metaheur/BatchExperiments/Ablation/diff_gnn_order_lssp_trace/paper_fig3_11node/seed-42/run-20260412-142043/config/paper_fig3_11node_seed-42_ablation.yaml,train,epoch,train,thresholded_partition,threshold,25,25.0,0,25,False,False,60.723793029785156,41.0,38.0,nan,nan,False,6,26.0,22.0,0.955,0.96,288028.09375,0.5169694423675537,nan,queue,queue,per_epoch_trace
paper_fig3_11node,inputs/task_graph_topology/custom/paper_fig3_11node.dot,/people/dass304/dass304/HWSWpartition/hw-sw-partition-metaheur/BatchExperiments/Ablation/diff_gnn_order_lssp_trace/paper_fig3_11node/seed-42/run-20260412-142043/config/paper_fig3_11node_seed-42_ablation.yaml,train,epoch,train,thresholded_partition,threshold,26,26.0,0,26,False,False,78.48544311523438,47.0,47.0,nan,nan,True,5,20.0,22.0,0.9532,0.9584,24742.87109375,0.49503421783447266,nan,queue,queue,per_epoch_trace
paper_fig3_11node,inputs/task_graph_topology/custom/paper_fig3_11node.dot,/people/dass304/dass304/HWSWpartition/hw-sw-partition-metaheur/BatchExperiments/Ablation/diff_gnn_order_lssp_trace/paper_fig3_11node/seed-42/run-20260412-142043/config/paper_fig3_11node_seed-42_ablation.yaml,train,epoch,train,thresholded_partition,threshold,27,27.0,0,27,False,False,70.99877166748047,43.0,43.0,nan,nan,False,7,28.0,22.0,0.9514,0.9568,214592.03125,0.5146463513374329,nan,queue,queue,per_epoch_trace
paper_fig3_11node,inputs/task_graph_topology/custom/paper_fig3_11node.dot,/people/dass304/dass304/HWSWpartition/hw-sw-partition-metaheur/BatchExperiments/Ablation/diff_gnn_order_lssp_trace/paper_fig3_11node/seed-42/run-20260412-142043/config/paper_fig3_11node_seed-42_ablation.yaml,train,epoch,train,thresholded_partition,threshold,28,28.0,0,28,False,False,74.86296844482422,58.0,62.0,nan,nan,False,7,28.0,22.0,0.9496,0.9552,27706.0859375,0.5052559971809387,nan,queue,queue,per_epoch_trace
paper_fig3_11node,inputs/task_graph_topology/custom/paper_fig3_11node.dot,/people/dass304/dass304/HWSWpartition/hw-sw-partition-metaheur/BatchExperiments/Ablation/diff_gnn_order_lssp_trace/paper_fig3_11node/seed-42/run-20260412-142043/config/paper_fig3_11node_seed-42_ablation.yaml,train,epoch,train,thresholded_partition,threshold,29,29.0,0,29,False,False,66.08525848388672,44.0,45.0,nan,nan,True,5,17.0,22.0,0.9478,0.9536,632059.0625,0.47486063838005066,nan,queue,queue,per_epoch_trace
paper_fig3_11node,inputs/task_graph_topology/custom/paper_fig3_11node.dot,/people/dass304/dass304/HWSWpartition/hw-sw-partition-metaheur/BatchExperiments/Ablation/diff_gnn_order_lssp_trace/paper_fig3_11node/seed-42/run-20260412-142043/config/paper_fig3_11node_seed-42_ablation.yaml,train,epoch,train,thresholded_partition,threshold,30,30.0,0,30,False,False,67.90907287597656,40.0,40.0,nan,nan,True,4,15.0,22.0,0.946,0.952,91869.296875,0.4904189705848694,nan,queue,queue,per_epoch_trace
paper_fig3_11node,inputs/task_graph_topology/custom/paper_fig3_11node.dot,/people/dass304/dass304/HWSWpartition/hw-sw-partition-metaheur/BatchExperiments/Ablation/diff_gnn_order_lssp_trace/paper_fig3_11node/seed-42/run-20260412-142043/config/paper_fig3_11node_seed-42_ablation.yaml,train,epoch,train,thresholded_partition,threshold,31,31.0,0,31,False,False,59.807159423828125,51.0,49.0,nan,nan,True,2,8.0,22.0,0.9442,0.9504,38989.28515625,0.4937610626220703,nan,queue,queue,per_epoch_trace
paper_fig3_11node,inputs/task_graph_topology/custom/paper_fig3_11node.dot,/people/dass304/dass304/HWSWpartition/hw-sw-partition-metaheur/BatchExperiments/Ablation/diff_gnn_order_lssp_trace/paper_fig3_11node/seed-42/run-20260412-142043/config/paper_fig3_11node_seed-42_ablation.yaml,train,epoch,train,thresholded_partition,threshold,32,32.0,0,32,False,False,62.7730712890625,41.0,41.0,nan,nan,True,4,14.0,22.0,0.9424,0.9488,194.0955810546875,0.5003551244735718,nan,queue,queue,per_epoch_trace
paper_fig3_11node,inputs/task_graph_topology/custom/paper_fig3_11node.dot,/people/dass304/dass304/HWSWpartition/hw-sw-partition-metaheur/BatchExperiments/Ablation/diff_gnn_order_lssp_trace/paper_fig3_11node/seed-42/run-20260412-142043/config/paper_fig3_11node_seed-42_ablation.yaml,train,epoch,train,thresholded_partition,threshold,33,33.0,0,33,False,False,64.67687225341797,40.0,40.0,nan,nan,True,5,17.0,22.0,0.9406,0.9472,23580.837890625,0.49515119194984436,nan,queue,queue,per_epoch_trace
paper_fig3_11node,inputs/task_graph_topology/custom/paper_fig3_11node.dot,/people/dass304/dass304/HWSWpartition/hw-sw-partition-metaheur/BatchExperiments/Ablation/diff_gnn_order_lssp_trace/paper_fig3_11node/seed-42/run-20260412-142043/config/paper_fig3_11node_seed-42_ablation.yaml,train,epoch,train,thresholded_partition,threshold,34,34.0,0,34,False,False,62.324275970458984,43.0,49.0,nan,nan,True,4,15.0,22.0,0.9388,0.9456,1268.4229736328125,0.5010957717895508,nan,queue,queue,per_epoch_trace
paper_fig3_11node,inputs/task_graph_topology/custom/paper_fig3_11node.dot,/people/dass304/dass304/HWSWpartition/hw-sw-partition-metaheur/BatchExperiments/Ablation/diff_gnn_order_lssp_trace/paper_fig3_11node/seed-42/run-20260412-142043/config/paper_fig3_11node_seed-42_ablation.yaml,train,epoch,train,thresholded_partition,threshold,35,35.0,0,35,False,False,70.90093231201172,50.0,53.0,nan,nan,True,5,18.0,22.0,0.9369999999999999,0.944,101795.8046875,0.4899143874645233,nan,queue,queue,per_epoch_trace
paper_fig3_11node,inputs/task_graph_topology/custom/paper_fig3_11node.dot,/people/dass304/dass304/HWSWpartition/hw-sw-partition-metaheur/BatchExperiments/Ablation/diff_gnn_order_lssp_trace/paper_fig3_11node/seed-42/run-20260412-142043/config/paper_fig3_11node_seed-42_ablation.yaml,train,epoch,train,thresholded_partition,threshold,36,36.0,0,36,False,False,65.38411712646484,41.0,42.0,nan,nan,False,7,27.0,22.0,0.9352,0.9424,4220.81884765625,0.5020371675491333,nan,queue,queue,per_epoch_trace
paper_fig3_11node,inputs/task_graph_topology/custom/paper_fig3_11node.dot,/people/dass304/dass304/HWSWpartition/hw-sw-partition-metaheur/BatchExperiments/Ablation/diff_gnn_order_lssp_trace/paper_fig3_11node/seed-42/run-20260412-142043/config/paper_fig3_11node_seed-42_ablation.yaml,train,epoch,train,thresholded_partition,threshold,37,37.0,0,37,False,False,77.96471405029297,53.0,56.0,nan,nan,True,5,21.0,22.0,0.9334,0.9408,162.6793975830078,0.4997186064720154,nan,queue,queue,per_epoch_trace
paper_fig3_11node,inputs/task_graph_topology/custom/paper_fig3_11node.dot,/people/dass304/dass304/HWSWpartition/hw-sw-partition-metaheur/BatchExperiments/Ablation/diff_gnn_order_lssp_trace/paper_fig3_11node/seed-42/run-20260412-142043/config/paper_fig3_11node_seed-42_ablation.yaml,train,epoch,train,thresholded_partition,threshold,38,38.0,0,38,False,False,74.85853576660156,57.0,62.0,nan,nan,False,5,24.0,22.0,0.9316,0.9392,571.490966796875,0.5007007718086243,nan,queue,queue,per_epoch_trace
paper_fig3_11node,inputs/task_graph_topology/custom/paper_fig3_11node.dot,/people/dass304/dass304/HWSWpartition/hw-sw-partition-metaheur/BatchExperiments/Ablation/diff_gnn_order_lssp_trace/paper_fig3_11node/seed-42/run-20260412-142043/config/paper_fig3_11node_seed-42_ablation.yaml,train,epoch,train,thresholded_partition,threshold,39,39.0,0,39,False,False,56.67426300048828,44.0,49.0,nan,nan,False,5,25.0,22.0,0.9298,0.9376,262256.90625,0.5161924362182617,nan,queue,queue,per_epoch_trace
paper_fig3_11node,inputs/task_graph_topology/custom/paper_fig3_11node.dot,/people/dass304/dass304/HWSWpartition/hw-sw-partition-metaheur/BatchExperiments/Ablation/diff_gnn_order_lssp_trace/paper_fig3_11node/seed-42/run-20260412-142043/config/paper_fig3_11node_seed-42_ablation.yaml,train,epoch,train,thresholded_partition,threshold,40,40.0,0,40,False,False,67.92366027832031,50.0,48.0,nan,nan,False,7,32.0,22.0,0.9279999999999999,0.9359999999999999,248780.0,0.515770435333252,nan,queue,queue,per_epoch_trace
paper_fig3_11node,inputs/task_graph_topology/custom/paper_fig3_11node.dot,/people/dass304/dass304/HWSWpartition/hw-sw-partition-metaheur/BatchExperiments/Ablation/diff_gnn_order_lssp_trace/paper_fig3_11node/seed-42/run-20260412-142043/config/paper_fig3_11node_seed-42_ablation.yaml,train,epoch,train,thresholded_partition,threshold,41,41.0,0,41,False,False,60.85649490356445,30.0,33.0,nan,nan,True,5,22.0,22.0,0.9262,0.9344,850.9580078125,0.5008859634399414,nan,queue,queue,per_epoch_trace
paper_fig3_11node,inputs/task_graph_topology/custom/paper_fig3_11node.dot,/people/dass304/dass304/HWSWpartition/hw-sw-partition-metaheur/BatchExperiments/Ablation/diff_gnn_order_lssp_trace/paper_fig3_11node/seed-42/run-20260412-142043/config/paper_fig3_11node_seed-42_ablation.yaml,train,epoch,train,thresholded_partition,threshold,42,42.0,0,42,False,False,79.2015380859375,50.0,55.0,nan,nan,False,7,29.0,22.0,0.9244,0.9328,43338.734375,0.5065767765045166,nan,queue,queue,per_epoch_trace
paper_fig3_11node,inputs/task_graph_topology/custom/paper_fig3_11node.dot,/people/dass304/dass304/HWSWpartition/hw-sw-partition-metaheur/BatchExperiments/Ablation/diff_gnn_order_lssp_trace/paper_fig3_11node/seed-42/run-20260412-142043/config/paper_fig3_11node_seed-42_ablation.yaml,train,epoch,train,thresholded_partition,threshold,43,43.0,0,43,False,False,62.415252685546875,41.0,45.0,nan,nan,True,5,22.0,22.0,0.9226,0.9312,26120.4921875,0.5051041841506958,nan,queue,queue,per_epoch_trace
paper_fig3_11node,inputs/task_graph_topology/custom/paper_fig3_11node.dot,/people/dass304/dass304/HWSWpartition/hw-sw-partition-metaheur/BatchExperiments/Ablation/diff_gnn_order_lssp_trace/paper_fig3_11node/seed-42/run-20260412-142043/config/paper_fig3_11node_seed-42_ablation.yaml,train,epoch,train,thresholded_partition,threshold,44,44.0,0,44,False,False,59.12751007080078,34.0,35.0,nan,nan,True,4,18.0,22.0,0.9208000000000001,0.9296,306831.28125,0.5175147652626038,nan,queue,queue,per_epoch_trace
paper_fig3_11node,inputs/task_graph_topology/custom/paper_fig3_11node.dot,/people/dass304/dass304/HWSWpartition/hw-sw-partition-metaheur/BatchExperiments/Ablation/diff_gnn_order_lssp_trace/paper_fig3_11node/seed-42/run-20260412-142043/config/paper_fig3_11node_seed-42_ablation.yaml,train,epoch,train,thresholded_partition,threshold,45,45.0,0,45,False,False,68.01583099365234,59.0,60.0,nan,nan,True,5,20.0,22.0,0.919,0.928,2651.422119140625,0.5016056299209595,nan,queue,queue,per_epoch_trace
paper_fig3_11node,inputs/task_graph_topology/custom/paper_fig3_11node.dot,/people/dass304/dass304/HWSWpartition/hw-sw-partition-metaheur/BatchExperiments/Ablation/diff_gnn_order_lssp_trace/paper_fig3_11node/seed-42/run-20260412-142043/config/paper_fig3_11node_seed-42_ablation.yaml,train,epoch,train,thresholded_partition,threshold,46,46.0,0,46,False,False,60.67658615112305,40.0,40.0,nan,nan,True,5,18.0,22.0,0.9172,0.9264,81549.3671875,0.49097317457199097,nan,queue,queue,per_epoch_trace
paper_fig3_11node,inputs/task_graph_topology/custom/paper_fig3_11node.dot,/people/dass304/dass304/HWSWpartition/hw-sw-partition-metaheur/BatchExperiments/Ablation/diff_gnn_order_lssp_trace/paper_fig3_11node/seed-42/run-20260412-142043/config/paper_fig3_11node_seed-42_ablation.yaml,train,epoch,train,thresholded_partition,threshold,47,47.0,0,47,False,False,70.73237609863281,49.0,49.0,nan,nan,True,3,12.0,22.0,0.9154,0.9248,228.9809112548828,0.4996090829372406,nan,queue,queue,per_epoch_trace
paper_fig3_11node,inputs/task_graph_topology/custom/paper_fig3_11node.dot,/people/dass304/dass304/HWSWpartition/hw-sw-partition-metaheur/BatchExperiments/Ablation/diff_gnn_order_lssp_trace/paper_fig3_11node/seed-42/run-20260412-142043/config/paper_fig3_11node_seed-42_ablation.yaml,train,epoch,train,thresholded_partition,threshold,48,48.0,0,48,False,False,58.46088409423828,39.0,36.0,nan,nan,True,5,21.0,22.0,0.9136,0.9232,46968.25,0.5068486928939819,nan,queue,queue,per_epoch_trace
paper_fig3_11node,inputs/task_graph_topology/custom/paper_fig3_11node.dot,/people/dass304/dass304/HWSWpartition/hw-sw-partition-metaheur/BatchExperiments/Ablation/diff_gnn_order_lssp_trace/paper_fig3_11node/seed-42/run-20260412-142043/config/paper_fig3_11node_seed-42_ablation.yaml,train,epoch,train,thresholded_partition,threshold,49,49.0,0,49,False,False,57.120235443115234,32.0,35.0,nan,nan,True,6,21.0,22.0,0.9117999999999999,0.9216,199446.359375,0.48587965965270996,nan,queue,queue,per_epoch_trace
paper_fig3_11node,inputs/task_graph_topology/custom/paper_fig3_11node.dot,/people/dass304/dass304/HWSWpartition/hw-sw-partition-metaheur/BatchExperiments/Ablation/diff_gnn_order_lssp_trace/paper_fig3_11node/seed-42/run-20260412-142043/config/paper_fig3_11node_seed-42_ablation.yaml,train,epoch,train,thresholded_partition,threshold,50,50.0,0,50,False,False,61.42597198486328,57.0,60.0,nan,nan,True,5,22.0,22.0,0.91,0.9199999999999999,2450.112548828125,0.5015438199043274,nan,queue,queue,per_epoch_trace
paper_fig3_11node,inputs/task_graph_topology/custom/paper_fig3_11node.dot,/people/dass304/dass304/HWSWpartition/hw-sw-partition-metaheur/BatchExperiments/Ablation/diff_gnn_order_lssp_trace/paper_fig3_11node/seed-42/run-20260412-142043/config/paper_fig3_11node_seed-42_ablation.yaml,train,epoch,train,thresholded_partition,threshold,51,51.0,0,51,False,False,66.41268920898438,43.0,47.0,nan,nan,True,4,13.0,22.0,0.9082,0.9184,69881.0234375,0.49164479970932007,nan,queue,queue,per_epoch_trace
paper_fig3_11node,inputs/task_graph_topology/custom/paper_fig3_11node.dot,/people/dass304/dass304/HWSWpartition/hw-sw-partition-metaheur/BatchExperiments/Ablation/diff_gnn_order_lssp_trace/paper_fig3_11node/seed-42/run-20260412-142043/config/paper_fig3_11node_seed-42_ablation.yaml,train,epoch,train,thresholded_partition,threshold,52,52.0,0,52,False,False,58.941646575927734,35.0,33.0,nan,nan,True,6,22.0,22.0,0.9064,0.9168000000000001,7063.3681640625,0.5026456117630005,nan,queue,queue,per_epoch_trace
paper_fig3_11node,inputs/task_graph_topology/custom/paper_fig3_11node.dot,/people/dass304/dass304/HWSWpartition/hw-sw-partition-metaheur/BatchExperiments/Ablation/diff_gnn_order_lssp_trace/paper_fig3_11node/seed-42/run-20260412-142043/config/paper_fig3_11node_seed-42_ablation.yaml,train,epoch,train,thresholded_partition,threshold,53,53.0,0,53,False,False,58.638526916503906,53.0,58.0,nan,nan,True,5,18.0,22.0,0.9046,0.9152,100132.421875,0.4899965822696686,nan,queue,queue,per_epoch_trace
paper_fig3_11node,inputs/task_graph_topology/custom/paper_fig3_11node.dot,/people/dass304/dass304/HWSWpartition/hw-sw-partition-metaheur/BatchExperiments/Ablation/diff_gnn_order_lssp_trace/paper_fig3_11node/seed-42/run-20260412-142043/config/paper_fig3_11node_seed-42_ablation.yaml,train,epoch,train,thresholded_partition,threshold,54,54.0,0,54,False,False,67.7098159790039,54.0,63.0,nan,nan,True,4,12.0,22.0,0.9028,0.9136,205925.375,0.48565244674682617,nan,queue,queue,per_epoch_trace
paper_fig3_11node,inputs/task_graph_topology/custom/paper_fig3_11node.dot,/people/dass304/dass304/HWSWpartition/hw-sw-partition-metaheur/BatchExperiments/Ablation/diff_gnn_order_lssp_trace/paper_fig3_11node/seed-42/run-20260412-142043/config/paper_fig3_11node_seed-42_ablation.yaml,train,epoch,train,thresholded_partition,threshold,55,55.0,0,55,False,False,60.75445556640625,38.0,40.0,nan,nan,False,6,26.0,22.0,0.901,0.912,10661.390625,0.5032550692558289,nan,queue,queue,per_epoch_trace
paper_fig3_11node,inputs/task_graph_topology/custom/paper_fig3_11node.dot,/people/dass304/dass304/HWSWpartition/hw-sw-partition-metaheur/BatchExperiments/Ablation/diff_gnn_order_lssp_trace/paper_fig3_11node/seed-42/run-20260412-142043/config/paper_fig3_11node_seed-42_ablation.yaml,train,epoch,train,thresholded_partition,threshold,56,56.0,0,56,False,False,59.83024978637695,36.0,39.0,nan,nan,True,4,15.0,22.0,0.8992,0.9104,111225.9296875,0.4894567131996155,nan,queue,queue,per_epoch_trace
paper_fig3_11node,inputs/task_graph_topology/custom/paper_fig3_11node.dot,/people/dass304/dass304/HWSWpartition/hw-sw-partition-metaheur/BatchExperiments/Ablation/diff_gnn_order_lssp_trace/paper_fig3_11node/seed-42/run-20260412-142043/config/paper_fig3_11node_seed-42_ablation.yaml,train,epoch,train,thresholded_partition,threshold,57,57.0,0,57,False,False,56.13066482543945,39.0,37.0,nan,nan,True,5,18.0,22.0,0.8974,0.9088,157574.234375,0.487449586391449,nan,queue,queue,per_epoch_trace
paper_fig3_11node,inputs/task_graph_topology/custom/paper_fig3_11node.dot,/people/dass304/dass304/HWSWpartition/hw-sw-partition-metaheur/BatchExperiments/Ablation/diff_gnn_order_lssp_trace/paper_fig3_11node/seed-42/run-20260412-142043/config/paper_fig3_11node_seed-42_ablation.yaml,train,epoch,train,thresholded_partition,threshold,58,58.0,0,58,False,False,79.94125366210938,44.0,48.0,nan,nan,True,5,17.0,22.0,0.8956,0.9072,89475.546875,0.4905453622341156,nan,queue,queue,per_epoch_trace
paper_fig3_11node,inputs/task_graph_topology/custom/paper_fig3_11node.dot,/people/dass304/dass304/HWSWpartition/hw-sw-partition-metaheur/BatchExperiments/Ablation/diff_gnn_order_lssp_trace/paper_fig3_11node/seed-42/run-20260412-142043/config/paper_fig3_11node_seed-42_ablation.yaml,train,epoch,train,thresholded_partition,threshold,59,59.0,0,59,False,False,78.2457046508789,53.0,59.0,nan,nan,True,5,18.0,22.0,0.8938,0.9056,69590.1015625,0.4916629493236542,nan,queue,queue,per_epoch_trace
paper_fig3_11node,inputs/task_graph_topology/custom/paper_fig3_11node.dot,/people/dass304/dass304/HWSWpartition/hw-sw-partition-metaheur/BatchExperiments/Ablation/diff_gnn_order_lssp_trace/paper_fig3_11node/seed-42/run-20260412-142043/config/paper_fig3_11node_seed-42_ablation.yaml,train,epoch,train,thresholded_partition,threshold,60,60.0,0,60,False,False,65.24220275878906,49.0,61.0,nan,nan,True,3,10.0,22.0,0.892,0.904,15319.810546875,0.4960949718952179,nan,queue,queue,per_epoch_trace
paper_fig3_11node,inputs/task_graph_topology/custom/paper_fig3_11node.dot,/people/dass304/dass304/HWSWpartition/hw-sw-partition-metaheur/BatchExperiments/Ablation/diff_gnn_order_lssp_trace/paper_fig3_11node/seed-42/run-20260412-142043/config/paper_fig3_11node_seed-42_ablation.yaml,train,epoch,train,thresholded_partition,threshold,61,61.0,0,61,False,False,55.60211944580078,34.0,35.0,nan,nan,True,5,22.0,22.0,0.8902,0.9024,207.1743621826172,0.5003825426101685,nan,queue,queue,per_epoch_trace
paper_fig3_11node,inputs/task_graph_topology/custom/paper_fig3_11node.dot,/people/dass304/dass304/HWSWpartition/hw-sw-partition-metaheur/BatchExperiments/Ablation/diff_gnn_order_lssp_trace/paper_fig3_11node/seed-42/run-20260412-142043/config/paper_fig3_11node_seed-42_ablation.yaml,train,epoch,train,thresholded_partition,threshold,62,62.0,0,62,False,False,68.18698120117188,47.0,47.0,nan,nan,False,6,24.0,22.0,0.8884,0.9008,2679.9326171875,0.5016144514083862,nan,queue,queue,per_epoch_trace
paper_fig3_11node,inputs/task_graph_topology/custom/paper_fig3_11node.dot,/people/dass304/dass304/HWSWpartition/hw-sw-partition-metaheur/BatchExperiments/Ablation/diff_gnn_order_lssp_trace/paper_fig3_11node/seed-42/run-20260412-142043/config/paper_fig3_11node_seed-42_ablation.yaml,train,epoch,train,thresholded_partition,threshold,63,63.0,0,63,False,False,73.57360076904297,55.0,54.0,nan,nan,True,5,21.0,22.0,0.8866,0.8992,108543.5703125,0.48958536982536316,nan,queue,queue,per_epoch_trace
paper_fig3_11node,inputs/task_graph_topology/custom/paper_fig3_11node.dot,/people/dass304/dass304/HWSWpartition/hw-sw-partition-metaheur/BatchExperiments/Ablation/diff_gnn_order_lssp_trace/paper_fig3_11node/seed-42/run-20260412-142043/config/paper_fig3_11node_seed-42_ablation.yaml,train,epoch,train,thresholded_partition,threshold,64,64.0,0,64,False,False,61.50796127319336,35.0,38.0,nan,nan,False,6,26.0,22.0,0.8848,0.8976,39456.5625,0.5062761306762695,nan,queue,queue,per_epoch_trace
paper_fig3_11node,inputs/task_graph_topology/custom/paper_fig3_11node.dot,/people/dass304/dass304/HWSWpartition/hw-sw-partition-metaheur/BatchExperiments/Ablation/diff_gnn_order_lssp_trace/paper_fig3_11node/seed-42/run-20260412-142043/config/paper_fig3_11node_seed-42_ablation.yaml,train,epoch,train,thresholded_partition,threshold,65,65.0,0,65,False,False,81.04399871826172,45.0,45.0,nan,nan,False,8,31.0,22.0,0.883,0.896,34720.36328125,0.4941149652004242,nan,queue,queue,per_epoch_trace
paper_fig3_11node,inputs/task_graph_topology/custom/paper_fig3_11node.dot,/people/dass304/dass304/HWSWpartition/hw-sw-partition-metaheur/BatchExperiments/Ablation/diff_gnn_order_lssp_trace/paper_fig3_11node/seed-42/run-20260412-142043/config/paper_fig3_11node_seed-42_ablation.yaml,train,epoch,train,thresholded_partition,threshold,66,66.0,0,66,False,False,56.8221435546875,31.0,30.0,nan,nan,False,6,24.0,22.0,0.8812,0.8944,46632.0703125,0.49317577481269836,nan,queue,queue,per_epoch_trace
paper_fig3_11node,inputs/task_graph_topology/custom/paper_fig3_11node.dot,/people/dass304/dass304/HWSWpartition/hw-sw-partition-metaheur/BatchExperiments/Ablation/diff_gnn_order_lssp_trace/paper_fig3_11node/seed-42/run-20260412-142043/config/paper_fig3_11node_seed-42_ablation.yaml,train,epoch,train,thresholded_partition,threshold,67,67.0,0,67,False,False,69.77548217773438,58.0,62.0,nan,nan,False,7,28.0,22.0,0.8794,0.8928,48184.41015625,0.5069360733032227,nan,queue,queue,per_epoch_trace
paper_fig3_11node,inputs/task_graph_topology/custom/paper_fig3_11node.dot,/people/dass304/dass304/HWSWpartition/hw-sw-partition-metaheur/BatchExperiments/Ablation/diff_gnn_order_lssp_trace/paper_fig3_11node/seed-42/run-20260412-142043/config/paper_fig3_11node_seed-42_ablation.yaml,train,epoch,train,thresholded_partition,threshold,68,68.0,0,68,False,False,60.13037109375,64.0,71.0,nan,nan,True,5,20.0,22.0,0.8775999999999999,0.8912,4347.59130859375,0.49793070554733276,nan,queue,queue,per_epoch_trace
paper_fig3_11node,inputs/task_graph_topology/custom/paper_fig3_11node.dot,/people/dass304/dass304/HWSWpartition/hw-sw-partition-metaheur/BatchExperiments/Ablation/diff_gnn_order_lssp_trace/paper_fig3_11node/seed-42/run-20260412-142043/config/paper_fig3_11node_seed-42_ablation.yaml,train,epoch,train,thresholded_partition,threshold,69,69.0,0,69,False,False,68.23577117919922,56.0,59.0,nan,nan,False,8,33.0,22.0,0.8758,0.8896,288886.0625,0.5169944763183594,nan,queue,queue,per_epoch_trace
paper_fig3_11node,inputs/task_graph_topology/custom/paper_fig3_11node.dot,/people/dass304/dass304/HWSWpartition/hw-sw-partition-metaheur/BatchExperiments/Ablation/diff_gnn_order_lssp_trace/paper_fig3_11node/seed-42/run-20260412-142043/config/paper_fig3_11node_seed-42_ablation.yaml,train,epoch,train,thresholded_partition,threshold,70,70.0,0,70,False,False,74.2161636352539,60.0,59.0,nan,nan,False,7,31.0,22.0,0.874,0.888,37867.74609375,0.5061472058296204,nan,queue,queue,per_epoch_trace
paper_fig3_11node,inputs/task_graph_topology/custom/paper_fig3_11node.dot,/people/dass304/dass304/HWSWpartition/hw-sw-partition-metaheur/BatchExperiments/Ablation/diff_gnn_order_lssp_trace/paper_fig3_11node/seed-42/run-20260412-142043/config/paper_fig3_11node_seed-42_ablation.yaml,train,epoch,train,thresholded_partition,threshold,71,71.0,0,71,False,False,68.89381408691406,41.0,41.0,nan,nan,False,8,32.0,22.0,0.8722,0.8864,26444.447265625,0.494864821434021,nan,queue,queue,per_epoch_trace
paper_fig3_11node,inputs/task_graph_topology/custom/paper_fig3_11node.dot,/people/dass304/dass304/HWSWpartition/hw-sw-partition-metaheur/BatchExperiments/Ablation/diff_gnn_order_lssp_trace/paper_fig3_11node/seed-42/run-20260412-142043/config/paper_fig3_11node_seed-42_ablation.yaml,train,epoch,train,thresholded_partition,threshold,72,72.0,0,72,False,False,77.400634765625,68.0,73.0,nan,nan,False,5,25.0,22.0,0.8704000000000001,0.8848,29410.466796875,0.5054154992103577,nan,queue,queue,per_epoch_trace
paper_fig3_11node,inputs/task_graph_topology/custom/paper_fig3_11node.dot,/people/dass304/dass304/HWSWpartition/hw-sw-partition-metaheur/BatchExperiments/Ablation/diff_gnn_order_lssp_trace/paper_fig3_11node/seed-42/run-20260412-142043/config/paper_fig3_11node_seed-42_ablation.yaml,train,epoch,train,thresholded_partition,threshold,73,73.0,0,73,False,False,76.47949981689453,40.0,40.0,nan,nan,False,9,36.0,22.0,0.8686,0.8832,98.8118896484375,0.5001298189163208,nan,queue,queue,per_epoch_trace
paper_fig3_11node,inputs/task_graph_topology/custom/paper_fig3_11node.dot,/people/dass304/dass304/HWSWpartition/hw-sw-partition-metaheur/BatchExperiments/Ablation/diff_gnn_order_lssp_trace/paper_fig3_11node/seed-42/run-20260412-142043/config/paper_fig3_11node_seed-42_ablation.yaml,train,epoch,train,thresholded_partition,threshold,74,74.0,0,74,False,False,74.7364273071289,46.0,52.0,nan,nan,False,8,29.0,22.0,0.8668,0.8815999999999999,132087.0,0.4885105788707733,nan,queue,queue,per_epoch_trace
paper_fig3_11node,inputs/task_graph_topology/custom/paper_fig3_11node.dot,/people/dass304/dass304/HWSWpartition/hw-sw-partition-metaheur/BatchExperiments/Ablation/diff_gnn_order_lssp_trace/paper_fig3_11node/seed-42/run-20260412-142043/config/paper_fig3_11node_seed-42_ablation.yaml,train,epoch,train,thresholded_partition,threshold,75,75.0,0,75,False,False,69.90795135498047,51.0,57.0,nan,nan,False,7,27.0,22.0,0.865,0.88,240327.671875,0.5155000686645508,nan,queue,queue,per_epoch_trace
paper_fig3_11node,inputs/task_graph_topology/custom/paper_fig3_11node.dot,/people/dass304/dass304/HWSWpartition/hw-sw-partition-metaheur/BatchExperiments/Ablation/diff_gnn_order_lssp_trace/paper_fig3_11node/seed-42/run-20260412-142043/config/paper_fig3_11node_seed-42_ablation.yaml,train,epoch,train,thresholded_partition,threshold,76,76.0,0,76,False,False,69.8591079711914,57.0,61.0,nan,nan,False,7,29.0,22.0,0.8632,0.8784,87625.21875,0.5093567967414856,nan,queue,queue,per_epoch_trace
paper_fig3_11node,inputs/task_graph_topology/custom/paper_fig3_11node.dot,/people/dass304/dass304/HWSWpartition/hw-sw-partition-metaheur/BatchExperiments/Ablation/diff_gnn_order_lssp_trace/paper_fig3_11node/seed-42/run-20260412-142043/config/paper_fig3_11node_seed-42_ablation.yaml,train,epoch,train,thresholded_partition,threshold,77,77.0,0,77,False,False,65.01229858398438,70.0,73.0,nan,nan,True,4,18.0,22.0,0.8613999999999999,0.8768,91426.2109375,0.5095580220222473,nan,queue,queue,per_epoch_trace
paper_fig3_11node,inputs/task_graph_topology/custom/paper_fig3_11node.dot,/people/dass304/dass304/HWSWpartition/hw-sw-partition-metaheur/BatchExperiments/Ablation/diff_gnn_order_lssp_trace/paper_fig3_11node/seed-42/run-20260412-142043/config/paper_fig3_11node_seed-42_ablation.yaml,train,epoch,train,thresholded_partition,threshold,78,78.0,0,78,False,False,66.12026977539062,64.0,69.0,nan,nan,False,6,27.0,22.0,0.8596,0.8752,112848.5703125,0.5106196403503418,nan,queue,queue,per_epoch_trace
paper_fig3_11node,inputs/task_graph_topology/custom/paper_fig3_11node.dot,/people/dass304/dass304/HWSWpartition/hw-sw-partition-metaheur/BatchExperiments/Ablation/diff_gnn_order_lssp_trace/paper_fig3_11node/seed-42/run-20260412-142043/config/paper_fig3_11node_seed-42_ablation.yaml,train,epoch,train,thresholded_partition,threshold,79,79.0,0,79,False,False,64.21170043945312,33.0,31.0,nan,nan,False,8,32.0,22.0,0.8578,0.8735999999999999,63742.32421875,0.5079795122146606,nan,queue,queue,per_epoch_trace
paper_fig3_11node,inputs/task_graph_topology/custom/paper_fig3_11node.dot,/people/dass304/dass304/HWSWpartition/hw-sw-partition-metaheur/BatchExperiments/Ablation/diff_gnn_order_lssp_trace/paper_fig3_11node/seed-42/run-20260412-142043/config/paper_fig3_11node_seed-42_ablation.yaml,train,epoch,train,thresholded_partition,threshold,80,80.0,0,80,False,False,75.54592895507812,48.0,48.0,nan,nan,False,7,27.0,22.0,0.856,0.872,47582.22265625,0.4931078851222992,nan,queue,queue,per_epoch_trace
paper_fig3_11node,inputs/task_graph_topology/custom/paper_fig3_11node.dot,/people/dass304/dass304/HWSWpartition/hw-sw-partition-metaheur/BatchExperiments/Ablation/diff_gnn_order_lssp_trace/paper_fig3_11node/seed-42/run-20260412-142043/config/paper_fig3_11node_seed-42_ablation.yaml,train,epoch,train,thresholded_partition,threshold,81,81.0,0,81,False,False,73.03395080566406,55.0,63.0,nan,nan,True,5,18.0,22.0,0.8542,0.8704,30292.306640625,0.49450328946113586,nan,queue,queue,per_epoch_trace
paper_fig3_11node,inputs/task_graph_topology/custom/paper_fig3_11node.dot,/people/dass304/dass304/HWSWpartition/hw-sw-partition-metaheur/BatchExperiments/Ablation/diff_gnn_order_lssp_trace/paper_fig3_11node/seed-42/run-20260412-142043/config/paper_fig3_11node_seed-42_ablation.yaml,train,epoch,train,thresholded_partition,threshold,82,82.0,0,82,False,False,66.45963287353516,67.0,69.0,nan,nan,True,5,20.0,22.0,0.8524,0.8688,1371.5635986328125,0.5011399984359741,nan,queue,queue,per_epoch_trace
paper_fig3_11node,inputs/task_graph_topology/custom/paper_fig3_11node.dot,/people/dass304/dass304/HWSWpartition/hw-sw-partition-metaheur/BatchExperiments/Ablation/diff_gnn_order_lssp_trace/paper_fig3_11node/seed-42/run-20260412-142043/config/paper_fig3_11node_seed-42_ablation.yaml,train,epoch,train,thresholded_partition,threshold,83,83.0,0,83,False,False,64.43377685546875,60.0,59.0,nan,nan,False,7,31.0,22.0,0.8506,0.8672,88986.6875,0.5094295740127563,nan,queue,queue,per_epoch_trace
paper_fig3_11node,inputs/task_graph_topology/custom/paper_fig3_11node.dot,/people/dass304/dass304/HWSWpartition/hw-sw-partition-metaheur/BatchExperiments/Ablation/diff_gnn_order_lssp_trace/paper_fig3_11node/seed-42/run-20260412-142043/config/paper_fig3_11node_seed-42_ablation.yaml,train,epoch,train,thresholded_partition,threshold,84,84.0,0,84,False,False,70.23553466796875,64.0,64.0,nan,nan,True,5,20.0,22.0,0.8488,0.8655999999999999,3072.209716796875,0.5017310380935669,nan,queue,queue,per_epoch_trace
paper_fig3_11node,inputs/task_graph_topology/custom/paper_fig3_11node.dot,/people/dass304/dass304/HWSWpartition/hw-sw-partition-metaheur/BatchExperiments/Ablation/diff_gnn_order_lssp_trace/paper_fig3_11node/seed-42/run-20260412-142043/config/paper_fig3_11node_seed-42_ablation.yaml,train,epoch,train,thresholded_partition,threshold,85,85.0,0,85,False,False,60.9423713684082,47.0,42.0,nan,nan,True,5,21.0,22.0,0.847,0.864,225.75375366210938,0.4996005594730377,nan,queue,queue,per_epoch_trace
paper_fig3_11node,inputs/task_graph_topology/custom/paper_fig3_11node.dot,/people/dass304/dass304/HWSWpartition/hw-sw-partition-metaheur/BatchExperiments/Ablation/diff_gnn_order_lssp_trace/paper_fig3_11node/seed-42/run-20260412-142043/config/paper_fig3_11node_seed-42_ablation.yaml,train,epoch,train,thresholded_partition,threshold,86,86.0,0,86,False,False,60.14228439331055,66.0,66.0,nan,nan,False,6,26.0,22.0,0.8452,0.8624,20317.33203125,0.5045002102851868,nan,queue,queue,per_epoch_trace
paper_fig3_11node,inputs/task_graph_topology/custom/paper_fig3_11node.dot,/people/dass304/dass304/HWSWpartition/hw-sw-partition-metaheur/BatchExperiments/Ablation/diff_gnn_order_lssp_trace/paper_fig3_11node/seed-42/run-20260412-142043/config/paper_fig3_11node_seed-42_ablation.yaml,train,epoch,train,thresholded_partition,threshold,87,87.0,0,87,False,False,64.43557739257812,51.0,57.0,nan,nan,False,7,27.0,22.0,0.8434,0.8608,50115.125,0.4929257333278656,nan,queue,queue,per_epoch_trace
paper_fig3_11node,inputs/task_graph_topology/custom/paper_fig3_11node.dot,/people/dass304/dass304/HWSWpartition/hw-sw-partition-metaheur/BatchExperiments/Ablation/diff_gnn_order_lssp_trace/paper_fig3_11node/seed-42/run-20260412-142043/config/paper_fig3_11node_seed-42_ablation.yaml,train,epoch,train,thresholded_partition,threshold,88,88.0,0,88,False,False,71.98701477050781,40.0,40.0,nan,nan,False,9,36.0,22.0,0.8416,0.8592,45212.828125,0.5067182779312134,nan,queue,queue,per_epoch_trace
paper_fig3_11node,inputs/task_graph_topology/custom/paper_fig3_11node.dot,/people/dass304/dass304/HWSWpartition/hw-sw-partition-metaheur/BatchExperiments/Ablation/diff_gnn_order_lssp_trace/paper_fig3_11node/seed-42/run-20260412-142043/config/paper_fig3_11node_seed-42_ablation.yaml,train,epoch,train,thresholded_partition,threshold,89,89.0,0,89,False,False,53.48969268798828,47.0,47.0,nan,nan,True,5,22.0,22.0,0.8398,0.8576,24603.60546875,0.5049542784690857,nan,queue,queue,per_epoch_trace
paper_fig3_11node,inputs/task_graph_topology/custom/paper_fig3_11node.dot,/people/dass304/dass304/HWSWpartition/hw-sw-partition-metaheur/BatchExperiments/Ablation/diff_gnn_order_lssp_trace/paper_fig3_11node/seed-42/run-20260412-142043/config/paper_fig3_11node_seed-42_ablation.yaml,train,epoch,train,thresholded_partition,threshold,90,90.0,0,90,False,False,60.715606689453125,43.0,37.0,nan,nan,False,7,31.0,22.0,0.838,0.856,10421.9306640625,0.5032180547714233,nan,queue,queue,per_epoch_trace
paper_fig3_11node,inputs/task_graph_topology/custom/paper_fig3_11node.dot,/people/dass304/dass304/HWSWpartition/hw-sw-partition-metaheur/BatchExperiments/Ablation/diff_gnn_order_lssp_trace/paper_fig3_11node/seed-42/run-20260412-142043/config/paper_fig3_11node_seed-42_ablation.yaml,train,epoch,train,thresholded_partition,threshold,91,91.0,0,91,False,False,57.760169982910156,44.0,48.0,nan,nan,True,4,20.0,22.0,0.8362,0.8544,68431.6328125,0.5082685351371765,nan,queue,queue,per_epoch_trace
paper_fig3_11node,inputs/task_graph_topology/custom/paper_fig3_11node.dot,/people/dass304/dass304/HWSWpartition/hw-sw-partition-metaheur/BatchExperiments/Ablation/diff_gnn_order_lssp_trace/paper_fig3_11node/seed-42/run-20260412-142043/config/paper_fig3_11node_seed-42_ablation.yaml,train,epoch,train,thresholded_partition,threshold,92,92.0,0,92,False,False,58.56812286376953,47.0,50.0,nan,nan,False,6,27.0,22.0,0.8344,0.8528,16203.0107421875,0.5040173530578613,nan,queue,queue,per_epoch_trace
paper_fig3_11node,inputs/task_graph_topology/custom/paper_fig3_11node.dot,/people/dass304/dass304/HWSWpartition/hw-sw-partition-metaheur/BatchExperiments/Ablation/diff_gnn_order_lssp_trace/paper_fig3_11node/seed-42/run-20260412-142043/config/paper_fig3_11node_seed-42_ablation.yaml,train,epoch,train,thresholded_partition,threshold,93,93.0,0,93,False,False,76.37149047851562,41.0,44.0,nan,nan,False,7,24.0,22.0,0.8326,0.8512,94139.46875,0.4903016686439514,nan,queue,queue,per_epoch_trace
paper_fig3_11node,inputs/task_graph_topology/custom/paper_fig3_11node.dot,/people/dass304/dass304/HWSWpartition/hw-sw-partition-metaheur/BatchExperiments/Ablation/diff_gnn_order_lssp_trace/paper_fig3_11node/seed-42/run-20260412-142043/config/paper_fig3_11node_seed-42_ablation.yaml,train,epoch,train,thresholded_partition,threshold,94,94.0,0,94,False,False,69.1124267578125,51.0,45.0,nan,nan,False,7,32.0,22.0,0.8308,0.8496,104350.96875,0.5102115869522095,nan,queue,queue,per_epoch_trace
paper_fig3_11node,inputs/task_graph_topology/custom/paper_fig3_11node.dot,/people/dass304/dass304/HWSWpartition/hw-sw-partition-metaheur/BatchExperiments/Ablation/diff_gnn_order_lssp_trace/paper_fig3_11node/seed-42/run-20260412-142043/config/paper_fig3_11node_seed-42_ablation.yaml,train,epoch,train,thresholded_partition,threshold,95,95.0,0,95,False,False,63.89779281616211,51.0,57.0,nan,nan,False,7,28.0,22.0,0.829,0.848,126.01973724365234,0.4997616708278656,nan,queue,queue,per_epoch_trace
paper_fig3_11node,inputs/task_graph_topology/custom/paper_fig3_11node.dot,/people/dass304/dass304/HWSWpartition/hw-sw-partition-metaheur/BatchExperiments/Ablation/diff_gnn_order_lssp_trace/paper_fig3_11node/seed-42/run-20260412-142043/config/paper_fig3_11node_seed-42_ablation.yaml,train,epoch,train,thresholded_partition,threshold,96,96.0,0,96,False,False,62.66642379760742,46.0,56.0,nan,nan,False,8,36.0,22.0,0.8271999999999999,0.8464,196054.6875,0.5139995217323303,nan,queue,queue,per_epoch_trace
paper_fig3_11node,inputs/task_graph_topology/custom/paper_fig3_11node.dot,/people/dass304/dass304/HWSWpartition/hw-sw-partition-metaheur/BatchExperiments/Ablation/diff_gnn_order_lssp_trace/paper_fig3_11node/seed-42/run-20260412-142043/config/paper_fig3_11node_seed-42_ablation.yaml,train,epoch,train,thresholded_partition,threshold,97,97.0,0,97,False,False,57.69118881225586,38.0,41.0,nan,nan,True,5,16.0,22.0,0.8254,0.8448,100058.6015625,0.4900002181529999,nan,queue,queue,per_epoch_trace
paper_fig3_11node,inputs/task_graph_topology/custom/paper_fig3_11node.dot,/people/dass304/dass304/HWSWpartition/hw-sw-partition-metaheur/BatchExperiments/Ablation/diff_gnn_order_lssp_trace/paper_fig3_11node/seed-42/run-20260412-142043/config/paper_fig3_11node_seed-42_ablation.yaml,train,epoch,train,thresholded_partition,threshold,98,98.0,0,98,False,False,61.59931182861328,62.0,62.0,nan,nan,False,6,26.0,22.0,0.8236,0.8432,5423.982421875,0.5023145079612732,nan,queue,queue,per_epoch_trace
paper_fig3_11node,inputs/task_graph_topology/custom/paper_fig3_11node.dot,/people/dass304/dass304/HWSWpartition/hw-sw-partition-metaheur/BatchExperiments/Ablation/diff_gnn_order_lssp_trace/paper_fig3_11node/seed-42/run-20260412-142043/config/paper_fig3_11node_seed-42_ablation.yaml,train,epoch,train,thresholded_partition,threshold,99,99.0,0,99,False,False,61.27629470825195,37.0,42.0,nan,nan,True,5,21.0,22.0,0.8218,0.8416,7571.33740234375,0.5027394890785217,nan,queue,queue,per_epoch_trace
paper_fig3_11node,inputs/task_graph_topology/custom/paper_fig3_11node.dot,/people/dass304/dass304/HWSWpartition/hw-sw-partition-metaheur/BatchExperiments/Ablation/diff_gnn_order_lssp_trace/paper_fig3_11node/seed-42/run-20260412-142043/config/paper_fig3_11node_seed-42_ablation.yaml,train,epoch,train,thresholded_partition,threshold,100,100.0,0,100,False,False,59.25737380981445,45.0,49.0,nan,nan,True,4,17.0,22.0,0.82,0.84,104069.1640625,0.4898017346858978,nan,queue,queue,per_epoch_trace
paper_fig3_11node,inputs/task_graph_topology/custom/paper_fig3_11node.dot,/people/dass304/dass304/HWSWpartition/hw-sw-partition-metaheur/BatchExperiments/Ablation/diff_gnn_order_lssp_trace/paper_fig3_11node/seed-42/run-20260412-142043/config/paper_fig3_11node_seed-42_ablation.yaml,train,epoch,train,thresholded_partition,threshold,101,101.0,0,101,False,False,54.205299377441406,47.0,45.0,nan,nan,True,4,17.0,22.0,0.8182,0.8384,34641.84375,0.4941193163394928,nan,queue,queue,per_epoch_trace
paper_fig3_11node,inputs/task_graph_topology/custom/paper_fig3_11node.dot,/people/dass304/dass304/HWSWpartition/hw-sw-partition-metaheur/BatchExperiments/Ablation/diff_gnn_order_lssp_trace/paper_fig3_11node/seed-42/run-20260412-142043/config/paper_fig3_11node_seed-42_ablation.yaml,train,epoch,train,thresholded_partition,threshold,102,102.0,0,102,False,False,59.245277404785156,34.0,36.0,nan,nan,True,4,18.0,22.0,0.8164,0.8368,64.88245391845703,0.5000203251838684,nan,queue,queue,per_epoch_trace
paper_fig3_11node,inputs/task_graph_topology/custom/paper_fig3_11node.dot,/people/dass304/dass304/HWSWpartition/hw-sw-partition-metaheur/BatchExperiments/Ablation/diff_gnn_order_lssp_trace/paper_fig3_11node/seed-42/run-20260412-142043/config/paper_fig3_11node_seed-42_ablation.yaml,train,epoch,train,thresholded_partition,threshold,103,103.0,0,103,False,False,60.199989318847656,43.0,41.0,nan,nan,True,5,19.0,22.0,0.8146,0.8351999999999999,494.0946350097656,0.49934524297714233,nan,queue,queue,per_epoch_trace
paper_fig3_11node,inputs/task_graph_topology/custom/paper_fig3_11node.dot,/people/dass304/dass304/HWSWpartition/hw-sw-partition-metaheur/BatchExperiments/Ablation/diff_gnn_order_lssp_trace/paper_fig3_11node/seed-42/run-20260412-142043/config/paper_fig3_11node_seed-42_ablation.yaml,train,epoch,train,thresholded_partition,threshold,104,104.0,0,104,False,False,56.1032829284668,39.0,37.0,nan,nan,True,4,16.0,22.0,0.8128,0.8336,57008.91796875,0.4924536347389221,nan,queue,queue,per_epoch_trace
paper_fig3_11node,inputs/task_graph_topology/custom/paper_fig3_11node.dot,/people/dass304/dass304/HWSWpartition/hw-sw-partition-metaheur/BatchExperiments/Ablation/diff_gnn_order_lssp_trace/paper_fig3_11node/seed-42/run-20260412-142043/config/paper_fig3_11node_seed-42_ablation.yaml,train,epoch,train,thresholded_partition,threshold,105,105.0,0,105,False,False,56.659645080566406,51.0,49.0,nan,nan,True,2,8.0,22.0,0.8109999999999999,0.832,3851.861328125,0.4980531632900238,nan,queue,queue,per_epoch_trace
paper_fig3_11node,inputs/task_graph_topology/custom/paper_fig3_11node.dot,/people/dass304/dass304/HWSWpartition/hw-sw-partition-metaheur/BatchExperiments/Ablation/diff_gnn_order_lssp_trace/paper_fig3_11node/seed-42/run-20260412-142043/config/paper_fig3_11node_seed-42_ablation.yaml,train,epoch,train,thresholded_partition,threshold,106,106.0,0,106,False,False,53.609840393066406,40.0,43.0,nan,nan,True,4,13.0,22.0,0.8092,0.8304,12221.623046875,0.4965124726295471,nan,queue,queue,per_epoch_trace
paper_fig3_11node,inputs/task_graph_topology/custom/paper_fig3_11node.dot,/people/dass304/dass304/HWSWpartition/hw-sw-partition-metaheur/BatchExperiments/Ablation/diff_gnn_order_lssp_trace/paper_fig3_11node/seed-42/run-20260412-142043/config/paper_fig3_11node_seed-42_ablation.yaml,train,epoch,train,thresholded_partition,threshold,107,107.0,0,107,False,False,54.123775482177734,38.0,47.0,nan,nan,False,6,23.0,22.0,0.8074,0.8288,11969.341796875,0.49654892086982727,nan,queue,queue,per_epoch_trace
paper_fig3_11node,inputs/task_graph_topology/custom/paper_fig3_11node.dot,/people/dass304/dass304/HWSWpartition/hw-sw-partition-metaheur/BatchExperiments/Ablation/diff_gnn_order_lssp_trace/paper_fig3_11node/seed-42/run-20260412-142043/config/paper_fig3_11node_seed-42_ablation.yaml,train,epoch,train,thresholded_partition,threshold,108,108.0,0,108,False,False,59.142574310302734,39.0,33.0,nan,nan,False,7,30.0,22.0,0.8056,0.8271999999999999,274.8431091308594,0.4995412230491638,nan,queue,queue,per_epoch_trace
paper_fig3_11node,inputs/task_graph_topology/custom/paper_fig3_11node.dot,/people/dass304/dass304/HWSWpartition/hw-sw-partition-metaheur/BatchExperiments/Ablation/diff_gnn_order_lssp_trace/paper_fig3_11node/seed-42/run-20260412-142043/config/paper_fig3_11node_seed-42_ablation.yaml,train,epoch,train,thresholded_partition,threshold,109,109.0,0,109,False,False,66.36640930175781,40.0,40.0,nan,nan,False,9,36.0,22.0,0.8038,0.8256,523.3397827148438,0.5006719827651978,nan,queue,queue,per_epoch_trace
paper_fig3_11node,inputs/task_graph_topology/custom/paper_fig3_11node.dot,/people/dass304/dass304/HWSWpartition/hw-sw-partition-metaheur/BatchExperiments/Ablation/diff_gnn_order_lssp_trace/paper_fig3_11node/seed-42/run-20260412-142043/config/paper_fig3_11node_seed-42_ablation.yaml,train,epoch,train,thresholded_partition,threshold,110,110.0,0,110,False,False,57.3392333984375,47.0,47.0,nan,nan,True,6,22.0,22.0,0.802,0.824,34833.953125,0.4941032826900482,nan,queue,queue,per_epoch_trace
paper_fig3_11node,inputs/task_graph_topology/custom/paper_fig3_11node.dot,/people/dass304/dass304/HWSWpartition/hw-sw-partition-metaheur/BatchExperiments/Ablation/diff_gnn_order_lssp_trace/paper_fig3_11node/seed-42/run-20260412-142043/config/paper_fig3_11node_seed-42_ablation.yaml,train,epoch,train,thresholded_partition,threshold,111,111.0,0,111,False,False,52.77259063720703,49.0,53.0,nan,nan,True,2,8.0,22.0,0.8002,0.8224,1943.3721923828125,0.5013731122016907,nan,queue,queue,per_epoch_trace
paper_fig3_11node,inputs/task_graph_topology/custom/paper_fig3_11node.dot,/people/dass304/dass304/HWSWpartition/hw-sw-partition-metaheur/BatchExperiments/Ablation/diff_gnn_order_lssp_trace/paper_fig3_11node/seed-42/run-20260412-142043/config/paper_fig3_11node_seed-42_ablation.yaml,train,epoch,train,thresholded_partition,threshold,112,112.0,0,112,False,False,66.18994140625,40.0,46.0,nan,nan,True,4,19.0,22.0,0.7984,0.8208,2240.06005859375,0.4985273778438568,nan,queue,queue,per_epoch_trace
paper_fig3_11node,inputs/task_graph_topology/custom/paper_fig3_11node.dot,/people/dass304/dass304/HWSWpartition/hw-sw-partition-metaheur/BatchExperiments/Ablation/diff_gnn_order_lssp_trace/paper_fig3_11node/seed-42/run-20260412-142043/config/paper_fig3_11node_seed-42_ablation.yaml,train,epoch,train,thresholded_partition,threshold,113,113.0,0,113,False,False,65.75482940673828,45.0,53.0,nan,nan,True,4,16.0,22.0,0.7966,0.8191999999999999,19132.84375,0.4956340193748474,nan,queue,queue,per_epoch_trace
paper_fig3_11node,inputs/task_graph_topology/custom/paper_fig3_11node.dot,/people/dass304/dass304/HWSWpartition/hw-sw-partition-metaheur/BatchExperiments/Ablation/diff_gnn_order_lssp_trace/paper_fig3_11node/seed-42/run-20260412-142043/config/paper_fig3_11node_seed-42_ablation.yaml,train,epoch,train,thresholded_partition,threshold,114,114.0,0,114,False,False,59.69744873046875,41.0,41.0,nan,nan,True,6,21.0,22.0,0.7948,0.8176,1014.7598876953125,0.4990254342556,nan,queue,queue,per_epoch_trace
paper_fig3_11node,inputs/task_graph_topology/custom/paper_fig3_11node.dot,/people/dass304/dass304/HWSWpartition/hw-sw-partition-metaheur/BatchExperiments/Ablation/diff_gnn_order_lssp_trace/paper_fig3_11node/seed-42/run-20260412-142043/config/paper_fig3_11node_seed-42_ablation.yaml,train,epoch,train,thresholded_partition,threshold,115,115.0,0,115,False,False,67.47612762451172,60.0,60.0,nan,nan,False,7,26.0,22.0,0.7929999999999999,0.816,98.1195068359375,0.5001586675643921,nan,queue,queue,per_epoch_trace
paper_fig3_11node,inputs/task_graph_topology/custom/paper_fig3_11node.dot,/people/dass304/dass304/HWSWpartition/hw-sw-partition-metaheur/BatchExperiments/Ablation/diff_gnn_order_lssp_trace/paper_fig3_11node/seed-42/run-20260412-142043/config/paper_fig3_11node_seed-42_ablation.yaml,train,epoch,train,thresholded_partition,threshold,116,116.0,0,116,False,False,68.42901611328125,56.0,59.0,nan,nan,False,8,33.0,22.0,0.7912,0.8144,423.7406005859375,0.4994085729122162,nan,queue,queue,per_epoch_trace
paper_fig3_11node,inputs/task_graph_topology/custom/paper_fig3_11node.dot,/people/dass304/dass304/HWSWpartition/hw-sw-partition-metaheur/BatchExperiments/Ablation/diff_gnn_order_lssp_trace/paper_fig3_11node/seed-42/run-20260412-142043/config/paper_fig3_11node_seed-42_ablation.yaml,train,epoch,train,thresholded_partition,threshold,117,117.0,0,117,False,False,62.941864013671875,37.0,42.0,nan,nan,False,6,25.0,22.0,0.7894,0.8128,10589.6708984375,0.49675631523132324,nan,queue,queue,per_epoch_trace
paper_fig3_11node,inputs/task_graph_topology/custom/paper_fig3_11node.dot,/people/dass304/dass304/HWSWpartition/hw-sw-partition-metaheur/BatchExperiments/Ablation/diff_gnn_order_lssp_trace/paper_fig3_11node/seed-42/run-20260412-142043/config/paper_fig3_11node_seed-42_ablation.yaml,train,epoch,train,thresholded_partition,threshold,118,118.0,0,118,False,False,66.21237182617188,56.0,59.0,nan,nan,False,8,33.0,22.0,0.7876,0.8112,3098.5703125,0.5017397999763489,nan,queue,queue,per_epoch_trace
paper_fig3_11node,inputs/task_graph_topology/custom/paper_fig3_11node.dot,/people/dass304/dass304/HWSWpartition/hw-sw-partition-metaheur/BatchExperiments/Ablation/diff_gnn_order_lssp_trace/paper_fig3_11node/seed-42/run-20260412-142043/config/paper_fig3_11node_seed-42_ablation.yaml,train,epoch,train,thresholded_partition,threshold,119,119.0,0,119,False,False,58.178707122802734,48.0,62.0,nan,nan,False,6,28.0,22.0,0.7858,0.8096,116646.8984375,0.510797381401062,nan,queue,queue,per_epoch_trace
paper_fig3_11node,inputs/task_graph_topology/custom/paper_fig3_11node.dot,/people/dass304/dass304/HWSWpartition/hw-sw-partition-metaheur/BatchExperiments/Ablation/diff_gnn_order_lssp_trace/paper_fig3_11node/seed-42/run-20260412-142043/config/paper_fig3_11node_seed-42_ablation.yaml,train,epoch,train,thresholded_partition,threshold,120,120.0,0,120,False,False,56.56439971923828,36.0,36.0,nan,nan,True,6,22.0,22.0,0.784,0.808,49904.85546875,0.4929400384426117,nan,queue,queue,per_epoch_trace
paper_fig3_11node,inputs/task_graph_topology/custom/paper_fig3_11node.dot,/people/dass304/dass304/HWSWpartition/hw-sw-partition-metaheur/BatchExperiments/Ablation/diff_gnn_order_lssp_trace/paper_fig3_11node/seed-42/run-20260412-142043/config/paper_fig3_11node_seed-42_ablation.yaml,train,epoch,train,thresholded_partition,threshold,121,121.0,0,121,False,False,51.86214065551758,40.0,40.0,nan,nan,True,4,13.0,22.0,0.7822,0.8064,129212.6953125,0.4886353313922882,nan,queue,queue,per_epoch_trace
paper_fig3_11node,inputs/task_graph_topology/custom/paper_fig3_11node.dot,/people/dass304/dass304/HWSWpartition/hw-sw-partition-metaheur/BatchExperiments/Ablation/diff_gnn_order_lssp_trace/paper_fig3_11node/seed-42/run-20260412-142043/config/paper_fig3_11node_seed-42_ablation.yaml,train,epoch,train,thresholded_partition,threshold,122,122.0,0,122,False,False,62.81830596923828,49.0,59.0,nan,nan,True,4,14.0,22.0,0.7804,0.8048,170669.28125,0.48693856596946716,nan,queue,queue,per_epoch_trace
paper_fig3_11node,inputs/task_graph_topology/custom/paper_fig3_11node.dot,/people/dass304/dass304/HWSWpartition/hw-sw-partition-metaheur/BatchExperiments/Ablation/diff_gnn_order_lssp_trace/paper_fig3_11node/seed-42/run-20260412-142043/config/paper_fig3_11node_seed-42_ablation.yaml,train,epoch,train,thresholded_partition,threshold,123,123.0,0,123,False,False,62.7973518371582,59.0,59.0,nan,nan,True,3,14.0,22.0,0.7786,0.8032,23238.099609375,0.4951864778995514,nan,queue,queue,per_epoch_trace
paper_fig3_11node,inputs/task_graph_topology/custom/paper_fig3_11node.dot,/people/dass304/dass304/HWSWpartition/hw-sw-partition-metaheur/BatchExperiments/Ablation/diff_gnn_order_lssp_trace/paper_fig3_11node/seed-42/run-20260412-142043/config/paper_fig3_11node_seed-42_ablation.yaml,train,epoch,train,thresholded_partition,threshold,124,124.0,0,124,False,False,58.59295654296875,51.0,51.0,nan,nan,True,5,20.0,22.0,0.7767999999999999,0.8016,269.1242980957031,0.5004531145095825,nan,queue,queue,per_epoch_trace
paper_fig3_11node,inputs/task_graph_topology/custom/paper_fig3_11node.dot,/people/dass304/dass304/HWSWpartition/hw-sw-partition-metaheur/BatchExperiments/Ablation/diff_gnn_order_lssp_trace/paper_fig3_11node/seed-42/run-20260412-142043/config/paper_fig3_11node_seed-42_ablation.yaml,train,epoch,train,thresholded_partition,threshold,125,125.0,0,125,False,False,62.14577102661133,44.0,43.0,nan,nan,False,8,34.0,22.0,0.775,0.8,67.50947570800781,0.499998539686203,nan,queue,queue,per_epoch_trace
paper_fig3_11node,inputs/task_graph_topology/custom/paper_fig3_11node.dot,/people/dass304/dass304/HWSWpartition/hw-sw-partition-metaheur/BatchExperiments/Ablation/diff_gnn_order_lssp_trace/paper_fig3_11node/seed-42/run-20260412-142043/config/paper_fig3_11node_seed-42_ablation.yaml,train,epoch,train,thresholded_partition,threshold,126,126.0,0,126,False,False,62.84707260131836,45.0,46.0,nan,nan,True,5,21.0,22.0,0.7732,0.7984,7657.12548828125,0.497245192527771,nan,queue,queue,per_epoch_trace
paper_fig3_11node,inputs/task_graph_topology/custom/paper_fig3_11node.dot,/people/dass304/dass304/HWSWpartition/hw-sw-partition-metaheur/BatchExperiments/Ablation/diff_gnn_order_lssp_trace/paper_fig3_11node/seed-42/run-20260412-142043/config/paper_fig3_11node_seed-42_ablation.yaml,train,epoch,train,thresholded_partition,threshold,127,127.0,0,127,False,False,65.62387084960938,49.0,50.0,nan,nan,False,6,23.0,22.0,0.7714,0.7968,17463.37890625,0.5041704177856445,nan,queue,queue,per_epoch_trace
paper_fig3_11node,inputs/task_graph_topology/custom/paper_fig3_11node.dot,/people/dass304/dass304/HWSWpartition/hw-sw-partition-metaheur/BatchExperiments/Ablation/diff_gnn_order_lssp_trace/paper_fig3_11node/seed-42/run-20260412-142043/config/paper_fig3_11node_seed-42_ablation.yaml,train,epoch,train,thresholded_partition,threshold,128,128.0,0,128,False,False,65.09747314453125,53.0,51.0,nan,nan,False,7,27.0,22.0,0.7696,0.7952,24374.0625,0.5049298405647278,nan,queue,queue,per_epoch_trace
paper_fig3_11node,inputs/task_graph_topology/custom/paper_fig3_11node.dot,/people/dass304/dass304/HWSWpartition/hw-sw-partition-metaheur/BatchExperiments/Ablation/diff_gnn_order_lssp_trace/paper_fig3_11node/seed-42/run-20260412-142043/config/paper_fig3_11node_seed-42_ablation.yaml,train,epoch,train,thresholded_partition,threshold,129,129.0,0,129,False,False,56.157508850097656,41.0,53.0,nan,nan,True,4,15.0,22.0,0.7678,0.7936,6052.314453125,0.49755236506462097,nan,queue,queue,per_epoch_trace
paper_fig3_11node,inputs/task_graph_topology/custom/paper_fig3_11node.dot,/people/dass304/dass304/HWSWpartition/hw-sw-partition-metaheur/BatchExperiments/Ablation/diff_gnn_order_lssp_trace/paper_fig3_11node/seed-42/run-20260412-142043/config/paper_fig3_11node_seed-42_ablation.yaml,train,epoch,train,thresholded_partition,threshold,130,130.0,0,130,False,False,62.408416748046875,56.0,60.0,nan,nan,False,8,33.0,22.0,0.766,0.792,75327.3828125,0.508675217628479,nan,queue,queue,per_epoch_trace
paper_fig3_11node,inputs/task_graph_topology/custom/paper_fig3_11node.dot,/people/dass304/dass304/HWSWpartition/hw-sw-partition-metaheur/BatchExperiments/Ablation/diff_gnn_order_lssp_trace/paper_fig3_11node/seed-42/run-20260412-142043/config/paper_fig3_11node_seed-42_ablation.yaml,train,epoch,train,thresholded_partition,threshold,131,131.0,0,131,False,False,61.158180236816406,36.0,39.0,nan,nan,False,6,24.0,22.0,0.7642,0.7904,21547.46484375,0.4953652322292328,nan,queue,queue,per_epoch_trace
paper_fig3_11node,inputs/task_graph_topology/custom/paper_fig3_11node.dot,/people/dass304/dass304/HWSWpartition/hw-sw-partition-metaheur/BatchExperiments/Ablation/diff_gnn_order_lssp_trace/paper_fig3_11node/seed-42/run-20260412-142043/config/paper_fig3_11node_seed-42_ablation.yaml,train,epoch,train,thresholded_partition,threshold,132,132.0,0,132,False,False,69.65425109863281,56.0,59.0,nan,nan,False,8,33.0,22.0,0.7624,0.7888,1971.659423828125,0.5013771057128906,nan,queue,queue,per_epoch_trace
paper_fig3_11node,inputs/task_graph_topology/custom/paper_fig3_11node.dot,/people/dass304/dass304/HWSWpartition/hw-sw-partition-metaheur/BatchExperiments/Ablation/diff_gnn_order_lssp_trace/paper_fig3_11node/seed-42/run-20260412-142043/config/paper_fig3_11node_seed-42_ablation.yaml,train,epoch,train,thresholded_partition,threshold,133,133.0,0,133,False,False,60.239295959472656,50.0,60.0,nan,nan,False,6,28.0,22.0,0.7605999999999999,0.7872,68283.5,0.5082594156265259,nan,queue,queue,per_epoch_trace
paper_fig3_11node,inputs/task_graph_topology/custom/paper_fig3_11node.dot,/people/dass304/dass304/HWSWpartition/hw-sw-partition-metaheur/BatchExperiments/Ablation/diff_gnn_order_lssp_trace/paper_fig3_11node/seed-42/run-20260412-142043/config/paper_fig3_11node_seed-42_ablation.yaml,train,epoch,train,thresholded_partition,threshold,134,134.0,0,134,False,False,61.61890411376953,60.0,67.0,nan,nan,False,7,26.0,22.0,0.7587999999999999,0.7856,81499.5859375,0.4909760057926178,nan,queue,queue,per_epoch_trace
paper_fig3_11node,inputs/task_graph_topology/custom/paper_fig3_11node.dot,/people/dass304/dass304/HWSWpartition/hw-sw-partition-metaheur/BatchExperiments/Ablation/diff_gnn_order_lssp_trace/paper_fig3_11node/seed-42/run-20260412-142043/config/paper_fig3_11node_seed-42_ablation.yaml,train,epoch,train,thresholded_partition,threshold,135,135.0,0,135,False,False,66.44902801513672,52.0,56.0,nan,nan,True,6,19.0,22.0,0.757,0.784,65309.60546875,0.4919230043888092,nan,queue,queue,per_epoch_trace
paper_fig3_11node,inputs/task_graph_topology/custom/paper_fig3_11node.dot,/people/dass304/dass304/HWSWpartition/hw-sw-partition-metaheur/BatchExperiments/Ablation/diff_gnn_order_lssp_trace/paper_fig3_11node/seed-42/run-20260412-142043/config/paper_fig3_11node_seed-42_ablation.yaml,train,epoch,train,thresholded_partition,threshold,136,136.0,0,136,False,False,66.99571990966797,56.0,59.0,nan,nan,True,4,13.0,22.0,0.7552,0.7824,39446.875,0.49372509121894836,nan,queue,queue,per_epoch_trace
paper_fig3_11node,inputs/task_graph_topology/custom/paper_fig3_11node.dot,/people/dass304/dass304/HWSWpartition/hw-sw-partition-metaheur/BatchExperiments/Ablation/diff_gnn_order_lssp_trace/paper_fig3_11node/seed-42/run-20260412-142043/config/paper_fig3_11node_seed-42_ablation.yaml,train,epoch,train,thresholded_partition,threshold,137,137.0,0,137,False,False,67.19381713867188,48.0,48.0,nan,nan,False,7,27.0,22.0,0.7534,0.7807999999999999,19363.599609375,0.504392147064209,nan,queue,queue,per_epoch_trace
paper_fig3_11node,inputs/task_graph_topology/custom/paper_fig3_11node.dot,/people/dass304/dass304/HWSWpartition/hw-sw-partition-metaheur/BatchExperiments/Ablation/diff_gnn_order_lssp_trace/paper_fig3_11node/seed-42/run-20260412-142043/config/paper_fig3_11node_seed-42_ablation.yaml,train,epoch,train,thresholded_partition,threshold,138,138.0,0,138,False,False,58.010677337646484,41.0,41.0,nan,nan,False,8,32.0,22.0,0.7515999999999999,0.7792,1030.5826416015625,0.500983476638794,nan,queue,queue,per_epoch_trace
paper_fig3_11node,inputs/task_graph_topology/custom/paper_fig3_11node.dot,/people/dass304/dass304/HWSWpartition/hw-sw-partition-metaheur/BatchExperiments/Ablation/diff_gnn_order_lssp_trace/paper_fig3_11node/seed-42/run-20260412-142043/config/paper_fig3_11node_seed-42_ablation.yaml,train,epoch,train,thresholded_partition,threshold,139,139.0,0,139,False,False,58.4285774230957,64.0,66.0,nan,nan,False,6,24.0,22.0,0.7498,0.7776,36300.77734375,0.5060197114944458,nan,queue,queue,per_epoch_trace
paper_fig3_11node,inputs/task_graph_topology/custom/paper_fig3_11node.dot,/people/dass304/dass304/HWSWpartition/hw-sw-partition-metaheur/BatchExperiments/Ablation/diff_gnn_order_lssp_trace/paper_fig3_11node/seed-42/run-20260412-142043/config/paper_fig3_11node_seed-42_ablation.yaml,train,epoch,train,thresholded_partition,threshold,140,140.0,0,140,False,False,62.384063720703125,55.0,55.0,nan,nan,True,5,15.0,22.0,0.748,0.776,50923.21875,0.49286869168281555,nan,queue,queue,per_epoch_trace
paper_fig3_11node,inputs/task_graph_topology/custom/paper_fig3_11node.dot,/people/dass304/dass304/HWSWpartition/hw-sw-partition-metaheur/BatchExperiments/Ablation/diff_gnn_order_lssp_trace/paper_fig3_11node/seed-42/run-20260412-142043/config/paper_fig3_11node_seed-42_ablation.yaml,train,epoch,train,thresholded_partition,threshold,141,141.0,0,141,False,False,58.339324951171875,45.0,43.0,nan,nan,False,7,28.0,22.0,0.7462,0.7744,18947.4296875,0.5043455362319946,nan,queue,queue,per_epoch_trace
paper_fig3_11node,inputs/task_graph_topology/custom/paper_fig3_11node.dot,/people/dass304/dass304/HWSWpartition/hw-sw-partition-metaheur/BatchExperiments/Ablation/diff_gnn_order_lssp_trace/paper_fig3_11node/seed-42/run-20260412-142043/config/paper_fig3_11node_seed-42_ablation.yaml,train,epoch,train,thresholded_partition,threshold,142,142.0,0,142,False,False,63.61603546142578,50.0,50.0,nan,nan,True,5,16.0,22.0,0.7444,0.7728,45553.6875,0.49325576424598694,nan,queue,queue,per_epoch_trace
paper_fig3_11node,inputs/task_graph_topology/custom/paper_fig3_11node.dot,/people/dass304/dass304/HWSWpartition/hw-sw-partition-metaheur/BatchExperiments/Ablation/diff_gnn_order_lssp_trace/paper_fig3_11node/seed-42/run-20260412-142043/config/paper_fig3_11node_seed-42_ablation.yaml,train,epoch,train,thresholded_partition,threshold,143,143.0,0,143,False,False,62.2447509765625,42.0,42.0,nan,nan,False,8,32.0,22.0,0.7426,0.7712,19575.552734375,0.5044167637825012,nan,queue,queue,per_epoch_trace
paper_fig3_11node,inputs/task_graph_topology/custom/paper_fig3_11node.dot,/people/dass304/dass304/HWSWpartition/hw-sw-partition-metaheur/BatchExperiments/Ablation/diff_gnn_order_lssp_trace/paper_fig3_11node/seed-42/run-20260412-142043/config/paper_fig3_11node_seed-42_ablation.yaml,train,epoch,train,thresholded_partition,threshold,144,144.0,0,144,False,False,60.8380012512207,62.0,61.0,nan,nan,False,6,27.0,22.0,0.7408,0.7696000000000001,61072.4921875,0.507810652256012,nan,queue,queue,per_epoch_trace
paper_fig3_11node,inputs/task_graph_topology/custom/paper_fig3_11node.dot,/people/dass304/dass304/HWSWpartition/hw-sw-partition-metaheur/BatchExperiments/Ablation/diff_gnn_order_lssp_trace/paper_fig3_11node/seed-42/run-20260412-142043/config/paper_fig3_11node_seed-42_ablation.yaml,train,epoch,train,thresholded_partition,threshold,145,145.0,0,145,False,False,67.2158432006836,56.0,60.0,nan,nan,False,8,33.0,22.0,0.739,0.768,17671.044921875,0.5041950345039368,nan,queue,queue,per_epoch_trace
paper_fig3_11node,inputs/task_graph_topology/custom/paper_fig3_11node.dot,/people/dass304/dass304/HWSWpartition/hw-sw-partition-metaheur/BatchExperiments/Ablation/diff_gnn_order_lssp_trace/paper_fig3_11node/seed-42/run-20260412-142043/config/paper_fig3_11node_seed-42_ablation.yaml,train,epoch,train,thresholded_partition,threshold,146,146.0,0,146,False,False,59.64506912231445,62.0,62.0,nan,nan,False,6,26.0,22.0,0.7372000000000001,0.7664,264.23822021484375,0.4995535612106323,nan,queue,queue,per_epoch_trace
paper_fig3_11node,inputs/task_graph_topology/custom/paper_fig3_11node.dot,/people/dass304/dass304/HWSWpartition/hw-sw-partition-metaheur/BatchExperiments/Ablation/diff_gnn_order_lssp_trace/paper_fig3_11node/seed-42/run-20260412-142043/config/paper_fig3_11node_seed-42_ablation.yaml,train,epoch,train,thresholded_partition,threshold,147,147.0,0,147,False,False,59.369808197021484,48.0,48.0,nan,nan,False,7,27.0,22.0,0.7354,0.7648,24332.52734375,0.49507376551628113,nan,queue,queue,per_epoch_trace
paper_fig3_11node,inputs/task_graph_topology/custom/paper_fig3_11node.dot,/people/dass304/dass304/HWSWpartition/hw-sw-partition-metaheur/BatchExperiments/Ablation/diff_gnn_order_lssp_trace/paper_fig3_11node/seed-42/run-20260412-142043/config/paper_fig3_11node_seed-42_ablation.yaml,train,epoch,train,thresholded_partition,threshold,148,148.0,0,148,False,False,62.1974983215332,42.0,42.0,nan,nan,False,8,32.0,22.0,0.7336,0.7632,1873.1964111328125,0.4986562728881836,nan,queue,queue,per_epoch_trace
paper_fig3_11node,inputs/task_graph_topology/custom/paper_fig3_11node.dot,/people/dass304/dass304/HWSWpartition/hw-sw-partition-metaheur/BatchExperiments/Ablation/diff_gnn_order_lssp_trace/paper_fig3_11node/seed-42/run-20260412-142043/config/paper_fig3_11node_seed-42_ablation.yaml,train,epoch,train,thresholded_partition,threshold,149,149.0,0,149,False,False,64.06939697265625,52.0,59.0,nan,nan,False,6,23.0,22.0,0.7318,0.7616,3947.5947265625,0.4980306625366211,nan,queue,queue,per_epoch_trace
paper_fig3_11node,inputs/task_graph_topology/custom/paper_fig3_11node.dot,/people/dass304/dass304/HWSWpartition/hw-sw-partition-metaheur/BatchExperiments/Ablation/diff_gnn_order_lssp_trace/paper_fig3_11node/seed-42/run-20260412-142043/config/paper_fig3_11node_seed-42_ablation.yaml,train,epoch,train,thresholded_partition,threshold,150,150.0,0,150,False,False,64.79769134521484,52.0,55.0,nan,nan,True,6,20.0,22.0,0.73,0.76,5032.669921875,0.49777230620384216,nan,queue,queue,per_epoch_trace
paper_fig3_11node,inputs/task_graph_topology/custom/paper_fig3_11node.dot,/people/dass304/dass304/HWSWpartition/hw-sw-partition-metaheur/BatchExperiments/Ablation/diff_gnn_order_lssp_trace/paper_fig3_11node/seed-42/run-20260412-142043/config/paper_fig3_11node_seed-42_ablation.yaml,train,epoch,train,thresholded_partition,threshold,151,151.0,0,151,False,False,65.37934875488281,49.0,49.0,nan,nan,True,5,21.0,22.0,0.7282,0.7584,2471.681640625,0.49845045804977417,nan,queue,queue,per_epoch_trace
paper_fig3_11node,inputs/task_graph_topology/custom/paper_fig3_11node.dot,/people/dass304/dass304/HWSWpartition/hw-sw-partition-metaheur/BatchExperiments/Ablation/diff_gnn_order_lssp_trace/paper_fig3_11node/seed-42/run-20260412-142043/config/paper_fig3_11node_seed-42_ablation.yaml,train,epoch,train,thresholded_partition,threshold,152,152.0,0,152,False,False,72.16326141357422,40.0,40.0,nan,nan,False,9,36.0,22.0,0.7263999999999999,0.7568,413.8481750488281,0.499420166015625,nan,queue,queue,per_epoch_trace
paper_fig3_11node,inputs/task_graph_topology/custom/paper_fig3_11node.dot,/people/dass304/dass304/HWSWpartition/hw-sw-partition-metaheur/BatchExperiments/Ablation/diff_gnn_order_lssp_trace/paper_fig3_11node/seed-42/run-20260412-142043/config/paper_fig3_11node_seed-42_ablation.yaml,train,epoch,train,thresholded_partition,threshold,153,153.0,0,153,False,False,61.720703125,50.0,55.0,nan,nan,False,7,29.0,22.0,0.7246,0.7552,5015.2119140625,0.5022244453430176,nan,queue,queue,per_epoch_trace
paper_fig3_11node,inputs/task_graph_topology/custom/paper_fig3_11node.dot,/people/dass304/dass304/HWSWpartition/hw-sw-partition-metaheur/BatchExperiments/Ablation/diff_gnn_order_lssp_trace/paper_fig3_11node/seed-42/run-20260412-142043/config/paper_fig3_11node_seed-42_ablation.yaml,train,epoch,train,thresholded_partition,threshold,154,154.0,0,154,False,False,62.255226135253906,50.0,58.0,nan,nan,False,6,27.0,22.0,0.7228,0.7536,12259.744140625,0.49650827050209045,nan,queue,queue,per_epoch_trace
paper_fig3_11node,inputs/task_graph_topology/custom/paper_fig3_11node.dot,/people/dass304/dass304/HWSWpartition/hw-sw-partition-metaheur/BatchExperiments/Ablation/diff_gnn_order_lssp_trace/paper_fig3_11node/seed-42/run-20260412-142043/config/paper_fig3_11node_seed-42_ablation.yaml,train,epoch,train,thresholded_partition,threshold,155,155.0,0,155,False,False,62.284095764160156,52.0,50.0,nan,nan,False,6,27.0,22.0,0.721,0.752,30720.994140625,0.5055365562438965,nan,queue,queue,per_epoch_trace
paper_fig3_11node,inputs/task_graph_topology/custom/paper_fig3_11node.dot,/people/dass304/dass304/HWSWpartition/hw-sw-partition-metaheur/BatchExperiments/Ablation/diff_gnn_order_lssp_trace/paper_fig3_11node/seed-42/run-20260412-142043/config/paper_fig3_11node_seed-42_ablation.yaml,train,epoch,train,thresholded_partition,threshold,156,156.0,0,156,False,False,59.49801254272461,35.0,37.0,nan,nan,False,6,23.0,22.0,0.7192000000000001,0.7504,3281.77685546875,0.49820640683174133,nan,queue,queue,per_epoch_trace
paper_fig3_11node,inputs/task_graph_topology/custom/paper_fig3_11node.dot,/people/dass304/dass304/HWSWpartition/hw-sw-partition-metaheur/BatchExperiments/Ablation/diff_gnn_order_lssp_trace/paper_fig3_11node/seed-42/run-20260412-142043/config/paper_fig3_11node_seed-42_ablation.yaml,train,epoch,train,thresholded_partition,threshold,157,157.0,0,157,False,False,60.43901443481445,46.0,46.0,nan,nan,False,7,27.0,22.0,0.7174,0.7487999999999999,15028.0947265625,0.49613189697265625,nan,queue,queue,per_epoch_trace
paper_fig3_11node,inputs/task_graph_topology/custom/paper_fig3_11node.dot,/people/dass304/dass304/HWSWpartition/hw-sw-partition-metaheur/BatchExperiments/Ablation/diff_gnn_order_lssp_trace/paper_fig3_11node/seed-42/run-20260412-142043/config/paper_fig3_11node_seed-42_ablation.yaml,train,epoch,train,thresholded_partition,threshold,158,158.0,0,158,False,False,59.30123519897461,59.0,60.0,nan,nan,False,7,29.0,22.0,0.7156,0.7472,22207.35546875,0.5047056078910828,nan,queue,queue,per_epoch_trace
paper_fig3_11node,inputs/task_graph_topology/custom/paper_fig3_11node.dot,/people/dass304/dass304/HWSWpartition/hw-sw-partition-metaheur/BatchExperiments/Ablation/diff_gnn_order_lssp_trace/paper_fig3_11node/seed-42/run-20260412-142043/config/paper_fig3_11node_seed-42_ablation.yaml,train,epoch,train,thresholded_partition,threshold,159,159.0,0,159,False,False,59.41390609741211,48.0,49.0,nan,nan,False,7,30.0,22.0,0.7138,0.7456,17159.232421875,0.5041345357894897,nan,queue,queue,per_epoch_trace
paper_fig3_11node,inputs/task_graph_topology/custom/paper_fig3_11node.dot,/people/dass304/dass304/HWSWpartition/hw-sw-partition-metaheur/BatchExperiments/Ablation/diff_gnn_order_lssp_trace/paper_fig3_11node/seed-42/run-20260412-142043/config/paper_fig3_11node_seed-42_ablation.yaml,train,epoch,train,thresholded_partition,threshold,160,160.0,0,160,False,False,67.80908966064453,51.0,51.0,nan,nan,True,5,18.0,22.0,0.712,0.744,3362.692138671875,0.49818629026412964,nan,queue,queue,per_epoch_trace
paper_fig3_11node,inputs/task_graph_topology/custom/paper_fig3_11node.dot,/people/dass304/dass304/HWSWpartition/hw-sw-partition-metaheur/BatchExperiments/Ablation/diff_gnn_order_lssp_trace/paper_fig3_11node/seed-42/run-20260412-142043/config/paper_fig3_11node_seed-42_ablation.yaml,train,epoch,train,thresholded_partition,threshold,161,161.0,0,161,False,False,61.35842514038086,44.0,47.0,nan,nan,True,5,21.0,22.0,0.7101999999999999,0.7424,6279.41748046875,0.4975074529647827,nan,queue,queue,per_epoch_trace
paper_fig3_11node,inputs/task_graph_topology/custom/paper_fig3_11node.dot,/people/dass304/dass304/HWSWpartition/hw-sw-partition-metaheur/BatchExperiments/Ablation/diff_gnn_order_lssp_trace/paper_fig3_11node/seed-42/run-20260412-142043/config/paper_fig3_11node_seed-42_ablation.yaml,train,epoch,train,thresholded_partition,threshold,162,162.0,0,162,False,False,57.87017822265625,47.0,61.0,nan,nan,True,5,21.0,22.0,0.7083999999999999,0.7407999999999999,129.51214599609375,0.5002577900886536,nan,queue,queue,per_epoch_trace
paper_fig3_11node,inputs/task_graph_topology/custom/paper_fig3_11node.dot,/people/dass304/dass304/HWSWpartition/hw-sw-partition-metaheur/BatchExperiments/Ablation/diff_gnn_order_lssp_trace/paper_fig3_11node/seed-42/run-20260412-142043/config/paper_fig3_11node_seed-42_ablation.yaml,train,epoch,train,thresholded_partition,threshold,163,163.0,0,163,False,False,61.25454330444336,60.0,55.0,nan,nan,True,4,21.0,22.0,0.7066,0.7392,26552.962890625,0.5051465034484863,nan,queue,queue,per_epoch_trace
paper_fig3_11node,inputs/task_graph_topology/custom/paper_fig3_11node.dot,/people/dass304/dass304/HWSWpartition/hw-sw-partition-metaheur/BatchExperiments/Ablation/diff_gnn_order_lssp_trace/paper_fig3_11node/seed-42/run-20260412-142043/config/paper_fig3_11node_seed-42_ablation.yaml,train,epoch,train,thresholded_partition,threshold,164,164.0,0,164,False,False,58.099395751953125,47.0,58.0,nan,nan,True,4,18.0,22.0,0.7048,0.7376,76.1041488647461,0.4998869299888611,nan,queue,queue,per_epoch_trace
paper_fig3_11node,inputs/task_graph_topology/custom/paper_fig3_11node.dot,/people/dass304/dass304/HWSWpartition/hw-sw-partition-metaheur/BatchExperiments/Ablation/diff_gnn_order_lssp_trace/paper_fig3_11node/seed-42/run-20260412-142043/config/paper_fig3_11node_seed-42_ablation.yaml,train,epoch,train,thresholded_partition,threshold,165,165.0,0,165,False,False,64.32796478271484,38.0,43.0,nan,nan,False,7,28.0,22.0,0.703,0.736,5081.3291015625,0.4977613091468811,nan,queue,queue,per_epoch_trace
paper_fig3_11node,inputs/task_graph_topology/custom/paper_fig3_11node.dot,/people/dass304/dass304/HWSWpartition/hw-sw-partition-metaheur/BatchExperiments/Ablation/diff_gnn_order_lssp_trace/paper_fig3_11node/seed-42/run-20260412-142043/config/paper_fig3_11node_seed-42_ablation.yaml,train,epoch,train,thresholded_partition,threshold,166,166.0,0,166,False,False,54.1881103515625,56.0,59.0,nan,nan,True,4,13.0,22.0,0.7012,0.7343999999999999,8413.38671875,0.49710968136787415,nan,queue,queue,per_epoch_trace
paper_fig3_11node,inputs/task_graph_topology/custom/paper_fig3_11node.dot,/people/dass304/dass304/HWSWpartition/hw-sw-partition-metaheur/BatchExperiments/Ablation/diff_gnn_order_lssp_trace/paper_fig3_11node/seed-42/run-20260412-142043/config/paper_fig3_11node_seed-42_ablation.yaml,train,epoch,train,thresholded_partition,threshold,167,167.0,0,167,False,False,61.50739669799805,49.0,56.0,nan,nan,False,7,24.0,22.0,0.6994,0.7327999999999999,7978.06005859375,0.4971873164176941,nan,queue,queue,per_epoch_trace
paper_fig3_11node,inputs/task_graph_topology/custom/paper_fig3_11node.dot,/people/dass304/dass304/HWSWpartition/hw-sw-partition-metaheur/BatchExperiments/Ablation/diff_gnn_order_lssp_trace/paper_fig3_11node/seed-42/run-20260412-142043/config/paper_fig3_11node_seed-42_ablation.yaml,train,epoch,train,thresholded_partition,threshold,168,168.0,0,168,False,False,59.08681106567383,56.0,60.0,nan,nan,False,8,33.0,22.0,0.6976,0.7312,25714.79296875,0.5050646066665649,nan,queue,queue,per_epoch_trace
paper_fig3_11node,inputs/task_graph_topology/custom/paper_fig3_11node.dot,/people/dass304/dass304/HWSWpartition/hw-sw-partition-metaheur/BatchExperiments/Ablation/diff_gnn_order_lssp_trace/paper_fig3_11node/seed-42/run-20260412-142043/config/paper_fig3_11node_seed-42_ablation.yaml,train,epoch,train,thresholded_partition,threshold,169,169.0,0,169,False,False,61.779579162597656,43.0,38.0,nan,nan,False,7,32.0,22.0,0.6958,0.7296,55912.75,0.5074729919433594,nan,queue,queue,per_epoch_trace
paper_fig3_11node,inputs/task_graph_topology/custom/paper_fig3_11node.dot,/people/dass304/dass304/HWSWpartition/hw-sw-partition-metaheur/BatchExperiments/Ablation/diff_gnn_order_lssp_trace/paper_fig3_11node/seed-42/run-20260412-142043/config/paper_fig3_11node_seed-42_ablation.yaml,train,epoch,train,thresholded_partition,threshold,170,170.0,0,170,False,False,62.27312088012695,54.0,57.0,nan,nan,False,5,24.0,22.0,0.694,0.728,164.74859619140625,0.4996882975101471,nan,queue,queue,per_epoch_trace
paper_fig3_11node,inputs/task_graph_topology/custom/paper_fig3_11node.dot,/people/dass304/dass304/HWSWpartition/hw-sw-partition-metaheur/BatchExperiments/Ablation/diff_gnn_order_lssp_trace/paper_fig3_11node/seed-42/run-20260412-142043/config/paper_fig3_11node_seed-42_ablation.yaml,train,epoch,train,thresholded_partition,threshold,171,171.0,0,171,False,False,59.8758430480957,38.0,43.0,nan,nan,False,7,28.0,22.0,0.6921999999999999,0.7263999999999999,2144.174072265625,0.4985581338405609,nan,queue,queue,per_epoch_trace
paper_fig3_11node,inputs/task_graph_topology/custom/paper_fig3_11node.dot,/people/dass304/dass304/HWSWpartition/hw-sw-partition-metaheur/BatchExperiments/Ablation/diff_gnn_order_lssp_trace/paper_fig3_11node/seed-42/run-20260412-142043/config/paper_fig3_11node_seed-42_ablation.yaml,train,epoch,train,thresholded_partition,threshold,172,172.0,0,172,False,False,63.699947357177734,50.0,48.0,nan,nan,False,6,23.0,22.0,0.6904,0.7248,1570.9400634765625,0.5012255311012268,nan,queue,queue,per_epoch_trace
paper_fig3_11node,inputs/task_graph_topology/custom/paper_fig3_11node.dot,/people/dass304/dass304/HWSWpartition/hw-sw-partition-metaheur/BatchExperiments/Ablation/diff_gnn_order_lssp_trace/paper_fig3_11node/seed-42/run-20260412-142043/config/paper_fig3_11node_seed-42_ablation.yaml,train,epoch,train,thresholded_partition,threshold,173,173.0,0,173,False,False,64.21572875976562,59.0,60.0,nan,nan,False,7,29.0,22.0,0.6886,0.7232000000000001,145.20645141601562,0.5002749562263489,nan,queue,queue,per_epoch_trace
paper_fig3_11node,inputs/task_graph_topology/custom/paper_fig3_11node.dot,/people/dass304/dass304/HWSWpartition/hw-sw-partition-metaheur/BatchExperiments/Ablation/diff_gnn_order_lssp_trace/paper_fig3_11node/seed-42/run-20260412-142043/config/paper_fig3_11node_seed-42_ablation.yaml,train,epoch,train,thresholded_partition,threshold,174,174.0,0,174,False,False,56.2034912109375,49.0,50.0,nan,nan,True,3,12.0,22.0,0.6868000000000001,0.7216,12016.8349609375,0.5034576654434204,nan,queue,queue,per_epoch_trace
paper_fig3_11node,inputs/task_graph_topology/custom/paper_fig3_11node.dot,/people/dass304/dass304/HWSWpartition/hw-sw-partition-metaheur/BatchExperiments/Ablation/diff_gnn_order_lssp_trace/paper_fig3_11node/seed-42/run-20260412-142043/config/paper_fig3_11node_seed-42_ablation.yaml,train,epoch,train,thresholded_partition,threshold,175,175.0,0,175,False,False,66.44693756103516,54.0,54.0,nan,nan,True,4,14.0,22.0,0.685,0.72,7074.54931640625,0.497353732585907,nan,queue,queue,per_epoch_trace
paper_fig3_11node,inputs/task_graph_topology/custom/paper_fig3_11node.dot,/people/dass304/dass304/HWSWpartition/hw-sw-partition-metaheur/BatchExperiments/Ablation/diff_gnn_order_lssp_trace/paper_fig3_11node/seed-42/run-20260412-142043/config/paper_fig3_11node_seed-42_ablation.yaml,train,epoch,train,thresholded_partition,threshold,176,176.0,0,176,False,False,60.84376907348633,59.0,63.0,nan,nan,False,7,29.0,22.0,0.6832,0.7183999999999999,3559.293701171875,0.5018689632415771,nan,queue,queue,per_epoch_trace
paper_fig3_11node,inputs/task_graph_topology/custom/paper_fig3_11node.dot,/people/dass304/dass304/HWSWpartition/hw-sw-partition-metaheur/BatchExperiments/Ablation/diff_gnn_order_lssp_trace/paper_fig3_11node/seed-42/run-20260412-142043/config/paper_fig3_11node_seed-42_ablation.yaml,train,epoch,train,thresholded_partition,threshold,177,177.0,0,177,False,False,54.57613754272461,45.0,51.0,nan,nan,False,7,26.0,22.0,0.6814,0.7168,254.2523651123047,0.5004409551620483,nan,queue,queue,per_epoch_trace
paper_fig3_11node,inputs/task_graph_topology/custom/paper_fig3_11node.dot,/people/dass304/dass304/HWSWpartition/hw-sw-partition-metaheur/BatchExperiments/Ablation/diff_gnn_order_lssp_trace/paper_fig3_11node/seed-42/run-20260412-142043/config/paper_fig3_11node_seed-42_ablation.yaml,train,epoch,train,thresholded_partition,threshold,178,178.0,0,178,False,False,56.03365707397461,46.0,44.0,nan,nan,True,4,15.0,22.0,0.6796,0.7152000000000001,734.7138671875,0.5008206963539124,nan,queue,queue,per_epoch_trace
paper_fig3_11node,inputs/task_graph_topology/custom/paper_fig3_11node.dot,/people/dass304/dass304/HWSWpartition/hw-sw-partition-metaheur/BatchExperiments/Ablation/diff_gnn_order_lssp_trace/paper_fig3_11node/seed-42/run-20260412-142043/config/paper_fig3_11node_seed-42_ablation.yaml,train,epoch,train,thresholded_partition,threshold,179,179.0,0,179,False,False,55.389869689941406,41.0,47.0,nan,nan,False,6,26.0,22.0,0.6778,0.7136,63.843536376953125,0.4999431371688843,nan,queue,queue,per_epoch_trace
paper_fig3_11node,inputs/task_graph_topology/custom/paper_fig3_11node.dot,/people/dass304/dass304/HWSWpartition/hw-sw-partition-metaheur/BatchExperiments/Ablation/diff_gnn_order_lssp_trace/paper_fig3_11node/seed-42/run-20260412-142043/config/paper_fig3_11node_seed-42_ablation.yaml,train,epoch,train,thresholded_partition,threshold,180,180.0,0,180,False,False,58.02613067626953,41.0,45.0,nan,nan,True,5,19.0,22.0,0.6759999999999999,0.712,54636.984375,0.4926126003265381,nan,queue,queue,per_epoch_trace
paper_fig3_11node,inputs/task_graph_topology/custom/paper_fig3_11node.dot,/people/dass304/dass304/HWSWpartition/hw-sw-partition-metaheur/BatchExperiments/Ablation/diff_gnn_order_lssp_trace/paper_fig3_11node/seed-42/run-20260412-142043/config/paper_fig3_11node_seed-42_ablation.yaml,train,epoch,train,thresholded_partition,threshold,181,181.0,0,181,False,False,55.327247619628906,64.0,64.0,nan,nan,False,6,24.0,22.0,0.6742,0.7103999999999999,22803.75,0.504768967628479,nan,queue,queue,per_epoch_trace
paper_fig3_11node,inputs/task_graph_topology/custom/paper_fig3_11node.dot,/people/dass304/dass304/HWSWpartition/hw-sw-partition-metaheur/BatchExperiments/Ablation/diff_gnn_order_lssp_trace/paper_fig3_11node/seed-42/run-20260412-142043/config/paper_fig3_11node_seed-42_ablation.yaml,train,epoch,train,thresholded_partition,threshold,182,182.0,0,182,False,False,58.84713363647461,39.0,46.0,nan,nan,False,6,23.0,22.0,0.6724,0.7088,4740.583984375,0.502162516117096,nan,queue,queue,per_epoch_trace
paper_fig3_11node,inputs/task_graph_topology/custom/paper_fig3_11node.dot,/people/dass304/dass304/HWSWpartition/hw-sw-partition-metaheur/BatchExperiments/Ablation/diff_gnn_order_lssp_trace/paper_fig3_11node/seed-42/run-20260412-142043/config/paper_fig3_11node_seed-42_ablation.yaml,train,epoch,train,thresholded_partition,threshold,183,183.0,0,183,False,False,57.72231674194336,43.0,50.0,nan,nan,False,6,24.0,22.0,0.6706,0.7072,4006.187744140625,0.4980142414569855,nan,queue,queue,per_epoch_trace
paper_fig3_11node,inputs/task_graph_topology/custom/paper_fig3_11node.dot,/people/dass304/dass304/HWSWpartition/hw-sw-partition-metaheur/BatchExperiments/Ablation/diff_gnn_order_lssp_trace/paper_fig3_11node/seed-42/run-20260412-142043/config/paper_fig3_11node_seed-42_ablation.yaml,train,epoch,train,thresholded_partition,threshold,184,184.0,0,184,False,False,68.11211395263672,62.0,67.0,nan,nan,True,5,22.0,22.0,0.6688000000000001,0.7056,34498.640625,0.5058673024177551,nan,queue,queue,per_epoch_trace
paper_fig3_11node,inputs/task_graph_topology/custom/paper_fig3_11node.dot,/people/dass304/dass304/HWSWpartition/hw-sw-partition-metaheur/BatchExperiments/Ablation/diff_gnn_order_lssp_trace/paper_fig3_11node/seed-42/run-20260412-142043/config/paper_fig3_11node_seed-42_ablation.yaml,train,epoch,train,thresholded_partition,threshold,185,185.0,0,185,False,False,54.06673812866211,48.0,45.0,nan,nan,True,4,17.0,22.0,0.667,0.704,5773.78759765625,0.5023905038833618,nan,queue,queue,per_epoch_trace
paper_fig3_11node,inputs/task_graph_topology/custom/paper_fig3_11node.dot,/people/dass304/dass304/HWSWpartition/hw-sw-partition-metaheur/BatchExperiments/Ablation/diff_gnn_order_lssp_trace/paper_fig3_11node/seed-42/run-20260412-142043/config/paper_fig3_11node_seed-42_ablation.yaml,train,epoch,train,thresholded_partition,threshold,186,186.0,0,186,False,False,67.64404296875,40.0,40.0,nan,nan,False,9,36.0,22.0,0.6652,0.7023999999999999,3598.890625,0.49812227487564087,nan,queue,queue,per_epoch_trace
paper_fig3_11node,inputs/task_graph_topology/custom/paper_fig3_11node.dot,/people/dass304/dass304/HWSWpartition/hw-sw-partition-metaheur/BatchExperiments/Ablation/diff_gnn_order_lssp_trace/paper_fig3_11node/seed-42/run-20260412-142043/config/paper_fig3_11node_seed-42_ablation.yaml,train,epoch,train,thresholded_partition,threshold,187,187.0,0,187,False,False,59.5738410949707,48.0,45.0,nan,nan,False,6,29.0,22.0,0.6634,0.7008,64031.75390625,0.5079979300498962,nan,queue,queue,per_epoch_trace
paper_fig3_11node,inputs/task_graph_topology/custom/paper_fig3_11node.dot,/people/dass304/dass304/HWSWpartition/hw-sw-partition-metaheur/BatchExperiments/Ablation/diff_gnn_order_lssp_trace/paper_fig3_11node/seed-42/run-20260412-142043/config/paper_fig3_11node_seed-42_ablation.yaml,train,epoch,train,thresholded_partition,threshold,188,188.0,0,188,False,False,53.69153594970703,34.0,34.0,nan,nan,True,5,22.0,22.0,0.6616,0.6992,218.88204956054688,0.49959999322891235,nan,queue,queue,per_epoch_trace
paper_fig3_11node,inputs/task_graph_topology/custom/paper_fig3_11node.dot,/people/dass304/dass304/HWSWpartition/hw-sw-partition-metaheur/BatchExperiments/Ablation/diff_gnn_order_lssp_trace/paper_fig3_11node/seed-42/run-20260412-142043/config/paper_fig3_11node_seed-42_ablation.yaml,train,epoch,train,thresholded_partition,threshold,189,189.0,0,189,False,False,55.506893157958984,44.0,43.0,nan,nan,False,8,34.0,22.0,0.6597999999999999,0.6976,7932.1708984375,0.5028055906295776,nan,queue,queue,per_epoch_trace
paper_fig3_11node,inputs/task_graph_topology/custom/paper_fig3_11node.dot,/people/dass304/dass304/HWSWpartition/hw-sw-partition-metaheur/BatchExperiments/Ablation/diff_gnn_order_lssp_trace/paper_fig3_11node/seed-42/run-20260412-142043/config/paper_fig3_11node_seed-42_ablation.yaml,train,epoch,train,thresholded_partition,threshold,190,190.0,0,190,False,False,57.75690460205078,49.0,57.0,nan,nan,False,6,27.0,22.0,0.6579999999999999,0.696,7512.693359375,0.5027294158935547,nan,queue,queue,per_epoch_trace
paper_fig3_11node,inputs/task_graph_topology/custom/paper_fig3_11node.dot,/people/dass304/dass304/HWSWpartition/hw-sw-partition-metaheur/BatchExperiments/Ablation/diff_gnn_order_lssp_trace/paper_fig3_11node/seed-42/run-20260412-142043/config/paper_fig3_11node_seed-42_ablation.yaml,train,epoch,train,thresholded_partition,threshold,191,191.0,0,191,False,False,63.22846603393555,50.0,58.0,nan,nan,False,6,25.0,22.0,0.6562,0.6943999999999999,8758.90625,0.49705207347869873,nan,queue,queue,per_epoch_trace
paper_fig3_11node,inputs/task_graph_topology/custom/paper_fig3_11node.dot,/people/dass304/dass304/HWSWpartition/hw-sw-partition-metaheur/BatchExperiments/Ablation/diff_gnn_order_lssp_trace/paper_fig3_11node/seed-42/run-20260412-142043/config/paper_fig3_11node_seed-42_ablation.yaml,train,epoch,train,thresholded_partition,threshold,192,192.0,0,192,False,False,60.1340217590332,45.0,53.0,nan,nan,False,6,25.0,22.0,0.6544,0.6928,8863.84765625,0.5029662251472473,nan,queue,queue,per_epoch_trace
paper_fig3_11node,inputs/task_graph_topology/custom/paper_fig3_11node.dot,/people/dass304/dass304/HWSWpartition/hw-sw-partition-metaheur/BatchExperiments/Ablation/diff_gnn_order_lssp_trace/paper_fig3_11node/seed-42/run-20260412-142043/config/paper_fig3_11node_seed-42_ablation.yaml,train,epoch,train,thresholded_partition,threshold,193,193.0,0,193,False,False,58.372901916503906,48.0,59.0,nan,nan,True,5,17.0,22.0,0.6526,0.6912,37264.546875,0.49390074610710144,nan,queue,queue,per_epoch_trace
paper_fig3_11node,inputs/task_graph_topology/custom/paper_fig3_11node.dot,/people/dass304/dass304/HWSWpartition/hw-sw-partition-metaheur/BatchExperiments/Ablation/diff_gnn_order_lssp_trace/paper_fig3_11node/seed-42/run-20260412-142043/config/paper_fig3_11node_seed-42_ablation.yaml,train,epoch,train,thresholded_partition,threshold,194,194.0,0,194,False,False,53.665687561035156,51.0,57.0,nan,nan,True,4,14.0,22.0,0.6508,0.6896,742.0066528320312,0.5008265376091003,nan,queue,queue,per_epoch_trace
paper_fig3_11node,inputs/task_graph_topology/custom/paper_fig3_11node.dot,/people/dass304/dass304/HWSWpartition/hw-sw-partition-metaheur/BatchExperiments/Ablation/diff_gnn_order_lssp_trace/paper_fig3_11node/seed-42/run-20260412-142043/config/paper_fig3_11node_seed-42_ablation.yaml,train,epoch,train,thresholded_partition,threshold,195,195.0,0,195,False,False,60.207183837890625,46.0,49.0,nan,nan,True,3,10.0,22.0,0.649,0.688,2189.061767578125,0.4985427260398865,nan,queue,queue,per_epoch_trace
paper_fig3_11node,inputs/task_graph_topology/custom/paper_fig3_11node.dot,/people/dass304/dass304/HWSWpartition/hw-sw-partition-metaheur/BatchExperiments/Ablation/diff_gnn_order_lssp_trace/paper_fig3_11node/seed-42/run-20260412-142043/config/paper_fig3_11node_seed-42_ablation.yaml,train,epoch,train,thresholded_partition,threshold,196,196.0,0,196,False,False,54.025306701660156,48.0,44.0,nan,nan,False,6,29.0,22.0,0.6472,0.6863999999999999,16117.103515625,0.5040072202682495,nan,queue,queue,per_epoch_trace
paper_fig3_11node,inputs/task_graph_topology/custom/paper_fig3_11node.dot,/people/dass304/dass304/HWSWpartition/hw-sw-partition-metaheur/BatchExperiments/Ablation/diff_gnn_order_lssp_trace/paper_fig3_11node/seed-42/run-20260412-142043/config/paper_fig3_11node_seed-42_ablation.yaml,train,epoch,train,thresholded_partition,threshold,197,197.0,0,197,False,False,57.247798919677734,45.0,55.0,nan,nan,True,6,20.0,22.0,0.6454,0.6848,128042.328125,0.4886871874332428,nan,queue,queue,per_epoch_trace
paper_fig3_11node,inputs/task_graph_topology/custom/paper_fig3_11node.dot,/people/dass304/dass304/HWSWpartition/hw-sw-partition-metaheur/BatchExperiments/Ablation/diff_gnn_order_lssp_trace/paper_fig3_11node/seed-42/run-20260412-142043/config/paper_fig3_11node_seed-42_ablation.yaml,train,epoch,train,thresholded_partition,threshold,198,198.0,0,198,False,False,61.5490837097168,51.0,57.0,nan,nan,False,8,34.0,22.0,0.6436,0.6832,1968.308349609375,0.4986210763454437,nan,queue,queue,per_epoch_trace
paper_fig3_11node,inputs/task_graph_topology/custom/paper_fig3_11node.dot,/people/dass304/dass304/HWSWpartition/hw-sw-partition-metaheur/BatchExperiments/Ablation/diff_gnn_order_lssp_trace/paper_fig3_11node/seed-42/run-20260412-142043/config/paper_fig3_11node_seed-42_ablation.yaml,train,epoch,train,thresholded_partition,threshold,199,199.0,0,199,False,False,65.79045867919922,46.0,46.0,nan,nan,False,7,27.0,22.0,0.6417999999999999,0.6816,290.1464538574219,0.5004680156707764,nan,queue,queue,per_epoch_trace
paper_fig3_11node,inputs/task_graph_topology/custom/paper_fig3_11node.dot,/people/dass304/dass304/HWSWpartition/hw-sw-partition-metaheur/BatchExperiments/Ablation/diff_gnn_order_lssp_trace/paper_fig3_11node/seed-42/run-20260412-142043/config/paper_fig3_11node_seed-42_ablation.yaml,train,epoch,train,thresholded_partition,threshold,200,200.0,0,200,False,False,57.152828216552734,46.0,46.0,nan,nan,False,6,25.0,22.0,0.6399999999999999,0.6799999999999999,915.0022583007812,0.5009233355522156,nan,queue,queue,per_epoch_trace
paper_fig3_11node,inputs/task_graph_topology/custom/paper_fig3_11node.dot,/people/dass304/dass304/HWSWpartition/hw-sw-partition-metaheur/BatchExperiments/Ablation/diff_gnn_order_lssp_trace/paper_fig3_11node/seed-42/run-20260412-142043/config/paper_fig3_11node_seed-42_ablation.yaml,train,epoch,train,thresholded_partition,threshold,201,201.0,0,201,False,False,56.491912841796875,46.0,44.0,nan,nan,False,6,25.0,22.0,0.6382,0.6783999999999999,9684.5341796875,0.5031020641326904,nan,queue,queue,per_epoch_trace
paper_fig3_11node,inputs/task_graph_topology/custom/paper_fig3_11node.dot,/people/dass304/dass304/HWSWpartition/hw-sw-partition-metaheur/BatchExperiments/Ablation/diff_gnn_order_lssp_trace/paper_fig3_11node/seed-42/run-20260412-142043/config/paper_fig3_11node_seed-42_ablation.yaml,train,epoch,train,thresholded_partition,threshold,202,202.0,0,202,False,False,56.77869415283203,47.0,53.0,nan,nan,False,8,32.0,22.0,0.6364,0.6768,30267.728515625,0.5054959654808044,nan,queue,queue,per_epoch_trace
paper_fig3_11node,inputs/task_graph_topology/custom/paper_fig3_11node.dot,/people/dass304/dass304/HWSWpartition/hw-sw-partition-metaheur/BatchExperiments/Ablation/diff_gnn_order_lssp_trace/paper_fig3_11node/seed-42/run-20260412-142043/config/paper_fig3_11node_seed-42_ablation.yaml,train,epoch,train,thresholded_partition,threshold,203,203.0,0,203,False,False,59.9730224609375,45.0,51.0,nan,nan,False,8,32.0,22.0,0.6345999999999999,0.6752,2666.413818359375,0.5016127824783325,nan,queue,queue,per_epoch_trace
paper_fig3_11node,inputs/task_graph_topology/custom/paper_fig3_11node.dot,/people/dass304/dass304/HWSWpartition/hw-sw-partition-metaheur/BatchExperiments/Ablation/diff_gnn_order_lssp_trace/paper_fig3_11node/seed-42/run-20260412-142043/config/paper_fig3_11node_seed-42_ablation.yaml,train,epoch,train,thresholded_partition,threshold,204,204.0,0,204,False,False,57.43683624267578,55.0,55.0,nan,nan,True,4,16.0,22.0,0.6328,0.6736,5952.39453125,0.4975731372833252,nan,queue,queue,per_epoch_trace
paper_fig3_11node,inputs/task_graph_topology/custom/paper_fig3_11node.dot,/people/dass304/dass304/HWSWpartition/hw-sw-partition-metaheur/BatchExperiments/Ablation/diff_gnn_order_lssp_trace/paper_fig3_11node/seed-42/run-20260412-142043/config/paper_fig3_11node_seed-42_ablation.yaml,train,epoch,train,thresholded_partition,threshold,205,205.0,0,205,False,False,58.892677307128906,48.0,61.0,nan,nan,True,4,10.0,22.0,0.631,0.6719999999999999,46576.08984375,0.4931800365447998,nan,queue,queue,per_epoch_trace
paper_fig3_11node,inputs/task_graph_topology/custom/paper_fig3_11node.dot,/people/dass304/dass304/HWSWpartition/hw-sw-partition-metaheur/BatchExperiments/Ablation/diff_gnn_order_lssp_trace/paper_fig3_11node/seed-42/run-20260412-142043/config/paper_fig3_11node_seed-42_ablation.yaml,train,epoch,train,thresholded_partition,threshold,206,206.0,0,206,False,False,62.0835075378418,47.0,53.0,nan,nan,False,8,32.0,22.0,0.6292,0.6704,20429.49609375,0.4954875707626343,nan,queue,queue,per_epoch_trace
paper_fig3_11node,inputs/task_graph_topology/custom/paper_fig3_11node.dot,/people/dass304/dass304/HWSWpartition/hw-sw-partition-metaheur/BatchExperiments/Ablation/diff_gnn_order_lssp_trace/paper_fig3_11node/seed-42/run-20260412-142043/config/paper_fig3_11node_seed-42_ablation.yaml,train,epoch,train,thresholded_partition,threshold,207,207.0,0,207,False,False,63.021053314208984,58.0,65.0,nan,nan,False,6,26.0,22.0,0.6274,0.6688000000000001,28213.275390625,0.5053051710128784,nan,queue,queue,per_epoch_trace
paper_fig3_11node,inputs/task_graph_topology/custom/paper_fig3_11node.dot,/people/dass304/dass304/HWSWpartition/hw-sw-partition-metaheur/BatchExperiments/Ablation/diff_gnn_order_lssp_trace/paper_fig3_11node/seed-42/run-20260412-142043/config/paper_fig3_11node_seed-42_ablation.yaml,train,epoch,train,thresholded_partition,threshold,208,208.0,0,208,False,False,55.511837005615234,40.0,40.0,nan,nan,True,4,16.0,22.0,0.6255999999999999,0.6672,240.3307342529297,0.4995761513710022,nan,queue,queue,per_epoch_trace
paper_fig3_11node,inputs/task_graph_topology/custom/paper_fig3_11node.dot,/people/dass304/dass304/HWSWpartition/hw-sw-partition-metaheur/BatchExperiments/Ablation/diff_gnn_order_lssp_trace/paper_fig3_11node/seed-42/run-20260412-142043/config/paper_fig3_11node_seed-42_ablation.yaml,train,epoch,train,thresholded_partition,threshold,209,209.0,0,209,False,False,63.28361892700195,62.0,62.0,nan,nan,True,5,22.0,22.0,0.6238,0.6656,36850.1484375,0.506064772605896,nan,queue,queue,per_epoch_trace
paper_fig3_11node,inputs/task_graph_topology/custom/paper_fig3_11node.dot,/people/dass304/dass304/HWSWpartition/hw-sw-partition-metaheur/BatchExperiments/Ablation/diff_gnn_order_lssp_trace/paper_fig3_11node/seed-42/run-20260412-142043/config/paper_fig3_11node_seed-42_ablation.yaml,train,epoch,train,thresholded_partition,threshold,210,210.0,0,210,False,False,67.27745819091797,44.0,51.0,nan,nan,False,7,25.0,22.0,0.622,0.6639999999999999,16233.998046875,0.4959798753261566,nan,queue,queue,per_epoch_trace
paper_fig3_11node,inputs/task_graph_topology/custom/paper_fig3_11node.dot,/people/dass304/dass304/HWSWpartition/hw-sw-partition-metaheur/BatchExperiments/Ablation/diff_gnn_order_lssp_trace/paper_fig3_11node/seed-42/run-20260412-142043/config/paper_fig3_11node_seed-42_ablation.yaml,train,epoch,train,thresholded_partition,threshold,211,211.0,0,211,False,False,53.737159729003906,39.0,39.0,nan,nan,True,4,16.0,22.0,0.6202000000000001,0.6624,35274.4921875,0.4940657317638397,nan,queue,queue,per_epoch_trace
paper_fig3_11node,inputs/task_graph_topology/custom/paper_fig3_11node.dot,/people/dass304/dass304/HWSWpartition/hw-sw-partition-metaheur/BatchExperiments/Ablation/diff_gnn_order_lssp_trace/paper_fig3_11node/seed-42/run-20260412-142043/config/paper_fig3_11node_seed-42_ablation.yaml,train,epoch,train,thresholded_partition,threshold,212,212.0,0,212,False,False,59.50380325317383,56.0,59.0,nan,nan,False,8,33.0,22.0,0.6184000000000001,0.6608,32826.4375,0.505723774433136,nan,queue,queue,per_epoch_trace
paper_fig3_11node,inputs/task_graph_topology/custom/paper_fig3_11node.dot,/people/dass304/dass304/HWSWpartition/hw-sw-partition-metaheur/BatchExperiments/Ablation/diff_gnn_order_lssp_trace/paper_fig3_11node/seed-42/run-20260412-142043/config/paper_fig3_11node_seed-42_ablation.yaml,train,epoch,train,thresholded_partition,threshold,213,213.0,0,213,False,False,63.7507209777832,30.0,34.0,nan,nan,False,6,27.0,22.0,0.6166,0.6592,9064.056640625,0.5029991865158081,nan,queue,queue,per_epoch_trace
paper_fig3_11node,inputs/task_graph_topology/custom/paper_fig3_11node.dot,/people/dass304/dass304/HWSWpartition/hw-sw-partition-metaheur/BatchExperiments/Ablation/diff_gnn_order_lssp_trace/paper_fig3_11node/seed-42/run-20260412-142043/config/paper_fig3_11node_seed-42_ablation.yaml,train,epoch,train,thresholded_partition,threshold,214,214.0,0,214,False,False,55.9385871887207,47.0,45.0,nan,nan,True,3,12.0,22.0,0.6148,0.6576,1669.6243896484375,0.5012682676315308,nan,queue,queue,per_epoch_trace
paper_fig3_11node,inputs/task_graph_topology/custom/paper_fig3_11node.dot,/people/dass304/dass304/HWSWpartition/hw-sw-partition-metaheur/BatchExperiments/Ablation/diff_gnn_order_lssp_trace/paper_fig3_11node/seed-42/run-20260412-142043/config/paper_fig3_11node_seed-42_ablation.yaml,train,epoch,train,thresholded_partition,threshold,215,215.0,0,215,False,False,58.40869903564453,49.0,62.0,nan,nan,True,4,12.0,22.0,0.613,0.6559999999999999,16475.931640625,0.49594879150390625,nan,queue,queue,per_epoch_trace
paper_fig3_11node,inputs/task_graph_topology/custom/paper_fig3_11node.dot,/people/dass304/dass304/HWSWpartition/hw-sw-partition-metaheur/BatchExperiments/Ablation/diff_gnn_order_lssp_trace/paper_fig3_11node/seed-42/run-20260412-142043/config/paper_fig3_11node_seed-42_ablation.yaml,train,epoch,train,thresholded_partition,threshold,216,216.0,0,216,False,False,65.3024673461914,46.0,53.0,nan,nan,True,4,17.0,22.0,0.6112,0.6544,858.2568359375,0.49911248683929443,nan,queue,queue,per_epoch_trace
paper_fig3_11node,inputs/task_graph_topology/custom/paper_fig3_11node.dot,/people/dass304/dass304/HWSWpartition/hw-sw-partition-metaheur/BatchExperiments/Ablation/diff_gnn_order_lssp_trace/paper_fig3_11node/seed-42/run-20260412-142043/config/paper_fig3_11node_seed-42_ablation.yaml,train,epoch,train,thresholded_partition,threshold,217,217.0,0,217,False,False,59.73797607421875,32.0,34.0,nan,nan,False,7,26.0,22.0,0.6093999999999999,0.6528,4355.63916015625,0.4979286193847656,nan,queue,queue,per_epoch_trace
paper_fig3_11node,inputs/task_graph_topology/custom/paper_fig3_11node.dot,/people/dass304/dass304/HWSWpartition/hw-sw-partition-metaheur/BatchExperiments/Ablation/diff_gnn_order_lssp_trace/paper_fig3_11node/seed-42/run-20260412-142043/config/paper_fig3_11node_seed-42_ablation.yaml,train,epoch,train,thresholded_partition,threshold,218,218.0,0,218,False,False,65.947265625,55.0,62.0,nan,nan,True,5,18.0,22.0,0.6075999999999999,0.6512,1325.90478515625,0.49887987971305847,nan,queue,queue,per_epoch_trace
paper_fig3_11node,inputs/task_graph_topology/custom/paper_fig3_11node.dot,/people/dass304/dass304/HWSWpartition/hw-sw-partition-metaheur/BatchExperiments/Ablation/diff_gnn_order_lssp_trace/paper_fig3_11node/seed-42/run-20260412-142043/config/paper_fig3_11node_seed-42_ablation.yaml,train,epoch,train,thresholded_partition,threshold,219,219.0,0,219,False,False,64.62896728515625,59.0,59.0,nan,nan,True,3,11.0,22.0,0.6058,0.6496,1918.0810546875,0.4986405074596405,nan,queue,queue,per_epoch_trace
paper_fig3_11node,inputs/task_graph_topology/custom/paper_fig3_11node.dot,/people/dass304/dass304/HWSWpartition/hw-sw-partition-metaheur/BatchExperiments/Ablation/diff_gnn_order_lssp_trace/paper_fig3_11node/seed-42/run-20260412-142043/config/paper_fig3_11node_seed-42_ablation.yaml,train,epoch,train,thresholded_partition,threshold,220,220.0,0,220,False,False,54.3768424987793,38.0,45.0,nan,nan,True,5,22.0,22.0,0.604,0.6479999999999999,1791.4720458984375,0.5013160109519958,nan,queue,queue,per_epoch_trace
paper_fig3_11node,inputs/task_graph_topology/custom/paper_fig3_11node.dot,/people/dass304/dass304/HWSWpartition/hw-sw-partition-metaheur/BatchExperiments/Ablation/diff_gnn_order_lssp_trace/paper_fig3_11node/seed-42/run-20260412-142043/config/paper_fig3_11node_seed-42_ablation.yaml,train,epoch,train,thresholded_partition,threshold,221,221.0,0,221,False,False,56.76020431518555,40.0,44.0,nan,nan,True,4,19.0,22.0,0.6022000000000001,0.6464,2523.484130859375,0.5015689134597778,nan,queue,queue,per_epoch_trace
paper_fig3_11node,inputs/task_graph_topology/custom/paper_fig3_11node.dot,/people/dass304/dass304/HWSWpartition/hw-sw-partition-metaheur/BatchExperiments/Ablation/diff_gnn_order_lssp_trace/paper_fig3_11node/seed-42/run-20260412-142043/config/paper_fig3_11node_seed-42_ablation.yaml,train,epoch,train,thresholded_partition,threshold,222,222.0,0,222,False,False,58.7628059387207,44.0,48.0,nan,nan,True,5,19.0,22.0,0.6004,0.6448,6996.25,0.49736708402633667,nan,queue,queue,per_epoch_trace
paper_fig3_11node,inputs/task_graph_topology/custom/paper_fig3_11node.dot,/people/dass304/dass304/HWSWpartition/hw-sw-partition-metaheur/BatchExperiments/Ablation/diff_gnn_order_lssp_trace/paper_fig3_11node/seed-42/run-20260412-142043/config/paper_fig3_11node_seed-42_ablation.yaml,train,epoch,train,thresholded_partition,threshold,223,223.0,0,223,False,False,61.665218353271484,42.0,42.0,nan,nan,False,8,32.0,22.0,0.5986,0.6432,894.8780517578125,0.49909013509750366,nan,queue,queue,per_epoch_trace
paper_fig3_11node,inputs/task_graph_topology/custom/paper_fig3_11node.dot,/people/dass304/dass304/HWSWpartition/hw-sw-partition-metaheur/BatchExperiments/Ablation/diff_gnn_order_lssp_trace/paper_fig3_11node/seed-42/run-20260412-142043/config/paper_fig3_11node_seed-42_ablation.yaml,train,epoch,train,thresholded_partition,threshold,224,224.0,0,224,False,False,63.1342658996582,44.0,44.0,nan,nan,False,7,29.0,22.0,0.5968,0.6416,9873.6181640625,0.5031313300132751,nan,queue,queue,per_epoch_trace
paper_fig3_11node,inputs/task_graph_topology/custom/paper_fig3_11node.dot,/people/dass304/dass304/HWSWpartition/hw-sw-partition-metaheur/BatchExperiments/Ablation/diff_gnn_order_lssp_trace/paper_fig3_11node/seed-42/run-20260412-142043/config/paper_fig3_11node_seed-42_ablation.yaml,train,epoch,train,thresholded_partition,threshold,225,225.0,0,225,False,False,65.34712982177734,58.0,62.0,nan,nan,False,7,28.0,22.0,0.595,0.6399999999999999,2263.62939453125,0.5014808177947998,nan,queue,queue,per_epoch_trace
paper_fig3_11node,inputs/task_graph_topology/custom/paper_fig3_11node.dot,/people/dass304/dass304/HWSWpartition/hw-sw-partition-metaheur/BatchExperiments/Ablation/diff_gnn_order_lssp_trace/paper_fig3_11node/seed-42/run-20260412-142043/config/paper_fig3_11node_seed-42_ablation.yaml,train,epoch,train,thresholded_partition,threshold,226,226.0,0,226,False,False,65.46398162841797,34.0,39.0,nan,nan,False,8,34.0,22.0,0.5932,0.6384,1108.7469482421875,0.5010188221931458,nan,queue,queue,per_epoch_trace
paper_fig3_11node,inputs/task_graph_topology/custom/paper_fig3_11node.dot,/people/dass304/dass304/HWSWpartition/hw-sw-partition-metaheur/BatchExperiments/Ablation/diff_gnn_order_lssp_trace/paper_fig3_11node/seed-42/run-20260412-142043/config/paper_fig3_11node_seed-42_ablation.yaml,train,epoch,train,thresholded_partition,threshold,227,227.0,0,227,False,False,59.767574310302734,58.0,62.0,nan,nan,False,7,28.0,22.0,0.5913999999999999,0.6368,5919.5263671875,0.5024195909500122,nan,queue,queue,per_epoch_trace
paper_fig3_11node,inputs/task_graph_topology/custom/paper_fig3_11node.dot,/people/dass304/dass304/HWSWpartition/hw-sw-partition-metaheur/BatchExperiments/Ablation/diff_gnn_order_lssp_trace/paper_fig3_11node/seed-42/run-20260412-142043/config/paper_fig3_11node_seed-42_ablation.yaml,train,epoch,train,thresholded_partition,threshold,228,228.0,0,228,False,False,62.576778411865234,53.0,59.0,nan,nan,True,5,21.0,22.0,0.5895999999999999,0.6352,4143.94580078125,0.502018928527832,nan,queue,queue,per_epoch_trace
paper_fig3_11node,inputs/task_graph_topology/custom/paper_fig3_11node.dot,/people/dass304/dass304/HWSWpartition/hw-sw-partition-metaheur/BatchExperiments/Ablation/diff_gnn_order_lssp_trace/paper_fig3_11node/seed-42/run-20260412-142043/config/paper_fig3_11node_seed-42_ablation.yaml,train,epoch,train,thresholded_partition,threshold,229,229.0,0,229,False,False,62.22783279418945,50.0,49.0,nan,nan,False,6,28.0,22.0,0.5878,0.6335999999999999,13503.48828125,0.5036655068397522,nan,queue,queue,per_epoch_trace
paper_fig3_11node,inputs/task_graph_topology/custom/paper_fig3_11node.dot,/people/dass304/dass304/HWSWpartition/hw-sw-partition-metaheur/BatchExperiments/Ablation/diff_gnn_order_lssp_trace/paper_fig3_11node/seed-42/run-20260412-142043/config/paper_fig3_11node_seed-42_ablation.yaml,train,epoch,train,thresholded_partition,threshold,230,230.0,0,230,False,False,60.905067443847656,48.0,51.0,nan,nan,False,7,29.0,22.0,0.586,0.6319999999999999,296.2931213378906,0.5004796981811523,nan,queue,queue,per_epoch_trace
paper_fig3_11node,inputs/task_graph_topology/custom/paper_fig3_11node.dot,/people/dass304/dass304/HWSWpartition/hw-sw-partition-metaheur/BatchExperiments/Ablation/diff_gnn_order_lssp_trace/paper_fig3_11node/seed-42/run-20260412-142043/config/paper_fig3_11node_seed-42_ablation.yaml,train,epoch,train,thresholded_partition,threshold,231,231.0,0,231,False,False,66.43645477294922,49.0,50.0,nan,nan,False,6,23.0,22.0,0.5842,0.6304,4730.728515625,0.4978415369987488,nan,queue,queue,per_epoch_trace
paper_fig3_11node,inputs/task_graph_topology/custom/paper_fig3_11node.dot,/people/dass304/dass304/HWSWpartition/hw-sw-partition-metaheur/BatchExperiments/Ablation/diff_gnn_order_lssp_trace/paper_fig3_11node/seed-42/run-20260412-142043/config/paper_fig3_11node_seed-42_ablation.yaml,train,epoch,train,thresholded_partition,threshold,232,232.0,0,232,False,False,61.83370590209961,49.0,50.0,nan,nan,True,3,12.0,22.0,0.5824,0.6288,97.34124755859375,0.49982595443725586,nan,queue,queue,per_epoch_trace
paper_fig3_11node,inputs/task_graph_topology/custom/paper_fig3_11node.dot,/people/dass304/dass304/HWSWpartition/hw-sw-partition-metaheur/BatchExperiments/Ablation/diff_gnn_order_lssp_trace/paper_fig3_11node/seed-42/run-20260412-142043/config/paper_fig3_11node_seed-42_ablation.yaml,train,epoch,train,thresholded_partition,threshold,233,233.0,0,233,False,False,55.20037841796875,48.0,51.0,nan,nan,True,3,11.0,22.0,0.5806,0.6272,13492.0400390625,0.49633508920669556,nan,queue,queue,per_epoch_trace
paper_fig3_11node,inputs/task_graph_topology/custom/paper_fig3_11node.dot,/people/dass304/dass304/HWSWpartition/hw-sw-partition-metaheur/BatchExperiments/Ablation/diff_gnn_order_lssp_trace/paper_fig3_11node/seed-42/run-20260412-142043/config/paper_fig3_11node_seed-42_ablation.yaml,train,epoch,train,thresholded_partition,threshold,234,234.0,0,234,False,False,64.28053283691406,53.0,54.0,nan,nan,False,6,25.0,22.0,0.5788,0.6255999999999999,69.85709381103516,0.5000166893005371,nan,queue,queue,per_epoch_trace
paper_fig3_11node,inputs/task_graph_topology/custom/paper_fig3_11node.dot,/people/dass304/dass304/HWSWpartition/hw-sw-partition-metaheur/BatchExperiments/Ablation/diff_gnn_order_lssp_trace/paper_fig3_11node/seed-42/run-20260412-142043/config/paper_fig3_11node_seed-42_ablation.yaml,train,epoch,train,thresholded_partition,threshold,235,235.0,0,235,False,False,56.73080062866211,53.0,63.0,nan,nan,True,2,6.0,22.0,0.577,0.624,137231.203125,0.4882880747318268,nan,queue,queue,per_epoch_trace
paper_fig3_11node,inputs/task_graph_topology/custom/paper_fig3_11node.dot,/people/dass304/dass304/HWSWpartition/hw-sw-partition-metaheur/BatchExperiments/Ablation/diff_gnn_order_lssp_trace/paper_fig3_11node/seed-42/run-20260412-142043/config/paper_fig3_11node_seed-42_ablation.yaml,train,epoch,train,thresholded_partition,threshold,236,236.0,0,236,False,False,63.04505157470703,47.0,47.0,nan,nan,True,6,20.0,22.0,0.5751999999999999,0.6224000000000001,4040.916015625,0.4980068802833557,nan,queue,queue,per_epoch_trace
paper_fig3_11node,inputs/task_graph_topology/custom/paper_fig3_11node.dot,/people/dass304/dass304/HWSWpartition/hw-sw-partition-metaheur/BatchExperiments/Ablation/diff_gnn_order_lssp_trace/paper_fig3_11node/seed-42/run-20260412-142043/config/paper_fig3_11node_seed-42_ablation.yaml,train,epoch,train,thresholded_partition,threshold,237,237.0,0,237,False,False,63.34096908569336,38.0,44.0,nan,nan,False,7,26.0,22.0,0.5734,0.6208,12922.041015625,0.49641484022140503,nan,queue,queue,per_epoch_trace
paper_fig3_11node,inputs/task_graph_topology/custom/paper_fig3_11node.dot,/people/dass304/dass304/HWSWpartition/hw-sw-partition-metaheur/BatchExperiments/Ablation/diff_gnn_order_lssp_trace/paper_fig3_11node/seed-42/run-20260412-142043/config/paper_fig3_11node_seed-42_ablation.yaml,train,epoch,train,thresholded_partition,threshold,238,238.0,0,238,False,False,60.76823806762695,24.0,26.0,nan,nan,False,7,30.0,22.0,0.5716,0.6192,90.728271484375,0.49984264373779297,nan,queue,queue,per_epoch_trace
paper_fig3_11node,inputs/task_graph_topology/custom/paper_fig3_11node.dot,/people/dass304/dass304/HWSWpartition/hw-sw-partition-metaheur/BatchExperiments/Ablation/diff_gnn_order_lssp_trace/paper_fig3_11node/seed-42/run-20260412-142043/config/paper_fig3_11node_seed-42_ablation.yaml,train,epoch,train,thresholded_partition,threshold,239,239.0,0,239,False,False,59.7121467590332,50.0,52.0,nan,nan,True,4,18.0,22.0,0.5698000000000001,0.6175999999999999,31569.021484375,0.505612850189209,nan,queue,queue,per_epoch_trace
paper_fig3_11node,inputs/task_graph_topology/custom/paper_fig3_11node.dot,/people/dass304/dass304/HWSWpartition/hw-sw-partition-metaheur/BatchExperiments/Ablation/diff_gnn_order_lssp_trace/paper_fig3_11node/seed-42/run-20260412-142043/config/paper_fig3_11node_seed-42_ablation.yaml,train,epoch,train,thresholded_partition,threshold,240,240.0,0,240,False,False,65.8377914428711,45.0,47.0,nan,nan,False,7,27.0,22.0,0.5680000000000001,0.616,3181.994140625,0.4982362389564514,nan,queue,queue,per_epoch_trace
paper_fig3_11node,inputs/task_graph_topology/custom/paper_fig3_11node.dot,/people/dass304/dass304/HWSWpartition/hw-sw-partition-metaheur/BatchExperiments/Ablation/diff_gnn_order_lssp_trace/paper_fig3_11node/seed-42/run-20260412-142043/config/paper_fig3_11node_seed-42_ablation.yaml,train,epoch,train,thresholded_partition,threshold,241,241.0,0,241,False,False,58.30091094970703,33.0,33.0,nan,nan,False,7,27.0,22.0,0.5662,0.6144000000000001,9227.849609375,0.5030272603034973,nan,queue,queue,per_epoch_trace
paper_fig3_11node,inputs/task_graph_topology/custom/paper_fig3_11node.dot,/people/dass304/dass304/HWSWpartition/hw-sw-partition-metaheur/BatchExperiments/Ablation/diff_gnn_order_lssp_trace/paper_fig3_11node/seed-42/run-20260412-142043/config/paper_fig3_11node_seed-42_ablation.yaml,train,epoch,train,thresholded_partition,threshold,242,242.0,0,242,False,False,58.21868896484375,40.0,40.0,nan,nan,True,5,18.0,22.0,0.5644,0.6128,5737.36279296875,0.4976179897785187,nan,queue,queue,per_epoch_trace
paper_fig3_11node,inputs/task_graph_topology/custom/paper_fig3_11node.dot,/people/dass304/dass304/HWSWpartition/hw-sw-partition-metaheur/BatchExperiments/Ablation/diff_gnn_order_lssp_trace/paper_fig3_11node/seed-42/run-20260412-142043/config/paper_fig3_11node_seed-42_ablation.yaml,train,epoch,train,thresholded_partition,threshold,243,243.0,0,243,False,False,65.52986145019531,60.0,59.0,nan,nan,False,7,31.0,22.0,0.5626,0.6112,5585.392578125,0.5023483037948608,nan,queue,queue,per_epoch_trace
paper_fig3_11node,inputs/task_graph_topology/custom/paper_fig3_11node.dot,/people/dass304/dass304/HWSWpartition/hw-sw-partition-metaheur/BatchExperiments/Ablation/diff_gnn_order_lssp_trace/paper_fig3_11node/seed-42/run-20260412-142043/config/paper_fig3_11node_seed-42_ablation.yaml,train,epoch,train,thresholded_partition,threshold,244,244.0,0,244,False,False,61.520687103271484,53.0,53.0,nan,nan,True,4,12.0,22.0,0.5608,0.6095999999999999,19774.671875,0.4955606460571289,nan,queue,queue,per_epoch_trace
paper_fig3_11node,inputs/task_graph_topology/custom/paper_fig3_11node.dot,/people/dass304/dass304/HWSWpartition/hw-sw-partition-metaheur/BatchExperiments/Ablation/diff_gnn_order_lssp_trace/paper_fig3_11node/seed-42/run-20260412-142043/config/paper_fig3_11node_seed-42_ablation.yaml,train,epoch,train,thresholded_partition,threshold,245,245.0,0,245,False,False,69.16686248779297,50.0,53.0,nan,nan,False,6,26.0,22.0,0.5589999999999999,0.608,125.55695343017578,0.49977394938468933,nan,queue,queue,per_epoch_trace
paper_fig3_11node,inputs/task_graph_topology/custom/paper_fig3_11node.dot,/people/dass304/dass304/HWSWpartition/hw-sw-partition-metaheur/BatchExperiments/Ablation/diff_gnn_order_lssp_trace/paper_fig3_11node/seed-42/run-20260412-142043/config/paper_fig3_11node_seed-42_ablation.yaml,train,epoch,train,thresholded_partition,threshold,246,246.0,0,246,False,False,60.151058197021484,50.0,50.0,nan,nan,False,7,29.0,22.0,0.5571999999999999,0.6064,93.24977111816406,0.49983352422714233,nan,queue,queue,per_epoch_trace
paper_fig3_11node,inputs/task_graph_topology/custom/paper_fig3_11node.dot,/people/dass304/dass304/HWSWpartition/hw-sw-partition-metaheur/BatchExperiments/Ablation/diff_gnn_order_lssp_trace/paper_fig3_11node/seed-42/run-20260412-142043/config/paper_fig3_11node_seed-42_ablation.yaml,train,epoch,train,thresholded_partition,threshold,247,247.0,0,247,False,False,57.93561935424805,40.0,40.0,nan,nan,True,4,15.0,22.0,0.5554,0.6048,2842.517578125,0.4983328580856323,nan,queue,queue,per_epoch_trace
paper_fig3_11node,inputs/task_graph_topology/custom/paper_fig3_11node.dot,/people/dass304/dass304/HWSWpartition/hw-sw-partition-metaheur/BatchExperiments/Ablation/diff_gnn_order_lssp_trace/paper_fig3_11node/seed-42/run-20260412-142043/config/paper_fig3_11node_seed-42_ablation.yaml,train,epoch,train,thresholded_partition,threshold,248,248.0,0,248,False,False,66.31398010253906,51.0,53.0,nan,nan,False,6,23.0,22.0,0.5536,0.6032,1654.230224609375,0.5012580156326294,nan,queue,queue,per_epoch_trace
paper_fig3_11node,inputs/task_graph_topology/custom/paper_fig3_11node.dot,/people/dass304/dass304/HWSWpartition/hw-sw-partition-metaheur/BatchExperiments/Ablation/diff_gnn_order_lssp_trace/paper_fig3_11node/seed-42/run-20260412-142043/config/paper_fig3_11node_seed-42_ablation.yaml,train,epoch,train,thresholded_partition,threshold,249,249.0,0,249,False,False,62.304195404052734,39.0,39.0,nan,nan,False,6,24.0,22.0,0.5518000000000001,0.6015999999999999,1931.35498046875,0.49863478541374207,nan,queue,queue,per_epoch_trace
paper_fig3_11node,inputs/task_graph_topology/custom/paper_fig3_11node.dot,/people/dass304/dass304/HWSWpartition/hw-sw-partition-metaheur/BatchExperiments/Ablation/diff_gnn_order_lssp_trace/paper_fig3_11node/seed-42/run-20260412-142043/config/paper_fig3_11node_seed-42_ablation.yaml,train,epoch,train,thresholded_partition,threshold,250,250.0,0,250,False,False,57.67839431762695,50.0,57.0,nan,nan,False,6,23.0,22.0,0.55,0.6,12126.0107421875,0.4965268075466156,nan,queue,queue,per_epoch_trace
paper_fig3_11node,inputs/task_graph_topology/custom/paper_fig3_11node.dot,/people/dass304/dass304/HWSWpartition/hw-sw-partition-metaheur/BatchExperiments/Ablation/diff_gnn_order_lssp_trace/paper_fig3_11node/seed-42/run-20260412-142043/config/paper_fig3_11node_seed-42_ablation.yaml,train,epoch,train,thresholded_partition,threshold,251,251.0,0,251,False,False,59.68380355834961,62.0,60.0,nan,nan,True,3,14.0,22.0,0.5482,0.5984,2397.852783203125,0.5015273690223694,nan,queue,queue,per_epoch_trace
paper_fig3_11node,inputs/task_graph_topology/custom/paper_fig3_11node.dot,/people/dass304/dass304/HWSWpartition/hw-sw-partition-metaheur/BatchExperiments/Ablation/diff_gnn_order_lssp_trace/paper_fig3_11node/seed-42/run-20260412-142043/config/paper_fig3_11node_seed-42_ablation.yaml,train,epoch,train,thresholded_partition,threshold,252,252.0,0,252,False,False,63.60432052612305,68.0,67.0,nan,nan,True,5,22.0,22.0,0.5464,0.5968,5826.5166015625,0.5023995041847229,nan,queue,queue,per_epoch_trace
paper_fig3_11node,inputs/task_graph_topology/custom/paper_fig3_11node.dot,/people/dass304/dass304/HWSWpartition/hw-sw-partition-metaheur/BatchExperiments/Ablation/diff_gnn_order_lssp_trace/paper_fig3_11node/seed-42/run-20260412-142043/config/paper_fig3_11node_seed-42_ablation.yaml,train,epoch,train,thresholded_partition,threshold,253,253.0,0,253,False,False,60.61384963989258,44.0,40.0,nan,nan,False,5,24.0,22.0,0.5446,0.5952,36502.5625,0.5060362815856934,nan,queue,queue,per_epoch_trace
paper_fig3_11node,inputs/task_graph_topology/custom/paper_fig3_11node.dot,/people/dass304/dass304/HWSWpartition/hw-sw-partition-metaheur/BatchExperiments/Ablation/diff_gnn_order_lssp_trace/paper_fig3_11node/seed-42/run-20260412-142043/config/paper_fig3_11node_seed-42_ablation.yaml,train,epoch,train,thresholded_partition,threshold,254,254.0,0,254,False,False,63.63239288330078,56.0,60.0,nan,nan,False,8,33.0,22.0,0.5428,0.5935999999999999,19166.193359375,0.5043700337409973,nan,queue,queue,per_epoch_trace
paper_fig3_11node,inputs/task_graph_topology/custom/paper_fig3_11node.dot,/people/dass304/dass304/HWSWpartition/hw-sw-partition-metaheur/BatchExperiments/Ablation/diff_gnn_order_lssp_trace/paper_fig3_11node/seed-42/run-20260412-142043/config/paper_fig3_11node_seed-42_ablation.yaml,train,epoch,train,thresholded_partition,threshold,255,255.0,0,255,False,False,66.11347198486328,44.0,48.0,nan,nan,False,6,25.0,22.0,0.5409999999999999,0.592,214.2157745361328,0.499622106552124,nan,queue,queue,per_epoch_trace
paper_fig3_11node,inputs/task_graph_topology/custom/paper_fig3_11node.dot,/people/dass304/dass304/HWSWpartition/hw-sw-partition-metaheur/BatchExperiments/Ablation/diff_gnn_order_lssp_trace/paper_fig3_11node/seed-42/run-20260412-142043/config/paper_fig3_11node_seed-42_ablation.yaml,train,epoch,train,thresholded_partition,threshold,256,256.0,0,256,False,False,62.000240325927734,40.0,43.0,nan,nan,True,3,11.0,22.0,0.5391999999999999,0.5904,11191.6259765625,0.4966646730899811,nan,queue,queue,per_epoch_trace
paper_fig3_11node,inputs/task_graph_topology/custom/paper_fig3_11node.dot,/people/dass304/dass304/HWSWpartition/hw-sw-partition-metaheur/BatchExperiments/Ablation/diff_gnn_order_lssp_trace/paper_fig3_11node/seed-42/run-20260412-142043/config/paper_fig3_11node_seed-42_ablation.yaml,train,epoch,train,thresholded_partition,threshold,257,257.0,0,257,False,False,60.39021682739258,35.0,41.0,nan,nan,False,7,25.0,22.0,0.5374,0.5888,3433.852294921875,0.49816474318504333,nan,queue,queue,per_epoch_trace
paper_fig3_11node,inputs/task_graph_topology/custom/paper_fig3_11node.dot,/people/dass304/dass304/HWSWpartition/hw-sw-partition-metaheur/BatchExperiments/Ablation/diff_gnn_order_lssp_trace/paper_fig3_11node/seed-42/run-20260412-142043/config/paper_fig3_11node_seed-42_ablation.yaml,train,epoch,train,thresholded_partition,threshold,258,258.0,0,258,False,False,58.66889190673828,58.0,59.0,nan,nan,False,6,30.0,22.0,0.5356,0.5871999999999999,144730.5625,0.5120277404785156,nan,queue,queue,per_epoch_trace
paper_fig3_11node,inputs/task_graph_topology/custom/paper_fig3_11node.dot,/people/dass304/dass304/HWSWpartition/hw-sw-partition-metaheur/BatchExperiments/Ablation/diff_gnn_order_lssp_trace/paper_fig3_11node/seed-42/run-20260412-142043/config/paper_fig3_11node_seed-42_ablation.yaml,train,epoch,train,thresholded_partition,threshold,259,259.0,0,259,False,False,63.7059440612793,49.0,61.0,nan,nan,True,4,14.0,22.0,0.5338,0.5855999999999999,22120.67578125,0.49530407786369324,nan,queue,queue,per_epoch_trace
paper_fig3_11node,inputs/task_graph_topology/custom/paper_fig3_11node.dot,/people/dass304/dass304/HWSWpartition/hw-sw-partition-metaheur/BatchExperiments/Ablation/diff_gnn_order_lssp_trace/paper_fig3_11node/seed-42/run-20260412-142043/config/paper_fig3_11node_seed-42_ablation.yaml,train,epoch,train,thresholded_partition,threshold,260,260.0,0,260,False,False,60.217281341552734,54.0,58.0,nan,nan,False,7,30.0,22.0,0.532,0.584,5743.3056640625,0.5023828148841858,nan,queue,queue,per_epoch_trace
paper_fig3_11node,inputs/task_graph_topology/custom/paper_fig3_11node.dot,/people/dass304/dass304/HWSWpartition/hw-sw-partition-metaheur/BatchExperiments/Ablation/diff_gnn_order_lssp_trace/paper_fig3_11node/seed-42/run-20260412-142043/config/paper_fig3_11node_seed-42_ablation.yaml,train,epoch,train,thresholded_partition,threshold,261,261.0,0,261,False,False,68.29635620117188,48.0,49.0,nan,nan,False,7,30.0,22.0,0.5302,0.5824,415.9298400878906,0.50058513879776,nan,queue,queue,per_epoch_trace
paper_fig3_11node,inputs/task_graph_topology/custom/paper_fig3_11node.dot,/people/dass304/dass304/HWSWpartition/hw-sw-partition-metaheur/BatchExperiments/Ablation/diff_gnn_order_lssp_trace/paper_fig3_11node/seed-42/run-20260412-142043/config/paper_fig3_11node_seed-42_ablation.yaml,train,epoch,train,thresholded_partition,threshold,262,262.0,0,262,False,False,56.67438507080078,49.0,55.0,nan,nan,False,7,24.0,22.0,0.5284,0.5808,214.4390411376953,0.4996096193790436,nan,queue,queue,per_epoch_trace
paper_fig3_11node,inputs/task_graph_topology/custom/paper_fig3_11node.dot,/people/dass304/dass304/HWSWpartition/hw-sw-partition-metaheur/BatchExperiments/Ablation/diff_gnn_order_lssp_trace/paper_fig3_11node/seed-42/run-20260412-142043/config/paper_fig3_11node_seed-42_ablation.yaml,train,epoch,train,thresholded_partition,threshold,263,263.0,0,263,False,False,62.15095138549805,47.0,50.0,nan,nan,False,7,25.0,22.0,0.5266,0.5791999999999999,1120.8857421875,0.4989736080169678,nan,queue,queue,per_epoch_trace
paper_fig3_11node,inputs/task_graph_topology/custom/paper_fig3_11node.dot,/people/dass304/dass304/HWSWpartition/hw-sw-partition-metaheur/BatchExperiments/Ablation/diff_gnn_order_lssp_trace/paper_fig3_11node/seed-42/run-20260412-142043/config/paper_fig3_11node_seed-42_ablation.yaml,train,epoch,train,thresholded_partition,threshold,264,264.0,0,264,False,False,69.181640625,58.0,62.0,nan,nan,False,7,28.0,22.0,0.5247999999999999,0.5775999999999999,7403.06005859375,0.5027071237564087,nan,queue,queue,per_epoch_trace
paper_fig3_11node,inputs/task_graph_topology/custom/paper_fig3_11node.dot,/people/dass304/dass304/HWSWpartition/hw-sw-partition-metaheur/BatchExperiments/Ablation/diff_gnn_order_lssp_trace/paper_fig3_11node/seed-42/run-20260412-142043/config/paper_fig3_11node_seed-42_ablation.yaml,train,epoch,train,thresholded_partition,threshold,265,265.0,0,265,False,False,57.65544509887695,36.0,36.0,nan,nan,True,4,15.0,22.0,0.5229999999999999,0.576,4958.1298828125,0.4977874755859375,nan,queue,queue,per_epoch_trace
paper_fig3_11node,inputs/task_graph_topology/custom/paper_fig3_11node.dot,/people/dass304/dass304/HWSWpartition/hw-sw-partition-metaheur/BatchExperiments/Ablation/diff_gnn_order_lssp_trace/paper_fig3_11node/seed-42/run-20260412-142043/config/paper_fig3_11node_seed-42_ablation.yaml,train,epoch,train,thresholded_partition,threshold,266,266.0,0,266,False,False,66.8106460571289,63.0,63.0,nan,nan,True,2,7.0,22.0,0.5211999999999999,0.5744,7144.8564453125,0.49734053015708923,nan,queue,queue,per_epoch_trace
paper_fig3_11node,inputs/task_graph_topology/custom/paper_fig3_11node.dot,/people/dass304/dass304/HWSWpartition/hw-sw-partition-metaheur/BatchExperiments/Ablation/diff_gnn_order_lssp_trace/paper_fig3_11node/seed-42/run-20260412-142043/config/paper_fig3_11node_seed-42_ablation.yaml,train,epoch,train,thresholded_partition,threshold,267,267.0,0,267,False,False,63.52979278564453,34.0,36.0,nan,nan,True,4,18.0,22.0,0.5194,0.5728,311.642333984375,0.5004928708076477,nan,queue,queue,per_epoch_trace
paper_fig3_11node,inputs/task_graph_topology/custom/paper_fig3_11node.dot,/people/dass304/dass304/HWSWpartition/hw-sw-partition-metaheur/BatchExperiments/Ablation/diff_gnn_order_lssp_trace/paper_fig3_11node/seed-42/run-20260412-142043/config/paper_fig3_11node_seed-42_ablation.yaml,train,epoch,train,thresholded_partition,threshold,268,268.0,0,268,False,False,61.269378662109375,37.0,37.0,nan,nan,False,6,25.0,22.0,0.5176,0.5711999999999999,6767.80078125,0.50258868932724,nan,queue,queue,per_epoch_trace
paper_fig3_11node,inputs/task_graph_topology/custom/paper_fig3_11node.dot,/people/dass304/dass304/HWSWpartition/hw-sw-partition-metaheur/BatchExperiments/Ablation/diff_gnn_order_lssp_trace/paper_fig3_11node/seed-42/run-20260412-142043/config/paper_fig3_11node_seed-42_ablation.yaml,train,epoch,train,thresholded_partition,threshold,269,269.0,0,269,False,False,56.45734786987305,33.0,31.0,nan,nan,False,8,32.0,22.0,0.5158,0.5695999999999999,37146.06640625,0.5060896873474121,nan,queue,queue,per_epoch_trace
paper_fig3_11node,inputs/task_graph_topology/custom/paper_fig3_11node.dot,/people/dass304/dass304/HWSWpartition/hw-sw-partition-metaheur/BatchExperiments/Ablation/diff_gnn_order_lssp_trace/paper_fig3_11node/seed-42/run-20260412-142043/config/paper_fig3_11node_seed-42_ablation.yaml,train,epoch,train,thresholded_partition,threshold,270,270.0,0,270,False,False,55.4314079284668,52.0,56.0,nan,nan,True,5,17.0,22.0,0.514,0.568,12627.421875,0.49645504355430603,nan,queue,queue,per_epoch_trace
paper_fig3_11node,inputs/task_graph_topology/custom/paper_fig3_11node.dot,/people/dass304/dass304/HWSWpartition/hw-sw-partition-metaheur/BatchExperiments/Ablation/diff_gnn_order_lssp_trace/paper_fig3_11node/seed-42/run-20260412-142043/config/paper_fig3_11node_seed-42_ablation.yaml,train,epoch,train,thresholded_partition,threshold,271,271.0,0,271,False,False,62.951656341552734,55.0,63.0,nan,nan,False,6,26.0,22.0,0.5122,0.5664,420.7132263183594,0.5005936622619629,nan,queue,queue,per_epoch_trace
paper_fig3_11node,inputs/task_graph_topology/custom/paper_fig3_11node.dot,/people/dass304/dass304/HWSWpartition/hw-sw-partition-metaheur/BatchExperiments/Ablation/diff_gnn_order_lssp_trace/paper_fig3_11node/seed-42/run-20260412-142043/config/paper_fig3_11node_seed-42_ablation.yaml,train,epoch,train,thresholded_partition,threshold,272,272.0,0,272,False,False,70.26067352294922,46.0,45.0,nan,nan,False,7,30.0,22.0,0.5104,0.5648,87.71025085449219,0.5001102685928345,nan,queue,queue,per_epoch_trace
paper_fig3_11node,inputs/task_graph_topology/custom/paper_fig3_11node.dot,/people/dass304/dass304/HWSWpartition/hw-sw-partition-metaheur/BatchExperiments/Ablation/diff_gnn_order_lssp_trace/paper_fig3_11node/seed-42/run-20260412-142043/config/paper_fig3_11node_seed-42_ablation.yaml,train,epoch,train,thresholded_partition,threshold,273,273.0,0,273,False,False,58.29110336303711,49.0,49.0,nan,nan,True,5,21.0,22.0,0.5085999999999999,0.5631999999999999,3695.773681640625,0.4980941712856293,nan,queue,queue,per_epoch_trace
paper_fig3_11node,inputs/task_graph_topology/custom/paper_fig3_11node.dot,/people/dass304/dass304/HWSWpartition/hw-sw-partition-metaheur/BatchExperiments/Ablation/diff_gnn_order_lssp_trace/paper_fig3_11node/seed-42/run-20260412-142043/config/paper_fig3_11node_seed-42_ablation.yaml,train,epoch,train,thresholded_partition,threshold,274,274.0,0,274,False,False,57.566505432128906,43.0,40.0,nan,nan,True,4,19.0,22.0,0.5067999999999999,0.5615999999999999,1469.2415771484375,0.501185953617096,nan,queue,queue,per_epoch_trace
paper_fig3_11node,inputs/task_graph_topology/custom/paper_fig3_11node.dot,/people/dass304/dass304/HWSWpartition/hw-sw-partition-metaheur/BatchExperiments/Ablation/diff_gnn_order_lssp_trace/paper_fig3_11node/seed-42/run-20260412-142043/config/paper_fig3_11node_seed-42_ablation.yaml,train,epoch,train,thresholded_partition,threshold,275,275.0,0,275,False,False,62.52735137939453,45.0,51.0,nan,nan,False,7,26.0,22.0,0.5049999999999999,0.5599999999999999,2596.31591796875,0.5015901327133179,nan,queue,queue,per_epoch_trace
paper_fig3_11node,inputs/task_graph_topology/custom/paper_fig3_11node.dot,/people/dass304/dass304/HWSWpartition/hw-sw-partition-metaheur/BatchExperiments/Ablation/diff_gnn_order_lssp_trace/paper_fig3_11node/seed-42/run-20260412-142043/config/paper_fig3_11node_seed-42_ablation.yaml,train,epoch,train,thresholded_partition,threshold,276,276.0,0,276,False,False,67.10845184326172,53.0,57.0,nan,nan,True,5,22.0,22.0,0.5031999999999999,0.5584,142.84938049316406,0.5002654790878296,nan,queue,queue,per_epoch_trace
paper_fig3_11node,inputs/task_graph_topology/custom/paper_fig3_11node.dot,/people/dass304/dass304/HWSWpartition/hw-sw-partition-metaheur/BatchExperiments/Ablation/diff_gnn_order_lssp_trace/paper_fig3_11node/seed-42/run-20260412-142043/config/paper_fig3_11node_seed-42_ablation.yaml,train,epoch,train,thresholded_partition,threshold,277,277.0,0,277,False,False,56.96430206298828,58.0,62.0,nan,nan,False,7,28.0,22.0,0.5014,0.5568,1038.767578125,0.5009881258010864,nan,queue,queue,per_epoch_trace
paper_fig3_11node,inputs/task_graph_topology/custom/paper_fig3_11node.dot,/people/dass304/dass304/HWSWpartition/hw-sw-partition-metaheur/BatchExperiments/Ablation/diff_gnn_order_lssp_trace/paper_fig3_11node/seed-42/run-20260412-142043/config/paper_fig3_11node_seed-42_ablation.yaml,train,epoch,train,thresholded_partition,threshold,278,278.0,0,278,False,False,68.32195281982422,52.0,59.0,nan,nan,True,6,20.0,22.0,0.49959999999999993,0.5551999999999999,3899.548828125,0.4980440139770508,nan,queue,queue,per_epoch_trace
paper_fig3_11node,inputs/task_graph_topology/custom/paper_fig3_11node.dot,/people/dass304/dass304/HWSWpartition/hw-sw-partition-metaheur/BatchExperiments/Ablation/diff_gnn_order_lssp_trace/paper_fig3_11node/seed-42/run-20260412-142043/config/paper_fig3_11node_seed-42_ablation.yaml,train,epoch,train,thresholded_partition,threshold,279,279.0,0,279,False,False,62.50217819213867,41.0,41.0,nan,nan,False,8,33.0,22.0,0.4977999999999999,0.5535999999999999,23225.490234375,0.5048122406005859,nan,queue,queue,per_epoch_trace
paper_fig3_11node,inputs/task_graph_topology/custom/paper_fig3_11node.dot,/people/dass304/dass304/HWSWpartition/hw-sw-partition-metaheur/BatchExperiments/Ablation/diff_gnn_order_lssp_trace/paper_fig3_11node/seed-42/run-20260412-142043/config/paper_fig3_11node_seed-42_ablation.yaml,train,epoch,train,thresholded_partition,threshold,280,280.0,0,280,False,False,55.168453216552734,49.0,53.0,nan,nan,True,2,8.0,22.0,0.4959999999999999,0.5519999999999999,4551.8447265625,0.4978806972503662,nan,queue,queue,per_epoch_trace
paper_fig3_11node,inputs/task_graph_topology/custom/paper_fig3_11node.dot,/people/dass304/dass304/HWSWpartition/hw-sw-partition-metaheur/BatchExperiments/Ablation/diff_gnn_order_lssp_trace/paper_fig3_11node/seed-42/run-20260412-142043/config/paper_fig3_11node_seed-42_ablation.yaml,train,epoch,train,thresholded_partition,threshold,281,281.0,0,281,False,False,61.698787689208984,41.0,41.0,nan,nan,False,8,33.0,22.0,0.4942,0.5504,6625.25830078125,0.5025609135627747,nan,queue,queue,per_epoch_trace
paper_fig3_11node,inputs/task_graph_topology/custom/paper_fig3_11node.dot,/people/dass304/dass304/HWSWpartition/hw-sw-partition-metaheur/BatchExperiments/Ablation/diff_gnn_order_lssp_trace/paper_fig3_11node/seed-42/run-20260412-142043/config/paper_fig3_11node_seed-42_ablation.yaml,train,epoch,train,thresholded_partition,threshold,282,282.0,0,282,False,False,56.403499603271484,35.0,35.0,nan,nan,True,4,13.0,22.0,0.49240000000000006,0.5488,7391.5693359375,0.4972926080226898,nan,queue,queue,per_epoch_trace
paper_fig3_11node,inputs/task_graph_topology/custom/paper_fig3_11node.dot,/people/dass304/dass304/HWSWpartition/hw-sw-partition-metaheur/BatchExperiments/Ablation/diff_gnn_order_lssp_trace/paper_fig3_11node/seed-42/run-20260412-142043/config/paper_fig3_11node_seed-42_ablation.yaml,train,epoch,train,thresholded_partition,threshold,283,283.0,0,283,False,False,70.25748443603516,46.0,46.0,nan,nan,False,7,29.0,22.0,0.49060000000000004,0.5472,3212.510009765625,0.5017711520195007,nan,queue,queue,per_epoch_trace
paper_fig3_11node,inputs/task_graph_topology/custom/paper_fig3_11node.dot,/people/dass304/dass304/HWSWpartition/hw-sw-partition-metaheur/BatchExperiments/Ablation/diff_gnn_order_lssp_trace/paper_fig3_11node/seed-42/run-20260412-142043/config/paper_fig3_11node_seed-42_ablation.yaml,train,epoch,train,thresholded_partition,threshold,284,284.0,0,284,False,False,59.265926361083984,42.0,45.0,nan,nan,True,5,19.0,22.0,0.4888,0.5456000000000001,1080.896240234375,0.501008152961731,nan,queue,queue,per_epoch_trace
paper_fig3_11node,inputs/task_graph_topology/custom/paper_fig3_11node.dot,/people/dass304/dass304/HWSWpartition/hw-sw-partition-metaheur/BatchExperiments/Ablation/diff_gnn_order_lssp_trace/paper_fig3_11node/seed-42/run-20260412-142043/config/paper_fig3_11node_seed-42_ablation.yaml,train,epoch,train,thresholded_partition,threshold,285,285.0,0,285,False,False,51.47762680053711,45.0,45.0,nan,nan,True,3,10.0,22.0,0.487,0.544,149.4656524658203,0.500304639339447,nan,queue,queue,per_epoch_trace
paper_fig3_11node,inputs/task_graph_topology/custom/paper_fig3_11node.dot,/people/dass304/dass304/HWSWpartition/hw-sw-partition-metaheur/BatchExperiments/Ablation/diff_gnn_order_lssp_trace/paper_fig3_11node/seed-42/run-20260412-142043/config/paper_fig3_11node_seed-42_ablation.yaml,train,epoch,train,thresholded_partition,threshold,286,286.0,0,286,False,False,65.92721557617188,40.0,40.0,nan,nan,False,9,36.0,22.0,0.4852000000000001,0.5424,12803.966796875,0.5035682916641235,nan,queue,queue,per_epoch_trace
paper_fig3_11node,inputs/task_graph_topology/custom/paper_fig3_11node.dot,/people/dass304/dass304/HWSWpartition/hw-sw-partition-metaheur/BatchExperiments/Ablation/diff_gnn_order_lssp_trace/paper_fig3_11node/seed-42/run-20260412-142043/config/paper_fig3_11node_seed-42_ablation.yaml,train,epoch,train,thresholded_partition,threshold,287,287.0,0,287,False,False,71.79866027832031,62.0,62.0,nan,nan,True,2,5.0,22.0,0.48340000000000005,0.5408,24147.126953125,0.4950938820838928,nan,queue,queue,per_epoch_trace
paper_fig3_11node,inputs/task_graph_topology/custom/paper_fig3_11node.dot,/people/dass304/dass304/HWSWpartition/hw-sw-partition-metaheur/BatchExperiments/Ablation/diff_gnn_order_lssp_trace/paper_fig3_11node/seed-42/run-20260412-142043/config/paper_fig3_11node_seed-42_ablation.yaml,train,epoch,train,thresholded_partition,threshold,288,288.0,0,288,False,False,56.20636749267578,36.0,39.0,nan,nan,True,4,15.0,22.0,0.48160000000000003,0.5392,21437.326171875,0.4953765869140625,nan,queue,queue,per_epoch_trace
paper_fig3_11node,inputs/task_graph_topology/custom/paper_fig3_11node.dot,/people/dass304/dass304/HWSWpartition/hw-sw-partition-metaheur/BatchExperiments/Ablation/diff_gnn_order_lssp_trace/paper_fig3_11node/seed-42/run-20260412-142043/config/paper_fig3_11node_seed-42_ablation.yaml,train,epoch,train,thresholded_partition,threshold,289,289.0,0,289,False,False,58.42058181762695,46.0,56.0,nan,nan,False,8,36.0,22.0,0.4798,0.5376000000000001,29645.638671875,0.5054389238357544,nan,queue,queue,per_epoch_trace
paper_fig3_11node,inputs/task_graph_topology/custom/paper_fig3_11node.dot,/people/dass304/dass304/HWSWpartition/hw-sw-partition-metaheur/BatchExperiments/Ablation/diff_gnn_order_lssp_trace/paper_fig3_11node/seed-42/run-20260412-142043/config/paper_fig3_11node_seed-42_ablation.yaml,train,epoch,train,thresholded_partition,threshold,290,290.0,0,290,False,False,63.3100471496582,50.0,50.0,nan,nan,True,5,18.0,22.0,0.478,0.536,28285.0390625,0.49468809366226196,nan,queue,queue,per_epoch_trace
paper_fig3_11node,inputs/task_graph_topology/custom/paper_fig3_11node.dot,/people/dass304/dass304/HWSWpartition/hw-sw-partition-metaheur/BatchExperiments/Ablation/diff_gnn_order_lssp_trace/paper_fig3_11node/seed-42/run-20260412-142043/config/paper_fig3_11node_seed-42_ablation.yaml,train,epoch,train,thresholded_partition,threshold,291,291.0,0,291,False,False,66.74386596679688,49.0,48.0,nan,nan,False,7,32.0,22.0,0.47620000000000007,0.5344,1204.9208984375,0.49893566966056824,nan,queue,queue,per_epoch_trace
paper_fig3_11node,inputs/task_graph_topology/custom/paper_fig3_11node.dot,/people/dass304/dass304/HWSWpartition/hw-sw-partition-metaheur/BatchExperiments/Ablation/diff_gnn_order_lssp_trace/paper_fig3_11node/seed-42/run-20260412-142043/config/paper_fig3_11node_seed-42_ablation.yaml,train,epoch,train,thresholded_partition,threshold,292,292.0,0,292,False,False,58.239418029785156,56.0,61.0,nan,nan,True,4,14.0,22.0,0.47440000000000004,0.5327999999999999,10866.9560546875,0.49671313166618347,nan,queue,queue,per_epoch_trace
paper_fig3_11node,inputs/task_graph_topology/custom/paper_fig3_11node.dot,/people/dass304/dass304/HWSWpartition/hw-sw-partition-metaheur/BatchExperiments/Ablation/diff_gnn_order_lssp_trace/paper_fig3_11node/seed-42/run-20260412-142043/config/paper_fig3_11node_seed-42_ablation.yaml,train,epoch,train,thresholded_partition,threshold,293,293.0,0,293,False,False,64.82998657226562,56.0,61.0,nan,nan,True,5,18.0,22.0,0.4726,0.5312,2598.874755859375,0.49840980768203735,nan,queue,queue,per_epoch_trace
paper_fig3_11node,inputs/task_graph_topology/custom/paper_fig3_11node.dot,/people/dass304/dass304/HWSWpartition/hw-sw-partition-metaheur/BatchExperiments/Ablation/diff_gnn_order_lssp_trace/paper_fig3_11node/seed-42/run-20260412-142043/config/paper_fig3_11node_seed-42_ablation.yaml,train,epoch,train,thresholded_partition,threshold,294,294.0,0,294,False,False,55.25114822387695,52.0,56.0,nan,nan,False,5,23.0,22.0,0.4708,0.5296000000000001,36941.1015625,0.5060729384422302,nan,queue,queue,per_epoch_trace
paper_fig3_11node,inputs/task_graph_topology/custom/paper_fig3_11node.dot,/people/dass304/dass304/HWSWpartition/hw-sw-partition-metaheur/BatchExperiments/Ablation/diff_gnn_order_lssp_trace/paper_fig3_11node/seed-42/run-20260412-142043/config/paper_fig3_11node_seed-42_ablation.yaml,train,epoch,train,thresholded_partition,threshold,295,295.0,0,295,False,False,66.99763488769531,49.0,55.0,nan,nan,True,6,22.0,22.0,0.469,0.528,1326.078369140625,0.5011197328567505,nan,queue,queue,per_epoch_trace
paper_fig3_11node,inputs/task_graph_topology/custom/paper_fig3_11node.dot,/people/dass304/dass304/HWSWpartition/hw-sw-partition-metaheur/BatchExperiments/Ablation/diff_gnn_order_lssp_trace/paper_fig3_11node/seed-42/run-20260412-142043/config/paper_fig3_11node_seed-42_ablation.yaml,train,epoch,train,thresholded_partition,threshold,296,296.0,0,296,False,False,69.88716125488281,72.0,72.0,nan,nan,True,4,14.0,22.0,0.46720000000000006,0.5264,1783.173095703125,0.4986930787563324,nan,queue,queue,per_epoch_trace
paper_fig3_11node,inputs/task_graph_topology/custom/paper_fig3_11node.dot,/people/dass304/dass304/HWSWpartition/hw-sw-partition-metaheur/BatchExperiments/Ablation/diff_gnn_order_lssp_trace/paper_fig3_11node/seed-42/run-20260412-142043/config/paper_fig3_11node_seed-42_ablation.yaml,train,epoch,train,thresholded_partition,threshold,297,297.0,0,297,False,False,55.14580154418945,54.0,56.0,nan,nan,True,4,16.0,22.0,0.46540000000000004,0.5247999999999999,13456.1875,0.49633997678756714,nan,queue,queue,per_epoch_trace
paper_fig3_11node,inputs/task_graph_topology/custom/paper_fig3_11node.dot,/people/dass304/dass304/HWSWpartition/hw-sw-partition-metaheur/BatchExperiments/Ablation/diff_gnn_order_lssp_trace/paper_fig3_11node/seed-42/run-20260412-142043/config/paper_fig3_11node_seed-42_ablation.yaml,train,epoch,train,thresholded_partition,threshold,298,298.0,0,298,False,False,56.179443359375,42.0,45.0,nan,nan,True,4,14.0,22.0,0.4636,0.5232,1926.529541015625,0.49863430857658386,nan,queue,queue,per_epoch_trace
paper_fig3_11node,inputs/task_graph_topology/custom/paper_fig3_11node.dot,/people/dass304/dass304/HWSWpartition/hw-sw-partition-metaheur/BatchExperiments/Ablation/diff_gnn_order_lssp_trace/paper_fig3_11node/seed-42/run-20260412-142043/config/paper_fig3_11node_seed-42_ablation.yaml,train,epoch,train,thresholded_partition,threshold,299,299.0,0,299,False,False,69.33503723144531,58.0,59.0,nan,nan,False,7,29.0,22.0,0.4618,0.5216000000000001,27519.412109375,0.5052387714385986,nan,queue,queue,per_epoch_trace
paper_fig3_11node,inputs/task_graph_topology/custom/paper_fig3_11node.dot,/people/dass304/dass304/HWSWpartition/hw-sw-partition-metaheur/BatchExperiments/Ablation/diff_gnn_order_lssp_trace/paper_fig3_11node/seed-42/run-20260412-142043/config/paper_fig3_11node_seed-42_ablation.yaml,train,epoch,train,thresholded_partition,threshold,300,300.0,0,300,False,False,59.05642318725586,46.0,45.0,nan,nan,False,7,30.0,22.0,0.45999999999999996,0.52,831.0250854492188,0.5008755922317505,nan,queue,queue,per_epoch_trace
paper_fig3_11node,inputs/task_graph_topology/custom/paper_fig3_11node.dot,/people/dass304/dass304/HWSWpartition/hw-sw-partition-metaheur/BatchExperiments/Ablation/diff_gnn_order_lssp_trace/paper_fig3_11node/seed-42/run-20260412-142043/config/paper_fig3_11node_seed-42_ablation.yaml,train,epoch,train,thresholded_partition,threshold,301,301.0,0,301,False,False,61.62726974487305,42.0,38.0,nan,nan,False,6,25.0,22.0,0.45820000000000005,0.5184,1206.72265625,0.5010676383972168,nan,queue,queue,per_epoch_trace
paper_fig3_11node,inputs/task_graph_topology/custom/paper_fig3_11node.dot,/people/dass304/dass304/HWSWpartition/hw-sw-partition-metaheur/BatchExperiments/Ablation/diff_gnn_order_lssp_trace/paper_fig3_11node/seed-42/run-20260412-142043/config/paper_fig3_11node_seed-42_ablation.yaml,train,epoch,train,thresholded_partition,threshold,302,302.0,0,302,False,False,60.819679260253906,47.0,57.0,nan,nan,True,4,18.0,22.0,0.45640000000000003,0.5167999999999999,221.2693634033203,0.5003939867019653,nan,queue,queue,per_epoch_trace
paper_fig3_11node,inputs/task_graph_topology/custom/paper_fig3_11node.dot,/people/dass304/dass304/HWSWpartition/hw-sw-partition-metaheur/BatchExperiments/Ablation/diff_gnn_order_lssp_trace/paper_fig3_11node/seed-42/run-20260412-142043/config/paper_fig3_11node_seed-42_ablation.yaml,train,epoch,train,thresholded_partition,threshold,303,303.0,0,303,False,False,61.035743713378906,65.0,64.0,nan,nan,False,6,26.0,22.0,0.4546,0.5152,18791.84765625,0.5043272972106934,nan,queue,queue,per_epoch_trace
paper_fig3_11node,inputs/task_graph_topology/custom/paper_fig3_11node.dot,/people/dass304/dass304/HWSWpartition/hw-sw-partition-metaheur/BatchExperiments/Ablation/diff_gnn_order_lssp_trace/paper_fig3_11node/seed-42/run-20260412-142043/config/paper_fig3_11node_seed-42_ablation.yaml,train,epoch,train,thresholded_partition,threshold,304,304.0,0,304,False,False,59.999202728271484,54.0,61.0,nan,nan,False,6,23.0,22.0,0.4528,0.5136000000000001,6177.529296875,0.5024722814559937,nan,queue,queue,per_epoch_trace
paper_fig3_11node,inputs/task_graph_topology/custom/paper_fig3_11node.dot,/people/dass304/dass304/HWSWpartition/hw-sw-partition-metaheur/BatchExperiments/Ablation/diff_gnn_order_lssp_trace/paper_fig3_11node/seed-42/run-20260412-142043/config/paper_fig3_11node_seed-42_ablation.yaml,train,epoch,train,thresholded_partition,threshold,305,305.0,0,305,False,False,59.285064697265625,48.0,54.0,nan,nan,False,6,24.0,22.0,0.45099999999999996,0.512,17897.16015625,0.5042228698730469,nan,queue,queue,per_epoch_trace
paper_fig3_11node,inputs/task_graph_topology/custom/paper_fig3_11node.dot,/people/dass304/dass304/HWSWpartition/hw-sw-partition-metaheur/BatchExperiments/Ablation/diff_gnn_order_lssp_trace/paper_fig3_11node/seed-42/run-20260412-142043/config/paper_fig3_11node_seed-42_ablation.yaml,train,epoch,train,thresholded_partition,threshold,306,306.0,0,306,False,False,57.79934310913086,45.0,46.0,nan,nan,True,5,21.0,22.0,0.44920000000000004,0.5104,1851.5003662109375,0.5013373494148254,nan,queue,queue,per_epoch_trace
paper_fig3_11node,inputs/task_graph_topology/custom/paper_fig3_11node.dot,/people/dass304/dass304/HWSWpartition/hw-sw-partition-metaheur/BatchExperiments/Ablation/diff_gnn_order_lssp_trace/paper_fig3_11node/seed-42/run-20260412-142043/config/paper_fig3_11node_seed-42_ablation.yaml,train,epoch,train,thresholded_partition,threshold,307,307.0,0,307,False,False,57.9530029296875,55.0,55.0,nan,nan,True,4,16.0,22.0,0.4474,0.5087999999999999,4769.64501953125,0.5021694302558899,nan,queue,queue,per_epoch_trace
paper_fig3_11node,inputs/task_graph_topology/custom/paper_fig3_11node.dot,/people/dass304/dass304/HWSWpartition/hw-sw-partition-metaheur/BatchExperiments/Ablation/diff_gnn_order_lssp_trace/paper_fig3_11node/seed-42/run-20260412-142043/config/paper_fig3_11node_seed-42_ablation.yaml,train,epoch,train,thresholded_partition,threshold,308,308.0,0,308,False,False,54.47455596923828,45.0,49.0,nan,nan,True,3,12.0,22.0,0.4456,0.5072,37453.20703125,0.49388498067855835,nan,queue,queue,per_epoch_trace
paper_fig3_11node,inputs/task_graph_topology/custom/paper_fig3_11node.dot,/people/dass304/dass304/HWSWpartition/hw-sw-partition-metaheur/BatchExperiments/Ablation/diff_gnn_order_lssp_trace/paper_fig3_11node/seed-42/run-20260412-142043/config/paper_fig3_11node_seed-42_ablation.yaml,train,epoch,train,thresholded_partition,threshold,309,309.0,0,309,False,False,64.41242218017578,50.0,50.0,nan,nan,False,6,26.0,22.0,0.4438,0.5056,11668.4697265625,0.5034056901931763,nan,queue,queue,per_epoch_trace
paper_fig3_11node,inputs/task_graph_topology/custom/paper_fig3_11node.dot,/people/dass304/dass304/HWSWpartition/hw-sw-partition-metaheur/BatchExperiments/Ablation/diff_gnn_order_lssp_trace/paper_fig3_11node/seed-42/run-20260412-142043/config/paper_fig3_11node_seed-42_ablation.yaml,train,epoch,train,thresholded_partition,threshold,310,310.0,0,310,False,False,58.335426330566406,53.0,63.0,nan,nan,True,3,10.0,22.0,0.44199999999999995,0.504,14819.9345703125,0.4961585998535156,nan,queue,queue,per_epoch_trace
paper_fig3_11node,inputs/task_graph_topology/custom/paper_fig3_11node.dot,/people/dass304/dass304/HWSWpartition/hw-sw-partition-metaheur/BatchExperiments/Ablation/diff_gnn_order_lssp_trace/paper_fig3_11node/seed-42/run-20260412-142043/config/paper_fig3_11node_seed-42_ablation.yaml,train,epoch,train,thresholded_partition,threshold,311,311.0,0,311,False,False,67.92498016357422,58.0,62.0,nan,nan,False,6,24.0,22.0,0.44020000000000004,0.5024,6487.939453125,0.5025327205657959,nan,queue,queue,per_epoch_trace
paper_fig3_11node,inputs/task_graph_topology/custom/paper_fig3_11node.dot,/people/dass304/dass304/HWSWpartition/hw-sw-partition-metaheur/BatchExperiments/Ablation/diff_gnn_order_lssp_trace/paper_fig3_11node/seed-42/run-20260412-142043/config/paper_fig3_11node_seed-42_ablation.yaml,train,epoch,train,thresholded_partition,threshold,312,312.0,0,312,False,False,61.329891204833984,34.0,34.0,nan,nan,True,4,18.0,22.0,0.4384,0.5007999999999999,314.01171875,0.4995025396347046,nan,queue,queue,per_epoch_trace
paper_fig3_11node,inputs/task_graph_topology/custom/paper_fig3_11node.dot,/people/dass304/dass304/HWSWpartition/hw-sw-partition-metaheur/BatchExperiments/Ablation/diff_gnn_order_lssp_trace/paper_fig3_11node/seed-42/run-20260412-142043/config/paper_fig3_11node_seed-42_ablation.yaml,train,epoch,train,thresholded_partition,threshold,313,313.0,0,313,False,False,58.0111198425293,61.0,65.0,nan,nan,False,7,31.0,22.0,0.4366,0.4992,459.9056396484375,0.500629723072052,nan,queue,queue,per_epoch_trace
paper_fig3_11node,inputs/task_graph_topology/custom/paper_fig3_11node.dot,/people/dass304/dass304/HWSWpartition/hw-sw-partition-metaheur/BatchExperiments/Ablation/diff_gnn_order_lssp_trace/paper_fig3_11node/seed-42/run-20260412-142043/config/paper_fig3_11node_seed-42_ablation.yaml,train,epoch,train,thresholded_partition,threshold,314,314.0,0,314,False,False,56.281471252441406,37.0,45.0,nan,nan,False,6,26.0,22.0,0.43479999999999996,0.49759999999999993,4356.58740234375,0.5020724534988403,nan,queue,queue,per_epoch_trace
paper_fig3_11node,inputs/task_graph_topology/custom/paper_fig3_11node.dot,/people/dass304/dass304/HWSWpartition/hw-sw-partition-metaheur/BatchExperiments/Ablation/diff_gnn_order_lssp_trace/paper_fig3_11node/seed-42/run-20260412-142043/config/paper_fig3_11node_seed-42_ablation.yaml,train,epoch,train,thresholded_partition,threshold,315,315.0,0,315,False,False,58.38010787963867,41.0,45.0,nan,nan,True,4,14.0,22.0,0.43299999999999994,0.496,77.839599609375,0.5001190304756165,nan,queue,queue,per_epoch_trace
paper_fig3_11node,inputs/task_graph_topology/custom/paper_fig3_11node.dot,/people/dass304/dass304/HWSWpartition/hw-sw-partition-metaheur/BatchExperiments/Ablation/diff_gnn_order_lssp_trace/paper_fig3_11node/seed-42/run-20260412-142043/config/paper_fig3_11node_seed-42_ablation.yaml,train,epoch,train,thresholded_partition,threshold,316,316.0,0,316,False,False,50.6998291015625,34.0,34.0,nan,nan,False,5,23.0,22.0,0.4312,0.49439999999999995,2462.677001953125,0.5015513896942139,nan,queue,queue,per_epoch_trace
paper_fig3_11node,inputs/task_graph_topology/custom/paper_fig3_11node.dot,/people/dass304/dass304/HWSWpartition/hw-sw-partition-metaheur/BatchExperiments/Ablation/diff_gnn_order_lssp_trace/paper_fig3_11node/seed-42/run-20260412-142043/config/paper_fig3_11node_seed-42_ablation.yaml,train,epoch,train,thresholded_partition,threshold,317,317.0,0,317,False,False,60.49735641479492,35.0,37.0,nan,nan,False,6,23.0,22.0,0.4294,0.4928,666.9744873046875,0.49922460317611694,nan,queue,queue,per_epoch_trace
paper_fig3_11node,inputs/task_graph_topology/custom/paper_fig3_11node.dot,/people/dass304/dass304/HWSWpartition/hw-sw-partition-metaheur/BatchExperiments/Ablation/diff_gnn_order_lssp_trace/paper_fig3_11node/seed-42/run-20260412-142043/config/paper_fig3_11node_seed-42_ablation.yaml,train,epoch,train,thresholded_partition,threshold,318,318.0,0,318,False,False,61.061256408691406,45.0,51.0,nan,nan,False,9,36.0,22.0,0.4276,0.49119999999999997,14396.40625,0.5037854909896851,nan,queue,queue,per_epoch_trace
paper_fig3_11node,inputs/task_graph_topology/custom/paper_fig3_11node.dot,/people/dass304/dass304/HWSWpartition/hw-sw-partition-metaheur/BatchExperiments/Ablation/diff_gnn_order_lssp_trace/paper_fig3_11node/seed-42/run-20260412-142043/config/paper_fig3_11node_seed-42_ablation.yaml,train,epoch,train,thresholded_partition,threshold,319,319.0,0,319,False,False,62.05403518676758,61.0,61.0,nan,nan,False,6,27.0,22.0,0.42579999999999996,0.4895999999999999,11747.1083984375,0.5034175515174866,nan,queue,queue,per_epoch_trace
paper_fig3_11node,inputs/task_graph_topology/custom/paper_fig3_11node.dot,/people/dass304/dass304/HWSWpartition/hw-sw-partition-metaheur/BatchExperiments/Ablation/diff_gnn_order_lssp_trace/paper_fig3_11node/seed-42/run-20260412-142043/config/paper_fig3_11node_seed-42_ablation.yaml,train,epoch,train,thresholded_partition,threshold,320,320.0,0,320,False,False,63.441444396972656,44.0,43.0,nan,nan,False,6,23.0,22.0,0.42399999999999993,0.488,17582.630859375,0.4958150386810303,nan,queue,queue,per_epoch_trace
paper_fig3_11node,inputs/task_graph_topology/custom/paper_fig3_11node.dot,/people/dass304/dass304/HWSWpartition/hw-sw-partition-metaheur/BatchExperiments/Ablation/diff_gnn_order_lssp_trace/paper_fig3_11node/seed-42/run-20260412-142043/config/paper_fig3_11node_seed-42_ablation.yaml,train,epoch,train,thresholded_partition,threshold,321,321.0,0,321,False,False,54.91530990600586,34.0,38.0,nan,nan,False,6,25.0,22.0,0.4222,0.48639999999999994,5846.56591796875,0.4975945055484772,nan,queue,queue,per_epoch_trace
paper_fig3_11node,inputs/task_graph_topology/custom/paper_fig3_11node.dot,/people/dass304/dass304/HWSWpartition/hw-sw-partition-metaheur/BatchExperiments/Ablation/diff_gnn_order_lssp_trace/paper_fig3_11node/seed-42/run-20260412-142043/config/paper_fig3_11node_seed-42_ablation.yaml,train,epoch,train,thresholded_partition,threshold,322,322.0,0,322,False,False,65.50878143310547,59.0,59.0,nan,nan,True,3,12.0,22.0,0.4204,0.4848,56614.8515625,0.49248042702674866,nan,queue,queue,per_epoch_trace
paper_fig3_11node,inputs/task_graph_topology/custom/paper_fig3_11node.dot,/people/dass304/dass304/HWSWpartition/hw-sw-partition-metaheur/BatchExperiments/Ablation/diff_gnn_order_lssp_trace/paper_fig3_11node/seed-42/run-20260412-142043/config/paper_fig3_11node_seed-42_ablation.yaml,train,epoch,train,thresholded_partition,threshold,323,323.0,0,323,False,False,57.24398422241211,61.0,65.0,nan,nan,True,5,20.0,22.0,0.41859999999999997,0.48319999999999996,139.76382446289062,0.49972206354141235,nan,queue,queue,per_epoch_trace
paper_fig3_11node,inputs/task_graph_topology/custom/paper_fig3_11node.dot,/people/dass304/dass304/HWSWpartition/hw-sw-partition-metaheur/BatchExperiments/Ablation/diff_gnn_order_lssp_trace/paper_fig3_11node/seed-42/run-20260412-142043/config/paper_fig3_11node_seed-42_ablation.yaml,train,epoch,train,thresholded_partition,threshold,324,324.0,0,324,False,False,59.936378479003906,34.0,34.0,nan,nan,False,8,29.0,22.0,0.41679999999999995,0.4815999999999999,85.90447998046875,0.5001437664031982,nan,queue,queue,per_epoch_trace
paper_fig3_11node,inputs/task_graph_topology/custom/paper_fig3_11node.dot,/people/dass304/dass304/HWSWpartition/hw-sw-partition-metaheur/BatchExperiments/Ablation/diff_gnn_order_lssp_trace/paper_fig3_11node/seed-42/run-20260412-142043/config/paper_fig3_11node_seed-42_ablation.yaml,train,epoch,train,thresholded_partition,threshold,325,325.0,0,325,False,False,65.00796508789062,58.0,62.0,nan,nan,False,7,28.0,22.0,0.4149999999999999,0.48,21837.267578125,0.5046654939651489,nan,queue,queue,per_epoch_trace
paper_fig3_11node,inputs/task_graph_topology/custom/paper_fig3_11node.dot,/people/dass304/dass304/HWSWpartition/hw-sw-partition-metaheur/BatchExperiments/Ablation/diff_gnn_order_lssp_trace/paper_fig3_11node/seed-42/run-20260412-142043/config/paper_fig3_11node_seed-42_ablation.yaml,train,epoch,train,thresholded_partition,threshold,326,326.0,0,326,False,False,65.36480712890625,54.0,59.0,nan,nan,False,5,23.0,22.0,0.4132,0.47839999999999994,112.26799774169922,0.5002040266990662,nan,queue,queue,per_epoch_trace
paper_fig3_11node,inputs/task_graph_topology/custom/paper_fig3_11node.dot,/people/dass304/dass304/HWSWpartition/hw-sw-partition-metaheur/BatchExperiments/Ablation/diff_gnn_order_lssp_trace/paper_fig3_11node/seed-42/run-20260412-142043/config/paper_fig3_11node_seed-42_ablation.yaml,train,epoch,train,thresholded_partition,threshold,327,327.0,0,327,False,False,53.814510345458984,40.0,43.0,nan,nan,True,4,13.0,22.0,0.4114,0.4768,52866.9609375,0.49273309111595154,nan,queue,queue,per_epoch_trace
paper_fig3_11node,inputs/task_graph_topology/custom/paper_fig3_11node.dot,/people/dass304/dass304/HWSWpartition/hw-sw-partition-metaheur/BatchExperiments/Ablation/diff_gnn_order_lssp_trace/paper_fig3_11node/seed-42/run-20260412-142043/config/paper_fig3_11node_seed-42_ablation.yaml,train,epoch,train,thresholded_partition,threshold,328,328.0,0,328,False,False,51.918575286865234,34.0,36.0,nan,nan,True,4,18.0,22.0,0.40959999999999996,0.47519999999999996,2747.724609375,0.49835968017578125,nan,queue,queue,per_epoch_trace
paper_fig3_11node,inputs/task_graph_topology/custom/paper_fig3_11node.dot,/people/dass304/dass304/HWSWpartition/hw-sw-partition-metaheur/BatchExperiments/Ablation/diff_gnn_order_lssp_trace/paper_fig3_11node/seed-42/run-20260412-142043/config/paper_fig3_11node_seed-42_ablation.yaml,train,epoch,train,thresholded_partition,threshold,329,329.0,0,329,False,False,55.40139389038086,52.0,58.0,nan,nan,False,6,23.0,22.0,0.40779999999999994,0.4735999999999999,3150.737060546875,0.4982421398162842,nan,queue,queue,per_epoch_trace
paper_fig3_11node,inputs/task_graph_topology/custom/paper_fig3_11node.dot,/people/dass304/dass304/HWSWpartition/hw-sw-partition-metaheur/BatchExperiments/Ablation/diff_gnn_order_lssp_trace/paper_fig3_11node/seed-42/run-20260412-142043/config/paper_fig3_11node_seed-42_ablation.yaml,train,epoch,train,thresholded_partition,threshold,330,330.0,0,330,False,False,59.47127914428711,46.0,58.0,nan,nan,True,7,22.0,22.0,0.4059999999999999,0.472,50959.9296875,0.4928659200668335,nan,queue,queue,per_epoch_trace
paper_fig3_11node,inputs/task_graph_topology/custom/paper_fig3_11node.dot,/people/dass304/dass304/HWSWpartition/hw-sw-partition-metaheur/BatchExperiments/Ablation/diff_gnn_order_lssp_trace/paper_fig3_11node/seed-42/run-20260412-142043/config/paper_fig3_11node_seed-42_ablation.yaml,train,epoch,train,thresholded_partition,threshold,331,331.0,0,331,False,False,67.1287612915039,55.0,59.0,nan,nan,False,6,26.0,22.0,0.4042,0.47039999999999993,11613.9296875,0.5033972859382629,nan,queue,queue,per_epoch_trace
paper_fig3_11node,inputs/task_graph_topology/custom/paper_fig3_11node.dot,/people/dass304/dass304/HWSWpartition/hw-sw-partition-metaheur/BatchExperiments/Ablation/diff_gnn_order_lssp_trace/paper_fig3_11node/seed-42/run-20260412-142043/config/paper_fig3_11node_seed-42_ablation.yaml,train,epoch,train,thresholded_partition,threshold,332,332.0,0,332,False,False,58.778053283691406,57.0,57.0,nan,nan,True,3,15.0,22.0,0.4024,0.4688,2436.71337890625,0.5015403628349304,nan,queue,queue,per_epoch_trace
paper_fig3_11node,inputs/task_graph_topology/custom/paper_fig3_11node.dot,/people/dass304/dass304/HWSWpartition/hw-sw-partition-metaheur/BatchExperiments/Ablation/diff_gnn_order_lssp_trace/paper_fig3_11node/seed-42/run-20260412-142043/config/paper_fig3_11node_seed-42_ablation.yaml,train,epoch,train,thresholded_partition,threshold,333,333.0,0,333,False,False,55.76676559448242,48.0,46.0,nan,nan,True,4,18.0,22.0,0.40059999999999996,0.46719999999999995,475.00225830078125,0.49935653805732727,nan,queue,queue,per_epoch_trace
paper_fig3_11node,inputs/task_graph_topology/custom/paper_fig3_11node.dot,/people/dass304/dass304/HWSWpartition/hw-sw-partition-metaheur/BatchExperiments/Ablation/diff_gnn_order_lssp_trace/paper_fig3_11node/seed-42/run-20260412-142043/config/paper_fig3_11node_seed-42_ablation.yaml,train,epoch,train,thresholded_partition,threshold,334,334.0,0,334,False,False,58.93744659423828,48.0,58.0,nan,nan,True,5,19.0,22.0,0.39879999999999993,0.4655999999999999,17287.29296875,0.49584993720054626,nan,queue,queue,per_epoch_trace
paper_fig3_11node,inputs/task_graph_topology/custom/paper_fig3_11node.dot,/people/dass304/dass304/HWSWpartition/hw-sw-partition-metaheur/BatchExperiments/Ablation/diff_gnn_order_lssp_trace/paper_fig3_11node/seed-42/run-20260412-142043/config/paper_fig3_11node_seed-42_ablation.yaml,train,epoch,train,thresholded_partition,threshold,335,335.0,0,335,False,False,60.33926010131836,61.0,69.0,nan,nan,True,5,20.0,22.0,0.3969999999999999,0.46399999999999997,4114.078125,0.5020120739936829,nan,queue,queue,per_epoch_trace
paper_fig3_11node,inputs/task_graph_topology/custom/paper_fig3_11node.dot,/people/dass304/dass304/HWSWpartition/hw-sw-partition-metaheur/BatchExperiments/Ablation/diff_gnn_order_lssp_trace/paper_fig3_11node/seed-42/run-20260412-142043/config/paper_fig3_11node_seed-42_ablation.yaml,train,epoch,train,thresholded_partition,threshold,336,336.0,0,336,False,False,58.15187454223633,36.0,36.0,nan,nan,False,6,24.0,22.0,0.3952,0.4623999999999999,892.1593627929688,0.4990895986557007,nan,queue,queue,per_epoch_trace
paper_fig3_11node,inputs/task_graph_topology/custom/paper_fig3_11node.dot,/people/dass304/dass304/HWSWpartition/hw-sw-partition-metaheur/BatchExperiments/Ablation/diff_gnn_order_lssp_trace/paper_fig3_11node/seed-42/run-20260412-142043/config/paper_fig3_11node_seed-42_ablation.yaml,train,epoch,train,thresholded_partition,threshold,337,337.0,0,337,False,False,63.86731719970703,45.0,55.0,nan,nan,True,5,16.0,22.0,0.39339999999999997,0.4608,7215.22900390625,0.4973267912864685,nan,queue,queue,per_epoch_trace
paper_fig3_11node,inputs/task_graph_topology/custom/paper_fig3_11node.dot,/people/dass304/dass304/HWSWpartition/hw-sw-partition-metaheur/BatchExperiments/Ablation/diff_gnn_order_lssp_trace/paper_fig3_11node/seed-42/run-20260412-142043/config/paper_fig3_11node_seed-42_ablation.yaml,train,epoch,train,thresholded_partition,threshold,338,338.0,0,338,False,False,57.18862533569336,51.0,49.0,nan,nan,True,2,8.0,22.0,0.39159999999999995,0.45919999999999994,413.8330078125,0.5005928874015808,nan,queue,queue,per_epoch_trace
paper_fig3_11node,inputs/task_graph_topology/custom/paper_fig3_11node.dot,/people/dass304/dass304/HWSWpartition/hw-sw-partition-metaheur/BatchExperiments/Ablation/diff_gnn_order_lssp_trace/paper_fig3_11node/seed-42/run-20260412-142043/config/paper_fig3_11node_seed-42_ablation.yaml,train,epoch,train,thresholded_partition,threshold,339,339.0,0,339,False,False,67.26791381835938,48.0,48.0,nan,nan,True,4,15.0,22.0,0.3897999999999999,0.4575999999999999,1692.515380859375,0.4987272024154663,nan,queue,queue,per_epoch_trace
paper_fig3_11node,inputs/task_graph_topology/custom/paper_fig3_11node.dot,/people/dass304/dass304/HWSWpartition/hw-sw-partition-metaheur/BatchExperiments/Ablation/diff_gnn_order_lssp_trace/paper_fig3_11node/seed-42/run-20260412-142043/config/paper_fig3_11node_seed-42_ablation.yaml,train,epoch,train,thresholded_partition,threshold,340,340.0,0,340,False,False,68.53041076660156,47.0,47.0,nan,nan,False,7,27.0,22.0,0.3879999999999999,0.45599999999999996,1402.98779296875,0.498847097158432,nan,queue,queue,per_epoch_trace
paper_fig3_11node,inputs/task_graph_topology/custom/paper_fig3_11node.dot,/people/dass304/dass304/HWSWpartition/hw-sw-partition-metaheur/BatchExperiments/Ablation/diff_gnn_order_lssp_trace/paper_fig3_11node/seed-42/run-20260412-142043/config/paper_fig3_11node_seed-42_ablation.yaml,train,epoch,train,thresholded_partition,threshold,341,341.0,0,341,False,False,58.281898498535156,56.0,56.0,nan,nan,True,4,15.0,22.0,0.3862,0.4543999999999999,6555.75732421875,0.4974520206451416,nan,queue,queue,per_epoch_trace
paper_fig3_11node,inputs/task_graph_topology/custom/paper_fig3_11node.dot,/people/dass304/dass304/HWSWpartition/hw-sw-partition-metaheur/BatchExperiments/Ablation/diff_gnn_order_lssp_trace/paper_fig3_11node/seed-42/run-20260412-142043/config/paper_fig3_11node_seed-42_ablation.yaml,train,epoch,train,thresholded_partition,threshold,342,342.0,0,342,False,False,64.11127471923828,45.0,55.0,nan,nan,True,4,12.0,22.0,0.38439999999999996,0.4528,14731.0615234375,0.49617093801498413,nan,queue,queue,per_epoch_trace
paper_fig3_11node,inputs/task_graph_topology/custom/paper_fig3_11node.dot,/people/dass304/dass304/HWSWpartition/hw-sw-partition-metaheur/BatchExperiments/Ablation/diff_gnn_order_lssp_trace/paper_fig3_11node/seed-42/run-20260412-142043/config/paper_fig3_11node_seed-42_ablation.yaml,train,epoch,train,thresholded_partition,threshold,343,343.0,0,343,False,False,64.13020324707031,52.0,55.0,nan,nan,True,4,17.0,22.0,0.38259999999999994,0.45119999999999993,140.99559020996094,0.4997325837612152,nan,queue,queue,per_epoch_trace
paper_fig3_11node,inputs/task_graph_topology/custom/paper_fig3_11node.dot,/people/dass304/dass304/HWSWpartition/hw-sw-partition-metaheur/BatchExperiments/Ablation/diff_gnn_order_lssp_trace/paper_fig3_11node/seed-42/run-20260412-142043/config/paper_fig3_11node_seed-42_ablation.yaml,train,epoch,train,thresholded_partition,threshold,344,344.0,0,344,False,False,59.43120193481445,47.0,53.0,nan,nan,False,8,32.0,22.0,0.3808,0.4496,15582.783203125,0.5039392709732056,nan,queue,queue,per_epoch_trace
paper_fig3_11node,inputs/task_graph_topology/custom/paper_fig3_11node.dot,/people/dass304/dass304/HWSWpartition/hw-sw-partition-metaheur/BatchExperiments/Ablation/diff_gnn_order_lssp_trace/paper_fig3_11node/seed-42/run-20260412-142043/config/paper_fig3_11node_seed-42_ablation.yaml,train,epoch,train,thresholded_partition,threshold,345,345.0,0,345,False,False,59.55815505981445,35.0,35.0,nan,nan,True,4,13.0,22.0,0.379,0.44800000000000006,24899.869140625,0.49501651525497437,nan,queue,queue,per_epoch_trace
paper_fig3_11node,inputs/task_graph_topology/custom/paper_fig3_11node.dot,/people/dass304/dass304/HWSWpartition/hw-sw-partition-metaheur/BatchExperiments/Ablation/diff_gnn_order_lssp_trace/paper_fig3_11node/seed-42/run-20260412-142043/config/paper_fig3_11node_seed-42_ablation.yaml,train,epoch,train,thresholded_partition,threshold,346,346.0,0,346,False,False,67.20643615722656,52.0,52.0,nan,nan,False,6,25.0,22.0,0.3772,0.4464,21098.33203125,0.5045853853225708,nan,queue,queue,per_epoch_trace
paper_fig3_11node,inputs/task_graph_topology/custom/paper_fig3_11node.dot,/people/dass304/dass304/HWSWpartition/hw-sw-partition-metaheur/BatchExperiments/Ablation/diff_gnn_order_lssp_trace/paper_fig3_11node/seed-42/run-20260412-142043/config/paper_fig3_11node_seed-42_ablation.yaml,train,epoch,train,thresholded_partition,threshold,347,347.0,0,347,False,False,66.14727783203125,64.0,64.0,nan,nan,False,6,24.0,22.0,0.37540000000000007,0.4448,4151.52880859375,0.5020198822021484,nan,queue,queue,per_epoch_trace
paper_fig3_11node,inputs/task_graph_topology/custom/paper_fig3_11node.dot,/people/dass304/dass304/HWSWpartition/hw-sw-partition-metaheur/BatchExperiments/Ablation/diff_gnn_order_lssp_trace/paper_fig3_11node/seed-42/run-20260412-142043/config/paper_fig3_11node_seed-42_ablation.yaml,train,epoch,train,thresholded_partition,threshold,348,348.0,0,348,False,False,64.90882873535156,64.0,65.0,nan,nan,False,6,24.0,22.0,0.37360000000000004,0.44320000000000004,13196.8994140625,0.4963769316673279,nan,queue,queue,per_epoch_trace
paper_fig3_11node,inputs/task_graph_topology/custom/paper_fig3_11node.dot,/people/dass304/dass304/HWSWpartition/hw-sw-partition-metaheur/BatchExperiments/Ablation/diff_gnn_order_lssp_trace/paper_fig3_11node/seed-42/run-20260412-142043/config/paper_fig3_11node_seed-42_ablation.yaml,train,epoch,train,thresholded_partition,threshold,349,349.0,0,349,False,False,57.81502151489258,63.0,63.0,nan,nan,False,6,24.0,22.0,0.3718,0.4416,880.2619018554688,0.4990960657596588,nan,queue,queue,per_epoch_trace
paper_fig3_11node,inputs/task_graph_topology/custom/paper_fig3_11node.dot,/people/dass304/dass304/HWSWpartition/hw-sw-partition-metaheur/BatchExperiments/Ablation/diff_gnn_order_lssp_trace/paper_fig3_11node/seed-42/run-20260412-142043/config/paper_fig3_11node_seed-42_ablation.yaml,train,epoch,train,thresholded_partition,threshold,350,350.0,0,350,False,False,67.593994140625,56.0,60.0,nan,nan,False,8,33.0,22.0,0.37,0.44000000000000006,83147.2109375,0.5091145038604736,nan,queue,queue,per_epoch_trace
paper_fig3_11node,inputs/task_graph_topology/custom/paper_fig3_11node.dot,/people/dass304/dass304/HWSWpartition/hw-sw-partition-metaheur/BatchExperiments/Ablation/diff_gnn_order_lssp_trace/paper_fig3_11node/seed-42/run-20260412-142043/config/paper_fig3_11node_seed-42_ablation.yaml,train,epoch,train,thresholded_partition,threshold,351,351.0,0,351,False,False,64.38581085205078,61.0,69.0,nan,nan,True,5,20.0,22.0,0.36819999999999997,0.4384,3898.601806640625,0.5019567608833313,nan,queue,queue,per_epoch_trace
paper_fig3_11node,inputs/task_graph_topology/custom/paper_fig3_11node.dot,/people/dass304/dass304/HWSWpartition/hw-sw-partition-metaheur/BatchExperiments/Ablation/diff_gnn_order_lssp_trace/paper_fig3_11node/seed-42/run-20260412-142043/config/paper_fig3_11node_seed-42_ablation.yaml,train,epoch,train,thresholded_partition,threshold,352,352.0,0,352,False,False,65.60449981689453,41.0,50.0,nan,nan,False,9,38.0,22.0,0.36640000000000006,0.43679999999999997,30902.97265625,0.5055526494979858,nan,queue,queue,per_epoch_trace
paper_fig3_11node,inputs/task_graph_topology/custom/paper_fig3_11node.dot,/people/dass304/dass304/HWSWpartition/hw-sw-partition-metaheur/BatchExperiments/Ablation/diff_gnn_order_lssp_trace/paper_fig3_11node/seed-42/run-20260412-142043/config/paper_fig3_11node_seed-42_ablation.yaml,train,epoch,train,thresholded_partition,threshold,353,353.0,0,353,False,False,63.454803466796875,51.0,57.0,nan,nan,False,8,31.0,22.0,0.36460000000000004,0.43520000000000003,674.41357421875,0.4992218017578125,nan,queue,queue,per_epoch_trace
paper_fig3_11node,inputs/task_graph_topology/custom/paper_fig3_11node.dot,/people/dass304/dass304/HWSWpartition/hw-sw-partition-metaheur/BatchExperiments/Ablation/diff_gnn_order_lssp_trace/paper_fig3_11node/seed-42/run-20260412-142043/config/paper_fig3_11node_seed-42_ablation.yaml,train,epoch,train,thresholded_partition,threshold,354,354.0,0,354,False,False,52.59978103637695,48.0,48.0,nan,nan,True,6,22.0,22.0,0.3628,0.4336,5245.974609375,0.5022777318954468,nan,queue,queue,per_epoch_trace
paper_fig3_11node,inputs/task_graph_topology/custom/paper_fig3_11node.dot,/people/dass304/dass304/HWSWpartition/hw-sw-partition-metaheur/BatchExperiments/Ablation/diff_gnn_order_lssp_trace/paper_fig3_11node/seed-42/run-20260412-142043/config/paper_fig3_11node_seed-42_ablation.yaml,train,epoch,train,thresholded_partition,threshold,355,355.0,0,355,False,False,55.340126037597656,57.0,57.0,nan,nan,False,5,23.0,22.0,0.361,0.43200000000000005,1256.23974609375,0.5010934472084045,nan,queue,queue,per_epoch_trace
paper_fig3_11node,inputs/task_graph_topology/custom/paper_fig3_11node.dot,/people/dass304/dass304/HWSWpartition/hw-sw-partition-metaheur/BatchExperiments/Ablation/diff_gnn_order_lssp_trace/paper_fig3_11node/seed-42/run-20260412-142043/config/paper_fig3_11node_seed-42_ablation.yaml,train,epoch,train,thresholded_partition,threshold,356,356.0,0,356,False,False,59.69247055053711,60.0,59.0,nan,nan,False,7,31.0,22.0,0.35919999999999996,0.4304,7743.568359375,0.5027710199356079,nan,queue,queue,per_epoch_trace
paper_fig3_11node,inputs/task_graph_topology/custom/paper_fig3_11node.dot,/people/dass304/dass304/HWSWpartition/hw-sw-partition-metaheur/BatchExperiments/Ablation/diff_gnn_order_lssp_trace/paper_fig3_11node/seed-42/run-20260412-142043/config/paper_fig3_11node_seed-42_ablation.yaml,train,epoch,train,thresholded_partition,threshold,357,357.0,0,357,False,False,53.62679672241211,40.0,43.0,nan,nan,True,3,11.0,22.0,0.35740000000000005,0.42879999999999996,14096.6787109375,0.49625328183174133,nan,queue,queue,per_epoch_trace
paper_fig3_11node,inputs/task_graph_topology/custom/paper_fig3_11node.dot,/people/dass304/dass304/HWSWpartition/hw-sw-partition-metaheur/BatchExperiments/Ablation/diff_gnn_order_lssp_trace/paper_fig3_11node/seed-42/run-20260412-142043/config/paper_fig3_11node_seed-42_ablation.yaml,train,epoch,train,thresholded_partition,threshold,358,358.0,0,358,False,False,63.51124954223633,48.0,54.0,nan,nan,False,6,24.0,22.0,0.3556,0.4272,2199.358154296875,0.5014596581459045,nan,queue,queue,per_epoch_trace
paper_fig3_11node,inputs/task_graph_topology/custom/paper_fig3_11node.dot,/people/dass304/dass304/HWSWpartition/hw-sw-partition-metaheur/BatchExperiments/Ablation/diff_gnn_order_lssp_trace/paper_fig3_11node/seed-42/run-20260412-142043/config/paper_fig3_11node_seed-42_ablation.yaml,train,epoch,train,thresholded_partition,threshold,359,359.0,0,359,False,False,66.7433090209961,49.0,51.0,nan,nan,False,6,23.0,22.0,0.3538,0.4256,75.92708587646484,0.5000629425048828,nan,queue,queue,per_epoch_trace
paper_fig3_11node,inputs/task_graph_topology/custom/paper_fig3_11node.dot,/people/dass304/dass304/HWSWpartition/hw-sw-partition-metaheur/BatchExperiments/Ablation/diff_gnn_order_lssp_trace/paper_fig3_11node/seed-42/run-20260412-142043/config/paper_fig3_11node_seed-42_ablation.yaml,train,epoch,train,thresholded_partition,threshold,360,360.0,0,360,False,False,61.563873291015625,56.0,59.0,nan,nan,False,8,33.0,22.0,0.352,0.42400000000000004,17602.783203125,0.5041875839233398,nan,queue,queue,per_epoch_trace
paper_fig3_11node,inputs/task_graph_topology/custom/paper_fig3_11node.dot,/people/dass304/dass304/HWSWpartition/hw-sw-partition-metaheur/BatchExperiments/Ablation/diff_gnn_order_lssp_trace/paper_fig3_11node/seed-42/run-20260412-142043/config/paper_fig3_11node_seed-42_ablation.yaml,train,epoch,train,thresholded_partition,threshold,361,361.0,0,361,False,False,52.856197357177734,43.0,38.0,nan,nan,True,5,18.0,22.0,0.35019999999999996,0.4224,1248.197509765625,0.4989090859889984,nan,queue,queue,per_epoch_trace
paper_fig3_11node,inputs/task_graph_topology/custom/paper_fig3_11node.dot,/people/dass304/dass304/HWSWpartition/hw-sw-partition-metaheur/BatchExperiments/Ablation/diff_gnn_order_lssp_trace/paper_fig3_11node/seed-42/run-20260412-142043/config/paper_fig3_11node_seed-42_ablation.yaml,train,epoch,train,thresholded_partition,threshold,362,362.0,0,362,False,False,61.87575912475586,57.0,62.0,nan,nan,True,4,20.0,22.0,0.34840000000000004,0.42079999999999995,3200.49072265625,0.5017701387405396,nan,queue,queue,per_epoch_trace
paper_fig3_11node,inputs/task_graph_topology/custom/paper_fig3_11node.dot,/people/dass304/dass304/HWSWpartition/hw-sw-partition-metaheur/BatchExperiments/Ablation/diff_gnn_order_lssp_trace/paper_fig3_11node/seed-42/run-20260412-142043/config/paper_fig3_11node_seed-42_ablation.yaml,train,epoch,train,thresholded_partition,threshold,363,363.0,0,363,False,False,56.683197021484375,39.0,37.0,nan,nan,True,5,20.0,22.0,0.3466,0.4192,1582.402099609375,0.5012331008911133,nan,queue,queue,per_epoch_trace
paper_fig3_11node,inputs/task_graph_topology/custom/paper_fig3_11node.dot,/people/dass304/dass304/HWSWpartition/hw-sw-partition-metaheur/BatchExperiments/Ablation/diff_gnn_order_lssp_trace/paper_fig3_11node/seed-42/run-20260412-142043/config/paper_fig3_11node_seed-42_ablation.yaml,train,epoch,train,thresholded_partition,threshold,364,364.0,0,364,False,False,54.47121810913086,52.0,54.0,nan,nan,True,3,13.0,22.0,0.3448,0.41759999999999997,8361.4765625,0.4971187114715576,nan,queue,queue,per_epoch_trace
paper_fig3_11node,inputs/task_graph_topology/custom/paper_fig3_11node.dot,/people/dass304/dass304/HWSWpartition/hw-sw-partition-metaheur/BatchExperiments/Ablation/diff_gnn_order_lssp_trace/paper_fig3_11node/seed-42/run-20260412-142043/config/paper_fig3_11node_seed-42_ablation.yaml,train,epoch,train,thresholded_partition,threshold,365,365.0,0,365,False,False,59.772865295410156,36.0,36.0,nan,nan,True,4,15.0,22.0,0.34299999999999997,0.41600000000000004,2176.057373046875,0.4985470473766327,nan,queue,queue,per_epoch_trace
paper_fig3_11node,inputs/task_graph_topology/custom/paper_fig3_11node.dot,/people/dass304/dass304/HWSWpartition/hw-sw-partition-metaheur/BatchExperiments/Ablation/diff_gnn_order_lssp_trace/paper_fig3_11node/seed-42/run-20260412-142043/config/paper_fig3_11node_seed-42_ablation.yaml,train,epoch,train,thresholded_partition,threshold,366,366.0,0,366,False,False,66.67552947998047,42.0,49.0,nan,nan,False,8,32.0,22.0,0.34119999999999995,0.4144,12188.0849609375,0.49651917815208435,nan,queue,queue,per_epoch_trace
paper_fig3_11node,inputs/task_graph_topology/custom/paper_fig3_11node.dot,/people/dass304/dass304/HWSWpartition/hw-sw-partition-metaheur/BatchExperiments/Ablation/diff_gnn_order_lssp_trace/paper_fig3_11node/seed-42/run-20260412-142043/config/paper_fig3_11node_seed-42_ablation.yaml,train,epoch,train,thresholded_partition,threshold,367,367.0,0,367,False,False,58.095184326171875,40.0,43.0,nan,nan,True,3,11.0,22.0,0.33940000000000003,0.41279999999999994,51975.45703125,0.4927949905395508,nan,queue,queue,per_epoch_trace
paper_fig3_11node,inputs/task_graph_topology/custom/paper_fig3_11node.dot,/people/dass304/dass304/HWSWpartition/hw-sw-partition-metaheur/BatchExperiments/Ablation/diff_gnn_order_lssp_trace/paper_fig3_11node/seed-42/run-20260412-142043/config/paper_fig3_11node_seed-42_ablation.yaml,train,epoch,train,thresholded_partition,threshold,368,368.0,0,368,False,False,57.2283935546875,61.0,65.0,nan,nan,False,7,31.0,22.0,0.3376,0.4112,38410.4140625,0.5061925649642944,nan,queue,queue,per_epoch_trace
paper_fig3_11node,inputs/task_graph_topology/custom/paper_fig3_11node.dot,/people/dass304/dass304/HWSWpartition/hw-sw-partition-metaheur/BatchExperiments/Ablation/diff_gnn_order_lssp_trace/paper_fig3_11node/seed-42/run-20260412-142043/config/paper_fig3_11node_seed-42_ablation.yaml,train,epoch,train,thresholded_partition,threshold,369,369.0,0,369,False,False,59.511756896972656,51.0,60.0,nan,nan,True,5,19.0,22.0,0.3358,0.40959999999999996,1673.0821533203125,0.498731791973114,nan,queue,queue,per_epoch_trace
paper_fig3_11node,inputs/task_graph_topology/custom/paper_fig3_11node.dot,/people/dass304/dass304/HWSWpartition/hw-sw-partition-metaheur/BatchExperiments/Ablation/diff_gnn_order_lssp_trace/paper_fig3_11node/seed-42/run-20260412-142043/config/paper_fig3_11node_seed-42_ablation.yaml,train,epoch,train,thresholded_partition,threshold,370,370.0,0,370,False,False,57.27541732788086,58.0,60.0,nan,nan,True,3,14.0,22.0,0.33399999999999996,0.40800000000000003,1662.9913330078125,0.5012651085853577,nan,queue,queue,per_epoch_trace
paper_fig3_11node,inputs/task_graph_topology/custom/paper_fig3_11node.dot,/people/dass304/dass304/HWSWpartition/hw-sw-partition-metaheur/BatchExperiments/Ablation/diff_gnn_order_lssp_trace/paper_fig3_11node/seed-42/run-20260412-142043/config/paper_fig3_11node_seed-42_ablation.yaml,train,epoch,train,thresholded_partition,threshold,371,371.0,0,371,False,False,56.78041458129883,39.0,45.0,nan,nan,True,5,19.0,22.0,0.33219999999999994,0.4064,5227.81689453125,0.4977271556854248,nan,queue,queue,per_epoch_trace
paper_fig3_11node,inputs/task_graph_topology/custom/paper_fig3_11node.dot,/people/dass304/dass304/HWSWpartition/hw-sw-partition-metaheur/BatchExperiments/Ablation/diff_gnn_order_lssp_trace/paper_fig3_11node/seed-42/run-20260412-142043/config/paper_fig3_11node_seed-42_ablation.yaml,train,epoch,train,thresholded_partition,threshold,372,372.0,0,372,False,False,54.92971420288086,43.0,44.0,nan,nan,True,4,15.0,22.0,0.3304,0.40479999999999994,1616.15185546875,0.4987525939941406,nan,queue,queue,per_epoch_trace
paper_fig3_11node,inputs/task_graph_topology/custom/paper_fig3_11node.dot,/people/dass304/dass304/HWSWpartition/hw-sw-partition-metaheur/BatchExperiments/Ablation/diff_gnn_order_lssp_trace/paper_fig3_11node/seed-42/run-20260412-142043/config/paper_fig3_11node_seed-42_ablation.yaml,train,epoch,train,thresholded_partition,threshold,373,373.0,0,373,False,False,53.07130813598633,65.0,60.0,nan,nan,True,3,14.0,22.0,0.3286,0.4032,1262.6485595703125,0.5010974407196045,nan,queue,queue,per_epoch_trace
paper_fig3_11node,inputs/task_graph_topology/custom/paper_fig3_11node.dot,/people/dass304/dass304/HWSWpartition/hw-sw-partition-metaheur/BatchExperiments/Ablation/diff_gnn_order_lssp_trace/paper_fig3_11node/seed-42/run-20260412-142043/config/paper_fig3_11node_seed-42_ablation.yaml,train,epoch,train,thresholded_partition,threshold,374,374.0,0,374,False,False,58.781776428222656,57.0,62.0,nan,nan,True,4,16.0,22.0,0.3268,0.40159999999999996,1219.5218505859375,0.4989250600337982,nan,queue,queue,per_epoch_trace
paper_fig3_11node,inputs/task_graph_topology/custom/paper_fig3_11node.dot,/people/dass304/dass304/HWSWpartition/hw-sw-partition-metaheur/BatchExperiments/Ablation/diff_gnn_order_lssp_trace/paper_fig3_11node/seed-42/run-20260412-142043/config/paper_fig3_11node_seed-42_ablation.yaml,train,epoch,train,thresholded_partition,threshold,375,375.0,0,375,False,False,56.562103271484375,61.0,65.0,nan,nan,True,3,14.0,22.0,0.32499999999999996,0.3999999999999999,31401.478515625,0.5055981874465942,nan,queue,queue,per_epoch_trace
paper_fig3_11node,inputs/task_graph_topology/custom/paper_fig3_11node.dot,/people/dass304/dass304/HWSWpartition/hw-sw-partition-metaheur/BatchExperiments/Ablation/diff_gnn_order_lssp_trace/paper_fig3_11node/seed-42/run-20260412-142043/config/paper_fig3_11node_seed-42_ablation.yaml,train,epoch,train,thresholded_partition,threshold,376,376.0,0,376,False,False,71.09317016601562,40.0,40.0,nan,nan,False,9,36.0,22.0,0.32319999999999993,0.3984,193.52261352539062,0.5003421902656555,nan,queue,queue,per_epoch_trace
paper_fig3_11node,inputs/task_graph_topology/custom/paper_fig3_11node.dot,/people/dass304/dass304/HWSWpartition/hw-sw-partition-metaheur/BatchExperiments/Ablation/diff_gnn_order_lssp_trace/paper_fig3_11node/seed-42/run-20260412-142043/config/paper_fig3_11node_seed-42_ablation.yaml,train,epoch,train,thresholded_partition,threshold,377,377.0,0,377,False,False,50.95619583129883,40.0,40.0,nan,nan,True,3,11.0,22.0,0.3214,0.39679999999999993,4254.126953125,0.49795109033584595,nan,queue,queue,per_epoch_trace
paper_fig3_11node,inputs/task_graph_topology/custom/paper_fig3_11node.dot,/people/dass304/dass304/HWSWpartition/hw-sw-partition-metaheur/BatchExperiments/Ablation/diff_gnn_order_lssp_trace/paper_fig3_11node/seed-42/run-20260412-142043/config/paper_fig3_11node_seed-42_ablation.yaml,train,epoch,train,thresholded_partition,threshold,378,378.0,0,378,False,False,53.967750549316406,44.0,50.0,nan,nan,True,4,17.0,22.0,0.3196,0.3952,6443.4677734375,0.4974732995033264,nan,queue,queue,per_epoch_trace
paper_fig3_11node,inputs/task_graph_topology/custom/paper_fig3_11node.dot,/people/dass304/dass304/HWSWpartition/hw-sw-partition-metaheur/BatchExperiments/Ablation/diff_gnn_order_lssp_trace/paper_fig3_11node/seed-42/run-20260412-142043/config/paper_fig3_11node_seed-42_ablation.yaml,train,epoch,train,thresholded_partition,threshold,379,379.0,0,379,False,False,52.89410400390625,40.0,40.0,nan,nan,True,3,11.0,22.0,0.31779999999999997,0.39359999999999995,15229.48046875,0.4961049556732178,nan,queue,queue,per_epoch_trace
paper_fig3_11node,inputs/task_graph_topology/custom/paper_fig3_11node.dot,/people/dass304/dass304/HWSWpartition/hw-sw-partition-metaheur/BatchExperiments/Ablation/diff_gnn_order_lssp_trace/paper_fig3_11node/seed-42/run-20260412-142043/config/paper_fig3_11node_seed-42_ablation.yaml,train,epoch,train,thresholded_partition,threshold,380,380.0,0,380,False,False,61.9365119934082,41.0,50.0,nan,nan,False,9,38.0,22.0,0.31599999999999995,0.3919999999999999,6445.14501953125,0.5025254487991333,nan,queue,queue,per_epoch_trace
paper_fig3_11node,inputs/task_graph_topology/custom/paper_fig3_11node.dot,/people/dass304/dass304/HWSWpartition/hw-sw-partition-metaheur/BatchExperiments/Ablation/diff_gnn_order_lssp_trace/paper_fig3_11node/seed-42/run-20260412-142043/config/paper_fig3_11node_seed-42_ablation.yaml,train,epoch,train,thresholded_partition,threshold,381,381.0,0,381,False,False,66.18647003173828,65.0,65.0,nan,nan,False,6,29.0,22.0,0.3141999999999999,0.39039999999999997,12218.9267578125,0.5034853219985962,nan,queue,queue,per_epoch_trace
paper_fig3_11node,inputs/task_graph_topology/custom/paper_fig3_11node.dot,/people/dass304/dass304/HWSWpartition/hw-sw-partition-metaheur/BatchExperiments/Ablation/diff_gnn_order_lssp_trace/paper_fig3_11node/seed-42/run-20260412-142043/config/paper_fig3_11node_seed-42_ablation.yaml,train,epoch,train,thresholded_partition,threshold,382,382.0,0,382,False,False,66.54766082763672,46.0,46.0,nan,nan,False,6,25.0,22.0,0.3124,0.3887999999999999,1187.001708984375,0.5010560154914856,nan,queue,queue,per_epoch_trace
paper_fig3_11node,inputs/task_graph_topology/custom/paper_fig3_11node.dot,/people/dass304/dass304/HWSWpartition/hw-sw-partition-metaheur/BatchExperiments/Ablation/diff_gnn_order_lssp_trace/paper_fig3_11node/seed-42/run-20260412-142043/config/paper_fig3_11node_seed-42_ablation.yaml,train,epoch,train,thresholded_partition,threshold,383,383.0,0,383,False,False,67.89181518554688,50.0,50.0,nan,nan,True,5,21.0,22.0,0.3106,0.3872,76.10650634765625,0.49994561076164246,nan,queue,queue,per_epoch_trace
paper_fig3_11node,inputs/task_graph_topology/custom/paper_fig3_11node.dot,/people/dass304/dass304/HWSWpartition/hw-sw-partition-metaheur/BatchExperiments/Ablation/diff_gnn_order_lssp_trace/paper_fig3_11node/seed-42/run-20260412-142043/config/paper_fig3_11node_seed-42_ablation.yaml,train,epoch,train,thresholded_partition,threshold,384,384.0,0,384,False,False,58.337738037109375,48.0,58.0,nan,nan,True,5,17.0,22.0,0.30879999999999996,0.38559999999999994,7891.29736328125,0.49720218777656555,nan,queue,queue,per_epoch_trace
paper_fig3_11node,inputs/task_graph_topology/custom/paper_fig3_11node.dot,/people/dass304/dass304/HWSWpartition/hw-sw-partition-metaheur/BatchExperiments/Ablation/diff_gnn_order_lssp_trace/paper_fig3_11node/seed-42/run-20260412-142043/config/paper_fig3_11node_seed-42_ablation.yaml,train,epoch,train,thresholded_partition,threshold,385,385.0,0,385,False,False,57.961421966552734,44.0,45.0,nan,nan,True,3,10.0,22.0,0.30699999999999994,0.3839999999999999,688.2166137695312,0.4992094039916992,nan,queue,queue,per_epoch_trace
paper_fig3_11node,inputs/task_graph_topology/custom/paper_fig3_11node.dot,/people/dass304/dass304/HWSWpartition/hw-sw-partition-metaheur/BatchExperiments/Ablation/diff_gnn_order_lssp_trace/paper_fig3_11node/seed-42/run-20260412-142043/config/paper_fig3_11node_seed-42_ablation.yaml,train,epoch,train,thresholded_partition,threshold,386,386.0,0,386,False,False,58.5268440246582,38.0,41.0,nan,nan,True,5,19.0,22.0,0.3051999999999999,0.38239999999999996,1500.266845703125,0.5011985898017883,nan,queue,queue,per_epoch_trace
paper_fig3_11node,inputs/task_graph_topology/custom/paper_fig3_11node.dot,/people/dass304/dass304/HWSWpartition/hw-sw-partition-metaheur/BatchExperiments/Ablation/diff_gnn_order_lssp_trace/paper_fig3_11node/seed-42/run-20260412-142043/config/paper_fig3_11node_seed-42_ablation.yaml,train,epoch,train,thresholded_partition,threshold,387,387.0,0,387,False,False,56.21294021606445,60.0,58.0,nan,nan,True,3,17.0,22.0,0.3034,0.3807999999999999,28970.9140625,0.5053767561912537,nan,queue,queue,per_epoch_trace
paper_fig3_11node,inputs/task_graph_topology/custom/paper_fig3_11node.dot,/people/dass304/dass304/HWSWpartition/hw-sw-partition-metaheur/BatchExperiments/Ablation/diff_gnn_order_lssp_trace/paper_fig3_11node/seed-42/run-20260412-142043/config/paper_fig3_11node_seed-42_ablation.yaml,train,epoch,train,thresholded_partition,threshold,388,388.0,0,388,False,False,62.544166564941406,53.0,51.0,nan,nan,False,7,27.0,22.0,0.3016,0.3792,12677.5693359375,0.5035510063171387,nan,queue,queue,per_epoch_trace
paper_fig3_11node,inputs/task_graph_topology/custom/paper_fig3_11node.dot,/people/dass304/dass304/HWSWpartition/hw-sw-partition-metaheur/BatchExperiments/Ablation/diff_gnn_order_lssp_trace/paper_fig3_11node/seed-42/run-20260412-142043/config/paper_fig3_11node_seed-42_ablation.yaml,train,epoch,train,thresholded_partition,threshold,389,389.0,0,389,False,False,59.13908767700195,41.0,42.0,nan,nan,True,5,20.0,22.0,0.29979999999999996,0.37759999999999994,206.07029724121094,0.5003764629364014,nan,queue,queue,per_epoch_trace
paper_fig3_11node,inputs/task_graph_topology/custom/paper_fig3_11node.dot,/people/dass304/dass304/HWSWpartition/hw-sw-partition-metaheur/BatchExperiments/Ablation/diff_gnn_order_lssp_trace/paper_fig3_11node/seed-42/run-20260412-142043/config/paper_fig3_11node_seed-42_ablation.yaml,train,epoch,train,thresholded_partition,threshold,390,390.0,0,390,False,False,50.071170806884766,40.0,40.0,nan,nan,True,3,11.0,22.0,0.29799999999999993,0.3759999999999999,24098.275390625,0.4950966238975525,nan,queue,queue,per_epoch_trace
paper_fig3_11node,inputs/task_graph_topology/custom/paper_fig3_11node.dot,/people/dass304/dass304/HWSWpartition/hw-sw-partition-metaheur/BatchExperiments/Ablation/diff_gnn_order_lssp_trace/paper_fig3_11node/seed-42/run-20260412-142043/config/paper_fig3_11node_seed-42_ablation.yaml,train,epoch,train,thresholded_partition,threshold,391,391.0,0,391,False,False,60.41809844970703,65.0,66.0,nan,nan,True,3,14.0,22.0,0.2961999999999999,0.37439999999999996,4298.40771484375,0.5020573735237122,nan,queue,queue,per_epoch_trace
paper_fig3_11node,inputs/task_graph_topology/custom/paper_fig3_11node.dot,/people/dass304/dass304/HWSWpartition/hw-sw-partition-metaheur/BatchExperiments/Ablation/diff_gnn_order_lssp_trace/paper_fig3_11node/seed-42/run-20260412-142043/config/paper_fig3_11node_seed-42_ablation.yaml,train,epoch,train,thresholded_partition,threshold,392,392.0,0,392,False,False,64.825439453125,42.0,49.0,nan,nan,True,5,21.0,22.0,0.2944,0.3727999999999999,1055.1961669921875,0.4990074932575226,nan,queue,queue,per_epoch_trace
paper_fig3_11node,inputs/task_graph_topology/custom/paper_fig3_11node.dot,/people/dass304/dass304/HWSWpartition/hw-sw-partition-metaheur/BatchExperiments/Ablation/diff_gnn_order_lssp_trace/paper_fig3_11node/seed-42/run-20260412-142043/config/paper_fig3_11node_seed-42_ablation.yaml,train,epoch,train,thresholded_partition,threshold,393,393.0,0,393,False,False,64.57553100585938,43.0,43.0,nan,nan,False,6,26.0,22.0,0.29259999999999997,0.3712,2703.458740234375,0.5016228556632996,nan,queue,queue,per_epoch_trace
paper_fig3_11node,inputs/task_graph_topology/custom/paper_fig3_11node.dot,/people/dass304/dass304/HWSWpartition/hw-sw-partition-metaheur/BatchExperiments/Ablation/diff_gnn_order_lssp_trace/paper_fig3_11node/seed-42/run-20260412-142043/config/paper_fig3_11node_seed-42_ablation.yaml,train,epoch,train,thresholded_partition,threshold,394,394.0,0,394,False,False,59.98259353637695,51.0,56.0,nan,nan,True,5,19.0,22.0,0.29079999999999995,0.36959999999999993,6020.36865234375,0.49755969643592834,nan,queue,queue,per_epoch_trace
paper_fig3_11node,inputs/task_graph_topology/custom/paper_fig3_11node.dot,/people/dass304/dass304/HWSWpartition/hw-sw-partition-metaheur/BatchExperiments/Ablation/diff_gnn_order_lssp_trace/paper_fig3_11node/seed-42/run-20260412-142043/config/paper_fig3_11node_seed-42_ablation.yaml,train,epoch,train,thresholded_partition,threshold,395,395.0,0,395,False,False,50.952457427978516,40.0,40.0,nan,nan,True,3,11.0,22.0,0.2889999999999999,0.3679999999999999,1276.2109375,0.49889540672302246,nan,queue,queue,per_epoch_trace
paper_fig3_11node,inputs/task_graph_topology/custom/paper_fig3_11node.dot,/people/dass304/dass304/HWSWpartition/hw-sw-partition-metaheur/BatchExperiments/Ablation/diff_gnn_order_lssp_trace/paper_fig3_11node/seed-42/run-20260412-142043/config/paper_fig3_11node_seed-42_ablation.yaml,train,epoch,train,thresholded_partition,threshold,396,396.0,0,396,False,False,53.95355987548828,45.0,55.0,nan,nan,True,5,17.0,22.0,0.2871999999999999,0.36639999999999995,29634.97265625,0.49456164240837097,nan,queue,queue,per_epoch_trace
paper_fig3_11node,inputs/task_graph_topology/custom/paper_fig3_11node.dot,/people/dass304/dass304/HWSWpartition/hw-sw-partition-metaheur/BatchExperiments/Ablation/diff_gnn_order_lssp_trace/paper_fig3_11node/seed-42/run-20260412-142043/config/paper_fig3_11node_seed-42_ablation.yaml,train,epoch,train,thresholded_partition,threshold,397,397.0,0,397,False,False,59.28815841674805,46.0,52.0,nan,nan,False,8,29.0,22.0,0.2854,0.3647999999999999,275.60443115234375,0.5004593133926392,nan,queue,queue,per_epoch_trace
paper_fig3_11node,inputs/task_graph_topology/custom/paper_fig3_11node.dot,/people/dass304/dass304/HWSWpartition/hw-sw-partition-metaheur/BatchExperiments/Ablation/diff_gnn_order_lssp_trace/paper_fig3_11node/seed-42/run-20260412-142043/config/paper_fig3_11node_seed-42_ablation.yaml,train,epoch,train,thresholded_partition,threshold,398,398.0,0,398,False,False,57.912086486816406,57.0,58.0,nan,nan,True,4,15.0,22.0,0.28359999999999996,0.36319999999999997,2788.470458984375,0.501650869846344,nan,queue,queue,per_epoch_trace
paper_fig3_11node,inputs/task_graph_topology/custom/paper_fig3_11node.dot,/people/dass304/dass304/HWSWpartition/hw-sw-partition-metaheur/BatchExperiments/Ablation/diff_gnn_order_lssp_trace/paper_fig3_11node/seed-42/run-20260412-142043/config/paper_fig3_11node_seed-42_ablation.yaml,train,epoch,train,thresholded_partition,threshold,399,399.0,0,399,False,False,59.085845947265625,41.0,44.0,nan,nan,True,4,12.0,22.0,0.28179999999999994,0.3615999999999999,379.8852844238281,0.49943825602531433,nan,queue,queue,per_epoch_trace
paper_fig3_11node,inputs/task_graph_topology/custom/paper_fig3_11node.dot,/people/dass304/dass304/HWSWpartition/hw-sw-partition-metaheur/BatchExperiments/Ablation/diff_gnn_order_lssp_trace/paper_fig3_11node/seed-42/run-20260412-142043/config/paper_fig3_11node_seed-42_ablation.yaml,train,epoch,train,thresholded_partition,threshold,400,400.0,0,400,False,False,54.184913635253906,45.0,46.0,nan,nan,True,5,21.0,22.0,0.2799999999999999,0.3599999999999999,12501.2353515625,0.49647271633148193,nan,queue,queue,per_epoch_trace
paper_fig3_11node,inputs/task_graph_topology/custom/paper_fig3_11node.dot,/people/dass304/dass304/HWSWpartition/hw-sw-partition-metaheur/BatchExperiments/Ablation/diff_gnn_order_lssp_trace/paper_fig3_11node/seed-42/run-20260412-142043/config/paper_fig3_11node_seed-42_ablation.yaml,train,epoch,train,thresholded_partition,threshold,401,401.0,0,401,False,False,61.885658264160156,41.0,41.0,nan,nan,False,9,38.0,22.0,0.2781999999999999,0.35839999999999994,34340.8671875,0.5058543682098389,nan,queue,queue,per_epoch_trace
paper_fig3_11node,inputs/task_graph_topology/custom/paper_fig3_11node.dot,/people/dass304/dass304/HWSWpartition/hw-sw-partition-metaheur/BatchExperiments/Ablation/diff_gnn_order_lssp_trace/paper_fig3_11node/seed-42/run-20260412-142043/config/paper_fig3_11node_seed-42_ablation.yaml,train,epoch,train,thresholded_partition,threshold,402,402.0,0,402,False,False,61.16279220581055,37.0,37.0,nan,nan,True,5,16.0,22.0,0.2764,0.3567999999999999,294.4893493652344,0.4995223879814148,nan,queue,queue,per_epoch_trace
paper_fig3_11node,inputs/task_graph_topology/custom/paper_fig3_11node.dot,/people/dass304/dass304/HWSWpartition/hw-sw-partition-metaheur/BatchExperiments/Ablation/diff_gnn_order_lssp_trace/paper_fig3_11node/seed-42/run-20260412-142043/config/paper_fig3_11node_seed-42_ablation.yaml,train,epoch,train,thresholded_partition,threshold,403,403.0,0,403,False,False,59.467952728271484,51.0,49.0,nan,nan,True,2,8.0,22.0,0.27459999999999996,0.35519999999999996,9975.4697265625,0.4968518614768982,nan,queue,queue,per_epoch_trace
paper_fig3_11node,inputs/task_graph_topology/custom/paper_fig3_11node.dot,/people/dass304/dass304/HWSWpartition/hw-sw-partition-metaheur/BatchExperiments/Ablation/diff_gnn_order_lssp_trace/paper_fig3_11node/seed-42/run-20260412-142043/config/paper_fig3_11node_seed-42_ablation.yaml,train,epoch,train,thresholded_partition,threshold,404,404.0,0,404,False,False,55.435707092285156,51.0,49.0,nan,nan,True,3,13.0,22.0,0.27279999999999993,0.3535999999999999,332.2532043457031,0.500521183013916,nan,queue,queue,per_epoch_trace
paper_fig3_11node,inputs/task_graph_topology/custom/paper_fig3_11node.dot,/people/dass304/dass304/HWSWpartition/hw-sw-partition-metaheur/BatchExperiments/Ablation/diff_gnn_order_lssp_trace/paper_fig3_11node/seed-42/run-20260412-142043/config/paper_fig3_11node_seed-42_ablation.yaml,train,epoch,train,thresholded_partition,threshold,405,405.0,0,405,False,False,60.77347946166992,43.0,43.0,nan,nan,False,8,33.0,22.0,0.2709999999999999,0.35199999999999987,30221.958984375,0.5054914355278015,nan,queue,queue,per_epoch_trace
paper_fig3_11node,inputs/task_graph_topology/custom/paper_fig3_11node.dot,/people/dass304/dass304/HWSWpartition/hw-sw-partition-metaheur/BatchExperiments/Ablation/diff_gnn_order_lssp_trace/paper_fig3_11node/seed-42/run-20260412-142043/config/paper_fig3_11node_seed-42_ablation.yaml,train,epoch,train,thresholded_partition,threshold,406,406.0,0,406,False,False,60.702510833740234,35.0,35.0,nan,nan,True,5,20.0,22.0,0.2691999999999999,0.35039999999999993,3367.87939453125,0.49818286299705505,nan,queue,queue,per_epoch_trace
paper_fig3_11node,inputs/task_graph_topology/custom/paper_fig3_11node.dot,/people/dass304/dass304/HWSWpartition/hw-sw-partition-metaheur/BatchExperiments/Ablation/diff_gnn_order_lssp_trace/paper_fig3_11node/seed-42/run-20260412-142043/config/paper_fig3_11node_seed-42_ablation.yaml,train,epoch,train,thresholded_partition,threshold,407,407.0,0,407,False,False,58.01020431518555,56.0,60.0,nan,nan,False,8,33.0,22.0,0.2674000000000001,0.3488,52995.765625,0.5072754621505737,nan,queue,queue,per_epoch_trace
paper_fig3_11node,inputs/task_graph_topology/custom/paper_fig3_11node.dot,/people/dass304/dass304/HWSWpartition/hw-sw-partition-metaheur/BatchExperiments/Ablation/diff_gnn_order_lssp_trace/paper_fig3_11node/seed-42/run-20260412-142043/config/paper_fig3_11node_seed-42_ablation.yaml,train,epoch,train,thresholded_partition,threshold,408,408.0,0,408,False,False,56.58506393432617,39.0,35.0,nan,nan,False,6,25.0,22.0,0.26560000000000006,0.34719999999999995,3900.539794921875,0.5019592642784119,nan,queue,queue,per_epoch_trace
paper_fig3_11node,inputs/task_graph_topology/custom/paper_fig3_11node.dot,/people/dass304/dass304/HWSWpartition/hw-sw-partition-metaheur/BatchExperiments/Ablation/diff_gnn_order_lssp_trace/paper_fig3_11node/seed-42/run-20260412-142043/config/paper_fig3_11node_seed-42_ablation.yaml,train,epoch,train,thresholded_partition,threshold,409,409.0,0,409,False,False,71.81826782226562,45.0,51.0,nan,nan,False,8,32.0,22.0,0.26380000000000003,0.3456,929.4318237304688,0.499076783657074,nan,queue,queue,per_epoch_trace
paper_fig3_11node,inputs/task_graph_topology/custom/paper_fig3_11node.dot,/people/dass304/dass304/HWSWpartition/hw-sw-partition-metaheur/BatchExperiments/Ablation/diff_gnn_order_lssp_trace/paper_fig3_11node/seed-42/run-20260412-142043/config/paper_fig3_11node_seed-42_ablation.yaml,train,epoch,train,thresholded_partition,threshold,410,410.0,0,410,False,False,55.2701301574707,63.0,63.0,nan,nan,True,5,18.0,22.0,0.262,0.344,2284.427978515625,0.4985087215900421,nan,queue,queue,per_epoch_trace
paper_fig3_11node,inputs/task_graph_topology/custom/paper_fig3_11node.dot,/people/dass304/dass304/HWSWpartition/hw-sw-partition-metaheur/BatchExperiments/Ablation/diff_gnn_order_lssp_trace/paper_fig3_11node/seed-42/run-20260412-142043/config/paper_fig3_11node_seed-42_ablation.yaml,train,epoch,train,thresholded_partition,threshold,411,411.0,0,411,False,False,54.31585693359375,66.0,71.0,nan,nan,True,5,20.0,22.0,0.2602,0.34240000000000004,20669.2890625,0.5045397877693176,nan,queue,queue,per_epoch_trace
paper_fig3_11node,inputs/task_graph_topology/custom/paper_fig3_11node.dot,/people/dass304/dass304/HWSWpartition/hw-sw-partition-metaheur/BatchExperiments/Ablation/diff_gnn_order_lssp_trace/paper_fig3_11node/seed-42/run-20260412-142043/config/paper_fig3_11node_seed-42_ablation.yaml,train,epoch,train,thresholded_partition,threshold,412,412.0,0,412,False,False,67.42828369140625,64.0,64.0,nan,nan,True,2,7.0,22.0,0.2584000000000001,0.3408,30462.771484375,0.49448728561401367,nan,queue,queue,per_epoch_trace
paper_fig3_11node,inputs/task_graph_topology/custom/paper_fig3_11node.dot,/people/dass304/dass304/HWSWpartition/hw-sw-partition-metaheur/BatchExperiments/Ablation/diff_gnn_order_lssp_trace/paper_fig3_11node/seed-42/run-20260412-142043/config/paper_fig3_11node_seed-42_ablation.yaml,train,epoch,train,thresholded_partition,threshold,413,413.0,0,413,False,False,56.75754928588867,52.0,60.0,nan,nan,True,4,14.0,22.0,0.25660000000000005,0.33919999999999995,1340.0614013671875,0.49886947870254517,nan,queue,queue,per_epoch_trace
paper_fig3_11node,inputs/task_graph_topology/custom/paper_fig3_11node.dot,/people/dass304/dass304/HWSWpartition/hw-sw-partition-metaheur/BatchExperiments/Ablation/diff_gnn_order_lssp_trace/paper_fig3_11node/seed-42/run-20260412-142043/config/paper_fig3_11node_seed-42_ablation.yaml,train,epoch,train,thresholded_partition,threshold,414,414.0,0,414,False,False,63.106056213378906,41.0,32.0,nan,nan,False,7,30.0,22.0,0.2548,0.3376,161.94894409179688,0.5003059506416321,nan,queue,queue,per_epoch_trace
paper_fig3_11node,inputs/task_graph_topology/custom/paper_fig3_11node.dot,/people/dass304/dass304/HWSWpartition/hw-sw-partition-metaheur/BatchExperiments/Ablation/diff_gnn_order_lssp_trace/paper_fig3_11node/seed-42/run-20260412-142043/config/paper_fig3_11node_seed-42_ablation.yaml,train,epoch,train,thresholded_partition,threshold,415,415.0,0,415,False,False,58.97200393676758,47.0,52.0,nan,nan,False,7,30.0,22.0,0.253,0.33599999999999997,3161.361328125,0.4982401430606842,nan,queue,queue,per_epoch_trace
paper_fig3_11node,inputs/task_graph_topology/custom/paper_fig3_11node.dot,/people/dass304/dass304/HWSWpartition/hw-sw-partition-metaheur/BatchExperiments/Ablation/diff_gnn_order_lssp_trace/paper_fig3_11node/seed-42/run-20260412-142043/config/paper_fig3_11node_seed-42_ablation.yaml,train,epoch,train,thresholded_partition,threshold,416,416.0,0,416,False,False,51.76923751831055,30.0,30.0,nan,nan,False,10,41.0,22.0,0.2512,0.33440000000000003,13274.5390625,0.503635585308075,nan,queue,queue,per_epoch_trace
paper_fig3_11node,inputs/task_graph_topology/custom/paper_fig3_11node.dot,/people/dass304/dass304/HWSWpartition/hw-sw-partition-metaheur/BatchExperiments/Ablation/diff_gnn_order_lssp_trace/paper_fig3_11node/seed-42/run-20260412-142043/config/paper_fig3_11node_seed-42_ablation.yaml,train,epoch,train,thresholded_partition,threshold,417,417.0,0,417,False,False,60.67682647705078,55.0,55.0,nan,nan,True,4,16.0,22.0,0.24940000000000007,0.3328,4984.03125,0.49778231978416443,nan,queue,queue,per_epoch_trace
paper_fig3_11node,inputs/task_graph_topology/custom/paper_fig3_11node.dot,/people/dass304/dass304/HWSWpartition/hw-sw-partition-metaheur/BatchExperiments/Ablation/diff_gnn_order_lssp_trace/paper_fig3_11node/seed-42/run-20260412-142043/config/paper_fig3_11node_seed-42_ablation.yaml,train,epoch,train,thresholded_partition,threshold,418,418.0,0,418,False,False,63.698238372802734,51.0,51.0,nan,nan,True,5,20.0,22.0,0.24760000000000004,0.33119999999999994,124.47566986083984,0.49976444244384766,nan,queue,queue,per_epoch_trace
paper_fig3_11node,inputs/task_graph_topology/custom/paper_fig3_11node.dot,/people/dass304/dass304/HWSWpartition/hw-sw-partition-metaheur/BatchExperiments/Ablation/diff_gnn_order_lssp_trace/paper_fig3_11node/seed-42/run-20260412-142043/config/paper_fig3_11node_seed-42_ablation.yaml,train,epoch,train,thresholded_partition,threshold,419,419.0,0,419,False,False,62.571937561035156,51.0,60.0,nan,nan,False,7,27.0,22.0,0.24580000000000002,0.3296,7637.4814453125,0.5027512907981873,nan,queue,queue,per_epoch_trace
paper_fig3_11node,inputs/task_graph_topology/custom/paper_fig3_11node.dot,/people/dass304/dass304/HWSWpartition/hw-sw-partition-metaheur/BatchExperiments/Ablation/diff_gnn_order_lssp_trace/paper_fig3_11node/seed-42/run-20260412-142043/config/paper_fig3_11node_seed-42_ablation.yaml,train,epoch,train,thresholded_partition,threshold,420,420.0,0,420,False,False,62.730133056640625,53.0,53.0,nan,nan,True,5,19.0,22.0,0.244,0.32799999999999996,1479.1942138671875,0.4988120496273041,nan,queue,queue,per_epoch_trace
paper_fig3_11node,inputs/task_graph_topology/custom/paper_fig3_11node.dot,/people/dass304/dass304/HWSWpartition/hw-sw-partition-metaheur/BatchExperiments/Ablation/diff_gnn_order_lssp_trace/paper_fig3_11node/seed-42/run-20260412-142043/config/paper_fig3_11node_seed-42_ablation.yaml,train,epoch,train,thresholded_partition,threshold,421,421.0,0,421,False,False,57.91797637939453,49.0,50.0,nan,nan,True,4,17.0,22.0,0.24219999999999997,0.3264,3210.651611328125,0.5017741322517395,nan,queue,queue,per_epoch_trace
paper_fig3_11node,inputs/task_graph_topology/custom/paper_fig3_11node.dot,/people/dass304/dass304/HWSWpartition/hw-sw-partition-metaheur/BatchExperiments/Ablation/diff_gnn_order_lssp_trace/paper_fig3_11node/seed-42/run-20260412-142043/config/paper_fig3_11node_seed-42_ablation.yaml,train,epoch,train,thresholded_partition,threshold,422,422.0,0,422,False,False,64.74685668945312,39.0,39.0,nan,nan,True,4,16.0,22.0,0.24040000000000006,0.3248,6438.22705078125,0.4974764585494995,nan,queue,queue,per_epoch_trace
paper_fig3_11node,inputs/task_graph_topology/custom/paper_fig3_11node.dot,/people/dass304/dass304/HWSWpartition/hw-sw-partition-metaheur/BatchExperiments/Ablation/diff_gnn_order_lssp_trace/paper_fig3_11node/seed-42/run-20260412-142043/config/paper_fig3_11node_seed-42_ablation.yaml,train,epoch,train,thresholded_partition,threshold,423,423.0,0,423,False,False,65.88507080078125,46.0,46.0,nan,nan,False,7,30.0,22.0,0.23860000000000003,0.32319999999999993,157.39828491210938,0.4997064471244812,nan,queue,queue,per_epoch_trace
paper_fig3_11node,inputs/task_graph_topology/custom/paper_fig3_11node.dot,/people/dass304/dass304/HWSWpartition/hw-sw-partition-metaheur/BatchExperiments/Ablation/diff_gnn_order_lssp_trace/paper_fig3_11node/seed-42/run-20260412-142043/config/paper_fig3_11node_seed-42_ablation.yaml,train,epoch,train,thresholded_partition,threshold,424,424.0,0,424,False,False,55.985382080078125,45.0,49.0,nan,nan,True,3,12.0,22.0,0.2368,0.3216,38722.05078125,0.4937822222709656,nan,queue,queue,per_epoch_trace
paper_fig3_11node,inputs/task_graph_topology/custom/paper_fig3_11node.dot,/people/dass304/dass304/HWSWpartition/hw-sw-partition-metaheur/BatchExperiments/Ablation/diff_gnn_order_lssp_trace/paper_fig3_11node/seed-42/run-20260412-142043/config/paper_fig3_11node_seed-42_ablation.yaml,train,epoch,train,thresholded_partition,threshold,425,425.0,0,425,False,False,55.4428825378418,58.0,61.0,nan,nan,True,4,19.0,22.0,0.235,0.31999999999999995,762.6844482421875,0.49916213750839233,nan,queue,queue,per_epoch_trace
paper_fig3_11node,inputs/task_graph_topology/custom/paper_fig3_11node.dot,/people/dass304/dass304/HWSWpartition/hw-sw-partition-metaheur/BatchExperiments/Ablation/diff_gnn_order_lssp_trace/paper_fig3_11node/seed-42/run-20260412-142043/config/paper_fig3_11node_seed-42_ablation.yaml,train,epoch,train,thresholded_partition,threshold,426,426.0,0,426,False,False,55.951839447021484,66.0,70.0,nan,nan,False,5,23.0,22.0,0.23319999999999996,0.3184,72848.984375,0.5085315704345703,nan,queue,queue,per_epoch_trace
paper_fig3_11node,inputs/task_graph_topology/custom/paper_fig3_11node.dot,/people/dass304/dass304/HWSWpartition/hw-sw-partition-metaheur/BatchExperiments/Ablation/diff_gnn_order_lssp_trace/paper_fig3_11node/seed-42/run-20260412-142043/config/paper_fig3_11node_seed-42_ablation.yaml,train,epoch,train,thresholded_partition,threshold,427,427.0,0,427,False,False,62.48896026611328,40.0,43.0,nan,nan,True,3,11.0,22.0,0.23140000000000005,0.31679999999999997,1235.8238525390625,0.49891918897628784,nan,queue,queue,per_epoch_trace
paper_fig3_11node,inputs/task_graph_topology/custom/paper_fig3_11node.dot,/people/dass304/dass304/HWSWpartition/hw-sw-partition-metaheur/BatchExperiments/Ablation/diff_gnn_order_lssp_trace/paper_fig3_11node/seed-42/run-20260412-142043/config/paper_fig3_11node_seed-42_ablation.yaml,train,epoch,train,thresholded_partition,threshold,428,428.0,0,428,False,False,60.696773529052734,48.0,52.0,nan,nan,False,8,32.0,22.0,0.22960000000000003,0.3151999999999999,2104.238525390625,0.49857231974601746,nan,queue,queue,per_epoch_trace
paper_fig3_11node,inputs/task_graph_topology/custom/paper_fig3_11node.dot,/people/dass304/dass304/HWSWpartition/hw-sw-partition-metaheur/BatchExperiments/Ablation/diff_gnn_order_lssp_trace/paper_fig3_11node/seed-42/run-20260412-142043/config/paper_fig3_11node_seed-42_ablation.yaml,train,epoch,train,thresholded_partition,threshold,429,429.0,0,429,False,False,62.9799919128418,59.0,59.0,nan,nan,True,3,12.0,22.0,0.2278,0.3136,5118.50732421875,0.49775272607803345,nan,queue,queue,per_epoch_trace
paper_fig3_11node,inputs/task_graph_topology/custom/paper_fig3_11node.dot,/people/dass304/dass304/HWSWpartition/hw-sw-partition-metaheur/BatchExperiments/Ablation/diff_gnn_order_lssp_trace/paper_fig3_11node/seed-42/run-20260412-142043/config/paper_fig3_11node_seed-42_ablation.yaml,train,epoch,train,thresholded_partition,threshold,430,430.0,0,430,False,False,57.655799865722656,36.0,39.0,nan,nan,True,4,15.0,22.0,0.22599999999999998,0.31199999999999994,11697.9814453125,0.49658897519111633,nan,queue,queue,per_epoch_trace
paper_fig3_11node,inputs/task_graph_topology/custom/paper_fig3_11node.dot,/people/dass304/dass304/HWSWpartition/hw-sw-partition-metaheur/BatchExperiments/Ablation/diff_gnn_order_lssp_trace/paper_fig3_11node/seed-42/run-20260412-142043/config/paper_fig3_11node_seed-42_ablation.yaml,train,epoch,train,thresholded_partition,threshold,431,431.0,0,431,False,False,54.68754959106445,67.0,67.0,nan,nan,True,1,3.0,22.0,0.22419999999999995,0.3104,18695.033203125,0.4956831634044647,nan,queue,queue,per_epoch_trace
paper_fig3_11node,inputs/task_graph_topology/custom/paper_fig3_11node.dot,/people/dass304/dass304/HWSWpartition/hw-sw-partition-metaheur/BatchExperiments/Ablation/diff_gnn_order_lssp_trace/paper_fig3_11node/seed-42/run-20260412-142043/config/paper_fig3_11node_seed-42_ablation.yaml,train,epoch,train,thresholded_partition,threshold,432,432.0,0,432,False,False,68.53815460205078,46.0,49.0,nan,nan,False,6,25.0,22.0,0.22240000000000004,0.30879999999999996,159.3665771484375,0.5002925395965576,nan,queue,queue,per_epoch_trace
paper_fig3_11node,inputs/task_graph_topology/custom/paper_fig3_11node.dot,/people/dass304/dass304/HWSWpartition/hw-sw-partition-metaheur/BatchExperiments/Ablation/diff_gnn_order_lssp_trace/paper_fig3_11node/seed-42/run-20260412-142043/config/paper_fig3_11node_seed-42_ablation.yaml,train,epoch,train,thresholded_partition,threshold,433,433.0,0,433,False,False,54.59265899658203,40.0,43.0,nan,nan,False,7,26.0,22.0,0.22060000000000002,0.3071999999999999,4595.85400390625,0.49787020683288574,nan,queue,queue,per_epoch_trace
paper_fig3_11node,inputs/task_graph_topology/custom/paper_fig3_11node.dot,/people/dass304/dass304/HWSWpartition/hw-sw-partition-metaheur/BatchExperiments/Ablation/diff_gnn_order_lssp_trace/paper_fig3_11node/seed-42/run-20260412-142043/config/paper_fig3_11node_seed-42_ablation.yaml,train,epoch,train,thresholded_partition,threshold,434,434.0,0,434,False,False,73.71131134033203,46.0,49.0,nan,nan,False,6,27.0,22.0,0.2188,0.3056,471.3619079589844,0.49937358498573303,nan,queue,queue,per_epoch_trace
paper_fig3_11node,inputs/task_graph_topology/custom/paper_fig3_11node.dot,/people/dass304/dass304/HWSWpartition/hw-sw-partition-metaheur/BatchExperiments/Ablation/diff_gnn_order_lssp_trace/paper_fig3_11node/seed-42/run-20260412-142043/config/paper_fig3_11node_seed-42_ablation.yaml,train,epoch,train,thresholded_partition,threshold,435,435.0,0,435,False,False,60.668182373046875,40.0,41.0,nan,nan,False,6,28.0,22.0,0.21699999999999997,0.30399999999999994,3078.92529296875,0.5017358064651489,nan,queue,queue,per_epoch_trace
paper_fig3_11node,inputs/task_graph_topology/custom/paper_fig3_11node.dot,/people/dass304/dass304/HWSWpartition/hw-sw-partition-metaheur/BatchExperiments/Ablation/diff_gnn_order_lssp_trace/paper_fig3_11node/seed-42/run-20260412-142043/config/paper_fig3_11node_seed-42_ablation.yaml,train,epoch,train,thresholded_partition,threshold,436,436.0,0,436,False,False,64.2658920288086,53.0,54.0,nan,nan,False,6,25.0,22.0,0.21519999999999995,0.3024,74.6892318725586,0.5000713467597961,nan,queue,queue,per_epoch_trace
paper_fig3_11node,inputs/task_graph_topology/custom/paper_fig3_11node.dot,/people/dass304/dass304/HWSWpartition/hw-sw-partition-metaheur/BatchExperiments/Ablation/diff_gnn_order_lssp_trace/paper_fig3_11node/seed-42/run-20260412-142043/config/paper_fig3_11node_seed-42_ablation.yaml,train,epoch,train,thresholded_partition,threshold,437,437.0,0,437,False,False,60.346187591552734,39.0,40.0,nan,nan,False,6,26.0,22.0,0.21340000000000003,0.30079999999999996,4193.35546875,0.502031683921814,nan,queue,queue,per_epoch_trace
paper_fig3_11node,inputs/task_graph_topology/custom/paper_fig3_11node.dot,/people/dass304/dass304/HWSWpartition/hw-sw-partition-metaheur/BatchExperiments/Ablation/diff_gnn_order_lssp_trace/paper_fig3_11node/seed-42/run-20260412-142043/config/paper_fig3_11node_seed-42_ablation.yaml,train,epoch,train,thresholded_partition,threshold,438,438.0,0,438,False,False,68.5032730102539,62.0,62.0,nan,nan,False,6,26.0,22.0,0.2116,0.2991999999999999,4704.18115234375,0.5021518468856812,nan,queue,queue,per_epoch_trace
paper_fig3_11node,inputs/task_graph_topology/custom/paper_fig3_11node.dot,/people/dass304/dass304/HWSWpartition/hw-sw-partition-metaheur/BatchExperiments/Ablation/diff_gnn_order_lssp_trace/paper_fig3_11node/seed-42/run-20260412-142043/config/paper_fig3_11node_seed-42_ablation.yaml,train,epoch,train,thresholded_partition,threshold,439,439.0,0,439,False,False,71.3418960571289,58.0,65.0,nan,nan,False,6,24.0,22.0,0.2098,0.2976,7828.66162109375,0.502784252166748,nan,queue,queue,per_epoch_trace
paper_fig3_11node,inputs/task_graph_topology/custom/paper_fig3_11node.dot,/people/dass304/dass304/HWSWpartition/hw-sw-partition-metaheur/BatchExperiments/Ablation/diff_gnn_order_lssp_trace/paper_fig3_11node/seed-42/run-20260412-142043/config/paper_fig3_11node_seed-42_ablation.yaml,train,epoch,train,thresholded_partition,threshold,440,440.0,0,440,False,False,62.03668975830078,30.0,36.0,nan,nan,False,8,32.0,22.0,0.20799999999999996,0.29599999999999993,31793.32421875,0.5056325793266296,nan,queue,queue,per_epoch_trace
paper_fig3_11node,inputs/task_graph_topology/custom/paper_fig3_11node.dot,/people/dass304/dass304/HWSWpartition/hw-sw-partition-metaheur/BatchExperiments/Ablation/diff_gnn_order_lssp_trace/paper_fig3_11node/seed-42/run-20260412-142043/config/paper_fig3_11node_seed-42_ablation.yaml,train,epoch,train,thresholded_partition,threshold,441,441.0,0,441,False,False,70.25274658203125,36.0,39.0,nan,nan,True,4,15.0,22.0,0.20619999999999994,0.2944,3454.884765625,0.4981616735458374,nan,queue,queue,per_epoch_trace
paper_fig3_11node,inputs/task_graph_topology/custom/paper_fig3_11node.dot,/people/dass304/dass304/HWSWpartition/hw-sw-partition-metaheur/BatchExperiments/Ablation/diff_gnn_order_lssp_trace/paper_fig3_11node/seed-42/run-20260412-142043/config/paper_fig3_11node_seed-42_ablation.yaml,train,epoch,train,thresholded_partition,threshold,442,442.0,0,442,False,False,59.25554275512695,41.0,44.0,nan,nan,True,5,21.0,22.0,0.20440000000000003,0.29279999999999995,86.09652709960938,0.49985289573669434,nan,queue,queue,per_epoch_trace
paper_fig3_11node,inputs/task_graph_topology/custom/paper_fig3_11node.dot,/people/dass304/dass304/HWSWpartition/hw-sw-partition-metaheur/BatchExperiments/Ablation/diff_gnn_order_lssp_trace/paper_fig3_11node/seed-42/run-20260412-142043/config/paper_fig3_11node_seed-42_ablation.yaml,train,epoch,train,thresholded_partition,threshold,443,443.0,0,443,False,False,59.884437561035156,60.0,60.0,nan,nan,False,7,26.0,22.0,0.2026,0.2911999999999999,849.6516723632812,0.5008857250213623,nan,queue,queue,per_epoch_trace
paper_fig3_11node,inputs/task_graph_topology/custom/paper_fig3_11node.dot,/people/dass304/dass304/HWSWpartition/hw-sw-partition-metaheur/BatchExperiments/Ablation/diff_gnn_order_lssp_trace/paper_fig3_11node/seed-42/run-20260412-142043/config/paper_fig3_11node_seed-42_ablation.yaml,train,epoch,train,thresholded_partition,threshold,444,444.0,0,444,False,False,58.68095016479492,34.0,34.0,nan,nan,True,6,22.0,22.0,0.20079999999999998,0.28959999999999997,1275.813232421875,0.5011008381843567,nan,queue,queue,per_epoch_trace
paper_fig3_11node,inputs/task_graph_topology/custom/paper_fig3_11node.dot,/people/dass304/dass304/HWSWpartition/hw-sw-partition-metaheur/BatchExperiments/Ablation/diff_gnn_order_lssp_trace/paper_fig3_11node/seed-42/run-20260412-142043/config/paper_fig3_11node_seed-42_ablation.yaml,train,epoch,train,thresholded_partition,threshold,445,445.0,0,445,False,False,65.06622314453125,56.0,60.0,nan,nan,False,8,33.0,22.0,0.19899999999999995,0.2879999999999999,104043.1015625,0.5101966857910156,nan,queue,queue,per_epoch_trace
paper_fig3_11node,inputs/task_graph_topology/custom/paper_fig3_11node.dot,/people/dass304/dass304/HWSWpartition/hw-sw-partition-metaheur/BatchExperiments/Ablation/diff_gnn_order_lssp_trace/paper_fig3_11node/seed-42/run-20260412-142043/config/paper_fig3_11node_seed-42_ablation.yaml,train,epoch,train,thresholded_partition,threshold,446,446.0,0,446,False,False,54.32401657104492,45.0,47.0,nan,nan,False,6,23.0,22.0,0.19719999999999993,0.2864,489.5672607421875,0.49934422969818115,nan,queue,queue,per_epoch_trace
paper_fig3_11node,inputs/task_graph_topology/custom/paper_fig3_11node.dot,/people/dass304/dass304/HWSWpartition/hw-sw-partition-metaheur/BatchExperiments/Ablation/diff_gnn_order_lssp_trace/paper_fig3_11node/seed-42/run-20260412-142043/config/paper_fig3_11node_seed-42_ablation.yaml,train,epoch,train,thresholded_partition,threshold,447,447.0,0,447,False,False,55.8328971862793,40.0,38.0,nan,nan,False,6,23.0,22.0,0.19540000000000002,0.28479999999999994,4749.771484375,0.4978346526622772,nan,queue,queue,per_epoch_trace
paper_fig3_11node,inputs/task_graph_topology/custom/paper_fig3_11node.dot,/people/dass304/dass304/HWSWpartition/hw-sw-partition-metaheur/BatchExperiments/Ablation/diff_gnn_order_lssp_trace/paper_fig3_11node/seed-42/run-20260412-142043/config/paper_fig3_11node_seed-42_ablation.yaml,train,epoch,train,thresholded_partition,threshold,448,448.0,0,448,False,False,61.41834259033203,46.0,56.0,nan,nan,True,5,17.0,22.0,0.1936,0.2831999999999999,15178.6396484375,0.496112585067749,nan,queue,queue,per_epoch_trace
paper_fig3_11node,inputs/task_graph_topology/custom/paper_fig3_11node.dot,/people/dass304/dass304/HWSWpartition/hw-sw-partition-metaheur/BatchExperiments/Ablation/diff_gnn_order_lssp_trace/paper_fig3_11node/seed-42/run-20260412-142043/config/paper_fig3_11node_seed-42_ablation.yaml,train,epoch,train,thresholded_partition,threshold,449,449.0,0,449,False,False,56.83134841918945,43.0,53.0,nan,nan,False,7,30.0,22.0,0.19179999999999997,0.28159999999999996,18363.435546875,0.5042780041694641,nan,queue,queue,per_epoch_trace
paper_fig3_11node,inputs/task_graph_topology/custom/paper_fig3_11node.dot,/people/dass304/dass304/HWSWpartition/hw-sw-partition-metaheur/BatchExperiments/Ablation/diff_gnn_order_lssp_trace/paper_fig3_11node/seed-42/run-20260412-142043/config/paper_fig3_11node_seed-42_ablation.yaml,train,epoch,train,thresholded_partition,threshold,450,450.0,0,450,False,False,60.669158935546875,47.0,50.0,nan,nan,True,5,22.0,22.0,0.18999999999999995,0.2799999999999999,3478.751220703125,0.5018473863601685,nan,queue,queue,per_epoch_trace
paper_fig3_11node,inputs/task_graph_topology/custom/paper_fig3_11node.dot,/people/dass304/dass304/HWSWpartition/hw-sw-partition-metaheur/BatchExperiments/Ablation/diff_gnn_order_lssp_trace/paper_fig3_11node/seed-42/run-20260412-142043/config/paper_fig3_11node_seed-42_ablation.yaml,train,epoch,train,thresholded_partition,threshold,451,451.0,0,451,False,False,59.523529052734375,40.0,44.0,nan,nan,True,6,19.0,22.0,0.18819999999999992,0.2784,7478.09619140625,0.49727725982666016,nan,queue,queue,per_epoch_trace
paper_fig3_11node,inputs/task_graph_topology/custom/paper_fig3_11node.dot,/people/dass304/dass304/HWSWpartition/hw-sw-partition-metaheur/BatchExperiments/Ablation/diff_gnn_order_lssp_trace/paper_fig3_11node/seed-42/run-20260412-142043/config/paper_fig3_11node_seed-42_ablation.yaml,train,epoch,train,thresholded_partition,threshold,452,452.0,0,452,False,False,58.9738883972168,54.0,53.0,nan,nan,False,6,27.0,22.0,0.1864,0.27679999999999993,216.64942932128906,0.4996095597743988,nan,queue,queue,per_epoch_trace
paper_fig3_11node,inputs/task_graph_topology/custom/paper_fig3_11node.dot,/people/dass304/dass304/HWSWpartition/hw-sw-partition-metaheur/BatchExperiments/Ablation/diff_gnn_order_lssp_trace/paper_fig3_11node/seed-42/run-20260412-142043/config/paper_fig3_11node_seed-42_ablation.yaml,train,epoch,train,thresholded_partition,threshold,453,453.0,0,453,False,False,63.887847900390625,52.0,51.0,nan,nan,True,5,22.0,22.0,0.1846,0.2751999999999999,1398.6680908203125,0.49884694814682007,nan,queue,queue,per_epoch_trace
paper_fig3_11node,inputs/task_graph_topology/custom/paper_fig3_11node.dot,/people/dass304/dass304/HWSWpartition/hw-sw-partition-metaheur/BatchExperiments/Ablation/diff_gnn_order_lssp_trace/paper_fig3_11node/seed-42/run-20260412-142043/config/paper_fig3_11node_seed-42_ablation.yaml,train,epoch,train,thresholded_partition,threshold,454,454.0,0,454,False,False,55.54429244995117,60.0,62.0,nan,nan,True,4,19.0,22.0,0.18279999999999996,0.27359999999999995,2809.80810546875,0.501658022403717,nan,queue,queue,per_epoch_trace
paper_fig3_11node,inputs/task_graph_topology/custom/paper_fig3_11node.dot,/people/dass304/dass304/HWSWpartition/hw-sw-partition-metaheur/BatchExperiments/Ablation/diff_gnn_order_lssp_trace/paper_fig3_11node/seed-42/run-20260412-142043/config/paper_fig3_11node_seed-42_ablation.yaml,train,epoch,train,thresholded_partition,threshold,455,455.0,0,455,False,False,68.11756896972656,61.0,61.0,nan,nan,False,7,28.0,22.0,0.18099999999999994,0.2719999999999999,152.08047485351562,0.5002805590629578,nan,queue,queue,per_epoch_trace
paper_fig3_11node,inputs/task_graph_topology/custom/paper_fig3_11node.dot,/people/dass304/dass304/HWSWpartition/hw-sw-partition-metaheur/BatchExperiments/Ablation/diff_gnn_order_lssp_trace/paper_fig3_11node/seed-42/run-20260412-142043/config/paper_fig3_11node_seed-42_ablation.yaml,train,epoch,train,thresholded_partition,threshold,456,456.0,0,456,False,False,69.70050048828125,64.0,69.0,nan,nan,True,2,8.0,22.0,0.17919999999999991,0.2704,3994.65380859375,0.4980201721191406,nan,queue,queue,per_epoch_trace
paper_fig3_11node,inputs/task_graph_topology/custom/paper_fig3_11node.dot,/people/dass304/dass304/HWSWpartition/hw-sw-partition-metaheur/BatchExperiments/Ablation/diff_gnn_order_lssp_trace/paper_fig3_11node/seed-42/run-20260412-142043/config/paper_fig3_11node_seed-42_ablation.yaml,train,epoch,train,thresholded_partition,threshold,457,457.0,0,457,False,False,56.03254318237305,36.0,36.0,nan,nan,True,4,15.0,22.0,0.1774,0.26879999999999993,4453.68017578125,0.4979041814804077,nan,queue,queue,per_epoch_trace
paper_fig3_11node,inputs/task_graph_topology/custom/paper_fig3_11node.dot,/people/dass304/dass304/HWSWpartition/hw-sw-partition-metaheur/BatchExperiments/Ablation/diff_gnn_order_lssp_trace/paper_fig3_11node/seed-42/run-20260412-142043/config/paper_fig3_11node_seed-42_ablation.yaml,train,epoch,train,thresholded_partition,threshold,458,458.0,0,458,False,False,59.7818717956543,51.0,56.0,nan,nan,False,6,26.0,22.0,0.17559999999999998,0.2671999999999999,1871.4384765625,0.5013440251350403,nan,queue,queue,per_epoch_trace
paper_fig3_11node,inputs/task_graph_topology/custom/paper_fig3_11node.dot,/people/dass304/dass304/HWSWpartition/hw-sw-partition-metaheur/BatchExperiments/Ablation/diff_gnn_order_lssp_trace/paper_fig3_11node/seed-42/run-20260412-142043/config/paper_fig3_11node_seed-42_ablation.yaml,train,epoch,train,thresholded_partition,threshold,459,459.0,0,459,False,False,54.31694412231445,37.0,37.0,nan,nan,True,5,18.0,22.0,0.17379999999999995,0.26559999999999995,3542.487548828125,0.49813374876976013,nan,queue,queue,per_epoch_trace
paper_fig3_11node,inputs/task_graph_topology/custom/paper_fig3_11node.dot,/people/dass304/dass304/HWSWpartition/hw-sw-partition-metaheur/BatchExperiments/Ablation/diff_gnn_order_lssp_trace/paper_fig3_11node/seed-42/run-20260412-142043/config/paper_fig3_11node_seed-42_ablation.yaml,train,epoch,train,thresholded_partition,threshold,460,460.0,0,460,False,False,61.638587951660156,43.0,54.0,nan,nan,False,7,28.0,22.0,0.17199999999999993,0.2639999999999999,1273.0487060546875,0.5010982751846313,nan,queue,queue,per_epoch_trace
paper_fig3_11node,inputs/task_graph_topology/custom/paper_fig3_11node.dot,/people/dass304/dass304/HWSWpartition/hw-sw-partition-metaheur/BatchExperiments/Ablation/diff_gnn_order_lssp_trace/paper_fig3_11node/seed-42/run-20260412-142043/config/paper_fig3_11node_seed-42_ablation.yaml,train,epoch,train,thresholded_partition,threshold,461,461.0,0,461,False,False,67.0577163696289,55.0,63.0,nan,nan,True,4,15.0,22.0,0.1701999999999999,0.26239999999999997,19588.03125,0.49558234214782715,nan,queue,queue,per_epoch_trace
paper_fig3_11node,inputs/task_graph_topology/custom/paper_fig3_11node.dot,/people/dass304/dass304/HWSWpartition/hw-sw-partition-metaheur/BatchExperiments/Ablation/diff_gnn_order_lssp_trace/paper_fig3_11node/seed-42/run-20260412-142043/config/paper_fig3_11node_seed-42_ablation.yaml,train,epoch,train,thresholded_partition,threshold,462,462.0,0,462,False,False,60.2836799621582,60.0,60.0,nan,nan,False,7,26.0,22.0,0.1684,0.2607999999999999,398.7987976074219,0.5005772709846497,nan,queue,queue,per_epoch_trace
paper_fig3_11node,inputs/task_graph_topology/custom/paper_fig3_11node.dot,/people/dass304/dass304/HWSWpartition/hw-sw-partition-metaheur/BatchExperiments/Ablation/diff_gnn_order_lssp_trace/paper_fig3_11node/seed-42/run-20260412-142043/config/paper_fig3_11node_seed-42_ablation.yaml,train,epoch,train,thresholded_partition,threshold,463,463.0,0,463,False,False,61.9069938659668,35.0,38.0,nan,nan,True,5,15.0,22.0,0.16659999999999997,0.2591999999999999,9373.0947265625,0.4969494342803955,nan,queue,queue,per_epoch_trace
paper_fig3_11node,inputs/task_graph_topology/custom/paper_fig3_11node.dot,/people/dass304/dass304/HWSWpartition/hw-sw-partition-metaheur/BatchExperiments/Ablation/diff_gnn_order_lssp_trace/paper_fig3_11node/seed-42/run-20260412-142043/config/paper_fig3_11node_seed-42_ablation.yaml,train,epoch,train,thresholded_partition,threshold,464,464.0,0,464,False,False,57.299781799316406,67.0,67.0,nan,nan,True,1,3.0,22.0,0.16479999999999995,0.25759999999999994,69330.171875,0.49167728424072266,nan,queue,queue,per_epoch_trace
paper_fig3_11node,inputs/task_graph_topology/custom/paper_fig3_11node.dot,/people/dass304/dass304/HWSWpartition/hw-sw-partition-metaheur/BatchExperiments/Ablation/diff_gnn_order_lssp_trace/paper_fig3_11node/seed-42/run-20260412-142043/config/paper_fig3_11node_seed-42_ablation.yaml,train,epoch,train,thresholded_partition,threshold,465,465.0,0,465,False,False,57.21479415893555,54.0,53.0,nan,nan,True,5,21.0,22.0,0.16299999999999992,0.2559999999999999,770.533203125,0.5008414387702942,nan,queue,queue,per_epoch_trace
paper_fig3_11node,inputs/task_graph_topology/custom/paper_fig3_11node.dot,/people/dass304/dass304/HWSWpartition/hw-sw-partition-metaheur/BatchExperiments/Ablation/diff_gnn_order_lssp_trace/paper_fig3_11node/seed-42/run-20260412-142043/config/paper_fig3_11node_seed-42_ablation.yaml,train,epoch,train,thresholded_partition,threshold,466,466.0,0,466,False,False,67.00829315185547,58.0,60.0,nan,nan,True,3,10.0,22.0,0.1611999999999999,0.25439999999999996,31428.033203125,0.49440038204193115,nan,queue,queue,per_epoch_trace
paper_fig3_11node,inputs/task_graph_topology/custom/paper_fig3_11node.dot,/people/dass304/dass304/HWSWpartition/hw-sw-partition-metaheur/BatchExperiments/Ablation/diff_gnn_order_lssp_trace/paper_fig3_11node/seed-42/run-20260412-142043/config/paper_fig3_11node_seed-42_ablation.yaml,train,epoch,train,thresholded_partition,threshold,467,467.0,0,467,False,False,50.73895263671875,40.0,40.0,nan,nan,True,3,11.0,22.0,0.1594,0.2527999999999999,51753.2265625,0.492809921503067,nan,queue,queue,per_epoch_trace
paper_fig3_11node,inputs/task_graph_topology/custom/paper_fig3_11node.dot,/people/dass304/dass304/HWSWpartition/hw-sw-partition-metaheur/BatchExperiments/Ablation/diff_gnn_order_lssp_trace/paper_fig3_11node/seed-42/run-20260412-142043/config/paper_fig3_11node_seed-42_ablation.yaml,train,epoch,train,thresholded_partition,threshold,468,468.0,0,468,False,False,57.210811614990234,49.0,53.0,nan,nan,True,3,13.0,22.0,0.15759999999999996,0.25119999999999987,356.4798583984375,0.49945777654647827,nan,queue,queue,per_epoch_trace
paper_fig3_11node,inputs/task_graph_topology/custom/paper_fig3_11node.dot,/people/dass304/dass304/HWSWpartition/hw-sw-partition-metaheur/BatchExperiments/Ablation/diff_gnn_order_lssp_trace/paper_fig3_11node/seed-42/run-20260412-142043/config/paper_fig3_11node_seed-42_ablation.yaml,train,epoch,train,thresholded_partition,threshold,469,469.0,0,469,False,False,57.41840744018555,51.0,51.0,nan,nan,True,4,14.0,22.0,0.15580000000000005,0.24960000000000004,352.7621765136719,0.5005386471748352,nan,queue,queue,per_epoch_trace
paper_fig3_11node,inputs/task_graph_topology/custom/paper_fig3_11node.dot,/people/dass304/dass304/HWSWpartition/hw-sw-partition-metaheur/BatchExperiments/Ablation/diff_gnn_order_lssp_trace/paper_fig3_11node/seed-42/run-20260412-142043/config/paper_fig3_11node_seed-42_ablation.yaml,train,epoch,train,thresholded_partition,threshold,470,470.0,0,470,False,False,63.355445861816406,41.0,50.0,nan,nan,False,9,38.0,22.0,0.15400000000000003,0.248,33981.1015625,0.5058234333992004,nan,queue,queue,per_epoch_trace
paper_fig3_11node,inputs/task_graph_topology/custom/paper_fig3_11node.dot,/people/dass304/dass304/HWSWpartition/hw-sw-partition-metaheur/BatchExperiments/Ablation/diff_gnn_order_lssp_trace/paper_fig3_11node/seed-42/run-20260412-142043/config/paper_fig3_11node_seed-42_ablation.yaml,train,epoch,train,thresholded_partition,threshold,471,471.0,0,471,False,False,58.26850509643555,30.0,30.0,nan,nan,False,9,36.0,22.0,0.1522,0.24639999999999995,890.4764404296875,0.5009093880653381,nan,queue,queue,per_epoch_trace
paper_fig3_11node,inputs/task_graph_topology/custom/paper_fig3_11node.dot,/people/dass304/dass304/HWSWpartition/hw-sw-partition-metaheur/BatchExperiments/Ablation/diff_gnn_order_lssp_trace/paper_fig3_11node/seed-42/run-20260412-142043/config/paper_fig3_11node_seed-42_ablation.yaml,train,epoch,train,thresholded_partition,threshold,472,472.0,0,472,False,False,52.568817138671875,43.0,43.0,nan,nan,True,4,19.0,22.0,0.15039999999999998,0.24480000000000002,16816.71875,0.5040937662124634,nan,queue,queue,per_epoch_trace
paper_fig3_11node,inputs/task_graph_topology/custom/paper_fig3_11node.dot,/people/dass304/dass304/HWSWpartition/hw-sw-partition-metaheur/BatchExperiments/Ablation/diff_gnn_order_lssp_trace/paper_fig3_11node/seed-42/run-20260412-142043/config/paper_fig3_11node_seed-42_ablation.yaml,train,epoch,train,thresholded_partition,threshold,473,473.0,0,473,False,False,61.5408935546875,37.0,37.0,nan,nan,True,6,21.0,22.0,0.14860000000000007,0.24319999999999997,1277.5933837890625,0.4988996386528015,nan,queue,queue,per_epoch_trace
paper_fig3_11node,inputs/task_graph_topology/custom/paper_fig3_11node.dot,/people/dass304/dass304/HWSWpartition/hw-sw-partition-metaheur/BatchExperiments/Ablation/diff_gnn_order_lssp_trace/paper_fig3_11node/seed-42/run-20260412-142043/config/paper_fig3_11node_seed-42_ablation.yaml,train,epoch,train,thresholded_partition,threshold,474,474.0,0,474,False,False,51.92853546142578,44.0,49.0,nan,nan,True,4,20.0,22.0,0.14680000000000004,0.24160000000000004,1735.6334228515625,0.5012955665588379,nan,queue,queue,per_epoch_trace
paper_fig3_11node,inputs/task_graph_topology/custom/paper_fig3_11node.dot,/people/dass304/dass304/HWSWpartition/hw-sw-partition-metaheur/BatchExperiments/Ablation/diff_gnn_order_lssp_trace/paper_fig3_11node/seed-42/run-20260412-142043/config/paper_fig3_11node_seed-42_ablation.yaml,train,epoch,train,thresholded_partition,threshold,475,475.0,0,475,False,False,56.248634338378906,51.0,45.0,nan,nan,False,6,27.0,22.0,0.14500000000000002,0.24,2099.1787109375,0.5014274716377258,nan,queue,queue,per_epoch_trace
paper_fig3_11node,inputs/task_graph_topology/custom/paper_fig3_11node.dot,/people/dass304/dass304/HWSWpartition/hw-sw-partition-metaheur/BatchExperiments/Ablation/diff_gnn_order_lssp_trace/paper_fig3_11node/seed-42/run-20260412-142043/config/paper_fig3_11node_seed-42_ablation.yaml,train,epoch,train,thresholded_partition,threshold,476,476.0,0,476,False,False,67.67227935791016,53.0,58.0,nan,nan,True,5,18.0,22.0,0.1432,0.23839999999999995,1961.213134765625,0.49862584471702576,nan,queue,queue,per_epoch_trace
paper_fig3_11node,inputs/task_graph_topology/custom/paper_fig3_11node.dot,/people/dass304/dass304/HWSWpartition/hw-sw-partition-metaheur/BatchExperiments/Ablation/diff_gnn_order_lssp_trace/paper_fig3_11node/seed-42/run-20260412-142043/config/paper_fig3_11node_seed-42_ablation.yaml,train,epoch,train,thresholded_partition,threshold,477,477.0,0,477,False,False,60.265296936035156,30.0,30.0,nan,nan,False,7,31.0,22.0,0.14139999999999997,0.2368,4642.9501953125,0.5021395087242126,nan,queue,queue,per_epoch_trace
paper_fig3_11node,inputs/task_graph_topology/custom/paper_fig3_11node.dot,/people/dass304/dass304/HWSWpartition/hw-sw-partition-metaheur/BatchExperiments/Ablation/diff_gnn_order_lssp_trace/paper_fig3_11node/seed-42/run-20260412-142043/config/paper_fig3_11node_seed-42_ablation.yaml,train,epoch,train,thresholded_partition,threshold,478,478.0,0,478,False,False,58.053993225097656,37.0,44.0,nan,nan,False,7,29.0,22.0,0.13960000000000006,0.23519999999999996,65.44133758544922,0.499953031539917,nan,queue,queue,per_epoch_trace
paper_fig3_11node,inputs/task_graph_topology/custom/paper_fig3_11node.dot,/people/dass304/dass304/HWSWpartition/hw-sw-partition-metaheur/BatchExperiments/Ablation/diff_gnn_order_lssp_trace/paper_fig3_11node/seed-42/run-20260412-142043/config/paper_fig3_11node_seed-42_ablation.yaml,train,epoch,train,thresholded_partition,threshold,479,479.0,0,479,False,False,70.92321014404297,50.0,52.0,nan,nan,True,3,11.0,22.0,0.13780000000000003,0.23360000000000003,11592.013671875,0.4966064989566803,nan,queue,queue,per_epoch_trace
paper_fig3_11node,inputs/task_graph_topology/custom/paper_fig3_11node.dot,/people/dass304/dass304/HWSWpartition/hw-sw-partition-metaheur/BatchExperiments/Ablation/diff_gnn_order_lssp_trace/paper_fig3_11node/seed-42/run-20260412-142043/config/paper_fig3_11node_seed-42_ablation.yaml,train,epoch,train,thresholded_partition,threshold,480,480.0,0,480,False,False,58.06882858276367,39.0,37.0,nan,nan,True,5,20.0,22.0,0.136,0.23199999999999998,4214.2939453125,0.5020374059677124,nan,queue,queue,per_epoch_trace
paper_fig3_11node,inputs/task_graph_topology/custom/paper_fig3_11node.dot,/people/dass304/dass304/HWSWpartition/hw-sw-partition-metaheur/BatchExperiments/Ablation/diff_gnn_order_lssp_trace/paper_fig3_11node/seed-42/run-20260412-142043/config/paper_fig3_11node_seed-42_ablation.yaml,train,epoch,train,thresholded_partition,threshold,481,481.0,0,481,False,False,61.680355072021484,50.0,54.0,nan,nan,False,7,28.0,22.0,0.13419999999999999,0.23039999999999994,1704.720458984375,0.49872025847435,nan,queue,queue,per_epoch_trace
paper_fig3_11node,inputs/task_graph_topology/custom/paper_fig3_11node.dot,/people/dass304/dass304/HWSWpartition/hw-sw-partition-metaheur/BatchExperiments/Ablation/diff_gnn_order_lssp_trace/paper_fig3_11node/seed-42/run-20260412-142043/config/paper_fig3_11node_seed-42_ablation.yaml,train,epoch,train,thresholded_partition,threshold,482,482.0,0,482,False,False,60.54029083251953,41.0,50.0,nan,nan,False,9,38.0,22.0,0.13239999999999996,0.2288,13664.3837890625,0.5036876201629639,nan,queue,queue,per_epoch_trace
paper_fig3_11node,inputs/task_graph_topology/custom/paper_fig3_11node.dot,/people/dass304/dass304/HWSWpartition/hw-sw-partition-metaheur/BatchExperiments/Ablation/diff_gnn_order_lssp_trace/paper_fig3_11node/seed-42/run-20260412-142043/config/paper_fig3_11node_seed-42_ablation.yaml,train,epoch,train,thresholded_partition,threshold,483,483.0,0,483,False,False,64.79054260253906,40.0,40.0,nan,nan,False,6,28.0,22.0,0.13060000000000005,0.22719999999999996,6399.8681640625,0.5025159120559692,nan,queue,queue,per_epoch_trace
paper_fig3_11node,inputs/task_graph_topology/custom/paper_fig3_11node.dot,/people/dass304/dass304/HWSWpartition/hw-sw-partition-metaheur/BatchExperiments/Ablation/diff_gnn_order_lssp_trace/paper_fig3_11node/seed-42/run-20260412-142043/config/paper_fig3_11node_seed-42_ablation.yaml,train,epoch,train,thresholded_partition,threshold,484,484.0,0,484,False,False,58.40028762817383,54.0,54.0,nan,nan,True,4,19.0,22.0,0.12880000000000003,0.22560000000000002,9323.0947265625,0.5030429363250732,nan,queue,queue,per_epoch_trace
paper_fig3_11node,inputs/task_graph_topology/custom/paper_fig3_11node.dot,/people/dass304/dass304/HWSWpartition/hw-sw-partition-metaheur/BatchExperiments/Ablation/diff_gnn_order_lssp_trace/paper_fig3_11node/seed-42/run-20260412-142043/config/paper_fig3_11node_seed-42_ablation.yaml,train,epoch,train,thresholded_partition,threshold,485,485.0,0,485,False,False,59.7922477722168,47.0,54.0,nan,nan,True,6,21.0,22.0,0.127,0.22399999999999998,7810.0087890625,0.4972170293331146,nan,queue,queue,per_epoch_trace
paper_fig3_11node,inputs/task_graph_topology/custom/paper_fig3_11node.dot,/people/dass304/dass304/HWSWpartition/hw-sw-partition-metaheur/BatchExperiments/Ablation/diff_gnn_order_lssp_trace/paper_fig3_11node/seed-42/run-20260412-142043/config/paper_fig3_11node_seed-42_ablation.yaml,train,epoch,train,thresholded_partition,threshold,486,486.0,0,486,False,False,65.31816864013672,34.0,34.0,nan,nan,False,9,39.0,22.0,0.12519999999999998,0.22239999999999993,37878.5859375,0.5061488151550293,nan,queue,queue,per_epoch_trace
paper_fig3_11node,inputs/task_graph_topology/custom/paper_fig3_11node.dot,/people/dass304/dass304/HWSWpartition/hw-sw-partition-metaheur/BatchExperiments/Ablation/diff_gnn_order_lssp_trace/paper_fig3_11node/seed-42/run-20260412-142043/config/paper_fig3_11node_seed-42_ablation.yaml,train,epoch,train,thresholded_partition,threshold,487,487.0,0,487,False,False,66.97030639648438,39.0,36.0,nan,nan,False,6,25.0,22.0,0.12339999999999995,0.2208,9783.2119140625,0.503116250038147,nan,queue,queue,per_epoch_trace
paper_fig3_11node,inputs/task_graph_topology/custom/paper_fig3_11node.dot,/people/dass304/dass304/HWSWpartition/hw-sw-partition-metaheur/BatchExperiments/Ablation/diff_gnn_order_lssp_trace/paper_fig3_11node/seed-42/run-20260412-142043/config/paper_fig3_11node_seed-42_ablation.yaml,train,epoch,train,thresholded_partition,threshold,488,488.0,0,488,False,False,55.87139892578125,50.0,52.0,nan,nan,False,5,23.0,22.0,0.12160000000000004,0.21919999999999995,573.7796630859375,0.5007160305976868,nan,queue,queue,per_epoch_trace
paper_fig3_11node,inputs/task_graph_topology/custom/paper_fig3_11node.dot,/people/dass304/dass304/HWSWpartition/hw-sw-partition-metaheur/BatchExperiments/Ablation/diff_gnn_order_lssp_trace/paper_fig3_11node/seed-42/run-20260412-142043/config/paper_fig3_11node_seed-42_ablation.yaml,train,epoch,train,thresholded_partition,threshold,489,489.0,0,489,False,False,57.4443359375,59.0,59.0,nan,nan,True,3,9.0,22.0,0.11980000000000002,0.21760000000000002,29324.29296875,0.4945906102657318,nan,queue,queue,per_epoch_trace
paper_fig3_11node,inputs/task_graph_topology/custom/paper_fig3_11node.dot,/people/dass304/dass304/HWSWpartition/hw-sw-partition-metaheur/BatchExperiments/Ablation/diff_gnn_order_lssp_trace/paper_fig3_11node/seed-42/run-20260412-142043/config/paper_fig3_11node_seed-42_ablation.yaml,train,epoch,train,thresholded_partition,threshold,490,490.0,0,490,False,False,57.551692962646484,63.0,70.0,nan,nan,True,6,22.0,22.0,0.118,0.21599999999999997,64.81277465820312,0.49995657801628113,nan,queue,queue,per_epoch_trace
paper_fig3_11node,inputs/task_graph_topology/custom/paper_fig3_11node.dot,/people/dass304/dass304/HWSWpartition/hw-sw-partition-metaheur/BatchExperiments/Ablation/diff_gnn_order_lssp_trace/paper_fig3_11node/seed-42/run-20260412-142043/config/paper_fig3_11node_seed-42_ablation.yaml,train,epoch,train,thresholded_partition,threshold,491,491.0,0,491,False,False,62.70716094970703,67.0,67.0,nan,nan,True,1,3.0,22.0,0.11619999999999997,0.21439999999999992,291581.125,0.48292624950408936,nan,queue,queue,per_epoch_trace
paper_fig3_11node,inputs/task_graph_topology/custom/paper_fig3_11node.dot,/people/dass304/dass304/HWSWpartition/hw-sw-partition-metaheur/BatchExperiments/Ablation/diff_gnn_order_lssp_trace/paper_fig3_11node/seed-42/run-20260412-142043/config/paper_fig3_11node_seed-42_ablation.yaml,train,epoch,train,thresholded_partition,threshold,492,492.0,0,492,False,False,60.21003341674805,32.0,35.0,nan,nan,False,7,26.0,22.0,0.11439999999999995,0.2128,23401.611328125,0.4951692521572113,nan,queue,queue,per_epoch_trace
paper_fig3_11node,inputs/task_graph_topology/custom/paper_fig3_11node.dot,/people/dass304/dass304/HWSWpartition/hw-sw-partition-metaheur/BatchExperiments/Ablation/diff_gnn_order_lssp_trace/paper_fig3_11node/seed-42/run-20260412-142043/config/paper_fig3_11node_seed-42_ablation.yaml,train,epoch,train,thresholded_partition,threshold,493,493.0,0,493,False,False,54.86328887939453,49.0,53.0,nan,nan,True,2,8.0,22.0,0.11260000000000003,0.21119999999999994,17154.337890625,0.49586549401283264,nan,queue,queue,per_epoch_trace
paper_fig3_11node,inputs/task_graph_topology/custom/paper_fig3_11node.dot,/people/dass304/dass304/HWSWpartition/hw-sw-partition-metaheur/BatchExperiments/Ablation/diff_gnn_order_lssp_trace/paper_fig3_11node/seed-42/run-20260412-142043/config/paper_fig3_11node_seed-42_ablation.yaml,train,epoch,train,thresholded_partition,threshold,494,494.0,0,494,False,False,69.40013885498047,45.0,48.0,nan,nan,False,8,31.0,22.0,0.11080000000000001,0.2096,5763.2919921875,0.5023850798606873,nan,queue,queue,per_epoch_trace
paper_fig3_11node,inputs/task_graph_topology/custom/paper_fig3_11node.dot,/people/dass304/dass304/HWSWpartition/hw-sw-partition-metaheur/BatchExperiments/Ablation/diff_gnn_order_lssp_trace/paper_fig3_11node/seed-42/run-20260412-142043/config/paper_fig3_11node_seed-42_ablation.yaml,train,epoch,train,thresholded_partition,threshold,495,495.0,0,495,False,False,61.58993148803711,50.0,54.0,nan,nan,False,6,26.0,22.0,0.10899999999999999,0.20799999999999996,138.94395446777344,0.49973151087760925,nan,queue,queue,per_epoch_trace
paper_fig3_11node,inputs/task_graph_topology/custom/paper_fig3_11node.dot,/people/dass304/dass304/HWSWpartition/hw-sw-partition-metaheur/BatchExperiments/Ablation/diff_gnn_order_lssp_trace/paper_fig3_11node/seed-42/run-20260412-142043/config/paper_fig3_11node_seed-42_ablation.yaml,train,epoch,train,thresholded_partition,threshold,496,496.0,0,496,False,False,63.27126693725586,47.0,54.0,nan,nan,False,7,27.0,22.0,0.10719999999999996,0.20639999999999992,14791.5146484375,0.49616295099258423,nan,queue,queue,per_epoch_trace
paper_fig3_11node,inputs/task_graph_topology/custom/paper_fig3_11node.dot,/people/dass304/dass304/HWSWpartition/hw-sw-partition-metaheur/BatchExperiments/Ablation/diff_gnn_order_lssp_trace/paper_fig3_11node/seed-42/run-20260412-142043/config/paper_fig3_11node_seed-42_ablation.yaml,train,epoch,train,thresholded_partition,threshold,497,497.0,0,497,False,False,66.51775360107422,40.0,40.0,nan,nan,False,9,36.0,22.0,0.10539999999999994,0.20479999999999998,15245.359375,0.4961046874523163,nan,queue,queue,per_epoch_trace
paper_fig3_11node,inputs/task_graph_topology/custom/paper_fig3_11node.dot,/people/dass304/dass304/HWSWpartition/hw-sw-partition-metaheur/BatchExperiments/Ablation/diff_gnn_order_lssp_trace/paper_fig3_11node/seed-42/run-20260412-142043/config/paper_fig3_11node_seed-42_ablation.yaml,train,epoch,train,thresholded_partition,threshold,498,498.0,0,498,False,False,65.09107208251953,53.0,65.0,nan,nan,True,2,6.0,22.0,0.10360000000000003,0.20319999999999994,101222.7421875,0.4899425506591797,nan,queue,queue,per_epoch_trace
paper_fig3_11node,inputs/task_graph_topology/custom/paper_fig3_11node.dot,/people/dass304/dass304/HWSWpartition/hw-sw-partition-metaheur/BatchExperiments/Ablation/diff_gnn_order_lssp_trace/paper_fig3_11node/seed-42/run-20260412-142043/config/paper_fig3_11node_seed-42_ablation.yaml,train,epoch,train,thresholded_partition,threshold,499,499.0,0,499,False,False,62.096099853515625,34.0,34.0,nan,nan,False,6,27.0,22.0,0.1018,0.2016,5067.58544921875,0.5022361278533936,nan,queue,queue,per_epoch_trace
paper_fig3_11node,inputs/task_graph_topology/custom/paper_fig3_11node.dot,/people/dass304/dass304/HWSWpartition/hw-sw-partition-metaheur/BatchExperiments/Ablation/diff_gnn_order_lssp_trace/paper_fig3_11node/seed-42/run-20260412-142043/config/paper_fig3_11node_seed-42_ablation.yaml,train,epoch,train,thresholded_partition,threshold,500,500.0,0,500,False,True,60.989253997802734,47.0,47.0,nan,nan,False,7,26.0,22.0,0.1,0.2,26474.673828125,0.49486109614372253,nan,queue,queue,training_end
paper_fig3_11node,inputs/task_graph_topology/custom/paper_fig3_11node.dot,/people/dass304/dass304/HWSWpartition/hw-sw-partition-metaheur/BatchExperiments/Ablation/diff_gnn_order_lssp_trace/paper_fig3_11node/seed-42/run-20260412-142043/config/paper_fig3_11node_seed-42_ablation.yaml,postprocess,decode_selected,decode,placement,decode,500,500.25,0,0,False,False,nan,46.0,55.0,nan,nan,True,7,22.0,22.0,nan,nan,nan,nan,nan,queue,queue,decode_before_postprocess
paper_fig3_11node,inputs/task_graph_topology/custom/paper_fig3_11node.dot,/people/dass304/dass304/HWSWpartition/hw-sw-partition-metaheur/BatchExperiments/Ablation/diff_gnn_order_lssp_trace/paper_fig3_11node/seed-42/run-20260412-142043/config/paper_fig3_11node_seed-42_ablation.yaml,postprocess,start,decode,placement,static,500,501.25,1,0,False,False,nan,nan,nan,46.0,nan,True,7,22.0,22.0,nan,nan,nan,nan,nan,queue,queue,postprocess_trace
paper_fig3_11node,inputs/task_graph_topology/custom/paper_fig3_11node.dot,/people/dass304/dass304/HWSWpartition/hw-sw-partition-metaheur/BatchExperiments/Ablation/diff_gnn_order_lssp_trace/paper_fig3_11node/seed-42/run-20260412-142043/config/paper_fig3_11node_seed-42_ablation.yaml,postprocess,accepted,stage2,placement,static,500,502.25,2,1,True,False,nan,nan,nan,45.0,-1.0,True,6,20.0,22.0,nan,nan,nan,nan,nan,queue,queue,postprocess_trace
paper_fig3_11node,inputs/task_graph_topology/custom/paper_fig3_11node.dot,/people/dass304/dass304/HWSWpartition/hw-sw-partition-metaheur/BatchExperiments/Ablation/diff_gnn_order_lssp_trace/paper_fig3_11node/seed-42/run-20260412-142043/config/paper_fig3_11node_seed-42_ablation.yaml,postprocess,accepted,stage2,placement,static,500,503.25,3,2,True,False,nan,nan,nan,32.0,-13.0,True,6,21.0,22.0,nan,nan,nan,nan,nan,queue,queue,postprocess_trace
paper_fig3_11node,inputs/task_graph_topology/custom/paper_fig3_11node.dot,/people/dass304/dass304/HWSWpartition/hw-sw-partition-metaheur/BatchExperiments/Ablation/diff_gnn_order_lssp_trace/paper_fig3_11node/seed-42/run-20260412-142043/config/paper_fig3_11node_seed-42_ablation.yaml,postprocess,accepted,stage2,placement,static,500,504.25,4,3,True,False,nan,nan,nan,31.0,-1.0,True,6,22.0,22.0,nan,nan,nan,nan,nan,queue,queue,postprocess_trace
paper_fig3_11node,inputs/task_graph_topology/custom/paper_fig3_11node.dot,/people/dass304/dass304/HWSWpartition/hw-sw-partition-metaheur/BatchExperiments/Ablation/diff_gnn_order_lssp_trace/paper_fig3_11node/seed-42/run-20260412-142043/config/paper_fig3_11node_seed-42_ablation.yaml,postprocess,done,done,placement,static,500,505.25,5,5,False,False,nan,nan,nan,31.0,nan,True,6,22.0,22.0,nan,nan,nan,nan,nan,queue,queue,postprocess_trace
paper_fig3_11node,inputs/task_graph_topology/custom/paper_fig3_11node.dot,/people/dass304/dass304/HWSWpartition/hw-sw-partition-metaheur/BatchExperiments/Ablation/diff_gnn_order_lssp_trace/paper_fig3_11node/seed-42/run-20260412-142043/config/paper_fig3_11node_seed-42_ablation.yaml,final,selected_final,final,placement,final,500,506.25,6,0,False,False,nan,31.0,nan,31.0,nan,True,6,22.0,22.0,nan,nan,nan,nan,nan,queue,queue,selected_final_solution
