graph_name,graph_file,source_config,phase,event,stage,candidate_label,candidate_mode,epoch,global_step,operation_index,iteration,accepted,training_end,soft_seq_makespan,threshold_lssp_static,threshold_lssp_learned_swprio,postprocess_lssp_cost,delta_from_prev,threshold_partition_valid,threshold_hw_nodes,threshold_hw_area,threshold_budget,tau,order_tau,loss,area_frac,area_penalty,selection_metric_train,selection_metric_final,notes
squeeze_net_tosa,inputs/task_graph_topology/soda-benchmark-graphs/pytorch-graphs/squeeze_net_tosa.dot,/qfs/people/dass304/dass304/HWSWpartition/hw-sw-partition-metaheur/BatchExperiments/Ablation/diff_gnn_order_lssp_trace/squeeze_net_tosa/seed-42/run-20260412-135801/config/squeeze_net_tosa_seed-42_ablation.yaml,train,epoch,train,thresholded_partition,threshold,1,1.0,0,1,False,False,6382.14794921875,11772.26423932124,12595.443024411534,nan,nan,True,92,4745.5276706299455,4831.909135635894,0.9982,0.9984,638810.375,0.49723517894744873,nan,queue,queue,per_epoch_trace
squeeze_net_tosa,inputs/task_graph_topology/soda-benchmark-graphs/pytorch-graphs/squeeze_net_tosa.dot,/qfs/people/dass304/dass304/HWSWpartition/hw-sw-partition-metaheur/BatchExperiments/Ablation/diff_gnn_order_lssp_trace/squeeze_net_tosa/seed-42/run-20260412-135801/config/squeeze_net_tosa_seed-42_ablation.yaml,train,epoch,train,thresholded_partition,threshold,2,2.0,0,2,False,False,6181.5751953125,11390.46160376027,12391.882070288775,nan,nan,True,90,4824.095975913641,4831.909135635894,0.9964,0.9968,618765.5625,0.49705371260643005,nan,queue,queue,per_epoch_trace
squeeze_net_tosa,inputs/task_graph_topology/soda-benchmark-graphs/pytorch-graphs/squeeze_net_tosa.dot,/qfs/people/dass304/dass304/HWSWpartition/hw-sw-partition-metaheur/BatchExperiments/Ablation/diff_gnn_order_lssp_trace/squeeze_net_tosa/seed-42/run-20260412-135801/config/squeeze_net_tosa_seed-42_ablation.yaml,train,epoch,train,thresholded_partition,threshold,3,3.0,0,3,False,False,5943.861328125,11418.41033971111,12077.2826726746,nan,nan,False,96,5536.439905042705,4831.909135635894,0.9946,0.9952,594925.5625,0.5064627528190613,nan,queue,queue,per_epoch_trace
squeeze_net_tosa,inputs/task_graph_topology/soda-benchmark-graphs/pytorch-graphs/squeeze_net_tosa.dot,/qfs/people/dass304/dass304/HWSWpartition/hw-sw-partition-metaheur/BatchExperiments/Ablation/diff_gnn_order_lssp_trace/squeeze_net_tosa/seed-42/run-20260412-135801/config/squeeze_net_tosa_seed-42_ablation.yaml,train,epoch,train,thresholded_partition,threshold,4,4.0,0,4,False,False,5968.26513671875,11224.46515829065,12169.016521935568,nan,nan,False,90,5156.458657278837,4831.909135635894,0.9928,0.9936,597363.0625,0.502666711807251,nan,queue,queue,per_epoch_trace
squeeze_net_tosa,inputs/task_graph_topology/soda-benchmark-graphs/pytorch-graphs/squeeze_net_tosa.dot,/qfs/people/dass304/dass304/HWSWpartition/hw-sw-partition-metaheur/BatchExperiments/Ablation/diff_gnn_order_lssp_trace/squeeze_net_tosa/seed-42/run-20260412-135801/config/squeeze_net_tosa_seed-42_ablation.yaml,train,epoch,train,thresholded_partition,threshold,5,5.0,0,5,False,False,5857.25341796875,10177.082521821561,10842.174934935289,nan,nan,True,83,4478.674693287046,4831.909135635894,0.991,0.992,586238.6875,0.5013425946235657,nan,queue,queue,per_epoch_trace
squeeze_net_tosa,inputs/task_graph_topology/soda-benchmark-graphs/pytorch-graphs/squeeze_net_tosa.dot,/qfs/people/dass304/dass304/HWSWpartition/hw-sw-partition-metaheur/BatchExperiments/Ablation/diff_gnn_order_lssp_trace/squeeze_net_tosa/seed-42/run-20260412-135801/config/squeeze_net_tosa_seed-42_ablation.yaml,train,epoch,train,thresholded_partition,threshold,6,6.0,0,6,False,False,5971.49365234375,12795.542465644734,13593.131287591656,nan,nan,False,95,5150.354556235414,4831.909135635894,0.9892,0.9904,597658.6875,0.4990750849246979,nan,queue,queue,per_epoch_trace
squeeze_net_tosa,inputs/task_graph_topology/soda-benchmark-graphs/pytorch-graphs/squeeze_net_tosa.dot,/qfs/people/dass304/dass304/HWSWpartition/hw-sw-partition-metaheur/BatchExperiments/Ablation/diff_gnn_order_lssp_trace/squeeze_net_tosa/seed-42/run-20260412-135801/config/squeeze_net_tosa_seed-42_ablation.yaml,train,epoch,train,thresholded_partition,threshold,7,7.0,0,7,False,False,5714.27783203125,11589.842054855222,12717.345556243852,nan,nan,True,89,4629.500794597178,4831.909135635894,0.9874,0.9888,571919.4375,0.498427152633667,nan,queue,queue,per_epoch_trace
squeeze_net_tosa,inputs/task_graph_topology/soda-benchmark-graphs/pytorch-graphs/squeeze_net_tosa.dot,/qfs/people/dass304/dass304/HWSWpartition/hw-sw-partition-metaheur/BatchExperiments/Ablation/diff_gnn_order_lssp_trace/squeeze_net_tosa/seed-42/run-20260412-135801/config/squeeze_net_tosa_seed-42_ablation.yaml,train,epoch,train,thresholded_partition,threshold,8,8.0,0,8,False,False,5567.431640625,12667.994513234871,13369.663048385775,nan,nan,True,87,4558.67101543663,4831.909135635894,0.9856,0.9872,557222.0625,0.5004230737686157,nan,queue,queue,per_epoch_trace
squeeze_net_tosa,inputs/task_graph_topology/soda-benchmark-graphs/pytorch-graphs/squeeze_net_tosa.dot,/qfs/people/dass304/dass304/HWSWpartition/hw-sw-partition-metaheur/BatchExperiments/Ablation/diff_gnn_order_lssp_trace/squeeze_net_tosa/seed-42/run-20260412-135801/config/squeeze_net_tosa_seed-42_ablation.yaml,train,epoch,train,thresholded_partition,threshold,9,9.0,0,9,False,False,5648.38330078125,12197.557348713608,12606.61951647007,nan,nan,False,90,4839.82379335265,4831.909135635894,0.9838,0.9856,565325.5625,0.4977109730243683,nan,queue,queue,per_epoch_trace
squeeze_net_tosa,inputs/task_graph_topology/soda-benchmark-graphs/pytorch-graphs/squeeze_net_tosa.dot,/qfs/people/dass304/dass304/HWSWpartition/hw-sw-partition-metaheur/BatchExperiments/Ablation/diff_gnn_order_lssp_trace/squeeze_net_tosa/seed-42/run-20260412-135801/config/squeeze_net_tosa_seed-42_ablation.yaml,train,epoch,train,thresholded_partition,threshold,10,10.0,0,10,False,False,5584.77685546875,11210.083064711012,11298.705944499958,nan,nan,False,88,4908.165065157496,4831.909135635894,0.982,0.984,558950.6875,0.4992005527019501,nan,queue,queue,per_epoch_trace
squeeze_net_tosa,inputs/task_graph_topology/soda-benchmark-graphs/pytorch-graphs/squeeze_net_tosa.dot,/qfs/people/dass304/dass304/HWSWpartition/hw-sw-partition-metaheur/BatchExperiments/Ablation/diff_gnn_order_lssp_trace/squeeze_net_tosa/seed-42/run-20260412-135801/config/squeeze_net_tosa_seed-42_ablation.yaml,train,epoch,train,thresholded_partition,threshold,11,11.0,0,11,False,False,5519.99560546875,10649.56596482716,10871.426799429973,nan,nan,True,92,4699.748522692288,4831.909135635894,0.9802,0.9824,552480.0,0.4977690279483795,nan,queue,queue,per_epoch_trace
squeeze_net_tosa,inputs/task_graph_topology/soda-benchmark-graphs/pytorch-graphs/squeeze_net_tosa.dot,/qfs/people/dass304/dass304/HWSWpartition/hw-sw-partition-metaheur/BatchExperiments/Ablation/diff_gnn_order_lssp_trace/squeeze_net_tosa/seed-42/run-20260412-135801/config/squeeze_net_tosa_seed-42_ablation.yaml,train,epoch,train,thresholded_partition,threshold,12,12.0,0,12,False,False,5571.4345703125,11613.83695066097,12815.683412173206,nan,nan,False,96,4929.712861944982,4831.909135635894,0.9784,0.9808,557603.75,0.4970540702342987,nan,queue,queue,per_epoch_trace
squeeze_net_tosa,inputs/task_graph_topology/soda-benchmark-graphs/pytorch-graphs/squeeze_net_tosa.dot,/qfs/people/dass304/dass304/HWSWpartition/hw-sw-partition-metaheur/BatchExperiments/Ablation/diff_gnn_order_lssp_trace/squeeze_net_tosa/seed-42/run-20260412-135801/config/squeeze_net_tosa_seed-42_ablation.yaml,train,epoch,train,thresholded_partition,threshold,13,13.0,0,13,False,False,5373.30419921875,12498.077299212038,13164.189539670437,nan,nan,True,94,4823.981126541614,4831.909135635894,0.9766,0.9792,537781.0,0.49684256315231323,nan,queue,queue,per_epoch_trace
squeeze_net_tosa,inputs/task_graph_topology/soda-benchmark-graphs/pytorch-graphs/squeeze_net_tosa.dot,/qfs/people/dass304/dass304/HWSWpartition/hw-sw-partition-metaheur/BatchExperiments/Ablation/diff_gnn_order_lssp_trace/squeeze_net_tosa/seed-42/run-20260412-135801/config/squeeze_net_tosa_seed-42_ablation.yaml,train,epoch,train,thresholded_partition,threshold,14,14.0,0,14,False,False,5394.44482421875,10941.034257128522,11906.534512834512,nan,nan,True,88,4273.399838658739,4831.909135635894,0.9748,0.9776,539890.75,0.4976486265659332,nan,queue,queue,per_epoch_trace
squeeze_net_tosa,inputs/task_graph_topology/soda-benchmark-graphs/pytorch-graphs/squeeze_net_tosa.dot,/qfs/people/dass304/dass304/HWSWpartition/hw-sw-partition-metaheur/BatchExperiments/Ablation/diff_gnn_order_lssp_trace/squeeze_net_tosa/seed-42/run-20260412-135801/config/squeeze_net_tosa_seed-42_ablation.yaml,train,epoch,train,thresholded_partition,threshold,15,15.0,0,15,False,False,5472.65185546875,12429.790367336527,13489.210666324676,nan,nan,False,97,5388.945444181706,4831.909135635894,0.973,0.976,547717.875,0.5007510185241699,nan,queue,queue,per_epoch_trace
squeeze_net_tosa,inputs/task_graph_topology/soda-benchmark-graphs/pytorch-graphs/squeeze_net_tosa.dot,/qfs/people/dass304/dass304/HWSWpartition/hw-sw-partition-metaheur/BatchExperiments/Ablation/diff_gnn_order_lssp_trace/squeeze_net_tosa/seed-42/run-20260412-135801/config/squeeze_net_tosa_seed-42_ablation.yaml,train,epoch,train,thresholded_partition,threshold,16,16.0,0,16,False,False,5361.87841796875,10522.692262159317,11037.056479017197,nan,nan,False,104,5535.334966556065,4831.909135635894,0.9712,0.9744,536637.875,0.4991539716720581,nan,queue,queue,per_epoch_trace
squeeze_net_tosa,inputs/task_graph_topology/soda-benchmark-graphs/pytorch-graphs/squeeze_net_tosa.dot,/qfs/people/dass304/dass304/HWSWpartition/hw-sw-partition-metaheur/BatchExperiments/Ablation/diff_gnn_order_lssp_trace/squeeze_net_tosa/seed-42/run-20260412-135801/config/squeeze_net_tosa_seed-42_ablation.yaml,train,epoch,train,thresholded_partition,threshold,17,17.0,0,17,False,False,5315.52978515625,10547.401449229641,10949.295912616144,nan,nan,True,90,4827.694805356777,4831.909135635894,0.9694,0.9728,531991.5625,0.4989446997642517,nan,queue,queue,per_epoch_trace
squeeze_net_tosa,inputs/task_graph_topology/soda-benchmark-graphs/pytorch-graphs/squeeze_net_tosa.dot,/qfs/people/dass304/dass304/HWSWpartition/hw-sw-partition-metaheur/BatchExperiments/Ablation/diff_gnn_order_lssp_trace/squeeze_net_tosa/seed-42/run-20260412-135801/config/squeeze_net_tosa_seed-42_ablation.yaml,train,epoch,train,thresholded_partition,threshold,18,18.0,0,18,False,False,5265.36083984375,11981.353899742851,12864.201519756223,nan,nan,False,93,4973.698333853653,4831.909135635894,0.9676,0.9712,526970.9375,0.4995531439781189,nan,queue,queue,per_epoch_trace
squeeze_net_tosa,inputs/task_graph_topology/soda-benchmark-graphs/pytorch-graphs/squeeze_net_tosa.dot,/qfs/people/dass304/dass304/HWSWpartition/hw-sw-partition-metaheur/BatchExperiments/Ablation/diff_gnn_order_lssp_trace/squeeze_net_tosa/seed-42/run-20260412-135801/config/squeeze_net_tosa_seed-42_ablation.yaml,train,epoch,train,thresholded_partition,threshold,19,19.0,0,19,False,False,5289.91796875,13180.631036666811,14012.836032489677,nan,nan,False,94,5060.419895815804,4831.909135635894,0.9658,0.9696,529432.625,0.4983067810535431,nan,queue,queue,per_epoch_trace
squeeze_net_tosa,inputs/task_graph_topology/soda-benchmark-graphs/pytorch-graphs/squeeze_net_tosa.dot,/qfs/people/dass304/dass304/HWSWpartition/hw-sw-partition-metaheur/BatchExperiments/Ablation/diff_gnn_order_lssp_trace/squeeze_net_tosa/seed-42/run-20260412-135801/config/squeeze_net_tosa_seed-42_ablation.yaml,train,epoch,train,thresholded_partition,threshold,20,20.0,0,20,False,False,5239.982421875,10684.251277870597,11745.768490706125,nan,nan,False,93,4865.169832755654,4831.909135635894,0.964,0.968,524432.0625,0.4987294375896454,nan,queue,queue,per_epoch_trace
squeeze_net_tosa,inputs/task_graph_topology/soda-benchmark-graphs/pytorch-graphs/squeeze_net_tosa.dot,/qfs/people/dass304/dass304/HWSWpartition/hw-sw-partition-metaheur/BatchExperiments/Ablation/diff_gnn_order_lssp_trace/squeeze_net_tosa/seed-42/run-20260412-135801/config/squeeze_net_tosa_seed-42_ablation.yaml,train,epoch,train,thresholded_partition,threshold,21,21.0,0,21,False,False,5234.8564453125,10390.612202889894,11369.608300746591,nan,nan,False,108,5513.174590803081,4831.909135635894,0.9621999999999999,0.9664,523919.6875,0.4971783757209778,nan,queue,queue,per_epoch_trace
squeeze_net_tosa,inputs/task_graph_topology/soda-benchmark-graphs/pytorch-graphs/squeeze_net_tosa.dot,/qfs/people/dass304/dass304/HWSWpartition/hw-sw-partition-metaheur/BatchExperiments/Ablation/diff_gnn_order_lssp_trace/squeeze_net_tosa/seed-42/run-20260412-135801/config/squeeze_net_tosa_seed-42_ablation.yaml,train,epoch,train,thresholded_partition,threshold,22,22.0,0,22,False,False,5220.0751953125,11318.35790899439,12540.552486234752,nan,nan,False,101,5379.892266565835,4831.909135635894,0.9604,0.9648,522435.09375,0.49953392148017883,nan,queue,queue,per_epoch_trace
squeeze_net_tosa,inputs/task_graph_topology/soda-benchmark-graphs/pytorch-graphs/squeeze_net_tosa.dot,/qfs/people/dass304/dass304/HWSWpartition/hw-sw-partition-metaheur/BatchExperiments/Ablation/diff_gnn_order_lssp_trace/squeeze_net_tosa/seed-42/run-20260412-135801/config/squeeze_net_tosa_seed-42_ablation.yaml,train,epoch,train,thresholded_partition,threshold,23,23.0,0,23,False,False,5254.67529296875,11318.996972568877,11801.326515662036,nan,nan,False,106,5674.742829719461,4831.909135635894,0.9586,0.9632000000000001,525900.375,0.49977439641952515,nan,queue,queue,per_epoch_trace
squeeze_net_tosa,inputs/task_graph_topology/soda-benchmark-graphs/pytorch-graphs/squeeze_net_tosa.dot,/qfs/people/dass304/dass304/HWSWpartition/hw-sw-partition-metaheur/BatchExperiments/Ablation/diff_gnn_order_lssp_trace/squeeze_net_tosa/seed-42/run-20260412-135801/config/squeeze_net_tosa_seed-42_ablation.yaml,train,epoch,train,thresholded_partition,threshold,24,24.0,0,24,False,False,5189.40478515625,10793.458170977035,11546.037143074085,nan,nan,False,96,5146.033945687516,4831.909135635894,0.9568,0.9616,519366.0625,0.4999905526638031,nan,queue,queue,per_epoch_trace
squeeze_net_tosa,inputs/task_graph_topology/soda-benchmark-graphs/pytorch-graphs/squeeze_net_tosa.dot,/qfs/people/dass304/dass304/HWSWpartition/hw-sw-partition-metaheur/BatchExperiments/Ablation/diff_gnn_order_lssp_trace/squeeze_net_tosa/seed-42/run-20260412-135801/config/squeeze_net_tosa_seed-42_ablation.yaml,train,epoch,train,thresholded_partition,threshold,25,25.0,0,25,False,False,5267.4033203125,10572.461444844192,10803.631061220596,nan,nan,False,112,6061.148805349062,4831.909135635894,0.955,0.96,527169.4375,0.5012189745903015,nan,queue,queue,per_epoch_trace
squeeze_net_tosa,inputs/task_graph_topology/soda-benchmark-graphs/pytorch-graphs/squeeze_net_tosa.dot,/qfs/people/dass304/dass304/HWSWpartition/hw-sw-partition-metaheur/BatchExperiments/Ablation/diff_gnn_order_lssp_trace/squeeze_net_tosa/seed-42/run-20260412-135801/config/squeeze_net_tosa_seed-42_ablation.yaml,train,epoch,train,thresholded_partition,threshold,26,26.0,0,26,False,False,5243.92578125,10472.41772745002,10628.045361272836,nan,nan,False,99,5499.218216569306,4831.909135635894,0.9532,0.9584,524817.25,0.4996843934059143,nan,queue,queue,per_epoch_trace
squeeze_net_tosa,inputs/task_graph_topology/soda-benchmark-graphs/pytorch-graphs/squeeze_net_tosa.dot,/qfs/people/dass304/dass304/HWSWpartition/hw-sw-partition-metaheur/BatchExperiments/Ablation/diff_gnn_order_lssp_trace/squeeze_net_tosa/seed-42/run-20260412-135801/config/squeeze_net_tosa_seed-42_ablation.yaml,train,epoch,train,thresholded_partition,threshold,27,27.0,0,27,False,False,5187.17333984375,11641.153019307076,12077.397966258257,nan,nan,False,109,5569.5168603782,4831.909135635894,0.9514,0.9568,519140.71875,0.49816375970840454,nan,queue,queue,per_epoch_trace
squeeze_net_tosa,inputs/task_graph_topology/soda-benchmark-graphs/pytorch-graphs/squeeze_net_tosa.dot,/qfs/people/dass304/dass304/HWSWpartition/hw-sw-partition-metaheur/BatchExperiments/Ablation/diff_gnn_order_lssp_trace/squeeze_net_tosa/seed-42/run-20260412-135801/config/squeeze_net_tosa_seed-42_ablation.yaml,train,epoch,train,thresholded_partition,threshold,28,28.0,0,28,False,False,5168.10107421875,11631.604582819065,11968.638240068443,nan,nan,False,112,5880.404208257977,4831.909135635894,0.9496,0.9552,517232.9375,0.49979156255722046,nan,queue,queue,per_epoch_trace
squeeze_net_tosa,inputs/task_graph_topology/soda-benchmark-graphs/pytorch-graphs/squeeze_net_tosa.dot,/qfs/people/dass304/dass304/HWSWpartition/hw-sw-partition-metaheur/BatchExperiments/Ablation/diff_gnn_order_lssp_trace/squeeze_net_tosa/seed-42/run-20260412-135801/config/squeeze_net_tosa_seed-42_ablation.yaml,train,epoch,train,thresholded_partition,threshold,29,29.0,0,29,False,False,5183.91162109375,8240.002293882313,8320.873387978152,nan,nan,False,122,6605.489945415011,4831.909135635894,0.9478,0.9536,518814.9375,0.49932289123535156,nan,queue,queue,per_epoch_trace
squeeze_net_tosa,inputs/task_graph_topology/soda-benchmark-graphs/pytorch-graphs/squeeze_net_tosa.dot,/qfs/people/dass304/dass304/HWSWpartition/hw-sw-partition-metaheur/BatchExperiments/Ablation/diff_gnn_order_lssp_trace/squeeze_net_tosa/seed-42/run-20260412-135801/config/squeeze_net_tosa_seed-42_ablation.yaml,train,epoch,train,thresholded_partition,threshold,30,30.0,0,30,False,False,5137.22314453125,11691.167564684769,11853.57252414641,nan,nan,False,103,5517.510355212699,4831.909135635894,0.946,0.952,514143.46875,0.4988989233970642,nan,queue,queue,per_epoch_trace
squeeze_net_tosa,inputs/task_graph_topology/soda-benchmark-graphs/pytorch-graphs/squeeze_net_tosa.dot,/qfs/people/dass304/dass304/HWSWpartition/hw-sw-partition-metaheur/BatchExperiments/Ablation/diff_gnn_order_lssp_trace/squeeze_net_tosa/seed-42/run-20260412-135801/config/squeeze_net_tosa_seed-42_ablation.yaml,train,epoch,train,thresholded_partition,threshold,31,31.0,0,31,False,False,5148.48095703125,11045.918372469474,11533.593661389925,nan,nan,False,108,6097.094131691111,4831.909135635894,0.9442,0.9504,515263.4375,0.5004647374153137,nan,queue,queue,per_epoch_trace
squeeze_net_tosa,inputs/task_graph_topology/soda-benchmark-graphs/pytorch-graphs/squeeze_net_tosa.dot,/qfs/people/dass304/dass304/HWSWpartition/hw-sw-partition-metaheur/BatchExperiments/Ablation/diff_gnn_order_lssp_trace/squeeze_net_tosa/seed-42/run-20260412-135801/config/squeeze_net_tosa_seed-42_ablation.yaml,train,epoch,train,thresholded_partition,threshold,32,32.0,0,32,False,False,5146.0986328125,10850.499909879187,11561.927484525508,nan,nan,False,116,6563.827162787429,4831.909135635894,0.9424,0.9488,515037.15625,0.49966928362846375,nan,queue,queue,per_epoch_trace
squeeze_net_tosa,inputs/task_graph_topology/soda-benchmark-graphs/pytorch-graphs/squeeze_net_tosa.dot,/qfs/people/dass304/dass304/HWSWpartition/hw-sw-partition-metaheur/BatchExperiments/Ablation/diff_gnn_order_lssp_trace/squeeze_net_tosa/seed-42/run-20260412-135801/config/squeeze_net_tosa_seed-42_ablation.yaml,train,epoch,train,thresholded_partition,threshold,33,33.0,0,33,False,False,5120.80419921875,9019.08848174065,9487.177693094978,nan,nan,False,123,6651.299112201184,4831.909135635894,0.9406,0.9472,512497.875,0.5002618432044983,nan,queue,queue,per_epoch_trace
squeeze_net_tosa,inputs/task_graph_topology/soda-benchmark-graphs/pytorch-graphs/squeeze_net_tosa.dot,/qfs/people/dass304/dass304/HWSWpartition/hw-sw-partition-metaheur/BatchExperiments/Ablation/diff_gnn_order_lssp_trace/squeeze_net_tosa/seed-42/run-20260412-135801/config/squeeze_net_tosa_seed-42_ablation.yaml,train,epoch,train,thresholded_partition,threshold,34,34.0,0,34,False,False,5131.3720703125,12883.13819894904,13974.735146284605,nan,nan,False,121,6395.5759431415845,4831.909135635894,0.9388,0.9456,513553.65625,0.4999654293060303,nan,queue,queue,per_epoch_trace
squeeze_net_tosa,inputs/task_graph_topology/soda-benchmark-graphs/pytorch-graphs/squeeze_net_tosa.dot,/qfs/people/dass304/dass304/HWSWpartition/hw-sw-partition-metaheur/BatchExperiments/Ablation/diff_gnn_order_lssp_trace/squeeze_net_tosa/seed-42/run-20260412-135801/config/squeeze_net_tosa_seed-42_ablation.yaml,train,epoch,train,thresholded_partition,threshold,35,35.0,0,35,False,False,5150.25732421875,10899.0988042945,11202.431902507175,nan,nan,False,113,6123.307658300228,4831.909135635894,0.9369999999999999,0.944,515442.71875,0.49931055307388306,nan,queue,queue,per_epoch_trace
squeeze_net_tosa,inputs/task_graph_topology/soda-benchmark-graphs/pytorch-graphs/squeeze_net_tosa.dot,/qfs/people/dass304/dass304/HWSWpartition/hw-sw-partition-metaheur/BatchExperiments/Ablation/diff_gnn_order_lssp_trace/squeeze_net_tosa/seed-42/run-20260412-135801/config/squeeze_net_tosa_seed-42_ablation.yaml,train,epoch,train,thresholded_partition,threshold,36,36.0,0,36,False,False,5121.55419921875,11570.961257483823,11817.989970981913,nan,nan,False,91,5153.854602895781,4831.909135635894,0.9352,0.9424,512567.5,0.49965399503707886,nan,queue,queue,per_epoch_trace
squeeze_net_tosa,inputs/task_graph_topology/soda-benchmark-graphs/pytorch-graphs/squeeze_net_tosa.dot,/qfs/people/dass304/dass304/HWSWpartition/hw-sw-partition-metaheur/BatchExperiments/Ablation/diff_gnn_order_lssp_trace/squeeze_net_tosa/seed-42/run-20260412-135801/config/squeeze_net_tosa_seed-42_ablation.yaml,train,epoch,train,thresholded_partition,threshold,37,37.0,0,37,False,False,5147.107421875,12890.876732172073,13434.82144910253,nan,nan,False,94,5276.942353168481,4831.909135635894,0.9334,0.9408,515122.6875,0.4995010793209076,nan,queue,queue,per_epoch_trace
squeeze_net_tosa,inputs/task_graph_topology/soda-benchmark-graphs/pytorch-graphs/squeeze_net_tosa.dot,/qfs/people/dass304/dass304/HWSWpartition/hw-sw-partition-metaheur/BatchExperiments/Ablation/diff_gnn_order_lssp_trace/squeeze_net_tosa/seed-42/run-20260412-135801/config/squeeze_net_tosa_seed-42_ablation.yaml,train,epoch,train,thresholded_partition,threshold,38,38.0,0,38,False,False,5109.2548828125,11274.6114689482,11332.12284498817,nan,nan,False,108,6159.710198050184,4831.909135635894,0.9316,0.9392,511344.15625,0.5006248950958252,nan,queue,queue,per_epoch_trace
squeeze_net_tosa,inputs/task_graph_topology/soda-benchmark-graphs/pytorch-graphs/squeeze_net_tosa.dot,/qfs/people/dass304/dass304/HWSWpartition/hw-sw-partition-metaheur/BatchExperiments/Ablation/diff_gnn_order_lssp_trace/squeeze_net_tosa/seed-42/run-20260412-135801/config/squeeze_net_tosa_seed-42_ablation.yaml,train,epoch,train,thresholded_partition,threshold,39,39.0,0,39,False,False,5138.16357421875,10544.633450717742,10804.429820854635,nan,nan,False,115,6404.386947645348,4831.909135635894,0.9298,0.9376,514230.34375,0.49930211901664734,nan,queue,queue,per_epoch_trace
squeeze_net_tosa,inputs/task_graph_topology/soda-benchmark-graphs/pytorch-graphs/squeeze_net_tosa.dot,/qfs/people/dass304/dass304/HWSWpartition/hw-sw-partition-metaheur/BatchExperiments/Ablation/diff_gnn_order_lssp_trace/squeeze_net_tosa/seed-42/run-20260412-135801/config/squeeze_net_tosa_seed-42_ablation.yaml,train,epoch,train,thresholded_partition,threshold,40,40.0,0,40,False,False,5109.138671875,8971.680241252809,9677.71507714497,nan,nan,False,115,6266.087480086876,4831.909135635894,0.9279999999999999,0.9359999999999999,511327.6875,0.4994499683380127,nan,queue,queue,per_epoch_trace
squeeze_net_tosa,inputs/task_graph_topology/soda-benchmark-graphs/pytorch-graphs/squeeze_net_tosa.dot,/qfs/people/dass304/dass304/HWSWpartition/hw-sw-partition-metaheur/BatchExperiments/Ablation/diff_gnn_order_lssp_trace/squeeze_net_tosa/seed-42/run-20260412-135801/config/squeeze_net_tosa_seed-42_ablation.yaml,train,epoch,train,thresholded_partition,threshold,41,41.0,0,41,False,False,5075.5234375,9995.266983604919,10543.866702159292,nan,nan,False,127,6947.14564399629,4831.909135635894,0.9262,0.9344,507963.90625,0.49908435344696045,nan,queue,queue,per_epoch_trace
squeeze_net_tosa,inputs/task_graph_topology/soda-benchmark-graphs/pytorch-graphs/squeeze_net_tosa.dot,/qfs/people/dass304/dass304/HWSWpartition/hw-sw-partition-metaheur/BatchExperiments/Ablation/diff_gnn_order_lssp_trace/squeeze_net_tosa/seed-42/run-20260412-135801/config/squeeze_net_tosa_seed-42_ablation.yaml,train,epoch,train,thresholded_partition,threshold,42,42.0,0,42,False,False,5086.6611328125,9428.024208791141,9431.079068802295,nan,nan,False,112,6079.055322900304,4831.909135635894,0.9244,0.9328,509079.71875,0.49895378947257996,nan,queue,queue,per_epoch_trace
squeeze_net_tosa,inputs/task_graph_topology/soda-benchmark-graphs/pytorch-graphs/squeeze_net_tosa.dot,/qfs/people/dass304/dass304/HWSWpartition/hw-sw-partition-metaheur/BatchExperiments/Ablation/diff_gnn_order_lssp_trace/squeeze_net_tosa/seed-42/run-20260412-135801/config/squeeze_net_tosa_seed-42_ablation.yaml,train,epoch,train,thresholded_partition,threshold,43,43.0,0,43,False,False,5071.92822265625,7732.098593481659,7878.775682208657,nan,nan,False,122,6598.477651341563,4831.909135635894,0.9226,0.9312,507604.4375,0.4984552264213562,nan,queue,queue,per_epoch_trace
squeeze_net_tosa,inputs/task_graph_topology/soda-benchmark-graphs/pytorch-graphs/squeeze_net_tosa.dot,/qfs/people/dass304/dass304/HWSWpartition/hw-sw-partition-metaheur/BatchExperiments/Ablation/diff_gnn_order_lssp_trace/squeeze_net_tosa/seed-42/run-20260412-135801/config/squeeze_net_tosa_seed-42_ablation.yaml,train,epoch,train,thresholded_partition,threshold,44,44.0,0,44,False,False,5094.20263671875,9471.374053278894,10550.593018048436,nan,nan,False,118,6486.39341663728,4831.909135635894,0.9208000000000001,0.9296,509828.875,0.49924471974372864,nan,queue,queue,per_epoch_trace
squeeze_net_tosa,inputs/task_graph_topology/soda-benchmark-graphs/pytorch-graphs/squeeze_net_tosa.dot,/qfs/people/dass304/dass304/HWSWpartition/hw-sw-partition-metaheur/BatchExperiments/Ablation/diff_gnn_order_lssp_trace/squeeze_net_tosa/seed-42/run-20260412-135801/config/squeeze_net_tosa_seed-42_ablation.yaml,train,epoch,train,thresholded_partition,threshold,45,45.0,0,45,False,False,5065.46337890625,8433.263429023564,8444.825309612923,nan,nan,False,126,6563.011185665293,4831.909135635894,0.919,0.928,506956.09375,0.4990760087966919,nan,queue,queue,per_epoch_trace
squeeze_net_tosa,inputs/task_graph_topology/soda-benchmark-graphs/pytorch-graphs/squeeze_net_tosa.dot,/qfs/people/dass304/dass304/HWSWpartition/hw-sw-partition-metaheur/BatchExperiments/Ablation/diff_gnn_order_lssp_trace/squeeze_net_tosa/seed-42/run-20260412-135801/config/squeeze_net_tosa_seed-42_ablation.yaml,train,epoch,train,thresholded_partition,threshold,46,46.0,0,46,False,False,5132.72412109375,8462.46270230007,8782.834395566204,nan,nan,False,118,6644.790513438089,4831.909135635894,0.9172,0.9264,513683.25,0.49962225556373596,nan,queue,queue,per_epoch_trace
squeeze_net_tosa,inputs/task_graph_topology/soda-benchmark-graphs/pytorch-graphs/squeeze_net_tosa.dot,/qfs/people/dass304/dass304/HWSWpartition/hw-sw-partition-metaheur/BatchExperiments/Ablation/diff_gnn_order_lssp_trace/squeeze_net_tosa/seed-42/run-20260412-135801/config/squeeze_net_tosa_seed-42_ablation.yaml,train,epoch,train,thresholded_partition,threshold,47,47.0,0,47,False,False,5084.44287109375,9632.4747507447,9873.927208976827,nan,nan,False,118,6433.358535035216,4831.909135635894,0.9154,0.9248,508854.25,0.4989176094532013,nan,queue,queue,per_epoch_trace
squeeze_net_tosa,inputs/task_graph_topology/soda-benchmark-graphs/pytorch-graphs/squeeze_net_tosa.dot,/qfs/people/dass304/dass304/HWSWpartition/hw-sw-partition-metaheur/BatchExperiments/Ablation/diff_gnn_order_lssp_trace/squeeze_net_tosa/seed-42/run-20260412-135801/config/squeeze_net_tosa_seed-42_ablation.yaml,train,epoch,train,thresholded_partition,threshold,48,48.0,0,48,False,False,5075.287109375,10771.274383341768,11022.664514038424,nan,nan,False,127,6752.590936941695,4831.909135635894,0.9136,0.9232,507937.875,0.49887171387672424,nan,queue,queue,per_epoch_trace
squeeze_net_tosa,inputs/task_graph_topology/soda-benchmark-graphs/pytorch-graphs/squeeze_net_tosa.dot,/qfs/people/dass304/dass304/HWSWpartition/hw-sw-partition-metaheur/BatchExperiments/Ablation/diff_gnn_order_lssp_trace/squeeze_net_tosa/seed-42/run-20260412-135801/config/squeeze_net_tosa_seed-42_ablation.yaml,train,epoch,train,thresholded_partition,threshold,49,49.0,0,49,False,False,5098.46484375,10625.873029421846,10780.550307429714,nan,nan,False,114,5986.268867480193,4831.909135635894,0.9117999999999999,0.9216,510256.625,0.49879300594329834,nan,queue,queue,per_epoch_trace
squeeze_net_tosa,inputs/task_graph_topology/soda-benchmark-graphs/pytorch-graphs/squeeze_net_tosa.dot,/qfs/people/dass304/dass304/HWSWpartition/hw-sw-partition-metaheur/BatchExperiments/Ablation/diff_gnn_order_lssp_trace/squeeze_net_tosa/seed-42/run-20260412-135801/config/squeeze_net_tosa_seed-42_ablation.yaml,train,epoch,train,thresholded_partition,threshold,50,50.0,0,50,False,False,5065.9736328125,11086.659093091499,11755.972484255219,nan,nan,False,115,6097.414970588917,4831.909135635894,0.91,0.9199999999999999,507005.9375,0.4987429976463318,nan,queue,queue,per_epoch_trace
squeeze_net_tosa,inputs/task_graph_topology/soda-benchmark-graphs/pytorch-graphs/squeeze_net_tosa.dot,/qfs/people/dass304/dass304/HWSWpartition/hw-sw-partition-metaheur/BatchExperiments/Ablation/diff_gnn_order_lssp_trace/squeeze_net_tosa/seed-42/run-20260412-135801/config/squeeze_net_tosa_seed-42_ablation.yaml,train,epoch,train,thresholded_partition,threshold,51,51.0,0,51,False,False,5053.95654296875,10044.017069557793,10481.043099282504,nan,nan,False,114,6357.3540503329305,4831.909135635894,0.9082,0.9184,505803.75,0.4998593330383301,nan,queue,queue,per_epoch_trace
squeeze_net_tosa,inputs/task_graph_topology/soda-benchmark-graphs/pytorch-graphs/squeeze_net_tosa.dot,/qfs/people/dass304/dass304/HWSWpartition/hw-sw-partition-metaheur/BatchExperiments/Ablation/diff_gnn_order_lssp_trace/squeeze_net_tosa/seed-42/run-20260412-135801/config/squeeze_net_tosa_seed-42_ablation.yaml,train,epoch,train,thresholded_partition,threshold,52,52.0,0,52,False,False,5044.82861328125,7892.823099919433,7972.2788272861535,nan,nan,False,127,6651.81703313835,4831.909135635894,0.9064,0.9168000000000001,504889.4375,0.4995884895324707,nan,queue,queue,per_epoch_trace
squeeze_net_tosa,inputs/task_graph_topology/soda-benchmark-graphs/pytorch-graphs/squeeze_net_tosa.dot,/qfs/people/dass304/dass304/HWSWpartition/hw-sw-partition-metaheur/BatchExperiments/Ablation/diff_gnn_order_lssp_trace/squeeze_net_tosa/seed-42/run-20260412-135801/config/squeeze_net_tosa_seed-42_ablation.yaml,train,epoch,train,thresholded_partition,threshold,53,53.0,0,53,False,False,5058.4033203125,9510.671192121135,10186.734662343737,nan,nan,False,109,5909.472309735876,4831.909135635894,0.9046,0.9152,506248.34375,0.4997004568576813,nan,queue,queue,per_epoch_trace
squeeze_net_tosa,inputs/task_graph_topology/soda-benchmark-graphs/pytorch-graphs/squeeze_net_tosa.dot,/qfs/people/dass304/dass304/HWSWpartition/hw-sw-partition-metaheur/BatchExperiments/Ablation/diff_gnn_order_lssp_trace/squeeze_net_tosa/seed-42/run-20260412-135801/config/squeeze_net_tosa_seed-42_ablation.yaml,train,epoch,train,thresholded_partition,threshold,54,54.0,0,54,False,False,5059.2119140625,7250.260287943936,7885.1046145528035,nan,nan,False,120,6581.967701732993,4831.909135635894,0.9028,0.9136,506329.65625,0.49872806668281555,nan,queue,queue,per_epoch_trace
squeeze_net_tosa,inputs/task_graph_topology/soda-benchmark-graphs/pytorch-graphs/squeeze_net_tosa.dot,/qfs/people/dass304/dass304/HWSWpartition/hw-sw-partition-metaheur/BatchExperiments/Ablation/diff_gnn_order_lssp_trace/squeeze_net_tosa/seed-42/run-20260412-135801/config/squeeze_net_tosa_seed-42_ablation.yaml,train,epoch,train,thresholded_partition,threshold,55,55.0,0,55,False,False,5071.287109375,7367.744525262145,7069.1085375625,nan,nan,False,132,7021.21263160021,4831.909135635894,0.901,0.912,507539.96875,0.4998670518398285,nan,queue,queue,per_epoch_trace
squeeze_net_tosa,inputs/task_graph_topology/soda-benchmark-graphs/pytorch-graphs/squeeze_net_tosa.dot,/qfs/people/dass304/dass304/HWSWpartition/hw-sw-partition-metaheur/BatchExperiments/Ablation/diff_gnn_order_lssp_trace/squeeze_net_tosa/seed-42/run-20260412-135801/config/squeeze_net_tosa_seed-42_ablation.yaml,train,epoch,train,thresholded_partition,threshold,56,56.0,0,56,False,False,5061.490234375,7224.9594247677405,7661.026769278821,nan,nan,False,130,7328.340253144583,4831.909135635894,0.8992,0.9104,506553.9375,0.4997331202030182,nan,queue,queue,per_epoch_trace
squeeze_net_tosa,inputs/task_graph_topology/soda-benchmark-graphs/pytorch-graphs/squeeze_net_tosa.dot,/qfs/people/dass304/dass304/HWSWpartition/hw-sw-partition-metaheur/BatchExperiments/Ablation/diff_gnn_order_lssp_trace/squeeze_net_tosa/seed-42/run-20260412-135801/config/squeeze_net_tosa_seed-42_ablation.yaml,train,epoch,train,thresholded_partition,threshold,57,57.0,0,57,False,False,5037.046875,8500.93363474691,8940.742101756856,nan,nan,False,128,7016.382038830649,4831.909135635894,0.8974,0.9088,504110.40625,0.5002469420433044,nan,queue,queue,per_epoch_trace
squeeze_net_tosa,inputs/task_graph_topology/soda-benchmark-graphs/pytorch-graphs/squeeze_net_tosa.dot,/qfs/people/dass304/dass304/HWSWpartition/hw-sw-partition-metaheur/BatchExperiments/Ablation/diff_gnn_order_lssp_trace/squeeze_net_tosa/seed-42/run-20260412-135801/config/squeeze_net_tosa_seed-42_ablation.yaml,train,epoch,train,thresholded_partition,threshold,58,58.0,0,58,False,False,5017.93408203125,10409.220374973731,10579.938252758837,nan,nan,False,131,7309.694698295526,4831.909135635894,0.8956,0.9072,502198.28125,0.49936142563819885,nan,queue,queue,per_epoch_trace
squeeze_net_tosa,inputs/task_graph_topology/soda-benchmark-graphs/pytorch-graphs/squeeze_net_tosa.dot,/qfs/people/dass304/dass304/HWSWpartition/hw-sw-partition-metaheur/BatchExperiments/Ablation/diff_gnn_order_lssp_trace/squeeze_net_tosa/seed-42/run-20260412-135801/config/squeeze_net_tosa_seed-42_ablation.yaml,train,epoch,train,thresholded_partition,threshold,59,59.0,0,59,False,False,5048.21142578125,5949.929419060915,6054.035232282452,nan,nan,False,141,7526.818238556022,4831.909135635894,0.8938,0.9056,505226.15625,0.49924349784851074,nan,queue,queue,per_epoch_trace
squeeze_net_tosa,inputs/task_graph_topology/soda-benchmark-graphs/pytorch-graphs/squeeze_net_tosa.dot,/qfs/people/dass304/dass304/HWSWpartition/hw-sw-partition-metaheur/BatchExperiments/Ablation/diff_gnn_order_lssp_trace/squeeze_net_tosa/seed-42/run-20260412-135801/config/squeeze_net_tosa_seed-42_ablation.yaml,train,epoch,train,thresholded_partition,threshold,60,60.0,0,60,False,False,5032.2158203125,8682.552791604294,9533.321767253996,nan,nan,False,125,6927.362695280758,4831.909135635894,0.892,0.904,503624.625,0.4998992383480072,nan,queue,queue,per_epoch_trace
squeeze_net_tosa,inputs/task_graph_topology/soda-benchmark-graphs/pytorch-graphs/squeeze_net_tosa.dot,/qfs/people/dass304/dass304/HWSWpartition/hw-sw-partition-metaheur/BatchExperiments/Ablation/diff_gnn_order_lssp_trace/squeeze_net_tosa/seed-42/run-20260412-135801/config/squeeze_net_tosa_seed-42_ablation.yaml,train,epoch,train,thresholded_partition,threshold,61,61.0,0,61,False,False,5048.00048828125,9361.810564920057,9446.252905018848,nan,nan,False,125,6498.646100087202,4831.909135635894,0.8902,0.9024,505205.375,0.49965712428092957,nan,queue,queue,per_epoch_trace
squeeze_net_tosa,inputs/task_graph_topology/soda-benchmark-graphs/pytorch-graphs/squeeze_net_tosa.dot,/qfs/people/dass304/dass304/HWSWpartition/hw-sw-partition-metaheur/BatchExperiments/Ablation/diff_gnn_order_lssp_trace/squeeze_net_tosa/seed-42/run-20260412-135801/config/squeeze_net_tosa_seed-42_ablation.yaml,train,epoch,train,thresholded_partition,threshold,62,62.0,0,62,False,False,5052.99365234375,7022.993952981284,7183.274348733994,nan,nan,False,132,7223.96142954254,4831.909135635894,0.8884,0.9008,505703.625,0.49988457560539246,nan,queue,queue,per_epoch_trace
squeeze_net_tosa,inputs/task_graph_topology/soda-benchmark-graphs/pytorch-graphs/squeeze_net_tosa.dot,/qfs/people/dass304/dass304/HWSWpartition/hw-sw-partition-metaheur/BatchExperiments/Ablation/diff_gnn_order_lssp_trace/squeeze_net_tosa/seed-42/run-20260412-135801/config/squeeze_net_tosa_seed-42_ablation.yaml,train,epoch,train,thresholded_partition,threshold,63,63.0,0,63,False,False,5034.853515625,8250.097095846004,8868.961147590724,nan,nan,False,137,7472.022860803002,4831.909135635894,0.8866,0.8992,503889.65625,0.4998433589935303,nan,queue,queue,per_epoch_trace
squeeze_net_tosa,inputs/task_graph_topology/soda-benchmark-graphs/pytorch-graphs/squeeze_net_tosa.dot,/qfs/people/dass304/dass304/HWSWpartition/hw-sw-partition-metaheur/BatchExperiments/Ablation/diff_gnn_order_lssp_trace/squeeze_net_tosa/seed-42/run-20260412-135801/config/squeeze_net_tosa_seed-42_ablation.yaml,train,epoch,train,thresholded_partition,threshold,64,64.0,0,64,False,False,5022.23388671875,6097.9751078743,6182.417447973093,nan,nan,False,137,7338.691075850581,4831.909135635894,0.8848,0.8976,502626.34375,0.4999975264072418,nan,queue,queue,per_epoch_trace
squeeze_net_tosa,inputs/task_graph_topology/soda-benchmark-graphs/pytorch-graphs/squeeze_net_tosa.dot,/qfs/people/dass304/dass304/HWSWpartition/hw-sw-partition-metaheur/BatchExperiments/Ablation/diff_gnn_order_lssp_trace/squeeze_net_tosa/seed-42/run-20260412-135801/config/squeeze_net_tosa_seed-42_ablation.yaml,train,epoch,train,thresholded_partition,threshold,65,65.0,0,65,False,False,5010.291015625,5491.315800902461,5700.947753571559,nan,nan,False,147,8045.0381854052675,4831.909135635894,0.883,0.896,501430.84375,0.5002177357673645,nan,queue,queue,per_epoch_trace
squeeze_net_tosa,inputs/task_graph_topology/soda-benchmark-graphs/pytorch-graphs/squeeze_net_tosa.dot,/qfs/people/dass304/dass304/HWSWpartition/hw-sw-partition-metaheur/BatchExperiments/Ablation/diff_gnn_order_lssp_trace/squeeze_net_tosa/seed-42/run-20260412-135801/config/squeeze_net_tosa_seed-42_ablation.yaml,train,epoch,train,thresholded_partition,threshold,66,66.0,0,66,False,False,5032.763671875,9471.003903855839,10309.968382942809,nan,nan,False,119,6687.395484041209,4831.909135635894,0.8812,0.8944,503678.5,0.49984002113342285,nan,queue,queue,per_epoch_trace
squeeze_net_tosa,inputs/task_graph_topology/soda-benchmark-graphs/pytorch-graphs/squeeze_net_tosa.dot,/qfs/people/dass304/dass304/HWSWpartition/hw-sw-partition-metaheur/BatchExperiments/Ablation/diff_gnn_order_lssp_trace/squeeze_net_tosa/seed-42/run-20260412-135801/config/squeeze_net_tosa_seed-42_ablation.yaml,train,epoch,train,thresholded_partition,threshold,67,67.0,0,67,False,False,5012.37060546875,7666.399369982824,7868.124740759712,nan,nan,False,142,7792.462965425165,4831.909135635894,0.8794,0.8928,501640.4375,0.4997103810310364,nan,queue,queue,per_epoch_trace
squeeze_net_tosa,inputs/task_graph_topology/soda-benchmark-graphs/pytorch-graphs/squeeze_net_tosa.dot,/qfs/people/dass304/dass304/HWSWpartition/hw-sw-partition-metaheur/BatchExperiments/Ablation/diff_gnn_order_lssp_trace/squeeze_net_tosa/seed-42/run-20260412-135801/config/squeeze_net_tosa_seed-42_ablation.yaml,train,epoch,train,thresholded_partition,threshold,68,68.0,0,68,False,False,5022.4228515625,7761.071905636165,8037.839241084225,nan,nan,False,139,7554.844338092251,4831.909135635894,0.8775999999999999,0.8912,502643.5,0.49969014525413513,nan,queue,queue,per_epoch_trace
squeeze_net_tosa,inputs/task_graph_topology/soda-benchmark-graphs/pytorch-graphs/squeeze_net_tosa.dot,/qfs/people/dass304/dass304/HWSWpartition/hw-sw-partition-metaheur/BatchExperiments/Ablation/diff_gnn_order_lssp_trace/squeeze_net_tosa/seed-42/run-20260412-135801/config/squeeze_net_tosa_seed-42_ablation.yaml,train,epoch,train,thresholded_partition,threshold,69,69.0,0,69,False,False,5009.86083984375,4175.096897620923,4150.189985880189,nan,nan,False,146,7884.346624788903,4831.909135635894,0.8758,0.8896,501387.1875,0.5002058744430542,nan,queue,queue,per_epoch_trace
squeeze_net_tosa,inputs/task_graph_topology/soda-benchmark-graphs/pytorch-graphs/squeeze_net_tosa.dot,/qfs/people/dass304/dass304/HWSWpartition/hw-sw-partition-metaheur/BatchExperiments/Ablation/diff_gnn_order_lssp_trace/squeeze_net_tosa/seed-42/run-20260412-135801/config/squeeze_net_tosa_seed-42_ablation.yaml,train,epoch,train,thresholded_partition,threshold,70,70.0,0,70,False,False,5015.00146484375,5392.379413308698,5392.379413308698,nan,nan,False,143,7808.138155584412,4831.909135635894,0.874,0.888,501906.78125,0.49972158670425415,nan,queue,queue,per_epoch_trace
squeeze_net_tosa,inputs/task_graph_topology/soda-benchmark-graphs/pytorch-graphs/squeeze_net_tosa.dot,/qfs/people/dass304/dass304/HWSWpartition/hw-sw-partition-metaheur/BatchExperiments/Ablation/diff_gnn_order_lssp_trace/squeeze_net_tosa/seed-42/run-20260412-135801/config/squeeze_net_tosa_seed-42_ablation.yaml,train,epoch,train,thresholded_partition,threshold,71,71.0,0,71,False,False,5021.49609375,6393.9282716113385,6377.797184024925,nan,nan,False,137,7662.0693937796805,4831.909135635894,0.8722,0.8864,502551.65625,0.4999561309814453,nan,queue,queue,per_epoch_trace
squeeze_net_tosa,inputs/task_graph_topology/soda-benchmark-graphs/pytorch-graphs/squeeze_net_tosa.dot,/qfs/people/dass304/dass304/HWSWpartition/hw-sw-partition-metaheur/BatchExperiments/Ablation/diff_gnn_order_lssp_trace/squeeze_net_tosa/seed-42/run-20260412-135801/config/squeeze_net_tosa_seed-42_ablation.yaml,train,epoch,train,thresholded_partition,threshold,72,72.0,0,72,False,False,5032.16748046875,6220.4799696935825,6541.480903022783,nan,nan,False,142,7697.780153861447,4831.909135635894,0.8704000000000001,0.8848,503620.59375,0.49966326355934143,nan,queue,queue,per_epoch_trace
squeeze_net_tosa,inputs/task_graph_topology/soda-benchmark-graphs/pytorch-graphs/squeeze_net_tosa.dot,/qfs/people/dass304/dass304/HWSWpartition/hw-sw-partition-metaheur/BatchExperiments/Ablation/diff_gnn_order_lssp_trace/squeeze_net_tosa/seed-42/run-20260412-135801/config/squeeze_net_tosa_seed-42_ablation.yaml,train,epoch,train,thresholded_partition,threshold,73,73.0,0,73,False,False,5017.337890625,8631.587595610754,8401.25247283226,nan,nan,False,129,7141.215963386454,4831.909135635894,0.8686,0.8832,502137.6875,0.49997463822364807,nan,queue,queue,per_epoch_trace
squeeze_net_tosa,inputs/task_graph_topology/soda-benchmark-graphs/pytorch-graphs/squeeze_net_tosa.dot,/qfs/people/dass304/dass304/HWSWpartition/hw-sw-partition-metaheur/BatchExperiments/Ablation/diff_gnn_order_lssp_trace/squeeze_net_tosa/seed-42/run-20260412-135801/config/squeeze_net_tosa_seed-42_ablation.yaml,train,epoch,train,thresholded_partition,threshold,74,74.0,0,74,False,False,5012.17529296875,4922.628552072169,5086.827801760133,nan,nan,False,150,8091.153735835405,4831.909135635894,0.8668,0.8815999999999999,501617.78125,0.5003814697265625,nan,queue,queue,per_epoch_trace
squeeze_net_tosa,inputs/task_graph_topology/soda-benchmark-graphs/pytorch-graphs/squeeze_net_tosa.dot,/qfs/people/dass304/dass304/HWSWpartition/hw-sw-partition-metaheur/BatchExperiments/Ablation/diff_gnn_order_lssp_trace/squeeze_net_tosa/seed-42/run-20260412-135801/config/squeeze_net_tosa_seed-42_ablation.yaml,train,epoch,train,thresholded_partition,threshold,75,75.0,0,75,False,False,5016.5361328125,6292.0905361089135,6326.86333287878,nan,nan,False,138,7595.4617902824175,4831.909135635894,0.865,0.88,502056.75,0.5002344250679016,nan,queue,queue,per_epoch_trace
squeeze_net_tosa,inputs/task_graph_topology/soda-benchmark-graphs/pytorch-graphs/squeeze_net_tosa.dot,/qfs/people/dass304/dass304/HWSWpartition/hw-sw-partition-metaheur/BatchExperiments/Ablation/diff_gnn_order_lssp_trace/squeeze_net_tosa/seed-42/run-20260412-135801/config/squeeze_net_tosa_seed-42_ablation.yaml,train,epoch,train,thresholded_partition,threshold,76,76.0,0,76,False,False,5001.53369140625,4139.47963700957,4179.3733457884455,nan,nan,False,152,8049.90713354374,4831.909135635894,0.8632,0.8784,500554.9375,0.500127911567688,nan,queue,queue,per_epoch_trace
squeeze_net_tosa,inputs/task_graph_topology/soda-benchmark-graphs/pytorch-graphs/squeeze_net_tosa.dot,/qfs/people/dass304/dass304/HWSWpartition/hw-sw-partition-metaheur/BatchExperiments/Ablation/diff_gnn_order_lssp_trace/squeeze_net_tosa/seed-42/run-20260412-135801/config/squeeze_net_tosa_seed-42_ablation.yaml,train,epoch,train,thresholded_partition,threshold,77,77.0,0,77,False,False,5011.26416015625,4161.955498528523,4216.989297666808,nan,nan,False,149,8105.490492301741,4831.909135635894,0.8613999999999999,0.8768,501527.25,0.500220537185669,nan,queue,queue,per_epoch_trace
squeeze_net_tosa,inputs/task_graph_topology/soda-benchmark-graphs/pytorch-graphs/squeeze_net_tosa.dot,/qfs/people/dass304/dass304/HWSWpartition/hw-sw-partition-metaheur/BatchExperiments/Ablation/diff_gnn_order_lssp_trace/squeeze_net_tosa/seed-42/run-20260412-135801/config/squeeze_net_tosa_seed-42_ablation.yaml,train,epoch,train,thresholded_partition,threshold,78,78.0,0,78,False,False,5006.79931640625,6318.860540555614,6288.992164023399,nan,nan,False,141,7363.815136769053,4831.909135635894,0.8596,0.8752,501080.375,0.49934712052345276,nan,queue,queue,per_epoch_trace
squeeze_net_tosa,inputs/task_graph_topology/soda-benchmark-graphs/pytorch-graphs/squeeze_net_tosa.dot,/qfs/people/dass304/dass304/HWSWpartition/hw-sw-partition-metaheur/BatchExperiments/Ablation/diff_gnn_order_lssp_trace/squeeze_net_tosa/seed-42/run-20260412-135801/config/squeeze_net_tosa_seed-42_ablation.yaml,train,epoch,train,thresholded_partition,threshold,79,79.0,0,79,False,False,5043.14208984375,8082.534190855887,8612.150368404107,nan,nan,False,130,6895.739803238111,4831.909135635894,0.8578,0.8735999999999999,504715.875,0.4999689757823944,nan,queue,queue,per_epoch_trace
squeeze_net_tosa,inputs/task_graph_topology/soda-benchmark-graphs/pytorch-graphs/squeeze_net_tosa.dot,/qfs/people/dass304/dass304/HWSWpartition/hw-sw-partition-metaheur/BatchExperiments/Ablation/diff_gnn_order_lssp_trace/squeeze_net_tosa/seed-42/run-20260412-135801/config/squeeze_net_tosa_seed-42_ablation.yaml,train,epoch,train,thresholded_partition,threshold,80,80.0,0,80,False,False,5010.37939453125,4794.1308762821445,4772.388966304468,nan,nan,False,146,7953.150152359783,4831.909135635894,0.856,0.872,501440.1875,0.4998432397842407,nan,queue,queue,per_epoch_trace
squeeze_net_tosa,inputs/task_graph_topology/soda-benchmark-graphs/pytorch-graphs/squeeze_net_tosa.dot,/qfs/people/dass304/dass304/HWSWpartition/hw-sw-partition-metaheur/BatchExperiments/Ablation/diff_gnn_order_lssp_trace/squeeze_net_tosa/seed-42/run-20260412-135801/config/squeeze_net_tosa_seed-42_ablation.yaml,train,epoch,train,thresholded_partition,threshold,81,81.0,0,81,False,False,5009.87060546875,6154.920576794226,6154.920576794226,nan,nan,False,142,7718.13681779593,4831.909135635894,0.8542,0.8704,501388.21875,0.500016450881958,nan,queue,queue,per_epoch_trace
squeeze_net_tosa,inputs/task_graph_topology/soda-benchmark-graphs/pytorch-graphs/squeeze_net_tosa.dot,/qfs/people/dass304/dass304/HWSWpartition/hw-sw-partition-metaheur/BatchExperiments/Ablation/diff_gnn_order_lssp_trace/squeeze_net_tosa/seed-42/run-20260412-135801/config/squeeze_net_tosa_seed-42_ablation.yaml,train,epoch,train,thresholded_partition,threshold,82,82.0,0,82,False,False,4998.4970703125,7569.79030537401,7581.331820270647,nan,nan,False,137,7442.211938858148,4831.909135635894,0.8524,0.8688,500253.0625,0.4999847412109375,nan,queue,queue,per_epoch_trace
squeeze_net_tosa,inputs/task_graph_topology/soda-benchmark-graphs/pytorch-graphs/squeeze_net_tosa.dot,/qfs/people/dass304/dass304/HWSWpartition/hw-sw-partition-metaheur/BatchExperiments/Ablation/diff_gnn_order_lssp_trace/squeeze_net_tosa/seed-42/run-20260412-135801/config/squeeze_net_tosa_seed-42_ablation.yaml,train,epoch,train,thresholded_partition,threshold,83,83.0,0,83,False,False,5015.330078125,7560.322976845689,7583.151701281383,nan,nan,False,135,7334.665888062089,4831.909135635894,0.8506,0.8672,501933.90625,0.5000366568565369,nan,queue,queue,per_epoch_trace
squeeze_net_tosa,inputs/task_graph_topology/soda-benchmark-graphs/pytorch-graphs/squeeze_net_tosa.dot,/qfs/people/dass304/dass304/HWSWpartition/hw-sw-partition-metaheur/BatchExperiments/Ablation/diff_gnn_order_lssp_trace/squeeze_net_tosa/seed-42/run-20260412-135801/config/squeeze_net_tosa_seed-42_ablation.yaml,train,epoch,train,thresholded_partition,threshold,84,84.0,0,84,False,False,5005.7470703125,3985.106447920445,4085.288001615243,nan,nan,False,152,8197.847806750222,4831.909135635894,0.8488,0.8655999999999999,500976.03125,0.49947935342788696,nan,queue,queue,per_epoch_trace
squeeze_net_tosa,inputs/task_graph_topology/soda-benchmark-graphs/pytorch-graphs/squeeze_net_tosa.dot,/qfs/people/dass304/dass304/HWSWpartition/hw-sw-partition-metaheur/BatchExperiments/Ablation/diff_gnn_order_lssp_trace/squeeze_net_tosa/seed-42/run-20260412-135801/config/squeeze_net_tosa_seed-42_ablation.yaml,train,epoch,train,thresholded_partition,threshold,85,85.0,0,85,False,False,5006.96240234375,4016.349875965545,4138.981300667196,nan,nan,False,152,8144.111374316189,4831.909135635894,0.847,0.864,501098.125,0.4997943341732025,nan,queue,queue,per_epoch_trace
squeeze_net_tosa,inputs/task_graph_topology/soda-benchmark-graphs/pytorch-graphs/squeeze_net_tosa.dot,/qfs/people/dass304/dass304/HWSWpartition/hw-sw-partition-metaheur/BatchExperiments/Ablation/diff_gnn_order_lssp_trace/squeeze_net_tosa/seed-42/run-20260412-135801/config/squeeze_net_tosa_seed-42_ablation.yaml,train,epoch,train,thresholded_partition,threshold,86,86.0,0,86,False,False,5012.05810546875,7050.618138566535,7857.883003955378,nan,nan,False,141,7474.397210704004,4831.909135635894,0.8452,0.8624,501606.90625,0.49974170327186584,nan,queue,queue,per_epoch_trace
squeeze_net_tosa,inputs/task_graph_topology/soda-benchmark-graphs/pytorch-graphs/squeeze_net_tosa.dot,/qfs/people/dass304/dass304/HWSWpartition/hw-sw-partition-metaheur/BatchExperiments/Ablation/diff_gnn_order_lssp_trace/squeeze_net_tosa/seed-42/run-20260412-135801/config/squeeze_net_tosa_seed-42_ablation.yaml,train,epoch,train,thresholded_partition,threshold,87,87.0,0,87,False,False,5013.5712890625,5272.641484144359,5284.530664629029,nan,nan,False,147,7896.123568127269,4831.909135635894,0.8434,0.8608,501760.09375,0.5004516839981079,nan,queue,queue,per_epoch_trace
squeeze_net_tosa,inputs/task_graph_topology/soda-benchmark-graphs/pytorch-graphs/squeeze_net_tosa.dot,/qfs/people/dass304/dass304/HWSWpartition/hw-sw-partition-metaheur/BatchExperiments/Ablation/diff_gnn_order_lssp_trace/squeeze_net_tosa/seed-42/run-20260412-135801/config/squeeze_net_tosa_seed-42_ablation.yaml,train,epoch,train,thresholded_partition,threshold,88,88.0,0,88,False,False,5024.71142578125,5871.91679772953,6287.325926782613,nan,nan,False,143,7727.629525411031,4831.909135635894,0.8416,0.8592,502873.34375,0.4997119903564453,nan,queue,queue,per_epoch_trace
squeeze_net_tosa,inputs/task_graph_topology/soda-benchmark-graphs/pytorch-graphs/squeeze_net_tosa.dot,/qfs/people/dass304/dass304/HWSWpartition/hw-sw-partition-metaheur/BatchExperiments/Ablation/diff_gnn_order_lssp_trace/squeeze_net_tosa/seed-42/run-20260412-135801/config/squeeze_net_tosa_seed-42_ablation.yaml,train,epoch,train,thresholded_partition,threshold,89,89.0,0,89,False,False,5007.41162109375,5696.3534499617745,5695.5068673619935,nan,nan,False,146,8009.472770173901,4831.909135635894,0.8398,0.8576,501142.5,0.50032639503479,nan,queue,queue,per_epoch_trace
squeeze_net_tosa,inputs/task_graph_topology/soda-benchmark-graphs/pytorch-graphs/squeeze_net_tosa.dot,/qfs/people/dass304/dass304/HWSWpartition/hw-sw-partition-metaheur/BatchExperiments/Ablation/diff_gnn_order_lssp_trace/squeeze_net_tosa/seed-42/run-20260412-135801/config/squeeze_net_tosa_seed-42_ablation.yaml,train,epoch,train,thresholded_partition,threshold,90,90.0,0,90,False,False,5009.25,4067.6609012471386,4067.6609012471376,nan,nan,False,152,8231.080829787503,4831.909135635894,0.838,0.856,501325.3125,0.49950918555259705,nan,queue,queue,per_epoch_trace
squeeze_net_tosa,inputs/task_graph_topology/soda-benchmark-graphs/pytorch-graphs/squeeze_net_tosa.dot,/qfs/people/dass304/dass304/HWSWpartition/hw-sw-partition-metaheur/BatchExperiments/Ablation/diff_gnn_order_lssp_trace/squeeze_net_tosa/seed-42/run-20260412-135801/config/squeeze_net_tosa_seed-42_ablation.yaml,train,epoch,train,thresholded_partition,threshold,91,91.0,0,91,False,False,4993.48876953125,4263.969930578903,4263.969930578903,nan,nan,False,151,8152.510786767872,4831.909135635894,0.8362,0.8544,499750.0625,0.4996700584888458,nan,queue,queue,per_epoch_trace
squeeze_net_tosa,inputs/task_graph_topology/soda-benchmark-graphs/pytorch-graphs/squeeze_net_tosa.dot,/qfs/people/dass304/dass304/HWSWpartition/hw-sw-partition-metaheur/BatchExperiments/Ablation/diff_gnn_order_lssp_trace/squeeze_net_tosa/seed-42/run-20260412-135801/config/squeeze_net_tosa_seed-42_ablation.yaml,train,epoch,train,thresholded_partition,threshold,92,92.0,0,92,False,False,5004.81396484375,3336.8087408108145,3250.737902369441,nan,nan,False,156,8417.366195998537,4831.909135635894,0.8344,0.8528,500882.0,0.49938300251960754,nan,queue,queue,per_epoch_trace
squeeze_net_tosa,inputs/task_graph_topology/soda-benchmark-graphs/pytorch-graphs/squeeze_net_tosa.dot,/qfs/people/dass304/dass304/HWSWpartition/hw-sw-partition-metaheur/BatchExperiments/Ablation/diff_gnn_order_lssp_trace/squeeze_net_tosa/seed-42/run-20260412-135801/config/squeeze_net_tosa_seed-42_ablation.yaml,train,epoch,train,thresholded_partition,threshold,93,93.0,0,93,False,False,5000.2822265625,3465.0667803858923,3701.698723324567,nan,nan,False,152,8117.55597491973,4831.909135635894,0.8326,0.8512,500429.4375,0.49993520975112915,nan,queue,queue,per_epoch_trace
squeeze_net_tosa,inputs/task_graph_topology/soda-benchmark-graphs/pytorch-graphs/squeeze_net_tosa.dot,/qfs/people/dass304/dass304/HWSWpartition/hw-sw-partition-metaheur/BatchExperiments/Ablation/diff_gnn_order_lssp_trace/squeeze_net_tosa/seed-42/run-20260412-135801/config/squeeze_net_tosa_seed-42_ablation.yaml,train,epoch,train,thresholded_partition,threshold,94,94.0,0,94,False,False,4996.94384765625,3426.5877243903456,3577.680190351359,nan,nan,False,152,8252.506261110804,4831.909135635894,0.8308,0.8496,500093.8125,0.5004263520240784,nan,queue,queue,per_epoch_trace
squeeze_net_tosa,inputs/task_graph_topology/soda-benchmark-graphs/pytorch-graphs/squeeze_net_tosa.dot,/qfs/people/dass304/dass304/HWSWpartition/hw-sw-partition-metaheur/BatchExperiments/Ablation/diff_gnn_order_lssp_trace/squeeze_net_tosa/seed-42/run-20260412-135801/config/squeeze_net_tosa_seed-42_ablation.yaml,train,epoch,train,thresholded_partition,threshold,95,95.0,0,95,False,False,5002.5009765625,4535.912008181085,4882.779724798388,nan,nan,False,146,7627.052945951933,4831.909135635894,0.829,0.848,500652.09375,0.49957001209259033,nan,queue,queue,per_epoch_trace
squeeze_net_tosa,inputs/task_graph_topology/soda-benchmark-graphs/pytorch-graphs/squeeze_net_tosa.dot,/qfs/people/dass304/dass304/HWSWpartition/hw-sw-partition-metaheur/BatchExperiments/Ablation/diff_gnn_order_lssp_trace/squeeze_net_tosa/seed-42/run-20260412-135801/config/squeeze_net_tosa_seed-42_ablation.yaml,train,epoch,train,thresholded_partition,threshold,96,96.0,0,96,False,False,5004.04443359375,3458.949673907217,3458.949673907217,nan,nan,False,155,8258.092196633897,4831.909135635894,0.8271999999999999,0.8464,500805.59375,0.4992366433143616,nan,queue,queue,per_epoch_trace
squeeze_net_tosa,inputs/task_graph_topology/soda-benchmark-graphs/pytorch-graphs/squeeze_net_tosa.dot,/qfs/people/dass304/dass304/HWSWpartition/hw-sw-partition-metaheur/BatchExperiments/Ablation/diff_gnn_order_lssp_trace/squeeze_net_tosa/seed-42/run-20260412-135801/config/squeeze_net_tosa_seed-42_ablation.yaml,train,epoch,train,thresholded_partition,threshold,97,97.0,0,97,False,False,5004.05419921875,4433.428381061391,4398.221887596949,nan,nan,False,152,8194.00014350065,4831.909135635894,0.8254,0.8448,500807.09375,0.4999222755432129,nan,queue,queue,per_epoch_trace
squeeze_net_tosa,inputs/task_graph_topology/soda-benchmark-graphs/pytorch-graphs/squeeze_net_tosa.dot,/qfs/people/dass304/dass304/HWSWpartition/hw-sw-partition-metaheur/BatchExperiments/Ablation/diff_gnn_order_lssp_trace/squeeze_net_tosa/seed-42/run-20260412-135801/config/squeeze_net_tosa_seed-42_ablation.yaml,train,epoch,train,thresholded_partition,threshold,98,98.0,0,98,False,False,5012.49951171875,4458.634944677899,4593.143978096905,nan,nan,False,150,8194.187832386091,4831.909135635894,0.8236,0.8432,501651.53125,0.5001657605171204,nan,queue,queue,per_epoch_trace
squeeze_net_tosa,inputs/task_graph_topology/soda-benchmark-graphs/pytorch-graphs/squeeze_net_tosa.dot,/qfs/people/dass304/dass304/HWSWpartition/hw-sw-partition-metaheur/BatchExperiments/Ablation/diff_gnn_order_lssp_trace/squeeze_net_tosa/seed-42/run-20260412-135801/config/squeeze_net_tosa_seed-42_ablation.yaml,train,epoch,train,thresholded_partition,threshold,99,99.0,0,99,False,False,5020.16748046875,4389.524270707242,4738.417715741041,nan,nan,False,153,8112.281657335804,4831.909135635894,0.8218,0.8416,502418.03125,0.4994085729122162,nan,queue,queue,per_epoch_trace
squeeze_net_tosa,inputs/task_graph_topology/soda-benchmark-graphs/pytorch-graphs/squeeze_net_tosa.dot,/qfs/people/dass304/dass304/HWSWpartition/hw-sw-partition-metaheur/BatchExperiments/Ablation/diff_gnn_order_lssp_trace/squeeze_net_tosa/seed-42/run-20260412-135801/config/squeeze_net_tosa_seed-42_ablation.yaml,train,epoch,train,thresholded_partition,threshold,100,100.0,0,100,False,False,5021.45849609375,6899.30218160345,7019.899148176976,nan,nan,False,142,7583.7843040953785,4831.909135635894,0.82,0.84,502546.84375,0.500223696231842,nan,queue,queue,per_epoch_trace
squeeze_net_tosa,inputs/task_graph_topology/soda-benchmark-graphs/pytorch-graphs/squeeze_net_tosa.dot,/qfs/people/dass304/dass304/HWSWpartition/hw-sw-partition-metaheur/BatchExperiments/Ablation/diff_gnn_order_lssp_trace/squeeze_net_tosa/seed-42/run-20260412-135801/config/squeeze_net_tosa_seed-42_ablation.yaml,train,epoch,train,thresholded_partition,threshold,101,101.0,0,101,False,False,5013.451171875,4806.6755295755775,4821.395119593121,nan,nan,False,150,8081.426242899,4831.909135635894,0.8182,0.8384,501745.71875,0.5002900958061218,nan,queue,queue,per_epoch_trace
squeeze_net_tosa,inputs/task_graph_topology/soda-benchmark-graphs/pytorch-graphs/squeeze_net_tosa.dot,/qfs/people/dass304/dass304/HWSWpartition/hw-sw-partition-metaheur/BatchExperiments/Ablation/diff_gnn_order_lssp_trace/squeeze_net_tosa/seed-42/run-20260412-135801/config/squeeze_net_tosa_seed-42_ablation.yaml,train,epoch,train,thresholded_partition,threshold,102,102.0,0,102,False,False,5028.72412109375,4896.151974640858,4955.025987672989,nan,nan,False,152,8245.5345244624,4831.909135635894,0.8164,0.8368,503273.75,0.4997664988040924,nan,queue,queue,per_epoch_trace
squeeze_net_tosa,inputs/task_graph_topology/soda-benchmark-graphs/pytorch-graphs/squeeze_net_tosa.dot,/qfs/people/dass304/dass304/HWSWpartition/hw-sw-partition-metaheur/BatchExperiments/Ablation/diff_gnn_order_lssp_trace/squeeze_net_tosa/seed-42/run-20260412-135801/config/squeeze_net_tosa_seed-42_ablation.yaml,train,epoch,train,thresholded_partition,threshold,103,103.0,0,103,False,False,4997.77978515625,4930.2883448792045,5010.945034239367,nan,nan,False,155,8238.789459731292,4831.909135635894,0.8146,0.8351999999999999,500178.34375,0.4996793568134308,nan,queue,queue,per_epoch_trace
squeeze_net_tosa,inputs/task_graph_topology/soda-benchmark-graphs/pytorch-graphs/squeeze_net_tosa.dot,/qfs/people/dass304/dass304/HWSWpartition/hw-sw-partition-metaheur/BatchExperiments/Ablation/diff_gnn_order_lssp_trace/squeeze_net_tosa/seed-42/run-20260412-135801/config/squeeze_net_tosa_seed-42_ablation.yaml,train,epoch,train,thresholded_partition,threshold,104,104.0,0,104,False,False,5012.27099609375,5161.720054945318,5178.828022646378,nan,nan,False,148,7975.042461375458,4831.909135635894,0.8128,0.8336,501627.6875,0.4999772608280182,nan,queue,queue,per_epoch_trace
squeeze_net_tosa,inputs/task_graph_topology/soda-benchmark-graphs/pytorch-graphs/squeeze_net_tosa.dot,/qfs/people/dass304/dass304/HWSWpartition/hw-sw-partition-metaheur/BatchExperiments/Ablation/diff_gnn_order_lssp_trace/squeeze_net_tosa/seed-42/run-20260412-135801/config/squeeze_net_tosa_seed-42_ablation.yaml,train,epoch,train,thresholded_partition,threshold,105,105.0,0,105,False,False,5004.423828125,6795.408151175568,6897.65130964012,nan,nan,False,147,7903.265207753832,4831.909135635894,0.8109999999999999,0.832,500843.40625,0.49985983967781067,nan,queue,queue,per_epoch_trace
squeeze_net_tosa,inputs/task_graph_topology/soda-benchmark-graphs/pytorch-graphs/squeeze_net_tosa.dot,/qfs/people/dass304/dass304/HWSWpartition/hw-sw-partition-metaheur/BatchExperiments/Ablation/diff_gnn_order_lssp_trace/squeeze_net_tosa/seed-42/run-20260412-135801/config/squeeze_net_tosa_seed-42_ablation.yaml,train,epoch,train,thresholded_partition,threshold,106,106.0,0,106,False,False,5015.87353515625,3878.6333120043014,4688.663214729324,nan,nan,False,152,8116.545421181783,4831.909135635894,0.8092,0.8304,501987.25,0.499997615814209,nan,queue,queue,per_epoch_trace
squeeze_net_tosa,inputs/task_graph_topology/soda-benchmark-graphs/pytorch-graphs/squeeze_net_tosa.dot,/qfs/people/dass304/dass304/HWSWpartition/hw-sw-partition-metaheur/BatchExperiments/Ablation/diff_gnn_order_lssp_trace/squeeze_net_tosa/seed-42/run-20260412-135801/config/squeeze_net_tosa_seed-42_ablation.yaml,train,epoch,train,thresholded_partition,threshold,107,107.0,0,107,False,False,5003.77294921875,4435.714334086111,4417.150266080007,nan,nan,False,150,8016.241932296519,4831.909135635894,0.8074,0.8288,500777.65625,0.49978792667388916,nan,queue,queue,per_epoch_trace
squeeze_net_tosa,inputs/task_graph_topology/soda-benchmark-graphs/pytorch-graphs/squeeze_net_tosa.dot,/qfs/people/dass304/dass304/HWSWpartition/hw-sw-partition-metaheur/BatchExperiments/Ablation/diff_gnn_order_lssp_trace/squeeze_net_tosa/seed-42/run-20260412-135801/config/squeeze_net_tosa_seed-42_ablation.yaml,train,epoch,train,thresholded_partition,threshold,108,108.0,0,108,False,False,5004.7861328125,2685.2537107495473,2786.721022839396,nan,nan,False,159,8326.411574344587,4831.909135635894,0.8056,0.8271999999999999,500877.78125,0.4997747540473938,nan,queue,queue,per_epoch_trace
squeeze_net_tosa,inputs/task_graph_topology/soda-benchmark-graphs/pytorch-graphs/squeeze_net_tosa.dot,/qfs/people/dass304/dass304/HWSWpartition/hw-sw-partition-metaheur/BatchExperiments/Ablation/diff_gnn_order_lssp_trace/squeeze_net_tosa/seed-42/run-20260412-135801/config/squeeze_net_tosa_seed-42_ablation.yaml,train,epoch,train,thresholded_partition,threshold,109,109.0,0,109,False,False,5003.072265625,3162.9028688411395,3162.90286884114,nan,nan,False,157,8653.645822057753,4831.909135635894,0.8038,0.8256,500709.0,0.5003315210342407,nan,queue,queue,per_epoch_trace
squeeze_net_tosa,inputs/task_graph_topology/soda-benchmark-graphs/pytorch-graphs/squeeze_net_tosa.dot,/qfs/people/dass304/dass304/HWSWpartition/hw-sw-partition-metaheur/BatchExperiments/Ablation/diff_gnn_order_lssp_trace/squeeze_net_tosa/seed-42/run-20260412-135801/config/squeeze_net_tosa_seed-42_ablation.yaml,train,epoch,train,thresholded_partition,threshold,110,110.0,0,110,False,False,5010.43896484375,3301.2384126809543,3730.4079334391045,nan,nan,False,154,8116.59763392416,4831.909135635894,0.802,0.824,501443.03125,0.5000800490379333,nan,queue,queue,per_epoch_trace
squeeze_net_tosa,inputs/task_graph_topology/soda-benchmark-graphs/pytorch-graphs/squeeze_net_tosa.dot,/qfs/people/dass304/dass304/HWSWpartition/hw-sw-partition-metaheur/BatchExperiments/Ablation/diff_gnn_order_lssp_trace/squeeze_net_tosa/seed-42/run-20260412-135801/config/squeeze_net_tosa_seed-42_ablation.yaml,train,epoch,train,thresholded_partition,threshold,111,111.0,0,111,False,False,4998.70361328125,4921.525664590646,5283.308121465873,nan,nan,False,148,8282.846897162157,4831.909135635894,0.8002,0.8224,500272.0,0.5005890130996704,nan,queue,queue,per_epoch_trace
squeeze_net_tosa,inputs/task_graph_topology/soda-benchmark-graphs/pytorch-graphs/squeeze_net_tosa.dot,/qfs/people/dass304/dass304/HWSWpartition/hw-sw-partition-metaheur/BatchExperiments/Ablation/diff_gnn_order_lssp_trace/squeeze_net_tosa/seed-42/run-20260412-135801/config/squeeze_net_tosa_seed-42_ablation.yaml,train,epoch,train,thresholded_partition,threshold,112,112.0,0,112,False,False,4994.0234375,2796.4488052846314,2796.4488052846314,nan,nan,False,158,8488.597022870814,4831.909135635894,0.7984,0.8208,499802.75,0.5004985332489014,nan,queue,queue,per_epoch_trace
squeeze_net_tosa,inputs/task_graph_topology/soda-benchmark-graphs/pytorch-graphs/squeeze_net_tosa.dot,/qfs/people/dass304/dass304/HWSWpartition/hw-sw-partition-metaheur/BatchExperiments/Ablation/diff_gnn_order_lssp_trace/squeeze_net_tosa/seed-42/run-20260412-135801/config/squeeze_net_tosa_seed-42_ablation.yaml,train,epoch,train,thresholded_partition,threshold,113,113.0,0,113,False,False,4997.30126953125,2726.5676222021184,2963.7168798783878,nan,nan,False,159,8482.32342218233,4831.909135635894,0.7966,0.8191999999999999,500129.1875,0.4997498691082001,nan,queue,queue,per_epoch_trace
squeeze_net_tosa,inputs/task_graph_topology/soda-benchmark-graphs/pytorch-graphs/squeeze_net_tosa.dot,/qfs/people/dass304/dass304/HWSWpartition/hw-sw-partition-metaheur/BatchExperiments/Ablation/diff_gnn_order_lssp_trace/squeeze_net_tosa/seed-42/run-20260412-135801/config/squeeze_net_tosa_seed-42_ablation.yaml,train,epoch,train,thresholded_partition,threshold,114,114.0,0,114,False,False,5004.35498046875,2688.6004762066227,2688.6004762066227,nan,nan,False,161,8766.192723048227,4831.909135635894,0.7948,0.8176,500834.84375,0.4997171461582184,nan,queue,queue,per_epoch_trace
squeeze_net_tosa,inputs/task_graph_topology/soda-benchmark-graphs/pytorch-graphs/squeeze_net_tosa.dot,/qfs/people/dass304/dass304/HWSWpartition/hw-sw-partition-metaheur/BatchExperiments/Ablation/diff_gnn_order_lssp_trace/squeeze_net_tosa/seed-42/run-20260412-135801/config/squeeze_net_tosa_seed-42_ablation.yaml,train,epoch,train,thresholded_partition,threshold,115,115.0,0,115,False,False,5001.962890625,1993.7117330837873,1993.7117330837873,nan,nan,False,162,8627.782219469425,4831.909135635894,0.7929999999999999,0.816,500595.75,0.49954843521118164,nan,queue,queue,per_epoch_trace
squeeze_net_tosa,inputs/task_graph_topology/soda-benchmark-graphs/pytorch-graphs/squeeze_net_tosa.dot,/qfs/people/dass304/dass304/HWSWpartition/hw-sw-partition-metaheur/BatchExperiments/Ablation/diff_gnn_order_lssp_trace/squeeze_net_tosa/seed-42/run-20260412-135801/config/squeeze_net_tosa_seed-42_ablation.yaml,train,epoch,train,thresholded_partition,threshold,116,116.0,0,116,False,False,4998.67529296875,3761.5895338035775,3846.0318739023683,nan,nan,False,152,8127.6235709177945,4831.909135635894,0.7912,0.8144,500267.84375,0.4998919665813446,nan,queue,queue,per_epoch_trace
squeeze_net_tosa,inputs/task_graph_topology/soda-benchmark-graphs/pytorch-graphs/squeeze_net_tosa.dot,/qfs/people/dass304/dass304/HWSWpartition/hw-sw-partition-metaheur/BatchExperiments/Ablation/diff_gnn_order_lssp_trace/squeeze_net_tosa/seed-42/run-20260412-135801/config/squeeze_net_tosa_seed-42_ablation.yaml,train,epoch,train,thresholded_partition,threshold,117,117.0,0,117,False,False,4998.31005859375,3741.00391294142,3741.00391294142,nan,nan,False,154,8050.170114474807,4831.909135635894,0.7894,0.8128,500229.6875,0.49972325563430786,nan,queue,queue,per_epoch_trace
squeeze_net_tosa,inputs/task_graph_topology/soda-benchmark-graphs/pytorch-graphs/squeeze_net_tosa.dot,/qfs/people/dass304/dass304/HWSWpartition/hw-sw-partition-metaheur/BatchExperiments/Ablation/diff_gnn_order_lssp_trace/squeeze_net_tosa/seed-42/run-20260412-135801/config/squeeze_net_tosa_seed-42_ablation.yaml,train,epoch,train,thresholded_partition,threshold,118,118.0,0,118,False,False,5001.7041015625,2961.252883958928,2961.252883958928,nan,nan,False,160,8506.932469652233,4831.909135635894,0.7876,0.8112,500570.9375,0.4995746612548828,nan,queue,queue,per_epoch_trace
squeeze_net_tosa,inputs/task_graph_topology/soda-benchmark-graphs/pytorch-graphs/squeeze_net_tosa.dot,/qfs/people/dass304/dass304/HWSWpartition/hw-sw-partition-metaheur/BatchExperiments/Ablation/diff_gnn_order_lssp_trace/squeeze_net_tosa/seed-42/run-20260412-135801/config/squeeze_net_tosa_seed-42_ablation.yaml,train,epoch,train,thresholded_partition,threshold,119,119.0,0,119,False,False,4998.71728515625,4460.633044929063,4759.470484911333,nan,nan,False,154,8308.127297074447,4831.909135635894,0.7858,0.8096,500274.21875,0.5000146627426147,nan,queue,queue,per_epoch_trace
squeeze_net_tosa,inputs/task_graph_topology/soda-benchmark-graphs/pytorch-graphs/squeeze_net_tosa.dot,/qfs/people/dass304/dass304/HWSWpartition/hw-sw-partition-metaheur/BatchExperiments/Ablation/diff_gnn_order_lssp_trace/squeeze_net_tosa/seed-42/run-20260412-135801/config/squeeze_net_tosa_seed-42_ablation.yaml,train,epoch,train,thresholded_partition,threshold,120,120.0,0,120,False,False,4994.58837890625,2860.3732815380026,2860.3732815380026,nan,nan,False,157,8426.437274240498,4831.909135635894,0.784,0.808,499860.625,0.49965301156044006,nan,queue,queue,per_epoch_trace
squeeze_net_tosa,inputs/task_graph_topology/soda-benchmark-graphs/pytorch-graphs/squeeze_net_tosa.dot,/qfs/people/dass304/dass304/HWSWpartition/hw-sw-partition-metaheur/BatchExperiments/Ablation/diff_gnn_order_lssp_trace/squeeze_net_tosa/seed-42/run-20260412-135801/config/squeeze_net_tosa_seed-42_ablation.yaml,train,epoch,train,thresholded_partition,threshold,121,121.0,0,121,False,False,5004.22265625,2562.5753099934177,2671.0299767676,nan,nan,False,161,8675.175651701544,4831.909135635894,0.7822,0.8064,500822.78125,0.4997763931751251,nan,queue,queue,per_epoch_trace
squeeze_net_tosa,inputs/task_graph_topology/soda-benchmark-graphs/pytorch-graphs/squeeze_net_tosa.dot,/qfs/people/dass304/dass304/HWSWpartition/hw-sw-partition-metaheur/BatchExperiments/Ablation/diff_gnn_order_lssp_trace/squeeze_net_tosa/seed-42/run-20260412-135801/config/squeeze_net_tosa_seed-42_ablation.yaml,train,epoch,train,thresholded_partition,threshold,122,122.0,0,122,False,False,5002.4228515625,3833.8319889513314,4082.641495213809,nan,nan,False,155,8376.746157425594,4831.909135635894,0.7804,0.8048,500643.75,0.4997939467430115,nan,queue,queue,per_epoch_trace
squeeze_net_tosa,inputs/task_graph_topology/soda-benchmark-graphs/pytorch-graphs/squeeze_net_tosa.dot,/qfs/people/dass304/dass304/HWSWpartition/hw-sw-partition-metaheur/BatchExperiments/Ablation/diff_gnn_order_lssp_trace/squeeze_net_tosa/seed-42/run-20260412-135801/config/squeeze_net_tosa_seed-42_ablation.yaml,train,epoch,train,thresholded_partition,threshold,123,123.0,0,123,False,False,4978.11279296875,2641.6611163525563,2903.1737626797726,nan,nan,False,160,8613.746080068864,4831.909135635894,0.7786,0.8032,498211.28125,0.5004340410232544,nan,queue,queue,per_epoch_trace
squeeze_net_tosa,inputs/task_graph_topology/soda-benchmark-graphs/pytorch-graphs/squeeze_net_tosa.dot,/qfs/people/dass304/dass304/HWSWpartition/hw-sw-partition-metaheur/BatchExperiments/Ablation/diff_gnn_order_lssp_trace/squeeze_net_tosa/seed-42/run-20260412-135801/config/squeeze_net_tosa_seed-42_ablation.yaml,train,epoch,train,thresholded_partition,threshold,124,124.0,0,124,False,False,5000.3046875,3119.4986463784776,3119.498646378477,nan,nan,False,157,8400.624649609377,4831.909135635894,0.7767999999999999,0.8016,500431.1875,0.4995928406715393,nan,queue,queue,per_epoch_trace
squeeze_net_tosa,inputs/task_graph_topology/soda-benchmark-graphs/pytorch-graphs/squeeze_net_tosa.dot,/qfs/people/dass304/dass304/HWSWpartition/hw-sw-partition-metaheur/BatchExperiments/Ablation/diff_gnn_order_lssp_trace/squeeze_net_tosa/seed-42/run-20260412-135801/config/squeeze_net_tosa_seed-42_ablation.yaml,train,epoch,train,thresholded_partition,threshold,125,125.0,0,125,False,False,4996.8828125,2945.229536316316,2945.2295363163166,nan,nan,False,159,8753.376722961815,4831.909135635894,0.775,0.8,500089.0,0.49969014525413513,nan,queue,queue,per_epoch_trace
squeeze_net_tosa,inputs/task_graph_topology/soda-benchmark-graphs/pytorch-graphs/squeeze_net_tosa.dot,/qfs/people/dass304/dass304/HWSWpartition/hw-sw-partition-metaheur/BatchExperiments/Ablation/diff_gnn_order_lssp_trace/squeeze_net_tosa/seed-42/run-20260412-135801/config/squeeze_net_tosa_seed-42_ablation.yaml,train,epoch,train,thresholded_partition,threshold,126,126.0,0,126,False,False,4965.08837890625,3006.687721835125,3081.293512099247,nan,nan,False,155,8290.330333190746,4831.909135635894,0.7732,0.7984,496912.40625,0.4999304711818695,nan,queue,queue,per_epoch_trace
squeeze_net_tosa,inputs/task_graph_topology/soda-benchmark-graphs/pytorch-graphs/squeeze_net_tosa.dot,/qfs/people/dass304/dass304/HWSWpartition/hw-sw-partition-metaheur/BatchExperiments/Ablation/diff_gnn_order_lssp_trace/squeeze_net_tosa/seed-42/run-20260412-135801/config/squeeze_net_tosa_seed-42_ablation.yaml,train,epoch,train,thresholded_partition,threshold,127,127.0,0,127,False,False,4990.39697265625,5455.51503950481,5659.332444490624,nan,nan,False,144,7756.631466769112,4831.909135635894,0.7714,0.7968,499442.03125,0.5000466704368591,nan,queue,queue,per_epoch_trace
squeeze_net_tosa,inputs/task_graph_topology/soda-benchmark-graphs/pytorch-graphs/squeeze_net_tosa.dot,/qfs/people/dass304/dass304/HWSWpartition/hw-sw-partition-metaheur/BatchExperiments/Ablation/diff_gnn_order_lssp_trace/squeeze_net_tosa/seed-42/run-20260412-135801/config/squeeze_net_tosa_seed-42_ablation.yaml,train,epoch,train,thresholded_partition,threshold,128,128.0,0,128,False,False,5000.009765625,3163.048811339217,3304.353772629632,nan,nan,False,160,8637.674653792692,4831.909135635894,0.7696,0.7952,500400.125,0.5001505613327026,nan,queue,queue,per_epoch_trace
squeeze_net_tosa,inputs/task_graph_topology/soda-benchmark-graphs/pytorch-graphs/squeeze_net_tosa.dot,/qfs/people/dass304/dass304/HWSWpartition/hw-sw-partition-metaheur/BatchExperiments/Ablation/diff_gnn_order_lssp_trace/squeeze_net_tosa/seed-42/run-20260412-135801/config/squeeze_net_tosa_seed-42_ablation.yaml,train,epoch,train,thresholded_partition,threshold,129,129.0,0,129,False,False,5002.197265625,4590.877813330124,4590.877813330124,nan,nan,False,152,8187.774264497361,4831.909135635894,0.7678,0.7936,500620.0625,0.4997688829898834,nan,queue,queue,per_epoch_trace
squeeze_net_tosa,inputs/task_graph_topology/soda-benchmark-graphs/pytorch-graphs/squeeze_net_tosa.dot,/qfs/people/dass304/dass304/HWSWpartition/hw-sw-partition-metaheur/BatchExperiments/Ablation/diff_gnn_order_lssp_trace/squeeze_net_tosa/seed-42/run-20260412-135801/config/squeeze_net_tosa_seed-42_ablation.yaml,train,epoch,train,thresholded_partition,threshold,130,130.0,0,130,False,False,5000.46435546875,3885.1376986694063,3980.901792817878,nan,nan,False,151,8096.283854673043,4831.909135635894,0.766,0.792,500446.875,0.4995986521244049,nan,queue,queue,per_epoch_trace
squeeze_net_tosa,inputs/task_graph_topology/soda-benchmark-graphs/pytorch-graphs/squeeze_net_tosa.dot,/qfs/people/dass304/dass304/HWSWpartition/hw-sw-partition-metaheur/BatchExperiments/Ablation/diff_gnn_order_lssp_trace/squeeze_net_tosa/seed-42/run-20260412-135801/config/squeeze_net_tosa_seed-42_ablation.yaml,train,epoch,train,thresholded_partition,threshold,131,131.0,0,131,False,False,4988.396484375,4316.712797297103,4316.712797297103,nan,nan,False,150,8040.92634217974,4831.909135635894,0.7642,0.7904,499242.03125,0.4997476637363434,nan,queue,queue,per_epoch_trace
squeeze_net_tosa,inputs/task_graph_topology/soda-benchmark-graphs/pytorch-graphs/squeeze_net_tosa.dot,/qfs/people/dass304/dass304/HWSWpartition/hw-sw-partition-metaheur/BatchExperiments/Ablation/diff_gnn_order_lssp_trace/squeeze_net_tosa/seed-42/run-20260412-135801/config/squeeze_net_tosa_seed-42_ablation.yaml,train,epoch,train,thresholded_partition,threshold,132,132.0,0,132,False,False,5009.68994140625,3367.9310141127253,3540.412941621721,nan,nan,False,155,8290.971876506015,4831.909135635894,0.7624,0.7888,501369.21875,0.49982112646102905,nan,queue,queue,per_epoch_trace
squeeze_net_tosa,inputs/task_graph_topology/soda-benchmark-graphs/pytorch-graphs/squeeze_net_tosa.dot,/qfs/people/dass304/dass304/HWSWpartition/hw-sw-partition-metaheur/BatchExperiments/Ablation/diff_gnn_order_lssp_trace/squeeze_net_tosa/seed-42/run-20260412-135801/config/squeeze_net_tosa_seed-42_ablation.yaml,train,epoch,train,thresholded_partition,threshold,133,133.0,0,133,False,False,5000.3291015625,2721.1613398350646,2721.1613398350646,nan,nan,False,163,8776.867922732734,4831.909135635894,0.7605999999999999,0.7872,500432.21875,0.5002784132957458,nan,queue,queue,per_epoch_trace
squeeze_net_tosa,inputs/task_graph_topology/soda-benchmark-graphs/pytorch-graphs/squeeze_net_tosa.dot,/qfs/people/dass304/dass304/HWSWpartition/hw-sw-partition-metaheur/BatchExperiments/Ablation/diff_gnn_order_lssp_trace/squeeze_net_tosa/seed-42/run-20260412-135801/config/squeeze_net_tosa_seed-42_ablation.yaml,train,epoch,train,thresholded_partition,threshold,134,134.0,0,134,False,False,5016.38232421875,3440.2393622199966,3674.5024861122643,nan,nan,False,154,8380.34993070008,4831.909135635894,0.7587999999999999,0.7856,502038.34375,0.499874472618103,nan,queue,queue,per_epoch_trace
squeeze_net_tosa,inputs/task_graph_topology/soda-benchmark-graphs/pytorch-graphs/squeeze_net_tosa.dot,/qfs/people/dass304/dass304/HWSWpartition/hw-sw-partition-metaheur/BatchExperiments/Ablation/diff_gnn_order_lssp_trace/squeeze_net_tosa/seed-42/run-20260412-135801/config/squeeze_net_tosa_seed-42_ablation.yaml,train,epoch,train,thresholded_partition,threshold,135,135.0,0,135,False,False,4994.16552734375,5354.5852757223565,5220.29024876979,nan,nan,False,153,8201.269178415298,4831.909135635894,0.757,0.784,499816.53125,0.4998166859149933,nan,queue,queue,per_epoch_trace
squeeze_net_tosa,inputs/task_graph_topology/soda-benchmark-graphs/pytorch-graphs/squeeze_net_tosa.dot,/qfs/people/dass304/dass304/HWSWpartition/hw-sw-partition-metaheur/BatchExperiments/Ablation/diff_gnn_order_lssp_trace/squeeze_net_tosa/seed-42/run-20260412-135801/config/squeeze_net_tosa_seed-42_ablation.yaml,train,epoch,train,thresholded_partition,threshold,136,136.0,0,136,False,False,5009.3828125,2748.922477141229,2854.3942712889684,nan,nan,False,158,8587.995990793084,4831.909135635894,0.7552,0.7824,501337.75,0.4997548758983612,nan,queue,queue,per_epoch_trace
squeeze_net_tosa,inputs/task_graph_topology/soda-benchmark-graphs/pytorch-graphs/squeeze_net_tosa.dot,/qfs/people/dass304/dass304/HWSWpartition/hw-sw-partition-metaheur/BatchExperiments/Ablation/diff_gnn_order_lssp_trace/squeeze_net_tosa/seed-42/run-20260412-135801/config/squeeze_net_tosa_seed-42_ablation.yaml,train,epoch,train,thresholded_partition,threshold,137,137.0,0,137,False,False,5008.2392578125,4093.3497796351453,4389.885978826122,nan,nan,False,153,8309.147436548286,4831.909135635894,0.7534,0.7807999999999999,501224.875,0.49992793798446655,nan,queue,queue,per_epoch_trace
squeeze_net_tosa,inputs/task_graph_topology/soda-benchmark-graphs/pytorch-graphs/squeeze_net_tosa.dot,/qfs/people/dass304/dass304/HWSWpartition/hw-sw-partition-metaheur/BatchExperiments/Ablation/diff_gnn_order_lssp_trace/squeeze_net_tosa/seed-42/run-20260412-135801/config/squeeze_net_tosa_seed-42_ablation.yaml,train,epoch,train,thresholded_partition,threshold,138,138.0,0,138,False,False,4994.85205078125,3573.892657319213,3637.6959946386887,nan,nan,False,156,8273.310990629916,4831.909135635894,0.7515999999999999,0.7792,499886.625,0.5002047419548035,nan,queue,queue,per_epoch_trace
squeeze_net_tosa,inputs/task_graph_topology/soda-benchmark-graphs/pytorch-graphs/squeeze_net_tosa.dot,/qfs/people/dass304/dass304/HWSWpartition/hw-sw-partition-metaheur/BatchExperiments/Ablation/diff_gnn_order_lssp_trace/squeeze_net_tosa/seed-42/run-20260412-135801/config/squeeze_net_tosa_seed-42_ablation.yaml,train,epoch,train,thresholded_partition,threshold,139,139.0,0,139,False,False,5012.07666015625,4283.953504520666,4288.703640821668,nan,nan,False,157,8607.463784411626,4831.909135635894,0.7498,0.7776,501608.3125,0.5000654458999634,nan,queue,queue,per_epoch_trace
squeeze_net_tosa,inputs/task_graph_topology/soda-benchmark-graphs/pytorch-graphs/squeeze_net_tosa.dot,/qfs/people/dass304/dass304/HWSWpartition/hw-sw-partition-metaheur/BatchExperiments/Ablation/diff_gnn_order_lssp_trace/squeeze_net_tosa/seed-42/run-20260412-135801/config/squeeze_net_tosa_seed-42_ablation.yaml,train,epoch,train,thresholded_partition,threshold,140,140.0,0,140,False,False,4976.44580078125,3735.3312878793404,3735.3312878793404,nan,nan,False,155,8312.583878280195,4831.909135635894,0.748,0.776,498047.375,0.5003560781478882,nan,queue,queue,per_epoch_trace
squeeze_net_tosa,inputs/task_graph_topology/soda-benchmark-graphs/pytorch-graphs/squeeze_net_tosa.dot,/qfs/people/dass304/dass304/HWSWpartition/hw-sw-partition-metaheur/BatchExperiments/Ablation/diff_gnn_order_lssp_trace/squeeze_net_tosa/seed-42/run-20260412-135801/config/squeeze_net_tosa_seed-42_ablation.yaml,train,epoch,train,thresholded_partition,threshold,141,141.0,0,141,False,False,5003.8369140625,4018.691573503375,4070.6083301022545,nan,nan,False,150,8178.722100241236,4831.909135635894,0.7462,0.7744,500785.65625,0.4996717572212219,nan,queue,queue,per_epoch_trace
squeeze_net_tosa,inputs/task_graph_topology/soda-benchmark-graphs/pytorch-graphs/squeeze_net_tosa.dot,/qfs/people/dass304/dass304/HWSWpartition/hw-sw-partition-metaheur/BatchExperiments/Ablation/diff_gnn_order_lssp_trace/squeeze_net_tosa/seed-42/run-20260412-135801/config/squeeze_net_tosa_seed-42_ablation.yaml,train,epoch,train,thresholded_partition,threshold,142,142.0,0,142,False,False,4992.07373046875,3136.07389165399,3443.7268698251323,nan,nan,False,156,8415.704306539617,4831.909135635894,0.7444,0.7728,499607.875,0.4999561309814453,nan,queue,queue,per_epoch_trace
squeeze_net_tosa,inputs/task_graph_topology/soda-benchmark-graphs/pytorch-graphs/squeeze_net_tosa.dot,/qfs/people/dass304/dass304/HWSWpartition/hw-sw-partition-metaheur/BatchExperiments/Ablation/diff_gnn_order_lssp_trace/squeeze_net_tosa/seed-42/run-20260412-135801/config/squeeze_net_tosa_seed-42_ablation.yaml,train,epoch,train,thresholded_partition,threshold,143,143.0,0,143,False,False,4923.75048828125,4170.104031132224,4041.6981481149883,nan,nan,False,153,8245.702337193836,4831.909135635894,0.7426,0.7712,499295.84375,0.5001039505004883,nan,queue,queue,per_epoch_trace
squeeze_net_tosa,inputs/task_graph_topology/soda-benchmark-graphs/pytorch-graphs/squeeze_net_tosa.dot,/qfs/people/dass304/dass304/HWSWpartition/hw-sw-partition-metaheur/BatchExperiments/Ablation/diff_gnn_order_lssp_trace/squeeze_net_tosa/seed-42/run-20260412-135801/config/squeeze_net_tosa_seed-42_ablation.yaml,train,epoch,train,thresholded_partition,threshold,144,144.0,0,144,False,False,4927.47265625,4040.811619912201,4040.811619912201,nan,nan,False,153,8493.32522684815,4831.909135635894,0.7408,0.7696000000000001,493150.03125,0.5002338290214539,nan,queue,queue,per_epoch_trace
squeeze_net_tosa,inputs/task_graph_topology/soda-benchmark-graphs/pytorch-graphs/squeeze_net_tosa.dot,/qfs/people/dass304/dass304/HWSWpartition/hw-sw-partition-metaheur/BatchExperiments/Ablation/diff_gnn_order_lssp_trace/squeeze_net_tosa/seed-42/run-20260412-135801/config/squeeze_net_tosa_seed-42_ablation.yaml,train,epoch,train,thresholded_partition,threshold,145,145.0,0,145,False,False,4944.20458984375,3197.8571681175354,2995.5070282754496,nan,nan,False,157,8424.27529251975,4831.909135635894,0.739,0.768,494822.75,0.5003204941749573,nan,queue,queue,per_epoch_trace
squeeze_net_tosa,inputs/task_graph_topology/soda-benchmark-graphs/pytorch-graphs/squeeze_net_tosa.dot,/qfs/people/dass304/dass304/HWSWpartition/hw-sw-partition-metaheur/BatchExperiments/Ablation/diff_gnn_order_lssp_trace/squeeze_net_tosa/seed-42/run-20260412-135801/config/squeeze_net_tosa_seed-42_ablation.yaml,train,epoch,train,thresholded_partition,threshold,146,146.0,0,146,False,False,5004.6064453125,3393.2007415383364,3429.5219235521686,nan,nan,False,155,8169.271031865134,4831.909135635894,0.7372000000000001,0.7664,500861.53125,0.49906665086746216,nan,queue,queue,per_epoch_trace
squeeze_net_tosa,inputs/task_graph_topology/soda-benchmark-graphs/pytorch-graphs/squeeze_net_tosa.dot,/qfs/people/dass304/dass304/HWSWpartition/hw-sw-partition-metaheur/BatchExperiments/Ablation/diff_gnn_order_lssp_trace/squeeze_net_tosa/seed-42/run-20260412-135801/config/squeeze_net_tosa_seed-42_ablation.yaml,train,epoch,train,thresholded_partition,threshold,147,147.0,0,147,False,False,5013.4140625,3882.6076812324504,3826.2436305185997,nan,nan,False,156,8442.897457788547,4831.909135635894,0.7354,0.7648,501741.21875,0.49966979026794434,nan,queue,queue,per_epoch_trace
squeeze_net_tosa,inputs/task_graph_topology/soda-benchmark-graphs/pytorch-graphs/squeeze_net_tosa.dot,/qfs/people/dass304/dass304/HWSWpartition/hw-sw-partition-metaheur/BatchExperiments/Ablation/diff_gnn_order_lssp_trace/squeeze_net_tosa/seed-42/run-20260412-135801/config/squeeze_net_tosa_seed-42_ablation.yaml,train,epoch,train,thresholded_partition,threshold,148,148.0,0,148,False,False,4982.29052734375,3737.9176844647327,3798.455982518927,nan,nan,False,153,8495.562519815545,4831.909135635894,0.7336,0.7632,498632.625,0.500494658946991,nan,queue,queue,per_epoch_trace
squeeze_net_tosa,inputs/task_graph_topology/soda-benchmark-graphs/pytorch-graphs/squeeze_net_tosa.dot,/qfs/people/dass304/dass304/HWSWpartition/hw-sw-partition-metaheur/BatchExperiments/Ablation/diff_gnn_order_lssp_trace/squeeze_net_tosa/seed-42/run-20260412-135801/config/squeeze_net_tosa_seed-42_ablation.yaml,train,epoch,train,thresholded_partition,threshold,149,149.0,0,149,False,False,4978.68212890625,3604.1588612632513,3680.274114531362,nan,nan,False,155,8159.465658154908,4831.909135635894,0.7318,0.7616,498271.84375,0.4994470179080963,nan,queue,queue,per_epoch_trace
squeeze_net_tosa,inputs/task_graph_topology/soda-benchmark-graphs/pytorch-graphs/squeeze_net_tosa.dot,/qfs/people/dass304/dass304/HWSWpartition/hw-sw-partition-metaheur/BatchExperiments/Ablation/diff_gnn_order_lssp_trace/squeeze_net_tosa/seed-42/run-20260412-135801/config/squeeze_net_tosa_seed-42_ablation.yaml,train,epoch,train,thresholded_partition,threshold,150,150.0,0,150,False,False,4997.22314453125,3094.441685738432,3094.441685738432,nan,nan,False,156,8248.282462677274,4831.909135635894,0.73,0.76,500123.6875,0.4998173713684082,nan,queue,queue,per_epoch_trace
squeeze_net_tosa,inputs/task_graph_topology/soda-benchmark-graphs/pytorch-graphs/squeeze_net_tosa.dot,/qfs/people/dass304/dass304/HWSWpartition/hw-sw-partition-metaheur/BatchExperiments/Ablation/diff_gnn_order_lssp_trace/squeeze_net_tosa/seed-42/run-20260412-135801/config/squeeze_net_tosa_seed-42_ablation.yaml,train,epoch,train,thresholded_partition,threshold,151,151.0,0,151,False,False,4985.94775390625,3792.6925682640945,3802.015404372659,nan,nan,False,155,8505.789880442899,4831.909135635894,0.7282,0.7584,498997.65625,0.5001903176307678,nan,queue,queue,per_epoch_trace
squeeze_net_tosa,inputs/task_graph_topology/soda-benchmark-graphs/pytorch-graphs/squeeze_net_tosa.dot,/qfs/people/dass304/dass304/HWSWpartition/hw-sw-partition-metaheur/BatchExperiments/Ablation/diff_gnn_order_lssp_trace/squeeze_net_tosa/seed-42/run-20260412-135801/config/squeeze_net_tosa_seed-42_ablation.yaml,train,epoch,train,thresholded_partition,threshold,152,152.0,0,152,False,False,5008.8134765625,4289.90061678652,4289.90061678652,nan,nan,False,152,8232.420768534588,4831.909135635894,0.7263999999999999,0.7568,501281.78125,0.4998742640018463,nan,queue,queue,per_epoch_trace
squeeze_net_tosa,inputs/task_graph_topology/soda-benchmark-graphs/pytorch-graphs/squeeze_net_tosa.dot,/qfs/people/dass304/dass304/HWSWpartition/hw-sw-partition-metaheur/BatchExperiments/Ablation/diff_gnn_order_lssp_trace/squeeze_net_tosa/seed-42/run-20260412-135801/config/squeeze_net_tosa_seed-42_ablation.yaml,train,epoch,train,thresholded_partition,threshold,153,153.0,0,153,False,False,5006.998046875,3143.706766176126,3288.3442217060333,nan,nan,False,157,8458.500070578088,4831.909135635894,0.7246,0.7552,501099.1875,0.4995754659175873,nan,queue,queue,per_epoch_trace
squeeze_net_tosa,inputs/task_graph_topology/soda-benchmark-graphs/pytorch-graphs/squeeze_net_tosa.dot,/qfs/people/dass304/dass304/HWSWpartition/hw-sw-partition-metaheur/BatchExperiments/Ablation/diff_gnn_order_lssp_trace/squeeze_net_tosa/seed-42/run-20260412-135801/config/squeeze_net_tosa_seed-42_ablation.yaml,train,epoch,train,thresholded_partition,threshold,154,154.0,0,154,False,False,4984.65234375,3808.536653969611,3955.1840975701157,nan,nan,False,154,8377.74442811161,4831.909135635894,0.7228,0.7536,498867.0,0.49984315037727356,nan,queue,queue,per_epoch_trace
squeeze_net_tosa,inputs/task_graph_topology/soda-benchmark-graphs/pytorch-graphs/squeeze_net_tosa.dot,/qfs/people/dass304/dass304/HWSWpartition/hw-sw-partition-metaheur/BatchExperiments/Ablation/diff_gnn_order_lssp_trace/squeeze_net_tosa/seed-42/run-20260412-135801/config/squeeze_net_tosa_seed-42_ablation.yaml,train,epoch,train,thresholded_partition,threshold,155,155.0,0,155,False,False,4992.5634765625,3275.0445088296,3275.0445088296,nan,nan,False,157,8568.431645341509,4831.909135635894,0.721,0.752,499657.96875,0.5002787113189697,nan,queue,queue,per_epoch_trace
squeeze_net_tosa,inputs/task_graph_topology/soda-benchmark-graphs/pytorch-graphs/squeeze_net_tosa.dot,/qfs/people/dass304/dass304/HWSWpartition/hw-sw-partition-metaheur/BatchExperiments/Ablation/diff_gnn_order_lssp_trace/squeeze_net_tosa/seed-42/run-20260412-135801/config/squeeze_net_tosa_seed-42_ablation.yaml,train,epoch,train,thresholded_partition,threshold,156,156.0,0,156,False,False,5001.32763671875,3010.96815741144,3010.96815741144,nan,nan,False,159,8542.536123639127,4831.909135635894,0.7192000000000001,0.7504,500533.0,0.5001077055931091,nan,queue,queue,per_epoch_trace
squeeze_net_tosa,inputs/task_graph_topology/soda-benchmark-graphs/pytorch-graphs/squeeze_net_tosa.dot,/qfs/people/dass304/dass304/HWSWpartition/hw-sw-partition-metaheur/BatchExperiments/Ablation/diff_gnn_order_lssp_trace/squeeze_net_tosa/seed-42/run-20260412-135801/config/squeeze_net_tosa_seed-42_ablation.yaml,train,epoch,train,thresholded_partition,threshold,157,157.0,0,157,False,False,4983.310546875,2382.647382768506,2382.647382768506,nan,nan,False,159,8518.65606317229,4831.909135635894,0.7174,0.7487999999999999,498732.46875,0.4996753931045532,nan,queue,queue,per_epoch_trace
squeeze_net_tosa,inputs/task_graph_topology/soda-benchmark-graphs/pytorch-graphs/squeeze_net_tosa.dot,/qfs/people/dass304/dass304/HWSWpartition/hw-sw-partition-metaheur/BatchExperiments/Ablation/diff_gnn_order_lssp_trace/squeeze_net_tosa/seed-42/run-20260412-135801/config/squeeze_net_tosa_seed-42_ablation.yaml,train,epoch,train,thresholded_partition,threshold,158,158.0,0,158,False,False,5001.404296875,1778.4880057640505,1868.3634201553766,nan,nan,False,164,8768.764460690421,4831.909135635894,0.7156,0.7472,500538.8125,0.500026285648346,nan,queue,queue,per_epoch_trace
squeeze_net_tosa,inputs/task_graph_topology/soda-benchmark-graphs/pytorch-graphs/squeeze_net_tosa.dot,/qfs/people/dass304/dass304/HWSWpartition/hw-sw-partition-metaheur/BatchExperiments/Ablation/diff_gnn_order_lssp_trace/squeeze_net_tosa/seed-42/run-20260412-135801/config/squeeze_net_tosa_seed-42_ablation.yaml,train,epoch,train,thresholded_partition,threshold,159,159.0,0,159,False,False,4958.37646484375,2688.0148279357554,2688.0148279357554,nan,nan,False,164,8951.962775319827,4831.909135635894,0.7138,0.7456,496239.15625,0.5000244379043579,nan,queue,queue,per_epoch_trace
squeeze_net_tosa,inputs/task_graph_topology/soda-benchmark-graphs/pytorch-graphs/squeeze_net_tosa.dot,/qfs/people/dass304/dass304/HWSWpartition/hw-sw-partition-metaheur/BatchExperiments/Ablation/diff_gnn_order_lssp_trace/squeeze_net_tosa/seed-42/run-20260412-135801/config/squeeze_net_tosa_seed-42_ablation.yaml,train,epoch,train,thresholded_partition,threshold,160,160.0,0,160,False,False,4976.99853515625,2339.481715618887,2384.1489039608355,nan,nan,False,162,8527.059951874018,4831.909135635894,0.712,0.744,498099.375,0.5002275705337524,nan,queue,queue,per_epoch_trace
squeeze_net_tosa,inputs/task_graph_topology/soda-benchmark-graphs/pytorch-graphs/squeeze_net_tosa.dot,/qfs/people/dass304/dass304/HWSWpartition/hw-sw-partition-metaheur/BatchExperiments/Ablation/diff_gnn_order_lssp_trace/squeeze_net_tosa/seed-42/run-20260412-135801/config/squeeze_net_tosa_seed-42_ablation.yaml,train,epoch,train,thresholded_partition,threshold,161,161.0,0,161,False,False,4961.51220703125,2812.542111711045,3157.17471959472,nan,nan,False,157,8419.844664994076,4831.909135635894,0.7101999999999999,0.7424,496553.71875,0.49985840916633606,nan,queue,queue,per_epoch_trace
squeeze_net_tosa,inputs/task_graph_topology/soda-benchmark-graphs/pytorch-graphs/squeeze_net_tosa.dot,/qfs/people/dass304/dass304/HWSWpartition/hw-sw-partition-metaheur/BatchExperiments/Ablation/diff_gnn_order_lssp_trace/squeeze_net_tosa/seed-42/run-20260412-135801/config/squeeze_net_tosa_seed-42_ablation.yaml,train,epoch,train,thresholded_partition,threshold,162,162.0,0,162,False,False,4999.4619140625,2036.61300330561,2036.61300330561,nan,nan,False,164,8868.11633644252,4831.909135635894,0.7083999999999999,0.7407999999999999,500346.3125,0.500031590461731,nan,queue,queue,per_epoch_trace
squeeze_net_tosa,inputs/task_graph_topology/soda-benchmark-graphs/pytorch-graphs/squeeze_net_tosa.dot,/qfs/people/dass304/dass304/HWSWpartition/hw-sw-partition-metaheur/BatchExperiments/Ablation/diff_gnn_order_lssp_trace/squeeze_net_tosa/seed-42/run-20260412-135801/config/squeeze_net_tosa_seed-42_ablation.yaml,train,epoch,train,thresholded_partition,threshold,163,163.0,0,163,False,False,5003.35791015625,4902.882710098437,4883.835745438109,nan,nan,False,152,8119.8396774964895,4831.909135635894,0.7066,0.7392,500736.15625,0.5002661347389221,nan,queue,queue,per_epoch_trace
squeeze_net_tosa,inputs/task_graph_topology/soda-benchmark-graphs/pytorch-graphs/squeeze_net_tosa.dot,/qfs/people/dass304/dass304/HWSWpartition/hw-sw-partition-metaheur/BatchExperiments/Ablation/diff_gnn_order_lssp_trace/squeeze_net_tosa/seed-42/run-20260412-135801/config/squeeze_net_tosa_seed-42_ablation.yaml,train,epoch,train,thresholded_partition,threshold,164,164.0,0,164,False,False,5011.1015625,3395.684264754235,3395.6842647542353,nan,nan,False,160,8812.722702666146,4831.909135635894,0.7048,0.7376,501510.84375,0.500102698802948,nan,queue,queue,per_epoch_trace
squeeze_net_tosa,inputs/task_graph_topology/soda-benchmark-graphs/pytorch-graphs/squeeze_net_tosa.dot,/qfs/people/dass304/dass304/HWSWpartition/hw-sw-partition-metaheur/BatchExperiments/Ablation/diff_gnn_order_lssp_trace/squeeze_net_tosa/seed-42/run-20260412-135801/config/squeeze_net_tosa_seed-42_ablation.yaml,train,epoch,train,thresholded_partition,threshold,165,165.0,0,165,False,False,4951.34716796875,2137.364454608519,2158.2784098840984,nan,nan,False,164,8761.8336993289,4831.909135635894,0.703,0.736,495536.84375,0.5002937316894531,nan,queue,queue,per_epoch_trace
squeeze_net_tosa,inputs/task_graph_topology/soda-benchmark-graphs/pytorch-graphs/squeeze_net_tosa.dot,/qfs/people/dass304/dass304/HWSWpartition/hw-sw-partition-metaheur/BatchExperiments/Ablation/diff_gnn_order_lssp_trace/squeeze_net_tosa/seed-42/run-20260412-135801/config/squeeze_net_tosa_seed-42_ablation.yaml,train,epoch,train,thresholded_partition,threshold,166,166.0,0,166,False,False,4998.11083984375,3024.0426417462854,3024.0426417462854,nan,nan,False,162,8739.668383870609,4831.909135635894,0.7012,0.7343999999999999,500211.625,0.5006458163261414,nan,queue,queue,per_epoch_trace
squeeze_net_tosa,inputs/task_graph_topology/soda-benchmark-graphs/pytorch-graphs/squeeze_net_tosa.dot,/qfs/people/dass304/dass304/HWSWpartition/hw-sw-partition-metaheur/BatchExperiments/Ablation/diff_gnn_order_lssp_trace/squeeze_net_tosa/seed-42/run-20260412-135801/config/squeeze_net_tosa_seed-42_ablation.yaml,train,epoch,train,thresholded_partition,threshold,167,167.0,0,167,False,False,5005.89501953125,3145.0168497305926,3248.5049264465156,nan,nan,False,157,8527.108086260563,4831.909135635894,0.6994,0.7327999999999999,500988.0625,0.500019907951355,nan,queue,queue,per_epoch_trace
squeeze_net_tosa,inputs/task_graph_topology/soda-benchmark-graphs/pytorch-graphs/squeeze_net_tosa.dot,/qfs/people/dass304/dass304/HWSWpartition/hw-sw-partition-metaheur/BatchExperiments/Ablation/diff_gnn_order_lssp_trace/squeeze_net_tosa/seed-42/run-20260412-135801/config/squeeze_net_tosa_seed-42_ablation.yaml,train,epoch,train,thresholded_partition,threshold,168,168.0,0,168,False,False,4996.88720703125,2353.319753326277,2571.527381848041,nan,nan,False,163,8697.251009126403,4831.909135635894,0.6976,0.7312,500088.8125,0.5002105236053467,nan,queue,queue,per_epoch_trace
squeeze_net_tosa,inputs/task_graph_topology/soda-benchmark-graphs/pytorch-graphs/squeeze_net_tosa.dot,/qfs/people/dass304/dass304/HWSWpartition/hw-sw-partition-metaheur/BatchExperiments/Ablation/diff_gnn_order_lssp_trace/squeeze_net_tosa/seed-42/run-20260412-135801/config/squeeze_net_tosa_seed-42_ablation.yaml,train,epoch,train,thresholded_partition,threshold,169,169.0,0,169,False,False,4994.7392578125,2165.3054841833055,2422.021404658399,nan,nan,False,160,8652.823847144633,4831.909135635894,0.6958,0.7296,499873.6875,0.5005523562431335,nan,queue,queue,per_epoch_trace
squeeze_net_tosa,inputs/task_graph_topology/soda-benchmark-graphs/pytorch-graphs/squeeze_net_tosa.dot,/qfs/people/dass304/dass304/HWSWpartition/hw-sw-partition-metaheur/BatchExperiments/Ablation/diff_gnn_order_lssp_trace/squeeze_net_tosa/seed-42/run-20260412-135801/config/squeeze_net_tosa_seed-42_ablation.yaml,train,epoch,train,thresholded_partition,threshold,170,170.0,0,170,False,False,5001.99658203125,2536.5514173262777,2773.4232251516223,nan,nan,False,164,8705.35714437502,4831.909135635894,0.694,0.728,500606.1875,0.49936386942863464,nan,queue,queue,per_epoch_trace
squeeze_net_tosa,inputs/task_graph_topology/soda-benchmark-graphs/pytorch-graphs/squeeze_net_tosa.dot,/qfs/people/dass304/dass304/HWSWpartition/hw-sw-partition-metaheur/BatchExperiments/Ablation/diff_gnn_order_lssp_trace/squeeze_net_tosa/seed-42/run-20260412-135801/config/squeeze_net_tosa_seed-42_ablation.yaml,train,epoch,train,thresholded_partition,threshold,171,171.0,0,171,False,False,4996.84814453125,2824.670815097401,2824.670815097401,nan,nan,False,164,8916.080246304073,4831.909135635894,0.6921999999999999,0.7263999999999999,500084.21875,0.5000545382499695,nan,queue,queue,per_epoch_trace
squeeze_net_tosa,inputs/task_graph_topology/soda-benchmark-graphs/pytorch-graphs/squeeze_net_tosa.dot,/qfs/people/dass304/dass304/HWSWpartition/hw-sw-partition-metaheur/BatchExperiments/Ablation/diff_gnn_order_lssp_trace/squeeze_net_tosa/seed-42/run-20260412-135801/config/squeeze_net_tosa_seed-42_ablation.yaml,train,epoch,train,thresholded_partition,threshold,172,172.0,0,172,False,False,4997.548828125,3117.4421650003014,3287.327534762898,nan,nan,False,156,8507.73037620092,4831.909135635894,0.6904,0.7248,500155.09375,0.5005506277084351,nan,queue,queue,per_epoch_trace
squeeze_net_tosa,inputs/task_graph_topology/soda-benchmark-graphs/pytorch-graphs/squeeze_net_tosa.dot,/qfs/people/dass304/dass304/HWSWpartition/hw-sw-partition-metaheur/BatchExperiments/Ablation/diff_gnn_order_lssp_trace/squeeze_net_tosa/seed-42/run-20260412-135801/config/squeeze_net_tosa_seed-42_ablation.yaml,train,epoch,train,thresholded_partition,threshold,173,173.0,0,173,False,False,4974.15283203125,2536.931781750105,2536.931781750105,nan,nan,False,160,8359.934595711624,4831.909135635894,0.6886,0.7232000000000001,497820.46875,0.49964436888694763,nan,queue,queue,per_epoch_trace
squeeze_net_tosa,inputs/task_graph_topology/soda-benchmark-graphs/pytorch-graphs/squeeze_net_tosa.dot,/qfs/people/dass304/dass304/HWSWpartition/hw-sw-partition-metaheur/BatchExperiments/Ablation/diff_gnn_order_lssp_trace/squeeze_net_tosa/seed-42/run-20260412-135801/config/squeeze_net_tosa_seed-42_ablation.yaml,train,epoch,train,thresholded_partition,threshold,174,174.0,0,174,False,False,4995.55126953125,2601.9931933355765,2750.65271376659,nan,nan,False,158,8287.20910702199,4831.909135635894,0.6868000000000001,0.7216,499953.5625,0.49958163499832153,nan,queue,queue,per_epoch_trace
squeeze_net_tosa,inputs/task_graph_topology/soda-benchmark-graphs/pytorch-graphs/squeeze_net_tosa.dot,/qfs/people/dass304/dass304/HWSWpartition/hw-sw-partition-metaheur/BatchExperiments/Ablation/diff_gnn_order_lssp_trace/squeeze_net_tosa/seed-42/run-20260412-135801/config/squeeze_net_tosa_seed-42_ablation.yaml,train,epoch,train,thresholded_partition,threshold,175,175.0,0,175,False,False,4996.06103515625,3147.9861815512245,3303.554028921012,nan,nan,False,160,8653.194141426387,4831.909135635894,0.685,0.72,500006.53125,0.5004535913467407,nan,queue,queue,per_epoch_trace
squeeze_net_tosa,inputs/task_graph_topology/soda-benchmark-graphs/pytorch-graphs/squeeze_net_tosa.dot,/qfs/people/dass304/dass304/HWSWpartition/hw-sw-partition-metaheur/BatchExperiments/Ablation/diff_gnn_order_lssp_trace/squeeze_net_tosa/seed-42/run-20260412-135801/config/squeeze_net_tosa_seed-42_ablation.yaml,train,epoch,train,thresholded_partition,threshold,176,176.0,0,176,False,False,5005.40283203125,2670.87410263348,2670.87410263348,nan,nan,False,163,8826.13081183645,4831.909135635894,0.6832,0.7183999999999999,500942.40625,0.49916872382164,nan,queue,queue,per_epoch_trace
squeeze_net_tosa,inputs/task_graph_topology/soda-benchmark-graphs/pytorch-graphs/squeeze_net_tosa.dot,/qfs/people/dass304/dass304/HWSWpartition/hw-sw-partition-metaheur/BatchExperiments/Ablation/diff_gnn_order_lssp_trace/squeeze_net_tosa/seed-42/run-20260412-135801/config/squeeze_net_tosa_seed-42_ablation.yaml,train,epoch,train,thresholded_partition,threshold,177,177.0,0,177,False,False,4984.798828125,2268.128971847939,2451.248950968474,nan,nan,False,160,8521.477943615813,4831.909135635894,0.6814,0.7168,498881.90625,0.49959638714790344,nan,queue,queue,per_epoch_trace
squeeze_net_tosa,inputs/task_graph_topology/soda-benchmark-graphs/pytorch-graphs/squeeze_net_tosa.dot,/qfs/people/dass304/dass304/HWSWpartition/hw-sw-partition-metaheur/BatchExperiments/Ablation/diff_gnn_order_lssp_trace/squeeze_net_tosa/seed-42/run-20260412-135801/config/squeeze_net_tosa_seed-42_ablation.yaml,train,epoch,train,thresholded_partition,threshold,178,178.0,0,178,False,False,4951.79541015625,2560.2739081046434,2636.1437860202022,nan,nan,False,158,8616.062501185943,4831.909135635894,0.6796,0.7152000000000001,495578.40625,0.5002256035804749,nan,queue,queue,per_epoch_trace
squeeze_net_tosa,inputs/task_graph_topology/soda-benchmark-graphs/pytorch-graphs/squeeze_net_tosa.dot,/qfs/people/dass304/dass304/HWSWpartition/hw-sw-partition-metaheur/BatchExperiments/Ablation/diff_gnn_order_lssp_trace/squeeze_net_tosa/seed-42/run-20260412-135801/config/squeeze_net_tosa_seed-42_ablation.yaml,train,epoch,train,thresholded_partition,threshold,179,179.0,0,179,False,False,4930.48779296875,2882.852510061239,2882.852510061239,nan,nan,False,160,8664.433466821585,4831.909135635894,0.6778,0.7136,493454.5,0.5001407265663147,nan,queue,queue,per_epoch_trace
squeeze_net_tosa,inputs/task_graph_topology/soda-benchmark-graphs/pytorch-graphs/squeeze_net_tosa.dot,/qfs/people/dass304/dass304/HWSWpartition/hw-sw-partition-metaheur/BatchExperiments/Ablation/diff_gnn_order_lssp_trace/squeeze_net_tosa/seed-42/run-20260412-135801/config/squeeze_net_tosa_seed-42_ablation.yaml,train,epoch,train,thresholded_partition,threshold,180,180.0,0,180,False,False,4985.32666015625,2526.900434345535,2700.782200142579,nan,nan,False,160,8593.588897505171,4831.909135635894,0.6759999999999999,0.712,498933.28125,0.4999556243419647,nan,queue,queue,per_epoch_trace
squeeze_net_tosa,inputs/task_graph_topology/soda-benchmark-graphs/pytorch-graphs/squeeze_net_tosa.dot,/qfs/people/dass304/dass304/HWSWpartition/hw-sw-partition-metaheur/BatchExperiments/Ablation/diff_gnn_order_lssp_trace/squeeze_net_tosa/seed-42/run-20260412-135801/config/squeeze_net_tosa_seed-42_ablation.yaml,train,epoch,train,thresholded_partition,threshold,181,181.0,0,181,False,False,4985.73974609375,2167.6861417066616,2299.6812769164435,nan,nan,False,160,8589.439240027401,4831.909135635894,0.6742,0.7103999999999999,498977.8125,0.5002455711364746,nan,queue,queue,per_epoch_trace
squeeze_net_tosa,inputs/task_graph_topology/soda-benchmark-graphs/pytorch-graphs/squeeze_net_tosa.dot,/qfs/people/dass304/dass304/HWSWpartition/hw-sw-partition-metaheur/BatchExperiments/Ablation/diff_gnn_order_lssp_trace/squeeze_net_tosa/seed-42/run-20260412-135801/config/squeeze_net_tosa_seed-42_ablation.yaml,train,epoch,train,thresholded_partition,threshold,182,182.0,0,182,False,False,5005.03076171875,3381.976586492153,3381.976586492153,nan,nan,False,159,8702.07117528438,4831.909135635894,0.6724,0.7088,500903.71875,0.5002253651618958,nan,queue,queue,per_epoch_trace
squeeze_net_tosa,inputs/task_graph_topology/soda-benchmark-graphs/pytorch-graphs/squeeze_net_tosa.dot,/qfs/people/dass304/dass304/HWSWpartition/hw-sw-partition-metaheur/BatchExperiments/Ablation/diff_gnn_order_lssp_trace/squeeze_net_tosa/seed-42/run-20260412-135801/config/squeeze_net_tosa_seed-42_ablation.yaml,train,epoch,train,thresholded_partition,threshold,183,183.0,0,183,False,False,4939.99951171875,2831.2986645271253,2562.4595080129666,nan,nan,False,160,8525.791000824549,4831.909135635894,0.6706,0.7072,494399.375,0.5000250339508057,nan,queue,queue,per_epoch_trace
squeeze_net_tosa,inputs/task_graph_topology/soda-benchmark-graphs/pytorch-graphs/squeeze_net_tosa.dot,/qfs/people/dass304/dass304/HWSWpartition/hw-sw-partition-metaheur/BatchExperiments/Ablation/diff_gnn_order_lssp_trace/squeeze_net_tosa/seed-42/run-20260412-135801/config/squeeze_net_tosa_seed-42_ablation.yaml,train,epoch,train,thresholded_partition,threshold,184,184.0,0,184,False,False,4997.658203125,4022.192429401214,4115.3935710357955,nan,nan,False,157,8376.822642275787,4831.909135635894,0.6688000000000001,0.7056,500167.9375,0.4995746612548828,nan,queue,queue,per_epoch_trace
squeeze_net_tosa,inputs/task_graph_topology/soda-benchmark-graphs/pytorch-graphs/squeeze_net_tosa.dot,/qfs/people/dass304/dass304/HWSWpartition/hw-sw-partition-metaheur/BatchExperiments/Ablation/diff_gnn_order_lssp_trace/squeeze_net_tosa/seed-42/run-20260412-135801/config/squeeze_net_tosa_seed-42_ablation.yaml,train,epoch,train,thresholded_partition,threshold,185,185.0,0,185,False,False,4982.14794921875,2961.9172306102705,2983.9973036378124,nan,nan,False,158,8347.352848463486,4831.909135635894,0.667,0.704,498614.15625,0.5002957582473755,nan,queue,queue,per_epoch_trace
squeeze_net_tosa,inputs/task_graph_topology/soda-benchmark-graphs/pytorch-graphs/squeeze_net_tosa.dot,/qfs/people/dass304/dass304/HWSWpartition/hw-sw-partition-metaheur/BatchExperiments/Ablation/diff_gnn_order_lssp_trace/squeeze_net_tosa/seed-42/run-20260412-135801/config/squeeze_net_tosa_seed-42_ablation.yaml,train,epoch,train,thresholded_partition,threshold,186,186.0,0,186,False,False,4972.84912109375,1475.9800649526637,1736.423089380521,nan,nan,False,165,8855.872619654014,4831.909135635894,0.6652,0.7023999999999999,497685.96875,0.5000925660133362,nan,queue,queue,per_epoch_trace
squeeze_net_tosa,inputs/task_graph_topology/soda-benchmark-graphs/pytorch-graphs/squeeze_net_tosa.dot,/qfs/people/dass304/dass304/HWSWpartition/hw-sw-partition-metaheur/BatchExperiments/Ablation/diff_gnn_order_lssp_trace/squeeze_net_tosa/seed-42/run-20260412-135801/config/squeeze_net_tosa_seed-42_ablation.yaml,train,epoch,train,thresholded_partition,threshold,187,187.0,0,187,False,False,4990.28857421875,2708.1693884493197,2761.2238093448377,nan,nan,False,156,8193.677547243358,4831.909135635894,0.6634,0.7008,499430.0625,0.49980732798576355,nan,queue,queue,per_epoch_trace
squeeze_net_tosa,inputs/task_graph_topology/soda-benchmark-graphs/pytorch-graphs/squeeze_net_tosa.dot,/qfs/people/dass304/dass304/HWSWpartition/hw-sw-partition-metaheur/BatchExperiments/Ablation/diff_gnn_order_lssp_trace/squeeze_net_tosa/seed-42/run-20260412-135801/config/squeeze_net_tosa_seed-42_ablation.yaml,train,epoch,train,thresholded_partition,threshold,188,188.0,0,188,False,False,4990.8212890625,2327.2286288871346,2327.2286288871346,nan,nan,False,165,8953.70373543828,4831.909135635894,0.6616,0.6992,499482.90625,0.500163197517395,nan,queue,queue,per_epoch_trace
squeeze_net_tosa,inputs/task_graph_topology/soda-benchmark-graphs/pytorch-graphs/squeeze_net_tosa.dot,/qfs/people/dass304/dass304/HWSWpartition/hw-sw-partition-metaheur/BatchExperiments/Ablation/diff_gnn_order_lssp_trace/squeeze_net_tosa/seed-42/run-20260412-135801/config/squeeze_net_tosa_seed-42_ablation.yaml,train,epoch,train,thresholded_partition,threshold,189,189.0,0,189,False,False,5011.12841796875,2806.7562413342685,2806.7562413342685,nan,nan,False,159,8472.507757517282,4831.909135635894,0.6597999999999999,0.6976,501512.5625,0.49983516335487366,nan,queue,queue,per_epoch_trace
squeeze_net_tosa,inputs/task_graph_topology/soda-benchmark-graphs/pytorch-graphs/squeeze_net_tosa.dot,/qfs/people/dass304/dass304/HWSWpartition/hw-sw-partition-metaheur/BatchExperiments/Ablation/diff_gnn_order_lssp_trace/squeeze_net_tosa/seed-42/run-20260412-135801/config/squeeze_net_tosa_seed-42_ablation.yaml,train,epoch,train,thresholded_partition,threshold,190,190.0,0,190,False,False,5002.73095703125,2540.5200366170584,2626.862420870952,nan,nan,False,159,8621.720521263183,4831.909135635894,0.6579999999999999,0.696,500672.125,0.5001504421234131,nan,queue,queue,per_epoch_trace
squeeze_net_tosa,inputs/task_graph_topology/soda-benchmark-graphs/pytorch-graphs/squeeze_net_tosa.dot,/qfs/people/dass304/dass304/HWSWpartition/hw-sw-partition-metaheur/BatchExperiments/Ablation/diff_gnn_order_lssp_trace/squeeze_net_tosa/seed-42/run-20260412-135801/config/squeeze_net_tosa_seed-42_ablation.yaml,train,epoch,train,thresholded_partition,threshold,191,191.0,0,191,False,False,4994.62646484375,2259.3437570155506,2259.3437570155506,nan,nan,False,162,8724.997028892927,4831.909135635894,0.6562,0.6943999999999999,499863.40625,0.5004457235336304,nan,queue,queue,per_epoch_trace
squeeze_net_tosa,inputs/task_graph_topology/soda-benchmark-graphs/pytorch-graphs/squeeze_net_tosa.dot,/qfs/people/dass304/dass304/HWSWpartition/hw-sw-partition-metaheur/BatchExperiments/Ablation/diff_gnn_order_lssp_trace/squeeze_net_tosa/seed-42/run-20260412-135801/config/squeeze_net_tosa_seed-42_ablation.yaml,train,epoch,train,thresholded_partition,threshold,192,192.0,0,192,False,False,4935.17529296875,2363.670846889327,2363.670846889327,nan,nan,False,163,8870.412433570595,4831.909135635894,0.6544,0.6928,493921.15625,0.5006859302520752,nan,queue,queue,per_epoch_trace
squeeze_net_tosa,inputs/task_graph_topology/soda-benchmark-graphs/pytorch-graphs/squeeze_net_tosa.dot,/qfs/people/dass304/dass304/HWSWpartition/hw-sw-partition-metaheur/BatchExperiments/Ablation/diff_gnn_order_lssp_trace/squeeze_net_tosa/seed-42/run-20260412-135801/config/squeeze_net_tosa_seed-42_ablation.yaml,train,epoch,train,thresholded_partition,threshold,193,193.0,0,193,False,False,4997.3134765625,2126.927355683021,2249.8313621957104,nan,nan,False,163,8881.509408818196,4831.909135635894,0.6526,0.6912,500131.28125,0.4997712969779968,nan,queue,queue,per_epoch_trace
squeeze_net_tosa,inputs/task_graph_topology/soda-benchmark-graphs/pytorch-graphs/squeeze_net_tosa.dot,/qfs/people/dass304/dass304/HWSWpartition/hw-sw-partition-metaheur/BatchExperiments/Ablation/diff_gnn_order_lssp_trace/squeeze_net_tosa/seed-42/run-20260412-135801/config/squeeze_net_tosa_seed-42_ablation.yaml,train,epoch,train,thresholded_partition,threshold,194,194.0,0,194,False,False,4984.24267578125,1724.7585667258265,1724.7585667258265,nan,nan,False,165,8773.844600721719,4831.909135635894,0.6508,0.6896,498823.5625,0.49975165724754333,nan,queue,queue,per_epoch_trace
squeeze_net_tosa,inputs/task_graph_topology/soda-benchmark-graphs/pytorch-graphs/squeeze_net_tosa.dot,/qfs/people/dass304/dass304/HWSWpartition/hw-sw-partition-metaheur/BatchExperiments/Ablation/diff_gnn_order_lssp_trace/squeeze_net_tosa/seed-42/run-20260412-135801/config/squeeze_net_tosa_seed-42_ablation.yaml,train,epoch,train,thresholded_partition,threshold,195,195.0,0,195,False,False,4983.61279296875,2486.543224731984,2486.543224731984,nan,nan,False,161,8611.787863148711,4831.909135635894,0.649,0.688,498765.0,0.49956217408180237,nan,queue,queue,per_epoch_trace
squeeze_net_tosa,inputs/task_graph_topology/soda-benchmark-graphs/pytorch-graphs/squeeze_net_tosa.dot,/qfs/people/dass304/dass304/HWSWpartition/hw-sw-partition-metaheur/BatchExperiments/Ablation/diff_gnn_order_lssp_trace/squeeze_net_tosa/seed-42/run-20260412-135801/config/squeeze_net_tosa_seed-42_ablation.yaml,train,epoch,train,thresholded_partition,threshold,196,196.0,0,196,False,False,5006.92041015625,1662.1518274013574,1870.178167226546,nan,nan,False,166,8897.259868724494,4831.909135635894,0.6472,0.6863999999999999,501091.34375,0.5000079274177551,nan,queue,queue,per_epoch_trace
squeeze_net_tosa,inputs/task_graph_topology/soda-benchmark-graphs/pytorch-graphs/squeeze_net_tosa.dot,/qfs/people/dass304/dass304/HWSWpartition/hw-sw-partition-metaheur/BatchExperiments/Ablation/diff_gnn_order_lssp_trace/squeeze_net_tosa/seed-42/run-20260412-135801/config/squeeze_net_tosa_seed-42_ablation.yaml,train,epoch,train,thresholded_partition,threshold,197,197.0,0,197,False,False,5001.42529296875,3050.9327208551254,3254.785969064848,nan,nan,False,157,8529.149103353464,4831.909135635894,0.6454,0.6848,500542.90625,0.4998297691345215,nan,queue,queue,per_epoch_trace
squeeze_net_tosa,inputs/task_graph_topology/soda-benchmark-graphs/pytorch-graphs/squeeze_net_tosa.dot,/qfs/people/dass304/dass304/HWSWpartition/hw-sw-partition-metaheur/BatchExperiments/Ablation/diff_gnn_order_lssp_trace/squeeze_net_tosa/seed-42/run-20260412-135801/config/squeeze_net_tosa_seed-42_ablation.yaml,train,epoch,train,thresholded_partition,threshold,198,198.0,0,198,False,False,5012.51904296875,3179.7231305333657,3222.738691696744,nan,nan,False,158,8552.635036224832,4831.909135635894,0.6436,0.6832,501655.1875,0.49978289008140564,nan,queue,queue,per_epoch_trace
squeeze_net_tosa,inputs/task_graph_topology/soda-benchmark-graphs/pytorch-graphs/squeeze_net_tosa.dot,/qfs/people/dass304/dass304/HWSWpartition/hw-sw-partition-metaheur/BatchExperiments/Ablation/diff_gnn_order_lssp_trace/squeeze_net_tosa/seed-42/run-20260412-135801/config/squeeze_net_tosa_seed-42_ablation.yaml,train,epoch,train,thresholded_partition,threshold,199,199.0,0,199,False,False,4911.9111328125,3408.2356849452754,3474.6794369647687,nan,nan,False,160,8644.75226702062,4831.909135635894,0.6417999999999999,0.6816,491590.90625,0.4998109042644501,nan,queue,queue,per_epoch_trace
squeeze_net_tosa,inputs/task_graph_topology/soda-benchmark-graphs/pytorch-graphs/squeeze_net_tosa.dot,/qfs/people/dass304/dass304/HWSWpartition/hw-sw-partition-metaheur/BatchExperiments/Ablation/diff_gnn_order_lssp_trace/squeeze_net_tosa/seed-42/run-20260412-135801/config/squeeze_net_tosa_seed-42_ablation.yaml,train,epoch,train,thresholded_partition,threshold,200,200.0,0,200,False,False,4978.16357421875,1827.8723508454475,1881.2390632722254,nan,nan,False,164,8831.272928373472,4831.909135635894,0.6399999999999999,0.6799999999999999,498218.875,0.4993973970413208,nan,queue,queue,per_epoch_trace
squeeze_net_tosa,inputs/task_graph_topology/soda-benchmark-graphs/pytorch-graphs/squeeze_net_tosa.dot,/qfs/people/dass304/dass304/HWSWpartition/hw-sw-partition-metaheur/BatchExperiments/Ablation/diff_gnn_order_lssp_trace/squeeze_net_tosa/seed-42/run-20260412-135801/config/squeeze_net_tosa_seed-42_ablation.yaml,train,epoch,train,thresholded_partition,threshold,201,201.0,0,201,False,False,4988.99951171875,1600.2407437302097,1810.9459083713418,nan,nan,False,167,8822.732833576041,4831.909135635894,0.6382,0.6783999999999999,499299.0625,0.5011882781982422,nan,queue,queue,per_epoch_trace
squeeze_net_tosa,inputs/task_graph_topology/soda-benchmark-graphs/pytorch-graphs/squeeze_net_tosa.dot,/qfs/people/dass304/dass304/HWSWpartition/hw-sw-partition-metaheur/BatchExperiments/Ablation/diff_gnn_order_lssp_trace/squeeze_net_tosa/seed-42/run-20260412-135801/config/squeeze_net_tosa_seed-42_ablation.yaml,train,epoch,train,thresholded_partition,threshold,202,202.0,0,202,False,False,4980.68896484375,2370.968943447686,2370.968943447686,nan,nan,False,161,8694.404677331404,4831.909135635894,0.6364,0.6768,498471.375,0.5008781552314758,nan,queue,queue,per_epoch_trace
squeeze_net_tosa,inputs/task_graph_topology/soda-benchmark-graphs/pytorch-graphs/squeeze_net_tosa.dot,/qfs/people/dass304/dass304/HWSWpartition/hw-sw-partition-metaheur/BatchExperiments/Ablation/diff_gnn_order_lssp_trace/squeeze_net_tosa/seed-42/run-20260412-135801/config/squeeze_net_tosa_seed-42_ablation.yaml,train,epoch,train,thresholded_partition,threshold,203,203.0,0,203,False,False,4904.39013671875,3259.1421972288317,3511.089745623633,nan,nan,False,160,8454.818009087709,4831.909135635894,0.6345999999999999,0.6752,490840.1875,0.4997844398021698,nan,queue,queue,per_epoch_trace
squeeze_net_tosa,inputs/task_graph_topology/soda-benchmark-graphs/pytorch-graphs/squeeze_net_tosa.dot,/qfs/people/dass304/dass304/HWSWpartition/hw-sw-partition-metaheur/BatchExperiments/Ablation/diff_gnn_order_lssp_trace/squeeze_net_tosa/seed-42/run-20260412-135801/config/squeeze_net_tosa_seed-42_ablation.yaml,train,epoch,train,thresholded_partition,threshold,204,204.0,0,204,False,False,4991.09326171875,1980.0110337677656,1980.0110337677656,nan,nan,False,161,8749.61365866682,4831.909135635894,0.6328,0.6736,499507.875,0.5002667307853699,nan,queue,queue,per_epoch_trace
squeeze_net_tosa,inputs/task_graph_topology/soda-benchmark-graphs/pytorch-graphs/squeeze_net_tosa.dot,/qfs/people/dass304/dass304/HWSWpartition/hw-sw-partition-metaheur/BatchExperiments/Ablation/diff_gnn_order_lssp_trace/squeeze_net_tosa/seed-42/run-20260412-135801/config/squeeze_net_tosa_seed-42_ablation.yaml,train,epoch,train,thresholded_partition,threshold,205,205.0,0,205,False,False,4981.240234375,1614.7650073503214,1614.7650073503214,nan,nan,False,164,8822.077018721904,4831.909135635894,0.631,0.6719999999999999,498525.40625,0.49982789158821106,nan,queue,queue,per_epoch_trace
squeeze_net_tosa,inputs/task_graph_topology/soda-benchmark-graphs/pytorch-graphs/squeeze_net_tosa.dot,/qfs/people/dass304/dass304/HWSWpartition/hw-sw-partition-metaheur/BatchExperiments/Ablation/diff_gnn_order_lssp_trace/squeeze_net_tosa/seed-42/run-20260412-135801/config/squeeze_net_tosa_seed-42_ablation.yaml,train,epoch,train,thresholded_partition,threshold,206,206.0,0,206,False,False,4881.51318359375,2816.346281759004,2840.4820781479816,nan,nan,False,159,8462.47164932162,4831.909135635894,0.6292,0.6704,488556.0625,0.49975115060806274,nan,queue,queue,per_epoch_trace
squeeze_net_tosa,inputs/task_graph_topology/soda-benchmark-graphs/pytorch-graphs/squeeze_net_tosa.dot,/qfs/people/dass304/dass304/HWSWpartition/hw-sw-partition-metaheur/BatchExperiments/Ablation/diff_gnn_order_lssp_trace/squeeze_net_tosa/seed-42/run-20260412-135801/config/squeeze_net_tosa_seed-42_ablation.yaml,train,epoch,train,thresholded_partition,threshold,207,207.0,0,207,False,False,4952.63037109375,2843.116555487961,3008.6406968884853,nan,nan,False,158,8640.678665584486,4831.909135635894,0.6274,0.6688000000000001,495663.78125,0.49979367852211,nan,queue,queue,per_epoch_trace
squeeze_net_tosa,inputs/task_graph_topology/soda-benchmark-graphs/pytorch-graphs/squeeze_net_tosa.dot,/qfs/people/dass304/dass304/HWSWpartition/hw-sw-partition-metaheur/BatchExperiments/Ablation/diff_gnn_order_lssp_trace/squeeze_net_tosa/seed-42/run-20260412-135801/config/squeeze_net_tosa_seed-42_ablation.yaml,train,epoch,train,thresholded_partition,threshold,208,208.0,0,208,False,False,4931.279296875,3075.0809523978673,3035.1012917132753,nan,nan,False,158,8595.761533025865,4831.909135635894,0.6255999999999999,0.6672,493530.53125,0.4999503791332245,nan,queue,queue,per_epoch_trace
squeeze_net_tosa,inputs/task_graph_topology/soda-benchmark-graphs/pytorch-graphs/squeeze_net_tosa.dot,/qfs/people/dass304/dass304/HWSWpartition/hw-sw-partition-metaheur/BatchExperiments/Ablation/diff_gnn_order_lssp_trace/squeeze_net_tosa/seed-42/run-20260412-135801/config/squeeze_net_tosa_seed-42_ablation.yaml,train,epoch,train,thresholded_partition,threshold,209,209.0,0,209,False,False,5005.703125,3668.425227528335,3780.4748161822863,nan,nan,False,154,8210.843777413034,4831.909135635894,0.6238,0.6656,500969.5,0.5000283122062683,nan,queue,queue,per_epoch_trace
squeeze_net_tosa,inputs/task_graph_topology/soda-benchmark-graphs/pytorch-graphs/squeeze_net_tosa.dot,/qfs/people/dass304/dass304/HWSWpartition/hw-sw-partition-metaheur/BatchExperiments/Ablation/diff_gnn_order_lssp_trace/squeeze_net_tosa/seed-42/run-20260412-135801/config/squeeze_net_tosa_seed-42_ablation.yaml,train,epoch,train,thresholded_partition,threshold,210,210.0,0,210,False,False,5015.7705078125,3943.7994920061324,4114.536227108189,nan,nan,False,150,8365.335291451236,4831.909135635894,0.622,0.6639999999999999,501977.28125,0.5000385046005249,nan,queue,queue,per_epoch_trace
squeeze_net_tosa,inputs/task_graph_topology/soda-benchmark-graphs/pytorch-graphs/squeeze_net_tosa.dot,/qfs/people/dass304/dass304/HWSWpartition/hw-sw-partition-metaheur/BatchExperiments/Ablation/diff_gnn_order_lssp_trace/squeeze_net_tosa/seed-42/run-20260412-135801/config/squeeze_net_tosa_seed-42_ablation.yaml,train,epoch,train,thresholded_partition,threshold,211,211.0,0,211,False,False,4990.16796875,2903.718800379183,2927.583442081453,nan,nan,False,159,8363.523649802264,4831.909135635894,0.6202000000000001,0.6624,499418.40625,0.49952882528305054,nan,queue,queue,per_epoch_trace
squeeze_net_tosa,inputs/task_graph_topology/soda-benchmark-graphs/pytorch-graphs/squeeze_net_tosa.dot,/qfs/people/dass304/dass304/HWSWpartition/hw-sw-partition-metaheur/BatchExperiments/Ablation/diff_gnn_order_lssp_trace/squeeze_net_tosa/seed-42/run-20260412-135801/config/squeeze_net_tosa_seed-42_ablation.yaml,train,epoch,train,thresholded_partition,threshold,212,212.0,0,212,False,False,4859.80078125,3792.617658653005,3792.617658653005,nan,nan,False,155,8466.29279944599,4831.909135635894,0.6184000000000001,0.6608,486380.15625,0.5001038312911987,nan,queue,queue,per_epoch_trace
squeeze_net_tosa,inputs/task_graph_topology/soda-benchmark-graphs/pytorch-graphs/squeeze_net_tosa.dot,/qfs/people/dass304/dass304/HWSWpartition/hw-sw-partition-metaheur/BatchExperiments/Ablation/diff_gnn_order_lssp_trace/squeeze_net_tosa/seed-42/run-20260412-135801/config/squeeze_net_tosa_seed-42_ablation.yaml,train,epoch,train,thresholded_partition,threshold,213,213.0,0,213,False,False,4955.55224609375,3260.3801127859933,3341.223709646219,nan,nan,False,157,8784.043829032285,4831.909135635894,0.6166,0.6592,495955.0,0.5001920461654663,nan,queue,queue,per_epoch_trace
squeeze_net_tosa,inputs/task_graph_topology/soda-benchmark-graphs/pytorch-graphs/squeeze_net_tosa.dot,/qfs/people/dass304/dass304/HWSWpartition/hw-sw-partition-metaheur/BatchExperiments/Ablation/diff_gnn_order_lssp_trace/squeeze_net_tosa/seed-42/run-20260412-135801/config/squeeze_net_tosa_seed-42_ablation.yaml,train,epoch,train,thresholded_partition,threshold,214,214.0,0,214,False,False,4992.51806640625,3090.1081320375574,3090.1081320375565,nan,nan,False,155,8100.98080860489,4831.909135635894,0.6148,0.6576,499651.9375,0.4999500811100006,nan,queue,queue,per_epoch_trace
squeeze_net_tosa,inputs/task_graph_topology/soda-benchmark-graphs/pytorch-graphs/squeeze_net_tosa.dot,/qfs/people/dass304/dass304/HWSWpartition/hw-sw-partition-metaheur/BatchExperiments/Ablation/diff_gnn_order_lssp_trace/squeeze_net_tosa/seed-42/run-20260412-135801/config/squeeze_net_tosa_seed-42_ablation.yaml,train,epoch,train,thresholded_partition,threshold,215,215.0,0,215,False,False,4984.88720703125,2556.948000901959,2624.4290568932743,nan,nan,False,159,8479.182245659533,4831.909135635894,0.613,0.6559999999999999,498890.375,0.5000912547111511,nan,queue,queue,per_epoch_trace
squeeze_net_tosa,inputs/task_graph_topology/soda-benchmark-graphs/pytorch-graphs/squeeze_net_tosa.dot,/qfs/people/dass304/dass304/HWSWpartition/hw-sw-partition-metaheur/BatchExperiments/Ablation/diff_gnn_order_lssp_trace/squeeze_net_tosa/seed-42/run-20260412-135801/config/squeeze_net_tosa_seed-42_ablation.yaml,train,epoch,train,thresholded_partition,threshold,216,216.0,0,216,False,False,4895.80908203125,2851.5138232343847,2854.3841273642734,nan,nan,False,161,8598.201361392052,4831.909135635894,0.6112,0.6544,489987.125,0.5003121495246887,nan,queue,queue,per_epoch_trace
squeeze_net_tosa,inputs/task_graph_topology/soda-benchmark-graphs/pytorch-graphs/squeeze_net_tosa.dot,/qfs/people/dass304/dass304/HWSWpartition/hw-sw-partition-metaheur/BatchExperiments/Ablation/diff_gnn_order_lssp_trace/squeeze_net_tosa/seed-42/run-20260412-135801/config/squeeze_net_tosa_seed-42_ablation.yaml,train,epoch,train,thresholded_partition,threshold,217,217.0,0,217,False,False,5008.078125,3542.209910065895,3543.9570830389107,nan,nan,False,152,8142.428764219098,4831.909135635894,0.6093999999999999,0.6528,501207.71875,0.4999781548976898,nan,queue,queue,per_epoch_trace
squeeze_net_tosa,inputs/task_graph_topology/soda-benchmark-graphs/pytorch-graphs/squeeze_net_tosa.dot,/qfs/people/dass304/dass304/HWSWpartition/hw-sw-partition-metaheur/BatchExperiments/Ablation/diff_gnn_order_lssp_trace/squeeze_net_tosa/seed-42/run-20260412-135801/config/squeeze_net_tosa_seed-42_ablation.yaml,train,epoch,train,thresholded_partition,threshold,218,218.0,0,218,False,False,4940.58642578125,2370.191947456149,2370.191947456149,nan,nan,False,159,8595.0622011773,4831.909135635894,0.6075999999999999,0.6512,494459.71875,0.4997587203979492,nan,queue,queue,per_epoch_trace
squeeze_net_tosa,inputs/task_graph_topology/soda-benchmark-graphs/pytorch-graphs/squeeze_net_tosa.dot,/qfs/people/dass304/dass304/HWSWpartition/hw-sw-partition-metaheur/BatchExperiments/Ablation/diff_gnn_order_lssp_trace/squeeze_net_tosa/seed-42/run-20260412-135801/config/squeeze_net_tosa_seed-42_ablation.yaml,train,epoch,train,thresholded_partition,threshold,219,219.0,0,219,False,False,4992.69091796875,2297.491595111958,2494.101980803149,nan,nan,False,162,8690.773852868128,4831.909135635894,0.6058,0.6496,499667.71875,0.5005660057067871,nan,queue,queue,per_epoch_trace
squeeze_net_tosa,inputs/task_graph_topology/soda-benchmark-graphs/pytorch-graphs/squeeze_net_tosa.dot,/qfs/people/dass304/dass304/HWSWpartition/hw-sw-partition-metaheur/BatchExperiments/Ablation/diff_gnn_order_lssp_trace/squeeze_net_tosa/seed-42/run-20260412-135801/config/squeeze_net_tosa_seed-42_ablation.yaml,train,epoch,train,thresholded_partition,threshold,220,220.0,0,220,False,False,4975.51025390625,3337.027470836144,3337.027470836144,nan,nan,False,154,8129.262531303885,4831.909135635894,0.604,0.6479999999999999,497951.3125,0.5000402331352234,nan,queue,queue,per_epoch_trace
squeeze_net_tosa,inputs/task_graph_topology/soda-benchmark-graphs/pytorch-graphs/squeeze_net_tosa.dot,/qfs/people/dass304/dass304/HWSWpartition/hw-sw-partition-metaheur/BatchExperiments/Ablation/diff_gnn_order_lssp_trace/squeeze_net_tosa/seed-42/run-20260412-135801/config/squeeze_net_tosa_seed-42_ablation.yaml,train,epoch,train,thresholded_partition,threshold,221,221.0,0,221,False,False,4972.365234375,2464.4705483111143,2683.6540438947272,nan,nan,False,160,8444.762021266708,4831.909135635894,0.6022000000000001,0.6464,497638.09375,0.5004710555076599,nan,queue,queue,per_epoch_trace
squeeze_net_tosa,inputs/task_graph_topology/soda-benchmark-graphs/pytorch-graphs/squeeze_net_tosa.dot,/qfs/people/dass304/dass304/HWSWpartition/hw-sw-partition-metaheur/BatchExperiments/Ablation/diff_gnn_order_lssp_trace/squeeze_net_tosa/seed-42/run-20260412-135801/config/squeeze_net_tosa_seed-42_ablation.yaml,train,epoch,train,thresholded_partition,threshold,222,222.0,0,222,False,False,4992.38623046875,4501.654295635696,4231.461735172819,nan,nan,False,149,8075.108684660271,4831.909135635894,0.6004,0.6448,499641.15625,0.5000079274177551,nan,queue,queue,per_epoch_trace
squeeze_net_tosa,inputs/task_graph_topology/soda-benchmark-graphs/pytorch-graphs/squeeze_net_tosa.dot,/qfs/people/dass304/dass304/HWSWpartition/hw-sw-partition-metaheur/BatchExperiments/Ablation/diff_gnn_order_lssp_trace/squeeze_net_tosa/seed-42/run-20260412-135801/config/squeeze_net_tosa_seed-42_ablation.yaml,train,epoch,train,thresholded_partition,threshold,223,223.0,0,223,False,False,5012.28173828125,3064.92564519421,3146.853445516729,nan,nan,False,157,8422.158230177332,4831.909135635894,0.5986,0.6432,501630.96875,0.5001519918441772,nan,queue,queue,per_epoch_trace
squeeze_net_tosa,inputs/task_graph_topology/soda-benchmark-graphs/pytorch-graphs/squeeze_net_tosa.dot,/qfs/people/dass304/dass304/HWSWpartition/hw-sw-partition-metaheur/BatchExperiments/Ablation/diff_gnn_order_lssp_trace/squeeze_net_tosa/seed-42/run-20260412-135801/config/squeeze_net_tosa_seed-42_ablation.yaml,train,epoch,train,thresholded_partition,threshold,224,224.0,0,224,False,False,4991.28466796875,3689.57164280748,3699.59083566538,nan,nan,False,154,8298.079719523941,4831.909135635894,0.5968,0.6416,499529.9375,0.5008513331413269,nan,queue,queue,per_epoch_trace
squeeze_net_tosa,inputs/task_graph_topology/soda-benchmark-graphs/pytorch-graphs/squeeze_net_tosa.dot,/qfs/people/dass304/dass304/HWSWpartition/hw-sw-partition-metaheur/BatchExperiments/Ablation/diff_gnn_order_lssp_trace/squeeze_net_tosa/seed-42/run-20260412-135801/config/squeeze_net_tosa_seed-42_ablation.yaml,train,epoch,train,thresholded_partition,threshold,225,225.0,0,225,False,False,4987.62353515625,1713.8291457133182,2113.7203970451565,nan,nan,False,163,8575.47989085494,4831.909135635894,0.595,0.6399999999999999,499162.46875,0.5006639361381531,nan,queue,queue,per_epoch_trace
squeeze_net_tosa,inputs/task_graph_topology/soda-benchmark-graphs/pytorch-graphs/squeeze_net_tosa.dot,/qfs/people/dass304/dass304/HWSWpartition/hw-sw-partition-metaheur/BatchExperiments/Ablation/diff_gnn_order_lssp_trace/squeeze_net_tosa/seed-42/run-20260412-135801/config/squeeze_net_tosa_seed-42_ablation.yaml,train,epoch,train,thresholded_partition,threshold,226,226.0,0,226,False,False,5004.22509765625,4599.250835965394,4733.667266035951,nan,nan,False,150,8200.94197682344,4831.909135635894,0.5932,0.6384,500823.78125,0.5002720355987549,nan,queue,queue,per_epoch_trace
squeeze_net_tosa,inputs/task_graph_topology/soda-benchmark-graphs/pytorch-graphs/squeeze_net_tosa.dot,/qfs/people/dass304/dass304/HWSWpartition/hw-sw-partition-metaheur/BatchExperiments/Ablation/diff_gnn_order_lssp_trace/squeeze_net_tosa/seed-42/run-20260412-135801/config/squeeze_net_tosa_seed-42_ablation.yaml,train,epoch,train,thresholded_partition,threshold,227,227.0,0,227,False,False,4996.39404296875,3162.6862277182845,3564.053350628803,nan,nan,False,154,8168.471738145147,4831.909135635894,0.5913999999999999,0.6368,500041.71875,0.4996943473815918,nan,queue,queue,per_epoch_trace
squeeze_net_tosa,inputs/task_graph_topology/soda-benchmark-graphs/pytorch-graphs/squeeze_net_tosa.dot,/qfs/people/dass304/dass304/HWSWpartition/hw-sw-partition-metaheur/BatchExperiments/Ablation/diff_gnn_order_lssp_trace/squeeze_net_tosa/seed-42/run-20260412-135801/config/squeeze_net_tosa_seed-42_ablation.yaml,train,epoch,train,thresholded_partition,threshold,228,228.0,0,228,False,False,4934.89306640625,2432.36457000316,2740.0483524127044,nan,nan,False,158,8331.660500928925,4831.909135635894,0.5895999999999999,0.6352,493894.125,0.5007140636444092,nan,queue,queue,per_epoch_trace
squeeze_net_tosa,inputs/task_graph_topology/soda-benchmark-graphs/pytorch-graphs/squeeze_net_tosa.dot,/qfs/people/dass304/dass304/HWSWpartition/hw-sw-partition-metaheur/BatchExperiments/Ablation/diff_gnn_order_lssp_trace/squeeze_net_tosa/seed-42/run-20260412-135801/config/squeeze_net_tosa_seed-42_ablation.yaml,train,epoch,train,thresholded_partition,threshold,229,229.0,0,229,False,False,4986.30517578125,3118.4590876465077,3118.4590876465077,nan,nan,False,153,8294.574638225185,4831.909135635894,0.5878,0.6335999999999999,499033.5,0.5006487965583801,nan,queue,queue,per_epoch_trace
squeeze_net_tosa,inputs/task_graph_topology/soda-benchmark-graphs/pytorch-graphs/squeeze_net_tosa.dot,/qfs/people/dass304/dass304/HWSWpartition/hw-sw-partition-metaheur/BatchExperiments/Ablation/diff_gnn_order_lssp_trace/squeeze_net_tosa/seed-42/run-20260412-135801/config/squeeze_net_tosa_seed-42_ablation.yaml,train,epoch,train,thresholded_partition,threshold,230,230.0,0,230,False,False,4933.8603515625,2017.2522913852627,2242.0708361313327,nan,nan,False,162,8807.323387810777,4831.909135635894,0.586,0.6319999999999999,493786.15625,0.5008249878883362,nan,queue,queue,per_epoch_trace
squeeze_net_tosa,inputs/task_graph_topology/soda-benchmark-graphs/pytorch-graphs/squeeze_net_tosa.dot,/qfs/people/dass304/dass304/HWSWpartition/hw-sw-partition-metaheur/BatchExperiments/Ablation/diff_gnn_order_lssp_trace/squeeze_net_tosa/seed-42/run-20260412-135801/config/squeeze_net_tosa_seed-42_ablation.yaml,train,epoch,train,thresholded_partition,threshold,231,231.0,0,231,False,False,4977.59912109375,2982.2661479717085,2992.8622985803618,nan,nan,False,160,8561.964538908569,4831.909135635894,0.5842,0.6304,498160.4375,0.5012485384941101,nan,queue,queue,per_epoch_trace
squeeze_net_tosa,inputs/task_graph_topology/soda-benchmark-graphs/pytorch-graphs/squeeze_net_tosa.dot,/qfs/people/dass304/dass304/HWSWpartition/hw-sw-partition-metaheur/BatchExperiments/Ablation/diff_gnn_order_lssp_trace/squeeze_net_tosa/seed-42/run-20260412-135801/config/squeeze_net_tosa_seed-42_ablation.yaml,train,epoch,train,thresholded_partition,threshold,232,232.0,0,232,False,False,4981.45849609375,1792.839647475234,1875.912705416259,nan,nan,False,164,8697.189560672286,4831.909135635894,0.5824,0.6288,498547.6875,0.5009645223617554,nan,queue,queue,per_epoch_trace
squeeze_net_tosa,inputs/task_graph_topology/soda-benchmark-graphs/pytorch-graphs/squeeze_net_tosa.dot,/qfs/people/dass304/dass304/HWSWpartition/hw-sw-partition-metaheur/BatchExperiments/Ablation/diff_gnn_order_lssp_trace/squeeze_net_tosa/seed-42/run-20260412-135801/config/squeeze_net_tosa_seed-42_ablation.yaml,train,epoch,train,thresholded_partition,threshold,233,233.0,0,233,False,False,4974.46435546875,2319.07742508234,2317.9988002635887,nan,nan,False,159,8530.457534092002,4831.909135635894,0.5806,0.6272,497848.90625,0.5003329515457153,nan,queue,queue,per_epoch_trace
squeeze_net_tosa,inputs/task_graph_topology/soda-benchmark-graphs/pytorch-graphs/squeeze_net_tosa.dot,/qfs/people/dass304/dass304/HWSWpartition/hw-sw-partition-metaheur/BatchExperiments/Ablation/diff_gnn_order_lssp_trace/squeeze_net_tosa/seed-42/run-20260412-135801/config/squeeze_net_tosa_seed-42_ablation.yaml,train,epoch,train,thresholded_partition,threshold,234,234.0,0,234,False,False,4996.47998046875,3631.402832308495,3631.402832308495,nan,nan,False,152,8173.108273577332,4831.909135635894,0.5788,0.6255999999999999,500048.96875,0.5001310110092163,nan,queue,queue,per_epoch_trace
squeeze_net_tosa,inputs/task_graph_topology/soda-benchmark-graphs/pytorch-graphs/squeeze_net_tosa.dot,/qfs/people/dass304/dass304/HWSWpartition/hw-sw-partition-metaheur/BatchExperiments/Ablation/diff_gnn_order_lssp_trace/squeeze_net_tosa/seed-42/run-20260412-135801/config/squeeze_net_tosa_seed-42_ablation.yaml,train,epoch,train,thresholded_partition,threshold,235,235.0,0,235,False,False,5017.20703125,3206.5601816731746,3206.5601816731746,nan,nan,False,157,8521.12125722093,4831.909135635894,0.577,0.624,502125.71875,0.5009150505065918,nan,queue,queue,per_epoch_trace
squeeze_net_tosa,inputs/task_graph_topology/soda-benchmark-graphs/pytorch-graphs/squeeze_net_tosa.dot,/qfs/people/dass304/dass304/HWSWpartition/hw-sw-partition-metaheur/BatchExperiments/Ablation/diff_gnn_order_lssp_trace/squeeze_net_tosa/seed-42/run-20260412-135801/config/squeeze_net_tosa_seed-42_ablation.yaml,train,epoch,train,thresholded_partition,threshold,236,236.0,0,236,False,False,4996.79248046875,2512.2681586611366,2516.0890283516046,nan,nan,False,161,8677.427377418198,4831.909135635894,0.5751999999999999,0.6224000000000001,500079.09375,0.5001095533370972,nan,queue,queue,per_epoch_trace
squeeze_net_tosa,inputs/task_graph_topology/soda-benchmark-graphs/pytorch-graphs/squeeze_net_tosa.dot,/qfs/people/dass304/dass304/HWSWpartition/hw-sw-partition-metaheur/BatchExperiments/Ablation/diff_gnn_order_lssp_trace/squeeze_net_tosa/seed-42/run-20260412-135801/config/squeeze_net_tosa_seed-42_ablation.yaml,train,epoch,train,thresholded_partition,threshold,237,237.0,0,237,False,False,4978.22705078125,2305.024317250259,2459.7488292698163,nan,nan,False,162,8869.709457128423,4831.909135635894,0.5734,0.6208,498222.75,0.5014904141426086,nan,queue,queue,per_epoch_trace
squeeze_net_tosa,inputs/task_graph_topology/soda-benchmark-graphs/pytorch-graphs/squeeze_net_tosa.dot,/qfs/people/dass304/dass304/HWSWpartition/hw-sw-partition-metaheur/BatchExperiments/Ablation/diff_gnn_order_lssp_trace/squeeze_net_tosa/seed-42/run-20260412-135801/config/squeeze_net_tosa_seed-42_ablation.yaml,train,epoch,train,thresholded_partition,threshold,238,238.0,0,238,False,False,5033.55859375,3069.1761606471314,3069.1761606471314,nan,nan,False,158,8500.404162162702,4831.909135635894,0.5716,0.6192,503757.34375,0.49994412064552307,nan,queue,queue,per_epoch_trace
squeeze_net_tosa,inputs/task_graph_topology/soda-benchmark-graphs/pytorch-graphs/squeeze_net_tosa.dot,/qfs/people/dass304/dass304/HWSWpartition/hw-sw-partition-metaheur/BatchExperiments/Ablation/diff_gnn_order_lssp_trace/squeeze_net_tosa/seed-42/run-20260412-135801/config/squeeze_net_tosa_seed-42_ablation.yaml,train,epoch,train,thresholded_partition,threshold,239,239.0,0,239,False,False,4989.35400390625,2406.3007342520837,2406.3007342520837,nan,nan,False,160,8594.388820224754,4831.909135635894,0.5698000000000001,0.6175999999999999,499336.78125,0.49991661310195923,nan,queue,queue,per_epoch_trace
squeeze_net_tosa,inputs/task_graph_topology/soda-benchmark-graphs/pytorch-graphs/squeeze_net_tosa.dot,/qfs/people/dass304/dass304/HWSWpartition/hw-sw-partition-metaheur/BatchExperiments/Ablation/diff_gnn_order_lssp_trace/squeeze_net_tosa/seed-42/run-20260412-135801/config/squeeze_net_tosa_seed-42_ablation.yaml,train,epoch,train,thresholded_partition,threshold,240,240.0,0,240,False,False,5005.771484375,2886.8153425391556,2916.8286969239475,nan,nan,False,157,8454.074845595462,4831.909135635894,0.5680000000000001,0.616,500979.15625,0.4998008608818054,nan,queue,queue,per_epoch_trace
squeeze_net_tosa,inputs/task_graph_topology/soda-benchmark-graphs/pytorch-graphs/squeeze_net_tosa.dot,/qfs/people/dass304/dass304/HWSWpartition/hw-sw-partition-metaheur/BatchExperiments/Ablation/diff_gnn_order_lssp_trace/squeeze_net_tosa/seed-42/run-20260412-135801/config/squeeze_net_tosa_seed-42_ablation.yaml,train,epoch,train,thresholded_partition,threshold,241,241.0,0,241,False,False,4973.81640625,3060.110209898287,3060.110209898287,nan,nan,False,155,8348.973395296407,4831.909135635894,0.5662,0.6144000000000001,497781.96875,0.5007372498512268,nan,queue,queue,per_epoch_trace
squeeze_net_tosa,inputs/task_graph_topology/soda-benchmark-graphs/pytorch-graphs/squeeze_net_tosa.dot,/qfs/people/dass304/dass304/HWSWpartition/hw-sw-partition-metaheur/BatchExperiments/Ablation/diff_gnn_order_lssp_trace/squeeze_net_tosa/seed-42/run-20260412-135801/config/squeeze_net_tosa_seed-42_ablation.yaml,train,epoch,train,thresholded_partition,threshold,242,242.0,0,242,False,False,4994.07958984375,2945.9344805932005,2945.9344805932,nan,nan,False,157,8451.49904667854,4831.909135635894,0.5644,0.6128,499809.28125,0.5001171827316284,nan,queue,queue,per_epoch_trace
squeeze_net_tosa,inputs/task_graph_topology/soda-benchmark-graphs/pytorch-graphs/squeeze_net_tosa.dot,/qfs/people/dass304/dass304/HWSWpartition/hw-sw-partition-metaheur/BatchExperiments/Ablation/diff_gnn_order_lssp_trace/squeeze_net_tosa/seed-42/run-20260412-135801/config/squeeze_net_tosa_seed-42_ablation.yaml,train,epoch,train,thresholded_partition,threshold,243,243.0,0,243,False,False,4955.48583984375,1418.163217151599,1485.6951385427287,nan,nan,False,164,8845.34354137468,4831.909135635894,0.5626,0.6112,495952.5,0.5012810230255127,nan,queue,queue,per_epoch_trace
squeeze_net_tosa,inputs/task_graph_topology/soda-benchmark-graphs/pytorch-graphs/squeeze_net_tosa.dot,/qfs/people/dass304/dass304/HWSWpartition/hw-sw-partition-metaheur/BatchExperiments/Ablation/diff_gnn_order_lssp_trace/squeeze_net_tosa/seed-42/run-20260412-135801/config/squeeze_net_tosa_seed-42_ablation.yaml,train,epoch,train,thresholded_partition,threshold,244,244.0,0,244,False,False,4899.45751953125,2906.7326426955146,3099.9053251033447,nan,nan,False,155,8283.411878783429,4831.909135635894,0.5608,0.6095999999999999,490348.28125,0.4999562203884125,nan,queue,queue,per_epoch_trace
squeeze_net_tosa,inputs/task_graph_topology/soda-benchmark-graphs/pytorch-graphs/squeeze_net_tosa.dot,/qfs/people/dass304/dass304/HWSWpartition/hw-sw-partition-metaheur/BatchExperiments/Ablation/diff_gnn_order_lssp_trace/squeeze_net_tosa/seed-42/run-20260412-135801/config/squeeze_net_tosa_seed-42_ablation.yaml,train,epoch,train,thresholded_partition,threshold,245,245.0,0,245,False,False,4851.40771484375,2142.132375945358,2227.6712515089625,nan,nan,False,158,8450.718550147176,4831.909135635894,0.5589999999999999,0.608,485544.40625,0.49984896183013916,nan,queue,queue,per_epoch_trace
squeeze_net_tosa,inputs/task_graph_topology/soda-benchmark-graphs/pytorch-graphs/squeeze_net_tosa.dot,/qfs/people/dass304/dass304/HWSWpartition/hw-sw-partition-metaheur/BatchExperiments/Ablation/diff_gnn_order_lssp_trace/squeeze_net_tosa/seed-42/run-20260412-135801/config/squeeze_net_tosa_seed-42_ablation.yaml,train,epoch,train,thresholded_partition,threshold,246,246.0,0,246,False,False,4982.92431640625,4772.446211459896,4772.446211459896,nan,nan,False,149,8059.627874649005,4831.909135635894,0.5571999999999999,0.6064,498697.3125,0.4998212158679962,nan,queue,queue,per_epoch_trace
squeeze_net_tosa,inputs/task_graph_topology/soda-benchmark-graphs/pytorch-graphs/squeeze_net_tosa.dot,/qfs/people/dass304/dass304/HWSWpartition/hw-sw-partition-metaheur/BatchExperiments/Ablation/diff_gnn_order_lssp_trace/squeeze_net_tosa/seed-42/run-20260412-135801/config/squeeze_net_tosa_seed-42_ablation.yaml,train,epoch,train,thresholded_partition,threshold,247,247.0,0,247,False,False,4912.90673828125,3156.4447801693436,3188.4260978636607,nan,nan,False,155,8310.37847250674,4831.909135635894,0.5554,0.6048,491697.28125,0.49988189339637756,nan,queue,queue,per_epoch_trace
squeeze_net_tosa,inputs/task_graph_topology/soda-benchmark-graphs/pytorch-graphs/squeeze_net_tosa.dot,/qfs/people/dass304/dass304/HWSWpartition/hw-sw-partition-metaheur/BatchExperiments/Ablation/diff_gnn_order_lssp_trace/squeeze_net_tosa/seed-42/run-20260412-135801/config/squeeze_net_tosa_seed-42_ablation.yaml,train,epoch,train,thresholded_partition,threshold,248,248.0,0,248,False,False,5003.85205078125,3134.1495767305223,3048.5134629518984,nan,nan,False,158,8326.206212982155,4831.909135635894,0.5536,0.6032,500790.21875,0.49919939041137695,nan,queue,queue,per_epoch_trace
squeeze_net_tosa,inputs/task_graph_topology/soda-benchmark-graphs/pytorch-graphs/squeeze_net_tosa.dot,/qfs/people/dass304/dass304/HWSWpartition/hw-sw-partition-metaheur/BatchExperiments/Ablation/diff_gnn_order_lssp_trace/squeeze_net_tosa/seed-42/run-20260412-135801/config/squeeze_net_tosa_seed-42_ablation.yaml,train,epoch,train,thresholded_partition,threshold,249,249.0,0,249,False,False,5005.4765625,4251.6119781817215,4299.5145545473215,nan,nan,False,154,8284.446898800035,4831.909135635894,0.5518000000000001,0.6015999999999999,500952.40625,0.4991341531276703,nan,queue,queue,per_epoch_trace
squeeze_net_tosa,inputs/task_graph_topology/soda-benchmark-graphs/pytorch-graphs/squeeze_net_tosa.dot,/qfs/people/dass304/dass304/HWSWpartition/hw-sw-partition-metaheur/BatchExperiments/Ablation/diff_gnn_order_lssp_trace/squeeze_net_tosa/seed-42/run-20260412-135801/config/squeeze_net_tosa_seed-42_ablation.yaml,train,epoch,train,thresholded_partition,threshold,250,250.0,0,250,False,False,4998.57568359375,4061.831850042594,4071.154686151159,nan,nan,False,152,8295.27912523629,4831.909135635894,0.55,0.6,500262.65625,0.5009116530418396,nan,queue,queue,per_epoch_trace
squeeze_net_tosa,inputs/task_graph_topology/soda-benchmark-graphs/pytorch-graphs/squeeze_net_tosa.dot,/qfs/people/dass304/dass304/HWSWpartition/hw-sw-partition-metaheur/BatchExperiments/Ablation/diff_gnn_order_lssp_trace/squeeze_net_tosa/seed-42/run-20260412-135801/config/squeeze_net_tosa_seed-42_ablation.yaml,train,epoch,train,thresholded_partition,threshold,251,251.0,0,251,False,False,4920.06982421875,3824.9584686099556,3895.0840492085945,nan,nan,False,149,8088.272027680608,4831.909135635894,0.5482,0.5984,492413.75,0.5008069276809692,nan,queue,queue,per_epoch_trace
squeeze_net_tosa,inputs/task_graph_topology/soda-benchmark-graphs/pytorch-graphs/squeeze_net_tosa.dot,/qfs/people/dass304/dass304/HWSWpartition/hw-sw-partition-metaheur/BatchExperiments/Ablation/diff_gnn_order_lssp_trace/squeeze_net_tosa/seed-42/run-20260412-135801/config/squeeze_net_tosa_seed-42_ablation.yaml,train,epoch,train,thresholded_partition,threshold,252,252.0,0,252,False,False,4944.1796875,2548.176038631928,2538.2348334970843,nan,nan,False,157,8491.85013391691,4831.909135635894,0.5464,0.5968,494826.4375,0.5010702013969421,nan,queue,queue,per_epoch_trace
squeeze_net_tosa,inputs/task_graph_topology/soda-benchmark-graphs/pytorch-graphs/squeeze_net_tosa.dot,/qfs/people/dass304/dass304/HWSWpartition/hw-sw-partition-metaheur/BatchExperiments/Ablation/diff_gnn_order_lssp_trace/squeeze_net_tosa/seed-42/run-20260412-135801/config/squeeze_net_tosa_seed-42_ablation.yaml,train,epoch,train,thresholded_partition,threshold,253,253.0,0,253,False,False,4982.30419921875,3990.698548405015,4257.959172265501,nan,nan,False,150,8042.069121500902,4831.909135635894,0.5446,0.5952,498642.71875,0.5001592636108398,nan,queue,queue,per_epoch_trace
squeeze_net_tosa,inputs/task_graph_topology/soda-benchmark-graphs/pytorch-graphs/squeeze_net_tosa.dot,/qfs/people/dass304/dass304/HWSWpartition/hw-sw-partition-metaheur/BatchExperiments/Ablation/diff_gnn_order_lssp_trace/squeeze_net_tosa/seed-42/run-20260412-135801/config/squeeze_net_tosa_seed-42_ablation.yaml,train,epoch,train,thresholded_partition,threshold,254,254.0,0,254,False,False,4921.953125,2297.79823050076,2491.1876866535567,nan,nan,False,157,8538.613981943225,4831.909135635894,0.5428,0.5935999999999999,492607.09375,0.49930331110954285,nan,queue,queue,per_epoch_trace
squeeze_net_tosa,inputs/task_graph_topology/soda-benchmark-graphs/pytorch-graphs/squeeze_net_tosa.dot,/qfs/people/dass304/dass304/HWSWpartition/hw-sw-partition-metaheur/BatchExperiments/Ablation/diff_gnn_order_lssp_trace/squeeze_net_tosa/seed-42/run-20260412-135801/config/squeeze_net_tosa_seed-42_ablation.yaml,train,epoch,train,thresholded_partition,threshold,255,255.0,0,255,False,False,5006.30419921875,2603.636539024545,2908.4895256545256,nan,nan,False,158,8415.901826005424,4831.909135635894,0.5409999999999999,0.592,501041.25,0.5005937814712524,nan,queue,queue,per_epoch_trace
squeeze_net_tosa,inputs/task_graph_topology/soda-benchmark-graphs/pytorch-graphs/squeeze_net_tosa.dot,/qfs/people/dass304/dass304/HWSWpartition/hw-sw-partition-metaheur/BatchExperiments/Ablation/diff_gnn_order_lssp_trace/squeeze_net_tosa/seed-42/run-20260412-135801/config/squeeze_net_tosa_seed-42_ablation.yaml,train,epoch,train,thresholded_partition,threshold,256,256.0,0,256,False,False,4955.240234375,3154.751477296849,3154.751477296849,nan,nan,False,155,8394.618493481183,4831.909135635894,0.5391999999999999,0.5904,495928.3125,0.5007505416870117,nan,queue,queue,per_epoch_trace
squeeze_net_tosa,inputs/task_graph_topology/soda-benchmark-graphs/pytorch-graphs/squeeze_net_tosa.dot,/qfs/people/dass304/dass304/HWSWpartition/hw-sw-partition-metaheur/BatchExperiments/Ablation/diff_gnn_order_lssp_trace/squeeze_net_tosa/seed-42/run-20260412-135801/config/squeeze_net_tosa_seed-42_ablation.yaml,train,epoch,train,thresholded_partition,threshold,257,257.0,0,257,False,False,4991.30859375,3687.4009766454687,3753.2282351532367,nan,nan,False,154,8198.579597477803,4831.909135635894,0.5374,0.5888,499537.0625,0.5000590085983276,nan,queue,queue,per_epoch_trace
squeeze_net_tosa,inputs/task_graph_topology/soda-benchmark-graphs/pytorch-graphs/squeeze_net_tosa.dot,/qfs/people/dass304/dass304/HWSWpartition/hw-sw-partition-metaheur/BatchExperiments/Ablation/diff_gnn_order_lssp_trace/squeeze_net_tosa/seed-42/run-20260412-135801/config/squeeze_net_tosa_seed-42_ablation.yaml,train,epoch,train,thresholded_partition,threshold,258,258.0,0,258,False,False,4945.82568359375,2486.068396509117,2161.1182630437856,nan,nan,False,160,8659.223221791588,4831.909135635894,0.5356,0.5871999999999999,494982.3125,0.5012043714523315,nan,queue,queue,per_epoch_trace
squeeze_net_tosa,inputs/task_graph_topology/soda-benchmark-graphs/pytorch-graphs/squeeze_net_tosa.dot,/qfs/people/dass304/dass304/HWSWpartition/hw-sw-partition-metaheur/BatchExperiments/Ablation/diff_gnn_order_lssp_trace/squeeze_net_tosa/seed-42/run-20260412-135801/config/squeeze_net_tosa_seed-42_ablation.yaml,train,epoch,train,thresholded_partition,threshold,259,259.0,0,259,False,False,4982.37255859375,3377.0955248783507,3377.0955248783507,nan,nan,False,159,8618.721372041444,4831.909135635894,0.5338,0.5855999999999999,498643.65625,0.5004722476005554,nan,queue,queue,per_epoch_trace
squeeze_net_tosa,inputs/task_graph_topology/soda-benchmark-graphs/pytorch-graphs/squeeze_net_tosa.dot,/qfs/people/dass304/dass304/HWSWpartition/hw-sw-partition-metaheur/BatchExperiments/Ablation/diff_gnn_order_lssp_trace/squeeze_net_tosa/seed-42/run-20260412-135801/config/squeeze_net_tosa_seed-42_ablation.yaml,train,epoch,train,thresholded_partition,threshold,260,260.0,0,260,False,False,4987.060546875,2841.700353698844,2841.700353698844,nan,nan,False,159,8389.930551120018,4831.909135635894,0.532,0.584,499113.25,0.49880650639533997,nan,queue,queue,per_epoch_trace
squeeze_net_tosa,inputs/task_graph_topology/soda-benchmark-graphs/pytorch-graphs/squeeze_net_tosa.dot,/qfs/people/dass304/dass304/HWSWpartition/hw-sw-partition-metaheur/BatchExperiments/Ablation/diff_gnn_order_lssp_trace/squeeze_net_tosa/seed-42/run-20260412-135801/config/squeeze_net_tosa_seed-42_ablation.yaml,train,epoch,train,thresholded_partition,threshold,261,261.0,0,261,False,False,4977.31982421875,2751.592730470741,2760.3272821705687,nan,nan,False,159,8464.874977159918,4831.909135635894,0.5302,0.5824,498134.6875,0.5000461935997009,nan,queue,queue,per_epoch_trace
squeeze_net_tosa,inputs/task_graph_topology/soda-benchmark-graphs/pytorch-graphs/squeeze_net_tosa.dot,/qfs/people/dass304/dass304/HWSWpartition/hw-sw-partition-metaheur/BatchExperiments/Ablation/diff_gnn_order_lssp_trace/squeeze_net_tosa/seed-42/run-20260412-135801/config/squeeze_net_tosa_seed-42_ablation.yaml,train,epoch,train,thresholded_partition,threshold,262,262.0,0,262,False,False,4871.6376953125,3033.9825690272487,3166.286313908732,nan,nan,False,157,8359.113517615506,4831.909135635894,0.5284,0.5808,487564.90625,0.4996001720428467,nan,queue,queue,per_epoch_trace
squeeze_net_tosa,inputs/task_graph_topology/soda-benchmark-graphs/pytorch-graphs/squeeze_net_tosa.dot,/qfs/people/dass304/dass304/HWSWpartition/hw-sw-partition-metaheur/BatchExperiments/Ablation/diff_gnn_order_lssp_trace/squeeze_net_tosa/seed-42/run-20260412-135801/config/squeeze_net_tosa_seed-42_ablation.yaml,train,epoch,train,thresholded_partition,threshold,263,263.0,0,263,False,False,4986.3671875,2975.902505290561,2975.902505290561,nan,nan,False,157,8468.664186211288,4831.909135635894,0.5266,0.5791999999999999,499043.0,0.49994340538978577,nan,queue,queue,per_epoch_trace
squeeze_net_tosa,inputs/task_graph_topology/soda-benchmark-graphs/pytorch-graphs/squeeze_net_tosa.dot,/qfs/people/dass304/dass304/HWSWpartition/hw-sw-partition-metaheur/BatchExperiments/Ablation/diff_gnn_order_lssp_trace/squeeze_net_tosa/seed-42/run-20260412-135801/config/squeeze_net_tosa_seed-42_ablation.yaml,train,epoch,train,thresholded_partition,threshold,264,264.0,0,264,False,False,4940.04150390625,3245.168132513066,3417.6127957447734,nan,nan,False,159,8568.48151308567,4831.909135635894,0.5247999999999999,0.5775999999999999,494410.125,0.5005813241004944,nan,queue,queue,per_epoch_trace
squeeze_net_tosa,inputs/task_graph_topology/soda-benchmark-graphs/pytorch-graphs/squeeze_net_tosa.dot,/qfs/people/dass304/dass304/HWSWpartition/hw-sw-partition-metaheur/BatchExperiments/Ablation/diff_gnn_order_lssp_trace/squeeze_net_tosa/seed-42/run-20260412-135801/config/squeeze_net_tosa_seed-42_ablation.yaml,train,epoch,train,thresholded_partition,threshold,265,265.0,0,265,False,False,4948.8408203125,2517.9986525365925,2517.9986525365925,nan,nan,False,162,8608.79373705491,4831.909135635894,0.5229999999999999,0.576,495284.875,0.49956566095352173,nan,queue,queue,per_epoch_trace
squeeze_net_tosa,inputs/task_graph_topology/soda-benchmark-graphs/pytorch-graphs/squeeze_net_tosa.dot,/qfs/people/dass304/dass304/HWSWpartition/hw-sw-partition-metaheur/BatchExperiments/Ablation/diff_gnn_order_lssp_trace/squeeze_net_tosa/seed-42/run-20260412-135801/config/squeeze_net_tosa_seed-42_ablation.yaml,train,epoch,train,thresholded_partition,threshold,266,266.0,0,266,False,False,4988.0078125,2686.6031275225832,2686.603127522583,nan,nan,False,158,8551.646790277968,4831.909135635894,0.5211999999999999,0.5744,499202.78125,0.49990811944007874,nan,queue,queue,per_epoch_trace
squeeze_net_tosa,inputs/task_graph_topology/soda-benchmark-graphs/pytorch-graphs/squeeze_net_tosa.dot,/qfs/people/dass304/dass304/HWSWpartition/hw-sw-partition-metaheur/BatchExperiments/Ablation/diff_gnn_order_lssp_trace/squeeze_net_tosa/seed-42/run-20260412-135801/config/squeeze_net_tosa_seed-42_ablation.yaml,train,epoch,train,thresholded_partition,threshold,267,267.0,0,267,False,False,4971.14013671875,2136.6108066879688,2210.607867835969,nan,nan,False,158,8562.390332215611,4831.909135635894,0.5194,0.5728,497519.9375,0.5012770891189575,nan,queue,queue,per_epoch_trace
squeeze_net_tosa,inputs/task_graph_topology/soda-benchmark-graphs/pytorch-graphs/squeeze_net_tosa.dot,/qfs/people/dass304/dass304/HWSWpartition/hw-sw-partition-metaheur/BatchExperiments/Ablation/diff_gnn_order_lssp_trace/squeeze_net_tosa/seed-42/run-20260412-135801/config/squeeze_net_tosa_seed-42_ablation.yaml,train,epoch,train,thresholded_partition,threshold,268,268.0,0,268,False,False,4964.35595703125,4116.068470766499,4036.516555890163,nan,nan,False,151,8350.243890274503,4831.909135635894,0.5176,0.5711999999999999,496843.09375,0.5002418160438538,nan,queue,queue,per_epoch_trace
squeeze_net_tosa,inputs/task_graph_topology/soda-benchmark-graphs/pytorch-graphs/squeeze_net_tosa.dot,/qfs/people/dass304/dass304/HWSWpartition/hw-sw-partition-metaheur/BatchExperiments/Ablation/diff_gnn_order_lssp_trace/squeeze_net_tosa/seed-42/run-20260412-135801/config/squeeze_net_tosa_seed-42_ablation.yaml,train,epoch,train,thresholded_partition,threshold,269,269.0,0,269,False,False,4890.41162109375,2165.654418728816,2284.0949311102286,nan,nan,False,161,8798.580723459312,4831.909135635894,0.5158,0.5695999999999999,489444.59375,0.5014904141426086,nan,queue,queue,per_epoch_trace
squeeze_net_tosa,inputs/task_graph_topology/soda-benchmark-graphs/pytorch-graphs/squeeze_net_tosa.dot,/qfs/people/dass304/dass304/HWSWpartition/hw-sw-partition-metaheur/BatchExperiments/Ablation/diff_gnn_order_lssp_trace/squeeze_net_tosa/seed-42/run-20260412-135801/config/squeeze_net_tosa_seed-42_ablation.yaml,train,epoch,train,thresholded_partition,threshold,270,270.0,0,270,False,False,5016.40185546875,2816.813884970692,2816.813884970692,nan,nan,False,158,8309.607488583353,4831.909135635894,0.514,0.568,502044.34375,0.4994872510433197,nan,queue,queue,per_epoch_trace
squeeze_net_tosa,inputs/task_graph_topology/soda-benchmark-graphs/pytorch-graphs/squeeze_net_tosa.dot,/qfs/people/dass304/dass304/HWSWpartition/hw-sw-partition-metaheur/BatchExperiments/Ablation/diff_gnn_order_lssp_trace/squeeze_net_tosa/seed-42/run-20260412-135801/config/squeeze_net_tosa_seed-42_ablation.yaml,train,epoch,train,thresholded_partition,threshold,271,271.0,0,271,False,False,4921.60107421875,1857.6994753775132,2038.3704978804897,nan,nan,False,162,8802.154618651311,4831.909135635894,0.5122,0.5664,492568.53125,0.500815212726593,nan,queue,queue,per_epoch_trace
squeeze_net_tosa,inputs/task_graph_topology/soda-benchmark-graphs/pytorch-graphs/squeeze_net_tosa.dot,/qfs/people/dass304/dass304/HWSWpartition/hw-sw-partition-metaheur/BatchExperiments/Ablation/diff_gnn_order_lssp_trace/squeeze_net_tosa/seed-42/run-20260412-135801/config/squeeze_net_tosa_seed-42_ablation.yaml,train,epoch,train,thresholded_partition,threshold,272,272.0,0,272,False,False,4966.84521484375,2609.116378316612,2971.0751927654915,nan,nan,False,159,8366.037196432604,4831.909135635894,0.5104,0.5648,497087.8125,0.49912041425704956,nan,queue,queue,per_epoch_trace
squeeze_net_tosa,inputs/task_graph_topology/soda-benchmark-graphs/pytorch-graphs/squeeze_net_tosa.dot,/qfs/people/dass304/dass304/HWSWpartition/hw-sw-partition-metaheur/BatchExperiments/Ablation/diff_gnn_order_lssp_trace/squeeze_net_tosa/seed-42/run-20260412-135801/config/squeeze_net_tosa_seed-42_ablation.yaml,train,epoch,train,thresholded_partition,threshold,273,273.0,0,273,False,False,4992.31298828125,2849.4751650783696,2854.225301379372,nan,nan,False,162,8756.724290305785,4831.909135635894,0.5085999999999999,0.5631999999999999,499638.03125,0.5007339119911194,nan,queue,queue,per_epoch_trace
squeeze_net_tosa,inputs/task_graph_topology/soda-benchmark-graphs/pytorch-graphs/squeeze_net_tosa.dot,/qfs/people/dass304/dass304/HWSWpartition/hw-sw-partition-metaheur/BatchExperiments/Ablation/diff_gnn_order_lssp_trace/squeeze_net_tosa/seed-42/run-20260412-135801/config/squeeze_net_tosa_seed-42_ablation.yaml,train,epoch,train,thresholded_partition,threshold,274,274.0,0,274,False,False,4978.6376953125,2861.1151720045423,2861.1151720045423,nan,nan,False,161,8878.512297295276,4831.909135635894,0.5067999999999999,0.5615999999999999,498267.90625,0.5008249878883362,nan,queue,queue,per_epoch_trace
squeeze_net_tosa,inputs/task_graph_topology/soda-benchmark-graphs/pytorch-graphs/squeeze_net_tosa.dot,/qfs/people/dass304/dass304/HWSWpartition/hw-sw-partition-metaheur/BatchExperiments/Ablation/diff_gnn_order_lssp_trace/squeeze_net_tosa/seed-42/run-20260412-135801/config/squeeze_net_tosa_seed-42_ablation.yaml,train,epoch,train,thresholded_partition,threshold,275,275.0,0,275,False,False,4991.822265625,2909.8779992918776,2909.8779992918776,nan,nan,False,158,8415.397096667388,4831.909135635894,0.5049999999999999,0.5599999999999999,499582.6875,0.5005106329917908,nan,queue,queue,per_epoch_trace
squeeze_net_tosa,inputs/task_graph_topology/soda-benchmark-graphs/pytorch-graphs/squeeze_net_tosa.dot,/qfs/people/dass304/dass304/HWSWpartition/hw-sw-partition-metaheur/BatchExperiments/Ablation/diff_gnn_order_lssp_trace/squeeze_net_tosa/seed-42/run-20260412-135801/config/squeeze_net_tosa_seed-42_ablation.yaml,train,epoch,train,thresholded_partition,threshold,276,276.0,0,276,False,False,4894.70068359375,2402.284536500944,2323.8052071739144,nan,nan,False,164,8770.032392676165,4831.909135635894,0.5031999999999999,0.5584,489877.8125,0.49966976046562195,nan,queue,queue,per_epoch_trace
squeeze_net_tosa,inputs/task_graph_topology/soda-benchmark-graphs/pytorch-graphs/squeeze_net_tosa.dot,/qfs/people/dass304/dass304/HWSWpartition/hw-sw-partition-metaheur/BatchExperiments/Ablation/diff_gnn_order_lssp_trace/squeeze_net_tosa/seed-42/run-20260412-135801/config/squeeze_net_tosa_seed-42_ablation.yaml,train,epoch,train,thresholded_partition,threshold,277,277.0,0,277,False,False,4982.87841796875,2784.385305361777,2782.1329989413425,nan,nan,False,163,8763.360796031102,4831.909135635894,0.5014,0.5568,498692.0625,0.4995262920856476,nan,queue,queue,per_epoch_trace
squeeze_net_tosa,inputs/task_graph_topology/soda-benchmark-graphs/pytorch-graphs/squeeze_net_tosa.dot,/qfs/people/dass304/dass304/HWSWpartition/hw-sw-partition-metaheur/BatchExperiments/Ablation/diff_gnn_order_lssp_trace/squeeze_net_tosa/seed-42/run-20260412-135801/config/squeeze_net_tosa_seed-42_ablation.yaml,train,epoch,train,thresholded_partition,threshold,278,278.0,0,278,False,False,4910.73974609375,2430.4123657070822,2335.9377894722024,nan,nan,False,160,8514.692027190238,4831.909135635894,0.49959999999999993,0.5551999999999999,491476.71875,0.4983898997306824,nan,queue,queue,per_epoch_trace
squeeze_net_tosa,inputs/task_graph_topology/soda-benchmark-graphs/pytorch-graphs/squeeze_net_tosa.dot,/qfs/people/dass304/dass304/HWSWpartition/hw-sw-partition-metaheur/BatchExperiments/Ablation/diff_gnn_order_lssp_trace/squeeze_net_tosa/seed-42/run-20260412-135801/config/squeeze_net_tosa_seed-42_ablation.yaml,train,epoch,train,thresholded_partition,threshold,279,279.0,0,279,False,False,4989.10107421875,3246.632615970971,3246.632615970971,nan,nan,False,156,8294.156784928888,4831.909135635894,0.4977999999999999,0.5535999999999999,499310.53125,0.49983179569244385,nan,queue,queue,per_epoch_trace
squeeze_net_tosa,inputs/task_graph_topology/soda-benchmark-graphs/pytorch-graphs/squeeze_net_tosa.dot,/qfs/people/dass304/dass304/HWSWpartition/hw-sw-partition-metaheur/BatchExperiments/Ablation/diff_gnn_order_lssp_trace/squeeze_net_tosa/seed-42/run-20260412-135801/config/squeeze_net_tosa_seed-42_ablation.yaml,train,epoch,train,thresholded_partition,threshold,280,280.0,0,280,False,False,5014.060546875,2257.5644641778586,2146.988506616119,nan,nan,False,163,8685.470482460109,4831.909135635894,0.4959999999999999,0.5519999999999999,501806.90625,0.5009889602661133,nan,queue,queue,per_epoch_trace
squeeze_net_tosa,inputs/task_graph_topology/soda-benchmark-graphs/pytorch-graphs/squeeze_net_tosa.dot,/qfs/people/dass304/dass304/HWSWpartition/hw-sw-partition-metaheur/BatchExperiments/Ablation/diff_gnn_order_lssp_trace/squeeze_net_tosa/seed-42/run-20260412-135801/config/squeeze_net_tosa_seed-42_ablation.yaml,train,epoch,train,thresholded_partition,threshold,281,281.0,0,281,False,False,4975.44482421875,2586.4378453506715,2583.45846937211,nan,nan,False,158,8577.40471731716,4831.909135635894,0.4942,0.5504,497945.9375,0.4997939467430115,nan,queue,queue,per_epoch_trace
squeeze_net_tosa,inputs/task_graph_topology/soda-benchmark-graphs/pytorch-graphs/squeeze_net_tosa.dot,/qfs/people/dass304/dass304/HWSWpartition/hw-sw-partition-metaheur/BatchExperiments/Ablation/diff_gnn_order_lssp_trace/squeeze_net_tosa/seed-42/run-20260412-135801/config/squeeze_net_tosa_seed-42_ablation.yaml,train,epoch,train,thresholded_partition,threshold,282,282.0,0,282,False,False,4977.10107421875,1652.6591639123678,1824.699668854564,nan,nan,False,162,8551.173125302063,4831.909135635894,0.49240000000000006,0.5488,498113.625,0.49986347556114197,nan,queue,queue,per_epoch_trace
squeeze_net_tosa,inputs/task_graph_topology/soda-benchmark-graphs/pytorch-graphs/squeeze_net_tosa.dot,/qfs/people/dass304/dass304/HWSWpartition/hw-sw-partition-metaheur/BatchExperiments/Ablation/diff_gnn_order_lssp_trace/squeeze_net_tosa/seed-42/run-20260412-135801/config/squeeze_net_tosa_seed-42_ablation.yaml,train,epoch,train,thresholded_partition,threshold,283,283.0,0,283,False,False,4990.13671875,1786.8042997022144,1960.8472335496447,nan,nan,False,163,8662.225031484215,4831.909135635894,0.49060000000000004,0.5472,499413.59375,0.5001383423805237,nan,queue,queue,per_epoch_trace
squeeze_net_tosa,inputs/task_graph_topology/soda-benchmark-graphs/pytorch-graphs/squeeze_net_tosa.dot,/qfs/people/dass304/dass304/HWSWpartition/hw-sw-partition-metaheur/BatchExperiments/Ablation/diff_gnn_order_lssp_trace/squeeze_net_tosa/seed-42/run-20260412-135801/config/squeeze_net_tosa_seed-42_ablation.yaml,train,epoch,train,thresholded_partition,threshold,284,284.0,0,284,False,False,4937.9072265625,1725.3109547004133,1725.310954700413,nan,nan,False,168,9101.85901039394,4831.909135635894,0.4888,0.5456000000000001,494188.90625,0.5052878856658936,nan,queue,queue,per_epoch_trace
squeeze_net_tosa,inputs/task_graph_topology/soda-benchmark-graphs/pytorch-graphs/squeeze_net_tosa.dot,/qfs/people/dass304/dass304/HWSWpartition/hw-sw-partition-metaheur/BatchExperiments/Ablation/diff_gnn_order_lssp_trace/squeeze_net_tosa/seed-42/run-20260412-135801/config/squeeze_net_tosa_seed-42_ablation.yaml,train,epoch,train,thresholded_partition,threshold,285,285.0,0,285,False,False,4990.09326171875,2094.1559746162125,2094.1559746162125,nan,nan,False,164,8835.539715728766,4831.909135635894,0.487,0.544,499415.3125,0.5006002187728882,nan,queue,queue,per_epoch_trace
squeeze_net_tosa,inputs/task_graph_topology/soda-benchmark-graphs/pytorch-graphs/squeeze_net_tosa.dot,/qfs/people/dass304/dass304/HWSWpartition/hw-sw-partition-metaheur/BatchExperiments/Ablation/diff_gnn_order_lssp_trace/squeeze_net_tosa/seed-42/run-20260412-135801/config/squeeze_net_tosa_seed-42_ablation.yaml,train,epoch,train,thresholded_partition,threshold,286,286.0,0,286,False,False,4977.9423828125,3109.383747501392,3582.2646985194983,nan,nan,False,157,8434.494557493597,4831.909135635894,0.4852000000000001,0.5424,498202.21875,0.5005252957344055,nan,queue,queue,per_epoch_trace
squeeze_net_tosa,inputs/task_graph_topology/soda-benchmark-graphs/pytorch-graphs/squeeze_net_tosa.dot,/qfs/people/dass304/dass304/HWSWpartition/hw-sw-partition-metaheur/BatchExperiments/Ablation/diff_gnn_order_lssp_trace/squeeze_net_tosa/seed-42/run-20260412-135801/config/squeeze_net_tosa_seed-42_ablation.yaml,train,epoch,train,thresholded_partition,threshold,287,287.0,0,287,False,False,4991.162109375,3061.0760936457114,3008.9536021135564,nan,nan,False,156,8266.850018029672,4831.909135635894,0.48340000000000005,0.5408,499522.03125,0.49991440773010254,nan,queue,queue,per_epoch_trace
squeeze_net_tosa,inputs/task_graph_topology/soda-benchmark-graphs/pytorch-graphs/squeeze_net_tosa.dot,/qfs/people/dass304/dass304/HWSWpartition/hw-sw-partition-metaheur/BatchExperiments/Ablation/diff_gnn_order_lssp_trace/squeeze_net_tosa/seed-42/run-20260412-135801/config/squeeze_net_tosa_seed-42_ablation.yaml,train,epoch,train,thresholded_partition,threshold,288,288.0,0,288,False,False,4956.787109375,2172.5844829459274,2284.120023800465,nan,nan,False,161,8810.18829573628,4831.909135635894,0.48160000000000003,0.5392,496088.59375,0.5011477470397949,nan,queue,queue,per_epoch_trace
squeeze_net_tosa,inputs/task_graph_topology/soda-benchmark-graphs/pytorch-graphs/squeeze_net_tosa.dot,/qfs/people/dass304/dass304/HWSWpartition/hw-sw-partition-metaheur/BatchExperiments/Ablation/diff_gnn_order_lssp_trace/squeeze_net_tosa/seed-42/run-20260412-135801/config/squeeze_net_tosa_seed-42_ablation.yaml,train,epoch,train,thresholded_partition,threshold,289,289.0,0,289,False,False,4959.8369140625,3040.79417818934,2762.3171695267597,nan,nan,False,157,8355.196808701534,4831.909135635894,0.4798,0.5376000000000001,496393.90625,0.5003738403320312,nan,queue,queue,per_epoch_trace
squeeze_net_tosa,inputs/task_graph_topology/soda-benchmark-graphs/pytorch-graphs/squeeze_net_tosa.dot,/qfs/people/dass304/dass304/HWSWpartition/hw-sw-partition-metaheur/BatchExperiments/Ablation/diff_gnn_order_lssp_trace/squeeze_net_tosa/seed-42/run-20260412-135801/config/squeeze_net_tosa_seed-42_ablation.yaml,train,epoch,train,thresholded_partition,threshold,290,290.0,0,290,False,False,4968.34765625,2709.1694690047943,2709.1694690047943,nan,nan,False,156,8439.178732204804,4831.909135635894,0.478,0.536,497238.03125,0.5008021593093872,nan,queue,queue,per_epoch_trace
squeeze_net_tosa,inputs/task_graph_topology/soda-benchmark-graphs/pytorch-graphs/squeeze_net_tosa.dot,/qfs/people/dass304/dass304/HWSWpartition/hw-sw-partition-metaheur/BatchExperiments/Ablation/diff_gnn_order_lssp_trace/squeeze_net_tosa/seed-42/run-20260412-135801/config/squeeze_net_tosa_seed-42_ablation.yaml,train,epoch,train,thresholded_partition,threshold,291,291.0,0,291,False,False,4890.93115234375,2541.7900927271576,2594.0301009896807,nan,nan,False,158,8413.045735444775,4831.909135635894,0.47620000000000007,0.5344,489499.9375,0.5008204579353333,nan,queue,queue,per_epoch_trace
squeeze_net_tosa,inputs/task_graph_topology/soda-benchmark-graphs/pytorch-graphs/squeeze_net_tosa.dot,/qfs/people/dass304/dass304/HWSWpartition/hw-sw-partition-metaheur/BatchExperiments/Ablation/diff_gnn_order_lssp_trace/squeeze_net_tosa/seed-42/run-20260412-135801/config/squeeze_net_tosa_seed-42_ablation.yaml,train,epoch,train,thresholded_partition,threshold,292,292.0,0,292,False,False,5001.689453125,5004.022894359665,5013.502586114385,nan,nan,False,151,8092.980422907125,4831.909135635894,0.47440000000000004,0.5327999999999999,500576.5,0.5004863739013672,nan,queue,queue,per_epoch_trace
squeeze_net_tosa,inputs/task_graph_topology/soda-benchmark-graphs/pytorch-graphs/squeeze_net_tosa.dot,/qfs/people/dass304/dass304/HWSWpartition/hw-sw-partition-metaheur/BatchExperiments/Ablation/diff_gnn_order_lssp_trace/squeeze_net_tosa/seed-42/run-20260412-135801/config/squeeze_net_tosa_seed-42_ablation.yaml,train,epoch,train,thresholded_partition,threshold,293,293.0,0,293,False,False,4968.21826171875,4351.067306919826,4387.613279511697,nan,nan,False,149,8070.002719813728,4831.909135635894,0.4726,0.5312,497235.625,0.5004096627235413,nan,queue,queue,per_epoch_trace
squeeze_net_tosa,inputs/task_graph_topology/soda-benchmark-graphs/pytorch-graphs/squeeze_net_tosa.dot,/qfs/people/dass304/dass304/HWSWpartition/hw-sw-partition-metaheur/BatchExperiments/Ablation/diff_gnn_order_lssp_trace/squeeze_net_tosa/seed-42/run-20260412-135801/config/squeeze_net_tosa_seed-42_ablation.yaml,train,epoch,train,thresholded_partition,threshold,294,294.0,0,294,False,False,4958.77978515625,2833.08324100991,3315.0064792749354,nan,nan,False,157,8504.605001235093,4831.909135635894,0.4708,0.5296000000000001,496285.28125,0.5030220150947571,nan,queue,queue,per_epoch_trace
squeeze_net_tosa,inputs/task_graph_topology/soda-benchmark-graphs/pytorch-graphs/squeeze_net_tosa.dot,/qfs/people/dass304/dass304/HWSWpartition/hw-sw-partition-metaheur/BatchExperiments/Ablation/diff_gnn_order_lssp_trace/squeeze_net_tosa/seed-42/run-20260412-135801/config/squeeze_net_tosa_seed-42_ablation.yaml,train,epoch,train,thresholded_partition,threshold,295,295.0,0,295,False,False,4980.029296875,2796.2734838869987,2796.2734838869987,nan,nan,False,157,8388.935565106814,4831.909135635894,0.469,0.528,498408.9375,0.49892762303352356,nan,queue,queue,per_epoch_trace
squeeze_net_tosa,inputs/task_graph_topology/soda-benchmark-graphs/pytorch-graphs/squeeze_net_tosa.dot,/qfs/people/dass304/dass304/HWSWpartition/hw-sw-partition-metaheur/BatchExperiments/Ablation/diff_gnn_order_lssp_trace/squeeze_net_tosa/seed-42/run-20260412-135801/config/squeeze_net_tosa_seed-42_ablation.yaml,train,epoch,train,thresholded_partition,threshold,296,296.0,0,296,False,False,5007.18603515625,3682.3732390612727,3705.6765428992685,nan,nan,False,151,8080.738922227239,4831.909135635894,0.46720000000000006,0.5264,501130.0625,0.5017988681793213,nan,queue,queue,per_epoch_trace
squeeze_net_tosa,inputs/task_graph_topology/soda-benchmark-graphs/pytorch-graphs/squeeze_net_tosa.dot,/qfs/people/dass304/dass304/HWSWpartition/hw-sw-partition-metaheur/BatchExperiments/Ablation/diff_gnn_order_lssp_trace/squeeze_net_tosa/seed-42/run-20260412-135801/config/squeeze_net_tosa_seed-42_ablation.yaml,train,epoch,train,thresholded_partition,threshold,297,297.0,0,297,False,False,4953.12744140625,3777.800711043452,4066.986919591242,nan,nan,False,152,7983.106260504633,4831.909135635894,0.46540000000000004,0.5247999999999999,495721.3125,0.5035543441772461,nan,queue,queue,per_epoch_trace
squeeze_net_tosa,inputs/task_graph_topology/soda-benchmark-graphs/pytorch-graphs/squeeze_net_tosa.dot,/qfs/people/dass304/dass304/HWSWpartition/hw-sw-partition-metaheur/BatchExperiments/Ablation/diff_gnn_order_lssp_trace/squeeze_net_tosa/seed-42/run-20260412-135801/config/squeeze_net_tosa_seed-42_ablation.yaml,train,epoch,train,thresholded_partition,threshold,298,298.0,0,298,False,False,4957.06982421875,2707.5191517996254,2892.079723314327,nan,nan,False,157,8459.308309482185,4831.909135635894,0.4636,0.5232,496112.78125,0.5000395774841309,nan,queue,queue,per_epoch_trace
squeeze_net_tosa,inputs/task_graph_topology/soda-benchmark-graphs/pytorch-graphs/squeeze_net_tosa.dot,/qfs/people/dass304/dass304/HWSWpartition/hw-sw-partition-metaheur/BatchExperiments/Ablation/diff_gnn_order_lssp_trace/squeeze_net_tosa/seed-42/run-20260412-135801/config/squeeze_net_tosa_seed-42_ablation.yaml,train,epoch,train,thresholded_partition,threshold,299,299.0,0,299,False,False,4928.33447265625,2900.3519620820634,2970.2400149081755,nan,nan,False,156,8279.500029385712,4831.909135635894,0.4618,0.5216000000000001,493247.59375,0.5005983114242554,nan,queue,queue,per_epoch_trace
squeeze_net_tosa,inputs/task_graph_topology/soda-benchmark-graphs/pytorch-graphs/squeeze_net_tosa.dot,/qfs/people/dass304/dass304/HWSWpartition/hw-sw-partition-metaheur/BatchExperiments/Ablation/diff_gnn_order_lssp_trace/squeeze_net_tosa/seed-42/run-20260412-135801/config/squeeze_net_tosa_seed-42_ablation.yaml,train,epoch,train,thresholded_partition,threshold,300,300.0,0,300,False,False,4984.04345703125,2812.583427978857,2812.583427978857,nan,nan,False,159,8680.094193578861,4831.909135635894,0.45999999999999996,0.52,498807.53125,0.4996427595615387,nan,queue,queue,per_epoch_trace
squeeze_net_tosa,inputs/task_graph_topology/soda-benchmark-graphs/pytorch-graphs/squeeze_net_tosa.dot,/qfs/people/dass304/dass304/HWSWpartition/hw-sw-partition-metaheur/BatchExperiments/Ablation/diff_gnn_order_lssp_trace/squeeze_net_tosa/seed-42/run-20260412-135801/config/squeeze_net_tosa_seed-42_ablation.yaml,train,epoch,train,thresholded_partition,threshold,301,301.0,0,301,False,False,4938.60791015625,2383.0444230732123,2383.0444230732123,nan,nan,False,164,8801.570612620886,4831.909135635894,0.45820000000000005,0.5184,497101.96875,0.5011742115020752,nan,queue,queue,per_epoch_trace
squeeze_net_tosa,inputs/task_graph_topology/soda-benchmark-graphs/pytorch-graphs/squeeze_net_tosa.dot,/qfs/people/dass304/dass304/HWSWpartition/hw-sw-partition-metaheur/BatchExperiments/Ablation/diff_gnn_order_lssp_trace/squeeze_net_tosa/seed-42/run-20260412-135801/config/squeeze_net_tosa_seed-42_ablation.yaml,train,epoch,train,thresholded_partition,threshold,302,302.0,0,302,False,False,4959.54248046875,3040.140833585339,3183.8012223642922,nan,nan,False,156,8412.657609426355,4831.909135635894,0.45640000000000003,0.5167999999999999,496358.5625,0.500545859336853,nan,queue,queue,per_epoch_trace
squeeze_net_tosa,inputs/task_graph_topology/soda-benchmark-graphs/pytorch-graphs/squeeze_net_tosa.dot,/qfs/people/dass304/dass304/HWSWpartition/hw-sw-partition-metaheur/BatchExperiments/Ablation/diff_gnn_order_lssp_trace/squeeze_net_tosa/seed-42/run-20260412-135801/config/squeeze_net_tosa_seed-42_ablation.yaml,train,epoch,train,thresholded_partition,threshold,303,303.0,0,303,False,False,4861.90380859375,2899.133139018613,3045.2633874241733,nan,nan,False,158,8629.584620573762,4831.909135635894,0.4546,0.5152,486592.875,0.5025014877319336,nan,queue,queue,per_epoch_trace
squeeze_net_tosa,inputs/task_graph_topology/soda-benchmark-graphs/pytorch-graphs/squeeze_net_tosa.dot,/qfs/people/dass304/dass304/HWSWpartition/hw-sw-partition-metaheur/BatchExperiments/Ablation/diff_gnn_order_lssp_trace/squeeze_net_tosa/seed-42/run-20260412-135801/config/squeeze_net_tosa_seed-42_ablation.yaml,train,epoch,train,thresholded_partition,threshold,304,304.0,0,304,False,False,4981.30029296875,2752.421218728049,2752.421218728049,nan,nan,False,158,8564.491031711106,4831.909135635894,0.4528,0.5136000000000001,498539.5,0.5002316832542419,nan,queue,queue,per_epoch_trace
squeeze_net_tosa,inputs/task_graph_topology/soda-benchmark-graphs/pytorch-graphs/squeeze_net_tosa.dot,/qfs/people/dass304/dass304/HWSWpartition/hw-sw-partition-metaheur/BatchExperiments/Ablation/diff_gnn_order_lssp_trace/squeeze_net_tosa/seed-42/run-20260412-135801/config/squeeze_net_tosa_seed-42_ablation.yaml,train,epoch,train,thresholded_partition,threshold,305,305.0,0,305,False,False,4998.07763671875,2350.8021759031867,2490.059255173913,nan,nan,False,164,8773.503619827097,4831.909135635894,0.45099999999999996,0.512,500214.5,0.4990682899951935,nan,queue,queue,per_epoch_trace
squeeze_net_tosa,inputs/task_graph_topology/soda-benchmark-graphs/pytorch-graphs/squeeze_net_tosa.dot,/qfs/people/dass304/dass304/HWSWpartition/hw-sw-partition-metaheur/BatchExperiments/Ablation/diff_gnn_order_lssp_trace/squeeze_net_tosa/seed-42/run-20260412-135801/config/squeeze_net_tosa_seed-42_ablation.yaml,train,epoch,train,thresholded_partition,threshold,306,306.0,0,306,False,False,4952.84423828125,2007.3646886970828,2051.9966783937134,nan,nan,False,161,8675.078577835337,4831.909135635894,0.44920000000000004,0.5104,495691.28125,0.49949371814727783,nan,queue,queue,per_epoch_trace
squeeze_net_tosa,inputs/task_graph_topology/soda-benchmark-graphs/pytorch-graphs/squeeze_net_tosa.dot,/qfs/people/dass304/dass304/HWSWpartition/hw-sw-partition-metaheur/BatchExperiments/Ablation/diff_gnn_order_lssp_trace/squeeze_net_tosa/seed-42/run-20260412-135801/config/squeeze_net_tosa_seed-42_ablation.yaml,train,epoch,train,thresholded_partition,threshold,307,307.0,0,307,False,False,4909.22265625,2138.360646706729,2138.360646706729,nan,nan,False,162,8543.08443517779,4831.909135635894,0.4474,0.5087999999999999,491330.65625,0.4989502429962158,nan,queue,queue,per_epoch_trace
squeeze_net_tosa,inputs/task_graph_topology/soda-benchmark-graphs/pytorch-graphs/squeeze_net_tosa.dot,/qfs/people/dass304/dass304/HWSWpartition/hw-sw-partition-metaheur/BatchExperiments/Ablation/diff_gnn_order_lssp_trace/squeeze_net_tosa/seed-42/run-20260412-135801/config/squeeze_net_tosa_seed-42_ablation.yaml,train,epoch,train,thresholded_partition,threshold,308,308.0,0,308,False,False,4972.43603515625,1432.881411578194,1706.5746905977728,nan,nan,False,165,8883.075148280834,4831.909135635894,0.4456,0.5072,497648.90625,0.5002822279930115,nan,queue,queue,per_epoch_trace
squeeze_net_tosa,inputs/task_graph_topology/soda-benchmark-graphs/pytorch-graphs/squeeze_net_tosa.dot,/qfs/people/dass304/dass304/HWSWpartition/hw-sw-partition-metaheur/BatchExperiments/Ablation/diff_gnn_order_lssp_trace/squeeze_net_tosa/seed-42/run-20260412-135801/config/squeeze_net_tosa_seed-42_ablation.yaml,train,epoch,train,thresholded_partition,threshold,309,309.0,0,309,False,False,4968.9345703125,2791.7952042156758,2791.7952042156758,nan,nan,False,159,8373.837115943306,4831.909135635894,0.4438,0.5056,497297.5625,0.5005296468734741,nan,queue,queue,per_epoch_trace
squeeze_net_tosa,inputs/task_graph_topology/soda-benchmark-graphs/pytorch-graphs/squeeze_net_tosa.dot,/qfs/people/dass304/dass304/HWSWpartition/hw-sw-partition-metaheur/BatchExperiments/Ablation/diff_gnn_order_lssp_trace/squeeze_net_tosa/seed-42/run-20260412-135801/config/squeeze_net_tosa_seed-42_ablation.yaml,train,epoch,train,thresholded_partition,threshold,310,310.0,0,310,False,False,4882.18017578125,1584.5612669167908,1415.0314940767662,nan,nan,False,166,8865.492553655988,4831.909135635894,0.44199999999999995,0.504,488619.0,0.5015230178833008,nan,queue,queue,per_epoch_trace
squeeze_net_tosa,inputs/task_graph_topology/soda-benchmark-graphs/pytorch-graphs/squeeze_net_tosa.dot,/qfs/people/dass304/dass304/HWSWpartition/hw-sw-partition-metaheur/BatchExperiments/Ablation/diff_gnn_order_lssp_trace/squeeze_net_tosa/seed-42/run-20260412-135801/config/squeeze_net_tosa_seed-42_ablation.yaml,train,epoch,train,thresholded_partition,threshold,311,311.0,0,311,False,False,4949.36279296875,2214.0607473904847,2020.7147564210218,nan,nan,False,164,8732.955072005396,4831.909135635894,0.44020000000000004,0.5024,495343.5625,0.5006310939788818,nan,queue,queue,per_epoch_trace
squeeze_net_tosa,inputs/task_graph_topology/soda-benchmark-graphs/pytorch-graphs/squeeze_net_tosa.dot,/qfs/people/dass304/dass304/HWSWpartition/hw-sw-partition-metaheur/BatchExperiments/Ablation/diff_gnn_order_lssp_trace/squeeze_net_tosa/seed-42/run-20260412-135801/config/squeeze_net_tosa_seed-42_ablation.yaml,train,epoch,train,thresholded_partition,threshold,312,312.0,0,312,False,False,4870.20947265625,2711.9495400162173,2711.9495400162173,nan,nan,False,163,8730.315764015737,4831.909135635894,0.4384,0.5007999999999999,487426.15625,0.5012978315353394,nan,queue,queue,per_epoch_trace
squeeze_net_tosa,inputs/task_graph_topology/soda-benchmark-graphs/pytorch-graphs/squeeze_net_tosa.dot,/qfs/people/dass304/dass304/HWSWpartition/hw-sw-partition-metaheur/BatchExperiments/Ablation/diff_gnn_order_lssp_trace/squeeze_net_tosa/seed-42/run-20260412-135801/config/squeeze_net_tosa_seed-42_ablation.yaml,train,epoch,train,thresholded_partition,threshold,313,313.0,0,313,False,False,5018.1884765625,2466.104162898327,2646.8058150356746,nan,nan,False,160,8502.643539962586,4831.909135635894,0.4366,0.4992,502229.3125,0.4993952810764313,nan,queue,queue,per_epoch_trace
squeeze_net_tosa,inputs/task_graph_topology/soda-benchmark-graphs/pytorch-graphs/squeeze_net_tosa.dot,/qfs/people/dass304/dass304/HWSWpartition/hw-sw-partition-metaheur/BatchExperiments/Ablation/diff_gnn_order_lssp_trace/squeeze_net_tosa/seed-42/run-20260412-135801/config/squeeze_net_tosa_seed-42_ablation.yaml,train,epoch,train,thresholded_partition,threshold,314,314.0,0,314,False,False,4966.93310546875,1630.1900276349097,1630.1900276349097,nan,nan,False,164,8749.1656943798,4831.909135635894,0.43479999999999996,0.49759999999999993,497095.21875,0.5012173056602478,nan,queue,queue,per_epoch_trace
squeeze_net_tosa,inputs/task_graph_topology/soda-benchmark-graphs/pytorch-graphs/squeeze_net_tosa.dot,/qfs/people/dass304/dass304/HWSWpartition/hw-sw-partition-metaheur/BatchExperiments/Ablation/diff_gnn_order_lssp_trace/squeeze_net_tosa/seed-42/run-20260412-135801/config/squeeze_net_tosa_seed-42_ablation.yaml,train,epoch,train,thresholded_partition,threshold,315,315.0,0,315,False,False,4962.2265625,2104.1506546271594,2114.746805235813,nan,nan,False,162,8742.629527208072,4831.909135635894,0.43299999999999994,0.496,496627.71875,0.5020286440849304,nan,queue,queue,per_epoch_trace
squeeze_net_tosa,inputs/task_graph_topology/soda-benchmark-graphs/pytorch-graphs/squeeze_net_tosa.dot,/qfs/people/dass304/dass304/HWSWpartition/hw-sw-partition-metaheur/BatchExperiments/Ablation/diff_gnn_order_lssp_trace/squeeze_net_tosa/seed-42/run-20260412-135801/config/squeeze_net_tosa_seed-42_ablation.yaml,train,epoch,train,thresholded_partition,threshold,316,316.0,0,316,False,False,4956.80078125,2172.331087336147,2230.835301846086,nan,nan,False,163,8955.629203439366,4831.909135635894,0.4312,0.49439999999999995,496085.6875,0.5023829936981201,nan,queue,queue,per_epoch_trace
squeeze_net_tosa,inputs/task_graph_topology/soda-benchmark-graphs/pytorch-graphs/squeeze_net_tosa.dot,/qfs/people/dass304/dass304/HWSWpartition/hw-sw-partition-metaheur/BatchExperiments/Ablation/diff_gnn_order_lssp_trace/squeeze_net_tosa/seed-42/run-20260412-135801/config/squeeze_net_tosa_seed-42_ablation.yaml,train,epoch,train,thresholded_partition,threshold,317,317.0,0,317,False,False,4973.07958984375,3401.2344768186185,3401.234476818618,nan,nan,False,156,8305.42308984363,4831.909135635894,0.4294,0.4928,497712.0,0.5030081272125244,nan,queue,queue,per_epoch_trace
squeeze_net_tosa,inputs/task_graph_topology/soda-benchmark-graphs/pytorch-graphs/squeeze_net_tosa.dot,/qfs/people/dass304/dass304/HWSWpartition/hw-sw-partition-metaheur/BatchExperiments/Ablation/diff_gnn_order_lssp_trace/squeeze_net_tosa/seed-42/run-20260412-135801/config/squeeze_net_tosa_seed-42_ablation.yaml,train,epoch,train,thresholded_partition,threshold,318,318.0,0,318,False,False,4997.78955078125,2935.793612882754,3123.390321834574,nan,nan,False,156,8434.307172309436,4831.909135635894,0.4276,0.49119999999999997,500180.71875,0.500308096408844,nan,queue,queue,per_epoch_trace
squeeze_net_tosa,inputs/task_graph_topology/soda-benchmark-graphs/pytorch-graphs/squeeze_net_tosa.dot,/qfs/people/dass304/dass304/HWSWpartition/hw-sw-partition-metaheur/BatchExperiments/Ablation/diff_gnn_order_lssp_trace/squeeze_net_tosa/seed-42/run-20260412-135801/config/squeeze_net_tosa_seed-42_ablation.yaml,train,epoch,train,thresholded_partition,threshold,319,319.0,0,319,False,False,4980.720703125,3081.5943390822003,3026.5813502180863,nan,nan,False,158,8597.340806568605,4831.909135635894,0.42579999999999996,0.4895999999999999,498474.9375,0.499982088804245,nan,queue,queue,per_epoch_trace
squeeze_net_tosa,inputs/task_graph_topology/soda-benchmark-graphs/pytorch-graphs/squeeze_net_tosa.dot,/qfs/people/dass304/dass304/HWSWpartition/hw-sw-partition-metaheur/BatchExperiments/Ablation/diff_gnn_order_lssp_trace/squeeze_net_tosa/seed-42/run-20260412-135801/config/squeeze_net_tosa_seed-42_ablation.yaml,train,epoch,train,thresholded_partition,threshold,320,320.0,0,320,False,False,4978.416015625,2778.989878522089,2778.989878522089,nan,nan,False,156,8324.081285113145,4831.909135635894,0.42399999999999993,0.488,498252.15625,0.5011417865753174,nan,queue,queue,per_epoch_trace
squeeze_net_tosa,inputs/task_graph_topology/soda-benchmark-graphs/pytorch-graphs/squeeze_net_tosa.dot,/qfs/people/dass304/dass304/HWSWpartition/hw-sw-partition-metaheur/BatchExperiments/Ablation/diff_gnn_order_lssp_trace/squeeze_net_tosa/seed-42/run-20260412-135801/config/squeeze_net_tosa_seed-42_ablation.yaml,train,epoch,train,thresholded_partition,threshold,321,321.0,0,321,False,False,4904.7275390625,1947.1401555034456,1971.3158238203844,nan,nan,False,166,8835.35266549938,4831.909135635894,0.4222,0.48639999999999994,490873.3125,0.5005943775177002,nan,queue,queue,per_epoch_trace
squeeze_net_tosa,inputs/task_graph_topology/soda-benchmark-graphs/pytorch-graphs/squeeze_net_tosa.dot,/qfs/people/dass304/dass304/HWSWpartition/hw-sw-partition-metaheur/BatchExperiments/Ablation/diff_gnn_order_lssp_trace/squeeze_net_tosa/seed-42/run-20260412-135801/config/squeeze_net_tosa_seed-42_ablation.yaml,train,epoch,train,thresholded_partition,threshold,322,322.0,0,322,False,False,4761.26220703125,2088.724169767798,2173.1665098665885,nan,nan,False,160,8648.199610782554,4831.909135635894,0.4204,0.4848,476529.125,0.5004836320877075,nan,queue,queue,per_epoch_trace
squeeze_net_tosa,inputs/task_graph_topology/soda-benchmark-graphs/pytorch-graphs/squeeze_net_tosa.dot,/qfs/people/dass304/dass304/HWSWpartition/hw-sw-partition-metaheur/BatchExperiments/Ablation/diff_gnn_order_lssp_trace/squeeze_net_tosa/seed-42/run-20260412-135801/config/squeeze_net_tosa_seed-42_ablation.yaml,train,epoch,train,thresholded_partition,threshold,323,323.0,0,323,False,False,4987.44140625,2529.108392280091,2720.4362274428913,nan,nan,False,161,8778.16684582588,4831.909135635894,0.41859999999999997,0.48319999999999996,499149.40625,0.5014626383781433,nan,queue,queue,per_epoch_trace
squeeze_net_tosa,inputs/task_graph_topology/soda-benchmark-graphs/pytorch-graphs/squeeze_net_tosa.dot,/qfs/people/dass304/dass304/HWSWpartition/hw-sw-partition-metaheur/BatchExperiments/Ablation/diff_gnn_order_lssp_trace/squeeze_net_tosa/seed-42/run-20260412-135801/config/squeeze_net_tosa_seed-42_ablation.yaml,train,epoch,train,thresholded_partition,threshold,324,324.0,0,324,False,False,5000.12841796875,2461.442135135717,2594.355513789433,nan,nan,False,162,8739.978307334713,4831.909135635894,0.41679999999999995,0.4815999999999999,500415.84375,0.5033869743347168,nan,queue,queue,per_epoch_trace
squeeze_net_tosa,inputs/task_graph_topology/soda-benchmark-graphs/pytorch-graphs/squeeze_net_tosa.dot,/qfs/people/dass304/dass304/HWSWpartition/hw-sw-partition-metaheur/BatchExperiments/Ablation/diff_gnn_order_lssp_trace/squeeze_net_tosa/seed-42/run-20260412-135801/config/squeeze_net_tosa_seed-42_ablation.yaml,train,epoch,train,thresholded_partition,threshold,325,325.0,0,325,False,False,4885.72509765625,2813.2216646765655,3030.372052086155,nan,nan,False,157,8552.739331790457,4831.909135635894,0.4149999999999999,0.48,488975.0625,0.5008859634399414,nan,queue,queue,per_epoch_trace
squeeze_net_tosa,inputs/task_graph_topology/soda-benchmark-graphs/pytorch-graphs/squeeze_net_tosa.dot,/qfs/people/dass304/dass304/HWSWpartition/hw-sw-partition-metaheur/BatchExperiments/Ablation/diff_gnn_order_lssp_trace/squeeze_net_tosa/seed-42/run-20260412-135801/config/squeeze_net_tosa_seed-42_ablation.yaml,train,epoch,train,thresholded_partition,threshold,326,326.0,0,326,False,False,4949.326171875,3258.8438548981194,3234.027379200245,nan,nan,False,160,8551.811447821337,4831.909135635894,0.4132,0.47839999999999994,495344.40625,0.5021007061004639,nan,queue,queue,per_epoch_trace
squeeze_net_tosa,inputs/task_graph_topology/soda-benchmark-graphs/pytorch-graphs/squeeze_net_tosa.dot,/qfs/people/dass304/dass304/HWSWpartition/hw-sw-partition-metaheur/BatchExperiments/Ablation/diff_gnn_order_lssp_trace/squeeze_net_tosa/seed-42/run-20260412-135801/config/squeeze_net_tosa_seed-42_ablation.yaml,train,epoch,train,thresholded_partition,threshold,327,327.0,0,327,False,False,4971.166015625,3325.0033309061496,3197.1852340086475,nan,nan,False,156,8499.945699937458,4831.909135635894,0.4114,0.4768,497524.40625,0.5016448497772217,nan,queue,queue,per_epoch_trace
squeeze_net_tosa,inputs/task_graph_topology/soda-benchmark-graphs/pytorch-graphs/squeeze_net_tosa.dot,/qfs/people/dass304/dass304/HWSWpartition/hw-sw-partition-metaheur/BatchExperiments/Ablation/diff_gnn_order_lssp_trace/squeeze_net_tosa/seed-42/run-20260412-135801/config/squeeze_net_tosa_seed-42_ablation.yaml,train,epoch,train,thresholded_partition,threshold,328,328.0,0,328,False,False,4921.59033203125,2768.871204080533,2768.871204080533,nan,nan,False,161,8659.714660431964,4831.909135635894,0.40959999999999996,0.47519999999999996,492571.40625,0.4998534619808197,nan,queue,queue,per_epoch_trace
squeeze_net_tosa,inputs/task_graph_topology/soda-benchmark-graphs/pytorch-graphs/squeeze_net_tosa.dot,/qfs/people/dass304/dass304/HWSWpartition/hw-sw-partition-metaheur/BatchExperiments/Ablation/diff_gnn_order_lssp_trace/squeeze_net_tosa/seed-42/run-20260412-135801/config/squeeze_net_tosa_seed-42_ablation.yaml,train,epoch,train,thresholded_partition,threshold,329,329.0,0,329,False,False,4916.65576171875,3217.5324895111,3217.5324895111,nan,nan,False,155,8448.316474911951,4831.909135635894,0.40779999999999994,0.4735999999999999,492083.03125,0.5032148957252502,nan,queue,queue,per_epoch_trace
squeeze_net_tosa,inputs/task_graph_topology/soda-benchmark-graphs/pytorch-graphs/squeeze_net_tosa.dot,/qfs/people/dass304/dass304/HWSWpartition/hw-sw-partition-metaheur/BatchExperiments/Ablation/diff_gnn_order_lssp_trace/squeeze_net_tosa/seed-42/run-20260412-135801/config/squeeze_net_tosa_seed-42_ablation.yaml,train,epoch,train,thresholded_partition,threshold,330,330.0,0,330,False,False,4802.65234375,2197.0381897704137,2197.038189770414,nan,nan,False,159,8514.686388071501,4831.909135635894,0.4059999999999999,0.472,480669.15625,0.5053936243057251,nan,queue,queue,per_epoch_trace
squeeze_net_tosa,inputs/task_graph_topology/soda-benchmark-graphs/pytorch-graphs/squeeze_net_tosa.dot,/qfs/people/dass304/dass304/HWSWpartition/hw-sw-partition-metaheur/BatchExperiments/Ablation/diff_gnn_order_lssp_trace/squeeze_net_tosa/seed-42/run-20260412-135801/config/squeeze_net_tosa_seed-42_ablation.yaml,train,epoch,train,thresholded_partition,threshold,331,331.0,0,331,False,False,4959.45654296875,1789.1468000087411,1898.8870717836035,nan,nan,False,165,8842.814542477754,4831.909135635894,0.4042,0.47039999999999993,496354.21875,0.5016103982925415,nan,queue,queue,per_epoch_trace
squeeze_net_tosa,inputs/task_graph_topology/soda-benchmark-graphs/pytorch-graphs/squeeze_net_tosa.dot,/qfs/people/dass304/dass304/HWSWpartition/hw-sw-partition-metaheur/BatchExperiments/Ablation/diff_gnn_order_lssp_trace/squeeze_net_tosa/seed-42/run-20260412-135801/config/squeeze_net_tosa_seed-42_ablation.yaml,train,epoch,train,thresholded_partition,threshold,332,332.0,0,332,False,False,4939.20361328125,1904.208946538024,2083.25798516945,nan,nan,False,166,8895.83196763299,4831.909135635894,0.4024,0.4688,494326.46875,0.5020943284034729,nan,queue,queue,per_epoch_trace
squeeze_net_tosa,inputs/task_graph_topology/soda-benchmark-graphs/pytorch-graphs/squeeze_net_tosa.dot,/qfs/people/dass304/dass304/HWSWpartition/hw-sw-partition-metaheur/BatchExperiments/Ablation/diff_gnn_order_lssp_trace/squeeze_net_tosa/seed-42/run-20260412-135801/config/squeeze_net_tosa_seed-42_ablation.yaml,train,epoch,train,thresholded_partition,threshold,333,333.0,0,333,False,False,4971.82373046875,1929.2264499556654,2214.100247481357,nan,nan,False,164,8842.71039934079,4831.909135635894,0.40059999999999996,0.46719999999999995,497586.8125,0.5048171281814575,nan,queue,queue,per_epoch_trace
squeeze_net_tosa,inputs/task_graph_topology/soda-benchmark-graphs/pytorch-graphs/squeeze_net_tosa.dot,/qfs/people/dass304/dass304/HWSWpartition/hw-sw-partition-metaheur/BatchExperiments/Ablation/diff_gnn_order_lssp_trace/squeeze_net_tosa/seed-42/run-20260412-135801/config/squeeze_net_tosa_seed-42_ablation.yaml,train,epoch,train,thresholded_partition,threshold,334,334.0,0,334,False,False,4934.927734375,1696.2811214337996,1761.3808905224691,nan,nan,False,164,8783.5692456181,4831.909135635894,0.39879999999999993,0.4655999999999999,493890.03125,0.5075065493583679,nan,queue,queue,per_epoch_trace
squeeze_net_tosa,inputs/task_graph_topology/soda-benchmark-graphs/pytorch-graphs/squeeze_net_tosa.dot,/qfs/people/dass304/dass304/HWSWpartition/hw-sw-partition-metaheur/BatchExperiments/Ablation/diff_gnn_order_lssp_trace/squeeze_net_tosa/seed-42/run-20260412-135801/config/squeeze_net_tosa_seed-42_ablation.yaml,train,epoch,train,thresholded_partition,threshold,335,335.0,0,335,False,False,4836.63818359375,3544.2883694455477,3544.2883694455477,nan,nan,False,154,8240.788766393303,4831.909135635894,0.3969999999999999,0.46399999999999997,484077.4375,0.5014479756355286,nan,queue,queue,per_epoch_trace
squeeze_net_tosa,inputs/task_graph_topology/soda-benchmark-graphs/pytorch-graphs/squeeze_net_tosa.dot,/qfs/people/dass304/dass304/HWSWpartition/hw-sw-partition-metaheur/BatchExperiments/Ablation/diff_gnn_order_lssp_trace/squeeze_net_tosa/seed-42/run-20260412-135801/config/squeeze_net_tosa_seed-42_ablation.yaml,train,epoch,train,thresholded_partition,threshold,336,336.0,0,336,False,False,4932.04736328125,2281.5399635208687,2281.5399635208687,nan,nan,False,168,9129.029937971867,4831.909135635894,0.3952,0.4623999999999999,493602.8125,0.5123080015182495,nan,queue,queue,per_epoch_trace
squeeze_net_tosa,inputs/task_graph_topology/soda-benchmark-graphs/pytorch-graphs/squeeze_net_tosa.dot,/qfs/people/dass304/dass304/HWSWpartition/hw-sw-partition-metaheur/BatchExperiments/Ablation/diff_gnn_order_lssp_trace/squeeze_net_tosa/seed-42/run-20260412-135801/config/squeeze_net_tosa_seed-42_ablation.yaml,train,epoch,train,thresholded_partition,threshold,337,337.0,0,337,False,False,4934.3291015625,2400.1422925209854,2337.967782562645,nan,nan,False,157,8457.599789013497,4831.909135635894,0.39339999999999997,0.4608,493843.375,0.5046085119247437,nan,queue,queue,per_epoch_trace
squeeze_net_tosa,inputs/task_graph_topology/soda-benchmark-graphs/pytorch-graphs/squeeze_net_tosa.dot,/qfs/people/dass304/dass304/HWSWpartition/hw-sw-partition-metaheur/BatchExperiments/Ablation/diff_gnn_order_lssp_trace/squeeze_net_tosa/seed-42/run-20260412-135801/config/squeeze_net_tosa_seed-42_ablation.yaml,train,epoch,train,thresholded_partition,threshold,338,338.0,0,338,False,False,4878.42236328125,2808.3779288223536,2808.3779288223536,nan,nan,False,156,8343.701956407354,4831.909135635894,0.39159999999999995,0.45919999999999994,488252.90625,0.5016292929649353,nan,queue,queue,per_epoch_trace
squeeze_net_tosa,inputs/task_graph_topology/soda-benchmark-graphs/pytorch-graphs/squeeze_net_tosa.dot,/qfs/people/dass304/dass304/HWSWpartition/hw-sw-partition-metaheur/BatchExperiments/Ablation/diff_gnn_order_lssp_trace/squeeze_net_tosa/seed-42/run-20260412-135801/config/squeeze_net_tosa_seed-42_ablation.yaml,train,epoch,train,thresholded_partition,threshold,339,339.0,0,339,False,False,4822.21484375,896.5583934778987,907.1545440865522,nan,nan,False,170,9192.088570213162,4831.909135635894,0.3897999999999999,0.4575999999999999,482620.15625,0.5085001587867737,nan,queue,queue,per_epoch_trace
squeeze_net_tosa,inputs/task_graph_topology/soda-benchmark-graphs/pytorch-graphs/squeeze_net_tosa.dot,/qfs/people/dass304/dass304/HWSWpartition/hw-sw-partition-metaheur/BatchExperiments/Ablation/diff_gnn_order_lssp_trace/squeeze_net_tosa/seed-42/run-20260412-135801/config/squeeze_net_tosa_seed-42_ablation.yaml,train,epoch,train,thresholded_partition,threshold,340,340.0,0,340,False,False,4911.74755859375,1058.3888287547404,1157.134930986708,nan,nan,False,170,9062.70638615784,4831.909135635894,0.3879999999999999,0.45599999999999996,491572.75,0.5077037215232849,nan,queue,queue,per_epoch_trace
squeeze_net_tosa,inputs/task_graph_topology/soda-benchmark-graphs/pytorch-graphs/squeeze_net_tosa.dot,/qfs/people/dass304/dass304/HWSWpartition/hw-sw-partition-metaheur/BatchExperiments/Ablation/diff_gnn_order_lssp_trace/squeeze_net_tosa/seed-42/run-20260412-135801/config/squeeze_net_tosa_seed-42_ablation.yaml,train,epoch,train,thresholded_partition,threshold,341,341.0,0,341,False,False,4925.04833984375,4419.878376881975,4362.07020100977,nan,nan,False,152,8181.529673337681,4831.909135635894,0.3862,0.4543999999999999,492916.8125,0.5034208297729492,nan,queue,queue,per_epoch_trace
squeeze_net_tosa,inputs/task_graph_topology/soda-benchmark-graphs/pytorch-graphs/squeeze_net_tosa.dot,/qfs/people/dass304/dass304/HWSWpartition/hw-sw-partition-metaheur/BatchExperiments/Ablation/diff_gnn_order_lssp_trace/squeeze_net_tosa/seed-42/run-20260412-135801/config/squeeze_net_tosa_seed-42_ablation.yaml,train,epoch,train,thresholded_partition,threshold,342,342.0,0,342,False,False,4983.7578125,2237.436866891896,2271.3980168136827,nan,nan,False,165,8894.088643276911,4831.909135635894,0.38439999999999996,0.4528,498780.875,0.5034295320510864,nan,queue,queue,per_epoch_trace
squeeze_net_tosa,inputs/task_graph_topology/soda-benchmark-graphs/pytorch-graphs/squeeze_net_tosa.dot,/qfs/people/dass304/dass304/HWSWpartition/hw-sw-partition-metaheur/BatchExperiments/Ablation/diff_gnn_order_lssp_trace/squeeze_net_tosa/seed-42/run-20260412-135801/config/squeeze_net_tosa_seed-42_ablation.yaml,train,epoch,train,thresholded_partition,threshold,343,343.0,0,343,False,False,4959.04248046875,1202.4919782168201,1386.7561812232432,nan,nan,False,166,8899.930654634689,4831.909135635894,0.38259999999999994,0.45119999999999993,496302.25,0.5002376437187195,nan,queue,queue,per_epoch_trace
squeeze_net_tosa,inputs/task_graph_topology/soda-benchmark-graphs/pytorch-graphs/squeeze_net_tosa.dot,/qfs/people/dass304/dass304/HWSWpartition/hw-sw-partition-metaheur/BatchExperiments/Ablation/diff_gnn_order_lssp_trace/squeeze_net_tosa/seed-42/run-20260412-135801/config/squeeze_net_tosa_seed-42_ablation.yaml,train,epoch,train,thresholded_partition,threshold,344,344.0,0,344,False,False,4958.63525390625,1791.3664028981093,1791.3664028981093,nan,nan,False,162,8707.587865512345,4831.909135635894,0.3808,0.4496,496266.09375,0.5024957060813904,nan,queue,queue,per_epoch_trace
squeeze_net_tosa,inputs/task_graph_topology/soda-benchmark-graphs/pytorch-graphs/squeeze_net_tosa.dot,/qfs/people/dass304/dass304/HWSWpartition/hw-sw-partition-metaheur/BatchExperiments/Ablation/diff_gnn_order_lssp_trace/squeeze_net_tosa/seed-42/run-20260412-135801/config/squeeze_net_tosa_seed-42_ablation.yaml,train,epoch,train,thresholded_partition,threshold,345,345.0,0,345,False,False,4931.99560546875,1175.5146549647027,1439.9801942502968,nan,nan,False,168,9114.06433396544,4831.909135635894,0.379,0.44800000000000006,493607.09375,0.505751371383667,nan,queue,queue,per_epoch_trace
squeeze_net_tosa,inputs/task_graph_topology/soda-benchmark-graphs/pytorch-graphs/squeeze_net_tosa.dot,/qfs/people/dass304/dass304/HWSWpartition/hw-sw-partition-metaheur/BatchExperiments/Ablation/diff_gnn_order_lssp_trace/squeeze_net_tosa/seed-42/run-20260412-135801/config/squeeze_net_tosa_seed-42_ablation.yaml,train,epoch,train,thresholded_partition,threshold,346,346.0,0,346,False,False,4923.29345703125,2736.4990100254263,2730.951201423122,nan,nan,False,159,8467.065726064482,4831.909135635894,0.3772,0.4464,492738.21875,0.5051645040512085,nan,queue,queue,per_epoch_trace
squeeze_net_tosa,inputs/task_graph_topology/soda-benchmark-graphs/pytorch-graphs/squeeze_net_tosa.dot,/qfs/people/dass304/dass304/HWSWpartition/hw-sw-partition-metaheur/BatchExperiments/Ablation/diff_gnn_order_lssp_trace/squeeze_net_tosa/seed-42/run-20260412-135801/config/squeeze_net_tosa_seed-42_ablation.yaml,train,epoch,train,thresholded_partition,threshold,347,347.0,0,347,False,False,4770.900390625,1904.2016387517383,1904.2016387517378,nan,nan,False,163,8706.353410997073,4831.909135635894,0.37540000000000007,0.4448,477497.6875,0.5059073567390442,nan,queue,queue,per_epoch_trace
squeeze_net_tosa,inputs/task_graph_topology/soda-benchmark-graphs/pytorch-graphs/squeeze_net_tosa.dot,/qfs/people/dass304/dass304/HWSWpartition/hw-sw-partition-metaheur/BatchExperiments/Ablation/diff_gnn_order_lssp_trace/squeeze_net_tosa/seed-42/run-20260412-135801/config/squeeze_net_tosa_seed-42_ablation.yaml,train,epoch,train,thresholded_partition,threshold,348,348.0,0,348,False,False,4952.55029296875,2855.6263061742898,2861.786968665934,nan,nan,False,160,8660.536429084807,4831.909135635894,0.37360000000000004,0.44320000000000004,495663.5625,0.4996039569377899,nan,queue,queue,per_epoch_trace
squeeze_net_tosa,inputs/task_graph_topology/soda-benchmark-graphs/pytorch-graphs/squeeze_net_tosa.dot,/qfs/people/dass304/dass304/HWSWpartition/hw-sw-partition-metaheur/BatchExperiments/Ablation/diff_gnn_order_lssp_trace/squeeze_net_tosa/seed-42/run-20260412-135801/config/squeeze_net_tosa_seed-42_ablation.yaml,train,epoch,train,thresholded_partition,threshold,349,349.0,0,349,False,False,4812.94091796875,1710.4072910708994,1710.4072910708994,nan,nan,False,164,8963.756933497809,4831.909135635894,0.3718,0.4416,481702.125,0.5128401517868042,nan,queue,queue,per_epoch_trace
squeeze_net_tosa,inputs/task_graph_topology/soda-benchmark-graphs/pytorch-graphs/squeeze_net_tosa.dot,/qfs/people/dass304/dass304/HWSWpartition/hw-sw-partition-metaheur/BatchExperiments/Ablation/diff_gnn_order_lssp_trace/squeeze_net_tosa/seed-42/run-20260412-135801/config/squeeze_net_tosa_seed-42_ablation.yaml,train,epoch,train,thresholded_partition,threshold,350,350.0,0,350,False,False,4879.39404296875,2676.508698654808,2676.508698654808,nan,nan,False,158,8535.089705127875,4831.909135635894,0.37,0.44000000000000006,488345.34375,0.5092326402664185,nan,queue,queue,per_epoch_trace
squeeze_net_tosa,inputs/task_graph_topology/soda-benchmark-graphs/pytorch-graphs/squeeze_net_tosa.dot,/qfs/people/dass304/dass304/HWSWpartition/hw-sw-partition-metaheur/BatchExperiments/Ablation/diff_gnn_order_lssp_trace/squeeze_net_tosa/seed-42/run-20260412-135801/config/squeeze_net_tosa_seed-42_ablation.yaml,train,epoch,train,thresholded_partition,threshold,351,351.0,0,351,False,False,4846.46240234375,2423.278439046003,2423.2784390460024,nan,nan,False,159,8638.228300721894,4831.909135635894,0.36819999999999997,0.4384,485055.96875,0.5154471397399902,nan,queue,queue,per_epoch_trace
squeeze_net_tosa,inputs/task_graph_topology/soda-benchmark-graphs/pytorch-graphs/squeeze_net_tosa.dot,/qfs/people/dass304/dass304/HWSWpartition/hw-sw-partition-metaheur/BatchExperiments/Ablation/diff_gnn_order_lssp_trace/squeeze_net_tosa/seed-42/run-20260412-135801/config/squeeze_net_tosa_seed-42_ablation.yaml,train,epoch,train,thresholded_partition,threshold,352,352.0,0,352,False,False,4918.12060546875,3253.308382729706,3269.84413822318,nan,nan,False,155,8475.448972470384,4831.909135635894,0.36640000000000006,0.43679999999999997,492234.3125,0.5082597732543945,nan,queue,queue,per_epoch_trace
squeeze_net_tosa,inputs/task_graph_topology/soda-benchmark-graphs/pytorch-graphs/squeeze_net_tosa.dot,/qfs/people/dass304/dass304/HWSWpartition/hw-sw-partition-metaheur/BatchExperiments/Ablation/diff_gnn_order_lssp_trace/squeeze_net_tosa/seed-42/run-20260412-135801/config/squeeze_net_tosa_seed-42_ablation.yaml,train,epoch,train,thresholded_partition,threshold,353,353.0,0,353,False,False,4791.1953125,2499.1524911405863,2525.7571436578405,nan,nan,False,162,8889.403162477489,4831.909135635894,0.36460000000000004,0.43520000000000003,479531.5625,0.5257591009140015,nan,queue,queue,per_epoch_trace
squeeze_net_tosa,inputs/task_graph_topology/soda-benchmark-graphs/pytorch-graphs/squeeze_net_tosa.dot,/qfs/people/dass304/dass304/HWSWpartition/hw-sw-partition-metaheur/BatchExperiments/Ablation/diff_gnn_order_lssp_trace/squeeze_net_tosa/seed-42/run-20260412-135801/config/squeeze_net_tosa_seed-42_ablation.yaml,train,epoch,train,thresholded_partition,threshold,354,354.0,0,354,False,False,4932.28173828125,4155.059002816676,4239.501342915467,nan,nan,False,151,8216.371905116166,4831.909135635894,0.3628,0.4336,493645.5625,0.5042815208435059,nan,queue,queue,per_epoch_trace
squeeze_net_tosa,inputs/task_graph_topology/soda-benchmark-graphs/pytorch-graphs/squeeze_net_tosa.dot,/qfs/people/dass304/dass304/HWSWpartition/hw-sw-partition-metaheur/BatchExperiments/Ablation/diff_gnn_order_lssp_trace/squeeze_net_tosa/seed-42/run-20260412-135801/config/squeeze_net_tosa_seed-42_ablation.yaml,train,epoch,train,thresholded_partition,threshold,355,355.0,0,355,False,False,4859.58154296875,3263.7684231382323,3339.204626522226,nan,nan,False,157,8432.840869817685,4831.909135635894,0.361,0.43200000000000005,486380.375,0.5108205080032349,nan,queue,queue,per_epoch_trace
squeeze_net_tosa,inputs/task_graph_topology/soda-benchmark-graphs/pytorch-graphs/squeeze_net_tosa.dot,/qfs/people/dass304/dass304/HWSWpartition/hw-sw-partition-metaheur/BatchExperiments/Ablation/diff_gnn_order_lssp_trace/squeeze_net_tosa/seed-42/run-20260412-135801/config/squeeze_net_tosa_seed-42_ablation.yaml,train,epoch,train,thresholded_partition,threshold,356,356.0,0,356,False,False,4810.82763671875,1863.9417980192497,1841.533637803972,nan,nan,False,163,9020.247392939695,4831.909135635894,0.35919999999999996,0.4304,481492.75,0.5115727186203003,nan,queue,queue,per_epoch_trace
squeeze_net_tosa,inputs/task_graph_topology/soda-benchmark-graphs/pytorch-graphs/squeeze_net_tosa.dot,/qfs/people/dass304/dass304/HWSWpartition/hw-sw-partition-metaheur/BatchExperiments/Ablation/diff_gnn_order_lssp_trace/squeeze_net_tosa/seed-42/run-20260412-135801/config/squeeze_net_tosa_seed-42_ablation.yaml,train,epoch,train,thresholded_partition,threshold,357,357.0,0,357,False,False,4876.85546875,2263.6725300067087,2429.0675483244654,nan,nan,False,161,8659.847485977281,4831.909135635894,0.35740000000000005,0.42879999999999996,488097.75,0.5111647844314575,nan,queue,queue,per_epoch_trace
squeeze_net_tosa,inputs/task_graph_topology/soda-benchmark-graphs/pytorch-graphs/squeeze_net_tosa.dot,/qfs/people/dass304/dass304/HWSWpartition/hw-sw-partition-metaheur/BatchExperiments/Ablation/diff_gnn_order_lssp_trace/squeeze_net_tosa/seed-42/run-20260412-135801/config/squeeze_net_tosa_seed-42_ablation.yaml,train,epoch,train,thresholded_partition,threshold,358,358.0,0,358,False,False,4795.40966796875,1850.608572704528,1890.1339650492832,nan,nan,False,165,8889.212494217292,4831.909135635894,0.3556,0.4272,479948.75,0.5301637649536133,nan,queue,queue,per_epoch_trace
squeeze_net_tosa,inputs/task_graph_topology/soda-benchmark-graphs/pytorch-graphs/squeeze_net_tosa.dot,/qfs/people/dass304/dass304/HWSWpartition/hw-sw-partition-metaheur/BatchExperiments/Ablation/diff_gnn_order_lssp_trace/squeeze_net_tosa/seed-42/run-20260412-135801/config/squeeze_net_tosa_seed-42_ablation.yaml,train,epoch,train,thresholded_partition,threshold,359,359.0,0,359,False,False,4667.42041015625,1490.2939975210659,1490.2939975210659,nan,nan,False,167,9172.99457063001,4831.909135635894,0.3538,0.4256,467142.25,0.5161461234092712,nan,queue,queue,per_epoch_trace
squeeze_net_tosa,inputs/task_graph_topology/soda-benchmark-graphs/pytorch-graphs/squeeze_net_tosa.dot,/qfs/people/dass304/dass304/HWSWpartition/hw-sw-partition-metaheur/BatchExperiments/Ablation/diff_gnn_order_lssp_trace/squeeze_net_tosa/seed-42/run-20260412-135801/config/squeeze_net_tosa_seed-42_ablation.yaml,train,epoch,train,thresholded_partition,threshold,360,360.0,0,360,False,False,4711.427734375,1887.2699369999625,1915.828978262068,nan,nan,False,165,8868.286598325152,4831.909135635894,0.352,0.42400000000000004,471543.375,0.5250734686851501,nan,queue,queue,per_epoch_trace
squeeze_net_tosa,inputs/task_graph_topology/soda-benchmark-graphs/pytorch-graphs/squeeze_net_tosa.dot,/qfs/people/dass304/dass304/HWSWpartition/hw-sw-partition-metaheur/BatchExperiments/Ablation/diff_gnn_order_lssp_trace/squeeze_net_tosa/seed-42/run-20260412-135801/config/squeeze_net_tosa_seed-42_ablation.yaml,train,epoch,train,thresholded_partition,threshold,361,361.0,0,361,False,False,4856.224609375,2233.463041144118,2031.573575808918,nan,nan,False,163,8539.168973734359,4831.909135635894,0.35019999999999996,0.4224,486039.59375,0.5025749802589417,nan,queue,queue,per_epoch_trace
squeeze_net_tosa,inputs/task_graph_topology/soda-benchmark-graphs/pytorch-graphs/squeeze_net_tosa.dot,/qfs/people/dass304/dass304/HWSWpartition/hw-sw-partition-metaheur/BatchExperiments/Ablation/diff_gnn_order_lssp_trace/squeeze_net_tosa/seed-42/run-20260412-135801/config/squeeze_net_tosa_seed-42_ablation.yaml,train,epoch,train,thresholded_partition,threshold,362,362.0,0,362,False,False,4857.72314453125,2096.333348309936,2017.4906417594602,nan,nan,False,165,9055.924818680123,4831.909135635894,0.34840000000000004,0.42079999999999995,486173.3125,0.5110462307929993,nan,queue,queue,per_epoch_trace
squeeze_net_tosa,inputs/task_graph_topology/soda-benchmark-graphs/pytorch-graphs/squeeze_net_tosa.dot,/qfs/people/dass304/dass304/HWSWpartition/hw-sw-partition-metaheur/BatchExperiments/Ablation/diff_gnn_order_lssp_trace/squeeze_net_tosa/seed-42/run-20260412-135801/config/squeeze_net_tosa_seed-42_ablation.yaml,train,epoch,train,thresholded_partition,threshold,363,363.0,0,363,False,False,4934.16357421875,2333.6318110468555,2044.435251661934,nan,nan,False,165,8962.154197746424,4831.909135635894,0.3466,0.4192,493827.40625,0.5047292113304138,nan,queue,queue,per_epoch_trace
squeeze_net_tosa,inputs/task_graph_topology/soda-benchmark-graphs/pytorch-graphs/squeeze_net_tosa.dot,/qfs/people/dass304/dass304/HWSWpartition/hw-sw-partition-metaheur/BatchExperiments/Ablation/diff_gnn_order_lssp_trace/squeeze_net_tosa/seed-42/run-20260412-135801/config/squeeze_net_tosa_seed-42_ablation.yaml,train,epoch,train,thresholded_partition,threshold,364,364.0,0,364,False,False,5014.91650390625,1834.0949635747006,1834.0949635747006,nan,nan,False,165,8918.127378430456,4831.909135635894,0.3448,0.41759999999999997,501900.90625,0.5061239004135132,nan,queue,queue,per_epoch_trace
squeeze_net_tosa,inputs/task_graph_topology/soda-benchmark-graphs/pytorch-graphs/squeeze_net_tosa.dot,/qfs/people/dass304/dass304/HWSWpartition/hw-sw-partition-metaheur/BatchExperiments/Ablation/diff_gnn_order_lssp_trace/squeeze_net_tosa/seed-42/run-20260412-135801/config/squeeze_net_tosa_seed-42_ablation.yaml,train,epoch,train,thresholded_partition,threshold,365,365.0,0,365,False,False,4893.93798828125,1804.4538218104228,1776.9976884078271,nan,nan,False,166,8971.202023278116,4831.909135635894,0.34299999999999997,0.41600000000000004,489795.6875,0.5260343551635742,nan,queue,queue,per_epoch_trace
squeeze_net_tosa,inputs/task_graph_topology/soda-benchmark-graphs/pytorch-graphs/squeeze_net_tosa.dot,/qfs/people/dass304/dass304/HWSWpartition/hw-sw-partition-metaheur/BatchExperiments/Ablation/diff_gnn_order_lssp_trace/squeeze_net_tosa/seed-42/run-20260412-135801/config/squeeze_net_tosa_seed-42_ablation.yaml,train,epoch,train,thresholded_partition,threshold,366,366.0,0,366,False,False,4883.33544921875,2113.276629283674,2113.276629283674,nan,nan,False,167,8945.768331502799,4831.909135635894,0.34119999999999995,0.4144,488731.0625,0.5035315155982971,nan,queue,queue,per_epoch_trace
squeeze_net_tosa,inputs/task_graph_topology/soda-benchmark-graphs/pytorch-graphs/squeeze_net_tosa.dot,/qfs/people/dass304/dass304/HWSWpartition/hw-sw-partition-metaheur/BatchExperiments/Ablation/diff_gnn_order_lssp_trace/squeeze_net_tosa/seed-42/run-20260412-135801/config/squeeze_net_tosa_seed-42_ablation.yaml,train,epoch,train,thresholded_partition,threshold,367,367.0,0,367,False,False,4911.1650390625,1613.3615079768076,1712.5370537857723,nan,nan,False,167,8910.021494587598,4831.909135635894,0.33940000000000003,0.41279999999999994,491515.78125,0.5090730786323547,nan,queue,queue,per_epoch_trace
squeeze_net_tosa,inputs/task_graph_topology/soda-benchmark-graphs/pytorch-graphs/squeeze_net_tosa.dot,/qfs/people/dass304/dass304/HWSWpartition/hw-sw-partition-metaheur/BatchExperiments/Ablation/diff_gnn_order_lssp_trace/squeeze_net_tosa/seed-42/run-20260412-135801/config/squeeze_net_tosa_seed-42_ablation.yaml,train,epoch,train,thresholded_partition,threshold,368,368.0,0,368,False,False,4749.48388671875,1104.3702630044882,1218.6996070333632,nan,nan,False,168,8985.114831650706,4831.909135635894,0.3376,0.4112,475353.5,0.5086520314216614,nan,queue,queue,per_epoch_trace
squeeze_net_tosa,inputs/task_graph_topology/soda-benchmark-graphs/pytorch-graphs/squeeze_net_tosa.dot,/qfs/people/dass304/dass304/HWSWpartition/hw-sw-partition-metaheur/BatchExperiments/Ablation/diff_gnn_order_lssp_trace/squeeze_net_tosa/seed-42/run-20260412-135801/config/squeeze_net_tosa_seed-42_ablation.yaml,train,epoch,train,thresholded_partition,threshold,369,369.0,0,369,False,False,4907.21142578125,976.9885545041892,1112.3379805818788,nan,nan,False,170,9086.165208698449,4831.909135635894,0.3358,0.40959999999999996,491118.46875,0.505502462387085,nan,queue,queue,per_epoch_trace
squeeze_net_tosa,inputs/task_graph_topology/soda-benchmark-graphs/pytorch-graphs/squeeze_net_tosa.dot,/qfs/people/dass304/dass304/HWSWpartition/hw-sw-partition-metaheur/BatchExperiments/Ablation/diff_gnn_order_lssp_trace/squeeze_net_tosa/seed-42/run-20260412-135801/config/squeeze_net_tosa_seed-42_ablation.yaml,train,epoch,train,thresholded_partition,threshold,370,370.0,0,370,False,False,4846.77001953125,1356.8872170307204,1336.2022896127423,nan,nan,False,168,8993.5920179699,4831.909135635894,0.33399999999999996,0.40800000000000003,485074.84375,0.516212522983551,nan,queue,queue,per_epoch_trace
squeeze_net_tosa,inputs/task_graph_topology/soda-benchmark-graphs/pytorch-graphs/squeeze_net_tosa.dot,/qfs/people/dass304/dass304/HWSWpartition/hw-sw-partition-metaheur/BatchExperiments/Ablation/diff_gnn_order_lssp_trace/squeeze_net_tosa/seed-42/run-20260412-135801/config/squeeze_net_tosa_seed-42_ablation.yaml,train,epoch,train,thresholded_partition,threshold,371,371.0,0,371,False,False,4902.15185546875,1198.4933392508005,1462.514300591509,nan,nan,False,167,8834.79509501457,4831.909135635894,0.33219999999999994,0.4064,490615.1875,0.5073073506355286,nan,queue,queue,per_epoch_trace
squeeze_net_tosa,inputs/task_graph_topology/soda-benchmark-graphs/pytorch-graphs/squeeze_net_tosa.dot,/qfs/people/dass304/dass304/HWSWpartition/hw-sw-partition-metaheur/BatchExperiments/Ablation/diff_gnn_order_lssp_trace/squeeze_net_tosa/seed-42/run-20260412-135801/config/squeeze_net_tosa_seed-42_ablation.yaml,train,epoch,train,thresholded_partition,threshold,372,372.0,0,372,False,False,4816.34619140625,1416.4445110339122,1461.416506966558,nan,nan,False,169,9171.431549964793,4831.909135635894,0.3304,0.40479999999999994,482025.9375,0.5237187147140503,nan,queue,queue,per_epoch_trace
squeeze_net_tosa,inputs/task_graph_topology/soda-benchmark-graphs/pytorch-graphs/squeeze_net_tosa.dot,/qfs/people/dass304/dass304/HWSWpartition/hw-sw-partition-metaheur/BatchExperiments/Ablation/diff_gnn_order_lssp_trace/squeeze_net_tosa/seed-42/run-20260412-135801/config/squeeze_net_tosa_seed-42_ablation.yaml,train,epoch,train,thresholded_partition,threshold,373,373.0,0,373,False,False,4927.47900390625,1803.091862902916,1813.6880135115698,nan,nan,False,166,9008.439149176515,4831.909135635894,0.3286,0.4032,493145.4375,0.5080326199531555,nan,queue,queue,per_epoch_trace
squeeze_net_tosa,inputs/task_graph_topology/soda-benchmark-graphs/pytorch-graphs/squeeze_net_tosa.dot,/qfs/people/dass304/dass304/HWSWpartition/hw-sw-partition-metaheur/BatchExperiments/Ablation/diff_gnn_order_lssp_trace/squeeze_net_tosa/seed-42/run-20260412-135801/config/squeeze_net_tosa_seed-42_ablation.yaml,train,epoch,train,thresholded_partition,threshold,374,374.0,0,374,False,False,4853.42236328125,1733.7115460691737,1744.307696677827,nan,nan,False,166,8964.599628637194,4831.909135635894,0.3268,0.40159999999999996,485745.375,0.5179780125617981,nan,queue,queue,per_epoch_trace
squeeze_net_tosa,inputs/task_graph_topology/soda-benchmark-graphs/pytorch-graphs/squeeze_net_tosa.dot,/qfs/people/dass304/dass304/HWSWpartition/hw-sw-partition-metaheur/BatchExperiments/Ablation/diff_gnn_order_lssp_trace/squeeze_net_tosa/seed-42/run-20260412-135801/config/squeeze_net_tosa_seed-42_ablation.yaml,train,epoch,train,thresholded_partition,threshold,375,375.0,0,375,False,False,4922.62841796875,1573.9946060382965,1573.9946060382965,nan,nan,False,165,8955.593382269206,4831.909135635894,0.32499999999999996,0.3999999999999999,492676.375,0.5048187375068665,nan,queue,queue,per_epoch_trace
squeeze_net_tosa,inputs/task_graph_topology/soda-benchmark-graphs/pytorch-graphs/squeeze_net_tosa.dot,/qfs/people/dass304/dass304/HWSWpartition/hw-sw-partition-metaheur/BatchExperiments/Ablation/diff_gnn_order_lssp_trace/squeeze_net_tosa/seed-42/run-20260412-135801/config/squeeze_net_tosa_seed-42_ablation.yaml,train,epoch,train,thresholded_partition,threshold,376,376.0,0,376,False,False,4923.61279296875,2300.0132593701587,2308.929508782935,nan,nan,False,156,8336.719599018536,4831.909135635894,0.32319999999999993,0.3984,492769.0625,0.5016849637031555,nan,queue,queue,per_epoch_trace
squeeze_net_tosa,inputs/task_graph_topology/soda-benchmark-graphs/pytorch-graphs/squeeze_net_tosa.dot,/qfs/people/dass304/dass304/HWSWpartition/hw-sw-partition-metaheur/BatchExperiments/Ablation/diff_gnn_order_lssp_trace/squeeze_net_tosa/seed-42/run-20260412-135801/config/squeeze_net_tosa_seed-42_ablation.yaml,train,epoch,train,thresholded_partition,threshold,377,377.0,0,377,False,False,4928.03857421875,1754.6299091889953,1882.2030468066503,nan,nan,False,164,8895.664729405818,4831.909135635894,0.3214,0.39679999999999993,493214.96875,0.5316349864006042,nan,queue,queue,per_epoch_trace
squeeze_net_tosa,inputs/task_graph_topology/soda-benchmark-graphs/pytorch-graphs/squeeze_net_tosa.dot,/qfs/people/dass304/dass304/HWSWpartition/hw-sw-partition-metaheur/BatchExperiments/Ablation/diff_gnn_order_lssp_trace/squeeze_net_tosa/seed-42/run-20260412-135801/config/squeeze_net_tosa_seed-42_ablation.yaml,train,epoch,train,thresholded_partition,threshold,378,378.0,0,378,False,False,4720.26123046875,1226.3722646010121,1226.3722646010121,nan,nan,False,166,8968.640332419916,4831.909135635894,0.3196,0.3952,472427.15625,0.5235744714736938,nan,queue,queue,per_epoch_trace
squeeze_net_tosa,inputs/task_graph_topology/soda-benchmark-graphs/pytorch-graphs/squeeze_net_tosa.dot,/qfs/people/dass304/dass304/HWSWpartition/hw-sw-partition-metaheur/BatchExperiments/Ablation/diff_gnn_order_lssp_trace/squeeze_net_tosa/seed-42/run-20260412-135801/config/squeeze_net_tosa_seed-42_ablation.yaml,train,epoch,train,thresholded_partition,threshold,379,379.0,0,379,False,False,4879.47998046875,1792.9652567915566,1792.9652567915566,nan,nan,False,165,8903.052890564752,4831.909135635894,0.31779999999999997,0.39359999999999995,488356.15625,0.5092522501945496,nan,queue,queue,per_epoch_trace
squeeze_net_tosa,inputs/task_graph_topology/soda-benchmark-graphs/pytorch-graphs/squeeze_net_tosa.dot,/qfs/people/dass304/dass304/HWSWpartition/hw-sw-partition-metaheur/BatchExperiments/Ablation/diff_gnn_order_lssp_trace/squeeze_net_tosa/seed-42/run-20260412-135801/config/squeeze_net_tosa_seed-42_ablation.yaml,train,epoch,train,thresholded_partition,threshold,380,380.0,0,380,False,False,4747.61962890625,2646.2415483336863,2646.2415483336863,nan,nan,False,159,8466.754843616853,4831.909135635894,0.31599999999999995,0.3919999999999999,475169.1875,0.5182120203971863,nan,queue,queue,per_epoch_trace
squeeze_net_tosa,inputs/task_graph_topology/soda-benchmark-graphs/pytorch-graphs/squeeze_net_tosa.dot,/qfs/people/dass304/dass304/HWSWpartition/hw-sw-partition-metaheur/BatchExperiments/Ablation/diff_gnn_order_lssp_trace/squeeze_net_tosa/seed-42/run-20260412-135801/config/squeeze_net_tosa_seed-42_ablation.yaml,train,epoch,train,thresholded_partition,threshold,381,381.0,0,381,False,False,4934.75341796875,1613.0078506297352,1817.367327808792,nan,nan,False,164,8867.136562911952,4831.909135635894,0.3141999999999999,0.39039999999999997,493874.40625,0.5729995965957642,nan,queue,queue,per_epoch_trace
squeeze_net_tosa,inputs/task_graph_topology/soda-benchmark-graphs/pytorch-graphs/squeeze_net_tosa.dot,/qfs/people/dass304/dass304/HWSWpartition/hw-sw-partition-metaheur/BatchExperiments/Ablation/diff_gnn_order_lssp_trace/squeeze_net_tosa/seed-42/run-20260412-135801/config/squeeze_net_tosa_seed-42_ablation.yaml,train,epoch,train,thresholded_partition,threshold,382,382.0,0,382,False,False,4659.3671875,1631.6060120967777,1631.6060120967777,nan,nan,False,163,8820.15105554433,4831.909135635894,0.3124,0.3887999999999999,466340.09375,0.5701910257339478,nan,queue,queue,per_epoch_trace
squeeze_net_tosa,inputs/task_graph_topology/soda-benchmark-graphs/pytorch-graphs/squeeze_net_tosa.dot,/qfs/people/dass304/dass304/HWSWpartition/hw-sw-partition-metaheur/BatchExperiments/Ablation/diff_gnn_order_lssp_trace/squeeze_net_tosa/seed-42/run-20260412-135801/config/squeeze_net_tosa_seed-42_ablation.yaml,train,epoch,train,thresholded_partition,threshold,383,383.0,0,383,False,False,4554.208984375,2108.193120218426,2127.1285624891025,nan,nan,False,162,8857.676240356763,4831.909135635894,0.3106,0.3872,455818.5625,0.5552098155021667,nan,queue,queue,per_epoch_trace
squeeze_net_tosa,inputs/task_graph_topology/soda-benchmark-graphs/pytorch-graphs/squeeze_net_tosa.dot,/qfs/people/dass304/dass304/HWSWpartition/hw-sw-partition-metaheur/BatchExperiments/Ablation/diff_gnn_order_lssp_trace/squeeze_net_tosa/seed-42/run-20260412-135801/config/squeeze_net_tosa_seed-42_ablation.yaml,train,epoch,train,thresholded_partition,threshold,384,384.0,0,384,False,False,4521.87841796875,2406.544603267006,2454.2181517750046,nan,nan,False,163,8843.03197043131,4831.909135635894,0.30879999999999996,0.38559999999999994,452568.84375,0.6299004554748535,nan,queue,queue,per_epoch_trace
squeeze_net_tosa,inputs/task_graph_topology/soda-benchmark-graphs/pytorch-graphs/squeeze_net_tosa.dot,/qfs/people/dass304/dass304/HWSWpartition/hw-sw-partition-metaheur/BatchExperiments/Ablation/diff_gnn_order_lssp_trace/squeeze_net_tosa/seed-42/run-20260412-135801/config/squeeze_net_tosa_seed-42_ablation.yaml,train,epoch,train,thresholded_partition,threshold,385,385.0,0,385,False,False,4695.66943359375,1523.9024045335764,1534.4985551422299,nan,nan,False,165,8932.995024415637,4831.909135635894,0.30699999999999994,0.3839999999999999,469960.21875,0.5460071563720703,nan,queue,queue,per_epoch_trace
squeeze_net_tosa,inputs/task_graph_topology/soda-benchmark-graphs/pytorch-graphs/squeeze_net_tosa.dot,/qfs/people/dass304/dass304/HWSWpartition/hw-sw-partition-metaheur/BatchExperiments/Ablation/diff_gnn_order_lssp_trace/squeeze_net_tosa/seed-42/run-20260412-135801/config/squeeze_net_tosa_seed-42_ablation.yaml,train,epoch,train,thresholded_partition,threshold,386,386.0,0,386,False,False,4715.14990234375,1671.1616862323367,1671.1616862323367,nan,nan,False,163,8880.721105500317,4831.909135635894,0.3051999999999999,0.38239999999999996,471912.90625,0.5450695157051086,nan,queue,queue,per_epoch_trace
squeeze_net_tosa,inputs/task_graph_topology/soda-benchmark-graphs/pytorch-graphs/squeeze_net_tosa.dot,/qfs/people/dass304/dass304/HWSWpartition/hw-sw-partition-metaheur/BatchExperiments/Ablation/diff_gnn_order_lssp_trace/squeeze_net_tosa/seed-42/run-20260412-135801/config/squeeze_net_tosa_seed-42_ablation.yaml,train,epoch,train,thresholded_partition,threshold,387,387.0,0,387,False,False,4678.099609375,2054.087282093389,2054.087282093389,nan,nan,False,164,8941.037994347387,4831.909135635894,0.3034,0.3807999999999999,468203.0625,0.5921050906181335,nan,queue,queue,per_epoch_trace
squeeze_net_tosa,inputs/task_graph_topology/soda-benchmark-graphs/pytorch-graphs/squeeze_net_tosa.dot,/qfs/people/dass304/dass304/HWSWpartition/hw-sw-partition-metaheur/BatchExperiments/Ablation/diff_gnn_order_lssp_trace/squeeze_net_tosa/seed-42/run-20260412-135801/config/squeeze_net_tosa_seed-42_ablation.yaml,train,epoch,train,thresholded_partition,threshold,388,388.0,0,388,False,False,4412.486328125,1555.3166168002747,1555.3166168002747,nan,nan,False,164,9017.082654100332,4831.909135635894,0.3016,0.3792,441635.53125,0.5957795977592468,nan,queue,queue,per_epoch_trace
squeeze_net_tosa,inputs/task_graph_topology/soda-benchmark-graphs/pytorch-graphs/squeeze_net_tosa.dot,/qfs/people/dass304/dass304/HWSWpartition/hw-sw-partition-metaheur/BatchExperiments/Ablation/diff_gnn_order_lssp_trace/squeeze_net_tosa/seed-42/run-20260412-135801/config/squeeze_net_tosa_seed-42_ablation.yaml,train,epoch,train,thresholded_partition,threshold,389,389.0,0,389,False,False,5041.1015625,2894.7298099252894,2874.0448825073113,nan,nan,False,158,8501.584766976624,4831.909135635894,0.29979999999999996,0.37759999999999994,504523.3125,0.6232814192771912,nan,queue,queue,per_epoch_trace
squeeze_net_tosa,inputs/task_graph_topology/soda-benchmark-graphs/pytorch-graphs/squeeze_net_tosa.dot,/qfs/people/dass304/dass304/HWSWpartition/hw-sw-partition-metaheur/BatchExperiments/Ablation/diff_gnn_order_lssp_trace/squeeze_net_tosa/seed-42/run-20260412-135801/config/squeeze_net_tosa_seed-42_ablation.yaml,train,epoch,train,thresholded_partition,threshold,390,390.0,0,390,False,False,4535.6533203125,1643.14011497435,1751.9042828181925,nan,nan,False,166,9027.233219749578,4831.909135635894,0.29799999999999993,0.3759999999999999,453961.625,0.5590166449546814,nan,queue,queue,per_epoch_trace
squeeze_net_tosa,inputs/task_graph_topology/soda-benchmark-graphs/pytorch-graphs/squeeze_net_tosa.dot,/qfs/people/dass304/dass304/HWSWpartition/hw-sw-partition-metaheur/BatchExperiments/Ablation/diff_gnn_order_lssp_trace/squeeze_net_tosa/seed-42/run-20260412-135801/config/squeeze_net_tosa_seed-42_ablation.yaml,train,epoch,train,thresholded_partition,threshold,391,391.0,0,391,False,False,4210.7041015625,1092.864363552517,1182.0868252589858,nan,nan,False,170,9190.510715471128,4831.909135635894,0.2961999999999999,0.37439999999999996,421437.09375,0.5957184433937073,nan,queue,queue,per_epoch_trace
squeeze_net_tosa,inputs/task_graph_topology/soda-benchmark-graphs/pytorch-graphs/squeeze_net_tosa.dot,/qfs/people/dass304/dass304/HWSWpartition/hw-sw-partition-metaheur/BatchExperiments/Ablation/diff_gnn_order_lssp_trace/squeeze_net_tosa/seed-42/run-20260412-135801/config/squeeze_net_tosa_seed-42_ablation.yaml,train,epoch,train,thresholded_partition,threshold,392,392.0,0,392,False,False,4729.09130859375,860.5733621197361,891.0200942502155,nan,nan,False,170,9173.867230949054,4831.909135635894,0.2944,0.3727999999999999,473292.3125,0.5454010963439941,nan,queue,queue,per_epoch_trace
squeeze_net_tosa,inputs/task_graph_topology/soda-benchmark-graphs/pytorch-graphs/squeeze_net_tosa.dot,/qfs/people/dass304/dass304/HWSWpartition/hw-sw-partition-metaheur/BatchExperiments/Ablation/diff_gnn_order_lssp_trace/squeeze_net_tosa/seed-42/run-20260412-135801/config/squeeze_net_tosa_seed-42_ablation.yaml,train,epoch,train,thresholded_partition,threshold,393,393.0,0,393,False,False,4780.83154296875,775.0335483608086,775.0335483608088,nan,nan,False,170,9207.693340194834,4831.909135635894,0.29259999999999997,0.3712,478476.28125,0.5281323790550232,nan,queue,queue,per_epoch_trace
squeeze_net_tosa,inputs/task_graph_topology/soda-benchmark-graphs/pytorch-graphs/squeeze_net_tosa.dot,/qfs/people/dass304/dass304/HWSWpartition/hw-sw-partition-metaheur/BatchExperiments/Ablation/diff_gnn_order_lssp_trace/squeeze_net_tosa/seed-42/run-20260412-135801/config/squeeze_net_tosa_seed-42_ablation.yaml,train,epoch,train,thresholded_partition,threshold,394,394.0,0,394,False,False,4853.46484375,1400.527121238871,1400.527121238871,nan,nan,False,165,8932.630130626278,4831.909135635894,0.29079999999999995,0.36959999999999993,485749.21875,0.5278809666633606,nan,queue,queue,per_epoch_trace
squeeze_net_tosa,inputs/task_graph_topology/soda-benchmark-graphs/pytorch-graphs/squeeze_net_tosa.dot,/qfs/people/dass304/dass304/HWSWpartition/hw-sw-partition-metaheur/BatchExperiments/Ablation/diff_gnn_order_lssp_trace/squeeze_net_tosa/seed-42/run-20260412-135801/config/squeeze_net_tosa_seed-42_ablation.yaml,train,epoch,train,thresholded_partition,threshold,395,395.0,0,395,False,False,4267.279296875,807.7010918251209,861.9713094920056,nan,nan,False,172,9219.301041630964,4831.909135635894,0.2889999999999999,0.3679999999999999,427086.1875,0.5717719197273254,nan,queue,queue,per_epoch_trace
squeeze_net_tosa,inputs/task_graph_topology/soda-benchmark-graphs/pytorch-graphs/squeeze_net_tosa.dot,/qfs/people/dass304/dass304/HWSWpartition/hw-sw-partition-metaheur/BatchExperiments/Ablation/diff_gnn_order_lssp_trace/squeeze_net_tosa/seed-42/run-20260412-135801/config/squeeze_net_tosa_seed-42_ablation.yaml,train,epoch,train,thresholded_partition,threshold,396,396.0,0,396,False,False,4596.32373046875,1638.1240267044827,1733.8846974762805,nan,nan,False,169,9160.198149222131,4831.909135635894,0.2871999999999999,0.36639999999999995,460016.75,0.5549056529998779,nan,queue,queue,per_epoch_trace
squeeze_net_tosa,inputs/task_graph_topology/soda-benchmark-graphs/pytorch-graphs/squeeze_net_tosa.dot,/qfs/people/dass304/dass304/HWSWpartition/hw-sw-partition-metaheur/BatchExperiments/Ablation/diff_gnn_order_lssp_trace/squeeze_net_tosa/seed-42/run-20260412-135801/config/squeeze_net_tosa_seed-42_ablation.yaml,train,epoch,train,thresholded_partition,threshold,397,397.0,0,397,False,False,4432.16845703125,971.777700925399,961.5958624307644,nan,nan,False,172,9330.59214122329,4831.909135635894,0.2854,0.3647999999999999,443588.78125,0.5751709342002869,nan,queue,queue,per_epoch_trace
squeeze_net_tosa,inputs/task_graph_topology/soda-benchmark-graphs/pytorch-graphs/squeeze_net_tosa.dot,/qfs/people/dass304/dass304/HWSWpartition/hw-sw-partition-metaheur/BatchExperiments/Ablation/diff_gnn_order_lssp_trace/squeeze_net_tosa/seed-42/run-20260412-135801/config/squeeze_net_tosa_seed-42_ablation.yaml,train,epoch,train,thresholded_partition,threshold,398,398.0,0,398,False,False,4200.93603515625,1077.7101895610726,1077.7101895610726,nan,nan,False,171,9227.164637633696,4831.909135635894,0.28359999999999996,0.36319999999999997,420444.375,0.5972168445587158,nan,queue,queue,per_epoch_trace
squeeze_net_tosa,inputs/task_graph_topology/soda-benchmark-graphs/pytorch-graphs/squeeze_net_tosa.dot,/qfs/people/dass304/dass304/HWSWpartition/hw-sw-partition-metaheur/BatchExperiments/Ablation/diff_gnn_order_lssp_trace/squeeze_net_tosa/seed-42/run-20260412-135801/config/squeeze_net_tosa_seed-42_ablation.yaml,train,epoch,train,thresholded_partition,threshold,399,399.0,0,399,False,False,4347.51025390625,1398.9227855597717,1398.9227855597717,nan,nan,False,165,9028.52072108149,4831.909135635894,0.28179999999999994,0.3615999999999999,435120.25,0.5944168567657471,nan,queue,queue,per_epoch_trace
squeeze_net_tosa,inputs/task_graph_topology/soda-benchmark-graphs/pytorch-graphs/squeeze_net_tosa.dot,/qfs/people/dass304/dass304/HWSWpartition/hw-sw-partition-metaheur/BatchExperiments/Ablation/diff_gnn_order_lssp_trace/squeeze_net_tosa/seed-42/run-20260412-135801/config/squeeze_net_tosa_seed-42_ablation.yaml,train,epoch,train,thresholded_partition,threshold,400,400.0,0,400,False,False,4535.96875,2068.889639260642,2237.924805398484,nan,nan,False,163,8748.75577385303,4831.909135635894,0.2799999999999999,0.3599999999999999,453972.03125,0.6145063638687134,nan,queue,queue,per_epoch_trace
squeeze_net_tosa,inputs/task_graph_topology/soda-benchmark-graphs/pytorch-graphs/squeeze_net_tosa.dot,/qfs/people/dass304/dass304/HWSWpartition/hw-sw-partition-metaheur/BatchExperiments/Ablation/diff_gnn_order_lssp_trace/squeeze_net_tosa/seed-42/run-20260412-135801/config/squeeze_net_tosa_seed-42_ablation.yaml,train,epoch,train,thresholded_partition,threshold,401,401.0,0,401,False,False,3640.20751953125,1330.7260831345056,1361.1728152649853,nan,nan,False,167,9015.397924392113,4831.909135635894,0.2781999999999999,0.35839999999999994,364360.375,0.6916430592536926,nan,queue,queue,per_epoch_trace
squeeze_net_tosa,inputs/task_graph_topology/soda-benchmark-graphs/pytorch-graphs/squeeze_net_tosa.dot,/qfs/people/dass304/dass304/HWSWpartition/hw-sw-partition-metaheur/BatchExperiments/Ablation/diff_gnn_order_lssp_trace/squeeze_net_tosa/seed-42/run-20260412-135801/config/squeeze_net_tosa_seed-42_ablation.yaml,train,epoch,train,thresholded_partition,threshold,402,402.0,0,402,False,False,3966.307373046875,2065.972686250334,2062.3002392489107,nan,nan,False,164,8940.089319636169,4831.909135635894,0.2764,0.3567999999999999,396972.40625,0.7427255511283875,nan,queue,queue,per_epoch_trace
squeeze_net_tosa,inputs/task_graph_topology/soda-benchmark-graphs/pytorch-graphs/squeeze_net_tosa.dot,/qfs/people/dass304/dass304/HWSWpartition/hw-sw-partition-metaheur/BatchExperiments/Ablation/diff_gnn_order_lssp_trace/squeeze_net_tosa/seed-42/run-20260412-135801/config/squeeze_net_tosa_seed-42_ablation.yaml,train,epoch,train,thresholded_partition,threshold,403,403.0,0,403,False,False,3520.42431640625,2313.4978791076464,2347.9242274120174,nan,nan,False,158,8591.74177609082,4831.909135635894,0.27459999999999996,0.35519999999999996,352372.75,0.7881760001182556,nan,queue,queue,per_epoch_trace
squeeze_net_tosa,inputs/task_graph_topology/soda-benchmark-graphs/pytorch-graphs/squeeze_net_tosa.dot,/qfs/people/dass304/dass304/HWSWpartition/hw-sw-partition-metaheur/BatchExperiments/Ablation/diff_gnn_order_lssp_trace/squeeze_net_tosa/seed-42/run-20260412-135801/config/squeeze_net_tosa_seed-42_ablation.yaml,train,epoch,train,thresholded_partition,threshold,404,404.0,0,404,False,False,4010.80517578125,2595.801785974581,2671.482847366951,nan,nan,False,159,8742.010357591942,4831.909135635894,0.27279999999999993,0.3535999999999999,401441.0625,0.7960271239280701,nan,queue,queue,per_epoch_trace
squeeze_net_tosa,inputs/task_graph_topology/soda-benchmark-graphs/pytorch-graphs/squeeze_net_tosa.dot,/qfs/people/dass304/dass304/HWSWpartition/hw-sw-partition-metaheur/BatchExperiments/Ablation/diff_gnn_order_lssp_trace/squeeze_net_tosa/seed-42/run-20260412-135801/config/squeeze_net_tosa_seed-42_ablation.yaml,train,epoch,train,thresholded_partition,threshold,405,405.0,0,405,False,False,3011.379150390625,1606.5403616401165,1592.5871104048576,nan,nan,False,165,8979.514512018763,4831.909135635894,0.2709999999999999,0.35199999999999987,301439.28125,0.7761170268058777,nan,queue,queue,per_epoch_trace
squeeze_net_tosa,inputs/task_graph_topology/soda-benchmark-graphs/pytorch-graphs/squeeze_net_tosa.dot,/qfs/people/dass304/dass304/HWSWpartition/hw-sw-partition-metaheur/BatchExperiments/Ablation/diff_gnn_order_lssp_trace/squeeze_net_tosa/seed-42/run-20260412-135801/config/squeeze_net_tosa_seed-42_ablation.yaml,train,epoch,train,thresholded_partition,threshold,406,406.0,0,406,False,False,3245.089599609375,1849.7468772869604,1949.9537207959613,nan,nan,False,165,8992.465813991583,4831.909135635894,0.2691999999999999,0.35039999999999993,324791.46875,0.822922945022583,nan,queue,queue,per_epoch_trace
squeeze_net_tosa,inputs/task_graph_topology/soda-benchmark-graphs/pytorch-graphs/squeeze_net_tosa.dot,/qfs/people/dass304/dass304/HWSWpartition/hw-sw-partition-metaheur/BatchExperiments/Ablation/diff_gnn_order_lssp_trace/squeeze_net_tosa/seed-42/run-20260412-135801/config/squeeze_net_tosa_seed-42_ablation.yaml,train,epoch,train,thresholded_partition,threshold,407,407.0,0,407,False,False,2854.549560546875,1175.6059241874382,1176.173644793711,nan,nan,False,166,9027.579966332172,4831.909135635894,0.2674000000000001,0.3488,285725.25,0.7954882383346558,nan,queue,queue,per_epoch_trace
squeeze_net_tosa,inputs/task_graph_topology/soda-benchmark-graphs/pytorch-graphs/squeeze_net_tosa.dot,/qfs/people/dass304/dass304/HWSWpartition/hw-sw-partition-metaheur/BatchExperiments/Ablation/diff_gnn_order_lssp_trace/squeeze_net_tosa/seed-42/run-20260412-135801/config/squeeze_net_tosa_seed-42_ablation.yaml,train,epoch,train,thresholded_partition,threshold,408,408.0,0,408,False,False,3308.939208984375,2011.250569269601,2001.1617924602767,nan,nan,False,162,8776.007381444202,4831.909135635894,0.26560000000000006,0.34719999999999995,331182.78125,0.8284969329833984,nan,queue,queue,per_epoch_trace
squeeze_net_tosa,inputs/task_graph_topology/soda-benchmark-graphs/pytorch-graphs/squeeze_net_tosa.dot,/qfs/people/dass304/dass304/HWSWpartition/hw-sw-partition-metaheur/BatchExperiments/Ablation/diff_gnn_order_lssp_trace/squeeze_net_tosa/seed-42/run-20260412-135801/config/squeeze_net_tosa_seed-42_ablation.yaml,train,epoch,train,thresholded_partition,threshold,409,409.0,0,409,False,False,3402.39892578125,1921.3787051716092,2058.1979978042154,nan,nan,False,163,8817.80310531667,4831.909135635894,0.26380000000000003,0.3456,340501.15625,0.8588475584983826,nan,queue,queue,per_epoch_trace
squeeze_net_tosa,inputs/task_graph_topology/soda-benchmark-graphs/pytorch-graphs/squeeze_net_tosa.dot,/qfs/people/dass304/dass304/HWSWpartition/hw-sw-partition-metaheur/BatchExperiments/Ablation/diff_gnn_order_lssp_trace/squeeze_net_tosa/seed-42/run-20260412-135801/config/squeeze_net_tosa_seed-42_ablation.yaml,train,epoch,train,thresholded_partition,threshold,410,410.0,0,410,False,False,2204.155517578125,994.806032021911,1095.6680064901939,nan,nan,False,169,9195.512563378408,4831.909135635894,0.262,0.344,220626.78125,0.8830974698066711,nan,queue,queue,per_epoch_trace
squeeze_net_tosa,inputs/task_graph_topology/soda-benchmark-graphs/pytorch-graphs/squeeze_net_tosa.dot,/qfs/people/dass304/dass304/HWSWpartition/hw-sw-partition-metaheur/BatchExperiments/Ablation/diff_gnn_order_lssp_trace/squeeze_net_tosa/seed-42/run-20260412-135801/config/squeeze_net_tosa_seed-42_ablation.yaml,train,epoch,train,thresholded_partition,threshold,411,411.0,0,411,False,False,2125.302001953125,1130.1675879126985,1219.390049619167,nan,nan,False,168,9127.913751191882,4831.909135635894,0.2602,0.34240000000000004,212744.546875,0.8793007135391235,nan,queue,queue,per_epoch_trace
squeeze_net_tosa,inputs/task_graph_topology/soda-benchmark-graphs/pytorch-graphs/squeeze_net_tosa.dot,/qfs/people/dass304/dass304/HWSWpartition/hw-sw-partition-metaheur/BatchExperiments/Ablation/diff_gnn_order_lssp_trace/squeeze_net_tosa/seed-42/run-20260412-135801/config/squeeze_net_tosa_seed-42_ablation.yaml,train,epoch,train,thresholded_partition,threshold,412,412.0,0,412,False,False,2237.103759765625,1346.7941995782357,1492.9817564814186,nan,nan,False,167,9070.287542969496,4831.909135635894,0.2584000000000001,0.3408,223935.1875,0.8878324627876282,nan,queue,queue,per_epoch_trace
squeeze_net_tosa,inputs/task_graph_topology/soda-benchmark-graphs/pytorch-graphs/squeeze_net_tosa.dot,/qfs/people/dass304/dass304/HWSWpartition/hw-sw-partition-metaheur/BatchExperiments/Ablation/diff_gnn_order_lssp_trace/squeeze_net_tosa/seed-42/run-20260412-135801/config/squeeze_net_tosa_seed-42_ablation.yaml,train,epoch,train,thresholded_partition,threshold,413,413.0,0,413,False,False,2343.862548828125,1312.3708626379785,1291.6859352200001,nan,nan,False,167,9095.34313163311,4831.909135635894,0.25660000000000005,0.33919999999999995,234605.015625,0.9021214246749878,nan,queue,queue,per_epoch_trace
squeeze_net_tosa,inputs/task_graph_topology/soda-benchmark-graphs/pytorch-graphs/squeeze_net_tosa.dot,/qfs/people/dass304/dass304/HWSWpartition/hw-sw-partition-metaheur/BatchExperiments/Ablation/diff_gnn_order_lssp_trace/squeeze_net_tosa/seed-42/run-20260412-135801/config/squeeze_net_tosa_seed-42_ablation.yaml,train,epoch,train,thresholded_partition,threshold,414,414.0,0,414,False,False,2205.517578125,1719.9815818572677,1906.00673948004,nan,nan,False,163,8802.646865723182,4831.909135635894,0.2548,0.3376,220776.703125,0.9072055816650391,nan,queue,queue,per_epoch_trace
squeeze_net_tosa,inputs/task_graph_topology/soda-benchmark-graphs/pytorch-graphs/squeeze_net_tosa.dot,/qfs/people/dass304/dass304/HWSWpartition/hw-sw-partition-metaheur/BatchExperiments/Ablation/diff_gnn_order_lssp_trace/squeeze_net_tosa/seed-42/run-20260412-135801/config/squeeze_net_tosa_seed-42_ablation.yaml,train,epoch,train,thresholded_partition,threshold,415,415.0,0,415,False,False,2218.485595703125,1279.5193953516182,1422.0510236001571,nan,nan,False,165,8912.926248050375,4831.909135635894,0.253,0.33599999999999997,222044.859375,0.903664767742157,nan,queue,queue,per_epoch_trace
squeeze_net_tosa,inputs/task_graph_topology/soda-benchmark-graphs/pytorch-graphs/squeeze_net_tosa.dot,/qfs/people/dass304/dass304/HWSWpartition/hw-sw-partition-metaheur/BatchExperiments/Ablation/diff_gnn_order_lssp_trace/squeeze_net_tosa/seed-42/run-20260412-135801/config/squeeze_net_tosa_seed-42_ablation.yaml,train,epoch,train,thresholded_partition,threshold,416,416.0,0,416,False,False,3067.593994140625,2128.00099082335,2277.1356059442783,nan,nan,False,164,8898.452658114154,4831.909135635894,0.2512,0.33440000000000003,307008.5625,0.9078240394592285,nan,queue,queue,per_epoch_trace
squeeze_net_tosa,inputs/task_graph_topology/soda-benchmark-graphs/pytorch-graphs/squeeze_net_tosa.dot,/qfs/people/dass304/dass304/HWSWpartition/hw-sw-partition-metaheur/BatchExperiments/Ablation/diff_gnn_order_lssp_trace/squeeze_net_tosa/seed-42/run-20260412-135801/config/squeeze_net_tosa_seed-42_ablation.yaml,train,epoch,train,thresholded_partition,threshold,417,417.0,0,417,False,False,1827.9627685546875,1267.853031275067,1368.0598747840675,nan,nan,False,167,9192.244179272106,4831.909135635894,0.24940000000000007,0.3328,182993.421875,0.9281331896781921,nan,queue,queue,per_epoch_trace
squeeze_net_tosa,inputs/task_graph_topology/soda-benchmark-graphs/pytorch-graphs/squeeze_net_tosa.dot,/qfs/people/dass304/dass304/HWSWpartition/hw-sw-partition-metaheur/BatchExperiments/Ablation/diff_gnn_order_lssp_trace/squeeze_net_tosa/seed-42/run-20260412-135801/config/squeeze_net_tosa_seed-42_ablation.yaml,train,epoch,train,thresholded_partition,threshold,418,418.0,0,418,False,False,2935.663818359375,974.7158553428777,1011.7432837471346,nan,nan,False,170,9223.753012651361,4831.909135635894,0.24760000000000004,0.33119999999999994,293824.8125,0.7761679887771606,nan,queue,queue,per_epoch_trace
squeeze_net_tosa,inputs/task_graph_topology/soda-benchmark-graphs/pytorch-graphs/squeeze_net_tosa.dot,/qfs/people/dass304/dass304/HWSWpartition/hw-sw-partition-metaheur/BatchExperiments/Ablation/diff_gnn_order_lssp_trace/squeeze_net_tosa/seed-42/run-20260412-135801/config/squeeze_net_tosa_seed-42_ablation.yaml,train,epoch,train,thresholded_partition,threshold,419,419.0,0,419,False,False,2132.2001953125,951.1374785846225,961.733629193276,nan,nan,False,171,9230.805299675714,4831.909135635894,0.24580000000000002,0.3296,213408.5625,0.8865975737571716,nan,queue,queue,per_epoch_trace
squeeze_net_tosa,inputs/task_graph_topology/soda-benchmark-graphs/pytorch-graphs/squeeze_net_tosa.dot,/qfs/people/dass304/dass304/HWSWpartition/hw-sw-partition-metaheur/BatchExperiments/Ablation/diff_gnn_order_lssp_trace/squeeze_net_tosa/seed-42/run-20260412-135801/config/squeeze_net_tosa_seed-42_ablation.yaml,train,epoch,train,thresholded_partition,threshold,420,420.0,0,420,False,False,1986.7425537109375,807.7010918251209,865.4134476473558,nan,nan,False,173,9383.36739217907,4831.909135635894,0.244,0.32799999999999996,198872.25,0.8745844960212708,nan,queue,queue,per_epoch_trace
squeeze_net_tosa,inputs/task_graph_topology/soda-benchmark-graphs/pytorch-graphs/squeeze_net_tosa.dot,/qfs/people/dass304/dass304/HWSWpartition/hw-sw-partition-metaheur/BatchExperiments/Ablation/diff_gnn_order_lssp_trace/squeeze_net_tosa/seed-42/run-20260412-135801/config/squeeze_net_tosa_seed-42_ablation.yaml,train,epoch,train,thresholded_partition,threshold,421,421.0,0,421,False,False,2086.248046875,1126.544006113384,1116.3621676187495,nan,nan,False,170,9261.500505569195,4831.909135635894,0.24219999999999997,0.3264,208829.546875,0.8793597221374512,nan,queue,queue,per_epoch_trace
squeeze_net_tosa,inputs/task_graph_topology/soda-benchmark-graphs/pytorch-graphs/squeeze_net_tosa.dot,/qfs/people/dass304/dass304/HWSWpartition/hw-sw-partition-metaheur/BatchExperiments/Ablation/diff_gnn_order_lssp_trace/squeeze_net_tosa/seed-42/run-20260412-135801/config/squeeze_net_tosa_seed-42_ablation.yaml,train,epoch,train,thresholded_partition,threshold,422,422.0,0,422,False,False,2452.902587890625,807.7010918251209,838.9821698517525,nan,nan,False,175,9505.812372101345,4831.909135635894,0.24040000000000006,0.3248,245505.34375,0.8322983384132385,nan,queue,queue,per_epoch_trace
squeeze_net_tosa,inputs/task_graph_topology/soda-benchmark-graphs/pytorch-graphs/squeeze_net_tosa.dot,/qfs/people/dass304/dass304/HWSWpartition/hw-sw-partition-metaheur/BatchExperiments/Ablation/diff_gnn_order_lssp_trace/squeeze_net_tosa/seed-42/run-20260412-135801/config/squeeze_net_tosa_seed-42_ablation.yaml,train,epoch,train,thresholded_partition,threshold,423,423.0,0,423,False,False,1795.2779541015625,807.7010918251209,818.2972424337744,nan,nan,False,172,9294.83805673542,4831.909135635894,0.23860000000000003,0.32319999999999993,179719.40625,0.903468668460846,nan,queue,queue,per_epoch_trace
squeeze_net_tosa,inputs/task_graph_topology/soda-benchmark-graphs/pytorch-graphs/squeeze_net_tosa.dot,/qfs/people/dass304/dass304/HWSWpartition/hw-sw-partition-metaheur/BatchExperiments/Ablation/diff_gnn_order_lssp_trace/squeeze_net_tosa/seed-42/run-20260412-135801/config/squeeze_net_tosa_seed-42_ablation.yaml,train,epoch,train,thresholded_partition,threshold,424,424.0,0,424,False,False,1870.2088623046875,1126.544006113384,1192.1084012639894,nan,nan,False,170,9261.500505569195,4831.909135635894,0.2368,0.3216,187209.953125,0.9146665930747986,nan,queue,queue,per_epoch_trace
squeeze_net_tosa,inputs/task_graph_topology/soda-benchmark-graphs/pytorch-graphs/squeeze_net_tosa.dot,/qfs/people/dass304/dass304/HWSWpartition/hw-sw-partition-metaheur/BatchExperiments/Ablation/diff_gnn_order_lssp_trace/squeeze_net_tosa/seed-42/run-20260412-135801/config/squeeze_net_tosa_seed-42_ablation.yaml,train,epoch,train,thresholded_partition,threshold,425,425.0,0,425,False,False,1974.8699951171875,1088.2218329972934,1149.588796656426,nan,nan,False,169,9234.738376327849,4831.909135635894,0.235,0.31999999999999995,197674.1875,0.9157348871231079,nan,queue,queue,per_epoch_trace
squeeze_net_tosa,inputs/task_graph_topology/soda-benchmark-graphs/pytorch-graphs/squeeze_net_tosa.dot,/qfs/people/dass304/dass304/HWSWpartition/hw-sw-partition-metaheur/BatchExperiments/Ablation/diff_gnn_order_lssp_trace/squeeze_net_tosa/seed-42/run-20260412-135801/config/squeeze_net_tosa_seed-42_ablation.yaml,train,epoch,train,thresholded_partition,threshold,426,426.0,0,426,False,False,1828.9468994140625,1329.3168001740205,1319.134961679386,nan,nan,False,167,9118.924088488962,4831.909135635894,0.23319999999999996,0.3184,183102.828125,0.9270107746124268,nan,queue,queue,per_epoch_trace
squeeze_net_tosa,inputs/task_graph_topology/soda-benchmark-graphs/pytorch-graphs/squeeze_net_tosa.dot,/qfs/people/dass304/dass304/HWSWpartition/hw-sw-partition-metaheur/BatchExperiments/Ablation/diff_gnn_order_lssp_trace/squeeze_net_tosa/seed-42/run-20260412-135801/config/squeeze_net_tosa_seed-42_ablation.yaml,train,epoch,train,thresholded_partition,threshold,427,427.0,0,427,False,False,2337.393310546875,1469.5616819864142,1497.9519385289789,nan,nan,False,167,9127.698597545712,4831.909135635894,0.23140000000000005,0.31679999999999997,233941.25,0.9234904646873474,nan,queue,queue,per_epoch_trace
squeeze_net_tosa,inputs/task_graph_topology/soda-benchmark-graphs/pytorch-graphs/squeeze_net_tosa.dot,/qfs/people/dass304/dass304/HWSWpartition/hw-sw-partition-metaheur/BatchExperiments/Ablation/diff_gnn_order_lssp_trace/squeeze_net_tosa/seed-42/run-20260412-135801/config/squeeze_net_tosa_seed-42_ablation.yaml,train,epoch,train,thresholded_partition,threshold,428,428.0,0,428,False,False,2126.650146484375,1372.6472291245716,1328.231194672638,nan,nan,False,165,9069.600566070088,4831.909135635894,0.22960000000000003,0.3151999999999999,212855.765625,0.9366414546966553,nan,queue,queue,per_epoch_trace
squeeze_net_tosa,inputs/task_graph_topology/soda-benchmark-graphs/pytorch-graphs/squeeze_net_tosa.dot,/qfs/people/dass304/dass304/HWSWpartition/hw-sw-partition-metaheur/BatchExperiments/Ablation/diff_gnn_order_lssp_trace/squeeze_net_tosa/seed-42/run-20260412-135801/config/squeeze_net_tosa_seed-42_ablation.yaml,train,epoch,train,thresholded_partition,threshold,429,429.0,0,429,False,False,1920.3603515625,1323.5946488446866,1384.403435776005,nan,nan,False,168,9082.814910189432,4831.909135635894,0.2278,0.3136,192225.328125,0.9273064732551575,nan,queue,queue,per_epoch_trace
squeeze_net_tosa,inputs/task_graph_topology/soda-benchmark-graphs/pytorch-graphs/squeeze_net_tosa.dot,/qfs/people/dass304/dass304/HWSWpartition/hw-sw-partition-metaheur/BatchExperiments/Ablation/diff_gnn_order_lssp_trace/squeeze_net_tosa/seed-42/run-20260412-135801/config/squeeze_net_tosa_seed-42_ablation.yaml,train,epoch,train,thresholded_partition,threshold,430,430.0,0,430,False,False,2667.454833984375,1544.4131642883492,1523.7282368703707,nan,nan,False,167,9049.388650744857,4831.909135635894,0.22599999999999998,0.31199999999999994,266944.03125,0.9327830672264099,nan,queue,queue,per_epoch_trace
squeeze_net_tosa,inputs/task_graph_topology/soda-benchmark-graphs/pytorch-graphs/squeeze_net_tosa.dot,/qfs/people/dass304/dass304/HWSWpartition/hw-sw-partition-metaheur/BatchExperiments/Ablation/diff_gnn_order_lssp_trace/squeeze_net_tosa/seed-42/run-20260412-135801/config/squeeze_net_tosa_seed-42_ablation.yaml,train,epoch,train,thresholded_partition,threshold,431,431.0,0,431,False,False,1568.0784912109375,1165.9828831154355,1176.579033724089,nan,nan,False,169,9239.398228654758,4831.909135635894,0.22419999999999995,0.3104,156988.296875,0.9497776031494141,nan,queue,queue,per_epoch_trace
squeeze_net_tosa,inputs/task_graph_topology/soda-benchmark-graphs/pytorch-graphs/squeeze_net_tosa.dot,/qfs/people/dass304/dass304/HWSWpartition/hw-sw-partition-metaheur/BatchExperiments/Ablation/diff_gnn_order_lssp_trace/squeeze_net_tosa/seed-42/run-20260412-135801/config/squeeze_net_tosa_seed-42_ablation.yaml,train,epoch,train,thresholded_partition,threshold,432,432.0,0,432,False,False,1874.045166015625,1170.643977670084,1234.282830825886,nan,nan,False,168,9188.493904351893,4831.909135635894,0.22240000000000004,0.30879999999999996,187579.65625,0.9456643462181091,nan,queue,queue,per_epoch_trace
squeeze_net_tosa,inputs/task_graph_topology/soda-benchmark-graphs/pytorch-graphs/squeeze_net_tosa.dot,/qfs/people/dass304/dass304/HWSWpartition/hw-sw-partition-metaheur/BatchExperiments/Ablation/diff_gnn_order_lssp_trace/squeeze_net_tosa/seed-42/run-20260412-135801/config/squeeze_net_tosa_seed-42_ablation.yaml,train,epoch,train,thresholded_partition,threshold,433,433.0,0,433,False,False,1939.7991943359375,1213.6038693788435,1271.4092868863884,nan,nan,False,169,9212.422034149573,4831.909135635894,0.22060000000000002,0.3071999999999999,194157.921875,0.9508131146430969,nan,queue,queue,per_epoch_trace
squeeze_net_tosa,inputs/task_graph_topology/soda-benchmark-graphs/pytorch-graphs/squeeze_net_tosa.dot,/qfs/people/dass304/dass304/HWSWpartition/hw-sw-partition-metaheur/BatchExperiments/Ablation/diff_gnn_order_lssp_trace/squeeze_net_tosa/seed-42/run-20260412-135801/config/squeeze_net_tosa_seed-42_ablation.yaml,train,epoch,train,thresholded_partition,threshold,434,434.0,0,434,False,False,1514.2823486328125,1115.214087684901,1192.864110299594,nan,nan,False,171,9305.713977546195,4831.909135635894,0.2188,0.3056,151589.578125,0.9577503204345703,nan,queue,queue,per_epoch_trace
squeeze_net_tosa,inputs/task_graph_topology/soda-benchmark-graphs/pytorch-graphs/squeeze_net_tosa.dot,/qfs/people/dass304/dass304/HWSWpartition/hw-sw-partition-metaheur/BatchExperiments/Ablation/diff_gnn_order_lssp_trace/squeeze_net_tosa/seed-42/run-20260412-135801/config/squeeze_net_tosa_seed-42_ablation.yaml,train,epoch,train,thresholded_partition,threshold,435,435.0,0,435,False,False,1312.7557373046875,688.8682772096937,688.8682772096937,nan,nan,False,175,9502.303914364711,4831.909135635894,0.21699999999999997,0.30399999999999994,131416.109375,0.9716243743896484,nan,queue,queue,per_epoch_trace
squeeze_net_tosa,inputs/task_graph_topology/soda-benchmark-graphs/pytorch-graphs/squeeze_net_tosa.dot,/qfs/people/dass304/dass304/HWSWpartition/hw-sw-partition-metaheur/BatchExperiments/Ablation/diff_gnn_order_lssp_trace/squeeze_net_tosa/seed-42/run-20260412-135801/config/squeeze_net_tosa_seed-42_ablation.yaml,train,epoch,train,thresholded_partition,threshold,436,436.0,0,436,False,False,1841.6552734375,951.1374785846225,976.1663647954236,nan,nan,False,172,9380.731148681114,4831.909135635894,0.21519999999999995,0.3024,184347.84375,0.9271405339241028,nan,queue,queue,per_epoch_trace
squeeze_net_tosa,inputs/task_graph_topology/soda-benchmark-graphs/pytorch-graphs/squeeze_net_tosa.dot,/qfs/people/dass304/dass304/HWSWpartition/hw-sw-partition-metaheur/BatchExperiments/Ablation/diff_gnn_order_lssp_trace/squeeze_net_tosa/seed-42/run-20260412-135801/config/squeeze_net_tosa_seed-42_ablation.yaml,train,epoch,train,thresholded_partition,threshold,437,437.0,0,437,False,False,1550.9903564453125,807.7010918251209,824.8779387075518,nan,nan,False,173,9391.90771722662,4831.909135635894,0.21340000000000003,0.30079999999999996,155269.40625,0.9383939504623413,nan,queue,queue,per_epoch_trace
squeeze_net_tosa,inputs/task_graph_topology/soda-benchmark-graphs/pytorch-graphs/squeeze_net_tosa.dot,/qfs/people/dass304/dass304/HWSWpartition/hw-sw-partition-metaheur/BatchExperiments/Ablation/diff_gnn_order_lssp_trace/squeeze_net_tosa/seed-42/run-20260412-135801/config/squeeze_net_tosa_seed-42_ablation.yaml,train,epoch,train,thresholded_partition,threshold,438,438.0,0,438,False,False,1590.2877197265625,807.7010918251209,824.8779387075518,nan,nan,False,174,9480.437052670271,4831.909135635894,0.2116,0.2991999999999999,159193.15625,0.9360292553901672,nan,queue,queue,per_epoch_trace
squeeze_net_tosa,inputs/task_graph_topology/soda-benchmark-graphs/pytorch-graphs/squeeze_net_tosa.dot,/qfs/people/dass304/dass304/HWSWpartition/hw-sw-partition-metaheur/BatchExperiments/Ablation/diff_gnn_order_lssp_trace/squeeze_net_tosa/seed-42/run-20260412-135801/config/squeeze_net_tosa_seed-42_ablation.yaml,train,epoch,train,thresholded_partition,threshold,439,439.0,0,439,False,False,2482.281005859375,844.4605920205537,855.0567426292074,nan,nan,False,173,9409.30711800314,4831.909135635894,0.2098,0.2976,248464.890625,0.8025034666061401,nan,queue,queue,per_epoch_trace
squeeze_net_tosa,inputs/task_graph_topology/soda-benchmark-graphs/pytorch-graphs/squeeze_net_tosa.dot,/qfs/people/dass304/dass304/HWSWpartition/hw-sw-partition-metaheur/BatchExperiments/Ablation/diff_gnn_order_lssp_trace/squeeze_net_tosa/seed-42/run-20260412-135801/config/squeeze_net_tosa_seed-42_ablation.yaml,train,epoch,train,thresholded_partition,threshold,440,440.0,0,440,False,False,1823.1273193359375,807.7010918251209,845.5628661255299,nan,nan,False,174,9480.437052670271,4831.909135635894,0.20799999999999996,0.29599999999999993,182495.765625,0.9008925557136536,nan,queue,queue,per_epoch_trace
squeeze_net_tosa,inputs/task_graph_topology/soda-benchmark-graphs/pytorch-graphs/squeeze_net_tosa.dot,/qfs/people/dass304/dass304/HWSWpartition/hw-sw-partition-metaheur/BatchExperiments/Ablation/diff_gnn_order_lssp_trace/squeeze_net_tosa/seed-42/run-20260412-135801/config/squeeze_net_tosa_seed-42_ablation.yaml,train,epoch,train,thresholded_partition,threshold,441,441.0,0,441,False,False,1569.077392578125,807.7010918251209,838.9821698517525,nan,nan,False,175,9505.812372101345,4831.909135635894,0.20619999999999994,0.2944,157065.484375,0.9403605461120605,nan,queue,queue,per_epoch_trace
squeeze_net_tosa,inputs/task_graph_topology/soda-benchmark-graphs/pytorch-graphs/squeeze_net_tosa.dot,/qfs/people/dass304/dass304/HWSWpartition/hw-sw-partition-metaheur/BatchExperiments/Ablation/diff_gnn_order_lssp_trace/squeeze_net_tosa/seed-42/run-20260412-135801/config/squeeze_net_tosa_seed-42_ablation.yaml,train,epoch,train,thresholded_partition,threshold,442,442.0,0,442,False,False,1463.6729736328125,832.3046639691955,832.3046639691955,nan,nan,False,173,9465.75202638813,4831.909135635894,0.20440000000000003,0.29279999999999995,146513.390625,0.9771483540534973,nan,queue,queue,per_epoch_trace
squeeze_net_tosa,inputs/task_graph_topology/soda-benchmark-graphs/pytorch-graphs/squeeze_net_tosa.dot,/qfs/people/dass304/dass304/HWSWpartition/hw-sw-partition-metaheur/BatchExperiments/Ablation/diff_gnn_order_lssp_trace/squeeze_net_tosa/seed-42/run-20260412-135801/config/squeeze_net_tosa_seed-42_ablation.yaml,train,epoch,train,thresholded_partition,threshold,443,443.0,0,443,False,False,1590.56396484375,951.1374785846225,1007.4474428220552,nan,nan,False,172,9380.731148681114,4831.909135635894,0.2026,0.2911999999999999,159216.90625,0.9602028131484985,nan,queue,queue,per_epoch_trace
squeeze_net_tosa,inputs/task_graph_topology/soda-benchmark-graphs/pytorch-graphs/squeeze_net_tosa.dot,/qfs/people/dass304/dass304/HWSWpartition/hw-sw-partition-metaheur/BatchExperiments/Ablation/diff_gnn_order_lssp_trace/squeeze_net_tosa/seed-42/run-20260412-135801/config/squeeze_net_tosa_seed-42_ablation.yaml,train,epoch,train,thresholded_partition,threshold,444,444.0,0,444,False,False,1542.6065673828125,951.1374785846225,996.8512922134017,nan,nan,False,172,9380.731148681114,4831.909135635894,0.20079999999999998,0.28959999999999997,154416.609375,0.966391384601593,nan,queue,queue,per_epoch_trace
squeeze_net_tosa,inputs/task_graph_topology/soda-benchmark-graphs/pytorch-graphs/squeeze_net_tosa.dot,/qfs/people/dass304/dass304/HWSWpartition/hw-sw-partition-metaheur/BatchExperiments/Ablation/diff_gnn_order_lssp_trace/squeeze_net_tosa/seed-42/run-20260412-135801/config/squeeze_net_tosa_seed-42_ablation.yaml,train,epoch,train,thresholded_partition,threshold,445,445.0,0,445,False,False,1270.5296630859375,824.9376133545176,824.9376133545176,nan,nan,False,173,9380.508088297413,4831.909135635894,0.19899999999999995,0.2879999999999999,127197.390625,0.9657779932022095,nan,queue,queue,per_epoch_trace
squeeze_net_tosa,inputs/task_graph_topology/soda-benchmark-graphs/pytorch-graphs/squeeze_net_tosa.dot,/qfs/people/dass304/dass304/HWSWpartition/hw-sw-partition-metaheur/BatchExperiments/Ablation/diff_gnn_order_lssp_trace/squeeze_net_tosa/seed-42/run-20260412-135801/config/squeeze_net_tosa_seed-42_ablation.yaml,train,epoch,train,thresholded_partition,threshold,446,446.0,0,446,False,False,1397.2921142578125,951.1374785846225,951.1374785846225,nan,nan,False,171,9302.49964073584,4831.909135635894,0.19719999999999993,0.2864,139885.9375,0.9603441953659058,nan,queue,queue,per_epoch_trace
squeeze_net_tosa,inputs/task_graph_topology/soda-benchmark-graphs/pytorch-graphs/squeeze_net_tosa.dot,/qfs/people/dass304/dass304/HWSWpartition/hw-sw-partition-metaheur/BatchExperiments/Ablation/diff_gnn_order_lssp_trace/squeeze_net_tosa/seed-42/run-20260412-135801/config/squeeze_net_tosa_seed-42_ablation.yaml,train,epoch,train,thresholded_partition,threshold,447,447.0,0,447,False,False,2881.4853515625,1777.4410016232152,1918.9088616721904,nan,nan,False,165,8994.70063061983,4831.909135635894,0.19540000000000002,0.28479999999999994,288378.15625,0.9304980039596558,nan,queue,queue,per_epoch_trace
squeeze_net_tosa,inputs/task_graph_topology/soda-benchmark-graphs/pytorch-graphs/squeeze_net_tosa.dot,/qfs/people/dass304/dass304/HWSWpartition/hw-sw-partition-metaheur/BatchExperiments/Ablation/diff_gnn_order_lssp_trace/squeeze_net_tosa/seed-42/run-20260412-135801/config/squeeze_net_tosa_seed-42_ablation.yaml,train,epoch,train,thresholded_partition,threshold,448,448.0,0,448,False,False,1835.4234619140625,1459.3365551482389,1599.2167393559942,nan,nan,False,167,9131.450051958875,4831.909135635894,0.1936,0.2831999999999999,183741.6875,0.9446337819099426,nan,queue,queue,per_epoch_trace
squeeze_net_tosa,inputs/task_graph_topology/soda-benchmark-graphs/pytorch-graphs/squeeze_net_tosa.dot,/qfs/people/dass304/dass304/HWSWpartition/hw-sw-partition-metaheur/BatchExperiments/Ablation/diff_gnn_order_lssp_trace/squeeze_net_tosa/seed-42/run-20260412-135801/config/squeeze_net_tosa_seed-42_ablation.yaml,train,epoch,train,thresholded_partition,threshold,449,449.0,0,449,False,False,1860.097900390625,1210.082854672135,1283.1128664695316,nan,nan,False,168,9244.62313538273,4831.909135635894,0.19179999999999997,0.28159999999999996,186192.890625,0.956570029258728,nan,queue,queue,per_epoch_trace
squeeze_net_tosa,inputs/task_graph_topology/soda-benchmark-graphs/pytorch-graphs/squeeze_net_tosa.dot,/qfs/people/dass304/dass304/HWSWpartition/hw-sw-partition-metaheur/BatchExperiments/Ablation/diff_gnn_order_lssp_trace/squeeze_net_tosa/seed-42/run-20260412-135801/config/squeeze_net_tosa_seed-42_ablation.yaml,train,epoch,train,thresholded_partition,threshold,450,450.0,0,450,False,False,1864.994140625,1764.14474486768,1879.9052573229792,nan,nan,False,165,9053.971945432362,4831.909135635894,0.18999999999999995,0.2799999999999999,186730.28125,0.9373534917831421,nan,queue,queue,per_epoch_trace
squeeze_net_tosa,inputs/task_graph_topology/soda-benchmark-graphs/pytorch-graphs/squeeze_net_tosa.dot,/qfs/people/dass304/dass304/HWSWpartition/hw-sw-partition-metaheur/BatchExperiments/Ablation/diff_gnn_order_lssp_trace/squeeze_net_tosa/seed-42/run-20260412-135801/config/squeeze_net_tosa_seed-42_ablation.yaml,train,epoch,train,thresholded_partition,threshold,451,451.0,0,451,False,False,1840.158447265625,1416.3766634394797,1545.6606970385817,nan,nan,False,166,9088.683769615269,4831.909135635894,0.18819999999999992,0.2784,184216.03125,0.9411577582359314,nan,queue,queue,per_epoch_trace
squeeze_net_tosa,inputs/task_graph_topology/soda-benchmark-graphs/pytorch-graphs/squeeze_net_tosa.dot,/qfs/people/dass304/dass304/HWSWpartition/hw-sw-partition-metaheur/BatchExperiments/Ablation/diff_gnn_order_lssp_trace/squeeze_net_tosa/seed-42/run-20260412-135801/config/squeeze_net_tosa_seed-42_ablation.yaml,train,epoch,train,thresholded_partition,threshold,452,452.0,0,452,False,False,1601.406494140625,1027.2075909105822,1073.0144662246712,nan,nan,False,170,9277.901980842673,4831.909135635894,0.1864,0.27679999999999993,160316.859375,0.9576765298843384,nan,queue,queue,per_epoch_trace
squeeze_net_tosa,inputs/task_graph_topology/soda-benchmark-graphs/pytorch-graphs/squeeze_net_tosa.dot,/qfs/people/dass304/dass304/HWSWpartition/hw-sw-partition-metaheur/BatchExperiments/Ablation/diff_gnn_order_lssp_trace/squeeze_net_tosa/seed-42/run-20260412-135801/config/squeeze_net_tosa_seed-42_ablation.yaml,train,epoch,train,thresholded_partition,threshold,453,453.0,0,453,False,False,1440.89208984375,1008.1544169476723,1049.3775615798452,nan,nan,False,170,9331.305504319667,4831.909135635894,0.1846,0.2751999999999999,144253.71875,0.9667176008224487,nan,queue,queue,per_epoch_trace
squeeze_net_tosa,inputs/task_graph_topology/soda-benchmark-graphs/pytorch-graphs/squeeze_net_tosa.dot,/qfs/people/dass304/dass304/HWSWpartition/hw-sw-partition-metaheur/BatchExperiments/Ablation/diff_gnn_order_lssp_trace/squeeze_net_tosa/seed-42/run-20260412-135801/config/squeeze_net_tosa_seed-42_ablation.yaml,train,epoch,train,thresholded_partition,threshold,454,454.0,0,454,False,False,1431.5994873046875,951.1374785846225,1038.1123087533765,nan,nan,False,171,9302.49964073584,4831.909135635894,0.18279999999999996,0.27359999999999995,143315.359375,0.9617067575454712,nan,queue,queue,per_epoch_trace
squeeze_net_tosa,inputs/task_graph_topology/soda-benchmark-graphs/pytorch-graphs/squeeze_net_tosa.dot,/qfs/people/dass304/dass304/HWSWpartition/hw-sw-partition-metaheur/BatchExperiments/Ablation/diff_gnn_order_lssp_trace/squeeze_net_tosa/seed-42/run-20260412-135801/config/squeeze_net_tosa_seed-42_ablation.yaml,train,epoch,train,thresholded_partition,threshold,455,455.0,0,455,False,False,1887.9656982421875,1180.3080304406565,1194.8338277281139,nan,nan,False,169,9217.088400312448,4831.909135635894,0.18099999999999994,0.2719999999999999,188970.21875,0.9556251764297485,nan,queue,queue,per_epoch_trace
squeeze_net_tosa,inputs/task_graph_topology/soda-benchmark-graphs/pytorch-graphs/squeeze_net_tosa.dot,/qfs/people/dass304/dass304/HWSWpartition/hw-sw-partition-metaheur/BatchExperiments/Ablation/diff_gnn_order_lssp_trace/squeeze_net_tosa/seed-42/run-20260412-135801/config/squeeze_net_tosa_seed-42_ablation.yaml,train,epoch,train,thresholded_partition,threshold,456,456.0,0,456,False,False,1422.8760986328125,908.1775868758631,936.7145536222112,nan,nan,False,172,9363.340185768582,4831.909135635894,0.17919999999999991,0.2704,142431.296875,0.9688611626625061,nan,queue,queue,per_epoch_trace
squeeze_net_tosa,inputs/task_graph_topology/soda-benchmark-graphs/pytorch-graphs/squeeze_net_tosa.dot,/qfs/people/dass304/dass304/HWSWpartition/hw-sw-partition-metaheur/BatchExperiments/Ablation/diff_gnn_order_lssp_trace/squeeze_net_tosa/seed-42/run-20260412-135801/config/squeeze_net_tosa_seed-42_ablation.yaml,train,epoch,train,thresholded_partition,threshold,457,457.0,0,457,False,False,1867.327392578125,1092.51814352874,1089.8670939337662,nan,nan,False,170,9283.446618338106,4831.909135635894,0.1774,0.26879999999999993,186905.453125,0.9584706425666809,nan,queue,queue,per_epoch_trace
squeeze_net_tosa,inputs/task_graph_topology/soda-benchmark-graphs/pytorch-graphs/squeeze_net_tosa.dot,/qfs/people/dass304/dass304/HWSWpartition/hw-sw-partition-metaheur/BatchExperiments/Ablation/diff_gnn_order_lssp_trace/squeeze_net_tosa/seed-42/run-20260412-135801/config/squeeze_net_tosa_seed-42_ablation.yaml,train,epoch,train,thresholded_partition,threshold,458,458.0,0,458,False,False,1256.3935546875,807.7010918251209,836.238058571469,nan,nan,False,174,9417.283036657695,4831.909135635894,0.17559999999999998,0.2671999999999999,125785.171875,0.9682339429855347,nan,queue,queue,per_epoch_trace
squeeze_net_tosa,inputs/task_graph_topology/soda-benchmark-graphs/pytorch-graphs/squeeze_net_tosa.dot,/qfs/people/dass304/dass304/HWSWpartition/hw-sw-partition-metaheur/BatchExperiments/Ablation/diff_gnn_order_lssp_trace/squeeze_net_tosa/seed-42/run-20260412-135801/config/squeeze_net_tosa_seed-42_ablation.yaml,train,epoch,train,thresholded_partition,threshold,459,459.0,0,459,False,False,1416.3106689453125,951.1374785846225,996.8512922134017,nan,nan,False,172,9380.731148681114,4831.909135635894,0.17379999999999995,0.26559999999999995,141784.875,0.970687210559845,nan,queue,queue,per_epoch_trace
squeeze_net_tosa,inputs/task_graph_topology/soda-benchmark-graphs/pytorch-graphs/squeeze_net_tosa.dot,/qfs/people/dass304/dass304/HWSWpartition/hw-sw-partition-metaheur/BatchExperiments/Ablation/diff_gnn_order_lssp_trace/squeeze_net_tosa/seed-42/run-20260412-135801/config/squeeze_net_tosa_seed-42_ablation.yaml,train,epoch,train,thresholded_partition,threshold,460,460.0,0,460,False,False,1580.26708984375,951.1374785846225,986.7625154040771,nan,nan,False,172,9380.731148681114,4831.909135635894,0.17199999999999993,0.2639999999999999,158186.71875,0.9603814482688904,nan,queue,queue,per_epoch_trace
squeeze_net_tosa,inputs/task_graph_topology/soda-benchmark-graphs/pytorch-graphs/squeeze_net_tosa.dot,/qfs/people/dass304/dass304/HWSWpartition/hw-sw-partition-metaheur/BatchExperiments/Ablation/diff_gnn_order_lssp_trace/squeeze_net_tosa/seed-42/run-20260412-135801/config/squeeze_net_tosa_seed-42_ablation.yaml,train,epoch,train,thresholded_partition,threshold,461,461.0,0,461,False,False,1428.7247314453125,951.1374785846225,979.6744453309708,nan,nan,False,173,9406.106468112188,4831.909135635894,0.1701999999999999,0.26239999999999997,143017.5625,0.9724860191345215,nan,queue,queue,per_epoch_trace
squeeze_net_tosa,inputs/task_graph_topology/soda-benchmark-graphs/pytorch-graphs/squeeze_net_tosa.dot,/qfs/people/dass304/dass304/HWSWpartition/hw-sw-partition-metaheur/BatchExperiments/Ablation/diff_gnn_order_lssp_trace/squeeze_net_tosa/seed-42/run-20260412-135801/config/squeeze_net_tosa_seed-42_ablation.yaml,train,epoch,train,thresholded_partition,threshold,462,462.0,0,462,False,False,1148.9608154296875,807.7010918251209,807.7010918251209,nan,nan,False,174,9480.437052670271,4831.909135635894,0.1684,0.2607999999999999,115036.9296875,0.9796571135520935,nan,queue,queue,per_epoch_trace
squeeze_net_tosa,inputs/task_graph_topology/soda-benchmark-graphs/pytorch-graphs/squeeze_net_tosa.dot,/qfs/people/dass304/dass304/HWSWpartition/hw-sw-partition-metaheur/BatchExperiments/Ablation/diff_gnn_order_lssp_trace/squeeze_net_tosa/seed-42/run-20260412-135801/config/squeeze_net_tosa_seed-42_ablation.yaml,train,epoch,train,thresholded_partition,threshold,463,463.0,0,463,False,False,1136.2572021484375,807.7010918251209,853.4149054538999,nan,nan,False,173,9391.90771722662,4831.909135635894,0.16659999999999997,0.2591999999999999,113777.0234375,0.9726828932762146,nan,queue,queue,per_epoch_trace
squeeze_net_tosa,inputs/task_graph_topology/soda-benchmark-graphs/pytorch-graphs/squeeze_net_tosa.dot,/qfs/people/dass304/dass304/HWSWpartition/hw-sw-partition-metaheur/BatchExperiments/Ablation/diff_gnn_order_lssp_trace/squeeze_net_tosa/seed-42/run-20260412-135801/config/squeeze_net_tosa_seed-42_ablation.yaml,train,epoch,train,thresholded_partition,threshold,464,464.0,0,464,False,False,1248.3455810546875,709.0666935467608,782.2572922153037,nan,nan,False,172,9299.504422898295,4831.909135635894,0.16479999999999995,0.25759999999999994,124980.4765625,0.9629753232002258,nan,queue,queue,per_epoch_trace
squeeze_net_tosa,inputs/task_graph_topology/soda-benchmark-graphs/pytorch-graphs/squeeze_net_tosa.dot,/qfs/people/dass304/dass304/HWSWpartition/hw-sw-partition-metaheur/BatchExperiments/Ablation/diff_gnn_order_lssp_trace/squeeze_net_tosa/seed-42/run-20260412-135801/config/squeeze_net_tosa_seed-42_ablation.yaml,train,epoch,train,thresholded_partition,threshold,465,465.0,0,465,False,False,1142.2158203125,807.7010918251209,828.386019243099,nan,nan,False,175,9505.812372101345,4831.909135635894,0.16299999999999992,0.2559999999999999,114352.03125,0.982957124710083,nan,queue,queue,per_epoch_trace
squeeze_net_tosa,inputs/task_graph_topology/soda-benchmark-graphs/pytorch-graphs/squeeze_net_tosa.dot,/qfs/people/dass304/dass304/HWSWpartition/hw-sw-partition-metaheur/BatchExperiments/Ablation/diff_gnn_order_lssp_trace/squeeze_net_tosa/seed-42/run-20260412-135801/config/squeeze_net_tosa_seed-42_ablation.yaml,train,epoch,train,thresholded_partition,threshold,466,466.0,0,466,False,False,1159.7357177734375,807.7010918251209,828.386019243099,nan,nan,False,174,9480.437052670271,4831.909135635894,0.1611999999999999,0.25439999999999996,116115.0625,0.978611409664154,nan,queue,queue,per_epoch_trace
squeeze_net_tosa,inputs/task_graph_topology/soda-benchmark-graphs/pytorch-graphs/squeeze_net_tosa.dot,/qfs/people/dass304/dass304/HWSWpartition/hw-sw-partition-metaheur/BatchExperiments/Ablation/diff_gnn_order_lssp_trace/squeeze_net_tosa/seed-42/run-20260412-135801/config/squeeze_net_tosa_seed-42_ablation.yaml,train,epoch,train,thresholded_partition,threshold,467,467.0,0,467,False,False,1139.108642578125,807.7010918251209,828.386019243099,nan,nan,False,175,9505.812372101345,4831.909135635894,0.1594,0.2527999999999999,114041.15625,0.9832119345664978,nan,queue,queue,per_epoch_trace
squeeze_net_tosa,inputs/task_graph_topology/soda-benchmark-graphs/pytorch-graphs/squeeze_net_tosa.dot,/qfs/people/dass304/dass304/HWSWpartition/hw-sw-partition-metaheur/BatchExperiments/Ablation/diff_gnn_order_lssp_trace/squeeze_net_tosa/seed-42/run-20260412-135801/config/squeeze_net_tosa_seed-42_ablation.yaml,train,epoch,train,thresholded_partition,threshold,468,468.0,0,468,False,False,1222.20556640625,807.7010918251209,836.238058571469,nan,nan,False,174,9417.283036657695,4831.909135635894,0.15759999999999996,0.25119999999999987,122367.671875,0.9729492664337158,nan,queue,queue,per_epoch_trace
squeeze_net_tosa,inputs/task_graph_topology/soda-benchmark-graphs/pytorch-graphs/squeeze_net_tosa.dot,/qfs/people/dass304/dass304/HWSWpartition/hw-sw-partition-metaheur/BatchExperiments/Ablation/diff_gnn_order_lssp_trace/squeeze_net_tosa/seed-42/run-20260412-135801/config/squeeze_net_tosa_seed-42_ablation.yaml,train,epoch,train,thresholded_partition,threshold,469,469.0,0,469,False,False,1140.64794921875,807.7010918251209,832.7299780359218,nan,nan,False,173,9391.90771722662,4831.909135635894,0.15580000000000005,0.24960000000000004,114214.0390625,0.9740093350410461,nan,queue,queue,per_epoch_trace
squeeze_net_tosa,inputs/task_graph_topology/soda-benchmark-graphs/pytorch-graphs/squeeze_net_tosa.dot,/qfs/people/dass304/dass304/HWSWpartition/hw-sw-partition-metaheur/BatchExperiments/Ablation/diff_gnn_order_lssp_trace/squeeze_net_tosa/seed-42/run-20260412-135801/config/squeeze_net_tosa_seed-42_ablation.yaml,train,epoch,train,thresholded_partition,threshold,470,470.0,0,470,False,False,1557.2100830078125,951.1374785846225,979.6744453309708,nan,nan,False,173,9406.106468112188,4831.909135635894,0.15400000000000003,0.248,155868.921875,0.966826319694519,nan,queue,queue,per_epoch_trace
squeeze_net_tosa,inputs/task_graph_topology/soda-benchmark-graphs/pytorch-graphs/squeeze_net_tosa.dot,/qfs/people/dass304/dass304/HWSWpartition/hw-sw-partition-metaheur/BatchExperiments/Ablation/diff_gnn_order_lssp_trace/squeeze_net_tosa/seed-42/run-20260412-135801/config/squeeze_net_tosa_seed-42_ablation.yaml,train,epoch,train,thresholded_partition,threshold,471,471.0,0,471,False,False,1617.2381591796875,807.7010918251209,807.7010918251209,nan,nan,False,175,9505.812372101345,4831.909135635894,0.1522,0.24639999999999995,161881.984375,0.9378873705863953,nan,queue,queue,per_epoch_trace
squeeze_net_tosa,inputs/task_graph_topology/soda-benchmark-graphs/pytorch-graphs/squeeze_net_tosa.dot,/qfs/people/dass304/dass304/HWSWpartition/hw-sw-partition-metaheur/BatchExperiments/Ablation/diff_gnn_order_lssp_trace/squeeze_net_tosa/seed-42/run-20260412-135801/config/squeeze_net_tosa_seed-42_ablation.yaml,train,epoch,train,thresholded_partition,threshold,472,472.0,0,472,False,False,1240.8980712890625,807.7010918251209,807.7010918251209,nan,nan,False,174,9480.437052670271,4831.909135635894,0.15039999999999998,0.24480000000000002,124231.5078125,0.9773842096328735,nan,queue,queue,per_epoch_trace
squeeze_net_tosa,inputs/task_graph_topology/soda-benchmark-graphs/pytorch-graphs/squeeze_net_tosa.dot,/qfs/people/dass304/dass304/HWSWpartition/hw-sw-partition-metaheur/BatchExperiments/Ablation/diff_gnn_order_lssp_trace/squeeze_net_tosa/seed-42/run-20260412-135801/config/squeeze_net_tosa_seed-42_ablation.yaml,train,epoch,train,thresholded_partition,threshold,473,473.0,0,473,False,False,1069.75341796875,532.6122556219799,532.6122556219799,nan,nan,False,177,9560.1191797637,4831.909135635894,0.14860000000000007,0.24319999999999997,107083.4765625,0.9859406352043152,nan,queue,queue,per_epoch_trace
squeeze_net_tosa,inputs/task_graph_topology/soda-benchmark-graphs/pytorch-graphs/squeeze_net_tosa.dot,/qfs/people/dass304/dass304/HWSWpartition/hw-sw-partition-metaheur/BatchExperiments/Ablation/diff_gnn_order_lssp_trace/squeeze_net_tosa/seed-42/run-20260412-135801/config/squeeze_net_tosa_seed-42_ablation.yaml,train,epoch,train,thresholded_partition,threshold,474,474.0,0,474,False,False,1054.5909423828125,532.6122556219799,532.6122556219799,nan,nan,False,177,9560.1191797637,4831.909135635894,0.14680000000000004,0.24160000000000004,105566.2421875,0.9887734651565552,nan,queue,queue,per_epoch_trace
squeeze_net_tosa,inputs/task_graph_topology/soda-benchmark-graphs/pytorch-graphs/squeeze_net_tosa.dot,/qfs/people/dass304/dass304/HWSWpartition/hw-sw-partition-metaheur/BatchExperiments/Ablation/diff_gnn_order_lssp_trace/squeeze_net_tosa/seed-42/run-20260412-135801/config/squeeze_net_tosa_seed-42_ablation.yaml,train,epoch,train,thresholded_partition,threshold,475,475.0,0,475,False,False,1457.4407958984375,844.4605920205537,852.3126313489237,nan,nan,False,174,9434.682437434214,4831.909135635894,0.14500000000000002,0.24,145882.046875,0.9689842462539673,nan,queue,queue,per_epoch_trace
squeeze_net_tosa,inputs/task_graph_topology/soda-benchmark-graphs/pytorch-graphs/squeeze_net_tosa.dot,/qfs/people/dass304/dass304/HWSWpartition/hw-sw-partition-metaheur/BatchExperiments/Ablation/diff_gnn_order_lssp_trace/squeeze_net_tosa/seed-42/run-20260412-135801/config/squeeze_net_tosa_seed-42_ablation.yaml,train,epoch,train,thresholded_partition,threshold,476,476.0,0,476,False,False,1384.34130859375,807.7010918251209,807.7010918251209,nan,nan,False,175,9505.812372101345,4831.909135635894,0.1432,0.23839999999999995,138577.53125,0.9618175029754639,nan,queue,queue,per_epoch_trace
squeeze_net_tosa,inputs/task_graph_topology/soda-benchmark-graphs/pytorch-graphs/squeeze_net_tosa.dot,/qfs/people/dass304/dass304/HWSWpartition/hw-sw-partition-metaheur/BatchExperiments/Ablation/diff_gnn_order_lssp_trace/squeeze_net_tosa/seed-42/run-20260412-135801/config/squeeze_net_tosa_seed-42_ablation.yaml,train,epoch,train,thresholded_partition,threshold,477,477.0,0,477,False,False,1168.0718994140625,807.7010918251209,845.5628661255299,nan,nan,False,174,9480.437052670271,4831.909135635894,0.14139999999999997,0.2368,116947.75,0.9798254370689392,nan,queue,queue,per_epoch_trace
squeeze_net_tosa,inputs/task_graph_topology/soda-benchmark-graphs/pytorch-graphs/squeeze_net_tosa.dot,/qfs/people/dass304/dass304/HWSWpartition/hw-sw-partition-metaheur/BatchExperiments/Ablation/diff_gnn_order_lssp_trace/squeeze_net_tosa/seed-42/run-20260412-135801/config/squeeze_net_tosa_seed-42_ablation.yaml,train,epoch,train,thresholded_partition,threshold,478,478.0,0,478,False,False,2101.832763671875,688.8682772096937,688.8682772096937,nan,nan,False,176,9590.833249808362,4831.909135635894,0.13960000000000006,0.23519999999999996,210368.046875,0.8863268494606018,nan,queue,queue,per_epoch_trace
squeeze_net_tosa,inputs/task_graph_topology/soda-benchmark-graphs/pytorch-graphs/squeeze_net_tosa.dot,/qfs/people/dass304/dass304/HWSWpartition/hw-sw-partition-metaheur/BatchExperiments/Ablation/diff_gnn_order_lssp_trace/squeeze_net_tosa/seed-42/run-20260412-135801/config/squeeze_net_tosa_seed-42_ablation.yaml,train,epoch,train,thresholded_partition,threshold,479,479.0,0,479,False,False,1698.7391357421875,807.7010918251209,807.7010918251209,nan,nan,False,174,9480.437052670271,4831.909135635894,0.13780000000000003,0.23360000000000003,170050.75,0.9259732365608215,nan,queue,queue,per_epoch_trace
squeeze_net_tosa,inputs/task_graph_topology/soda-benchmark-graphs/pytorch-graphs/squeeze_net_tosa.dot,/qfs/people/dass304/dass304/HWSWpartition/hw-sw-partition-metaheur/BatchExperiments/Ablation/diff_gnn_order_lssp_trace/squeeze_net_tosa/seed-42/run-20260412-135801/config/squeeze_net_tosa_seed-42_ablation.yaml,train,epoch,train,thresholded_partition,threshold,480,480.0,0,480,False,False,1161.3321533203125,807.7010918251209,828.386019243099,nan,nan,False,175,9505.812372101345,4831.909135635894,0.136,0.23199999999999998,116266.2265625,0.9804248809814453,nan,queue,queue,per_epoch_trace
squeeze_net_tosa,inputs/task_graph_topology/soda-benchmark-graphs/pytorch-graphs/squeeze_net_tosa.dot,/qfs/people/dass304/dass304/HWSWpartition/hw-sw-partition-metaheur/BatchExperiments/Ablation/diff_gnn_order_lssp_trace/squeeze_net_tosa/seed-42/run-20260412-135801/config/squeeze_net_tosa_seed-42_ablation.yaml,train,epoch,train,thresholded_partition,threshold,481,481.0,0,481,False,False,1149.056884765625,701.0242052610521,701.0242052610521,nan,nan,False,176,9534.388341423371,4831.909135635894,0.13419999999999999,0.23039999999999994,115025.6875,0.986262857913971,nan,queue,queue,per_epoch_trace
squeeze_net_tosa,inputs/task_graph_topology/soda-benchmark-graphs/pytorch-graphs/squeeze_net_tosa.dot,/qfs/people/dass304/dass304/HWSWpartition/hw-sw-partition-metaheur/BatchExperiments/Ablation/diff_gnn_order_lssp_trace/squeeze_net_tosa/seed-42/run-20260412-135801/config/squeeze_net_tosa_seed-42_ablation.yaml,train,epoch,train,thresholded_partition,threshold,482,482.0,0,482,False,False,1197.5220947265625,807.7010918251209,807.7010918251209,nan,nan,False,174,9417.283036657695,4831.909135635894,0.13239999999999996,0.2288,119895.546875,0.973243236541748,nan,queue,queue,per_epoch_trace
squeeze_net_tosa,inputs/task_graph_topology/soda-benchmark-graphs/pytorch-graphs/squeeze_net_tosa.dot,/qfs/people/dass304/dass304/HWSWpartition/hw-sw-partition-metaheur/BatchExperiments/Ablation/diff_gnn_order_lssp_trace/squeeze_net_tosa/seed-42/run-20260412-135801/config/squeeze_net_tosa_seed-42_ablation.yaml,train,epoch,train,thresholded_partition,threshold,483,483.0,0,483,False,False,1142.0098876953125,807.7010918251209,856.0886400932949,nan,nan,False,173,9320.213376166494,4831.909135635894,0.13060000000000005,0.22719999999999996,114344.296875,0.9638593196868896,nan,queue,queue,per_epoch_trace
squeeze_net_tosa,inputs/task_graph_topology/soda-benchmark-graphs/pytorch-graphs/squeeze_net_tosa.dot,/qfs/people/dass304/dass304/HWSWpartition/hw-sw-partition-metaheur/BatchExperiments/Ablation/diff_gnn_order_lssp_trace/squeeze_net_tosa/seed-42/run-20260412-135801/config/squeeze_net_tosa_seed-42_ablation.yaml,train,epoch,train,thresholded_partition,threshold,484,484.0,0,484,False,False,1140.6387939453125,807.7010918251209,873.2654869757258,nan,nan,False,172,9294.83805673542,4831.909135635894,0.12880000000000003,0.22560000000000002,114216.9453125,0.9636033177375793,nan,queue,queue,per_epoch_trace
squeeze_net_tosa,inputs/task_graph_topology/soda-benchmark-graphs/pytorch-graphs/squeeze_net_tosa.dot,/qfs/people/dass304/dass304/HWSWpartition/hw-sw-partition-metaheur/BatchExperiments/Ablation/diff_gnn_order_lssp_trace/squeeze_net_tosa/seed-42/run-20260412-135801/config/squeeze_net_tosa_seed-42_ablation.yaml,train,epoch,train,thresholded_partition,threshold,485,485.0,0,485,False,False,778.2781372070312,983.1076193538823,1020.9693936542916,nan,nan,False,173,9458.276070049553,4831.909135635894,0.127,0.22399999999999998,77982.515625,0.978722333908081,nan,queue,queue,per_epoch_trace
squeeze_net_tosa,inputs/task_graph_topology/soda-benchmark-graphs/pytorch-graphs/squeeze_net_tosa.dot,/qfs/people/dass304/dass304/HWSWpartition/hw-sw-partition-metaheur/BatchExperiments/Ablation/diff_gnn_order_lssp_trace/squeeze_net_tosa/seed-42/run-20260412-135801/config/squeeze_net_tosa_seed-42_ablation.yaml,train,epoch,train,thresholded_partition,threshold,486,486.0,0,486,False,False,869.2986450195312,807.7010918251209,807.7010918251209,nan,nan,False,175,9505.812372101345,4831.909135635894,0.12519999999999998,0.22239999999999993,87059.84375,0.9836458563804626,nan,queue,queue,per_epoch_trace
squeeze_net_tosa,inputs/task_graph_topology/soda-benchmark-graphs/pytorch-graphs/squeeze_net_tosa.dot,/qfs/people/dass304/dass304/HWSWpartition/hw-sw-partition-metaheur/BatchExperiments/Ablation/diff_gnn_order_lssp_trace/squeeze_net_tosa/seed-42/run-20260412-135801/config/squeeze_net_tosa_seed-42_ablation.yaml,train,epoch,train,thresholded_partition,threshold,487,487.0,0,487,False,False,1132.060791015625,807.7010918251209,824.8779387075518,nan,nan,False,174,9480.437052670271,4831.909135635894,0.12339999999999995,0.2208,113346.1328125,0.9809610247612,nan,queue,queue,per_epoch_trace
squeeze_net_tosa,inputs/task_graph_topology/soda-benchmark-graphs/pytorch-graphs/squeeze_net_tosa.dot,/qfs/people/dass304/dass304/HWSWpartition/hw-sw-partition-metaheur/BatchExperiments/Ablation/diff_gnn_order_lssp_trace/squeeze_net_tosa/seed-42/run-20260412-135801/config/squeeze_net_tosa_seed-42_ablation.yaml,train,epoch,train,thresholded_partition,threshold,488,488.0,0,488,False,False,1419.684814453125,951.1374785846225,979.6744453309708,nan,nan,False,173,9406.106468112188,4831.909135635894,0.12160000000000004,0.21919999999999995,142112.25,0.9732620120048523,nan,queue,queue,per_epoch_trace
squeeze_net_tosa,inputs/task_graph_topology/soda-benchmark-graphs/pytorch-graphs/squeeze_net_tosa.dot,/qfs/people/dass304/dass304/HWSWpartition/hw-sw-partition-metaheur/BatchExperiments/Ablation/diff_gnn_order_lssp_trace/squeeze_net_tosa/seed-42/run-20260412-135801/config/squeeze_net_tosa_seed-42_ablation.yaml,train,epoch,train,thresholded_partition,threshold,489,489.0,0,489,False,False,1197.0303955078125,951.1374785846225,976.1663647954236,nan,nan,False,172,9380.731148681114,4831.909135635894,0.11980000000000002,0.21760000000000002,119856.8125,0.9707047939300537,nan,queue,queue,per_epoch_trace
squeeze_net_tosa,inputs/task_graph_topology/soda-benchmark-graphs/pytorch-graphs/squeeze_net_tosa.dot,/qfs/people/dass304/dass304/HWSWpartition/hw-sw-partition-metaheur/BatchExperiments/Ablation/diff_gnn_order_lssp_trace/squeeze_net_tosa/seed-42/run-20260412-135801/config/squeeze_net_tosa_seed-42_ablation.yaml,train,epoch,train,thresholded_partition,threshold,490,490.0,0,490,False,False,1136.5372314453125,807.7010918251209,843.3261286445753,nan,nan,False,173,9391.90771722662,4831.909135635894,0.118,0.21599999999999997,113801.03125,0.9743879437446594,nan,queue,queue,per_epoch_trace
squeeze_net_tosa,inputs/task_graph_topology/soda-benchmark-graphs/pytorch-graphs/squeeze_net_tosa.dot,/qfs/people/dass304/dass304/HWSWpartition/hw-sw-partition-metaheur/BatchExperiments/Ablation/diff_gnn_order_lssp_trace/squeeze_net_tosa/seed-42/run-20260412-135801/config/squeeze_net_tosa_seed-42_ablation.yaml,train,epoch,train,thresholded_partition,threshold,491,491.0,0,491,False,False,1173.4093017578125,807.7010918251209,845.5628661255299,nan,nan,False,174,9480.437052670271,4831.909135635894,0.11619999999999997,0.21439999999999992,117486.9140625,0.9750342965126038,nan,queue,queue,per_epoch_trace
squeeze_net_tosa,inputs/task_graph_topology/soda-benchmark-graphs/pytorch-graphs/squeeze_net_tosa.dot,/qfs/people/dass304/dass304/HWSWpartition/hw-sw-partition-metaheur/BatchExperiments/Ablation/diff_gnn_order_lssp_trace/squeeze_net_tosa/seed-42/run-20260412-135801/config/squeeze_net_tosa_seed-42_ablation.yaml,train,epoch,train,thresholded_partition,threshold,492,492.0,0,492,False,False,1197.0308837890625,951.1374785846225,1007.4474428220552,nan,nan,False,172,9380.731148681114,4831.909135635894,0.11439999999999995,0.2128,119856.859375,0.9706391096115112,nan,queue,queue,per_epoch_trace
squeeze_net_tosa,inputs/task_graph_topology/soda-benchmark-graphs/pytorch-graphs/squeeze_net_tosa.dot,/qfs/people/dass304/dass304/HWSWpartition/hw-sw-partition-metaheur/BatchExperiments/Ablation/diff_gnn_order_lssp_trace/squeeze_net_tosa/seed-42/run-20260412-135801/config/squeeze_net_tosa_seed-42_ablation.yaml,train,epoch,train,thresholded_partition,threshold,493,493.0,0,493,False,False,1208.3480224609375,807.7010918251209,864.0110560625534,nan,nan,False,173,9391.90771722662,4831.909135635894,0.11260000000000003,0.21119999999999994,120987.8125,0.9714109301567078,nan,queue,queue,per_epoch_trace
squeeze_net_tosa,inputs/task_graph_topology/soda-benchmark-graphs/pytorch-graphs/squeeze_net_tosa.dot,/qfs/people/dass304/dass304/HWSWpartition/hw-sw-partition-metaheur/BatchExperiments/Ablation/diff_gnn_order_lssp_trace/squeeze_net_tosa/seed-42/run-20260412-135801/config/squeeze_net_tosa_seed-42_ablation.yaml,train,epoch,train,thresholded_partition,threshold,494,494.0,0,494,False,False,1129.2598876953125,807.7010918251209,807.7010918251209,nan,nan,False,175,9505.812372101345,4831.909135635894,0.11080000000000001,0.2096,113056.0,0.9836294054985046,nan,queue,queue,per_epoch_trace
squeeze_net_tosa,inputs/task_graph_topology/soda-benchmark-graphs/pytorch-graphs/squeeze_net_tosa.dot,/qfs/people/dass304/dass304/HWSWpartition/hw-sw-partition-metaheur/BatchExperiments/Ablation/diff_gnn_order_lssp_trace/squeeze_net_tosa/seed-42/run-20260412-135801/config/squeeze_net_tosa_seed-42_ablation.yaml,train,epoch,train,thresholded_partition,threshold,495,495.0,0,495,False,False,1197.0260009765625,951.1374785846225,979.6744453309708,nan,nan,False,173,9406.106468112188,4831.909135635894,0.10899999999999999,0.20799999999999996,119846.3359375,0.9733313322067261,nan,queue,queue,per_epoch_trace
squeeze_net_tosa,inputs/task_graph_topology/soda-benchmark-graphs/pytorch-graphs/squeeze_net_tosa.dot,/qfs/people/dass304/dass304/HWSWpartition/hw-sw-partition-metaheur/BatchExperiments/Ablation/diff_gnn_order_lssp_trace/squeeze_net_tosa/seed-42/run-20260412-135801/config/squeeze_net_tosa_seed-42_ablation.yaml,train,epoch,train,thresholded_partition,threshold,496,496.0,0,496,False,False,1150.4219970703125,701.0242052610521,726.053091471853,nan,nan,False,174,9420.483686548647,4831.909135635894,0.10719999999999996,0.20639999999999992,115184.4921875,0.9747716784477234,nan,queue,queue,per_epoch_trace
squeeze_net_tosa,inputs/task_graph_topology/soda-benchmark-graphs/pytorch-graphs/squeeze_net_tosa.dot,/qfs/people/dass304/dass304/HWSWpartition/hw-sw-partition-metaheur/BatchExperiments/Ablation/diff_gnn_order_lssp_trace/squeeze_net_tosa/seed-42/run-20260412-135801/config/squeeze_net_tosa_seed-42_ablation.yaml,train,epoch,train,thresholded_partition,threshold,497,497.0,0,497,False,False,1085.140625,536.9723805598279,562.0012667706287,nan,nan,False,175,9446.214524888976,4831.909135635894,0.10539999999999994,0.20479999999999998,108643.640625,0.9760763645172119,nan,queue,queue,per_epoch_trace
squeeze_net_tosa,inputs/task_graph_topology/soda-benchmark-graphs/pytorch-graphs/squeeze_net_tosa.dot,/qfs/people/dass304/dass304/HWSWpartition/hw-sw-partition-metaheur/BatchExperiments/Ablation/diff_gnn_order_lssp_trace/squeeze_net_tosa/seed-42/run-20260412-135801/config/squeeze_net_tosa_seed-42_ablation.yaml,train,epoch,train,thresholded_partition,threshold,498,498.0,0,498,False,False,1007.1923217773438,807.7010918251209,807.7010918251209,nan,nan,False,175,9505.812372101345,4831.909135635894,0.10360000000000003,0.20319999999999994,100849.21875,0.9836359024047852,nan,queue,queue,per_epoch_trace
squeeze_net_tosa,inputs/task_graph_topology/soda-benchmark-graphs/pytorch-graphs/squeeze_net_tosa.dot,/qfs/people/dass304/dass304/HWSWpartition/hw-sw-partition-metaheur/BatchExperiments/Ablation/diff_gnn_order_lssp_trace/squeeze_net_tosa/seed-42/run-20260412-135801/config/squeeze_net_tosa_seed-42_ablation.yaml,train,epoch,train,thresholded_partition,threshold,499,499.0,0,499,False,False,1135.6134033203125,807.7010918251209,807.7010918251209,nan,nan,False,175,9505.812372101345,4831.909135635894,0.1018,0.2016,113691.4453125,0.9834506511688232,nan,queue,queue,per_epoch_trace
squeeze_net_tosa,inputs/task_graph_topology/soda-benchmark-graphs/pytorch-graphs/squeeze_net_tosa.dot,/qfs/people/dass304/dass304/HWSWpartition/hw-sw-partition-metaheur/BatchExperiments/Ablation/diff_gnn_order_lssp_trace/squeeze_net_tosa/seed-42/run-20260412-135801/config/squeeze_net_tosa_seed-42_ablation.yaml,train,epoch,train,thresholded_partition,threshold,500,500.0,0,500,False,True,643.1329345703125,807.7010918251209,807.7010918251209,nan,nan,False,175,9505.812372101345,4831.909135635894,0.1,0.2,64443.4921875,0.9835882782936096,nan,queue,queue,training_end
squeeze_net_tosa,inputs/task_graph_topology/soda-benchmark-graphs/pytorch-graphs/squeeze_net_tosa.dot,/qfs/people/dass304/dass304/HWSWpartition/hw-sw-partition-metaheur/BatchExperiments/Ablation/diff_gnn_order_lssp_trace/squeeze_net_tosa/seed-42/run-20260412-135801/config/squeeze_net_tosa_seed-42_ablation.yaml,postprocess,decode_selected,decode,placement,decode,500,500.25,0,0,False,False,nan,10267.984699917492,10485.042805440042,nan,nan,True,124,4827.241534243381,4831.909135635894,nan,nan,nan,nan,nan,queue,queue,decode_before_postprocess
squeeze_net_tosa,inputs/task_graph_topology/soda-benchmark-graphs/pytorch-graphs/squeeze_net_tosa.dot,/qfs/people/dass304/dass304/HWSWpartition/hw-sw-partition-metaheur/BatchExperiments/Ablation/diff_gnn_order_lssp_trace/squeeze_net_tosa/seed-42/run-20260412-135801/config/squeeze_net_tosa_seed-42_ablation.yaml,postprocess,start,decode,placement,static,500,501.25,1,0,False,False,nan,nan,nan,10267.984699917492,nan,True,124,4827.241534243381,4831.909135635894,nan,nan,nan,nan,nan,queue,queue,postprocess_trace
squeeze_net_tosa,inputs/task_graph_topology/soda-benchmark-graphs/pytorch-graphs/squeeze_net_tosa.dot,/qfs/people/dass304/dass304/HWSWpartition/hw-sw-partition-metaheur/BatchExperiments/Ablation/diff_gnn_order_lssp_trace/squeeze_net_tosa/seed-42/run-20260412-135801/config/squeeze_net_tosa_seed-42_ablation.yaml,postprocess,accepted,stage2,placement,static,500,502.25,2,1,True,False,nan,nan,nan,9825.758234893976,-442.22646502351563,True,124,4830.012663332466,4831.909135635894,nan,nan,nan,nan,nan,queue,queue,postprocess_trace
squeeze_net_tosa,inputs/task_graph_topology/soda-benchmark-graphs/pytorch-graphs/squeeze_net_tosa.dot,/qfs/people/dass304/dass304/HWSWpartition/hw-sw-partition-metaheur/BatchExperiments/Ablation/diff_gnn_order_lssp_trace/squeeze_net_tosa/seed-42/run-20260412-135801/config/squeeze_net_tosa_seed-42_ablation.yaml,postprocess,accepted,stage2,placement,static,500,503.25,3,2,True,False,nan,nan,nan,9530.643620350607,-295.1146145433686,True,124,4831.183223357629,4831.909135635894,nan,nan,nan,nan,nan,queue,queue,postprocess_trace
squeeze_net_tosa,inputs/task_graph_topology/soda-benchmark-graphs/pytorch-graphs/squeeze_net_tosa.dot,/qfs/people/dass304/dass304/HWSWpartition/hw-sw-partition-metaheur/BatchExperiments/Ablation/diff_gnn_order_lssp_trace/squeeze_net_tosa/seed-42/run-20260412-135801/config/squeeze_net_tosa_seed-42_ablation.yaml,postprocess,accepted,stage2,placement,static,500,504.25,4,3,True,False,nan,nan,nan,9295.042107584692,-235.6015127659157,True,123,4803.769458107776,4831.909135635894,nan,nan,nan,nan,nan,queue,queue,postprocess_trace
squeeze_net_tosa,inputs/task_graph_topology/soda-benchmark-graphs/pytorch-graphs/squeeze_net_tosa.dot,/qfs/people/dass304/dass304/HWSWpartition/hw-sw-partition-metaheur/BatchExperiments/Ablation/diff_gnn_order_lssp_trace/squeeze_net_tosa/seed-42/run-20260412-135801/config/squeeze_net_tosa_seed-42_ablation.yaml,postprocess,accepted,stage2,placement,static,500,505.25,5,4,True,False,nan,nan,nan,8706.83599128471,-588.2061162999817,True,123,4831.351803399721,4831.909135635894,nan,nan,nan,nan,nan,queue,queue,postprocess_trace
squeeze_net_tosa,inputs/task_graph_topology/soda-benchmark-graphs/pytorch-graphs/squeeze_net_tosa.dot,/qfs/people/dass304/dass304/HWSWpartition/hw-sw-partition-metaheur/BatchExperiments/Ablation/diff_gnn_order_lssp_trace/squeeze_net_tosa/seed-42/run-20260412-135801/config/squeeze_net_tosa_seed-42_ablation.yaml,postprocess,accepted,stage2,placement,static,500,506.25,6,5,True,False,nan,nan,nan,8425.424056809605,-281.4119344751052,True,122,4797.465442073024,4831.909135635894,nan,nan,nan,nan,nan,queue,queue,postprocess_trace
squeeze_net_tosa,inputs/task_graph_topology/soda-benchmark-graphs/pytorch-graphs/squeeze_net_tosa.dot,/qfs/people/dass304/dass304/HWSWpartition/hw-sw-partition-metaheur/BatchExperiments/Ablation/diff_gnn_order_lssp_trace/squeeze_net_tosa/seed-42/run-20260412-135801/config/squeeze_net_tosa_seed-42_ablation.yaml,postprocess,accepted,stage2,placement,static,500,507.25,7,6,True,False,nan,nan,nan,7818.003418720726,-607.4206380888791,True,122,4825.257706135568,4831.909135635894,nan,nan,nan,nan,nan,queue,queue,postprocess_trace
squeeze_net_tosa,inputs/task_graph_topology/soda-benchmark-graphs/pytorch-graphs/squeeze_net_tosa.dot,/qfs/people/dass304/dass304/HWSWpartition/hw-sw-partition-metaheur/BatchExperiments/Ablation/diff_gnn_order_lssp_trace/squeeze_net_tosa/seed-42/run-20260412-135801/config/squeeze_net_tosa_seed-42_ablation.yaml,postprocess,accepted,stage2,placement,static,500,508.25,8,7,True,False,nan,nan,nan,7601.785088957627,-216.21832976309906,True,121,4819.249461512605,4831.909135635894,nan,nan,nan,nan,nan,queue,queue,postprocess_trace
squeeze_net_tosa,inputs/task_graph_topology/soda-benchmark-graphs/pytorch-graphs/squeeze_net_tosa.dot,/qfs/people/dass304/dass304/HWSWpartition/hw-sw-partition-metaheur/BatchExperiments/Ablation/diff_gnn_order_lssp_trace/squeeze_net_tosa/seed-42/run-20260412-135801/config/squeeze_net_tosa_seed-42_ablation.yaml,postprocess,accepted,stage2,placement,static,500,509.25,9,8,True,False,nan,nan,nan,7386.75399061658,-215.03109834104635,True,121,4829.124629316895,4831.909135635894,nan,nan,nan,nan,nan,queue,queue,postprocess_trace
squeeze_net_tosa,inputs/task_graph_topology/soda-benchmark-graphs/pytorch-graphs/squeeze_net_tosa.dot,/qfs/people/dass304/dass304/HWSWpartition/hw-sw-partition-metaheur/BatchExperiments/Ablation/diff_gnn_order_lssp_trace/squeeze_net_tosa/seed-42/run-20260412-135801/config/squeeze_net_tosa_seed-42_ablation.yaml,postprocess,accepted,stage2,placement,static,500,510.25,10,9,True,False,nan,nan,nan,7199.103769593169,-187.65022102341118,True,120,4788.556469265249,4831.909135635894,nan,nan,nan,nan,nan,queue,queue,postprocess_trace
squeeze_net_tosa,inputs/task_graph_topology/soda-benchmark-graphs/pytorch-graphs/squeeze_net_tosa.dot,/qfs/people/dass304/dass304/HWSWpartition/hw-sw-partition-metaheur/BatchExperiments/Ablation/diff_gnn_order_lssp_trace/squeeze_net_tosa/seed-42/run-20260412-135801/config/squeeze_net_tosa_seed-42_ablation.yaml,postprocess,accepted,stage2,placement,static,500,511.25,11,10,True,False,nan,nan,nan,6788.8197070004935,-410.2840625926756,True,120,4809.905696498881,4831.909135635894,nan,nan,nan,nan,nan,queue,queue,postprocess_trace
squeeze_net_tosa,inputs/task_graph_topology/soda-benchmark-graphs/pytorch-graphs/squeeze_net_tosa.dot,/qfs/people/dass304/dass304/HWSWpartition/hw-sw-partition-metaheur/BatchExperiments/Ablation/diff_gnn_order_lssp_trace/squeeze_net_tosa/seed-42/run-20260412-135801/config/squeeze_net_tosa_seed-42_ablation.yaml,postprocess,accepted,stage2,placement,static,500,512.25,12,11,True,False,nan,nan,nan,6586.900725188035,-201.9189818124587,True,120,4826.368346701833,4831.909135635894,nan,nan,nan,nan,nan,queue,queue,postprocess_trace
squeeze_net_tosa,inputs/task_graph_topology/soda-benchmark-graphs/pytorch-graphs/squeeze_net_tosa.dot,/qfs/people/dass304/dass304/HWSWpartition/hw-sw-partition-metaheur/BatchExperiments/Ablation/diff_gnn_order_lssp_trace/squeeze_net_tosa/seed-42/run-20260412-135801/config/squeeze_net_tosa_seed-42_ablation.yaml,postprocess,accepted,stage2,placement,static,500,513.25,13,12,True,False,nan,nan,nan,6448.830850950934,-138.06987423710052,True,119,4795.154450835311,4831.909135635894,nan,nan,nan,nan,nan,queue,queue,postprocess_trace
squeeze_net_tosa,inputs/task_graph_topology/soda-benchmark-graphs/pytorch-graphs/squeeze_net_tosa.dot,/qfs/people/dass304/dass304/HWSWpartition/hw-sw-partition-metaheur/BatchExperiments/Ablation/diff_gnn_order_lssp_trace/squeeze_net_tosa/seed-42/run-20260412-135801/config/squeeze_net_tosa_seed-42_ablation.yaml,postprocess,accepted,stage2,placement,static,500,514.25,14,13,True,False,nan,nan,nan,6187.508338384102,-261.3225125668323,True,119,4824.41278706543,4831.909135635894,nan,nan,nan,nan,nan,queue,queue,postprocess_trace
squeeze_net_tosa,inputs/task_graph_topology/soda-benchmark-graphs/pytorch-graphs/squeeze_net_tosa.dot,/qfs/people/dass304/dass304/HWSWpartition/hw-sw-partition-metaheur/BatchExperiments/Ablation/diff_gnn_order_lssp_trace/squeeze_net_tosa/seed-42/run-20260412-135801/config/squeeze_net_tosa_seed-42_ablation.yaml,postprocess,accepted,stage2,placement,static,500,515.25,15,14,True,False,nan,nan,nan,6059.793197790309,-127.71514059379297,True,118,4822.638299457367,4831.909135635894,nan,nan,nan,nan,nan,queue,queue,postprocess_trace
squeeze_net_tosa,inputs/task_graph_topology/soda-benchmark-graphs/pytorch-graphs/squeeze_net_tosa.dot,/qfs/people/dass304/dass304/HWSWpartition/hw-sw-partition-metaheur/BatchExperiments/Ablation/diff_gnn_order_lssp_trace/squeeze_net_tosa/seed-42/run-20260412-135801/config/squeeze_net_tosa_seed-42_ablation.yaml,postprocess,accepted,stage2,placement,static,500,516.25,16,15,True,False,nan,nan,nan,5972.838496116951,-86.9547016733577,True,117,4800.53602254293,4831.909135635894,nan,nan,nan,nan,nan,queue,queue,postprocess_trace
squeeze_net_tosa,inputs/task_graph_topology/soda-benchmark-graphs/pytorch-graphs/squeeze_net_tosa.dot,/qfs/people/dass304/dass304/HWSWpartition/hw-sw-partition-metaheur/BatchExperiments/Ablation/diff_gnn_order_lssp_trace/squeeze_net_tosa/seed-42/run-20260412-135801/config/squeeze_net_tosa_seed-42_ablation.yaml,postprocess,accepted,stage2,placement,static,500,517.25,17,16,True,False,nan,nan,nan,5810.950967992019,-161.88752812493203,True,117,4826.463129483766,4831.909135635894,nan,nan,nan,nan,nan,queue,queue,postprocess_trace
squeeze_net_tosa,inputs/task_graph_topology/soda-benchmark-graphs/pytorch-graphs/squeeze_net_tosa.dot,/qfs/people/dass304/dass304/HWSWpartition/hw-sw-partition-metaheur/BatchExperiments/Ablation/diff_gnn_order_lssp_trace/squeeze_net_tosa/seed-42/run-20260412-135801/config/squeeze_net_tosa_seed-42_ablation.yaml,postprocess,accepted,stage2,placement,static,500,518.25,18,17,True,False,nan,nan,nan,5625.600054040661,-185.35091395135805,True,116,4823.009279655846,4831.909135635894,nan,nan,nan,nan,nan,queue,queue,postprocess_trace
squeeze_net_tosa,inputs/task_graph_topology/soda-benchmark-graphs/pytorch-graphs/squeeze_net_tosa.dot,/qfs/people/dass304/dass304/HWSWpartition/hw-sw-partition-metaheur/BatchExperiments/Ablation/diff_gnn_order_lssp_trace/squeeze_net_tosa/seed-42/run-20260412-135801/config/squeeze_net_tosa_seed-42_ablation.yaml,postprocess,accepted,stage2,placement,static,500,519.25,19,18,True,False,nan,nan,nan,5583.534725250929,-42.06532878973212,True,115,4803.178597720205,4831.909135635894,nan,nan,nan,nan,nan,queue,queue,postprocess_trace
squeeze_net_tosa,inputs/task_graph_topology/soda-benchmark-graphs/pytorch-graphs/squeeze_net_tosa.dot,/qfs/people/dass304/dass304/HWSWpartition/hw-sw-partition-metaheur/BatchExperiments/Ablation/diff_gnn_order_lssp_trace/squeeze_net_tosa/seed-42/run-20260412-135801/config/squeeze_net_tosa_seed-42_ablation.yaml,postprocess,accepted,stage2,placement,static,500,520.25,20,19,True,False,nan,nan,nan,5492.416868711013,-91.11785653991592,True,115,4831.222036799714,4831.909135635894,nan,nan,nan,nan,nan,queue,queue,postprocess_trace
squeeze_net_tosa,inputs/task_graph_topology/soda-benchmark-graphs/pytorch-graphs/squeeze_net_tosa.dot,/qfs/people/dass304/dass304/HWSWpartition/hw-sw-partition-metaheur/BatchExperiments/Ablation/diff_gnn_order_lssp_trace/squeeze_net_tosa/seed-42/run-20260412-135801/config/squeeze_net_tosa_seed-42_ablation.yaml,postprocess,accepted,stage2,placement,static,500,521.25,21,20,True,False,nan,nan,nan,5456.630260328556,-35.786608382457416,True,114,4814.636196733705,4831.909135635894,nan,nan,nan,nan,nan,queue,queue,postprocess_trace
squeeze_net_tosa,inputs/task_graph_topology/soda-benchmark-graphs/pytorch-graphs/squeeze_net_tosa.dot,/qfs/people/dass304/dass304/HWSWpartition/hw-sw-partition-metaheur/BatchExperiments/Ablation/diff_gnn_order_lssp_trace/squeeze_net_tosa/seed-42/run-20260412-135801/config/squeeze_net_tosa_seed-42_ablation.yaml,postprocess,accepted,stage2,placement,static,500,522.25,22,21,True,False,nan,nan,nan,5422.3740668821165,-34.25619344643928,True,114,4826.299498329594,4831.909135635894,nan,nan,nan,nan,nan,queue,queue,postprocess_trace
squeeze_net_tosa,inputs/task_graph_topology/soda-benchmark-graphs/pytorch-graphs/squeeze_net_tosa.dot,/qfs/people/dass304/dass304/HWSWpartition/hw-sw-partition-metaheur/BatchExperiments/Ablation/diff_gnn_order_lssp_trace/squeeze_net_tosa/seed-42/run-20260412-135801/config/squeeze_net_tosa_seed-42_ablation.yaml,postprocess,done,done,placement,static,500,523.25,23,23,False,False,nan,nan,nan,5422.3740668821165,nan,True,114,4826.299498329594,4831.909135635894,nan,nan,nan,nan,nan,queue,queue,postprocess_trace
squeeze_net_tosa,inputs/task_graph_topology/soda-benchmark-graphs/pytorch-graphs/squeeze_net_tosa.dot,/qfs/people/dass304/dass304/HWSWpartition/hw-sw-partition-metaheur/BatchExperiments/Ablation/diff_gnn_order_lssp_trace/squeeze_net_tosa/seed-42/run-20260412-135801/config/squeeze_net_tosa_seed-42_ablation.yaml,final,selected_final,final,placement,final,500,524.25,24,0,False,False,nan,4508.737201127468,nan,4508.737201127468,nan,True,114,4826.299498329594,4831.909135635894,nan,nan,nan,nan,nan,queue,queue,selected_final_solution
