graph_name,graph_file,source_config,phase,event,stage,candidate_label,candidate_mode,epoch,global_step,operation_index,iteration,accepted,training_end,soft_seq_makespan,threshold_lssp_static,threshold_lssp_learned_swprio,postprocess_lssp_cost,delta_from_prev,threshold_partition_valid,threshold_hw_nodes,threshold_hw_area,threshold_budget,tau,order_tau,loss,area_frac,area_penalty,selection_metric_train,selection_metric_final,notes
squeeze_net_tosa,inputs/task_graph_topology/soda-benchmark-graphs/pytorch-graphs/squeeze_net_tosa.dot,/qfs/people/dass304/dass304/HWSWpartition/hw-sw-partition-metaheur/BatchExperiments/Ablation/diff_gnn_order_lssp_trace/squeeze_net_tosa/seed-42/run-20260412-143138/config/squeeze_net_tosa_seed-42_ablation.yaml,train,epoch,train,thresholded_partition,threshold,1,1.0,0,1,False,False,6382.14794921875,11772.26423932124,12595.443024411534,nan,nan,True,92,4745.5276706299455,4831.909135635894,0.99955,0.9996,6390387.5,0.49723517894744873,nan,queue,queue,per_epoch_trace
squeeze_net_tosa,inputs/task_graph_topology/soda-benchmark-graphs/pytorch-graphs/squeeze_net_tosa.dot,/qfs/people/dass304/dass304/HWSWpartition/hw-sw-partition-metaheur/BatchExperiments/Ablation/diff_gnn_order_lssp_trace/squeeze_net_tosa/seed-42/run-20260412-143138/config/squeeze_net_tosa_seed-42_ablation.yaml,train,epoch,train,thresholded_partition,threshold,2,2.0,0,2,False,False,6163.28466796875,11531.812727338352,12521.577648619772,nan,nan,True,89,4795.704633740389,4831.909135635894,0.9991,0.9992,6168277.0,0.4979058504104614,nan,queue,queue,per_epoch_trace
squeeze_net_tosa,inputs/task_graph_topology/soda-benchmark-graphs/pytorch-graphs/squeeze_net_tosa.dot,/qfs/people/dass304/dass304/HWSWpartition/hw-sw-partition-metaheur/BatchExperiments/Ablation/diff_gnn_order_lssp_trace/squeeze_net_tosa/seed-42/run-20260412-143138/config/squeeze_net_tosa_seed-42_ablation.yaml,train,epoch,train,thresholded_partition,threshold,3,3.0,0,3,False,False,5999.69287109375,11543.782432315864,12310.099331648407,nan,nan,False,97,5626.717194494055,4831.909135635894,0.99865,0.9988,6065547.0,0.5080815553665161,nan,queue,queue,per_epoch_trace
squeeze_net_tosa,inputs/task_graph_topology/soda-benchmark-graphs/pytorch-graphs/squeeze_net_tosa.dot,/qfs/people/dass304/dass304/HWSWpartition/hw-sw-partition-metaheur/BatchExperiments/Ablation/diff_gnn_order_lssp_trace/squeeze_net_tosa/seed-42/run-20260412-143138/config/squeeze_net_tosa_seed-42_ablation.yaml,train,epoch,train,thresholded_partition,threshold,4,4.0,0,4,False,False,5966.9501953125,11390.300429410496,12334.851793055414,nan,nan,False,90,5097.655070145324,4831.909135635894,0.9982,0.9984,5981981.0,0.5038073658943176,nan,queue,queue,per_epoch_trace
squeeze_net_tosa,inputs/task_graph_topology/soda-benchmark-graphs/pytorch-graphs/squeeze_net_tosa.dot,/qfs/people/dass304/dass304/HWSWpartition/hw-sw-partition-metaheur/BatchExperiments/Ablation/diff_gnn_order_lssp_trace/squeeze_net_tosa/seed-42/run-20260412-143138/config/squeeze_net_tosa_seed-42_ablation.yaml,train,epoch,train,thresholded_partition,threshold,5,5.0,0,5,False,False,5853.45458984375,10469.506915472397,11052.243632636908,nan,nan,True,87,4668.140258261406,4831.909135635894,0.99775,0.998,5857388.0,0.501849889755249,nan,queue,queue,per_epoch_trace
squeeze_net_tosa,inputs/task_graph_topology/soda-benchmark-graphs/pytorch-graphs/squeeze_net_tosa.dot,/qfs/people/dass304/dass304/HWSWpartition/hw-sw-partition-metaheur/BatchExperiments/Ablation/diff_gnn_order_lssp_trace/squeeze_net_tosa/seed-42/run-20260412-143138/config/squeeze_net_tosa_seed-42_ablation.yaml,train,epoch,train,thresholded_partition,threshold,6,6.0,0,6,False,False,5989.26171875,10729.60593717964,11119.329435994394,nan,nan,False,94,5135.223498149078,4831.909135635894,0.9973,0.9976,5991137.0,0.4988328218460083,nan,queue,queue,per_epoch_trace
squeeze_net_tosa,inputs/task_graph_topology/soda-benchmark-graphs/pytorch-graphs/squeeze_net_tosa.dot,/qfs/people/dass304/dass304/HWSWpartition/hw-sw-partition-metaheur/BatchExperiments/Ablation/diff_gnn_order_lssp_trace/squeeze_net_tosa/seed-42/run-20260412-143138/config/squeeze_net_tosa_seed-42_ablation.yaml,train,epoch,train,thresholded_partition,threshold,7,7.0,0,7,False,False,5766.34375,11601.559623153798,12814.133653353625,nan,nan,True,90,4679.6859358603515,4831.909135635894,0.99685,0.9972,5768647.0,0.49865657091140747,nan,queue,queue,per_epoch_trace
squeeze_net_tosa,inputs/task_graph_topology/soda-benchmark-graphs/pytorch-graphs/squeeze_net_tosa.dot,/qfs/people/dass304/dass304/HWSWpartition/hw-sw-partition-metaheur/BatchExperiments/Ablation/diff_gnn_order_lssp_trace/squeeze_net_tosa/seed-42/run-20260412-143138/config/squeeze_net_tosa_seed-42_ablation.yaml,train,epoch,train,thresholded_partition,threshold,8,8.0,0,8,False,False,5597.16796875,12355.653818930434,13005.960021580382,nan,nan,True,87,4533.279845167734,4831.909135635894,0.9964,0.9968,5597917.0,0.5005144476890564,nan,queue,queue,per_epoch_trace
squeeze_net_tosa,inputs/task_graph_topology/soda-benchmark-graphs/pytorch-graphs/squeeze_net_tosa.dot,/qfs/people/dass304/dass304/HWSWpartition/hw-sw-partition-metaheur/BatchExperiments/Ablation/diff_gnn_order_lssp_trace/squeeze_net_tosa/seed-42/run-20260412-143138/config/squeeze_net_tosa_seed-42_ablation.yaml,train,epoch,train,thresholded_partition,threshold,9,9.0,0,9,False,False,5652.44580078125,12121.87185935013,12704.68614654183,nan,nan,False,95,5144.297963518411,4831.909135635894,0.99595,0.9964,5656365.5,0.4981476664543152,nan,queue,queue,per_epoch_trace
squeeze_net_tosa,inputs/task_graph_topology/soda-benchmark-graphs/pytorch-graphs/squeeze_net_tosa.dot,/qfs/people/dass304/dass304/HWSWpartition/hw-sw-partition-metaheur/BatchExperiments/Ablation/diff_gnn_order_lssp_trace/squeeze_net_tosa/seed-42/run-20260412-143138/config/squeeze_net_tosa_seed-42_ablation.yaml,train,epoch,train,thresholded_partition,threshold,10,10.0,0,10,False,False,5607.84716796875,11103.158939597488,11534.600451172257,nan,nan,False,88,4958.544842077249,4831.909135635894,0.9955,0.996,5609150.0,0.4990893006324768,nan,queue,queue,per_epoch_trace
squeeze_net_tosa,inputs/task_graph_topology/soda-benchmark-graphs/pytorch-graphs/squeeze_net_tosa.dot,/qfs/people/dass304/dass304/HWSWpartition/hw-sw-partition-metaheur/BatchExperiments/Ablation/diff_gnn_order_lssp_trace/squeeze_net_tosa/seed-42/run-20260412-143138/config/squeeze_net_tosa_seed-42_ablation.yaml,train,epoch,train,thresholded_partition,threshold,11,11.0,0,11,False,False,5574.8525390625,10624.209396533277,10952.454313241322,nan,nan,True,96,4695.449516137234,4831.909135635894,0.99505,0.9956,5579188.0,0.4980357587337494,nan,queue,queue,per_epoch_trace
squeeze_net_tosa,inputs/task_graph_topology/soda-benchmark-graphs/pytorch-graphs/squeeze_net_tosa.dot,/qfs/people/dass304/dass304/HWSWpartition/hw-sw-partition-metaheur/BatchExperiments/Ablation/diff_gnn_order_lssp_trace/squeeze_net_tosa/seed-42/run-20260412-143138/config/squeeze_net_tosa_seed-42_ablation.yaml,train,epoch,train,thresholded_partition,threshold,12,12.0,0,12,False,False,5567.373046875,12214.859925664332,13110.766891152834,nan,nan,False,101,5415.54515255936,4831.909135635894,0.9946,0.9952,5577183.5,0.496942400932312,nan,queue,queue,per_epoch_trace
squeeze_net_tosa,inputs/task_graph_topology/soda-benchmark-graphs/pytorch-graphs/squeeze_net_tosa.dot,/qfs/people/dass304/dass304/HWSWpartition/hw-sw-partition-metaheur/BatchExperiments/Ablation/diff_gnn_order_lssp_trace/squeeze_net_tosa/seed-42/run-20260412-143138/config/squeeze_net_tosa_seed-42_ablation.yaml,train,epoch,train,thresholded_partition,threshold,13,13.0,0,13,False,False,5374.37646484375,12362.692793587326,13371.470038883965,nan,nan,False,100,5152.368654252161,4831.909135635894,0.99415,0.9948,5382311.0,0.49726390838623047,nan,queue,queue,per_epoch_trace
squeeze_net_tosa,inputs/task_graph_topology/soda-benchmark-graphs/pytorch-graphs/squeeze_net_tosa.dot,/qfs/people/dass304/dass304/HWSWpartition/hw-sw-partition-metaheur/BatchExperiments/Ablation/diff_gnn_order_lssp_trace/squeeze_net_tosa/seed-42/run-20260412-143138/config/squeeze_net_tosa_seed-42_ablation.yaml,train,epoch,train,thresholded_partition,threshold,14,14.0,0,14,False,False,5388.15185546875,10281.438345893339,11609.598614958264,nan,nan,True,91,4665.324423346643,4831.909135635894,0.9937,0.9944,5395116.5,0.49744728207588196,nan,queue,queue,per_epoch_trace
squeeze_net_tosa,inputs/task_graph_topology/soda-benchmark-graphs/pytorch-graphs/squeeze_net_tosa.dot,/qfs/people/dass304/dass304/HWSWpartition/hw-sw-partition-metaheur/BatchExperiments/Ablation/diff_gnn_order_lssp_trace/squeeze_net_tosa/seed-42/run-20260412-143138/config/squeeze_net_tosa_seed-42_ablation.yaml,train,epoch,train,thresholded_partition,threshold,15,15.0,0,15,False,False,5516.42431640625,11923.292234358141,12788.119093790854,nan,nan,False,102,5635.458980783944,4831.909135635894,0.99325,0.994,5516940.0,0.5002512335777283,nan,queue,queue,per_epoch_trace
squeeze_net_tosa,inputs/task_graph_topology/soda-benchmark-graphs/pytorch-graphs/squeeze_net_tosa.dot,/qfs/people/dass304/dass304/HWSWpartition/hw-sw-partition-metaheur/BatchExperiments/Ablation/diff_gnn_order_lssp_trace/squeeze_net_tosa/seed-42/run-20260412-143138/config/squeeze_net_tosa_seed-42_ablation.yaml,train,epoch,train,thresholded_partition,threshold,16,16.0,0,16,False,False,5391.2548828125,13158.1084638272,14024.561859179534,nan,nan,False,97,5140.964495350065,4831.909135635894,0.9928,0.9936,5392908.0,0.4989047646522522,nan,queue,queue,per_epoch_trace
squeeze_net_tosa,inputs/task_graph_topology/soda-benchmark-graphs/pytorch-graphs/squeeze_net_tosa.dot,/qfs/people/dass304/dass304/HWSWpartition/hw-sw-partition-metaheur/BatchExperiments/Ablation/diff_gnn_order_lssp_trace/squeeze_net_tosa/seed-42/run-20260412-143138/config/squeeze_net_tosa_seed-42_ablation.yaml,train,epoch,train,thresholded_partition,threshold,17,17.0,0,17,False,False,5355.2744140625,10505.315203547654,10507.839231359221,nan,nan,False,98,5503.181570259773,4831.909135635894,0.99235,0.9932,5355755.5,0.49979788064956665,nan,queue,queue,per_epoch_trace
squeeze_net_tosa,inputs/task_graph_topology/soda-benchmark-graphs/pytorch-graphs/squeeze_net_tosa.dot,/qfs/people/dass304/dass304/HWSWpartition/hw-sw-partition-metaheur/BatchExperiments/Ablation/diff_gnn_order_lssp_trace/squeeze_net_tosa/seed-42/run-20260412-143138/config/squeeze_net_tosa_seed-42_ablation.yaml,train,epoch,train,thresholded_partition,threshold,18,18.0,0,18,False,False,5286.75439453125,11748.711789068755,12546.392858333907,nan,nan,False,90,4895.54448859605,4831.909135635894,0.9919,0.9928,5287540.5,0.49940937757492065,nan,queue,queue,per_epoch_trace
squeeze_net_tosa,inputs/task_graph_topology/soda-benchmark-graphs/pytorch-graphs/squeeze_net_tosa.dot,/qfs/people/dass304/dass304/HWSWpartition/hw-sw-partition-metaheur/BatchExperiments/Ablation/diff_gnn_order_lssp_trace/squeeze_net_tosa/seed-42/run-20260412-143138/config/squeeze_net_tosa_seed-42_ablation.yaml,train,epoch,train,thresholded_partition,threshold,19,19.0,0,19,False,False,5322.77783203125,12657.296998553342,13813.65767753393,nan,nan,True,89,4753.599031053115,4831.909135635894,0.99145,0.9924,5326172.5,0.49828267097473145,nan,queue,queue,per_epoch_trace
squeeze_net_tosa,inputs/task_graph_topology/soda-benchmark-graphs/pytorch-graphs/squeeze_net_tosa.dot,/qfs/people/dass304/dass304/HWSWpartition/hw-sw-partition-metaheur/BatchExperiments/Ablation/diff_gnn_order_lssp_trace/squeeze_net_tosa/seed-42/run-20260412-143138/config/squeeze_net_tosa_seed-42_ablation.yaml,train,epoch,train,thresholded_partition,threshold,20,20.0,0,20,False,False,5283.53466796875,12850.003101727814,13578.00825667112,nan,nan,False,90,4848.608352159639,4831.909135635894,0.991,0.992,5286488.0,0.4984130561351776,nan,queue,queue,per_epoch_trace
squeeze_net_tosa,inputs/task_graph_topology/soda-benchmark-graphs/pytorch-graphs/squeeze_net_tosa.dot,/qfs/people/dass304/dass304/HWSWpartition/hw-sw-partition-metaheur/BatchExperiments/Ablation/diff_gnn_order_lssp_trace/squeeze_net_tosa/seed-42/run-20260412-143138/config/squeeze_net_tosa_seed-42_ablation.yaml,train,epoch,train,thresholded_partition,threshold,21,21.0,0,21,False,False,5257.310546875,9946.128859875425,10875.120325194983,nan,nan,False,112,5768.119343479714,4831.909135635894,0.99055,0.9916,5268676.0,0.4966939091682434,nan,queue,queue,per_epoch_trace
squeeze_net_tosa,inputs/task_graph_topology/soda-benchmark-graphs/pytorch-graphs/squeeze_net_tosa.dot,/qfs/people/dass304/dass304/HWSWpartition/hw-sw-partition-metaheur/BatchExperiments/Ablation/diff_gnn_order_lssp_trace/squeeze_net_tosa/seed-42/run-20260412-143138/config/squeeze_net_tosa_seed-42_ablation.yaml,train,epoch,train,thresholded_partition,threshold,22,22.0,0,22,False,False,5204.00439453125,10794.040104347743,11621.954399839313,nan,nan,False,101,5289.734384803669,4831.909135635894,0.9901,0.9912,5205000.0,0.49924734234809875,nan,queue,queue,per_epoch_trace
squeeze_net_tosa,inputs/task_graph_topology/soda-benchmark-graphs/pytorch-graphs/squeeze_net_tosa.dot,/qfs/people/dass304/dass304/HWSWpartition/hw-sw-partition-metaheur/BatchExperiments/Ablation/diff_gnn_order_lssp_trace/squeeze_net_tosa/seed-42/run-20260412-143138/config/squeeze_net_tosa_seed-42_ablation.yaml,train,epoch,train,thresholded_partition,threshold,23,23.0,0,23,False,False,5272.8173828125,10418.444864677924,11075.248844274585,nan,nan,False,105,5644.082209150622,4831.909135635894,0.98965,0.9908,5273510.5,0.4994910955429077,nan,queue,queue,per_epoch_trace
squeeze_net_tosa,inputs/task_graph_topology/soda-benchmark-graphs/pytorch-graphs/squeeze_net_tosa.dot,/qfs/people/dass304/dass304/HWSWpartition/hw-sw-partition-metaheur/BatchExperiments/Ablation/diff_gnn_order_lssp_trace/squeeze_net_tosa/seed-42/run-20260412-143138/config/squeeze_net_tosa_seed-42_ablation.yaml,train,epoch,train,thresholded_partition,threshold,24,24.0,0,24,False,False,5204.7158203125,11638.082483416065,12386.177800824527,nan,nan,True,91,4808.256793523824,4831.909135635894,0.9892,0.9904,5205459.0,0.49943915009498596,nan,queue,queue,per_epoch_trace
squeeze_net_tosa,inputs/task_graph_topology/soda-benchmark-graphs/pytorch-graphs/squeeze_net_tosa.dot,/qfs/people/dass304/dass304/HWSWpartition/hw-sw-partition-metaheur/BatchExperiments/Ablation/diff_gnn_order_lssp_trace/squeeze_net_tosa/seed-42/run-20260412-143138/config/squeeze_net_tosa_seed-42_ablation.yaml,train,epoch,train,thresholded_partition,threshold,25,25.0,0,25,False,False,5225.12109375,8974.986881322671,9114.11045812671,nan,nan,False,108,5822.4896572916705,4831.909135635894,0.98875,0.99,5225741.5,0.5004414916038513,nan,queue,queue,per_epoch_trace
squeeze_net_tosa,inputs/task_graph_topology/soda-benchmark-graphs/pytorch-graphs/squeeze_net_tosa.dot,/qfs/people/dass304/dass304/HWSWpartition/hw-sw-partition-metaheur/BatchExperiments/Ablation/diff_gnn_order_lssp_trace/squeeze_net_tosa/seed-42/run-20260412-143138/config/squeeze_net_tosa_seed-42_ablation.yaml,train,epoch,train,thresholded_partition,threshold,26,26.0,0,26,False,False,5206.13916015625,11400.614558462126,12054.131426130467,nan,nan,False,98,5291.579507166532,4831.909135635894,0.9883,0.9896,5206581.5,0.499864786863327,nan,queue,queue,per_epoch_trace
squeeze_net_tosa,inputs/task_graph_topology/soda-benchmark-graphs/pytorch-graphs/squeeze_net_tosa.dot,/qfs/people/dass304/dass304/HWSWpartition/hw-sw-partition-metaheur/BatchExperiments/Ablation/diff_gnn_order_lssp_trace/squeeze_net_tosa/seed-42/run-20260412-143138/config/squeeze_net_tosa_seed-42_ablation.yaml,train,epoch,train,thresholded_partition,threshold,27,27.0,0,27,False,False,5203.7705078125,11361.300085317902,11627.567241895575,nan,nan,False,105,5433.62111091643,4831.909135635894,0.98785,0.9892,5206001.5,0.49865618348121643,nan,queue,queue,per_epoch_trace
squeeze_net_tosa,inputs/task_graph_topology/soda-benchmark-graphs/pytorch-graphs/squeeze_net_tosa.dot,/qfs/people/dass304/dass304/HWSWpartition/hw-sw-partition-metaheur/BatchExperiments/Ablation/diff_gnn_order_lssp_trace/squeeze_net_tosa/seed-42/run-20260412-143138/config/squeeze_net_tosa_seed-42_ablation.yaml,train,epoch,train,thresholded_partition,threshold,28,28.0,0,28,False,False,5137.98876953125,9618.125011695975,9800.557847544284,nan,nan,False,117,6256.271783276213,4831.909135635894,0.9874,0.9888,5138675.5,0.49948814511299133,nan,queue,queue,per_epoch_trace
squeeze_net_tosa,inputs/task_graph_topology/soda-benchmark-graphs/pytorch-graphs/squeeze_net_tosa.dot,/qfs/people/dass304/dass304/HWSWpartition/hw-sw-partition-metaheur/BatchExperiments/Ablation/diff_gnn_order_lssp_trace/squeeze_net_tosa/seed-42/run-20260412-143138/config/squeeze_net_tosa_seed-42_ablation.yaml,train,epoch,train,thresholded_partition,threshold,29,29.0,0,29,False,False,5169.47607421875,8327.697738057042,8503.9425718793,nan,nan,False,114,6221.675433700768,4831.909135635894,0.98695,0.9884,5170927.0,0.4989878237247467,nan,queue,queue,per_epoch_trace
squeeze_net_tosa,inputs/task_graph_topology/soda-benchmark-graphs/pytorch-graphs/squeeze_net_tosa.dot,/qfs/people/dass304/dass304/HWSWpartition/hw-sw-partition-metaheur/BatchExperiments/Ablation/diff_gnn_order_lssp_trace/squeeze_net_tosa/seed-42/run-20260412-143138/config/squeeze_net_tosa_seed-42_ablation.yaml,train,epoch,train,thresholded_partition,threshold,30,30.0,0,30,False,False,5128.86474609375,11181.239804247965,11741.933457047244,nan,nan,False,94,5158.022774139969,4831.909135635894,0.9865,0.988,5129959.5,0.4991803467273712,nan,queue,queue,per_epoch_trace
squeeze_net_tosa,inputs/task_graph_topology/soda-benchmark-graphs/pytorch-graphs/squeeze_net_tosa.dot,/qfs/people/dass304/dass304/HWSWpartition/hw-sw-partition-metaheur/BatchExperiments/Ablation/diff_gnn_order_lssp_trace/squeeze_net_tosa/seed-42/run-20260412-143138/config/squeeze_net_tosa_seed-42_ablation.yaml,train,epoch,train,thresholded_partition,threshold,31,31.0,0,31,False,False,5124.75732421875,9735.359054501288,10459.999024074856,nan,nan,False,109,6131.5402401582505,4831.909135635894,0.98605,0.9876,5125357.0,0.5004294514656067,nan,queue,queue,per_epoch_trace
squeeze_net_tosa,inputs/task_graph_topology/soda-benchmark-graphs/pytorch-graphs/squeeze_net_tosa.dot,/qfs/people/dass304/dass304/HWSWpartition/hw-sw-partition-metaheur/BatchExperiments/Ablation/diff_gnn_order_lssp_trace/squeeze_net_tosa/seed-42/run-20260412-143138/config/squeeze_net_tosa_seed-42_ablation.yaml,train,epoch,train,thresholded_partition,threshold,32,32.0,0,32,False,False,5161.86083984375,11052.816347996697,11984.724391138707,nan,nan,False,108,6215.0205643629515,4831.909135635894,0.9856,0.9872,5162537.0,0.49950239062309265,nan,queue,queue,per_epoch_trace
squeeze_net_tosa,inputs/task_graph_topology/soda-benchmark-graphs/pytorch-graphs/squeeze_net_tosa.dot,/qfs/people/dass304/dass304/HWSWpartition/hw-sw-partition-metaheur/BatchExperiments/Ablation/diff_gnn_order_lssp_trace/squeeze_net_tosa/seed-42/run-20260412-143138/config/squeeze_net_tosa_seed-42_ablation.yaml,train,epoch,train,thresholded_partition,threshold,33,33.0,0,33,False,False,5114.61767578125,9953.444757900828,10110.629537853563,nan,nan,False,122,6574.978312110587,4831.909135635894,0.98515,0.9868,5115054.0,0.5001364946365356,nan,queue,queue,per_epoch_trace
squeeze_net_tosa,inputs/task_graph_topology/soda-benchmark-graphs/pytorch-graphs/squeeze_net_tosa.dot,/qfs/people/dass304/dass304/HWSWpartition/hw-sw-partition-metaheur/BatchExperiments/Ablation/diff_gnn_order_lssp_trace/squeeze_net_tosa/seed-42/run-20260412-143138/config/squeeze_net_tosa_seed-42_ablation.yaml,train,epoch,train,thresholded_partition,threshold,34,34.0,0,34,False,False,5110.03759765625,12633.249237433634,13542.067754907926,nan,nan,False,117,6292.7040336732625,4831.909135635894,0.9847,0.9863999999999999,5110460.0,0.4999222755432129,nan,queue,queue,per_epoch_trace
squeeze_net_tosa,inputs/task_graph_topology/soda-benchmark-graphs/pytorch-graphs/squeeze_net_tosa.dot,/qfs/people/dass304/dass304/HWSWpartition/hw-sw-partition-metaheur/BatchExperiments/Ablation/diff_gnn_order_lssp_trace/squeeze_net_tosa/seed-42/run-20260412-143138/config/squeeze_net_tosa_seed-42_ablation.yaml,train,epoch,train,thresholded_partition,threshold,35,35.0,0,35,False,False,5118.42822265625,11049.221883421724,11725.143219990567,nan,nan,False,111,5936.034960792962,4831.909135635894,0.98425,0.986,5118958.5,0.4996596872806549,nan,queue,queue,per_epoch_trace
squeeze_net_tosa,inputs/task_graph_topology/soda-benchmark-graphs/pytorch-graphs/squeeze_net_tosa.dot,/qfs/people/dass304/dass304/HWSWpartition/hw-sw-partition-metaheur/BatchExperiments/Ablation/diff_gnn_order_lssp_trace/squeeze_net_tosa/seed-42/run-20260412-143138/config/squeeze_net_tosa_seed-42_ablation.yaml,train,epoch,train,thresholded_partition,threshold,36,36.0,0,36,False,False,5119.0625,10290.806051900765,10523.081631083009,nan,nan,False,112,5968.896849808527,4831.909135635894,0.9838,0.9856,5119542.0,0.49974220991134644,nan,queue,queue,per_epoch_trace
squeeze_net_tosa,inputs/task_graph_topology/soda-benchmark-graphs/pytorch-graphs/squeeze_net_tosa.dot,/qfs/people/dass304/dass304/HWSWpartition/hw-sw-partition-metaheur/BatchExperiments/Ablation/diff_gnn_order_lssp_trace/squeeze_net_tosa/seed-42/run-20260412-143138/config/squeeze_net_tosa_seed-42_ablation.yaml,train,epoch,train,thresholded_partition,threshold,37,37.0,0,37,False,False,5130.572265625,12023.38224584697,12755.36984161672,nan,nan,False,105,5798.049623425601,4831.909135635894,0.98335,0.9852,5131671.5,0.49916893243789673,nan,queue,queue,per_epoch_trace
squeeze_net_tosa,inputs/task_graph_topology/soda-benchmark-graphs/pytorch-graphs/squeeze_net_tosa.dot,/qfs/people/dass304/dass304/HWSWpartition/hw-sw-partition-metaheur/BatchExperiments/Ablation/diff_gnn_order_lssp_trace/squeeze_net_tosa/seed-42/run-20260412-143138/config/squeeze_net_tosa_seed-42_ablation.yaml,train,epoch,train,thresholded_partition,threshold,38,38.0,0,38,False,False,5091.78564453125,10063.786165297308,10224.270315525548,nan,nan,False,117,6402.302322689554,4831.909135635894,0.9829,0.9848,5092216.5,0.5000926852226257,nan,queue,queue,per_epoch_trace
squeeze_net_tosa,inputs/task_graph_topology/soda-benchmark-graphs/pytorch-graphs/squeeze_net_tosa.dot,/qfs/people/dass304/dass304/HWSWpartition/hw-sw-partition-metaheur/BatchExperiments/Ablation/diff_gnn_order_lssp_trace/squeeze_net_tosa/seed-42/run-20260412-143138/config/squeeze_net_tosa_seed-42_ablation.yaml,train,epoch,train,thresholded_partition,threshold,39,39.0,0,39,False,False,5119.75537109375,9476.556337940894,9716.607315694946,nan,nan,False,113,6449.157557619982,4831.909135635894,0.98245,0.9844,5120241.5,0.4997291564941406,nan,queue,queue,per_epoch_trace
squeeze_net_tosa,inputs/task_graph_topology/soda-benchmark-graphs/pytorch-graphs/squeeze_net_tosa.dot,/qfs/people/dass304/dass304/HWSWpartition/hw-sw-partition-metaheur/BatchExperiments/Ablation/diff_gnn_order_lssp_trace/squeeze_net_tosa/seed-42/run-20260412-143138/config/squeeze_net_tosa_seed-42_ablation.yaml,train,epoch,train,thresholded_partition,threshold,40,40.0,0,40,False,False,5089.4189453125,9727.277806611795,10227.257124878326,nan,nan,False,120,6663.321121999186,4831.909135635894,0.982,0.984,5089858.5,0.4998374879360199,nan,queue,queue,per_epoch_trace
squeeze_net_tosa,inputs/task_graph_topology/soda-benchmark-graphs/pytorch-graphs/squeeze_net_tosa.dot,/qfs/people/dass304/dass304/HWSWpartition/hw-sw-partition-metaheur/BatchExperiments/Ablation/diff_gnn_order_lssp_trace/squeeze_net_tosa/seed-42/run-20260412-143138/config/squeeze_net_tosa_seed-42_ablation.yaml,train,epoch,train,thresholded_partition,threshold,41,41.0,0,41,False,False,5070.07275390625,8713.114940510952,9410.98574369554,nan,nan,False,124,6855.247057137971,4831.909135635894,0.98155,0.9836,5070495.0,0.49991580843925476,nan,queue,queue,per_epoch_trace
squeeze_net_tosa,inputs/task_graph_topology/soda-benchmark-graphs/pytorch-graphs/squeeze_net_tosa.dot,/qfs/people/dass304/dass304/HWSWpartition/hw-sw-partition-metaheur/BatchExperiments/Ablation/diff_gnn_order_lssp_trace/squeeze_net_tosa/seed-42/run-20260412-143138/config/squeeze_net_tosa_seed-42_ablation.yaml,train,epoch,train,thresholded_partition,threshold,42,42.0,0,42,False,False,5097.072265625,9206.884036426913,9186.435988616371,nan,nan,False,112,6137.047397153913,4831.909135635894,0.9811,0.9832,5098349.5,0.4990699887275696,nan,queue,queue,per_epoch_trace
squeeze_net_tosa,inputs/task_graph_topology/soda-benchmark-graphs/pytorch-graphs/squeeze_net_tosa.dot,/qfs/people/dass304/dass304/HWSWpartition/hw-sw-partition-metaheur/BatchExperiments/Ablation/diff_gnn_order_lssp_trace/squeeze_net_tosa/seed-42/run-20260412-143138/config/squeeze_net_tosa_seed-42_ablation.yaml,train,epoch,train,thresholded_partition,threshold,43,43.0,0,43,False,False,5066.64453125,8926.872302780324,9319.524159564318,nan,nan,False,120,6476.091952315557,4831.909135635894,0.98065,0.9828,5067545.5,0.4992990791797638,nan,queue,queue,per_epoch_trace
squeeze_net_tosa,inputs/task_graph_topology/soda-benchmark-graphs/pytorch-graphs/squeeze_net_tosa.dot,/qfs/people/dass304/dass304/HWSWpartition/hw-sw-partition-metaheur/BatchExperiments/Ablation/diff_gnn_order_lssp_trace/squeeze_net_tosa/seed-42/run-20260412-143138/config/squeeze_net_tosa_seed-42_ablation.yaml,train,epoch,train,thresholded_partition,threshold,44,44.0,0,44,False,False,5092.607421875,8356.44615572483,9179.719306570532,nan,nan,False,117,6419.1907185711225,4831.909135635894,0.9802,0.9824,5093383.0,0.4993933141231537,nan,queue,queue,per_epoch_trace
squeeze_net_tosa,inputs/task_graph_topology/soda-benchmark-graphs/pytorch-graphs/squeeze_net_tosa.dot,/qfs/people/dass304/dass304/HWSWpartition/hw-sw-partition-metaheur/BatchExperiments/Ablation/diff_gnn_order_lssp_trace/squeeze_net_tosa/seed-42/run-20260412-143138/config/squeeze_net_tosa_seed-42_ablation.yaml,train,epoch,train,thresholded_partition,threshold,45,45.0,0,45,False,False,5064.16259765625,10379.146593258665,10449.28260935452,nan,nan,False,121,6155.602022384696,4831.909135635894,0.97975,0.982,5065809.5,0.49888747930526733,nan,queue,queue,per_epoch_trace
squeeze_net_tosa,inputs/task_graph_topology/soda-benchmark-graphs/pytorch-graphs/squeeze_net_tosa.dot,/qfs/people/dass304/dass304/HWSWpartition/hw-sw-partition-metaheur/BatchExperiments/Ablation/diff_gnn_order_lssp_trace/squeeze_net_tosa/seed-42/run-20260412-143138/config/squeeze_net_tosa_seed-42_ablation.yaml,train,epoch,train,thresholded_partition,threshold,46,46.0,0,46,False,False,5108.77001953125,8755.0307191573,8977.473817784186,nan,nan,False,116,6560.802462179379,4831.909135635894,0.9793,0.9816,5109255.5,0.4997234642505646,nan,queue,queue,per_epoch_trace
squeeze_net_tosa,inputs/task_graph_topology/soda-benchmark-graphs/pytorch-graphs/squeeze_net_tosa.dot,/qfs/people/dass304/dass304/HWSWpartition/hw-sw-partition-metaheur/BatchExperiments/Ablation/diff_gnn_order_lssp_trace/squeeze_net_tosa/seed-42/run-20260412-143138/config/squeeze_net_tosa_seed-42_ablation.yaml,train,epoch,train,thresholded_partition,threshold,47,47.0,0,47,False,False,5083.66162109375,8722.700357706066,8842.33661952301,nan,nan,False,126,6782.478750247488,4831.909135635894,0.97885,0.9812,5084643.0,0.49924370646476746,nan,queue,queue,per_epoch_trace
squeeze_net_tosa,inputs/task_graph_topology/soda-benchmark-graphs/pytorch-graphs/squeeze_net_tosa.dot,/qfs/people/dass304/dass304/HWSWpartition/hw-sw-partition-metaheur/BatchExperiments/Ablation/diff_gnn_order_lssp_trace/squeeze_net_tosa/seed-42/run-20260412-143138/config/squeeze_net_tosa_seed-42_ablation.yaml,train,epoch,train,thresholded_partition,threshold,48,48.0,0,48,False,False,5064.84765625,7543.440223058624,7792.921297502096,nan,nan,False,130,7094.872906580664,4831.909135635894,0.9784,0.9808,5065327.0,0.49973058700561523,nan,queue,queue,per_epoch_trace
squeeze_net_tosa,inputs/task_graph_topology/soda-benchmark-graphs/pytorch-graphs/squeeze_net_tosa.dot,/qfs/people/dass304/dass304/HWSWpartition/hw-sw-partition-metaheur/BatchExperiments/Ablation/diff_gnn_order_lssp_trace/squeeze_net_tosa/seed-42/run-20260412-143138/config/squeeze_net_tosa_seed-42_ablation.yaml,train,epoch,train,thresholded_partition,threshold,49,49.0,0,49,False,False,5092.98486328125,10700.161885907872,11159.381713136449,nan,nan,False,114,5815.957686407654,4831.909135635894,0.97795,0.9804,5095627.5,0.49850526452064514,nan,queue,queue,per_epoch_trace
squeeze_net_tosa,inputs/task_graph_topology/soda-benchmark-graphs/pytorch-graphs/squeeze_net_tosa.dot,/qfs/people/dass304/dass304/HWSWpartition/hw-sw-partition-metaheur/BatchExperiments/Ablation/diff_gnn_order_lssp_trace/squeeze_net_tosa/seed-42/run-20260412-143138/config/squeeze_net_tosa_seed-42_ablation.yaml,train,epoch,train,thresholded_partition,threshold,50,50.0,0,50,False,False,5050.02392578125,10586.704163041879,11257.577091097672,nan,nan,False,115,6112.967269836752,4831.909135635894,0.9775,0.98,5051728.5,0.4988609254360199,nan,queue,queue,per_epoch_trace
squeeze_net_tosa,inputs/task_graph_topology/soda-benchmark-graphs/pytorch-graphs/squeeze_net_tosa.dot,/qfs/people/dass304/dass304/HWSWpartition/hw-sw-partition-metaheur/BatchExperiments/Ablation/diff_gnn_order_lssp_trace/squeeze_net_tosa/seed-42/run-20260412-143138/config/squeeze_net_tosa_seed-42_ablation.yaml,train,epoch,train,thresholded_partition,threshold,51,51.0,0,51,False,False,5057.0751953125,10529.387082326914,11176.077229010452,nan,nan,False,109,6071.767836432796,4831.909135635894,0.97705,0.9796,5057646.5,0.49959778785705566,nan,queue,queue,per_epoch_trace
squeeze_net_tosa,inputs/task_graph_topology/soda-benchmark-graphs/pytorch-graphs/squeeze_net_tosa.dot,/qfs/people/dass304/dass304/HWSWpartition/hw-sw-partition-metaheur/BatchExperiments/Ablation/diff_gnn_order_lssp_trace/squeeze_net_tosa/seed-42/run-20260412-143138/config/squeeze_net_tosa_seed-42_ablation.yaml,train,epoch,train,thresholded_partition,threshold,52,52.0,0,52,False,False,5043.29638671875,9342.441696794755,9328.580249445824,nan,nan,False,115,6101.9870334288335,4831.909135635894,0.9766,0.9792,5043776.0,0.4997304677963257,nan,queue,queue,per_epoch_trace
squeeze_net_tosa,inputs/task_graph_topology/soda-benchmark-graphs/pytorch-graphs/squeeze_net_tosa.dot,/qfs/people/dass304/dass304/HWSWpartition/hw-sw-partition-metaheur/BatchExperiments/Ablation/diff_gnn_order_lssp_trace/squeeze_net_tosa/seed-42/run-20260412-143138/config/squeeze_net_tosa_seed-42_ablation.yaml,train,epoch,train,thresholded_partition,threshold,53,53.0,0,53,False,False,5061.9970703125,9732.63008809835,10098.5516622026,nan,nan,False,108,5793.15463422112,4831.909135635894,0.97615,0.9788,5062563.0,0.4996030628681183,nan,queue,queue,per_epoch_trace
squeeze_net_tosa,inputs/task_graph_topology/soda-benchmark-graphs/pytorch-graphs/squeeze_net_tosa.dot,/qfs/people/dass304/dass304/HWSWpartition/hw-sw-partition-metaheur/BatchExperiments/Ablation/diff_gnn_order_lssp_trace/squeeze_net_tosa/seed-42/run-20260412-143138/config/squeeze_net_tosa_seed-42_ablation.yaml,train,epoch,train,thresholded_partition,threshold,54,54.0,0,54,False,False,5053.66015625,8591.520188774439,9498.042241353802,nan,nan,False,116,6284.067187544637,4831.909135635894,0.9757,0.9784,5055975.5,0.49861812591552734,nan,queue,queue,per_epoch_trace
squeeze_net_tosa,inputs/task_graph_topology/soda-benchmark-graphs/pytorch-graphs/squeeze_net_tosa.dot,/qfs/people/dass304/dass304/HWSWpartition/hw-sw-partition-metaheur/BatchExperiments/Ablation/diff_gnn_order_lssp_trace/squeeze_net_tosa/seed-42/run-20260412-143138/config/squeeze_net_tosa_seed-42_ablation.yaml,train,epoch,train,thresholded_partition,threshold,55,55.0,0,55,False,False,5063.47607421875,7288.228624233876,7173.05174800926,nan,nan,False,132,7175.218330659088,4831.909135635894,0.97525,0.978,5063940.5,0.49976828694343567,nan,queue,queue,per_epoch_trace
squeeze_net_tosa,inputs/task_graph_topology/soda-benchmark-graphs/pytorch-graphs/squeeze_net_tosa.dot,/qfs/people/dass304/dass304/HWSWpartition/hw-sw-partition-metaheur/BatchExperiments/Ablation/diff_gnn_order_lssp_trace/squeeze_net_tosa/seed-42/run-20260412-143138/config/squeeze_net_tosa_seed-42_ablation.yaml,train,epoch,train,thresholded_partition,threshold,56,56.0,0,56,False,False,5065.1298828125,8209.484273002952,9010.520258430088,nan,nan,False,127,6998.942180238743,4831.909135635894,0.9748,0.9776,5065641.5,0.49967318773269653,nan,queue,queue,per_epoch_trace
squeeze_net_tosa,inputs/task_graph_topology/soda-benchmark-graphs/pytorch-graphs/squeeze_net_tosa.dot,/qfs/people/dass304/dass304/HWSWpartition/hw-sw-partition-metaheur/BatchExperiments/Ablation/diff_gnn_order_lssp_trace/squeeze_net_tosa/seed-42/run-20260412-143138/config/squeeze_net_tosa_seed-42_ablation.yaml,train,epoch,train,thresholded_partition,threshold,57,57.0,0,57,False,False,5029.92529296875,11420.370716918265,12224.510522613602,nan,nan,False,116,6239.644841745138,4831.909135635894,0.97435,0.9772,5030340.0,0.4999295175075531,nan,queue,queue,per_epoch_trace
squeeze_net_tosa,inputs/task_graph_topology/soda-benchmark-graphs/pytorch-graphs/squeeze_net_tosa.dot,/qfs/people/dass304/dass304/HWSWpartition/hw-sw-partition-metaheur/BatchExperiments/Ablation/diff_gnn_order_lssp_trace/squeeze_net_tosa/seed-42/run-20260412-143138/config/squeeze_net_tosa_seed-42_ablation.yaml,train,epoch,train,thresholded_partition,threshold,58,58.0,0,58,False,False,5012.59716796875,9692.520914760848,9878.498173452179,nan,nan,False,134,7391.990366909707,4831.909135635894,0.9739,0.9768,5013056.0,0.4997691810131073,nan,queue,queue,per_epoch_trace
squeeze_net_tosa,inputs/task_graph_topology/soda-benchmark-graphs/pytorch-graphs/squeeze_net_tosa.dot,/qfs/people/dass304/dass304/HWSWpartition/hw-sw-partition-metaheur/BatchExperiments/Ablation/diff_gnn_order_lssp_trace/squeeze_net_tosa/seed-42/run-20260412-143138/config/squeeze_net_tosa_seed-42_ablation.yaml,train,epoch,train,thresholded_partition,threshold,59,59.0,0,59,False,False,5040.90966796875,7394.925157266026,7369.1501835234985,nan,nan,False,130,6851.899247104045,4831.909135635894,0.97345,0.9764,5041882.0,0.4992477595806122,nan,queue,queue,per_epoch_trace
squeeze_net_tosa,inputs/task_graph_topology/soda-benchmark-graphs/pytorch-graphs/squeeze_net_tosa.dot,/qfs/people/dass304/dass304/HWSWpartition/hw-sw-partition-metaheur/BatchExperiments/Ablation/diff_gnn_order_lssp_trace/squeeze_net_tosa/seed-42/run-20260412-143138/config/squeeze_net_tosa_seed-42_ablation.yaml,train,epoch,train,thresholded_partition,threshold,60,60.0,0,60,False,False,5028.71728515625,8828.578683892663,9223.355922914649,nan,nan,False,130,7033.249294230726,4831.909135635894,0.973,0.976,5029127.0,0.49991944432258606,nan,queue,queue,per_epoch_trace
squeeze_net_tosa,inputs/task_graph_topology/soda-benchmark-graphs/pytorch-graphs/squeeze_net_tosa.dot,/qfs/people/dass304/dass304/HWSWpartition/hw-sw-partition-metaheur/BatchExperiments/Ablation/diff_gnn_order_lssp_trace/squeeze_net_tosa/seed-42/run-20260412-143138/config/squeeze_net_tosa_seed-42_ablation.yaml,train,epoch,train,thresholded_partition,threshold,61,61.0,0,61,False,False,5044.763671875,9065.078185852537,9350.550582846092,nan,nan,False,123,6449.867395522323,4831.909135635894,0.97255,0.9756,5045215.5,0.4997817277908325,nan,queue,queue,per_epoch_trace
squeeze_net_tosa,inputs/task_graph_topology/soda-benchmark-graphs/pytorch-graphs/squeeze_net_tosa.dot,/qfs/people/dass304/dass304/HWSWpartition/hw-sw-partition-metaheur/BatchExperiments/Ablation/diff_gnn_order_lssp_trace/squeeze_net_tosa/seed-42/run-20260412-143138/config/squeeze_net_tosa_seed-42_ablation.yaml,train,epoch,train,thresholded_partition,threshold,62,62.0,0,62,False,False,5035.78076171875,9027.234578998989,9190.12995115996,nan,nan,False,128,7036.072839434549,4831.909135635894,0.9721,0.9752,5036202.5,0.4998839199542999,nan,queue,queue,per_epoch_trace
squeeze_net_tosa,inputs/task_graph_topology/soda-benchmark-graphs/pytorch-graphs/squeeze_net_tosa.dot,/qfs/people/dass304/dass304/HWSWpartition/hw-sw-partition-metaheur/BatchExperiments/Ablation/diff_gnn_order_lssp_trace/squeeze_net_tosa/seed-42/run-20260412-143138/config/squeeze_net_tosa_seed-42_ablation.yaml,train,epoch,train,thresholded_partition,threshold,63,63.0,0,63,False,False,5031.61328125,8756.909689011036,9327.008104092398,nan,nan,False,137,7443.968248308031,4831.909135635894,0.97165,0.9748,5032198.0,0.4995746910572052,nan,queue,queue,per_epoch_trace
squeeze_net_tosa,inputs/task_graph_topology/soda-benchmark-graphs/pytorch-graphs/squeeze_net_tosa.dot,/qfs/people/dass304/dass304/HWSWpartition/hw-sw-partition-metaheur/BatchExperiments/Ablation/diff_gnn_order_lssp_trace/squeeze_net_tosa/seed-42/run-20260412-143138/config/squeeze_net_tosa_seed-42_ablation.yaml,train,epoch,train,thresholded_partition,threshold,64,64.0,0,64,False,False,5039.3828125,5953.912264832532,6036.217983758984,nan,nan,False,136,7232.285595815021,4831.909135635894,0.9712,0.9744,5039812.0,0.49983811378479004,nan,queue,queue,per_epoch_trace
squeeze_net_tosa,inputs/task_graph_topology/soda-benchmark-graphs/pytorch-graphs/squeeze_net_tosa.dot,/qfs/people/dass304/dass304/HWSWpartition/hw-sw-partition-metaheur/BatchExperiments/Ablation/diff_gnn_order_lssp_trace/squeeze_net_tosa/seed-42/run-20260412-143138/config/squeeze_net_tosa_seed-42_ablation.yaml,train,epoch,train,thresholded_partition,threshold,65,65.0,0,65,False,False,5015.84423828125,6623.4250539972445,6702.480918561463,nan,nan,False,140,7619.0497944526005,4831.909135635894,0.97075,0.974,5016310.0,0.5002536177635193,nan,queue,queue,per_epoch_trace
squeeze_net_tosa,inputs/task_graph_topology/soda-benchmark-graphs/pytorch-graphs/squeeze_net_tosa.dot,/qfs/people/dass304/dass304/HWSWpartition/hw-sw-partition-metaheur/BatchExperiments/Ablation/diff_gnn_order_lssp_trace/squeeze_net_tosa/seed-42/run-20260412-143138/config/squeeze_net_tosa_seed-42_ablation.yaml,train,epoch,train,thresholded_partition,threshold,66,66.0,0,66,False,False,5039.95166015625,11405.481936490472,11766.88126607456,nan,nan,False,109,6112.0729528366155,4831.909135635894,0.9703,0.9736,5040544.5,0.4995635449886322,nan,queue,queue,per_epoch_trace
squeeze_net_tosa,inputs/task_graph_topology/soda-benchmark-graphs/pytorch-graphs/squeeze_net_tosa.dot,/qfs/people/dass304/dass304/HWSWpartition/hw-sw-partition-metaheur/BatchExperiments/Ablation/diff_gnn_order_lssp_trace/squeeze_net_tosa/seed-42/run-20260412-143138/config/squeeze_net_tosa_seed-42_ablation.yaml,train,epoch,train,thresholded_partition,threshold,67,67.0,0,67,False,False,5017.26513671875,7166.14970774364,7186.456145729203,nan,nan,False,139,7754.552822970399,4831.909135635894,0.96985,0.9732,5017671.5,0.4999423921108246,nan,queue,queue,per_epoch_trace
squeeze_net_tosa,inputs/task_graph_topology/soda-benchmark-graphs/pytorch-graphs/squeeze_net_tosa.dot,/qfs/people/dass304/dass304/HWSWpartition/hw-sw-partition-metaheur/BatchExperiments/Ablation/diff_gnn_order_lssp_trace/squeeze_net_tosa/seed-42/run-20260412-143138/config/squeeze_net_tosa_seed-42_ablation.yaml,train,epoch,train,thresholded_partition,threshold,68,68.0,0,68,False,False,5022.13330078125,9336.741105579622,9539.989150655081,nan,nan,False,127,6773.278143411583,4831.909135635894,0.9694,0.9728,5022552.5,0.4998703896999359,nan,queue,queue,per_epoch_trace
squeeze_net_tosa,inputs/task_graph_topology/soda-benchmark-graphs/pytorch-graphs/squeeze_net_tosa.dot,/qfs/people/dass304/dass304/HWSWpartition/hw-sw-partition-metaheur/BatchExperiments/Ablation/diff_gnn_order_lssp_trace/squeeze_net_tosa/seed-42/run-20260412-143138/config/squeeze_net_tosa_seed-42_ablation.yaml,train,epoch,train,thresholded_partition,threshold,69,69.0,0,69,False,False,5019.60400390625,6063.3542723001865,6286.562104744249,nan,nan,False,138,7498.963233367682,4831.909135635894,0.96895,0.9724,5020009.0,0.5000680088996887,nan,queue,queue,per_epoch_trace
squeeze_net_tosa,inputs/task_graph_topology/soda-benchmark-graphs/pytorch-graphs/squeeze_net_tosa.dot,/qfs/people/dass304/dass304/HWSWpartition/hw-sw-partition-metaheur/BatchExperiments/Ablation/diff_gnn_order_lssp_trace/squeeze_net_tosa/seed-42/run-20260412-143138/config/squeeze_net_tosa_seed-42_ablation.yaml,train,epoch,train,thresholded_partition,threshold,70,70.0,0,70,False,False,5019.0390625,9173.757927292812,9139.850172987148,nan,nan,False,130,6995.218211205122,4831.909135635894,0.9685,0.972,5019473.5,0.49981939792633057,nan,queue,queue,per_epoch_trace
squeeze_net_tosa,inputs/task_graph_topology/soda-benchmark-graphs/pytorch-graphs/squeeze_net_tosa.dot,/qfs/people/dass304/dass304/HWSWpartition/hw-sw-partition-metaheur/BatchExperiments/Ablation/diff_gnn_order_lssp_trace/squeeze_net_tosa/seed-42/run-20260412-143138/config/squeeze_net_tosa_seed-42_ablation.yaml,train,epoch,train,thresholded_partition,threshold,71,71.0,0,71,False,False,5028.87353515625,6204.84513674332,6188.714049156906,nan,nan,False,136,7530.967851403818,4831.909135635894,0.96805,0.9716,5029317.0,0.49980056285858154,nan,queue,queue,per_epoch_trace
squeeze_net_tosa,inputs/task_graph_topology/soda-benchmark-graphs/pytorch-graphs/squeeze_net_tosa.dot,/qfs/people/dass304/dass304/HWSWpartition/hw-sw-partition-metaheur/BatchExperiments/Ablation/diff_gnn_order_lssp_trace/squeeze_net_tosa/seed-42/run-20260412-143138/config/squeeze_net_tosa_seed-42_ablation.yaml,train,epoch,train,thresholded_partition,threshold,72,72.0,0,72,False,False,5039.37060546875,7067.117949295329,7151.5602893941195,nan,nan,False,138,7459.835853729863,4831.909135635894,0.9676,0.9712,5039924.5,0.499615341424942,nan,queue,queue,per_epoch_trace
squeeze_net_tosa,inputs/task_graph_topology/soda-benchmark-graphs/pytorch-graphs/squeeze_net_tosa.dot,/qfs/people/dass304/dass304/HWSWpartition/hw-sw-partition-metaheur/BatchExperiments/Ablation/diff_gnn_order_lssp_trace/squeeze_net_tosa/seed-42/run-20260412-143138/config/squeeze_net_tosa_seed-42_ablation.yaml,train,epoch,train,thresholded_partition,threshold,73,73.0,0,73,False,False,5026.22265625,5924.725992042768,5933.6422414555445,nan,nan,False,139,7332.165408712748,4831.909135635894,0.96715,0.9708,5026648.0,0.4998583197593689,nan,queue,queue,per_epoch_trace
squeeze_net_tosa,inputs/task_graph_topology/soda-benchmark-graphs/pytorch-graphs/squeeze_net_tosa.dot,/qfs/people/dass304/dass304/HWSWpartition/hw-sw-partition-metaheur/BatchExperiments/Ablation/diff_gnn_order_lssp_trace/squeeze_net_tosa/seed-42/run-20260412-143138/config/squeeze_net_tosa_seed-42_ablation.yaml,train,epoch,train,thresholded_partition,threshold,74,74.0,0,74,False,False,5008.65673828125,4855.691529708846,4962.869605976308,nan,nan,False,146,7808.688059564359,4831.909135635894,0.9667,0.9704,5009058.0,0.5000325441360474,nan,queue,queue,per_epoch_trace
squeeze_net_tosa,inputs/task_graph_topology/soda-benchmark-graphs/pytorch-graphs/squeeze_net_tosa.dot,/qfs/people/dass304/dass304/HWSWpartition/hw-sw-partition-metaheur/BatchExperiments/Ablation/diff_gnn_order_lssp_trace/squeeze_net_tosa/seed-42/run-20260412-143138/config/squeeze_net_tosa_seed-42_ablation.yaml,train,epoch,train,thresholded_partition,threshold,75,75.0,0,75,False,False,5027.78662109375,7714.099416410851,7872.6740541694035,nan,nan,False,134,7599.674935064112,4831.909135635894,0.96625,0.97,5028361.5,0.5004131197929382,nan,queue,queue,per_epoch_trace
squeeze_net_tosa,inputs/task_graph_topology/soda-benchmark-graphs/pytorch-graphs/squeeze_net_tosa.dot,/qfs/people/dass304/dass304/HWSWpartition/hw-sw-partition-metaheur/BatchExperiments/Ablation/diff_gnn_order_lssp_trace/squeeze_net_tosa/seed-42/run-20260412-143138/config/squeeze_net_tosa_seed-42_ablation.yaml,train,epoch,train,thresholded_partition,threshold,76,76.0,0,76,False,False,5011.02490234375,3636.3330179396385,3738.7382486918805,nan,nan,False,150,7975.9409958061815,4831.909135635894,0.9658,0.9696,5011460.5,0.500184953212738,nan,queue,queue,per_epoch_trace
squeeze_net_tosa,inputs/task_graph_topology/soda-benchmark-graphs/pytorch-graphs/squeeze_net_tosa.dot,/qfs/people/dass304/dass304/HWSWpartition/hw-sw-partition-metaheur/BatchExperiments/Ablation/diff_gnn_order_lssp_trace/squeeze_net_tosa/seed-42/run-20260412-143138/config/squeeze_net_tosa_seed-42_ablation.yaml,train,epoch,train,thresholded_partition,threshold,77,77.0,0,77,False,False,5014.75244140625,6219.576771055125,6315.604761506398,nan,nan,False,144,8035.884628647851,4831.909135635894,0.96535,0.9692,5015166.5,0.5001123547554016,nan,queue,queue,per_epoch_trace
squeeze_net_tosa,inputs/task_graph_topology/soda-benchmark-graphs/pytorch-graphs/squeeze_net_tosa.dot,/qfs/people/dass304/dass304/HWSWpartition/hw-sw-partition-metaheur/BatchExperiments/Ablation/diff_gnn_order_lssp_trace/squeeze_net_tosa/seed-42/run-20260412-143138/config/squeeze_net_tosa_seed-42_ablation.yaml,train,epoch,train,thresholded_partition,threshold,78,78.0,0,78,False,False,5004.3828125,6708.233133548762,7291.158537892755,nan,nan,False,140,7471.374277183597,4831.909135635894,0.9649,0.9688,5005033.5,0.499500572681427,nan,queue,queue,per_epoch_trace
squeeze_net_tosa,inputs/task_graph_topology/soda-benchmark-graphs/pytorch-graphs/squeeze_net_tosa.dot,/qfs/people/dass304/dass304/HWSWpartition/hw-sw-partition-metaheur/BatchExperiments/Ablation/diff_gnn_order_lssp_trace/squeeze_net_tosa/seed-42/run-20260412-143138/config/squeeze_net_tosa_seed-42_ablation.yaml,train,epoch,train,thresholded_partition,threshold,79,79.0,0,79,False,False,5054.29052734375,6868.754628217116,7472.340120614567,nan,nan,False,136,7269.8357221893075,4831.909135635894,0.96445,0.9684,5054707.0,0.4998778700828552,nan,queue,queue,per_epoch_trace
squeeze_net_tosa,inputs/task_graph_topology/soda-benchmark-graphs/pytorch-graphs/squeeze_net_tosa.dot,/qfs/people/dass304/dass304/HWSWpartition/hw-sw-partition-metaheur/BatchExperiments/Ablation/diff_gnn_order_lssp_trace/squeeze_net_tosa/seed-42/run-20260412-143138/config/squeeze_net_tosa_seed-42_ablation.yaml,train,epoch,train,thresholded_partition,threshold,80,80.0,0,80,False,False,5013.52099609375,5366.359117301541,5366.359117301541,nan,nan,False,140,7490.41267514439,4831.909135635894,0.964,0.968,5013951.0,0.49982985854148865,nan,queue,queue,per_epoch_trace
squeeze_net_tosa,inputs/task_graph_topology/soda-benchmark-graphs/pytorch-graphs/squeeze_net_tosa.dot,/qfs/people/dass304/dass304/HWSWpartition/hw-sw-partition-metaheur/BatchExperiments/Ablation/diff_gnn_order_lssp_trace/squeeze_net_tosa/seed-42/run-20260412-143138/config/squeeze_net_tosa_seed-42_ablation.yaml,train,epoch,train,thresholded_partition,threshold,81,81.0,0,81,False,False,5007.71337890625,6657.864342941111,6951.624046427258,nan,nan,False,136,7448.452677843795,4831.909135635894,0.96355,0.9676,5008115.0,0.49999189376831055,nan,queue,queue,per_epoch_trace
squeeze_net_tosa,inputs/task_graph_topology/soda-benchmark-graphs/pytorch-graphs/squeeze_net_tosa.dot,/qfs/people/dass304/dass304/HWSWpartition/hw-sw-partition-metaheur/BatchExperiments/Ablation/diff_gnn_order_lssp_trace/squeeze_net_tosa/seed-42/run-20260412-143138/config/squeeze_net_tosa_seed-42_ablation.yaml,train,epoch,train,thresholded_partition,threshold,82,82.0,0,82,False,False,5005.67578125,6153.828380735838,6153.828380735838,nan,nan,False,142,7666.008486603323,4831.909135635894,0.9631,0.9672,5006085.5,0.4999118745326996,nan,queue,queue,per_epoch_trace
squeeze_net_tosa,inputs/task_graph_topology/soda-benchmark-graphs/pytorch-graphs/squeeze_net_tosa.dot,/qfs/people/dass304/dass304/HWSWpartition/hw-sw-partition-metaheur/BatchExperiments/Ablation/diff_gnn_order_lssp_trace/squeeze_net_tosa/seed-42/run-20260412-143138/config/squeeze_net_tosa_seed-42_ablation.yaml,train,epoch,train,thresholded_partition,threshold,83,83.0,0,83,False,False,5014.9345703125,6598.007185555215,6687.891651031859,nan,nan,False,137,7747.21082068852,4831.909135635894,0.96265,0.9668,5015367.0,0.5001789331436157,nan,queue,queue,per_epoch_trace
squeeze_net_tosa,inputs/task_graph_topology/soda-benchmark-graphs/pytorch-graphs/squeeze_net_tosa.dot,/qfs/people/dass304/dass304/HWSWpartition/hw-sw-partition-metaheur/BatchExperiments/Ablation/diff_gnn_order_lssp_trace/squeeze_net_tosa/seed-42/run-20260412-143138/config/squeeze_net_tosa_seed-42_ablation.yaml,train,epoch,train,thresholded_partition,threshold,84,84.0,0,84,False,False,5010.50927734375,6143.567790077768,6250.563197484803,nan,nan,False,144,7740.317770281824,4831.909135635894,0.9621999999999999,0.9664,5011032.5,0.4996493458747864,nan,queue,queue,per_epoch_trace
squeeze_net_tosa,inputs/task_graph_topology/soda-benchmark-graphs/pytorch-graphs/squeeze_net_tosa.dot,/qfs/people/dass304/dass304/HWSWpartition/hw-sw-partition-metaheur/BatchExperiments/Ablation/diff_gnn_order_lssp_trace/squeeze_net_tosa/seed-42/run-20260412-143138/config/squeeze_net_tosa_seed-42_ablation.yaml,train,epoch,train,thresholded_partition,threshold,85,85.0,0,85,False,False,5016.32373046875,5596.376125010892,5540.4088984810805,nan,nan,False,141,7624.604413309536,4831.909135635894,0.96175,0.966,5016748.0,0.49984532594680786,nan,queue,queue,per_epoch_trace
squeeze_net_tosa,inputs/task_graph_topology/soda-benchmark-graphs/pytorch-graphs/squeeze_net_tosa.dot,/qfs/people/dass304/dass304/HWSWpartition/hw-sw-partition-metaheur/BatchExperiments/Ablation/diff_gnn_order_lssp_trace/squeeze_net_tosa/seed-42/run-20260412-143138/config/squeeze_net_tosa_seed-42_ablation.yaml,train,epoch,train,thresholded_partition,threshold,86,86.0,0,86,False,False,5013.48486328125,9010.964946290085,9605.637970774185,nan,nan,False,135,7127.6772104938955,4831.909135635894,0.9613,0.9656,5013892.0,0.49992138147354126,nan,queue,queue,per_epoch_trace
squeeze_net_tosa,inputs/task_graph_topology/soda-benchmark-graphs/pytorch-graphs/squeeze_net_tosa.dot,/qfs/people/dass304/dass304/HWSWpartition/hw-sw-partition-metaheur/BatchExperiments/Ablation/diff_gnn_order_lssp_trace/squeeze_net_tosa/seed-42/run-20260412-143138/config/squeeze_net_tosa_seed-42_ablation.yaml,train,epoch,train,thresholded_partition,threshold,87,87.0,0,87,False,False,5023.451171875,4189.688804876426,4262.17594393279,nan,nan,False,152,8319.70674681213,4831.909135635894,0.96085,0.9652000000000001,5024186.5,0.5005742907524109,nan,queue,queue,per_epoch_trace
squeeze_net_tosa,inputs/task_graph_topology/soda-benchmark-graphs/pytorch-graphs/squeeze_net_tosa.dot,/qfs/people/dass304/dass304/HWSWpartition/hw-sw-partition-metaheur/BatchExperiments/Ablation/diff_gnn_order_lssp_trace/squeeze_net_tosa/seed-42/run-20260412-143138/config/squeeze_net_tosa_seed-42_ablation.yaml,train,epoch,train,thresholded_partition,threshold,88,88.0,0,88,False,False,5022.06982421875,5695.993046767867,5838.608177059549,nan,nan,False,146,7808.17908730825,4831.909135635894,0.9604,0.9648,5022492.0,0.49987316131591797,nan,queue,queue,per_epoch_trace
squeeze_net_tosa,inputs/task_graph_topology/soda-benchmark-graphs/pytorch-graphs/squeeze_net_tosa.dot,/qfs/people/dass304/dass304/HWSWpartition/hw-sw-partition-metaheur/BatchExperiments/Ablation/diff_gnn_order_lssp_trace/squeeze_net_tosa/seed-42/run-20260412-143138/config/squeeze_net_tosa_seed-42_ablation.yaml,train,epoch,train,thresholded_partition,threshold,89,89.0,0,89,False,False,5012.5634765625,5858.807305086375,6389.440197186352,nan,nan,False,141,7618.466893916901,4831.909135635894,0.95995,0.9644,5012970.5,0.5000514388084412,nan,queue,queue,per_epoch_trace
squeeze_net_tosa,inputs/task_graph_topology/soda-benchmark-graphs/pytorch-graphs/squeeze_net_tosa.dot,/qfs/people/dass304/dass304/HWSWpartition/hw-sw-partition-metaheur/BatchExperiments/Ablation/diff_gnn_order_lssp_trace/squeeze_net_tosa/seed-42/run-20260412-143138/config/squeeze_net_tosa_seed-42_ablation.yaml,train,epoch,train,thresholded_partition,threshold,90,90.0,0,90,False,False,5005.9892578125,5528.928230626078,5581.168238888602,nan,nan,False,147,7740.4016965928695,4831.909135635894,0.9595,0.964,5006509.0,0.49965372681617737,nan,queue,queue,per_epoch_trace
squeeze_net_tosa,inputs/task_graph_topology/soda-benchmark-graphs/pytorch-graphs/squeeze_net_tosa.dot,/qfs/people/dass304/dass304/HWSWpartition/hw-sw-partition-metaheur/BatchExperiments/Ablation/diff_gnn_order_lssp_trace/squeeze_net_tosa/seed-42/run-20260412-143138/config/squeeze_net_tosa_seed-42_ablation.yaml,train,epoch,train,thresholded_partition,threshold,91,91.0,0,91,False,False,4993.30322265625,5727.286841214523,5793.165113307209,nan,nan,False,147,8042.648908179477,4831.909135635894,0.95905,0.9636,4993722.0,0.4998699724674225,nan,queue,queue,per_epoch_trace
squeeze_net_tosa,inputs/task_graph_topology/soda-benchmark-graphs/pytorch-graphs/squeeze_net_tosa.dot,/qfs/people/dass304/dass304/HWSWpartition/hw-sw-partition-metaheur/BatchExperiments/Ablation/diff_gnn_order_lssp_trace/squeeze_net_tosa/seed-42/run-20260412-143138/config/squeeze_net_tosa_seed-42_ablation.yaml,train,epoch,train,thresholded_partition,threshold,92,92.0,0,92,False,False,5010.47900390625,5691.031393242209,5581.092245238635,nan,nan,False,149,8223.723098811828,4831.909135635894,0.9586,0.9632000000000001,5011068.0,0.49956566095352173,nan,queue,queue,per_epoch_trace
squeeze_net_tosa,inputs/task_graph_topology/soda-benchmark-graphs/pytorch-graphs/squeeze_net_tosa.dot,/qfs/people/dass304/dass304/HWSWpartition/hw-sw-partition-metaheur/BatchExperiments/Ablation/diff_gnn_order_lssp_trace/squeeze_net_tosa/seed-42/run-20260412-143138/config/squeeze_net_tosa_seed-42_ablation.yaml,train,epoch,train,thresholded_partition,threshold,93,93.0,0,93,False,False,5002.65185546875,3279.6099207129555,3581.088530927004,nan,nan,False,154,8256.083976105316,4831.909135635894,0.9581500000000001,0.9628,5003095.5,0.5002089738845825,nan,queue,queue,per_epoch_trace
squeeze_net_tosa,inputs/task_graph_topology/soda-benchmark-graphs/pytorch-graphs/squeeze_net_tosa.dot,/qfs/people/dass304/dass304/HWSWpartition/hw-sw-partition-metaheur/BatchExperiments/Ablation/diff_gnn_order_lssp_trace/squeeze_net_tosa/seed-42/run-20260412-143138/config/squeeze_net_tosa_seed-42_ablation.yaml,train,epoch,train,thresholded_partition,threshold,94,94.0,0,94,False,False,5016.38232421875,4244.724631640279,4244.724631640279,nan,nan,False,151,8250.351916103371,4831.909135635894,0.9577,0.9624,5016918.5,0.5003686547279358,nan,queue,queue,per_epoch_trace
squeeze_net_tosa,inputs/task_graph_topology/soda-benchmark-graphs/pytorch-graphs/squeeze_net_tosa.dot,/qfs/people/dass304/dass304/HWSWpartition/hw-sw-partition-metaheur/BatchExperiments/Ablation/diff_gnn_order_lssp_trace/squeeze_net_tosa/seed-42/run-20260412-143138/config/squeeze_net_tosa_seed-42_ablation.yaml,train,epoch,train,thresholded_partition,threshold,95,95.0,0,95,False,False,5003.89892578125,5156.05690182282,5411.658579276516,nan,nan,False,140,7681.66812031654,4831.909135635894,0.95725,0.962,5004308.0,0.5000954270362854,nan,queue,queue,per_epoch_trace
squeeze_net_tosa,inputs/task_graph_topology/soda-benchmark-graphs/pytorch-graphs/squeeze_net_tosa.dot,/qfs/people/dass304/dass304/HWSWpartition/hw-sw-partition-metaheur/BatchExperiments/Ablation/diff_gnn_order_lssp_trace/squeeze_net_tosa/seed-42/run-20260412-143138/config/squeeze_net_tosa_seed-42_ablation.yaml,train,epoch,train,thresholded_partition,threshold,96,96.0,0,96,False,False,5004.2666015625,3693.9327504422818,3745.81637392647,nan,nan,False,155,8208.945489928305,4831.909135635894,0.9568,0.9616,5005080.5,0.49935784935951233,nan,queue,queue,per_epoch_trace
squeeze_net_tosa,inputs/task_graph_topology/soda-benchmark-graphs/pytorch-graphs/squeeze_net_tosa.dot,/qfs/people/dass304/dass304/HWSWpartition/hw-sw-partition-metaheur/BatchExperiments/Ablation/diff_gnn_order_lssp_trace/squeeze_net_tosa/seed-42/run-20260412-143138/config/squeeze_net_tosa_seed-42_ablation.yaml,train,epoch,train,thresholded_partition,threshold,97,97.0,0,97,False,False,5013.49560546875,4739.399498971436,4720.8354309653305,nan,nan,False,152,8221.022493985052,4831.909135635894,0.95635,0.9612,5013908.5,0.4999169707298279,nan,queue,queue,per_epoch_trace
squeeze_net_tosa,inputs/task_graph_topology/soda-benchmark-graphs/pytorch-graphs/squeeze_net_tosa.dot,/qfs/people/dass304/dass304/HWSWpartition/hw-sw-partition-metaheur/BatchExperiments/Ablation/diff_gnn_order_lssp_trace/squeeze_net_tosa/seed-42/run-20260412-143138/config/squeeze_net_tosa_seed-42_ablation.yaml,train,epoch,train,thresholded_partition,threshold,98,98.0,0,98,False,False,5010.9931640625,4127.386264201935,4150.012637359827,nan,nan,False,153,8211.931976384756,4831.909135635894,0.9559,0.9608,5011441.5,0.5002169013023376,nan,queue,queue,per_epoch_trace
squeeze_net_tosa,inputs/task_graph_topology/soda-benchmark-graphs/pytorch-graphs/squeeze_net_tosa.dot,/qfs/people/dass304/dass304/HWSWpartition/hw-sw-partition-metaheur/BatchExperiments/Ablation/diff_gnn_order_lssp_trace/squeeze_net_tosa/seed-42/run-20260412-143138/config/squeeze_net_tosa_seed-42_ablation.yaml,train,epoch,train,thresholded_partition,threshold,99,99.0,0,99,False,False,5005.35791015625,4528.887548115765,4949.51082861212,nan,nan,False,150,8006.768080718545,4831.909135635894,0.95545,0.9604,5005842.0,0.49971601366996765,nan,queue,queue,per_epoch_trace
squeeze_net_tosa,inputs/task_graph_topology/soda-benchmark-graphs/pytorch-graphs/squeeze_net_tosa.dot,/qfs/people/dass304/dass304/HWSWpartition/hw-sw-partition-metaheur/BatchExperiments/Ablation/diff_gnn_order_lssp_trace/squeeze_net_tosa/seed-42/run-20260412-143138/config/squeeze_net_tosa_seed-42_ablation.yaml,train,epoch,train,thresholded_partition,threshold,100,100.0,0,100,False,False,5014.37646484375,4989.395520622618,4897.493933278336,nan,nan,False,146,7944.719463966758,4831.909135635894,0.955,0.96,5014776.0,0.5000137090682983,nan,queue,queue,per_epoch_trace
squeeze_net_tosa,inputs/task_graph_topology/soda-benchmark-graphs/pytorch-graphs/squeeze_net_tosa.dot,/qfs/people/dass304/dass304/HWSWpartition/hw-sw-partition-metaheur/BatchExperiments/Ablation/diff_gnn_order_lssp_trace/squeeze_net_tosa/seed-42/run-20260412-143138/config/squeeze_net_tosa_seed-42_ablation.yaml,train,epoch,train,thresholded_partition,threshold,101,101.0,0,101,False,False,5010.1728515625,3668.544818254719,3728.7140466197716,nan,nan,False,154,8173.171314903461,4831.909135635894,0.95455,0.9596,5010584.5,0.5001101493835449,nan,queue,queue,per_epoch_trace
squeeze_net_tosa,inputs/task_graph_topology/soda-benchmark-graphs/pytorch-graphs/squeeze_net_tosa.dot,/qfs/people/dass304/dass304/HWSWpartition/hw-sw-partition-metaheur/BatchExperiments/Ablation/diff_gnn_order_lssp_trace/squeeze_net_tosa/seed-42/run-20260412-143138/config/squeeze_net_tosa_seed-42_ablation.yaml,train,epoch,train,thresholded_partition,threshold,102,102.0,0,102,False,False,5017.71142578125,4343.316452509568,4400.0538443693595,nan,nan,False,148,7941.750011483287,4831.909135635894,0.9541,0.9592,5018164.5,0.49976998567581177,nan,queue,queue,per_epoch_trace
squeeze_net_tosa,inputs/task_graph_topology/soda-benchmark-graphs/pytorch-graphs/squeeze_net_tosa.dot,/qfs/people/dass304/dass304/HWSWpartition/hw-sw-partition-metaheur/BatchExperiments/Ablation/diff_gnn_order_lssp_trace/squeeze_net_tosa/seed-42/run-20260412-143138/config/squeeze_net_tosa_seed-42_ablation.yaml,train,epoch,train,thresholded_partition,threshold,103,103.0,0,103,False,False,4996.43505859375,4795.2362722637945,4987.525462315218,nan,nan,False,148,7766.154030482995,4831.909135635894,0.95365,0.9588,4996946.0,0.49967247247695923,nan,queue,queue,per_epoch_trace
squeeze_net_tosa,inputs/task_graph_topology/soda-benchmark-graphs/pytorch-graphs/squeeze_net_tosa.dot,/qfs/people/dass304/dass304/HWSWpartition/hw-sw-partition-metaheur/BatchExperiments/Ablation/diff_gnn_order_lssp_trace/squeeze_net_tosa/seed-42/run-20260412-143138/config/squeeze_net_tosa_seed-42_ablation.yaml,train,epoch,train,thresholded_partition,threshold,104,104.0,0,104,False,False,5007.74853515625,4374.513604760041,4971.939936973562,nan,nan,False,149,7945.110544786674,4831.909135635894,0.9532,0.9584,5008223.5,0.500275194644928,nan,queue,queue,per_epoch_trace
squeeze_net_tosa,inputs/task_graph_topology/soda-benchmark-graphs/pytorch-graphs/squeeze_net_tosa.dot,/qfs/people/dass304/dass304/HWSWpartition/hw-sw-partition-metaheur/BatchExperiments/Ablation/diff_gnn_order_lssp_trace/squeeze_net_tosa/seed-42/run-20260412-143138/config/squeeze_net_tosa_seed-42_ablation.yaml,train,epoch,train,thresholded_partition,threshold,105,105.0,0,105,False,False,4999.38330078125,3778.68047722546,3764.968325263103,nan,nan,False,154,8127.445525364715,4831.909135635894,0.95275,0.958,4999783.0,0.49998757243156433,nan,queue,queue,per_epoch_trace
squeeze_net_tosa,inputs/task_graph_topology/soda-benchmark-graphs/pytorch-graphs/squeeze_net_tosa.dot,/qfs/people/dass304/dass304/HWSWpartition/hw-sw-partition-metaheur/BatchExperiments/Ablation/diff_gnn_order_lssp_trace/squeeze_net_tosa/seed-42/run-20260412-143138/config/squeeze_net_tosa_seed-42_ablation.yaml,train,epoch,train,thresholded_partition,threshold,106,106.0,0,106,False,False,5011.544921875,4898.784670908928,5561.19856476525,nan,nan,False,150,8160.404692028739,4831.909135635894,0.9523,0.9576,5011945.0,0.49998220801353455,nan,queue,queue,per_epoch_trace
squeeze_net_tosa,inputs/task_graph_topology/soda-benchmark-graphs/pytorch-graphs/squeeze_net_tosa.dot,/qfs/people/dass304/dass304/HWSWpartition/hw-sw-partition-metaheur/BatchExperiments/Ablation/diff_gnn_order_lssp_trace/squeeze_net_tosa/seed-42/run-20260412-143138/config/squeeze_net_tosa_seed-42_ablation.yaml,train,epoch,train,thresholded_partition,threshold,107,107.0,0,107,False,False,5001.962890625,4168.975286253141,4237.464612786773,nan,nan,False,149,8204.856059599544,4831.909135635894,0.95185,0.9572,5002360.0,0.49997231364250183,nan,queue,queue,per_epoch_trace
squeeze_net_tosa,inputs/task_graph_topology/soda-benchmark-graphs/pytorch-graphs/squeeze_net_tosa.dot,/qfs/people/dass304/dass304/HWSWpartition/hw-sw-partition-metaheur/BatchExperiments/Ablation/diff_gnn_order_lssp_trace/squeeze_net_tosa/seed-42/run-20260412-143138/config/squeeze_net_tosa_seed-42_ablation.yaml,train,epoch,train,thresholded_partition,threshold,108,108.0,0,108,False,False,5003.64111328125,3309.3037665936304,3345.6901036089307,nan,nan,False,157,8244.824498688291,4831.909135635894,0.9514,0.9568,5004089.0,0.49977776408195496,nan,queue,queue,per_epoch_trace
squeeze_net_tosa,inputs/task_graph_topology/soda-benchmark-graphs/pytorch-graphs/squeeze_net_tosa.dot,/qfs/people/dass304/dass304/HWSWpartition/hw-sw-partition-metaheur/BatchExperiments/Ablation/diff_gnn_order_lssp_trace/squeeze_net_tosa/seed-42/run-20260412-143138/config/squeeze_net_tosa_seed-42_ablation.yaml,train,epoch,train,thresholded_partition,threshold,109,109.0,0,109,False,False,5003.86865234375,2923.881210815488,2850.4276735473604,nan,nan,False,157,8433.326112591687,4831.909135635894,0.95095,0.9564,5004271.5,0.500044584274292,nan,queue,queue,per_epoch_trace
squeeze_net_tosa,inputs/task_graph_topology/soda-benchmark-graphs/pytorch-graphs/squeeze_net_tosa.dot,/qfs/people/dass304/dass304/HWSWpartition/hw-sw-partition-metaheur/BatchExperiments/Ablation/diff_gnn_order_lssp_trace/squeeze_net_tosa/seed-42/run-20260412-143138/config/squeeze_net_tosa_seed-42_ablation.yaml,train,epoch,train,thresholded_partition,threshold,110,110.0,0,110,False,False,5007.29833984375,4159.934741329142,4583.504810362921,nan,nan,False,154,8177.567190696019,4831.909135635894,0.9505,0.956,5007700.5,0.5000674724578857,nan,queue,queue,per_epoch_trace
squeeze_net_tosa,inputs/task_graph_topology/soda-benchmark-graphs/pytorch-graphs/squeeze_net_tosa.dot,/qfs/people/dass304/dass304/HWSWpartition/hw-sw-partition-metaheur/BatchExperiments/Ablation/diff_gnn_order_lssp_trace/squeeze_net_tosa/seed-42/run-20260412-143138/config/squeeze_net_tosa_seed-42_ablation.yaml,train,epoch,train,thresholded_partition,threshold,111,111.0,0,111,False,False,5003.36865234375,3606.8150066421103,3547.702820766852,nan,nan,False,154,8319.073798501913,4831.909135635894,0.95005,0.9556,5003804.0,0.5001880526542664,nan,queue,queue,per_epoch_trace
squeeze_net_tosa,inputs/task_graph_topology/soda-benchmark-graphs/pytorch-graphs/squeeze_net_tosa.dot,/qfs/people/dass304/dass304/HWSWpartition/hw-sw-partition-metaheur/BatchExperiments/Ablation/diff_gnn_order_lssp_trace/squeeze_net_tosa/seed-42/run-20260412-143138/config/squeeze_net_tosa_seed-42_ablation.yaml,train,epoch,train,thresholded_partition,threshold,112,112.0,0,112,False,False,4995.20556640625,2108.0622331841796,2097.1224258411858,nan,nan,False,161,8821.849411531251,4831.909135635894,0.9496,0.9552,4995708.0,0.5003198385238647,nan,queue,queue,per_epoch_trace
squeeze_net_tosa,inputs/task_graph_topology/soda-benchmark-graphs/pytorch-graphs/squeeze_net_tosa.dot,/qfs/people/dass304/dass304/HWSWpartition/hw-sw-partition-metaheur/BatchExperiments/Ablation/diff_gnn_order_lssp_trace/squeeze_net_tosa/seed-42/run-20260412-143138/config/squeeze_net_tosa_seed-42_ablation.yaml,train,epoch,train,thresholded_partition,threshold,113,113.0,0,113,False,False,5004.71142578125,3756.1554825696057,3888.3880893850933,nan,nan,False,154,8211.012842920438,4831.909135635894,0.94915,0.9548,5005150.5,0.49979960918426514,nan,queue,queue,per_epoch_trace
squeeze_net_tosa,inputs/task_graph_topology/soda-benchmark-graphs/pytorch-graphs/squeeze_net_tosa.dot,/qfs/people/dass304/dass304/HWSWpartition/hw-sw-partition-metaheur/BatchExperiments/Ablation/diff_gnn_order_lssp_trace/squeeze_net_tosa/seed-42/run-20260412-143138/config/squeeze_net_tosa_seed-42_ablation.yaml,train,epoch,train,thresholded_partition,threshold,114,114.0,0,114,False,False,4998.74169921875,3943.6162296838447,3973.265638080453,nan,nan,False,153,8194.07892110919,4831.909135635894,0.9487,0.9544,4999153.5,0.49988406896591187,nan,queue,queue,per_epoch_trace
squeeze_net_tosa,inputs/task_graph_topology/soda-benchmark-graphs/pytorch-graphs/squeeze_net_tosa.dot,/qfs/people/dass304/dass304/HWSWpartition/hw-sw-partition-metaheur/BatchExperiments/Ablation/diff_gnn_order_lssp_trace/squeeze_net_tosa/seed-42/run-20260412-143138/config/squeeze_net_tosa_seed-42_ablation.yaml,train,epoch,train,thresholded_partition,threshold,115,115.0,0,115,False,False,5003.84912109375,3266.662035230705,3283.2788876987893,nan,nan,False,158,8207.90954565117,4831.909135635894,0.94825,0.954,5004290.0,0.4997950494289398,nan,queue,queue,per_epoch_trace
squeeze_net_tosa,inputs/task_graph_topology/soda-benchmark-graphs/pytorch-graphs/squeeze_net_tosa.dot,/qfs/people/dass304/dass304/HWSWpartition/hw-sw-partition-metaheur/BatchExperiments/Ablation/diff_gnn_order_lssp_trace/squeeze_net_tosa/seed-42/run-20260412-143138/config/squeeze_net_tosa_seed-42_ablation.yaml,train,epoch,train,thresholded_partition,threshold,116,116.0,0,116,False,False,5000.17919921875,2396.906583768643,2431.277560162566,nan,nan,False,161,8544.72190329422,4831.909135635894,0.9478,0.9536,5000589.0,0.49989327788352966,nan,queue,queue,per_epoch_trace
squeeze_net_tosa,inputs/task_graph_topology/soda-benchmark-graphs/pytorch-graphs/squeeze_net_tosa.dot,/qfs/people/dass304/dass304/HWSWpartition/hw-sw-partition-metaheur/BatchExperiments/Ablation/diff_gnn_order_lssp_trace/squeeze_net_tosa/seed-42/run-20260412-143138/config/squeeze_net_tosa_seed-42_ablation.yaml,train,epoch,train,thresholded_partition,threshold,117,117.0,0,117,False,False,4992.31298828125,5896.961538347408,6388.738082313529,nan,nan,False,144,7576.806960644266,4831.909135635894,0.94735,0.9532,4992767.5,0.49978020787239075,nan,queue,queue,per_epoch_trace
squeeze_net_tosa,inputs/task_graph_topology/soda-benchmark-graphs/pytorch-graphs/squeeze_net_tosa.dot,/qfs/people/dass304/dass304/HWSWpartition/hw-sw-partition-metaheur/BatchExperiments/Ablation/diff_gnn_order_lssp_trace/squeeze_net_tosa/seed-42/run-20260412-143138/config/squeeze_net_tosa_seed-42_ablation.yaml,train,epoch,train,thresholded_partition,threshold,118,118.0,0,118,False,False,5003.71240234375,3363.295444805737,3466.352183877107,nan,nan,False,155,8200.78185070816,4831.909135635894,0.9469,0.9528,5004172.5,0.4997544288635254,nan,queue,queue,per_epoch_trace
squeeze_net_tosa,inputs/task_graph_topology/soda-benchmark-graphs/pytorch-graphs/squeeze_net_tosa.dot,/qfs/people/dass304/dass304/HWSWpartition/hw-sw-partition-metaheur/BatchExperiments/Ablation/diff_gnn_order_lssp_trace/squeeze_net_tosa/seed-42/run-20260412-143138/config/squeeze_net_tosa_seed-42_ablation.yaml,train,epoch,train,thresholded_partition,threshold,119,119.0,0,119,False,False,5000.05810546875,4006.784066940621,3973.532673146611,nan,nan,False,152,8127.666693667968,4831.909135635894,0.94645,0.9524,5000462.0,0.49994370341300964,nan,queue,queue,per_epoch_trace
squeeze_net_tosa,inputs/task_graph_topology/soda-benchmark-graphs/pytorch-graphs/squeeze_net_tosa.dot,/qfs/people/dass304/dass304/HWSWpartition/hw-sw-partition-metaheur/BatchExperiments/Ablation/diff_gnn_order_lssp_trace/squeeze_net_tosa/seed-42/run-20260412-143138/config/squeeze_net_tosa_seed-42_ablation.yaml,train,epoch,train,thresholded_partition,threshold,120,120.0,0,120,False,False,5001.892578125,3448.3200861557434,3701.7567830210796,nan,nan,False,155,8344.822708104693,4831.909135635894,0.946,0.952,5002293.0,0.5000438690185547,nan,queue,queue,per_epoch_trace
squeeze_net_tosa,inputs/task_graph_topology/soda-benchmark-graphs/pytorch-graphs/squeeze_net_tosa.dot,/qfs/people/dass304/dass304/HWSWpartition/hw-sw-partition-metaheur/BatchExperiments/Ablation/diff_gnn_order_lssp_trace/squeeze_net_tosa/seed-42/run-20260412-143138/config/squeeze_net_tosa_seed-42_ablation.yaml,train,epoch,train,thresholded_partition,threshold,121,121.0,0,121,False,False,5001.427734375,2892.4840774141308,3055.4811015342216,nan,nan,False,157,8443.143052911943,4831.909135635894,0.94555,0.9516,5001834.0,0.4999140799045563,nan,queue,queue,per_epoch_trace
squeeze_net_tosa,inputs/task_graph_topology/soda-benchmark-graphs/pytorch-graphs/squeeze_net_tosa.dot,/qfs/people/dass304/dass304/HWSWpartition/hw-sw-partition-metaheur/BatchExperiments/Ablation/diff_gnn_order_lssp_trace/squeeze_net_tosa/seed-42/run-20260412-143138/config/squeeze_net_tosa_seed-42_ablation.yaml,train,epoch,train,thresholded_partition,threshold,122,122.0,0,122,False,False,5001.58154296875,3093.1524101555447,3238.8694758599854,nan,nan,False,156,8267.455430304075,4831.909135635894,0.9451,0.9512,5002136.0,0.4996074438095093,nan,queue,queue,per_epoch_trace
squeeze_net_tosa,inputs/task_graph_topology/soda-benchmark-graphs/pytorch-graphs/squeeze_net_tosa.dot,/qfs/people/dass304/dass304/HWSWpartition/hw-sw-partition-metaheur/BatchExperiments/Ablation/diff_gnn_order_lssp_trace/squeeze_net_tosa/seed-42/run-20260412-143138/config/squeeze_net_tosa_seed-42_ablation.yaml,train,epoch,train,thresholded_partition,threshold,123,123.0,0,123,False,False,4971.87841796875,2150.1789489846524,2377.5293926978284,nan,nan,False,162,8644.472705475257,4831.909135635894,0.94465,0.9508,4972428.0,0.5003834962844849,nan,queue,queue,per_epoch_trace
squeeze_net_tosa,inputs/task_graph_topology/soda-benchmark-graphs/pytorch-graphs/squeeze_net_tosa.dot,/qfs/people/dass304/dass304/HWSWpartition/hw-sw-partition-metaheur/BatchExperiments/Ablation/diff_gnn_order_lssp_trace/squeeze_net_tosa/seed-42/run-20260412-143138/config/squeeze_net_tosa_seed-42_ablation.yaml,train,epoch,train,thresholded_partition,threshold,124,124.0,0,124,False,False,5001.263671875,3779.429019310848,3771.373172671049,nan,nan,False,155,8055.887349268209,4831.909135635894,0.9442,0.9504,5001860.0,0.4995567798614502,nan,queue,queue,per_epoch_trace
squeeze_net_tosa,inputs/task_graph_topology/soda-benchmark-graphs/pytorch-graphs/squeeze_net_tosa.dot,/qfs/people/dass304/dass304/HWSWpartition/hw-sw-partition-metaheur/BatchExperiments/Ablation/diff_gnn_order_lssp_trace/squeeze_net_tosa/seed-42/run-20260412-143138/config/squeeze_net_tosa_seed-42_ablation.yaml,train,epoch,train,thresholded_partition,threshold,125,125.0,0,125,False,False,4998.28271484375,2987.339025474335,3067.965675821403,nan,nan,False,158,8589.141197022213,4831.909135635894,0.94375,0.95,4998988.5,0.49944642186164856,nan,queue,queue,per_epoch_trace
squeeze_net_tosa,inputs/task_graph_topology/soda-benchmark-graphs/pytorch-graphs/squeeze_net_tosa.dot,/qfs/people/dass304/dass304/HWSWpartition/hw-sw-partition-metaheur/BatchExperiments/Ablation/diff_gnn_order_lssp_trace/squeeze_net_tosa/seed-42/run-20260412-143138/config/squeeze_net_tosa_seed-42_ablation.yaml,train,epoch,train,thresholded_partition,threshold,126,126.0,0,126,False,False,4975.49560546875,2799.746130881725,2821.0689981490764,nan,nan,False,157,8409.74314255209,4831.909135635894,0.9433,0.9496,4975902.0,0.5000213980674744,nan,queue,queue,per_epoch_trace
squeeze_net_tosa,inputs/task_graph_topology/soda-benchmark-graphs/pytorch-graphs/squeeze_net_tosa.dot,/qfs/people/dass304/dass304/HWSWpartition/hw-sw-partition-metaheur/BatchExperiments/Ablation/diff_gnn_order_lssp_trace/squeeze_net_tosa/seed-42/run-20260412-143138/config/squeeze_net_tosa_seed-42_ablation.yaml,train,epoch,train,thresholded_partition,threshold,127,127.0,0,127,False,False,4995.99169921875,4180.1323844183125,4240.553831393509,nan,nan,False,150,8091.679035172485,4831.909135635894,0.94285,0.9492,4996397.0,0.4999578893184662,nan,queue,queue,per_epoch_trace
squeeze_net_tosa,inputs/task_graph_topology/soda-benchmark-graphs/pytorch-graphs/squeeze_net_tosa.dot,/qfs/people/dass304/dass304/HWSWpartition/hw-sw-partition-metaheur/BatchExperiments/Ablation/diff_gnn_order_lssp_trace/squeeze_net_tosa/seed-42/run-20260412-143138/config/squeeze_net_tosa_seed-42_ablation.yaml,train,epoch,train,thresholded_partition,threshold,128,128.0,0,128,False,False,4999.41064453125,5709.127830047837,5794.665129660161,nan,nan,False,154,8293.214899270331,4831.909135635894,0.9424,0.9488,4999809.0,0.5000115036964417,nan,queue,queue,per_epoch_trace
squeeze_net_tosa,inputs/task_graph_topology/soda-benchmark-graphs/pytorch-graphs/squeeze_net_tosa.dot,/qfs/people/dass304/dass304/HWSWpartition/hw-sw-partition-metaheur/BatchExperiments/Ablation/diff_gnn_order_lssp_trace/squeeze_net_tosa/seed-42/run-20260412-143138/config/squeeze_net_tosa_seed-42_ablation.yaml,train,epoch,train,thresholded_partition,threshold,129,129.0,0,129,False,False,4999.625,3223.382548567269,3223.382548567269,nan,nan,False,157,8496.972517776634,4831.909135635894,0.94195,0.9484,5000031.0,0.49991872906684875,nan,queue,queue,per_epoch_trace
squeeze_net_tosa,inputs/task_graph_topology/soda-benchmark-graphs/pytorch-graphs/squeeze_net_tosa.dot,/qfs/people/dass304/dass304/HWSWpartition/hw-sw-partition-metaheur/BatchExperiments/Ablation/diff_gnn_order_lssp_trace/squeeze_net_tosa/seed-42/run-20260412-143138/config/squeeze_net_tosa_seed-42_ablation.yaml,train,epoch,train,thresholded_partition,threshold,130,130.0,0,130,False,False,4989.68798828125,3827.184323781658,3750.600185410935,nan,nan,False,154,8215.309764512547,4831.909135635894,0.9415,0.948,4990122.5,0.49983012676239014,nan,queue,queue,per_epoch_trace
squeeze_net_tosa,inputs/task_graph_topology/soda-benchmark-graphs/pytorch-graphs/squeeze_net_tosa.dot,/qfs/people/dass304/dass304/HWSWpartition/hw-sw-partition-metaheur/BatchExperiments/Ablation/diff_gnn_order_lssp_trace/squeeze_net_tosa/seed-42/run-20260412-143138/config/squeeze_net_tosa_seed-42_ablation.yaml,train,epoch,train,thresholded_partition,threshold,131,131.0,0,131,False,False,4985.0087890625,3865.3482554731986,3878.5086155481786,nan,nan,False,153,8341.960128135002,4831.909135635894,0.9410499999999999,0.9476,4985550.0,0.49963489174842834,nan,queue,queue,per_epoch_trace
squeeze_net_tosa,inputs/task_graph_topology/soda-benchmark-graphs/pytorch-graphs/squeeze_net_tosa.dot,/qfs/people/dass304/dass304/HWSWpartition/hw-sw-partition-metaheur/BatchExperiments/Ablation/diff_gnn_order_lssp_trace/squeeze_net_tosa/seed-42/run-20260412-143138/config/squeeze_net_tosa_seed-42_ablation.yaml,train,epoch,train,thresholded_partition,threshold,132,132.0,0,132,False,False,5007.2509765625,3226.5875612367313,3275.9624519151553,nan,nan,False,156,8363.778970753041,4831.909135635894,0.9406,0.9472,5007702.0,0.49977245926856995,nan,queue,queue,per_epoch_trace
squeeze_net_tosa,inputs/task_graph_topology/soda-benchmark-graphs/pytorch-graphs/squeeze_net_tosa.dot,/qfs/people/dass304/dass304/HWSWpartition/hw-sw-partition-metaheur/BatchExperiments/Ablation/diff_gnn_order_lssp_trace/squeeze_net_tosa/seed-42/run-20260412-143138/config/squeeze_net_tosa_seed-42_ablation.yaml,train,epoch,train,thresholded_partition,threshold,133,133.0,0,133,False,False,4983.92041015625,2916.1045674623847,2964.2104880283714,nan,nan,False,159,8594.628768473967,4831.909135635894,0.94015,0.9468,4984331.5,0.49991080164909363,nan,queue,queue,per_epoch_trace
squeeze_net_tosa,inputs/task_graph_topology/soda-benchmark-graphs/pytorch-graphs/squeeze_net_tosa.dot,/qfs/people/dass304/dass304/HWSWpartition/hw-sw-partition-metaheur/BatchExperiments/Ablation/diff_gnn_order_lssp_trace/squeeze_net_tosa/seed-42/run-20260412-143138/config/squeeze_net_tosa_seed-42_ablation.yaml,train,epoch,train,thresholded_partition,threshold,134,134.0,0,134,False,False,5007.66259765625,3595.014984794674,3787.379377253495,nan,nan,False,156,8341.205772710906,4831.909135635894,0.9397,0.9464,5008081.0,0.49985963106155396,nan,queue,queue,per_epoch_trace
squeeze_net_tosa,inputs/task_graph_topology/soda-benchmark-graphs/pytorch-graphs/squeeze_net_tosa.dot,/qfs/people/dass304/dass304/HWSWpartition/hw-sw-partition-metaheur/BatchExperiments/Ablation/diff_gnn_order_lssp_trace/squeeze_net_tosa/seed-42/run-20260412-143138/config/squeeze_net_tosa_seed-42_ablation.yaml,train,epoch,train,thresholded_partition,threshold,135,135.0,0,135,False,False,5000.25732421875,3436.4946956952635,3459.3385803128303,nan,nan,False,153,8142.553496458225,4831.909135635894,0.93925,0.946,5000725.5,0.4997390806674957,nan,queue,queue,per_epoch_trace
squeeze_net_tosa,inputs/task_graph_topology/soda-benchmark-graphs/pytorch-graphs/squeeze_net_tosa.dot,/qfs/people/dass304/dass304/HWSWpartition/hw-sw-partition-metaheur/BatchExperiments/Ablation/diff_gnn_order_lssp_trace/squeeze_net_tosa/seed-42/run-20260412-143138/config/squeeze_net_tosa_seed-42_ablation.yaml,train,epoch,train,thresholded_partition,threshold,136,136.0,0,136,False,False,5012.64111328125,2504.308191151332,2720.8559278774205,nan,nan,False,157,8522.75788841148,4831.909135635894,0.9388,0.9456,5013043.0,0.5000518560409546,nan,queue,queue,per_epoch_trace
squeeze_net_tosa,inputs/task_graph_topology/soda-benchmark-graphs/pytorch-graphs/squeeze_net_tosa.dot,/qfs/people/dass304/dass304/HWSWpartition/hw-sw-partition-metaheur/BatchExperiments/Ablation/diff_gnn_order_lssp_trace/squeeze_net_tosa/seed-42/run-20260412-143138/config/squeeze_net_tosa_seed-42_ablation.yaml,train,epoch,train,thresholded_partition,threshold,137,137.0,0,137,False,False,5001.13916015625,3628.7035774739206,3761.368804024241,nan,nan,False,156,8359.591692703723,4831.909135635894,0.93835,0.9452,5001593.5,0.49976423382759094,nan,queue,queue,per_epoch_trace
squeeze_net_tosa,inputs/task_graph_topology/soda-benchmark-graphs/pytorch-graphs/squeeze_net_tosa.dot,/qfs/people/dass304/dass304/HWSWpartition/hw-sw-partition-metaheur/BatchExperiments/Ablation/diff_gnn_order_lssp_trace/squeeze_net_tosa/seed-42/run-20260412-143138/config/squeeze_net_tosa_seed-42_ablation.yaml,train,epoch,train,thresholded_partition,threshold,138,138.0,0,138,False,False,4999.27099609375,3999.077263628092,3843.7039789042233,nan,nan,False,151,7999.570572720451,4831.909135635894,0.9379,0.9448,4999683.5,0.499891459941864,nan,queue,queue,per_epoch_trace
squeeze_net_tosa,inputs/task_graph_topology/soda-benchmark-graphs/pytorch-graphs/squeeze_net_tosa.dot,/qfs/people/dass304/dass304/HWSWpartition/hw-sw-partition-metaheur/BatchExperiments/Ablation/diff_gnn_order_lssp_trace/squeeze_net_tosa/seed-42/run-20260412-143138/config/squeeze_net_tosa_seed-42_ablation.yaml,train,epoch,train,thresholded_partition,threshold,139,139.0,0,139,False,False,5003.2890625,2393.543812847948,2532.165825108344,nan,nan,False,158,8554.38139344335,4831.909135635894,0.93745,0.9444,5003704.0,0.4998745918273926,nan,queue,queue,per_epoch_trace
squeeze_net_tosa,inputs/task_graph_topology/soda-benchmark-graphs/pytorch-graphs/squeeze_net_tosa.dot,/qfs/people/dass304/dass304/HWSWpartition/hw-sw-partition-metaheur/BatchExperiments/Ablation/diff_gnn_order_lssp_trace/squeeze_net_tosa/seed-42/run-20260412-143138/config/squeeze_net_tosa_seed-42_ablation.yaml,train,epoch,train,thresholded_partition,threshold,140,140.0,0,140,False,False,4987.34375,3451.7889347523587,3451.7889347523587,nan,nan,False,154,8430.716409939789,4831.909135635894,0.9369999999999999,0.944,4987801.0,0.5002332925796509,nan,queue,queue,per_epoch_trace
squeeze_net_tosa,inputs/task_graph_topology/soda-benchmark-graphs/pytorch-graphs/squeeze_net_tosa.dot,/qfs/people/dass304/dass304/HWSWpartition/hw-sw-partition-metaheur/BatchExperiments/Ablation/diff_gnn_order_lssp_trace/squeeze_net_tosa/seed-42/run-20260412-143138/config/squeeze_net_tosa_seed-42_ablation.yaml,train,epoch,train,thresholded_partition,threshold,141,141.0,0,141,False,False,5005.6533203125,4913.550431313321,5017.7781181525415,nan,nan,False,150,8084.1845268460065,4831.909135635894,0.93655,0.9436,5006084.5,0.4998219907283783,nan,queue,queue,per_epoch_trace
squeeze_net_tosa,inputs/task_graph_topology/soda-benchmark-graphs/pytorch-graphs/squeeze_net_tosa.dot,/qfs/people/dass304/dass304/HWSWpartition/hw-sw-partition-metaheur/BatchExperiments/Ablation/diff_gnn_order_lssp_trace/squeeze_net_tosa/seed-42/run-20260412-143138/config/squeeze_net_tosa_seed-42_ablation.yaml,train,epoch,train,thresholded_partition,threshold,142,142.0,0,142,False,False,4997.12451171875,3794.4988544872613,3920.1720451010474,nan,nan,False,156,8424.836979572357,4831.909135635894,0.9361,0.9432,4997524.5,0.5000094771385193,nan,queue,queue,per_epoch_trace
squeeze_net_tosa,inputs/task_graph_topology/soda-benchmark-graphs/pytorch-graphs/squeeze_net_tosa.dot,/qfs/people/dass304/dass304/HWSWpartition/hw-sw-partition-metaheur/BatchExperiments/Ablation/diff_gnn_order_lssp_trace/squeeze_net_tosa/seed-42/run-20260412-143138/config/squeeze_net_tosa_seed-42_ablation.yaml,train,epoch,train,thresholded_partition,threshold,143,143.0,0,143,False,False,4913.49658203125,3895.455750853447,3732.9482379790065,nan,nan,False,154,8421.472563601574,4831.909135635894,0.93565,0.9428,4914016.0,0.4996587336063385,nan,queue,queue,per_epoch_trace
squeeze_net_tosa,inputs/task_graph_topology/soda-benchmark-graphs/pytorch-graphs/squeeze_net_tosa.dot,/qfs/people/dass304/dass304/HWSWpartition/hw-sw-partition-metaheur/BatchExperiments/Ablation/diff_gnn_order_lssp_trace/squeeze_net_tosa/seed-42/run-20260412-143138/config/squeeze_net_tosa_seed-42_ablation.yaml,train,epoch,train,thresholded_partition,threshold,144,144.0,0,144,False,False,4984.103515625,3289.5572172398033,3302.6189432182523,nan,nan,False,158,8832.372880109608,4831.909135635894,0.9352,0.9424,4984589.5,0.5002843737602234,nan,queue,queue,per_epoch_trace
squeeze_net_tosa,inputs/task_graph_topology/soda-benchmark-graphs/pytorch-graphs/squeeze_net_tosa.dot,/qfs/people/dass304/dass304/HWSWpartition/hw-sw-partition-metaheur/BatchExperiments/Ablation/diff_gnn_order_lssp_trace/squeeze_net_tosa/seed-42/run-20260412-143138/config/squeeze_net_tosa_seed-42_ablation.yaml,train,epoch,train,thresholded_partition,threshold,145,145.0,0,145,False,False,4984.60888671875,2501.1171576724173,2574.742924711043,nan,nan,False,158,8445.812293049872,4831.909135635894,0.93475,0.942,4985023.0,0.49992430210113525,nan,queue,queue,per_epoch_trace
squeeze_net_tosa,inputs/task_graph_topology/soda-benchmark-graphs/pytorch-graphs/squeeze_net_tosa.dot,/qfs/people/dass304/dass304/HWSWpartition/hw-sw-partition-metaheur/BatchExperiments/Ablation/diff_gnn_order_lssp_trace/squeeze_net_tosa/seed-42/run-20260412-143138/config/squeeze_net_tosa_seed-42_ablation.yaml,train,epoch,train,thresholded_partition,threshold,146,146.0,0,146,False,False,5006.03076171875,2816.8602833730447,2992.0908043049117,nan,nan,False,154,8083.69130772593,4831.909135635894,0.9343,0.9416,5006613.5,0.4995715320110321,nan,queue,queue,per_epoch_trace
squeeze_net_tosa,inputs/task_graph_topology/soda-benchmark-graphs/pytorch-graphs/squeeze_net_tosa.dot,/qfs/people/dass304/dass304/HWSWpartition/hw-sw-partition-metaheur/BatchExperiments/Ablation/diff_gnn_order_lssp_trace/squeeze_net_tosa/seed-42/run-20260412-143138/config/squeeze_net_tosa_seed-42_ablation.yaml,train,epoch,train,thresholded_partition,threshold,147,147.0,0,147,False,False,5005.81298828125,6523.5760918649585,6784.23782466311,nan,nan,False,149,7979.472676328014,4831.909135635894,0.93385,0.9412,5006216.5,0.49993419647216797,nan,queue,queue,per_epoch_trace
squeeze_net_tosa,inputs/task_graph_topology/soda-benchmark-graphs/pytorch-graphs/squeeze_net_tosa.dot,/qfs/people/dass304/dass304/HWSWpartition/hw-sw-partition-metaheur/BatchExperiments/Ablation/diff_gnn_order_lssp_trace/squeeze_net_tosa/seed-42/run-20260412-143138/config/squeeze_net_tosa_seed-42_ablation.yaml,train,epoch,train,thresholded_partition,threshold,148,148.0,0,148,False,False,4986.25,2954.145126919783,3206.0704025953464,nan,nan,False,157,8512.371408489362,4831.909135635894,0.9334,0.9408,4986662.0,0.5000893473625183,nan,queue,queue,per_epoch_trace
squeeze_net_tosa,inputs/task_graph_topology/soda-benchmark-graphs/pytorch-graphs/squeeze_net_tosa.dot,/qfs/people/dass304/dass304/HWSWpartition/hw-sw-partition-metaheur/BatchExperiments/Ablation/diff_gnn_order_lssp_trace/squeeze_net_tosa/seed-42/run-20260412-143138/config/squeeze_net_tosa_seed-42_ablation.yaml,train,epoch,train,thresholded_partition,threshold,149,149.0,0,149,False,False,4988.09375,2978.5593483876964,2968.9804964109967,nan,nan,False,158,8583.099985438499,4831.909135635894,0.93295,0.9404,4988631.5,0.4996277987957001,nan,queue,queue,per_epoch_trace
squeeze_net_tosa,inputs/task_graph_topology/soda-benchmark-graphs/pytorch-graphs/squeeze_net_tosa.dot,/qfs/people/dass304/dass304/HWSWpartition/hw-sw-partition-metaheur/BatchExperiments/Ablation/diff_gnn_order_lssp_trace/squeeze_net_tosa/seed-42/run-20260412-143138/config/squeeze_net_tosa_seed-42_ablation.yaml,train,epoch,train,thresholded_partition,threshold,150,150.0,0,150,False,False,4998.97509765625,4424.0911286473465,4424.0911286473465,nan,nan,False,152,8242.990722857345,4831.909135635894,0.9325,0.94,4999374.5,0.5000113844871521,nan,queue,queue,per_epoch_trace
squeeze_net_tosa,inputs/task_graph_topology/soda-benchmark-graphs/pytorch-graphs/squeeze_net_tosa.dot,/qfs/people/dass304/dass304/HWSWpartition/hw-sw-partition-metaheur/BatchExperiments/Ablation/diff_gnn_order_lssp_trace/squeeze_net_tosa/seed-42/run-20260412-143138/config/squeeze_net_tosa_seed-42_ablation.yaml,train,epoch,train,thresholded_partition,threshold,151,151.0,0,151,False,False,4981.7587890625,2414.2584325596413,2414.2584325596413,nan,nan,False,158,8431.104899956052,4831.909135635894,0.93205,0.9396,4982188.0,0.49984002113342285,nan,queue,queue,per_epoch_trace
squeeze_net_tosa,inputs/task_graph_topology/soda-benchmark-graphs/pytorch-graphs/squeeze_net_tosa.dot,/qfs/people/dass304/dass304/HWSWpartition/hw-sw-partition-metaheur/BatchExperiments/Ablation/diff_gnn_order_lssp_trace/squeeze_net_tosa/seed-42/run-20260412-143138/config/squeeze_net_tosa_seed-42_ablation.yaml,train,epoch,train,thresholded_partition,threshold,152,152.0,0,152,False,False,5008.9892578125,3303.03396681674,3303.03396681674,nan,nan,False,155,8381.490698744296,4831.909135635894,0.9316,0.9392,5009410.5,0.49985405802726746,nan,queue,queue,per_epoch_trace
squeeze_net_tosa,inputs/task_graph_topology/soda-benchmark-graphs/pytorch-graphs/squeeze_net_tosa.dot,/qfs/people/dass304/dass304/HWSWpartition/hw-sw-partition-metaheur/BatchExperiments/Ablation/diff_gnn_order_lssp_trace/squeeze_net_tosa/seed-42/run-20260412-143138/config/squeeze_net_tosa_seed-42_ablation.yaml,train,epoch,train,thresholded_partition,threshold,153,153.0,0,153,False,False,4997.68505859375,3035.798677558368,3035.865321683165,nan,nan,False,152,8294.305793033314,4831.909135635894,0.93115,0.9388,4998101.0,0.49988654255867004,nan,queue,queue,per_epoch_trace
squeeze_net_tosa,inputs/task_graph_topology/soda-benchmark-graphs/pytorch-graphs/squeeze_net_tosa.dot,/qfs/people/dass304/dass304/HWSWpartition/hw-sw-partition-metaheur/BatchExperiments/Ablation/diff_gnn_order_lssp_trace/squeeze_net_tosa/seed-42/run-20260412-143138/config/squeeze_net_tosa_seed-42_ablation.yaml,train,epoch,train,thresholded_partition,threshold,154,154.0,0,154,False,False,4994.26513671875,3609.4982053245776,3429.489328808462,nan,nan,False,156,8430.755673341573,4831.909135635894,0.9307,0.9384,4994671.0,0.49995219707489014,nan,queue,queue,per_epoch_trace
squeeze_net_tosa,inputs/task_graph_topology/soda-benchmark-graphs/pytorch-graphs/squeeze_net_tosa.dot,/qfs/people/dass304/dass304/HWSWpartition/hw-sw-partition-metaheur/BatchExperiments/Ablation/diff_gnn_order_lssp_trace/squeeze_net_tosa/seed-42/run-20260412-143138/config/squeeze_net_tosa_seed-42_ablation.yaml,train,epoch,train,thresholded_partition,threshold,155,155.0,0,155,False,False,4999.33154296875,2861.9058205381166,2861.9058205381166,nan,nan,False,160,8618.188145128499,4831.909135635894,0.93025,0.938,4999733.5,0.5000132322311401,nan,queue,queue,per_epoch_trace
squeeze_net_tosa,inputs/task_graph_topology/soda-benchmark-graphs/pytorch-graphs/squeeze_net_tosa.dot,/qfs/people/dass304/dass304/HWSWpartition/hw-sw-partition-metaheur/BatchExperiments/Ablation/diff_gnn_order_lssp_trace/squeeze_net_tosa/seed-42/run-20260412-143138/config/squeeze_net_tosa_seed-42_ablation.yaml,train,epoch,train,thresholded_partition,threshold,156,156.0,0,156,False,False,4997.0625,3030.0973305861544,3142.2626107185606,nan,nan,False,154,8431.759571871475,4831.909135635894,0.9298,0.9376,4997489.0,0.5001637935638428,nan,queue,queue,per_epoch_trace
squeeze_net_tosa,inputs/task_graph_topology/soda-benchmark-graphs/pytorch-graphs/squeeze_net_tosa.dot,/qfs/people/dass304/dass304/HWSWpartition/hw-sw-partition-metaheur/BatchExperiments/Ablation/diff_gnn_order_lssp_trace/squeeze_net_tosa/seed-42/run-20260412-143138/config/squeeze_net_tosa_seed-42_ablation.yaml,train,epoch,train,thresholded_partition,threshold,157,157.0,0,157,False,False,4977.93798828125,2817.322073611735,2914.195819528699,nan,nan,False,156,8298.539264236962,4831.909135635894,0.92935,0.9372,4978485.0,0.4996245205402374,nan,queue,queue,per_epoch_trace
squeeze_net_tosa,inputs/task_graph_topology/soda-benchmark-graphs/pytorch-graphs/squeeze_net_tosa.dot,/qfs/people/dass304/dass304/HWSWpartition/hw-sw-partition-metaheur/BatchExperiments/Ablation/diff_gnn_order_lssp_trace/squeeze_net_tosa/seed-42/run-20260412-143138/config/squeeze_net_tosa_seed-42_ablation.yaml,train,epoch,train,thresholded_partition,threshold,158,158.0,0,158,False,False,4989.78515625,3319.0270441392995,3327.7079697561835,nan,nan,False,157,8549.411449078403,4831.909135635894,0.9289000000000001,0.9368,4990189.0,0.5000325441360474,nan,queue,queue,per_epoch_trace
squeeze_net_tosa,inputs/task_graph_topology/soda-benchmark-graphs/pytorch-graphs/squeeze_net_tosa.dot,/qfs/people/dass304/dass304/HWSWpartition/hw-sw-partition-metaheur/BatchExperiments/Ablation/diff_gnn_order_lssp_trace/squeeze_net_tosa/seed-42/run-20260412-143138/config/squeeze_net_tosa_seed-42_ablation.yaml,train,epoch,train,thresholded_partition,threshold,159,159.0,0,159,False,False,4985.26513671875,3554.3069849803314,3599.5512837794663,nan,nan,False,153,8401.95341381138,4831.909135635894,0.92845,0.9364,4985681.5,0.499906063079834,nan,queue,queue,per_epoch_trace
squeeze_net_tosa,inputs/task_graph_topology/soda-benchmark-graphs/pytorch-graphs/squeeze_net_tosa.dot,/qfs/people/dass304/dass304/HWSWpartition/hw-sw-partition-metaheur/BatchExperiments/Ablation/diff_gnn_order_lssp_trace/squeeze_net_tosa/seed-42/run-20260412-143138/config/squeeze_net_tosa_seed-42_ablation.yaml,train,epoch,train,thresholded_partition,threshold,160,160.0,0,160,False,False,5000.34326171875,2600.0689938784553,2711.1545348408927,nan,nan,False,161,8427.766845469581,4831.909135635894,0.9279999999999999,0.9359999999999999,5000755.0,0.500109851360321,nan,queue,queue,per_epoch_trace
squeeze_net_tosa,inputs/task_graph_topology/soda-benchmark-graphs/pytorch-graphs/squeeze_net_tosa.dot,/qfs/people/dass304/dass304/HWSWpartition/hw-sw-partition-metaheur/BatchExperiments/Ablation/diff_gnn_order_lssp_trace/squeeze_net_tosa/seed-42/run-20260412-143138/config/squeeze_net_tosa_seed-42_ablation.yaml,train,epoch,train,thresholded_partition,threshold,161,161.0,0,161,False,False,4973.86474609375,1745.949301366128,1931.8896121458697,nan,nan,False,164,8768.230727548844,4831.909135635894,0.92755,0.9356,4974312.0,0.4998004138469696,nan,queue,queue,per_epoch_trace
squeeze_net_tosa,inputs/task_graph_topology/soda-benchmark-graphs/pytorch-graphs/squeeze_net_tosa.dot,/qfs/people/dass304/dass304/HWSWpartition/hw-sw-partition-metaheur/BatchExperiments/Ablation/diff_gnn_order_lssp_trace/squeeze_net_tosa/seed-42/run-20260412-143138/config/squeeze_net_tosa_seed-42_ablation.yaml,train,epoch,train,thresholded_partition,threshold,162,162.0,0,162,False,False,4993.82080078125,3188.7424269911835,3182.050800121364,nan,nan,False,156,8444.375788150513,4831.909135635894,0.9271,0.9352,4994244.0,0.49984654784202576,nan,queue,queue,per_epoch_trace
squeeze_net_tosa,inputs/task_graph_topology/soda-benchmark-graphs/pytorch-graphs/squeeze_net_tosa.dot,/qfs/people/dass304/dass304/HWSWpartition/hw-sw-partition-metaheur/BatchExperiments/Ablation/diff_gnn_order_lssp_trace/squeeze_net_tosa/seed-42/run-20260412-143138/config/squeeze_net_tosa_seed-42_ablation.yaml,train,epoch,train,thresholded_partition,threshold,163,163.0,0,163,False,False,5003.18017578125,3561.1335258597937,3651.0111185255446,nan,nan,False,158,8429.154142257688,4831.909135635894,0.92665,0.9348,5003583.0,0.5000637769699097,nan,queue,queue,per_epoch_trace
squeeze_net_tosa,inputs/task_graph_topology/soda-benchmark-graphs/pytorch-graphs/squeeze_net_tosa.dot,/qfs/people/dass304/dass304/HWSWpartition/hw-sw-partition-metaheur/BatchExperiments/Ablation/diff_gnn_order_lssp_trace/squeeze_net_tosa/seed-42/run-20260412-143138/config/squeeze_net_tosa_seed-42_ablation.yaml,train,epoch,train,thresholded_partition,threshold,164,164.0,0,164,False,False,5005.52490234375,2718.597308574581,2822.056881520991,nan,nan,False,162,8832.219645963101,4831.909135635894,0.9262,0.9344,5005929.0,0.5000637769699097,nan,queue,queue,per_epoch_trace
squeeze_net_tosa,inputs/task_graph_topology/soda-benchmark-graphs/pytorch-graphs/squeeze_net_tosa.dot,/qfs/people/dass304/dass304/HWSWpartition/hw-sw-partition-metaheur/BatchExperiments/Ablation/diff_gnn_order_lssp_trace/squeeze_net_tosa/seed-42/run-20260412-143138/config/squeeze_net_tosa_seed-42_ablation.yaml,train,epoch,train,thresholded_partition,threshold,165,165.0,0,165,False,False,4961.84912109375,1661.3202217768196,1682.2341770523997,nan,nan,False,167,8931.533247478716,4831.909135635894,0.92575,0.9339999999999999,4962282.0,0.5001569390296936,nan,queue,queue,per_epoch_trace
squeeze_net_tosa,inputs/task_graph_topology/soda-benchmark-graphs/pytorch-graphs/squeeze_net_tosa.dot,/qfs/people/dass304/dass304/HWSWpartition/hw-sw-partition-metaheur/BatchExperiments/Ablation/diff_gnn_order_lssp_trace/squeeze_net_tosa/seed-42/run-20260412-143138/config/squeeze_net_tosa_seed-42_ablation.yaml,train,epoch,train,thresholded_partition,threshold,166,166.0,0,166,False,False,4997.63818359375,2383.0683831883143,2321.284184865175,nan,nan,False,161,8771.78188335954,4831.909135635894,0.9253,0.9336,4998511.0,0.5006877779960632,nan,queue,queue,per_epoch_trace
squeeze_net_tosa,inputs/task_graph_topology/soda-benchmark-graphs/pytorch-graphs/squeeze_net_tosa.dot,/qfs/people/dass304/dass304/HWSWpartition/hw-sw-partition-metaheur/BatchExperiments/Ablation/diff_gnn_order_lssp_trace/squeeze_net_tosa/seed-42/run-20260412-143138/config/squeeze_net_tosa_seed-42_ablation.yaml,train,epoch,train,thresholded_partition,threshold,167,167.0,0,167,False,False,5004.91455078125,1762.5318859095025,1965.329262694089,nan,nan,False,164,8724.733685630701,4831.909135635894,0.92485,0.9332,5005313.5,0.4999765455722809,nan,queue,queue,per_epoch_trace
squeeze_net_tosa,inputs/task_graph_topology/soda-benchmark-graphs/pytorch-graphs/squeeze_net_tosa.dot,/qfs/people/dass304/dass304/HWSWpartition/hw-sw-partition-metaheur/BatchExperiments/Ablation/diff_gnn_order_lssp_trace/squeeze_net_tosa/seed-42/run-20260412-143138/config/squeeze_net_tosa_seed-42_ablation.yaml,train,epoch,train,thresholded_partition,threshold,168,168.0,0,168,False,False,5000.65185546875,3186.565363584403,3448.2607350750222,nan,nan,False,158,8372.751135869492,4831.909135635894,0.9244,0.9328,5001102.0,0.49977442622184753,nan,queue,queue,per_epoch_trace
squeeze_net_tosa,inputs/task_graph_topology/soda-benchmark-graphs/pytorch-graphs/squeeze_net_tosa.dot,/qfs/people/dass304/dass304/HWSWpartition/hw-sw-partition-metaheur/BatchExperiments/Ablation/diff_gnn_order_lssp_trace/squeeze_net_tosa/seed-42/run-20260412-143138/config/squeeze_net_tosa_seed-42_ablation.yaml,train,epoch,train,thresholded_partition,threshold,169,169.0,0,169,False,False,4993.498046875,2454.79907248129,2454.79907248129,nan,nan,False,162,8730.773566424492,4831.909135635894,0.92395,0.9324,4994008.0,0.500333309173584,nan,queue,queue,per_epoch_trace
squeeze_net_tosa,inputs/task_graph_topology/soda-benchmark-graphs/pytorch-graphs/squeeze_net_tosa.dot,/qfs/people/dass304/dass304/HWSWpartition/hw-sw-partition-metaheur/BatchExperiments/Ablation/diff_gnn_order_lssp_trace/squeeze_net_tosa/seed-42/run-20260412-143138/config/squeeze_net_tosa_seed-42_ablation.yaml,train,epoch,train,thresholded_partition,threshold,170,170.0,0,170,False,False,5007.66552734375,2757.9666565027946,2807.2798138613234,nan,nan,False,160,8424.536602584572,4831.909135635894,0.9235,0.9319999999999999,5008196.5,0.49964019656181335,nan,queue,queue,per_epoch_trace
squeeze_net_tosa,inputs/task_graph_topology/soda-benchmark-graphs/pytorch-graphs/squeeze_net_tosa.dot,/qfs/people/dass304/dass304/HWSWpartition/hw-sw-partition-metaheur/BatchExperiments/Ablation/diff_gnn_order_lssp_trace/squeeze_net_tosa/seed-42/run-20260412-143138/config/squeeze_net_tosa_seed-42_ablation.yaml,train,epoch,train,thresholded_partition,threshold,171,171.0,0,171,False,False,5000.58447265625,2761.132312304575,2836.991455547867,nan,nan,False,159,8633.581469308789,4831.909135635894,0.92305,0.9316,5000985.0,0.4999591112136841,nan,queue,queue,per_epoch_trace
squeeze_net_tosa,inputs/task_graph_topology/soda-benchmark-graphs/pytorch-graphs/squeeze_net_tosa.dot,/qfs/people/dass304/dass304/HWSWpartition/hw-sw-partition-metaheur/BatchExperiments/Ablation/diff_gnn_order_lssp_trace/squeeze_net_tosa/seed-42/run-20260412-143138/config/squeeze_net_tosa_seed-42_ablation.yaml,train,epoch,train,thresholded_partition,threshold,172,172.0,0,172,False,False,4991.36865234375,3731.7277467253116,3746.8239260869063,nan,nan,False,153,8289.3288176602,4831.909135635894,0.9226,0.9312,4991830.5,0.5002339482307434,nan,queue,queue,per_epoch_trace
squeeze_net_tosa,inputs/task_graph_topology/soda-benchmark-graphs/pytorch-graphs/squeeze_net_tosa.dot,/qfs/people/dass304/dass304/HWSWpartition/hw-sw-partition-metaheur/BatchExperiments/Ablation/diff_gnn_order_lssp_trace/squeeze_net_tosa/seed-42/run-20260412-143138/config/squeeze_net_tosa_seed-42_ablation.yaml,train,epoch,train,thresholded_partition,threshold,173,173.0,0,173,False,False,4967.85546875,2985.800938271314,2985.800938271314,nan,nan,False,156,8218.67691078251,4831.909135635894,0.92215,0.9308,4968276.5,0.4998854994773865,nan,queue,queue,per_epoch_trace
squeeze_net_tosa,inputs/task_graph_topology/soda-benchmark-graphs/pytorch-graphs/squeeze_net_tosa.dot,/qfs/people/dass304/dass304/HWSWpartition/hw-sw-partition-metaheur/BatchExperiments/Ablation/diff_gnn_order_lssp_trace/squeeze_net_tosa/seed-42/run-20260412-143138/config/squeeze_net_tosa_seed-42_ablation.yaml,train,epoch,train,thresholded_partition,threshold,174,174.0,0,174,False,False,4993.1650390625,2376.1577249031407,2498.317241201949,nan,nan,False,160,8640.250051250536,4831.909135635894,0.9217,0.9304,4993628.5,0.49975043535232544,nan,queue,queue,per_epoch_trace
squeeze_net_tosa,inputs/task_graph_topology/soda-benchmark-graphs/pytorch-graphs/squeeze_net_tosa.dot,/qfs/people/dass304/dass304/HWSWpartition/hw-sw-partition-metaheur/BatchExperiments/Ablation/diff_gnn_order_lssp_trace/squeeze_net_tosa/seed-42/run-20260412-143138/config/squeeze_net_tosa_seed-42_ablation.yaml,train,epoch,train,thresholded_partition,threshold,175,175.0,0,175,False,False,4996.3515625,3667.746740178919,3749.4391173627455,nan,nan,False,155,8367.199933300015,4831.909135635894,0.92125,0.93,4996753.5,0.5000425577163696,nan,queue,queue,per_epoch_trace
squeeze_net_tosa,inputs/task_graph_topology/soda-benchmark-graphs/pytorch-graphs/squeeze_net_tosa.dot,/qfs/people/dass304/dass304/HWSWpartition/hw-sw-partition-metaheur/BatchExperiments/Ablation/diff_gnn_order_lssp_trace/squeeze_net_tosa/seed-42/run-20260412-143138/config/squeeze_net_tosa_seed-42_ablation.yaml,train,epoch,train,thresholded_partition,threshold,176,176.0,0,176,False,False,4999.94921875,2914.6552568697653,3065.21836062442,nan,nan,False,156,8363.446495562079,4831.909135635894,0.9208000000000001,0.9296,5000709.0,0.49939972162246704,nan,queue,queue,per_epoch_trace
squeeze_net_tosa,inputs/task_graph_topology/soda-benchmark-graphs/pytorch-graphs/squeeze_net_tosa.dot,/qfs/people/dass304/dass304/HWSWpartition/hw-sw-partition-metaheur/BatchExperiments/Ablation/diff_gnn_order_lssp_trace/squeeze_net_tosa/seed-42/run-20260412-143138/config/squeeze_net_tosa_seed-42_ablation.yaml,train,epoch,train,thresholded_partition,threshold,177,177.0,0,177,False,False,4976.3515625,1760.147258225375,1995.3515847628582,nan,nan,False,160,8373.574996527503,4831.909135635894,0.92035,0.9292,4976780.0,0.4998367428779602,nan,queue,queue,per_epoch_trace
squeeze_net_tosa,inputs/task_graph_topology/soda-benchmark-graphs/pytorch-graphs/squeeze_net_tosa.dot,/qfs/people/dass304/dass304/HWSWpartition/hw-sw-partition-metaheur/BatchExperiments/Ablation/diff_gnn_order_lssp_trace/squeeze_net_tosa/seed-42/run-20260412-143138/config/squeeze_net_tosa_seed-42_ablation.yaml,train,epoch,train,thresholded_partition,threshold,178,178.0,0,178,False,False,4953.50146484375,2142.3779007338867,2235.265463466998,nan,nan,False,161,8667.735123960869,4831.909135635894,0.9198999999999999,0.9288,4953903.5,0.5000580549240112,nan,queue,queue,per_epoch_trace
squeeze_net_tosa,inputs/task_graph_topology/soda-benchmark-graphs/pytorch-graphs/squeeze_net_tosa.dot,/qfs/people/dass304/dass304/HWSWpartition/hw-sw-partition-metaheur/BatchExperiments/Ablation/diff_gnn_order_lssp_trace/squeeze_net_tosa/seed-42/run-20260412-143138/config/squeeze_net_tosa_seed-42_ablation.yaml,train,epoch,train,thresholded_partition,threshold,179,179.0,0,179,False,False,4900.8486328125,5056.4140931406,5056.4140931406,nan,nan,False,151,8190.443003042132,4831.909135635894,0.91945,0.9284,4901254.5,0.5000277757644653,nan,queue,queue,per_epoch_trace
squeeze_net_tosa,inputs/task_graph_topology/soda-benchmark-graphs/pytorch-graphs/squeeze_net_tosa.dot,/qfs/people/dass304/dass304/HWSWpartition/hw-sw-partition-metaheur/BatchExperiments/Ablation/diff_gnn_order_lssp_trace/squeeze_net_tosa/seed-42/run-20260412-143138/config/squeeze_net_tosa_seed-42_ablation.yaml,train,epoch,train,thresholded_partition,threshold,180,180.0,0,180,False,False,4990.78173828125,3568.071616391704,3737.063507285565,nan,nan,False,157,8585.406865438368,4831.909135635894,0.919,0.928,4991191.0,0.5000534057617188,nan,queue,queue,per_epoch_trace
squeeze_net_tosa,inputs/task_graph_topology/soda-benchmark-graphs/pytorch-graphs/squeeze_net_tosa.dot,/qfs/people/dass304/dass304/HWSWpartition/hw-sw-partition-metaheur/BatchExperiments/Ablation/diff_gnn_order_lssp_trace/squeeze_net_tosa/seed-42/run-20260412-143138/config/squeeze_net_tosa_seed-42_ablation.yaml,train,epoch,train,thresholded_partition,threshold,181,181.0,0,181,False,False,5008.3876953125,3910.468734368054,3901.0214067730344,nan,nan,False,152,8189.06286386457,4831.909135635894,0.91855,0.9276,5008837.0,0.500222384929657,nan,queue,queue,per_epoch_trace
squeeze_net_tosa,inputs/task_graph_topology/soda-benchmark-graphs/pytorch-graphs/squeeze_net_tosa.dot,/qfs/people/dass304/dass304/HWSWpartition/hw-sw-partition-metaheur/BatchExperiments/Ablation/diff_gnn_order_lssp_trace/squeeze_net_tosa/seed-42/run-20260412-143138/config/squeeze_net_tosa_seed-42_ablation.yaml,train,epoch,train,thresholded_partition,threshold,182,182.0,0,182,False,False,5004.27685546875,4013.985265032633,4013.9852650326325,nan,nan,False,155,8363.154106088623,4831.909135635894,0.9181,0.9272,5004682.0,0.5000265836715698,nan,queue,queue,per_epoch_trace
squeeze_net_tosa,inputs/task_graph_topology/soda-benchmark-graphs/pytorch-graphs/squeeze_net_tosa.dot,/qfs/people/dass304/dass304/HWSWpartition/hw-sw-partition-metaheur/BatchExperiments/Ablation/diff_gnn_order_lssp_trace/squeeze_net_tosa/seed-42/run-20260412-143138/config/squeeze_net_tosa_seed-42_ablation.yaml,train,epoch,train,thresholded_partition,threshold,183,183.0,0,183,False,False,4979.23779296875,2975.030825245696,2975.0308252456966,nan,nan,False,156,8230.362113882096,4831.909135635894,0.91765,0.9268,4979676.0,0.4998071789741516,nan,queue,queue,per_epoch_trace
squeeze_net_tosa,inputs/task_graph_topology/soda-benchmark-graphs/pytorch-graphs/squeeze_net_tosa.dot,/qfs/people/dass304/dass304/HWSWpartition/hw-sw-partition-metaheur/BatchExperiments/Ablation/diff_gnn_order_lssp_trace/squeeze_net_tosa/seed-42/run-20260412-143138/config/squeeze_net_tosa_seed-42_ablation.yaml,train,epoch,train,thresholded_partition,threshold,184,184.0,0,184,False,False,4994.99609375,3812.2081130535025,4190.92842611619,nan,nan,False,153,7977.386914137645,4831.909135635894,0.9172,0.9264,4995606.0,0.49954167008399963,nan,queue,queue,per_epoch_trace
squeeze_net_tosa,inputs/task_graph_topology/soda-benchmark-graphs/pytorch-graphs/squeeze_net_tosa.dot,/qfs/people/dass304/dass304/HWSWpartition/hw-sw-partition-metaheur/BatchExperiments/Ablation/diff_gnn_order_lssp_trace/squeeze_net_tosa/seed-42/run-20260412-143138/config/squeeze_net_tosa_seed-42_ablation.yaml,train,epoch,train,thresholded_partition,threshold,185,185.0,0,185,False,False,4985.140625,2385.72382147731,2385.72382147731,nan,nan,False,161,8668.846134825235,4831.909135635894,0.91675,0.926,4985688.0,0.5003767013549805,nan,queue,queue,per_epoch_trace
squeeze_net_tosa,inputs/task_graph_topology/soda-benchmark-graphs/pytorch-graphs/squeeze_net_tosa.dot,/qfs/people/dass304/dass304/HWSWpartition/hw-sw-partition-metaheur/BatchExperiments/Ablation/diff_gnn_order_lssp_trace/squeeze_net_tosa/seed-42/run-20260412-143138/config/squeeze_net_tosa_seed-42_ablation.yaml,train,epoch,train,thresholded_partition,threshold,186,186.0,0,186,False,False,4988.73291015625,2773.7825956802158,2773.7825956802158,nan,nan,False,157,8430.913762293087,4831.909135635894,0.9163,0.9256,4989136.0,0.50003981590271,nan,queue,queue,per_epoch_trace
squeeze_net_tosa,inputs/task_graph_topology/soda-benchmark-graphs/pytorch-graphs/squeeze_net_tosa.dot,/qfs/people/dass304/dass304/HWSWpartition/hw-sw-partition-metaheur/BatchExperiments/Ablation/diff_gnn_order_lssp_trace/squeeze_net_tosa/seed-42/run-20260412-143138/config/squeeze_net_tosa_seed-42_ablation.yaml,train,epoch,train,thresholded_partition,threshold,187,187.0,0,187,False,False,4955.20654296875,3704.7525218511996,3845.316323335083,nan,nan,False,156,8398.710772148392,4831.909135635894,0.91585,0.9252,4955630.0,0.4998447299003601,nan,queue,queue,per_epoch_trace
squeeze_net_tosa,inputs/task_graph_topology/soda-benchmark-graphs/pytorch-graphs/squeeze_net_tosa.dot,/qfs/people/dass304/dass304/HWSWpartition/hw-sw-partition-metaheur/BatchExperiments/Ablation/diff_gnn_order_lssp_trace/squeeze_net_tosa/seed-42/run-20260412-143138/config/squeeze_net_tosa_seed-42_ablation.yaml,train,epoch,train,thresholded_partition,threshold,188,188.0,0,188,False,False,4998.80810546875,2158.956160219646,2228.5366304347826,nan,nan,False,162,8687.436091473868,4831.909135635894,0.9154,0.9248,4999209.5,0.5000407099723816,nan,queue,queue,per_epoch_trace
squeeze_net_tosa,inputs/task_graph_topology/soda-benchmark-graphs/pytorch-graphs/squeeze_net_tosa.dot,/qfs/people/dass304/dass304/HWSWpartition/hw-sw-partition-metaheur/BatchExperiments/Ablation/diff_gnn_order_lssp_trace/squeeze_net_tosa/seed-42/run-20260412-143138/config/squeeze_net_tosa_seed-42_ablation.yaml,train,epoch,train,thresholded_partition,threshold,189,189.0,0,189,False,False,5013.99169921875,4714.750837160721,4714.750837160721,nan,nan,False,152,7866.3737483313425,4831.909135635894,0.91495,0.9244,5014420.0,0.49983182549476624,nan,queue,queue,per_epoch_trace
squeeze_net_tosa,inputs/task_graph_topology/soda-benchmark-graphs/pytorch-graphs/squeeze_net_tosa.dot,/qfs/people/dass304/dass304/HWSWpartition/hw-sw-partition-metaheur/BatchExperiments/Ablation/diff_gnn_order_lssp_trace/squeeze_net_tosa/seed-42/run-20260412-143138/config/squeeze_net_tosa_seed-42_ablation.yaml,train,epoch,train,thresholded_partition,threshold,190,190.0,0,190,False,False,5000.46826171875,2161.070432514403,2221.353573126228,nan,nan,False,165,9026.555062282274,4831.909135635894,0.9145,0.9239999999999999,5000874.5,0.5000825524330139,nan,queue,queue,per_epoch_trace
squeeze_net_tosa,inputs/task_graph_topology/soda-benchmark-graphs/pytorch-graphs/squeeze_net_tosa.dot,/qfs/people/dass304/dass304/HWSWpartition/hw-sw-partition-metaheur/BatchExperiments/Ablation/diff_gnn_order_lssp_trace/squeeze_net_tosa/seed-42/run-20260412-143138/config/squeeze_net_tosa_seed-42_ablation.yaml,train,epoch,train,thresholded_partition,threshold,191,191.0,0,191,False,False,4998.123046875,3164.4276416872594,3311.916996386163,nan,nan,False,158,8522.244297154326,4831.909135635894,0.91405,0.9236,4998529.0,0.5000758767127991,nan,queue,queue,per_epoch_trace
squeeze_net_tosa,inputs/task_graph_topology/soda-benchmark-graphs/pytorch-graphs/squeeze_net_tosa.dot,/qfs/people/dass304/dass304/HWSWpartition/hw-sw-partition-metaheur/BatchExperiments/Ablation/diff_gnn_order_lssp_trace/squeeze_net_tosa/seed-42/run-20260412-143138/config/squeeze_net_tosa_seed-42_ablation.yaml,train,epoch,train,thresholded_partition,threshold,192,192.0,0,192,False,False,4953.25732421875,3527.7360253748775,3658.258676075384,nan,nan,False,157,8513.412996615343,4831.909135635894,0.9136,0.9232,4953736.5,0.5002767443656921,nan,queue,queue,per_epoch_trace
squeeze_net_tosa,inputs/task_graph_topology/soda-benchmark-graphs/pytorch-graphs/squeeze_net_tosa.dot,/qfs/people/dass304/dass304/HWSWpartition/hw-sw-partition-metaheur/BatchExperiments/Ablation/diff_gnn_order_lssp_trace/squeeze_net_tosa/seed-42/run-20260412-143138/config/squeeze_net_tosa_seed-42_ablation.yaml,train,epoch,train,thresholded_partition,threshold,193,193.0,0,193,False,False,4979.91357421875,3404.574073480055,3571.6201478929124,nan,nan,False,157,8471.88384699219,4831.909135635894,0.91315,0.9228,4980392.5,0.5002678632736206,nan,queue,queue,per_epoch_trace
squeeze_net_tosa,inputs/task_graph_topology/soda-benchmark-graphs/pytorch-graphs/squeeze_net_tosa.dot,/qfs/people/dass304/dass304/HWSWpartition/hw-sw-partition-metaheur/BatchExperiments/Ablation/diff_gnn_order_lssp_trace/squeeze_net_tosa/seed-42/run-20260412-143138/config/squeeze_net_tosa_seed-42_ablation.yaml,train,epoch,train,thresholded_partition,threshold,194,194.0,0,194,False,False,4990.74560546875,2389.465744013704,2389.465744013704,nan,nan,False,161,8763.566666882716,4831.909135635894,0.9127,0.9224,4991167.5,0.4998396039009094,nan,queue,queue,per_epoch_trace
squeeze_net_tosa,inputs/task_graph_topology/soda-benchmark-graphs/pytorch-graphs/squeeze_net_tosa.dot,/qfs/people/dass304/dass304/HWSWpartition/hw-sw-partition-metaheur/BatchExperiments/Ablation/diff_gnn_order_lssp_trace/squeeze_net_tosa/seed-42/run-20260412-143138/config/squeeze_net_tosa_seed-42_ablation.yaml,train,epoch,train,thresholded_partition,threshold,195,195.0,0,195,False,False,4983.1689453125,2396.379615705881,2396.379615705881,nan,nan,False,162,8662.618094717716,4831.909135635894,0.91225,0.9219999999999999,4983752.0,0.49957525730133057,nan,queue,queue,per_epoch_trace
squeeze_net_tosa,inputs/task_graph_topology/soda-benchmark-graphs/pytorch-graphs/squeeze_net_tosa.dot,/qfs/people/dass304/dass304/HWSWpartition/hw-sw-partition-metaheur/BatchExperiments/Ablation/diff_gnn_order_lssp_trace/squeeze_net_tosa/seed-42/run-20260412-143138/config/squeeze_net_tosa_seed-42_ablation.yaml,train,epoch,train,thresholded_partition,threshold,196,196.0,0,196,False,False,5006.58203125,3103.4333937566844,3181.59454473288,nan,nan,False,160,8685.06726217271,4831.909135635894,0.9117999999999999,0.9216,5006984.0,0.4999777674674988,nan,queue,queue,per_epoch_trace
squeeze_net_tosa,inputs/task_graph_topology/soda-benchmark-graphs/pytorch-graphs/squeeze_net_tosa.dot,/qfs/people/dass304/dass304/HWSWpartition/hw-sw-partition-metaheur/BatchExperiments/Ablation/diff_gnn_order_lssp_trace/squeeze_net_tosa/seed-42/run-20260412-143138/config/squeeze_net_tosa_seed-42_ablation.yaml,train,epoch,train,thresholded_partition,threshold,197,197.0,0,197,False,False,5001.05712890625,3002.987003185195,3030.7600006762796,nan,nan,False,160,8443.395420826148,4831.909135635894,0.91135,0.9212,5001486.5,0.4998251795768738,nan,queue,queue,per_epoch_trace
squeeze_net_tosa,inputs/task_graph_topology/soda-benchmark-graphs/pytorch-graphs/squeeze_net_tosa.dot,/qfs/people/dass304/dass304/HWSWpartition/hw-sw-partition-metaheur/BatchExperiments/Ablation/diff_gnn_order_lssp_trace/squeeze_net_tosa/seed-42/run-20260412-143138/config/squeeze_net_tosa_seed-42_ablation.yaml,train,epoch,train,thresholded_partition,threshold,198,198.0,0,198,False,False,5016.10986328125,3023.638253833814,3151.9187024296175,nan,nan,False,156,8569.328862074146,4831.909135635894,0.9109,0.9208,5016511.5,0.49996593594551086,nan,queue,queue,per_epoch_trace
squeeze_net_tosa,inputs/task_graph_topology/soda-benchmark-graphs/pytorch-graphs/squeeze_net_tosa.dot,/qfs/people/dass304/dass304/HWSWpartition/hw-sw-partition-metaheur/BatchExperiments/Ablation/diff_gnn_order_lssp_trace/squeeze_net_tosa/seed-42/run-20260412-143138/config/squeeze_net_tosa_seed-42_ablation.yaml,train,epoch,train,thresholded_partition,threshold,199,199.0,0,199,False,False,4976.14501953125,3163.082626829565,3163.082626829565,nan,nan,False,160,8570.221778698366,4831.909135635894,0.91045,0.9204,4976554.5,0.49994349479675293,nan,queue,queue,per_epoch_trace
squeeze_net_tosa,inputs/task_graph_topology/soda-benchmark-graphs/pytorch-graphs/squeeze_net_tosa.dot,/qfs/people/dass304/dass304/HWSWpartition/hw-sw-partition-metaheur/BatchExperiments/Ablation/diff_gnn_order_lssp_trace/squeeze_net_tosa/seed-42/run-20260412-143138/config/squeeze_net_tosa_seed-42_ablation.yaml,train,epoch,train,thresholded_partition,threshold,200,200.0,0,200,False,False,4941.76953125,1485.8380656890415,1445.237789934769,nan,nan,False,166,8829.837810681534,4831.909135635894,0.91,0.9199999999999999,4942445.5,0.49947434663772583,nan,queue,queue,per_epoch_trace
squeeze_net_tosa,inputs/task_graph_topology/soda-benchmark-graphs/pytorch-graphs/squeeze_net_tosa.dot,/qfs/people/dass304/dass304/HWSWpartition/hw-sw-partition-metaheur/BatchExperiments/Ablation/diff_gnn_order_lssp_trace/squeeze_net_tosa/seed-42/run-20260412-143138/config/squeeze_net_tosa_seed-42_ablation.yaml,train,epoch,train,thresholded_partition,threshold,201,201.0,0,201,False,False,4994.75341796875,1570.925363440799,1785.8749225663405,nan,nan,False,164,8693.966889488736,4831.909135635894,0.90955,0.9196,4995540.0,0.5006218552589417,nan,queue,queue,per_epoch_trace
squeeze_net_tosa,inputs/task_graph_topology/soda-benchmark-graphs/pytorch-graphs/squeeze_net_tosa.dot,/qfs/people/dass304/dass304/HWSWpartition/hw-sw-partition-metaheur/BatchExperiments/Ablation/diff_gnn_order_lssp_trace/squeeze_net_tosa/seed-42/run-20260412-143138/config/squeeze_net_tosa_seed-42_ablation.yaml,train,epoch,train,thresholded_partition,threshold,202,202.0,0,202,False,False,4985.3876953125,2428.923977196103,2364.737879181288,nan,nan,False,161,8654.152706797502,4831.909135635894,0.9091,0.9192,4986153.0,0.5005989670753479,nan,queue,queue,per_epoch_trace
squeeze_net_tosa,inputs/task_graph_topology/soda-benchmark-graphs/pytorch-graphs/squeeze_net_tosa.dot,/qfs/people/dass304/dass304/HWSWpartition/hw-sw-partition-metaheur/BatchExperiments/Ablation/diff_gnn_order_lssp_trace/squeeze_net_tosa/seed-42/run-20260412-143138/config/squeeze_net_tosa_seed-42_ablation.yaml,train,epoch,train,thresholded_partition,threshold,203,203.0,0,203,False,False,4898.88623046875,3056.9031907296417,3196.0344529338836,nan,nan,False,158,8371.42231957914,4831.909135635894,0.90865,0.9188,4899302.0,0.4998973309993744,nan,queue,queue,per_epoch_trace
squeeze_net_tosa,inputs/task_graph_topology/soda-benchmark-graphs/pytorch-graphs/squeeze_net_tosa.dot,/qfs/people/dass304/dass304/HWSWpartition/hw-sw-partition-metaheur/BatchExperiments/Ablation/diff_gnn_order_lssp_trace/squeeze_net_tosa/seed-42/run-20260412-143138/config/squeeze_net_tosa_seed-42_ablation.yaml,train,epoch,train,thresholded_partition,threshold,204,204.0,0,204,False,False,4994.83740234375,2698.522286509397,2698.522286509397,nan,nan,False,161,8647.733401352047,4831.909135635894,0.9082,0.9184,4995236.0,0.4999949336051941,nan,queue,queue,per_epoch_trace
squeeze_net_tosa,inputs/task_graph_topology/soda-benchmark-graphs/pytorch-graphs/squeeze_net_tosa.dot,/qfs/people/dass304/dass304/HWSWpartition/hw-sw-partition-metaheur/BatchExperiments/Ablation/diff_gnn_order_lssp_trace/squeeze_net_tosa/seed-42/run-20260412-143138/config/squeeze_net_tosa_seed-42_ablation.yaml,train,epoch,train,thresholded_partition,threshold,205,205.0,0,205,False,False,4988.98779296875,1546.64209210038,1617.193219792615,nan,nan,False,165,8830.267546651918,4831.909135635894,0.9077500000000001,0.918,4989399.0,0.500091016292572,nan,queue,queue,per_epoch_trace
squeeze_net_tosa,inputs/task_graph_topology/soda-benchmark-graphs/pytorch-graphs/squeeze_net_tosa.dot,/qfs/people/dass304/dass304/HWSWpartition/hw-sw-partition-metaheur/BatchExperiments/Ablation/diff_gnn_order_lssp_trace/squeeze_net_tosa/seed-42/run-20260412-143138/config/squeeze_net_tosa_seed-42_ablation.yaml,train,epoch,train,thresholded_partition,threshold,206,206.0,0,206,False,False,4926.8330078125,2309.090922840464,2309.090922840464,nan,nan,False,159,8479.778772987527,4831.909135635894,0.9073,0.9176,4927258.5,0.4998643100261688,nan,queue,queue,per_epoch_trace
squeeze_net_tosa,inputs/task_graph_topology/soda-benchmark-graphs/pytorch-graphs/squeeze_net_tosa.dot,/qfs/people/dass304/dass304/HWSWpartition/hw-sw-partition-metaheur/BatchExperiments/Ablation/diff_gnn_order_lssp_trace/squeeze_net_tosa/seed-42/run-20260412-143138/config/squeeze_net_tosa_seed-42_ablation.yaml,train,epoch,train,thresholded_partition,threshold,207,207.0,0,207,False,False,4989.46826171875,2407.0471602001944,2502.8112543486654,nan,nan,False,161,8625.136678535273,4831.909135635894,0.90685,0.9172,4989879.0,0.49994006752967834,nan,queue,queue,per_epoch_trace
squeeze_net_tosa,inputs/task_graph_topology/soda-benchmark-graphs/pytorch-graphs/squeeze_net_tosa.dot,/qfs/people/dass304/dass304/HWSWpartition/hw-sw-partition-metaheur/BatchExperiments/Ablation/diff_gnn_order_lssp_trace/squeeze_net_tosa/seed-42/run-20260412-143138/config/squeeze_net_tosa_seed-42_ablation.yaml,train,epoch,train,thresholded_partition,threshold,208,208.0,0,208,False,False,4933.78369140625,3024.2268755811274,3115.9514699366973,nan,nan,False,153,8243.149856405073,4831.909135635894,0.9064,0.9168000000000001,4934193.0,0.4999268651008606,nan,queue,queue,per_epoch_trace
squeeze_net_tosa,inputs/task_graph_topology/soda-benchmark-graphs/pytorch-graphs/squeeze_net_tosa.dot,/qfs/people/dass304/dass304/HWSWpartition/hw-sw-partition-metaheur/BatchExperiments/Ablation/diff_gnn_order_lssp_trace/squeeze_net_tosa/seed-42/run-20260412-143138/config/squeeze_net_tosa_seed-42_ablation.yaml,train,epoch,train,thresholded_partition,threshold,209,209.0,0,209,False,False,5001.36669921875,3056.58190729739,3075.577696829063,nan,nan,False,155,8390.362569769248,4831.909135635894,0.90595,0.9164,5001767.5,0.5000457763671875,nan,queue,queue,per_epoch_trace
squeeze_net_tosa,inputs/task_graph_topology/soda-benchmark-graphs/pytorch-graphs/squeeze_net_tosa.dot,/qfs/people/dass304/dass304/HWSWpartition/hw-sw-partition-metaheur/BatchExperiments/Ablation/diff_gnn_order_lssp_trace/squeeze_net_tosa/seed-42/run-20260412-143138/config/squeeze_net_tosa_seed-42_ablation.yaml,train,epoch,train,thresholded_partition,threshold,210,210.0,0,210,False,False,5013.60791015625,3559.209524830491,3729.9462599325484,nan,nan,False,153,8306.273932214892,4831.909135635894,0.9055,0.916,5014028.0,0.4998593330383301,nan,queue,queue,per_epoch_trace
squeeze_net_tosa,inputs/task_graph_topology/soda-benchmark-graphs/pytorch-graphs/squeeze_net_tosa.dot,/qfs/people/dass304/dass304/HWSWpartition/hw-sw-partition-metaheur/BatchExperiments/Ablation/diff_gnn_order_lssp_trace/squeeze_net_tosa/seed-42/run-20260412-143138/config/squeeze_net_tosa_seed-42_ablation.yaml,train,epoch,train,thresholded_partition,threshold,211,211.0,0,211,False,False,5008.462890625,2714.860730350188,2714.860730350188,nan,nan,False,159,8395.226551030659,4831.909135635894,0.90505,0.9156,5008971.0,0.4996669590473175,nan,queue,queue,per_epoch_trace
squeeze_net_tosa,inputs/task_graph_topology/soda-benchmark-graphs/pytorch-graphs/squeeze_net_tosa.dot,/qfs/people/dass304/dass304/HWSWpartition/hw-sw-partition-metaheur/BatchExperiments/Ablation/diff_gnn_order_lssp_trace/squeeze_net_tosa/seed-42/run-20260412-143138/config/squeeze_net_tosa_seed-42_ablation.yaml,train,epoch,train,thresholded_partition,threshold,212,212.0,0,212,False,False,4931.2080078125,3450.231962355138,3506.970564751799,nan,nan,False,158,8604.794396551806,4831.909135635894,0.9046,0.9152,4931654.5,0.4997956454753876,nan,queue,queue,per_epoch_trace
squeeze_net_tosa,inputs/task_graph_topology/soda-benchmark-graphs/pytorch-graphs/squeeze_net_tosa.dot,/qfs/people/dass304/dass304/HWSWpartition/hw-sw-partition-metaheur/BatchExperiments/Ablation/diff_gnn_order_lssp_trace/squeeze_net_tosa/seed-42/run-20260412-143138/config/squeeze_net_tosa_seed-42_ablation.yaml,train,epoch,train,thresholded_partition,threshold,213,213.0,0,213,False,False,4997.57177734375,3060.370280867784,3162.870688095113,nan,nan,False,159,8593.424935500107,4831.909135635894,0.90415,0.9148000000000001,4997983.0,0.4999096393585205,nan,queue,queue,per_epoch_trace
squeeze_net_tosa,inputs/task_graph_topology/soda-benchmark-graphs/pytorch-graphs/squeeze_net_tosa.dot,/qfs/people/dass304/dass304/HWSWpartition/hw-sw-partition-metaheur/BatchExperiments/Ablation/diff_gnn_order_lssp_trace/squeeze_net_tosa/seed-42/run-20260412-143138/config/squeeze_net_tosa_seed-42_ablation.yaml,train,epoch,train,thresholded_partition,threshold,214,214.0,0,214,False,False,4998.0322265625,3293.796043807647,3293.796043807647,nan,nan,False,152,8062.577802236008,4831.909135635894,0.9037,0.9144,4998434.5,0.4999452233314514,nan,queue,queue,per_epoch_trace
squeeze_net_tosa,inputs/task_graph_topology/soda-benchmark-graphs/pytorch-graphs/squeeze_net_tosa.dot,/qfs/people/dass304/dass304/HWSWpartition/hw-sw-partition-metaheur/BatchExperiments/Ablation/diff_gnn_order_lssp_trace/squeeze_net_tosa/seed-42/run-20260412-143138/config/squeeze_net_tosa_seed-42_ablation.yaml,train,epoch,train,thresholded_partition,threshold,215,215.0,0,215,False,False,4992.91357421875,3052.0315262531835,3151.243848242087,nan,nan,False,158,8556.486883568381,4831.909135635894,0.90325,0.914,4993367.0,0.4997749328613281,nan,queue,queue,per_epoch_trace
squeeze_net_tosa,inputs/task_graph_topology/soda-benchmark-graphs/pytorch-graphs/squeeze_net_tosa.dot,/qfs/people/dass304/dass304/HWSWpartition/hw-sw-partition-metaheur/BatchExperiments/Ablation/diff_gnn_order_lssp_trace/squeeze_net_tosa/seed-42/run-20260412-143138/config/squeeze_net_tosa_seed-42_ablation.yaml,train,epoch,train,thresholded_partition,threshold,216,216.0,0,216,False,False,4905.86083984375,3937.8722990224146,3937.8722990224146,nan,nan,False,154,8215.270025845002,4831.909135635894,0.9028,0.9136,4906264.5,0.49999791383743286,nan,queue,queue,per_epoch_trace
squeeze_net_tosa,inputs/task_graph_topology/soda-benchmark-graphs/pytorch-graphs/squeeze_net_tosa.dot,/qfs/people/dass304/dass304/HWSWpartition/hw-sw-partition-metaheur/BatchExperiments/Ablation/diff_gnn_order_lssp_trace/squeeze_net_tosa/seed-42/run-20260412-143138/config/squeeze_net_tosa_seed-42_ablation.yaml,train,epoch,train,thresholded_partition,threshold,217,217.0,0,217,False,False,5007.38623046875,5110.602805119745,5110.602805119745,nan,nan,False,149,8094.064791879373,4831.909135635894,0.90235,0.9132,5007795.0,0.5000967979431152,nan,queue,queue,per_epoch_trace
squeeze_net_tosa,inputs/task_graph_topology/soda-benchmark-graphs/pytorch-graphs/squeeze_net_tosa.dot,/qfs/people/dass304/dass304/HWSWpartition/hw-sw-partition-metaheur/BatchExperiments/Ablation/diff_gnn_order_lssp_trace/squeeze_net_tosa/seed-42/run-20260412-143138/config/squeeze_net_tosa_seed-42_ablation.yaml,train,epoch,train,thresholded_partition,threshold,218,218.0,0,218,False,False,4934.20751953125,2471.3998597787936,2471.3998597787927,nan,nan,False,161,8725.226377181225,4831.909135635894,0.9019,0.9128000000000001,4934621.0,0.4998830556869507,nan,queue,queue,per_epoch_trace
squeeze_net_tosa,inputs/task_graph_topology/soda-benchmark-graphs/pytorch-graphs/squeeze_net_tosa.dot,/qfs/people/dass304/dass304/HWSWpartition/hw-sw-partition-metaheur/BatchExperiments/Ablation/diff_gnn_order_lssp_trace/squeeze_net_tosa/seed-42/run-20260412-143138/config/squeeze_net_tosa_seed-42_ablation.yaml,train,epoch,train,thresholded_partition,threshold,219,219.0,0,219,False,False,4998.07861328125,1998.9320052306396,2147.635609414855,nan,nan,False,162,8635.806481504762,4831.909135635894,0.90145,0.9124,4998483.0,0.5000738501548767,nan,queue,queue,per_epoch_trace
squeeze_net_tosa,inputs/task_graph_topology/soda-benchmark-graphs/pytorch-graphs/squeeze_net_tosa.dot,/qfs/people/dass304/dass304/HWSWpartition/hw-sw-partition-metaheur/BatchExperiments/Ablation/diff_gnn_order_lssp_trace/squeeze_net_tosa/seed-42/run-20260412-143138/config/squeeze_net_tosa_seed-42_ablation.yaml,train,epoch,train,thresholded_partition,threshold,220,220.0,0,220,False,False,4986.30029296875,2982.6951189761735,3265.0220130346775,nan,nan,False,156,8265.21900067204,4831.909135635894,0.901,0.912,4986713.5,0.5000837445259094,nan,queue,queue,per_epoch_trace
squeeze_net_tosa,inputs/task_graph_topology/soda-benchmark-graphs/pytorch-graphs/squeeze_net_tosa.dot,/qfs/people/dass304/dass304/HWSWpartition/hw-sw-partition-metaheur/BatchExperiments/Ablation/diff_gnn_order_lssp_trace/squeeze_net_tosa/seed-42/run-20260412-143138/config/squeeze_net_tosa_seed-42_ablation.yaml,train,epoch,train,thresholded_partition,threshold,221,221.0,0,221,False,False,4980.67236328125,2797.9246003709136,3024.919876556624,nan,nan,False,159,8566.477427514585,4831.909135635894,0.90055,0.9116,4981140.5,0.5002632141113281,nan,queue,queue,per_epoch_trace
squeeze_net_tosa,inputs/task_graph_topology/soda-benchmark-graphs/pytorch-graphs/squeeze_net_tosa.dot,/qfs/people/dass304/dass304/HWSWpartition/hw-sw-partition-metaheur/BatchExperiments/Ablation/diff_gnn_order_lssp_trace/squeeze_net_tosa/seed-42/run-20260412-143138/config/squeeze_net_tosa_seed-42_ablation.yaml,train,epoch,train,thresholded_partition,threshold,222,222.0,0,222,False,False,4999.00048828125,2440.239498097685,2469.747268745812,nan,nan,False,162,8656.957348750575,4831.909135635894,0.9001,0.9112,4999410.5,0.5001057982444763,nan,queue,queue,per_epoch_trace
squeeze_net_tosa,inputs/task_graph_topology/soda-benchmark-graphs/pytorch-graphs/squeeze_net_tosa.dot,/qfs/people/dass304/dass304/HWSWpartition/hw-sw-partition-metaheur/BatchExperiments/Ablation/diff_gnn_order_lssp_trace/squeeze_net_tosa/seed-42/run-20260412-143138/config/squeeze_net_tosa_seed-42_ablation.yaml,train,epoch,train,thresholded_partition,threshold,223,223.0,0,223,False,False,5001.18212890625,2238.1809874138585,2238.1809874138585,nan,nan,False,162,8605.20800452987,4831.909135635894,0.89965,0.9108,5001604.0,0.5001472234725952,nan,queue,queue,per_epoch_trace
squeeze_net_tosa,inputs/task_graph_topology/soda-benchmark-graphs/pytorch-graphs/squeeze_net_tosa.dot,/qfs/people/dass304/dass304/HWSWpartition/hw-sw-partition-metaheur/BatchExperiments/Ablation/diff_gnn_order_lssp_trace/squeeze_net_tosa/seed-42/run-20260412-143138/config/squeeze_net_tosa_seed-42_ablation.yaml,train,epoch,train,thresholded_partition,threshold,224,224.0,0,224,False,False,4995.27294921875,3567.0413298891594,3577.060522747059,nan,nan,False,156,8453.317212099804,4831.909135635894,0.8992,0.9104,4996213.0,0.500735342502594,nan,queue,queue,per_epoch_trace
squeeze_net_tosa,inputs/task_graph_topology/soda-benchmark-graphs/pytorch-graphs/squeeze_net_tosa.dot,/qfs/people/dass304/dass304/HWSWpartition/hw-sw-partition-metaheur/BatchExperiments/Ablation/diff_gnn_order_lssp_trace/squeeze_net_tosa/seed-42/run-20260412-143138/config/squeeze_net_tosa_seed-42_ablation.yaml,train,epoch,train,thresholded_partition,threshold,225,225.0,0,225,False,False,4997.87353515625,2500.4959739655287,2673.8659160147795,nan,nan,False,160,8400.313957771768,4831.909135635894,0.8987499999999999,0.91,4998275.0,0.5000552535057068,nan,queue,queue,per_epoch_trace
squeeze_net_tosa,inputs/task_graph_topology/soda-benchmark-graphs/pytorch-graphs/squeeze_net_tosa.dot,/qfs/people/dass304/dass304/HWSWpartition/hw-sw-partition-metaheur/BatchExperiments/Ablation/diff_gnn_order_lssp_trace/squeeze_net_tosa/seed-42/run-20260412-143138/config/squeeze_net_tosa_seed-42_ablation.yaml,train,epoch,train,thresholded_partition,threshold,226,226.0,0,226,False,False,5000.12451171875,3544.2955884617318,3753.6385376431954,nan,nan,False,153,8209.837250702964,4831.909135635894,0.8983,0.9096,5000570.5,0.5002154111862183,nan,queue,queue,per_epoch_trace
squeeze_net_tosa,inputs/task_graph_topology/soda-benchmark-graphs/pytorch-graphs/squeeze_net_tosa.dot,/qfs/people/dass304/dass304/HWSWpartition/hw-sw-partition-metaheur/BatchExperiments/Ablation/diff_gnn_order_lssp_trace/squeeze_net_tosa/seed-42/run-20260412-143138/config/squeeze_net_tosa_seed-42_ablation.yaml,train,epoch,train,thresholded_partition,threshold,227,227.0,0,227,False,False,4996.2275390625,4115.331759693714,4230.7803207040015,nan,nan,False,156,8547.821610026593,4831.909135635894,0.89785,0.9092,4996688.5,0.5002401471138,nan,queue,queue,per_epoch_trace
squeeze_net_tosa,inputs/task_graph_topology/soda-benchmark-graphs/pytorch-graphs/squeeze_net_tosa.dot,/qfs/people/dass304/dass304/HWSWpartition/hw-sw-partition-metaheur/BatchExperiments/Ablation/diff_gnn_order_lssp_trace/squeeze_net_tosa/seed-42/run-20260412-143138/config/squeeze_net_tosa_seed-42_ablation.yaml,train,epoch,train,thresholded_partition,threshold,228,228.0,0,228,False,False,4981.21044921875,2136.2182111804505,2136.2182111804505,nan,nan,False,162,8683.557370885099,4831.909135635894,0.8974,0.9088,4982266.5,0.5008060336112976,nan,queue,queue,per_epoch_trace
squeeze_net_tosa,inputs/task_graph_topology/soda-benchmark-graphs/pytorch-graphs/squeeze_net_tosa.dot,/qfs/people/dass304/dass304/HWSWpartition/hw-sw-partition-metaheur/BatchExperiments/Ablation/diff_gnn_order_lssp_trace/squeeze_net_tosa/seed-42/run-20260412-143138/config/squeeze_net_tosa_seed-42_ablation.yaml,train,epoch,train,thresholded_partition,threshold,229,229.0,0,229,False,False,4993.2197265625,3214.1868739913944,3214.1868739913944,nan,nan,False,154,8383.608088935074,4831.909135635894,0.89695,0.9084,4993863.0,0.5004929304122925,nan,queue,queue,per_epoch_trace
squeeze_net_tosa,inputs/task_graph_topology/soda-benchmark-graphs/pytorch-graphs/squeeze_net_tosa.dot,/qfs/people/dass304/dass304/HWSWpartition/hw-sw-partition-metaheur/BatchExperiments/Ablation/diff_gnn_order_lssp_trace/squeeze_net_tosa/seed-42/run-20260412-143138/config/squeeze_net_tosa_seed-42_ablation.yaml,train,epoch,train,thresholded_partition,threshold,230,230.0,0,230,False,False,4968.15087890625,3000.5552574416533,2999.8956534694175,nan,nan,False,157,8483.92886586345,4831.909135635894,0.8965,0.908,4968557.5,0.5000110864639282,nan,queue,queue,per_epoch_trace
squeeze_net_tosa,inputs/task_graph_topology/soda-benchmark-graphs/pytorch-graphs/squeeze_net_tosa.dot,/qfs/people/dass304/dass304/HWSWpartition/hw-sw-partition-metaheur/BatchExperiments/Ablation/diff_gnn_order_lssp_trace/squeeze_net_tosa/seed-42/run-20260412-143138/config/squeeze_net_tosa_seed-42_ablation.yaml,train,epoch,train,thresholded_partition,threshold,231,231.0,0,231,False,False,4992.865234375,3723.036338949018,3856.383706511165,nan,nan,False,152,8227.972918132535,4831.909135635894,0.89605,0.9076,4993313.5,0.5002228021621704,nan,queue,queue,per_epoch_trace
squeeze_net_tosa,inputs/task_graph_topology/soda-benchmark-graphs/pytorch-graphs/squeeze_net_tosa.dot,/qfs/people/dass304/dass304/HWSWpartition/hw-sw-partition-metaheur/BatchExperiments/Ablation/diff_gnn_order_lssp_trace/squeeze_net_tosa/seed-42/run-20260412-143138/config/squeeze_net_tosa_seed-42_ablation.yaml,train,epoch,train,thresholded_partition,threshold,232,232.0,0,232,False,False,4986.53857421875,2072.953777951763,2146.64693634799,nan,nan,False,162,8730.105909423153,4831.909135635894,0.8956,0.9072,4987482.5,0.5007372498512268,nan,queue,queue,per_epoch_trace
squeeze_net_tosa,inputs/task_graph_topology/soda-benchmark-graphs/pytorch-graphs/squeeze_net_tosa.dot,/qfs/people/dass304/dass304/HWSWpartition/hw-sw-partition-metaheur/BatchExperiments/Ablation/diff_gnn_order_lssp_trace/squeeze_net_tosa/seed-42/run-20260412-143138/config/squeeze_net_tosa_seed-42_ablation.yaml,train,epoch,train,thresholded_partition,threshold,233,233.0,0,233,False,False,4987.630859375,1958.7492762831978,1957.6706514644463,nan,nan,False,160,8497.22312401261,4831.909135635894,0.89515,0.9068,4988047.0,0.49988478422164917,nan,queue,queue,per_epoch_trace
squeeze_net_tosa,inputs/task_graph_topology/soda-benchmark-graphs/pytorch-graphs/squeeze_net_tosa.dot,/qfs/people/dass304/dass304/HWSWpartition/hw-sw-partition-metaheur/BatchExperiments/Ablation/diff_gnn_order_lssp_trace/squeeze_net_tosa/seed-42/run-20260412-143138/config/squeeze_net_tosa_seed-42_ablation.yaml,train,epoch,train,thresholded_partition,threshold,234,234.0,0,234,False,False,4994.22607421875,3505.1947575057457,3505.1947575057457,nan,nan,False,158,8466.32301771136,4831.909135635894,0.8947,0.9064,4994634.5,0.4999084770679474,nan,queue,queue,per_epoch_trace
squeeze_net_tosa,inputs/task_graph_topology/soda-benchmark-graphs/pytorch-graphs/squeeze_net_tosa.dot,/qfs/people/dass304/dass304/HWSWpartition/hw-sw-partition-metaheur/BatchExperiments/Ablation/diff_gnn_order_lssp_trace/squeeze_net_tosa/seed-42/run-20260412-143138/config/squeeze_net_tosa_seed-42_ablation.yaml,train,epoch,train,thresholded_partition,threshold,235,235.0,0,235,False,False,5008.888671875,2582.522340064457,2582.522340064457,nan,nan,False,160,8589.089062353845,4831.909135635894,0.89425,0.906,5009600.5,0.5005550384521484,nan,queue,queue,per_epoch_trace
squeeze_net_tosa,inputs/task_graph_topology/soda-benchmark-graphs/pytorch-graphs/squeeze_net_tosa.dot,/qfs/people/dass304/dass304/HWSWpartition/hw-sw-partition-metaheur/BatchExperiments/Ablation/diff_gnn_order_lssp_trace/squeeze_net_tosa/seed-42/run-20260412-143138/config/squeeze_net_tosa_seed-42_ablation.yaml,train,epoch,train,thresholded_partition,threshold,236,236.0,0,236,False,False,4995.16943359375,3382.277886526198,3445.3731168316417,nan,nan,False,156,8189.618981367581,4831.909135635894,0.8938,0.9056,4995584.0,0.4998735189437866,nan,queue,queue,per_epoch_trace
squeeze_net_tosa,inputs/task_graph_topology/soda-benchmark-graphs/pytorch-graphs/squeeze_net_tosa.dot,/qfs/people/dass304/dass304/HWSWpartition/hw-sw-partition-metaheur/BatchExperiments/Ablation/diff_gnn_order_lssp_trace/squeeze_net_tosa/seed-42/run-20260412-143138/config/squeeze_net_tosa_seed-42_ablation.yaml,train,epoch,train,thresholded_partition,threshold,237,237.0,0,237,False,False,4988.86669921875,1701.8256683547934,1701.8256683547934,nan,nan,False,160,8396.653577099427,4831.909135635894,0.89335,0.9052,4989277.0,0.5000879168510437,nan,queue,queue,per_epoch_trace
squeeze_net_tosa,inputs/task_graph_topology/soda-benchmark-graphs/pytorch-graphs/squeeze_net_tosa.dot,/qfs/people/dass304/dass304/HWSWpartition/hw-sw-partition-metaheur/BatchExperiments/Ablation/diff_gnn_order_lssp_trace/squeeze_net_tosa/seed-42/run-20260412-143138/config/squeeze_net_tosa_seed-42_ablation.yaml,train,epoch,train,thresholded_partition,threshold,238,238.0,0,238,False,False,5004.84814453125,3513.134245864105,3697.1777686522178,nan,nan,False,157,8627.908726537768,4831.909135635894,0.8929,0.9048,5005250.5,0.500057578086853,nan,queue,queue,per_epoch_trace
squeeze_net_tosa,inputs/task_graph_topology/soda-benchmark-graphs/pytorch-graphs/squeeze_net_tosa.dot,/qfs/people/dass304/dass304/HWSWpartition/hw-sw-partition-metaheur/BatchExperiments/Ablation/diff_gnn_order_lssp_trace/squeeze_net_tosa/seed-42/run-20260412-143138/config/squeeze_net_tosa_seed-42_ablation.yaml,train,epoch,train,thresholded_partition,threshold,239,239.0,0,239,False,False,4998.78955078125,2610.053191054373,2633.8663563364425,nan,nan,False,160,8615.065040592357,4831.909135635894,0.89245,0.9044,4999231.5,0.4997934401035309,nan,queue,queue,per_epoch_trace
squeeze_net_tosa,inputs/task_graph_topology/soda-benchmark-graphs/pytorch-graphs/squeeze_net_tosa.dot,/qfs/people/dass304/dass304/HWSWpartition/hw-sw-partition-metaheur/BatchExperiments/Ablation/diff_gnn_order_lssp_trace/squeeze_net_tosa/seed-42/run-20260412-143138/config/squeeze_net_tosa_seed-42_ablation.yaml,train,epoch,train,thresholded_partition,threshold,240,240.0,0,240,False,False,5008.29931640625,3530.714423286333,3435.435710463225,nan,nan,False,154,8280.544690550381,4831.909135635894,0.892,0.904,5008704.5,0.49992793798446655,nan,queue,queue,per_epoch_trace
squeeze_net_tosa,inputs/task_graph_topology/soda-benchmark-graphs/pytorch-graphs/squeeze_net_tosa.dot,/qfs/people/dass304/dass304/HWSWpartition/hw-sw-partition-metaheur/BatchExperiments/Ablation/diff_gnn_order_lssp_trace/squeeze_net_tosa/seed-42/run-20260412-143138/config/squeeze_net_tosa_seed-42_ablation.yaml,train,epoch,train,thresholded_partition,threshold,241,241.0,0,241,False,False,4978.85888671875,2961.7518863548394,3061.4852589675866,nan,nan,False,154,8288.3225943814,4831.909135635894,0.89155,0.9036,4979278.0,0.5001258850097656,nan,queue,queue,per_epoch_trace
squeeze_net_tosa,inputs/task_graph_topology/soda-benchmark-graphs/pytorch-graphs/squeeze_net_tosa.dot,/qfs/people/dass304/dass304/HWSWpartition/hw-sw-partition-metaheur/BatchExperiments/Ablation/diff_gnn_order_lssp_trace/squeeze_net_tosa/seed-42/run-20260412-143138/config/squeeze_net_tosa_seed-42_ablation.yaml,train,epoch,train,thresholded_partition,threshold,242,242.0,0,242,False,False,4996.701171875,3566.5658753336074,3566.5658753336074,nan,nan,False,157,8564.953963428718,4831.909135635894,0.8911,0.9032,4997101.0,0.4999765455722809,nan,queue,queue,per_epoch_trace
squeeze_net_tosa,inputs/task_graph_topology/soda-benchmark-graphs/pytorch-graphs/squeeze_net_tosa.dot,/qfs/people/dass304/dass304/HWSWpartition/hw-sw-partition-metaheur/BatchExperiments/Ablation/diff_gnn_order_lssp_trace/squeeze_net_tosa/seed-42/run-20260412-143138/config/squeeze_net_tosa_seed-42_ablation.yaml,train,epoch,train,thresholded_partition,threshold,243,243.0,0,243,False,False,4973.80126953125,2432.5815460997214,2432.5815460997214,nan,nan,False,161,8545.534469133268,4831.909135635894,0.8906499999999999,0.9028,4974216.5,0.4999138414859772,nan,queue,queue,per_epoch_trace
squeeze_net_tosa,inputs/task_graph_topology/soda-benchmark-graphs/pytorch-graphs/squeeze_net_tosa.dot,/qfs/people/dass304/dass304/HWSWpartition/hw-sw-partition-metaheur/BatchExperiments/Ablation/diff_gnn_order_lssp_trace/squeeze_net_tosa/seed-42/run-20260412-143138/config/squeeze_net_tosa_seed-42_ablation.yaml,train,epoch,train,thresholded_partition,threshold,244,244.0,0,244,False,False,4923.548828125,3007.938097143621,3007.9380971436212,nan,nan,False,157,8495.192668330588,4831.909135635894,0.8902,0.9024,4924002.5,0.499773234128952,nan,queue,queue,per_epoch_trace
squeeze_net_tosa,inputs/task_graph_topology/soda-benchmark-graphs/pytorch-graphs/squeeze_net_tosa.dot,/qfs/people/dass304/dass304/HWSWpartition/hw-sw-partition-metaheur/BatchExperiments/Ablation/diff_gnn_order_lssp_trace/squeeze_net_tosa/seed-42/run-20260412-143138/config/squeeze_net_tosa_seed-42_ablation.yaml,train,epoch,train,thresholded_partition,threshold,245,245.0,0,245,False,False,4892.4853515625,2874.6697220126534,3004.9322435682593,nan,nan,False,158,8394.298826854903,4831.909135635894,0.88975,0.902,4892977.5,0.4996965229511261,nan,queue,queue,per_epoch_trace
squeeze_net_tosa,inputs/task_graph_topology/soda-benchmark-graphs/pytorch-graphs/squeeze_net_tosa.dot,/qfs/people/dass304/dass304/HWSWpartition/hw-sw-partition-metaheur/BatchExperiments/Ablation/diff_gnn_order_lssp_trace/squeeze_net_tosa/seed-42/run-20260412-143138/config/squeeze_net_tosa_seed-42_ablation.yaml,train,epoch,train,thresholded_partition,threshold,246,246.0,0,246,False,False,4990.17578125,3173.2421989931463,3173.2421989931463,nan,nan,False,152,7994.666477423729,4831.909135635894,0.8893,0.9016,4990583.5,0.49991464614868164,nan,queue,queue,per_epoch_trace
squeeze_net_tosa,inputs/task_graph_topology/soda-benchmark-graphs/pytorch-graphs/squeeze_net_tosa.dot,/qfs/people/dass304/dass304/HWSWpartition/hw-sw-partition-metaheur/BatchExperiments/Ablation/diff_gnn_order_lssp_trace/squeeze_net_tosa/seed-42/run-20260412-143138/config/squeeze_net_tosa_seed-42_ablation.yaml,train,epoch,train,thresholded_partition,threshold,247,247.0,0,247,False,False,4938.18359375,3044.6585778979806,3047.538840931181,nan,nan,False,157,8383.859370571912,4831.909135635894,0.88885,0.9012,4938628.5,0.49980151653289795,nan,queue,queue,per_epoch_trace
squeeze_net_tosa,inputs/task_graph_topology/soda-benchmark-graphs/pytorch-graphs/squeeze_net_tosa.dot,/qfs/people/dass304/dass304/HWSWpartition/hw-sw-partition-metaheur/BatchExperiments/Ablation/diff_gnn_order_lssp_trace/squeeze_net_tosa/seed-42/run-20260412-143138/config/squeeze_net_tosa_seed-42_ablation.yaml,train,epoch,train,thresholded_partition,threshold,248,248.0,0,248,False,False,4984.35400390625,2172.6844184986503,2131.585732047783,nan,nan,False,162,8569.538238980256,4831.909135635894,0.8884,0.9008,4984880.0,0.49965864419937134,nan,queue,queue,per_epoch_trace
squeeze_net_tosa,inputs/task_graph_topology/soda-benchmark-graphs/pytorch-graphs/squeeze_net_tosa.dot,/qfs/people/dass304/dass304/HWSWpartition/hw-sw-partition-metaheur/BatchExperiments/Ablation/diff_gnn_order_lssp_trace/squeeze_net_tosa/seed-42/run-20260412-143138/config/squeeze_net_tosa_seed-42_ablation.yaml,train,epoch,train,thresholded_partition,threshold,249,249.0,0,249,False,False,4996.90185546875,2995.2247402164617,2995.224740216461,nan,nan,False,156,8217.399805219506,4831.909135635894,0.88795,0.9004,4997348.5,0.49978435039520264,nan,queue,queue,per_epoch_trace
squeeze_net_tosa,inputs/task_graph_topology/soda-benchmark-graphs/pytorch-graphs/squeeze_net_tosa.dot,/qfs/people/dass304/dass304/HWSWpartition/hw-sw-partition-metaheur/BatchExperiments/Ablation/diff_gnn_order_lssp_trace/squeeze_net_tosa/seed-42/run-20260412-143138/config/squeeze_net_tosa_seed-42_ablation.yaml,train,epoch,train,thresholded_partition,threshold,250,250.0,0,250,False,False,4998.53759765625,3358.098384052614,3530.0664293842497,nan,nan,False,154,8143.730495792621,4831.909135635894,0.8875,0.9,4998960.5,0.49984973669052124,nan,queue,queue,per_epoch_trace
squeeze_net_tosa,inputs/task_graph_topology/soda-benchmark-graphs/pytorch-graphs/squeeze_net_tosa.dot,/qfs/people/dass304/dass304/HWSWpartition/hw-sw-partition-metaheur/BatchExperiments/Ablation/diff_gnn_order_lssp_trace/squeeze_net_tosa/seed-42/run-20260412-143138/config/squeeze_net_tosa_seed-42_ablation.yaml,train,epoch,train,thresholded_partition,threshold,251,251.0,0,251,False,False,4974.67919921875,2285.9272642939613,2434.2452289772145,nan,nan,False,162,8723.400457260432,4831.909135635894,0.88705,0.8996,4975218.0,0.4996325671672821,nan,queue,queue,per_epoch_trace
squeeze_net_tosa,inputs/task_graph_topology/soda-benchmark-graphs/pytorch-graphs/squeeze_net_tosa.dot,/qfs/people/dass304/dass304/HWSWpartition/hw-sw-partition-metaheur/BatchExperiments/Ablation/diff_gnn_order_lssp_trace/squeeze_net_tosa/seed-42/run-20260412-143138/config/squeeze_net_tosa_seed-42_ablation.yaml,train,epoch,train,thresholded_partition,threshold,252,252.0,0,252,False,False,4990.8798828125,2290.8667934810433,2299.614940873861,nan,nan,False,158,8549.218797588992,4831.909135635894,0.8866,0.8992,4991280.0,0.5000230073928833,nan,queue,queue,per_epoch_trace
squeeze_net_tosa,inputs/task_graph_topology/soda-benchmark-graphs/pytorch-graphs/squeeze_net_tosa.dot,/qfs/people/dass304/dass304/HWSWpartition/hw-sw-partition-metaheur/BatchExperiments/Ablation/diff_gnn_order_lssp_trace/squeeze_net_tosa/seed-42/run-20260412-143138/config/squeeze_net_tosa_seed-42_ablation.yaml,train,epoch,train,thresholded_partition,threshold,253,253.0,0,253,False,False,4992.474609375,4572.1155242899595,4825.1400602989515,nan,nan,False,147,7828.47175647587,4831.909135635894,0.88615,0.8988,4992880.0,0.5000064373016357,nan,queue,queue,per_epoch_trace
squeeze_net_tosa,inputs/task_graph_topology/soda-benchmark-graphs/pytorch-graphs/squeeze_net_tosa.dot,/qfs/people/dass304/dass304/HWSWpartition/hw-sw-partition-metaheur/BatchExperiments/Ablation/diff_gnn_order_lssp_trace/squeeze_net_tosa/seed-42/run-20260412-143138/config/squeeze_net_tosa_seed-42_ablation.yaml,train,epoch,train,thresholded_partition,threshold,254,254.0,0,254,False,False,4952.982421875,4712.774785618516,4712.774785618516,nan,nan,False,152,8201.133709370633,4831.909135635894,0.8857,0.8984,4953808.5,0.4993495047092438,nan,queue,queue,per_epoch_trace
squeeze_net_tosa,inputs/task_graph_topology/soda-benchmark-graphs/pytorch-graphs/squeeze_net_tosa.dot,/qfs/people/dass304/dass304/HWSWpartition/hw-sw-partition-metaheur/BatchExperiments/Ablation/diff_gnn_order_lssp_trace/squeeze_net_tosa/seed-42/run-20260412-143138/config/squeeze_net_tosa_seed-42_ablation.yaml,train,epoch,train,thresholded_partition,threshold,255,255.0,0,255,False,False,4953.03955078125,4200.775464401283,4200.775464401283,nan,nan,False,154,8330.396106633976,4831.909135635894,0.88525,0.898,4953454.0,0.4998842179775238,nan,queue,queue,per_epoch_trace
squeeze_net_tosa,inputs/task_graph_topology/soda-benchmark-graphs/pytorch-graphs/squeeze_net_tosa.dot,/qfs/people/dass304/dass304/HWSWpartition/hw-sw-partition-metaheur/BatchExperiments/Ablation/diff_gnn_order_lssp_trace/squeeze_net_tosa/seed-42/run-20260412-143138/config/squeeze_net_tosa_seed-42_ablation.yaml,train,epoch,train,thresholded_partition,threshold,256,256.0,0,256,False,False,4976.10400390625,3113.2190877349485,3113.2190877349485,nan,nan,False,152,8029.478275135418,4831.909135635894,0.8848,0.8976,4976710.0,0.5004507899284363,nan,queue,queue,per_epoch_trace
squeeze_net_tosa,inputs/task_graph_topology/soda-benchmark-graphs/pytorch-graphs/squeeze_net_tosa.dot,/qfs/people/dass304/dass304/HWSWpartition/hw-sw-partition-metaheur/BatchExperiments/Ablation/diff_gnn_order_lssp_trace/squeeze_net_tosa/seed-42/run-20260412-143138/config/squeeze_net_tosa_seed-42_ablation.yaml,train,epoch,train,thresholded_partition,threshold,257,257.0,0,257,False,False,5010.2783203125,5074.129539286796,5073.045465279919,nan,nan,False,147,7804.134553415317,4831.909135635894,0.88435,0.8972,5010755.5,0.4997249245643616,nan,queue,queue,per_epoch_trace
squeeze_net_tosa,inputs/task_graph_topology/soda-benchmark-graphs/pytorch-graphs/squeeze_net_tosa.dot,/qfs/people/dass304/dass304/HWSWpartition/hw-sw-partition-metaheur/BatchExperiments/Ablation/diff_gnn_order_lssp_trace/squeeze_net_tosa/seed-42/run-20260412-143138/config/squeeze_net_tosa_seed-42_ablation.yaml,train,epoch,train,thresholded_partition,threshold,258,258.0,0,258,False,False,5003.0048828125,4302.639397172315,4068.444457274392,nan,nan,False,149,7914.926301186754,4831.909135635894,0.8839,0.8968,5003475.0,0.500263512134552,nan,queue,queue,per_epoch_trace
squeeze_net_tosa,inputs/task_graph_topology/soda-benchmark-graphs/pytorch-graphs/squeeze_net_tosa.dot,/qfs/people/dass304/dass304/HWSWpartition/hw-sw-partition-metaheur/BatchExperiments/Ablation/diff_gnn_order_lssp_trace/squeeze_net_tosa/seed-42/run-20260412-143138/config/squeeze_net_tosa_seed-42_ablation.yaml,train,epoch,train,thresholded_partition,threshold,259,259.0,0,259,False,False,4993.18310546875,3237.7316893041266,3237.7316893041266,nan,nan,False,157,8499.417800037023,4831.909135635894,0.88345,0.8964,4993768.5,0.5004275441169739,nan,queue,queue,per_epoch_trace
squeeze_net_tosa,inputs/task_graph_topology/soda-benchmark-graphs/pytorch-graphs/squeeze_net_tosa.dot,/qfs/people/dass304/dass304/HWSWpartition/hw-sw-partition-metaheur/BatchExperiments/Ablation/diff_gnn_order_lssp_trace/squeeze_net_tosa/seed-42/run-20260412-143138/config/squeeze_net_tosa_seed-42_ablation.yaml,train,epoch,train,thresholded_partition,threshold,260,260.0,0,260,False,False,4993.68798828125,3010.8037172034838,3010.8037172034838,nan,nan,False,157,8323.390162671076,4831.909135635894,0.883,0.896,4994831.0,0.49913865327835083,nan,queue,queue,per_epoch_trace
squeeze_net_tosa,inputs/task_graph_topology/soda-benchmark-graphs/pytorch-graphs/squeeze_net_tosa.dot,/qfs/people/dass304/dass304/HWSWpartition/hw-sw-partition-metaheur/BatchExperiments/Ablation/diff_gnn_order_lssp_trace/squeeze_net_tosa/seed-42/run-20260412-143138/config/squeeze_net_tosa_seed-42_ablation.yaml,train,epoch,train,thresholded_partition,threshold,261,261.0,0,261,False,False,4978.48583984375,3247.8507269511156,3247.8507269511156,nan,nan,False,158,8295.01120035714,4831.909135635894,0.88255,0.8956,4978970.5,0.49972543120384216,nan,queue,queue,per_epoch_trace
squeeze_net_tosa,inputs/task_graph_topology/soda-benchmark-graphs/pytorch-graphs/squeeze_net_tosa.dot,/qfs/people/dass304/dass304/HWSWpartition/hw-sw-partition-metaheur/BatchExperiments/Ablation/diff_gnn_order_lssp_trace/squeeze_net_tosa/seed-42/run-20260412-143138/config/squeeze_net_tosa_seed-42_ablation.yaml,train,epoch,train,thresholded_partition,threshold,262,262.0,0,262,False,False,4878.6806640625,3041.386609805154,3012.5192571704047,nan,nan,False,156,8517.689702354939,4831.909135635894,0.8821,0.8952,4879081.0,0.4999803304672241,nan,queue,queue,per_epoch_trace
squeeze_net_tosa,inputs/task_graph_topology/soda-benchmark-graphs/pytorch-graphs/squeeze_net_tosa.dot,/qfs/people/dass304/dass304/HWSWpartition/hw-sw-partition-metaheur/BatchExperiments/Ablation/diff_gnn_order_lssp_trace/squeeze_net_tosa/seed-42/run-20260412-143138/config/squeeze_net_tosa_seed-42_ablation.yaml,train,epoch,train,thresholded_partition,threshold,263,263.0,0,263,False,False,4984.91796875,2132.376393737481,2170.823921857221,nan,nan,False,160,8563.18747144143,4831.909135635894,0.88165,0.8948,4985322.5,0.4999715983867645,nan,queue,queue,per_epoch_trace
squeeze_net_tosa,inputs/task_graph_topology/soda-benchmark-graphs/pytorch-graphs/squeeze_net_tosa.dot,/qfs/people/dass304/dass304/HWSWpartition/hw-sw-partition-metaheur/BatchExperiments/Ablation/diff_gnn_order_lssp_trace/squeeze_net_tosa/seed-42/run-20260412-143138/config/squeeze_net_tosa_seed-42_ablation.yaml,train,epoch,train,thresholded_partition,threshold,264,264.0,0,264,False,False,4986.14794921875,3103.900610349515,3222.8592167457296,nan,nan,False,159,8686.01951131716,4831.909135635894,0.8812,0.8944,4986686.0,0.5003669261932373,nan,queue,queue,per_epoch_trace
squeeze_net_tosa,inputs/task_graph_topology/soda-benchmark-graphs/pytorch-graphs/squeeze_net_tosa.dot,/qfs/people/dass304/dass304/HWSWpartition/hw-sw-partition-metaheur/BatchExperiments/Ablation/diff_gnn_order_lssp_trace/squeeze_net_tosa/seed-42/run-20260412-143138/config/squeeze_net_tosa_seed-42_ablation.yaml,train,epoch,train,thresholded_partition,threshold,265,265.0,0,265,False,False,4966.05224609375,3399.2299196644276,3399.229919664427,nan,nan,False,158,8494.633345000371,4831.909135635894,0.88075,0.894,4966541.5,0.5002864003181458,nan,queue,queue,per_epoch_trace
squeeze_net_tosa,inputs/task_graph_topology/soda-benchmark-graphs/pytorch-graphs/squeeze_net_tosa.dot,/qfs/people/dass304/dass304/HWSWpartition/hw-sw-partition-metaheur/BatchExperiments/Ablation/diff_gnn_order_lssp_trace/squeeze_net_tosa/seed-42/run-20260412-143138/config/squeeze_net_tosa_seed-42_ablation.yaml,train,epoch,train,thresholded_partition,threshold,266,266.0,0,266,False,False,4988.42919921875,3209.4869120852686,3348.3715346883464,nan,nan,False,157,8509.63118992608,4831.909135635894,0.8803,0.8936,4988835.5,0.5000275373458862,nan,queue,queue,per_epoch_trace
squeeze_net_tosa,inputs/task_graph_topology/soda-benchmark-graphs/pytorch-graphs/squeeze_net_tosa.dot,/qfs/people/dass304/dass304/HWSWpartition/hw-sw-partition-metaheur/BatchExperiments/Ablation/diff_gnn_order_lssp_trace/squeeze_net_tosa/seed-42/run-20260412-143138/config/squeeze_net_tosa_seed-42_ablation.yaml,train,epoch,train,thresholded_partition,threshold,267,267.0,0,267,False,False,4959.0009765625,2463.730896753613,2548.359732793819,nan,nan,False,158,8725.138424633193,4831.909135635894,0.87985,0.8932,4960099.5,0.500830352306366,nan,queue,queue,per_epoch_trace
squeeze_net_tosa,inputs/task_graph_topology/soda-benchmark-graphs/pytorch-graphs/squeeze_net_tosa.dot,/qfs/people/dass304/dass304/HWSWpartition/hw-sw-partition-metaheur/BatchExperiments/Ablation/diff_gnn_order_lssp_trace/squeeze_net_tosa/seed-42/run-20260412-143138/config/squeeze_net_tosa_seed-42_ablation.yaml,train,epoch,train,thresholded_partition,threshold,268,268.0,0,268,False,False,4901.2861328125,4586.861751255523,4509.703328372959,nan,nan,False,153,8279.020101816912,4831.909135635894,0.8794,0.8928,4901732.0,0.5002067685127258,nan,queue,queue,per_epoch_trace
squeeze_net_tosa,inputs/task_graph_topology/soda-benchmark-graphs/pytorch-graphs/squeeze_net_tosa.dot,/qfs/people/dass304/dass304/HWSWpartition/hw-sw-partition-metaheur/BatchExperiments/Ablation/diff_gnn_order_lssp_trace/squeeze_net_tosa/seed-42/run-20260412-143138/config/squeeze_net_tosa_seed-42_ablation.yaml,train,epoch,train,thresholded_partition,threshold,269,269.0,0,269,False,False,4894.9111328125,3936.0007974492464,4187.945300038618,nan,nan,False,151,8462.080037543721,4831.909135635894,0.87895,0.8924,4895425.0,0.5003314018249512,nan,queue,queue,per_epoch_trace
squeeze_net_tosa,inputs/task_graph_topology/soda-benchmark-graphs/pytorch-graphs/squeeze_net_tosa.dot,/qfs/people/dass304/dass304/HWSWpartition/hw-sw-partition-metaheur/BatchExperiments/Ablation/diff_gnn_order_lssp_trace/squeeze_net_tosa/seed-42/run-20260412-143138/config/squeeze_net_tosa_seed-42_ablation.yaml,train,epoch,train,thresholded_partition,threshold,270,270.0,0,270,False,False,4996.66552734375,2016.0432011254218,2060.0188896107807,nan,nan,False,161,8550.203641176126,4831.909135635894,0.8785,0.892,4997285.5,0.5004690289497375,nan,queue,queue,per_epoch_trace
squeeze_net_tosa,inputs/task_graph_topology/soda-benchmark-graphs/pytorch-graphs/squeeze_net_tosa.dot,/qfs/people/dass304/dass304/HWSWpartition/hw-sw-partition-metaheur/BatchExperiments/Ablation/diff_gnn_order_lssp_trace/squeeze_net_tosa/seed-42/run-20260412-143138/config/squeeze_net_tosa_seed-42_ablation.yaml,train,epoch,train,thresholded_partition,threshold,271,271.0,0,271,False,False,4866.91748046875,2212.543668518661,2393.273278904465,nan,nan,False,157,8438.392139862139,4831.909135635894,0.87805,0.8916,4867362.5,0.5002045631408691,nan,queue,queue,per_epoch_trace
squeeze_net_tosa,inputs/task_graph_topology/soda-benchmark-graphs/pytorch-graphs/squeeze_net_tosa.dot,/qfs/people/dass304/dass304/HWSWpartition/hw-sw-partition-metaheur/BatchExperiments/Ablation/diff_gnn_order_lssp_trace/squeeze_net_tosa/seed-42/run-20260412-143138/config/squeeze_net_tosa_seed-42_ablation.yaml,train,epoch,train,thresholded_partition,threshold,272,272.0,0,272,False,False,4971.99853515625,4528.6172388909345,4933.393250646318,nan,nan,False,156,8273.692007992853,4831.909135635894,0.8775999999999999,0.8912,4972493.5,0.4996969401836395,nan,queue,queue,per_epoch_trace
squeeze_net_tosa,inputs/task_graph_topology/soda-benchmark-graphs/pytorch-graphs/squeeze_net_tosa.dot,/qfs/people/dass304/dass304/HWSWpartition/hw-sw-partition-metaheur/BatchExperiments/Ablation/diff_gnn_order_lssp_trace/squeeze_net_tosa/seed-42/run-20260412-143138/config/squeeze_net_tosa_seed-42_ablation.yaml,train,epoch,train,thresholded_partition,threshold,273,273.0,0,273,False,False,5001.19287109375,2878.8385314300695,2878.8385314300695,nan,nan,False,159,8443.758158302557,4831.909135635894,0.87715,0.8908,5001648.0,0.5002235174179077,nan,queue,queue,per_epoch_trace
squeeze_net_tosa,inputs/task_graph_topology/soda-benchmark-graphs/pytorch-graphs/squeeze_net_tosa.dot,/qfs/people/dass304/dass304/HWSWpartition/hw-sw-partition-metaheur/BatchExperiments/Ablation/diff_gnn_order_lssp_trace/squeeze_net_tosa/seed-42/run-20260412-143138/config/squeeze_net_tosa_seed-42_ablation.yaml,train,epoch,train,thresholded_partition,threshold,274,274.0,0,274,False,False,4986.2421875,1886.159909092298,1943.375167080703,nan,nan,False,164,8995.656420825662,4831.909135635894,0.8767,0.8904,4986641.0,0.49999797344207764,nan,queue,queue,per_epoch_trace
squeeze_net_tosa,inputs/task_graph_topology/soda-benchmark-graphs/pytorch-graphs/squeeze_net_tosa.dot,/qfs/people/dass304/dass304/HWSWpartition/hw-sw-partition-metaheur/BatchExperiments/Ablation/diff_gnn_order_lssp_trace/squeeze_net_tosa/seed-42/run-20260412-143138/config/squeeze_net_tosa_seed-42_ablation.yaml,train,epoch,train,thresholded_partition,threshold,275,275.0,0,275,False,False,4991.15869140625,2081.5667656818487,2081.5667656818487,nan,nan,False,161,8580.493669160003,4831.909135635894,0.87625,0.89,4991775.5,0.5004675388336182,nan,queue,queue,per_epoch_trace
squeeze_net_tosa,inputs/task_graph_topology/soda-benchmark-graphs/pytorch-graphs/squeeze_net_tosa.dot,/qfs/people/dass304/dass304/HWSWpartition/hw-sw-partition-metaheur/BatchExperiments/Ablation/diff_gnn_order_lssp_trace/squeeze_net_tosa/seed-42/run-20260412-143138/config/squeeze_net_tosa_seed-42_ablation.yaml,train,epoch,train,thresholded_partition,threshold,276,276.0,0,276,False,False,4845.26806640625,3872.100995475662,3944.7133211964933,nan,nan,False,159,8616.647379311544,4831.909135635894,0.8758,0.8896,4845671.5,0.5000076293945312,nan,queue,queue,per_epoch_trace
squeeze_net_tosa,inputs/task_graph_topology/soda-benchmark-graphs/pytorch-graphs/squeeze_net_tosa.dot,/qfs/people/dass304/dass304/HWSWpartition/hw-sw-partition-metaheur/BatchExperiments/Ablation/diff_gnn_order_lssp_trace/squeeze_net_tosa/seed-42/run-20260412-143138/config/squeeze_net_tosa_seed-42_ablation.yaml,train,epoch,train,thresholded_partition,threshold,277,277.0,0,277,False,False,4952.37744140625,3866.349953850598,4006.8545908621577,nan,nan,False,157,8249.634497995925,4831.909135635894,0.87535,0.8892,4952948.5,0.49958527088165283,nan,queue,queue,per_epoch_trace
squeeze_net_tosa,inputs/task_graph_topology/soda-benchmark-graphs/pytorch-graphs/squeeze_net_tosa.dot,/qfs/people/dass304/dass304/HWSWpartition/hw-sw-partition-metaheur/BatchExperiments/Ablation/diff_gnn_order_lssp_trace/squeeze_net_tosa/seed-42/run-20260412-143138/config/squeeze_net_tosa_seed-42_ablation.yaml,train,epoch,train,thresholded_partition,threshold,278,278.0,0,278,False,False,4991.67333984375,2522.2969490182513,2710.99618255551,nan,nan,False,161,8620.694157194019,4831.909135635894,0.8749,0.8888,4992488.0,0.49936002492904663,nan,queue,queue,per_epoch_trace
squeeze_net_tosa,inputs/task_graph_topology/soda-benchmark-graphs/pytorch-graphs/squeeze_net_tosa.dot,/qfs/people/dass304/dass304/HWSWpartition/hw-sw-partition-metaheur/BatchExperiments/Ablation/diff_gnn_order_lssp_trace/squeeze_net_tosa/seed-42/run-20260412-143138/config/squeeze_net_tosa_seed-42_ablation.yaml,train,epoch,train,thresholded_partition,threshold,279,279.0,0,279,False,False,4994.34326171875,2851.8379280235686,2851.8379280235686,nan,nan,False,155,8311.778286790373,4831.909135635894,0.87445,0.8884,4994778.0,0.5001879334449768,nan,queue,queue,per_epoch_trace
squeeze_net_tosa,inputs/task_graph_topology/soda-benchmark-graphs/pytorch-graphs/squeeze_net_tosa.dot,/qfs/people/dass304/dass304/HWSWpartition/hw-sw-partition-metaheur/BatchExperiments/Ablation/diff_gnn_order_lssp_trace/squeeze_net_tosa/seed-42/run-20260412-143138/config/squeeze_net_tosa_seed-42_ablation.yaml,train,epoch,train,thresholded_partition,threshold,280,280.0,0,280,False,False,4995.37890625,1854.9174984864217,1871.3099689677879,nan,nan,False,166,8896.70443438865,4831.909135635894,0.874,0.888,4996104.5,0.5005715489387512,nan,queue,queue,per_epoch_trace
squeeze_net_tosa,inputs/task_graph_topology/soda-benchmark-graphs/pytorch-graphs/squeeze_net_tosa.dot,/qfs/people/dass304/dass304/HWSWpartition/hw-sw-partition-metaheur/BatchExperiments/Ablation/diff_gnn_order_lssp_trace/squeeze_net_tosa/seed-42/run-20260412-143138/config/squeeze_net_tosa_seed-42_ablation.yaml,train,epoch,train,thresholded_partition,threshold,281,281.0,0,281,False,False,4992.583984375,2640.5760474382555,2752.457768828778,nan,nan,False,157,8362.665863137116,4831.909135635894,0.87355,0.8876,4992983.5,0.49999457597732544,nan,queue,queue,per_epoch_trace
squeeze_net_tosa,inputs/task_graph_topology/soda-benchmark-graphs/pytorch-graphs/squeeze_net_tosa.dot,/qfs/people/dass304/dass304/HWSWpartition/hw-sw-partition-metaheur/BatchExperiments/Ablation/diff_gnn_order_lssp_trace/squeeze_net_tosa/seed-42/run-20260412-143138/config/squeeze_net_tosa_seed-42_ablation.yaml,train,epoch,train,thresholded_partition,threshold,282,282.0,0,282,False,False,4982.73583984375,1866.9649040113713,2024.7141996961268,nan,nan,False,163,8605.503896341328,4831.909135635894,0.8731,0.8872,4983187.0,0.49979060888290405,nan,queue,queue,per_epoch_trace
squeeze_net_tosa,inputs/task_graph_topology/soda-benchmark-graphs/pytorch-graphs/squeeze_net_tosa.dot,/qfs/people/dass304/dass304/HWSWpartition/hw-sw-partition-metaheur/BatchExperiments/Ablation/diff_gnn_order_lssp_trace/squeeze_net_tosa/seed-42/run-20260412-143138/config/squeeze_net_tosa_seed-42_ablation.yaml,train,epoch,train,thresholded_partition,threshold,283,283.0,0,283,False,False,4990.16162109375,1312.707205527956,1370.3770741417425,nan,nan,False,166,8839.476466336017,4831.909135635894,0.87265,0.8868,4990837.5,0.5005276799201965,nan,queue,queue,per_epoch_trace
squeeze_net_tosa,inputs/task_graph_topology/soda-benchmark-graphs/pytorch-graphs/squeeze_net_tosa.dot,/qfs/people/dass304/dass304/HWSWpartition/hw-sw-partition-metaheur/BatchExperiments/Ablation/diff_gnn_order_lssp_trace/squeeze_net_tosa/seed-42/run-20260412-143138/config/squeeze_net_tosa_seed-42_ablation.yaml,train,epoch,train,thresholded_partition,threshold,284,284.0,0,284,False,False,4977.7197265625,2574.3454497878643,2726.478343146004,nan,nan,False,161,8872.495302589656,4831.909135635894,0.8722,0.8864,4980464.0,0.5015295147895813,nan,queue,queue,per_epoch_trace
squeeze_net_tosa,inputs/task_graph_topology/soda-benchmark-graphs/pytorch-graphs/squeeze_net_tosa.dot,/qfs/people/dass304/dass304/HWSWpartition/hw-sw-partition-metaheur/BatchExperiments/Ablation/diff_gnn_order_lssp_trace/squeeze_net_tosa/seed-42/run-20260412-143138/config/squeeze_net_tosa_seed-42_ablation.yaml,train,epoch,train,thresholded_partition,threshold,285,285.0,0,285,False,False,4991.12109375,2218.728215560401,2256.97738997676,nan,nan,False,160,8549.531856386038,4831.909135635894,0.87175,0.886,4991542.5,0.5001285076141357,nan,queue,queue,per_epoch_trace
squeeze_net_tosa,inputs/task_graph_topology/soda-benchmark-graphs/pytorch-graphs/squeeze_net_tosa.dot,/qfs/people/dass304/dass304/HWSWpartition/hw-sw-partition-metaheur/BatchExperiments/Ablation/diff_gnn_order_lssp_trace/squeeze_net_tosa/seed-42/run-20260412-143138/config/squeeze_net_tosa_seed-42_ablation.yaml,train,epoch,train,thresholded_partition,threshold,286,286.0,0,286,False,False,4996.17138671875,1911.4854378185526,1911.4854378185526,nan,nan,False,163,8833.651302158427,4831.909135635894,0.8713,0.8855999999999999,4997233.0,0.500813364982605,nan,queue,queue,per_epoch_trace
squeeze_net_tosa,inputs/task_graph_topology/soda-benchmark-graphs/pytorch-graphs/squeeze_net_tosa.dot,/qfs/people/dass304/dass304/HWSWpartition/hw-sw-partition-metaheur/BatchExperiments/Ablation/diff_gnn_order_lssp_trace/squeeze_net_tosa/seed-42/run-20260412-143138/config/squeeze_net_tosa_seed-42_ablation.yaml,train,epoch,train,thresholded_partition,threshold,287,287.0,0,287,False,False,4984.95947265625,2096.1883494920903,2096.1883494920903,nan,nan,False,165,8812.40222659607,4831.909135635894,0.87085,0.8852,4985379.5,0.49989053606987,nan,queue,queue,per_epoch_trace
squeeze_net_tosa,inputs/task_graph_topology/soda-benchmark-graphs/pytorch-graphs/squeeze_net_tosa.dot,/qfs/people/dass304/dass304/HWSWpartition/hw-sw-partition-metaheur/BatchExperiments/Ablation/diff_gnn_order_lssp_trace/squeeze_net_tosa/seed-42/run-20260412-143138/config/squeeze_net_tosa_seed-42_ablation.yaml,train,epoch,train,thresholded_partition,threshold,288,288.0,0,288,False,False,4995.24951171875,2800.884454461944,2714.789786520578,nan,nan,False,162,8769.488568452536,4831.909135635894,0.8704000000000001,0.8848,4995943.5,0.5005432367324829,nan,queue,queue,per_epoch_trace
squeeze_net_tosa,inputs/task_graph_topology/soda-benchmark-graphs/pytorch-graphs/squeeze_net_tosa.dot,/qfs/people/dass304/dass304/HWSWpartition/hw-sw-partition-metaheur/BatchExperiments/Ablation/diff_gnn_order_lssp_trace/squeeze_net_tosa/seed-42/run-20260412-143138/config/squeeze_net_tosa_seed-42_ablation.yaml,train,epoch,train,thresholded_partition,threshold,289,289.0,0,289,False,False,4984.27490234375,2414.9463065622563,2414.9463065622563,nan,nan,False,163,8777.564388219655,4831.909135635894,0.86995,0.8844,4984683.5,0.500034749507904,nan,queue,queue,per_epoch_trace
squeeze_net_tosa,inputs/task_graph_topology/soda-benchmark-graphs/pytorch-graphs/squeeze_net_tosa.dot,/qfs/people/dass304/dass304/HWSWpartition/hw-sw-partition-metaheur/BatchExperiments/Ablation/diff_gnn_order_lssp_trace/squeeze_net_tosa/seed-42/run-20260412-143138/config/squeeze_net_tosa_seed-42_ablation.yaml,train,epoch,train,thresholded_partition,threshold,290,290.0,0,290,False,False,4988.22265625,1624.8890662823287,1624.8890662823287,nan,nan,False,163,8766.89633132157,4831.909135635894,0.8694999999999999,0.884,4988965.0,0.5005862712860107,nan,queue,queue,per_epoch_trace
squeeze_net_tosa,inputs/task_graph_topology/soda-benchmark-graphs/pytorch-graphs/squeeze_net_tosa.dot,/qfs/people/dass304/dass304/HWSWpartition/hw-sw-partition-metaheur/BatchExperiments/Ablation/diff_gnn_order_lssp_trace/squeeze_net_tosa/seed-42/run-20260412-143138/config/squeeze_net_tosa_seed-42_ablation.yaml,train,epoch,train,thresholded_partition,threshold,291,291.0,0,291,False,False,4962.81201171875,1622.5090867960914,1454.9016073551759,nan,nan,False,164,8845.625991831943,4831.909135635894,0.86905,0.8835999999999999,4963226.5,0.5001261830329895,nan,queue,queue,per_epoch_trace
squeeze_net_tosa,inputs/task_graph_topology/soda-benchmark-graphs/pytorch-graphs/squeeze_net_tosa.dot,/qfs/people/dass304/dass304/HWSWpartition/hw-sw-partition-metaheur/BatchExperiments/Ablation/diff_gnn_order_lssp_trace/squeeze_net_tosa/seed-42/run-20260412-143138/config/squeeze_net_tosa_seed-42_ablation.yaml,train,epoch,train,thresholded_partition,threshold,292,292.0,0,292,False,False,4997.57666015625,2318.011160546443,2318.011160546443,nan,nan,False,160,8504.94804263217,4831.909135635894,0.8686,0.8832,4998027.0,0.49977707862854004,nan,queue,queue,per_epoch_trace
squeeze_net_tosa,inputs/task_graph_topology/soda-benchmark-graphs/pytorch-graphs/squeeze_net_tosa.dot,/qfs/people/dass304/dass304/HWSWpartition/hw-sw-partition-metaheur/BatchExperiments/Ablation/diff_gnn_order_lssp_trace/squeeze_net_tosa/seed-42/run-20260412-143138/config/squeeze_net_tosa_seed-42_ablation.yaml,train,epoch,train,thresholded_partition,threshold,293,293.0,0,293,False,False,4979.43212890625,2160.3193984877844,2216.8574903488457,nan,nan,False,158,8428.707482189844,4831.909135635894,0.86815,0.8828,4979982.0,0.49961093068122864,nan,queue,queue,per_epoch_trace
squeeze_net_tosa,inputs/task_graph_topology/soda-benchmark-graphs/pytorch-graphs/squeeze_net_tosa.dot,/qfs/people/dass304/dass304/HWSWpartition/hw-sw-partition-metaheur/BatchExperiments/Ablation/diff_gnn_order_lssp_trace/squeeze_net_tosa/seed-42/run-20260412-143138/config/squeeze_net_tosa_seed-42_ablation.yaml,train,epoch,train,thresholded_partition,threshold,294,294.0,0,294,False,False,4993.23681640625,1961.8778475961476,1961.8778475961476,nan,nan,False,165,8951.15813729626,4831.909135635894,0.8677,0.8824,4994108.0,0.5006872415542603,nan,queue,queue,per_epoch_trace
squeeze_net_tosa,inputs/task_graph_topology/soda-benchmark-graphs/pytorch-graphs/squeeze_net_tosa.dot,/qfs/people/dass304/dass304/HWSWpartition/hw-sw-partition-metaheur/BatchExperiments/Ablation/diff_gnn_order_lssp_trace/squeeze_net_tosa/seed-42/run-20260412-143138/config/squeeze_net_tosa_seed-42_ablation.yaml,train,epoch,train,thresholded_partition,threshold,295,295.0,0,295,False,False,4984.75634765625,1543.3137660553436,1713.70023676885,nan,nan,False,165,8858.486544218615,4831.909135635894,0.86725,0.882,4985199.5,0.49979081749916077,nan,queue,queue,per_epoch_trace
squeeze_net_tosa,inputs/task_graph_topology/soda-benchmark-graphs/pytorch-graphs/squeeze_net_tosa.dot,/qfs/people/dass304/dass304/HWSWpartition/hw-sw-partition-metaheur/BatchExperiments/Ablation/diff_gnn_order_lssp_trace/squeeze_net_tosa/seed-42/run-20260412-143138/config/squeeze_net_tosa_seed-42_ablation.yaml,train,epoch,train,thresholded_partition,threshold,296,296.0,0,296,False,False,4986.044921875,1904.0697035984833,2032.1088348886258,nan,nan,False,163,8685.029606849796,4831.909135635894,0.8668,0.8815999999999999,4986569.0,0.5003541111946106,nan,queue,queue,per_epoch_trace
squeeze_net_tosa,inputs/task_graph_topology/soda-benchmark-graphs/pytorch-graphs/squeeze_net_tosa.dot,/qfs/people/dass304/dass304/HWSWpartition/hw-sw-partition-metaheur/BatchExperiments/Ablation/diff_gnn_order_lssp_trace/squeeze_net_tosa/seed-42/run-20260412-143138/config/squeeze_net_tosa_seed-42_ablation.yaml,train,epoch,train,thresholded_partition,threshold,297,297.0,0,297,False,False,4951.78564453125,2236.160953577847,2344.4104400334954,nan,nan,False,164,8975.61017126512,4831.909135635894,0.86635,0.8812,4952694.5,0.5007148385047913,nan,queue,queue,per_epoch_trace
squeeze_net_tosa,inputs/task_graph_topology/soda-benchmark-graphs/pytorch-graphs/squeeze_net_tosa.dot,/qfs/people/dass304/dass304/HWSWpartition/hw-sw-partition-metaheur/BatchExperiments/Ablation/diff_gnn_order_lssp_trace/squeeze_net_tosa/seed-42/run-20260412-143138/config/squeeze_net_tosa_seed-42_ablation.yaml,train,epoch,train,thresholded_partition,threshold,298,298.0,0,298,False,False,4999.24462890625,2495.612267432464,2678.933476559943,nan,nan,False,159,8611.895878649148,4831.909135635894,0.8659,0.8808,4999990.5,0.4994119703769684,nan,queue,queue,per_epoch_trace
squeeze_net_tosa,inputs/task_graph_topology/soda-benchmark-graphs/pytorch-graphs/squeeze_net_tosa.dot,/qfs/people/dass304/dass304/HWSWpartition/hw-sw-partition-metaheur/BatchExperiments/Ablation/diff_gnn_order_lssp_trace/squeeze_net_tosa/seed-42/run-20260412-143138/config/squeeze_net_tosa_seed-42_ablation.yaml,train,epoch,train,thresholded_partition,threshold,299,299.0,0,299,False,False,4968.45263671875,3023.171406228843,3083.9182789750994,nan,nan,False,156,8453.438949948184,4831.909135635894,0.86545,0.8804,4968860.0,0.5000503659248352,nan,queue,queue,per_epoch_trace
squeeze_net_tosa,inputs/task_graph_topology/soda-benchmark-graphs/pytorch-graphs/squeeze_net_tosa.dot,/qfs/people/dass304/dass304/HWSWpartition/hw-sw-partition-metaheur/BatchExperiments/Ablation/diff_gnn_order_lssp_trace/squeeze_net_tosa/seed-42/run-20260412-143138/config/squeeze_net_tosa_seed-42_ablation.yaml,train,epoch,train,thresholded_partition,threshold,300,300.0,0,300,False,False,4991.24609375,2187.003465765893,2187.003465765893,nan,nan,False,159,8720.89514171974,4831.909135635894,0.865,0.88,4991657.0,0.5001094341278076,nan,queue,queue,per_epoch_trace
squeeze_net_tosa,inputs/task_graph_topology/soda-benchmark-graphs/pytorch-graphs/squeeze_net_tosa.dot,/qfs/people/dass304/dass304/HWSWpartition/hw-sw-partition-metaheur/BatchExperiments/Ablation/diff_gnn_order_lssp_trace/squeeze_net_tosa/seed-42/run-20260412-143138/config/squeeze_net_tosa_seed-42_ablation.yaml,train,epoch,train,thresholded_partition,threshold,301,301.0,0,301,False,False,4980.23486328125,2506.383756561725,2506.3837565617255,nan,nan,False,160,8703.268896958316,4831.909135635894,0.86455,0.8795999999999999,4980798.0,0.5003935098648071,nan,queue,queue,per_epoch_trace
squeeze_net_tosa,inputs/task_graph_topology/soda-benchmark-graphs/pytorch-graphs/squeeze_net_tosa.dot,/qfs/people/dass304/dass304/HWSWpartition/hw-sw-partition-metaheur/BatchExperiments/Ablation/diff_gnn_order_lssp_trace/squeeze_net_tosa/seed-42/run-20260412-143138/config/squeeze_net_tosa_seed-42_ablation.yaml,train,epoch,train,thresholded_partition,threshold,302,302.0,0,302,False,False,4996.35009765625,2498.837956273391,2498.8379562733912,nan,nan,False,161,8681.113123087669,4831.909135635894,0.8641,0.8792,4997066.0,0.5005578994750977,nan,queue,queue,per_epoch_trace
squeeze_net_tosa,inputs/task_graph_topology/soda-benchmark-graphs/pytorch-graphs/squeeze_net_tosa.dot,/qfs/people/dass304/dass304/HWSWpartition/hw-sw-partition-metaheur/BatchExperiments/Ablation/diff_gnn_order_lssp_trace/squeeze_net_tosa/seed-42/run-20260412-143138/config/squeeze_net_tosa_seed-42_ablation.yaml,train,epoch,train,thresholded_partition,threshold,303,303.0,0,303,False,False,4982.75146484375,2502.073669216735,2516.392089430208,nan,nan,False,157,8754.324422978892,4831.909135635894,0.86365,0.8788,4983729.5,0.5007572770118713,nan,queue,queue,per_epoch_trace
squeeze_net_tosa,inputs/task_graph_topology/soda-benchmark-graphs/pytorch-graphs/squeeze_net_tosa.dot,/qfs/people/dass304/dass304/HWSWpartition/hw-sw-partition-metaheur/BatchExperiments/Ablation/diff_gnn_order_lssp_trace/squeeze_net_tosa/seed-42/run-20260412-143138/config/squeeze_net_tosa_seed-42_ablation.yaml,train,epoch,train,thresholded_partition,threshold,304,304.0,0,304,False,False,4943.48876953125,3831.4323156608352,4042.924991443269,nan,nan,False,151,8295.716267522277,4831.909135635894,0.8632,0.8784,4943920.0,0.5001721978187561,nan,queue,queue,per_epoch_trace
squeeze_net_tosa,inputs/task_graph_topology/soda-benchmark-graphs/pytorch-graphs/squeeze_net_tosa.dot,/qfs/people/dass304/dass304/HWSWpartition/hw-sw-partition-metaheur/BatchExperiments/Ablation/diff_gnn_order_lssp_trace/squeeze_net_tosa/seed-42/run-20260412-143138/config/squeeze_net_tosa_seed-42_ablation.yaml,train,epoch,train,thresholded_partition,threshold,305,305.0,0,305,False,False,5001.38232421875,3696.940301253881,3809.235047727611,nan,nan,False,153,8113.327081294296,4831.909135635894,0.86275,0.878,5001893.0,0.499668687582016,nan,queue,queue,per_epoch_trace
squeeze_net_tosa,inputs/task_graph_topology/soda-benchmark-graphs/pytorch-graphs/squeeze_net_tosa.dot,/qfs/people/dass304/dass304/HWSWpartition/hw-sw-partition-metaheur/BatchExperiments/Ablation/diff_gnn_order_lssp_trace/squeeze_net_tosa/seed-42/run-20260412-143138/config/squeeze_net_tosa_seed-42_ablation.yaml,train,epoch,train,thresholded_partition,threshold,306,306.0,0,306,False,False,4950.40283203125,2403.2220965328947,2584.772848013739,nan,nan,False,158,8508.131924447112,4831.909135635894,0.8623000000000001,0.8775999999999999,4950848.0,0.5001946687698364,nan,queue,queue,per_epoch_trace
squeeze_net_tosa,inputs/task_graph_topology/soda-benchmark-graphs/pytorch-graphs/squeeze_net_tosa.dot,/qfs/people/dass304/dass304/HWSWpartition/hw-sw-partition-metaheur/BatchExperiments/Ablation/diff_gnn_order_lssp_trace/squeeze_net_tosa/seed-42/run-20260412-143138/config/squeeze_net_tosa_seed-42_ablation.yaml,train,epoch,train,thresholded_partition,threshold,307,307.0,0,307,False,False,5014.37109375,3699.105502005481,3708.0217514182577,nan,nan,False,152,8192.834784484594,4831.909135635894,0.86185,0.8772,5014992.0,0.5004675388336182,nan,queue,queue,per_epoch_trace
squeeze_net_tosa,inputs/task_graph_topology/soda-benchmark-graphs/pytorch-graphs/squeeze_net_tosa.dot,/qfs/people/dass304/dass304/HWSWpartition/hw-sw-partition-metaheur/BatchExperiments/Ablation/diff_gnn_order_lssp_trace/squeeze_net_tosa/seed-42/run-20260412-143138/config/squeeze_net_tosa_seed-42_ablation.yaml,train,epoch,train,thresholded_partition,threshold,308,308.0,0,308,False,False,4982.52587890625,1947.362718539382,1947.362718539382,nan,nan,False,163,8858.029632135673,4831.909135635894,0.8613999999999999,0.8768,4983331.5,0.5006344318389893,nan,queue,queue,per_epoch_trace
squeeze_net_tosa,inputs/task_graph_topology/soda-benchmark-graphs/pytorch-graphs/squeeze_net_tosa.dot,/qfs/people/dass304/dass304/HWSWpartition/hw-sw-partition-metaheur/BatchExperiments/Ablation/diff_gnn_order_lssp_trace/squeeze_net_tosa/seed-42/run-20260412-143138/config/squeeze_net_tosa_seed-42_ablation.yaml,train,epoch,train,thresholded_partition,threshold,309,309.0,0,309,False,False,4997.02490234375,3707.785674596908,3724.3214300903815,nan,nan,False,154,8519.293150051259,4831.909135635894,0.86095,0.8764,4997951.5,0.5007238388061523,nan,queue,queue,per_epoch_trace
squeeze_net_tosa,inputs/task_graph_topology/soda-benchmark-graphs/pytorch-graphs/squeeze_net_tosa.dot,/qfs/people/dass304/dass304/HWSWpartition/hw-sw-partition-metaheur/BatchExperiments/Ablation/diff_gnn_order_lssp_trace/squeeze_net_tosa/seed-42/run-20260412-143138/config/squeeze_net_tosa_seed-42_ablation.yaml,train,epoch,train,thresholded_partition,threshold,310,310.0,0,310,False,False,4961.02685546875,2912.1012440137793,2912.1012440137793,nan,nan,False,156,8399.70359453874,4831.909135635894,0.8605,0.876,4962690.5,0.5011200904846191,nan,queue,queue,per_epoch_trace
squeeze_net_tosa,inputs/task_graph_topology/soda-benchmark-graphs/pytorch-graphs/squeeze_net_tosa.dot,/qfs/people/dass304/dass304/HWSWpartition/hw-sw-partition-metaheur/BatchExperiments/Ablation/diff_gnn_order_lssp_trace/squeeze_net_tosa/seed-42/run-20260412-143138/config/squeeze_net_tosa_seed-42_ablation.yaml,train,epoch,train,thresholded_partition,threshold,311,311.0,0,311,False,False,4977.78857421875,3347.2739667795017,3070.1515520684375,nan,nan,False,155,8376.63860883525,4831.909135635894,0.86005,0.8755999999999999,4979683.0,0.5012198090553284,nan,queue,queue,per_epoch_trace
squeeze_net_tosa,inputs/task_graph_topology/soda-benchmark-graphs/pytorch-graphs/squeeze_net_tosa.dot,/qfs/people/dass304/dass304/HWSWpartition/hw-sw-partition-metaheur/BatchExperiments/Ablation/diff_gnn_order_lssp_trace/squeeze_net_tosa/seed-42/run-20260412-143138/config/squeeze_net_tosa_seed-42_ablation.yaml,train,epoch,train,thresholded_partition,threshold,312,312.0,0,312,False,False,4885.01220703125,2375.694356689497,2636.711489547558,nan,nan,False,163,8890.231588691688,4831.909135635894,0.8596,0.8752,4885413.0,0.5000033974647522,nan,queue,queue,per_epoch_trace
squeeze_net_tosa,inputs/task_graph_topology/soda-benchmark-graphs/pytorch-graphs/squeeze_net_tosa.dot,/qfs/people/dass304/dass304/HWSWpartition/hw-sw-partition-metaheur/BatchExperiments/Ablation/diff_gnn_order_lssp_trace/squeeze_net_tosa/seed-42/run-20260412-143138/config/squeeze_net_tosa_seed-42_ablation.yaml,train,epoch,train,thresholded_partition,threshold,313,313.0,0,313,False,False,4992.54296875,4147.513464730141,4324.729739125138,nan,nan,False,147,8065.848368899891,4831.909135635894,0.85915,0.8748,4992967.0,0.49985185265541077,nan,queue,queue,per_epoch_trace
squeeze_net_tosa,inputs/task_graph_topology/soda-benchmark-graphs/pytorch-graphs/squeeze_net_tosa.dot,/qfs/people/dass304/dass304/HWSWpartition/hw-sw-partition-metaheur/BatchExperiments/Ablation/diff_gnn_order_lssp_trace/squeeze_net_tosa/seed-42/run-20260412-143138/config/squeeze_net_tosa_seed-42_ablation.yaml,train,epoch,train,thresholded_partition,threshold,314,314.0,0,314,False,False,4974.384765625,2835.0773807129162,2835.0773807129162,nan,nan,False,160,8779.109925100176,4831.909135635894,0.8587,0.8744,4976064.0,0.5011284947395325,nan,queue,queue,per_epoch_trace
squeeze_net_tosa,inputs/task_graph_topology/soda-benchmark-graphs/pytorch-graphs/squeeze_net_tosa.dot,/qfs/people/dass304/dass304/HWSWpartition/hw-sw-partition-metaheur/BatchExperiments/Ablation/diff_gnn_order_lssp_trace/squeeze_net_tosa/seed-42/run-20260412-143138/config/squeeze_net_tosa_seed-42_ablation.yaml,train,epoch,train,thresholded_partition,threshold,315,315.0,0,315,False,False,4954.01708984375,2446.9805149000567,2585.0212684758408,nan,nan,False,160,8606.444156158552,4831.909135635894,0.85825,0.874,4956572.0,0.501468300819397,nan,queue,queue,per_epoch_trace
squeeze_net_tosa,inputs/task_graph_topology/soda-benchmark-graphs/pytorch-graphs/squeeze_net_tosa.dot,/qfs/people/dass304/dass304/HWSWpartition/hw-sw-partition-metaheur/BatchExperiments/Ablation/diff_gnn_order_lssp_trace/squeeze_net_tosa/seed-42/run-20260412-143138/config/squeeze_net_tosa_seed-42_ablation.yaml,train,epoch,train,thresholded_partition,threshold,316,316.0,0,316,False,False,4964.99951171875,2395.719339238075,2454.737645265591,nan,nan,False,159,8458.753243486219,4831.909135635894,0.8578,0.8735999999999999,4966564.0,0.5010769367218018,nan,queue,queue,per_epoch_trace
squeeze_net_tosa,inputs/task_graph_topology/soda-benchmark-graphs/pytorch-graphs/squeeze_net_tosa.dot,/qfs/people/dass304/dass304/HWSWpartition/hw-sw-partition-metaheur/BatchExperiments/Ablation/diff_gnn_order_lssp_trace/squeeze_net_tosa/seed-42/run-20260412-143138/config/squeeze_net_tosa_seed-42_ablation.yaml,train,epoch,train,thresholded_partition,threshold,317,317.0,0,317,False,False,4964.12744140625,3416.476997891335,3417.592500629919,nan,nan,False,150,7937.998410779359,4831.909135635894,0.8573500000000001,0.8732,4969015.5,0.5021183490753174,nan,queue,queue,per_epoch_trace
squeeze_net_tosa,inputs/task_graph_topology/soda-benchmark-graphs/pytorch-graphs/squeeze_net_tosa.dot,/qfs/people/dass304/dass304/HWSWpartition/hw-sw-partition-metaheur/BatchExperiments/Ablation/diff_gnn_order_lssp_trace/squeeze_net_tosa/seed-42/run-20260412-143138/config/squeeze_net_tosa_seed-42_ablation.yaml,train,epoch,train,thresholded_partition,threshold,318,318.0,0,318,False,False,4989.10400390625,3685.2224403686405,3623.2850042281066,nan,nan,False,150,8245.644593525018,4831.909135635894,0.8569,0.8728,4989522.0,0.5001346468925476,nan,queue,queue,per_epoch_trace
squeeze_net_tosa,inputs/task_graph_topology/soda-benchmark-graphs/pytorch-graphs/squeeze_net_tosa.dot,/qfs/people/dass304/dass304/HWSWpartition/hw-sw-partition-metaheur/BatchExperiments/Ablation/diff_gnn_order_lssp_trace/squeeze_net_tosa/seed-42/run-20260412-143138/config/squeeze_net_tosa_seed-42_ablation.yaml,train,epoch,train,thresholded_partition,threshold,319,319.0,0,319,False,False,5003.45556640625,3940.9234362455377,3998.085664895965,nan,nan,False,157,8531.6062635484,4831.909135635894,0.8564499999999999,0.8724,5004956.5,0.50104820728302,nan,queue,queue,per_epoch_trace
squeeze_net_tosa,inputs/task_graph_topology/soda-benchmark-graphs/pytorch-graphs/squeeze_net_tosa.dot,/qfs/people/dass304/dass304/HWSWpartition/hw-sw-partition-metaheur/BatchExperiments/Ablation/diff_gnn_order_lssp_trace/squeeze_net_tosa/seed-42/run-20260412-143138/config/squeeze_net_tosa_seed-42_ablation.yaml,train,epoch,train,thresholded_partition,threshold,320,320.0,0,320,False,False,4953.73046875,3129.902395708316,3129.902395708316,nan,nan,False,153,8479.926617370273,4831.909135635894,0.856,0.872,4954577.0,0.5006661415100098,nan,queue,queue,per_epoch_trace
squeeze_net_tosa,inputs/task_graph_topology/soda-benchmark-graphs/pytorch-graphs/squeeze_net_tosa.dot,/qfs/people/dass304/dass304/HWSWpartition/hw-sw-partition-metaheur/BatchExperiments/Ablation/diff_gnn_order_lssp_trace/squeeze_net_tosa/seed-42/run-20260412-143138/config/squeeze_net_tosa_seed-42_ablation.yaml,train,epoch,train,thresholded_partition,threshold,321,321.0,0,321,False,False,4979.71875,2588.4436120342393,2608.2935072152573,nan,nan,False,157,8513.863764380361,4831.909135635894,0.85555,0.8715999999999999,4980159.0,0.5002005696296692,nan,queue,queue,per_epoch_trace
squeeze_net_tosa,inputs/task_graph_topology/soda-benchmark-graphs/pytorch-graphs/squeeze_net_tosa.dot,/qfs/people/dass304/dass304/HWSWpartition/hw-sw-partition-metaheur/BatchExperiments/Ablation/diff_gnn_order_lssp_trace/squeeze_net_tosa/seed-42/run-20260412-143138/config/squeeze_net_tosa_seed-42_ablation.yaml,train,epoch,train,thresholded_partition,threshold,322,322.0,0,322,False,False,4925.2119140625,2411.9772902604323,2418.8568833143404,nan,nan,False,157,8539.40375254847,4831.909135635894,0.8551,0.8712,4926129.0,0.5007116794586182,nan,queue,queue,per_epoch_trace
squeeze_net_tosa,inputs/task_graph_topology/soda-benchmark-graphs/pytorch-graphs/squeeze_net_tosa.dot,/qfs/people/dass304/dass304/HWSWpartition/hw-sw-partition-metaheur/BatchExperiments/Ablation/diff_gnn_order_lssp_trace/squeeze_net_tosa/seed-42/run-20260412-143138/config/squeeze_net_tosa_seed-42_ablation.yaml,train,epoch,train,thresholded_partition,threshold,323,323.0,0,323,False,False,5009.49658203125,3806.780769361091,3604.0427537729397,nan,nan,False,150,8066.040279493857,4831.909135635894,0.85465,0.8708,5009940.5,0.5002061724662781,nan,queue,queue,per_epoch_trace
squeeze_net_tosa,inputs/task_graph_topology/soda-benchmark-graphs/pytorch-graphs/squeeze_net_tosa.dot,/qfs/people/dass304/dass304/HWSWpartition/hw-sw-partition-metaheur/BatchExperiments/Ablation/diff_gnn_order_lssp_trace/squeeze_net_tosa/seed-42/run-20260412-143138/config/squeeze_net_tosa_seed-42_ablation.yaml,train,epoch,train,thresholded_partition,threshold,324,324.0,0,324,False,False,4963.32763671875,1311.6688928852707,1410.1478333698092,nan,nan,False,164,8829.120009171445,4831.909135635894,0.8542,0.8704,4966110.5,0.5015417337417603,nan,queue,queue,per_epoch_trace
squeeze_net_tosa,inputs/task_graph_topology/soda-benchmark-graphs/pytorch-graphs/squeeze_net_tosa.dot,/qfs/people/dass304/dass304/HWSWpartition/hw-sw-partition-metaheur/BatchExperiments/Ablation/diff_gnn_order_lssp_trace/squeeze_net_tosa/seed-42/run-20260412-143138/config/squeeze_net_tosa_seed-42_ablation.yaml,train,epoch,train,thresholded_partition,threshold,325,325.0,0,325,False,False,5001.91748046875,3943.21169260517,3987.5042736165824,nan,nan,False,151,8306.978559578562,4831.909135635894,0.85375,0.87,5003122.5,0.500896155834198,nan,queue,queue,per_epoch_trace
squeeze_net_tosa,inputs/task_graph_topology/soda-benchmark-graphs/pytorch-graphs/squeeze_net_tosa.dot,/qfs/people/dass304/dass304/HWSWpartition/hw-sw-partition-metaheur/BatchExperiments/Ablation/diff_gnn_order_lssp_trace/squeeze_net_tosa/seed-42/run-20260412-143138/config/squeeze_net_tosa_seed-42_ablation.yaml,train,epoch,train,thresholded_partition,threshold,326,326.0,0,326,False,False,5022.62646484375,3445.3401276995955,3581.116923342738,nan,nan,False,156,8310.526819724215,4831.909135635894,0.8533,0.8695999999999999,5023232.5,0.499553382396698,nan,queue,queue,per_epoch_trace
squeeze_net_tosa,inputs/task_graph_topology/soda-benchmark-graphs/pytorch-graphs/squeeze_net_tosa.dot,/qfs/people/dass304/dass304/HWSWpartition/hw-sw-partition-metaheur/BatchExperiments/Ablation/diff_gnn_order_lssp_trace/squeeze_net_tosa/seed-42/run-20260412-143138/config/squeeze_net_tosa_seed-42_ablation.yaml,train,epoch,train,thresholded_partition,threshold,327,327.0,0,327,False,False,4979.01123046875,4207.992927634982,4217.590058341457,nan,nan,False,147,7920.779814103489,4831.909135635894,0.85285,0.8692,4979775.0,0.5005955696105957,nan,queue,queue,per_epoch_trace
squeeze_net_tosa,inputs/task_graph_topology/soda-benchmark-graphs/pytorch-graphs/squeeze_net_tosa.dot,/qfs/people/dass304/dass304/HWSWpartition/hw-sw-partition-metaheur/BatchExperiments/Ablation/diff_gnn_order_lssp_trace/squeeze_net_tosa/seed-42/run-20260412-143138/config/squeeze_net_tosa_seed-42_ablation.yaml,train,epoch,train,thresholded_partition,threshold,328,328.0,0,328,False,False,4892.7353515625,3041.9886256711807,3354.016642000092,nan,nan,False,159,8532.352360723818,4831.909135635894,0.8524,0.8688,4893269.5,0.4996407926082611,nan,queue,queue,per_epoch_trace
squeeze_net_tosa,inputs/task_graph_topology/soda-benchmark-graphs/pytorch-graphs/squeeze_net_tosa.dot,/qfs/people/dass304/dass304/HWSWpartition/hw-sw-partition-metaheur/BatchExperiments/Ablation/diff_gnn_order_lssp_trace/squeeze_net_tosa/seed-42/run-20260412-143138/config/squeeze_net_tosa_seed-42_ablation.yaml,train,epoch,train,thresholded_partition,threshold,329,329.0,0,329,False,False,4815.93359375,3008.845618748343,3012.8809154694245,nan,nan,False,156,8406.415516261006,4831.909135635894,0.85195,0.8684,4816883.0,0.5007389187812805,nan,queue,queue,per_epoch_trace
squeeze_net_tosa,inputs/task_graph_topology/soda-benchmark-graphs/pytorch-graphs/squeeze_net_tosa.dot,/qfs/people/dass304/dass304/HWSWpartition/hw-sw-partition-metaheur/BatchExperiments/Ablation/diff_gnn_order_lssp_trace/squeeze_net_tosa/seed-42/run-20260412-143138/config/squeeze_net_tosa_seed-42_ablation.yaml,train,epoch,train,thresholded_partition,threshold,330,330.0,0,330,False,False,4807.56787109375,3087.7559613802327,3087.755961380233,nan,nan,False,156,8396.778966291511,4831.909135635894,0.8514999999999999,0.868,4808092.0,0.5003445744514465,nan,queue,queue,per_epoch_trace
squeeze_net_tosa,inputs/task_graph_topology/soda-benchmark-graphs/pytorch-graphs/squeeze_net_tosa.dot,/qfs/people/dass304/dass304/HWSWpartition/hw-sw-partition-metaheur/BatchExperiments/Ablation/diff_gnn_order_lssp_trace/squeeze_net_tosa/seed-42/run-20260412-143138/config/squeeze_net_tosa_seed-42_ablation.yaml,train,epoch,train,thresholded_partition,threshold,331,331.0,0,331,False,False,4981.06982421875,2072.757650544469,2323.832438724057,nan,nan,False,161,8626.932924103052,4831.909135635894,0.85105,0.8675999999999999,4983195.5,0.5013129711151123,nan,queue,queue,per_epoch_trace
squeeze_net_tosa,inputs/task_graph_topology/soda-benchmark-graphs/pytorch-graphs/squeeze_net_tosa.dot,/qfs/people/dass304/dass304/HWSWpartition/hw-sw-partition-metaheur/BatchExperiments/Ablation/diff_gnn_order_lssp_trace/squeeze_net_tosa/seed-42/run-20260412-143138/config/squeeze_net_tosa_seed-42_ablation.yaml,train,epoch,train,thresholded_partition,threshold,332,332.0,0,332,False,False,4996.353515625,3790.0504290358695,3872.7796889481324,nan,nan,False,155,8342.0150168438,4831.909135635894,0.8506,0.8672,4997000.0,0.5004960894584656,nan,queue,queue,per_epoch_trace
squeeze_net_tosa,inputs/task_graph_topology/soda-benchmark-graphs/pytorch-graphs/squeeze_net_tosa.dot,/qfs/people/dass304/dass304/HWSWpartition/hw-sw-partition-metaheur/BatchExperiments/Ablation/diff_gnn_order_lssp_trace/squeeze_net_tosa/seed-42/run-20260412-143138/config/squeeze_net_tosa_seed-42_ablation.yaml,train,epoch,train,thresholded_partition,threshold,333,333.0,0,333,False,False,4961.9296875,2372.889825134469,2582.5819022440837,nan,nan,False,159,8670.34297334836,4831.909135635894,0.85015,0.8668,4973896.0,0.5034008622169495,nan,queue,queue,per_epoch_trace
squeeze_net_tosa,inputs/task_graph_topology/soda-benchmark-graphs/pytorch-graphs/squeeze_net_tosa.dot,/qfs/people/dass304/dass304/HWSWpartition/hw-sw-partition-metaheur/BatchExperiments/Ablation/diff_gnn_order_lssp_trace/squeeze_net_tosa/seed-42/run-20260412-143138/config/squeeze_net_tosa_seed-42_ablation.yaml,train,epoch,train,thresholded_partition,threshold,334,334.0,0,334,False,False,4974.03515625,3671.7951464037947,3891.2178999224784,nan,nan,False,155,8375.53181695557,4831.909135635894,0.8497,0.8664,4978169.5,0.5019315481185913,nan,queue,queue,per_epoch_trace
squeeze_net_tosa,inputs/task_graph_topology/soda-benchmark-graphs/pytorch-graphs/squeeze_net_tosa.dot,/qfs/people/dass304/dass304/HWSWpartition/hw-sw-partition-metaheur/BatchExperiments/Ablation/diff_gnn_order_lssp_trace/squeeze_net_tosa/seed-42/run-20260412-143138/config/squeeze_net_tosa_seed-42_ablation.yaml,train,epoch,train,thresholded_partition,threshold,335,335.0,0,335,False,False,4969.77734375,2672.0933629207125,2682.6895135293657,nan,nan,False,161,8630.046661147902,4831.909135635894,0.84925,0.866,4972688.0,0.501583456993103,nan,queue,queue,per_epoch_trace
squeeze_net_tosa,inputs/task_graph_topology/soda-benchmark-graphs/pytorch-graphs/squeeze_net_tosa.dot,/qfs/people/dass304/dass304/HWSWpartition/hw-sw-partition-metaheur/BatchExperiments/Ablation/diff_gnn_order_lssp_trace/squeeze_net_tosa/seed-42/run-20260412-143138/config/squeeze_net_tosa_seed-42_ablation.yaml,train,epoch,train,thresholded_partition,threshold,336,336.0,0,336,False,False,4943.021484375,2563.344611089279,2563.344611089279,nan,nan,False,163,8957.570655720685,4831.909135635894,0.8488,0.8655999999999999,4972884.5,0.5054280161857605,nan,queue,queue,per_epoch_trace
squeeze_net_tosa,inputs/task_graph_topology/soda-benchmark-graphs/pytorch-graphs/squeeze_net_tosa.dot,/qfs/people/dass304/dass304/HWSWpartition/hw-sw-partition-metaheur/BatchExperiments/Ablation/diff_gnn_order_lssp_trace/squeeze_net_tosa/seed-42/run-20260412-143138/config/squeeze_net_tosa_seed-42_ablation.yaml,train,epoch,train,thresholded_partition,threshold,337,337.0,0,337,False,False,4928.5009765625,2899.9751144239194,3005.788789882338,nan,nan,False,156,8223.16358620588,4831.909135635894,0.8483499999999999,0.8652,4929084.5,0.5004268288612366,nan,queue,queue,per_epoch_trace
squeeze_net_tosa,inputs/task_graph_topology/soda-benchmark-graphs/pytorch-graphs/squeeze_net_tosa.dot,/qfs/people/dass304/dass304/HWSWpartition/hw-sw-partition-metaheur/BatchExperiments/Ablation/diff_gnn_order_lssp_trace/squeeze_net_tosa/seed-42/run-20260412-143138/config/squeeze_net_tosa_seed-42_ablation.yaml,train,epoch,train,thresholded_partition,threshold,338,338.0,0,338,False,False,4872.50341796875,3301.769182540415,3338.9124991420344,nan,nan,False,153,8280.117824648392,4831.909135635894,0.8479,0.8648,4873035.5,0.5003458261489868,nan,queue,queue,per_epoch_trace
squeeze_net_tosa,inputs/task_graph_topology/soda-benchmark-graphs/pytorch-graphs/squeeze_net_tosa.dot,/qfs/people/dass304/dass304/HWSWpartition/hw-sw-partition-metaheur/BatchExperiments/Ablation/diff_gnn_order_lssp_trace/squeeze_net_tosa/seed-42/run-20260412-143138/config/squeeze_net_tosa_seed-42_ablation.yaml,train,epoch,train,thresholded_partition,threshold,339,339.0,0,339,False,False,4970.93310546875,2945.9841677672603,2965.834749289086,nan,nan,False,156,8637.792790176401,4831.909135635894,0.84745,0.8644,4975524.0,0.5020469427108765,nan,queue,queue,per_epoch_trace
squeeze_net_tosa,inputs/task_graph_topology/soda-benchmark-graphs/pytorch-graphs/squeeze_net_tosa.dot,/qfs/people/dass304/dass304/HWSWpartition/hw-sw-partition-metaheur/BatchExperiments/Ablation/diff_gnn_order_lssp_trace/squeeze_net_tosa/seed-42/run-20260412-143138/config/squeeze_net_tosa_seed-42_ablation.yaml,train,epoch,train,thresholded_partition,threshold,340,340.0,0,340,False,False,4966.0,2396.969790910998,2499.216506826032,nan,nan,False,157,8595.735373552883,4831.909135635894,0.847,0.864,4967645.0,0.501113772392273,nan,queue,queue,per_epoch_trace
squeeze_net_tosa,inputs/task_graph_topology/soda-benchmark-graphs/pytorch-graphs/squeeze_net_tosa.dot,/qfs/people/dass304/dass304/HWSWpartition/hw-sw-partition-metaheur/BatchExperiments/Ablation/diff_gnn_order_lssp_trace/squeeze_net_tosa/seed-42/run-20260412-143138/config/squeeze_net_tosa_seed-42_ablation.yaml,train,epoch,train,thresholded_partition,threshold,341,341.0,0,341,False,False,5009.24951171875,4051.9540005458357,4185.376576079884,nan,nan,False,152,8234.48550919084,4831.909135635894,0.84655,0.8635999999999999,5011850.5,0.5014791488647461,nan,queue,queue,per_epoch_trace
squeeze_net_tosa,inputs/task_graph_topology/soda-benchmark-graphs/pytorch-graphs/squeeze_net_tosa.dot,/qfs/people/dass304/dass304/HWSWpartition/hw-sw-partition-metaheur/BatchExperiments/Ablation/diff_gnn_order_lssp_trace/squeeze_net_tosa/seed-42/run-20260412-143138/config/squeeze_net_tosa_seed-42_ablation.yaml,train,epoch,train,thresholded_partition,threshold,342,342.0,0,342,False,False,4985.44091796875,3537.0805760594717,3656.5821190640686,nan,nan,False,156,8436.386162192259,4831.909135635894,0.8461,0.8632,4990273.5,0.5021054744720459,nan,queue,queue,per_epoch_trace
squeeze_net_tosa,inputs/task_graph_topology/soda-benchmark-graphs/pytorch-graphs/squeeze_net_tosa.dot,/qfs/people/dass304/dass304/HWSWpartition/hw-sw-partition-metaheur/BatchExperiments/Ablation/diff_gnn_order_lssp_trace/squeeze_net_tosa/seed-42/run-20260412-143138/config/squeeze_net_tosa_seed-42_ablation.yaml,train,epoch,train,thresholded_partition,threshold,343,343.0,0,343,False,False,4976.93408203125,2582.5436327983766,2720.3302011194837,nan,nan,False,157,8662.824916341135,4831.909135635894,0.84565,0.8628,4978437.5,0.5010461807250977,nan,queue,queue,per_epoch_trace
squeeze_net_tosa,inputs/task_graph_topology/soda-benchmark-graphs/pytorch-graphs/squeeze_net_tosa.dot,/qfs/people/dass304/dass304/HWSWpartition/hw-sw-partition-metaheur/BatchExperiments/Ablation/diff_gnn_order_lssp_trace/squeeze_net_tosa/seed-42/run-20260412-143138/config/squeeze_net_tosa_seed-42_ablation.yaml,train,epoch,train,thresholded_partition,threshold,344,344.0,0,344,False,False,4966.10888671875,4935.867057277352,4935.867057277352,nan,nan,False,154,8490.635215344508,4831.909135635894,0.8452,0.8624,4979227.0,0.5035658478736877,nan,queue,queue,per_epoch_trace
squeeze_net_tosa,inputs/task_graph_topology/soda-benchmark-graphs/pytorch-graphs/squeeze_net_tosa.dot,/qfs/people/dass304/dass304/HWSWpartition/hw-sw-partition-metaheur/BatchExperiments/Ablation/diff_gnn_order_lssp_trace/squeeze_net_tosa/seed-42/run-20260412-143138/config/squeeze_net_tosa_seed-42_ablation.yaml,train,epoch,train,thresholded_partition,threshold,345,345.0,0,345,False,False,4907.12548828125,3039.1609522408353,3044.9538785888444,nan,nan,False,158,8461.677562113146,4831.909135635894,0.84475,0.862,4911340.0,0.5019521713256836,nan,queue,queue,per_epoch_trace
squeeze_net_tosa,inputs/task_graph_topology/soda-benchmark-graphs/pytorch-graphs/squeeze_net_tosa.dot,/qfs/people/dass304/dass304/HWSWpartition/hw-sw-partition-metaheur/BatchExperiments/Ablation/diff_gnn_order_lssp_trace/squeeze_net_tosa/seed-42/run-20260412-143138/config/squeeze_net_tosa_seed-42_ablation.yaml,train,epoch,train,thresholded_partition,threshold,346,346.0,0,346,False,False,4949.27294921875,3729.742997325675,3639.265569943364,nan,nan,False,151,8276.053591827733,4831.909135635894,0.8443,0.8616,4951097.5,0.5011913180351257,nan,queue,queue,per_epoch_trace
squeeze_net_tosa,inputs/task_graph_topology/soda-benchmark-graphs/pytorch-graphs/squeeze_net_tosa.dot,/qfs/people/dass304/dass304/HWSWpartition/hw-sw-partition-metaheur/BatchExperiments/Ablation/diff_gnn_order_lssp_trace/squeeze_net_tosa/seed-42/run-20260412-143138/config/squeeze_net_tosa_seed-42_ablation.yaml,train,epoch,train,thresholded_partition,threshold,347,347.0,0,347,False,False,4962.80712890625,3544.814313420027,3610.987252868408,nan,nan,False,157,8449.252346925698,4831.909135635894,0.84385,0.8612,4964566.0,0.5011588335037231,nan,queue,queue,per_epoch_trace
squeeze_net_tosa,inputs/task_graph_topology/soda-benchmark-graphs/pytorch-graphs/squeeze_net_tosa.dot,/qfs/people/dass304/dass304/HWSWpartition/hw-sw-partition-metaheur/BatchExperiments/Ablation/diff_gnn_order_lssp_trace/squeeze_net_tosa/seed-42/run-20260412-143138/config/squeeze_net_tosa_seed-42_ablation.yaml,train,epoch,train,thresholded_partition,threshold,348,348.0,0,348,False,False,5017.22412109375,4261.872968629854,4367.19284033325,nan,nan,False,150,8362.834259389569,4831.909135635894,0.8434,0.8608,5018039.0,0.4993636906147003,nan,queue,queue,per_epoch_trace
squeeze_net_tosa,inputs/task_graph_topology/soda-benchmark-graphs/pytorch-graphs/squeeze_net_tosa.dot,/qfs/people/dass304/dass304/HWSWpartition/hw-sw-partition-metaheur/BatchExperiments/Ablation/diff_gnn_order_lssp_trace/squeeze_net_tosa/seed-42/run-20260412-143138/config/squeeze_net_tosa_seed-42_ablation.yaml,train,epoch,train,thresholded_partition,threshold,349,349.0,0,349,False,False,4939.66943359375,2769.9159277134563,2855.9084323806646,nan,nan,False,158,8671.383355614864,4831.909135635894,0.84295,0.8604,4944291.0,0.5020524859428406,nan,queue,queue,per_epoch_trace
squeeze_net_tosa,inputs/task_graph_topology/soda-benchmark-graphs/pytorch-graphs/squeeze_net_tosa.dot,/qfs/people/dass304/dass304/HWSWpartition/hw-sw-partition-metaheur/BatchExperiments/Ablation/diff_gnn_order_lssp_trace/squeeze_net_tosa/seed-42/run-20260412-143138/config/squeeze_net_tosa_seed-42_ablation.yaml,train,epoch,train,thresholded_partition,threshold,350,350.0,0,350,False,False,4915.22509765625,3230.771331887286,3229.6872578804096,nan,nan,False,153,8271.13498927944,4831.909135635894,0.8425,0.86,4915643.0,0.5000986456871033,nan,queue,queue,per_epoch_trace
squeeze_net_tosa,inputs/task_graph_topology/soda-benchmark-graphs/pytorch-graphs/squeeze_net_tosa.dot,/qfs/people/dass304/dass304/HWSWpartition/hw-sw-partition-metaheur/BatchExperiments/Ablation/diff_gnn_order_lssp_trace/squeeze_net_tosa/seed-42/run-20260412-143138/config/squeeze_net_tosa_seed-42_ablation.yaml,train,epoch,train,thresholded_partition,threshold,351,351.0,0,351,False,False,5002.9384765625,3406.565798147405,3352.2421522069135,nan,nan,False,157,8390.816010566266,4831.909135635894,0.84205,0.8596,5003888.5,0.5007306337356567,nan,queue,queue,per_epoch_trace
squeeze_net_tosa,inputs/task_graph_topology/soda-benchmark-graphs/pytorch-graphs/squeeze_net_tosa.dot,/qfs/people/dass304/dass304/HWSWpartition/hw-sw-partition-metaheur/BatchExperiments/Ablation/diff_gnn_order_lssp_trace/squeeze_net_tosa/seed-42/run-20260412-143138/config/squeeze_net_tosa_seed-42_ablation.yaml,train,epoch,train,thresholded_partition,threshold,352,352.0,0,352,False,False,4951.44189453125,2643.5891567415083,2652.911992850073,nan,nan,False,154,8448.465026845974,4831.909135635894,0.8416,0.8592,4952337.5,0.5006977915763855,nan,queue,queue,per_epoch_trace
squeeze_net_tosa,inputs/task_graph_topology/soda-benchmark-graphs/pytorch-graphs/squeeze_net_tosa.dot,/qfs/people/dass304/dass304/HWSWpartition/hw-sw-partition-metaheur/BatchExperiments/Ablation/diff_gnn_order_lssp_trace/squeeze_net_tosa/seed-42/run-20260412-143138/config/squeeze_net_tosa_seed-42_ablation.yaml,train,epoch,train,thresholded_partition,threshold,353,353.0,0,353,False,False,4870.794921875,2414.7391457131253,2414.7391457131253,nan,nan,False,155,8422.880981324202,4831.909135635894,0.8411500000000001,0.8588,4875186.0,0.5019962191581726,nan,queue,queue,per_epoch_trace
squeeze_net_tosa,inputs/task_graph_topology/soda-benchmark-graphs/pytorch-graphs/squeeze_net_tosa.dot,/qfs/people/dass304/dass304/HWSWpartition/hw-sw-partition-metaheur/BatchExperiments/Ablation/diff_gnn_order_lssp_trace/squeeze_net_tosa/seed-42/run-20260412-143138/config/squeeze_net_tosa_seed-42_ablation.yaml,train,epoch,train,thresholded_partition,threshold,354,354.0,0,354,False,False,4982.744140625,3396.1424171915896,3470.204756286742,nan,nan,False,154,8359.074515225751,4831.909135635894,0.8407,0.8584,4983612.0,0.49931904673576355,nan,queue,queue,per_epoch_trace
squeeze_net_tosa,inputs/task_graph_topology/soda-benchmark-graphs/pytorch-graphs/squeeze_net_tosa.dot,/qfs/people/dass304/dass304/HWSWpartition/hw-sw-partition-metaheur/BatchExperiments/Ablation/diff_gnn_order_lssp_trace/squeeze_net_tosa/seed-42/run-20260412-143138/config/squeeze_net_tosa_seed-42_ablation.yaml,train,epoch,train,thresholded_partition,threshold,355,355.0,0,355,False,False,4961.0703125,3923.829812315348,3976.9894029886154,nan,nan,False,145,8048.7449162334005,4831.909135635894,0.8402499999999999,0.858,4961666.5,0.500434160232544,nan,queue,queue,per_epoch_trace
squeeze_net_tosa,inputs/task_graph_topology/soda-benchmark-graphs/pytorch-graphs/squeeze_net_tosa.dot,/qfs/people/dass304/dass304/HWSWpartition/hw-sw-partition-metaheur/BatchExperiments/Ablation/diff_gnn_order_lssp_trace/squeeze_net_tosa/seed-42/run-20260412-143138/config/squeeze_net_tosa_seed-42_ablation.yaml,train,epoch,train,thresholded_partition,threshold,356,356.0,0,356,False,False,4916.16455078125,2612.637569324063,2929.44315476112,nan,nan,False,156,8367.01977724207,4831.909135635894,0.8398,0.8576,4917474.5,0.5009487271308899,nan,queue,queue,per_epoch_trace
squeeze_net_tosa,inputs/task_graph_topology/soda-benchmark-graphs/pytorch-graphs/squeeze_net_tosa.dot,/qfs/people/dass304/dass304/HWSWpartition/hw-sw-partition-metaheur/BatchExperiments/Ablation/diff_gnn_order_lssp_trace/squeeze_net_tosa/seed-42/run-20260412-143138/config/squeeze_net_tosa_seed-42_ablation.yaml,train,epoch,train,thresholded_partition,threshold,357,357.0,0,357,False,False,4933.64013671875,3083.604918742723,3184.991341623189,nan,nan,False,157,8347.128252637911,4831.909135635894,0.83935,0.8572,4935476.0,0.501194417476654,nan,queue,queue,per_epoch_trace
squeeze_net_tosa,inputs/task_graph_topology/soda-benchmark-graphs/pytorch-graphs/squeeze_net_tosa.dot,/qfs/people/dass304/dass304/HWSWpartition/hw-sw-partition-metaheur/BatchExperiments/Ablation/diff_gnn_order_lssp_trace/squeeze_net_tosa/seed-42/run-20260412-143138/config/squeeze_net_tosa_seed-42_ablation.yaml,train,epoch,train,thresholded_partition,threshold,358,358.0,0,358,False,False,4930.8515625,2208.065348498258,2225.5438090871717,nan,nan,False,162,8843.768696834073,4831.909135635894,0.8389,0.8568,4946584.5,0.5039151906967163,nan,queue,queue,per_epoch_trace
squeeze_net_tosa,inputs/task_graph_topology/soda-benchmark-graphs/pytorch-graphs/squeeze_net_tosa.dot,/qfs/people/dass304/dass304/HWSWpartition/hw-sw-partition-metaheur/BatchExperiments/Ablation/diff_gnn_order_lssp_trace/squeeze_net_tosa/seed-42/run-20260412-143138/config/squeeze_net_tosa_seed-42_ablation.yaml,train,epoch,train,thresholded_partition,threshold,359,359.0,0,359,False,False,4916.06884765625,2215.2140806865855,2313.474936393793,nan,nan,False,161,8793.816168022382,4831.909135635894,0.83845,0.8564,4918521.0,0.5014299750328064,nan,queue,queue,per_epoch_trace
squeeze_net_tosa,inputs/task_graph_topology/soda-benchmark-graphs/pytorch-graphs/squeeze_net_tosa.dot,/qfs/people/dass304/dass304/HWSWpartition/hw-sw-partition-metaheur/BatchExperiments/Ablation/diff_gnn_order_lssp_trace/squeeze_net_tosa/seed-42/run-20260412-143138/config/squeeze_net_tosa_seed-42_ablation.yaml,train,epoch,train,thresholded_partition,threshold,360,360.0,0,360,False,False,4860.384765625,2401.2385110874284,2401.2385110874284,nan,nan,False,163,8947.841474976112,4831.909135635894,0.838,0.856,4863453.0,0.5016322135925293,nan,queue,queue,per_epoch_trace
squeeze_net_tosa,inputs/task_graph_topology/soda-benchmark-graphs/pytorch-graphs/squeeze_net_tosa.dot,/qfs/people/dass304/dass304/HWSWpartition/hw-sw-partition-metaheur/BatchExperiments/Ablation/diff_gnn_order_lssp_trace/squeeze_net_tosa/seed-42/run-20260412-143138/config/squeeze_net_tosa_seed-42_ablation.yaml,train,epoch,train,thresholded_partition,threshold,361,361.0,0,361,False,False,4906.00244140625,2073.5720865757066,2270.4428044095866,nan,nan,False,160,8476.476138745795,4831.909135635894,0.83755,0.8556,4906715.0,0.4994440972805023,nan,queue,queue,per_epoch_trace
squeeze_net_tosa,inputs/task_graph_topology/soda-benchmark-graphs/pytorch-graphs/squeeze_net_tosa.dot,/qfs/people/dass304/dass304/HWSWpartition/hw-sw-partition-metaheur/BatchExperiments/Ablation/diff_gnn_order_lssp_trace/squeeze_net_tosa/seed-42/run-20260412-143138/config/squeeze_net_tosa_seed-42_ablation.yaml,train,epoch,train,thresholded_partition,threshold,362,362.0,0,362,False,False,4974.5048828125,1820.2563639461532,1820.2563639461532,nan,nan,False,160,8702.734306179049,4831.909135635894,0.8371,0.8552,4975132.0,0.5004752278327942,nan,queue,queue,per_epoch_trace
squeeze_net_tosa,inputs/task_graph_topology/soda-benchmark-graphs/pytorch-graphs/squeeze_net_tosa.dot,/qfs/people/dass304/dass304/HWSWpartition/hw-sw-partition-metaheur/BatchExperiments/Ablation/diff_gnn_order_lssp_trace/squeeze_net_tosa/seed-42/run-20260412-143138/config/squeeze_net_tosa_seed-42_ablation.yaml,train,epoch,train,thresholded_partition,threshold,363,363.0,0,363,False,False,4987.11767578125,2896.150552043357,3004.2955610423937,nan,nan,False,158,8450.79564983687,4831.909135635894,0.83665,0.8548,4987978.5,0.5006773471832275,nan,queue,queue,per_epoch_trace
squeeze_net_tosa,inputs/task_graph_topology/soda-benchmark-graphs/pytorch-graphs/squeeze_net_tosa.dot,/qfs/people/dass304/dass304/HWSWpartition/hw-sw-partition-metaheur/BatchExperiments/Ablation/diff_gnn_order_lssp_trace/squeeze_net_tosa/seed-42/run-20260412-143138/config/squeeze_net_tosa_seed-42_ablation.yaml,train,epoch,train,thresholded_partition,threshold,364,364.0,0,364,False,False,4989.671875,3810.2599868739235,3914.508304058432,nan,nan,False,152,8248.723243422679,4831.909135635894,0.8362,0.8544,4990239.5,0.5004039406776428,nan,queue,queue,per_epoch_trace
squeeze_net_tosa,inputs/task_graph_topology/soda-benchmark-graphs/pytorch-graphs/squeeze_net_tosa.dot,/qfs/people/dass304/dass304/HWSWpartition/hw-sw-partition-metaheur/BatchExperiments/Ablation/diff_gnn_order_lssp_trace/squeeze_net_tosa/seed-42/run-20260412-143138/config/squeeze_net_tosa_seed-42_ablation.yaml,train,epoch,train,thresholded_partition,threshold,365,365.0,0,365,False,False,4969.34326171875,3128.174038199762,3191.6402266862615,nan,nan,False,159,8625.959496988497,4831.909135635894,0.83575,0.854,4973686.0,0.5019839406013489,nan,queue,queue,per_epoch_trace
squeeze_net_tosa,inputs/task_graph_topology/soda-benchmark-graphs/pytorch-graphs/squeeze_net_tosa.dot,/qfs/people/dass304/dass304/HWSWpartition/hw-sw-partition-metaheur/BatchExperiments/Ablation/diff_gnn_order_lssp_trace/squeeze_net_tosa/seed-42/run-20260412-143138/config/squeeze_net_tosa_seed-42_ablation.yaml,train,epoch,train,thresholded_partition,threshold,366,366.0,0,366,False,False,4827.08447265625,2062.8618942961443,2165.5721050554803,nan,nan,False,160,8758.726404632072,4831.909135635894,0.8352999999999999,0.8536,4829405.0,0.5013808012008667,nan,queue,queue,per_epoch_trace
squeeze_net_tosa,inputs/task_graph_topology/soda-benchmark-graphs/pytorch-graphs/squeeze_net_tosa.dot,/qfs/people/dass304/dass304/HWSWpartition/hw-sw-partition-metaheur/BatchExperiments/Ablation/diff_gnn_order_lssp_trace/squeeze_net_tosa/seed-42/run-20260412-143138/config/squeeze_net_tosa_seed-42_ablation.yaml,train,epoch,train,thresholded_partition,threshold,367,367.0,0,367,False,False,4963.97216796875,2965.3229961958723,3293.7567305943753,nan,nan,False,154,8419.00992534955,4831.909135635894,0.83485,0.8532,4972879.5,0.5029156804084778,nan,queue,queue,per_epoch_trace
squeeze_net_tosa,inputs/task_graph_topology/soda-benchmark-graphs/pytorch-graphs/squeeze_net_tosa.dot,/qfs/people/dass304/dass304/HWSWpartition/hw-sw-partition-metaheur/BatchExperiments/Ablation/diff_gnn_order_lssp_trace/squeeze_net_tosa/seed-42/run-20260412-143138/config/squeeze_net_tosa_seed-42_ablation.yaml,train,epoch,train,thresholded_partition,threshold,368,368.0,0,368,False,False,4823.22998046875,2254.219044372809,2254.219044372809,nan,nan,False,162,8627.163835812189,4831.909135635894,0.8344,0.8528,4832391.0,0.5029586553573608,nan,queue,queue,per_epoch_trace
squeeze_net_tosa,inputs/task_graph_topology/soda-benchmark-graphs/pytorch-graphs/squeeze_net_tosa.dot,/qfs/people/dass304/dass304/HWSWpartition/hw-sw-partition-metaheur/BatchExperiments/Ablation/diff_gnn_order_lssp_trace/squeeze_net_tosa/seed-42/run-20260412-143138/config/squeeze_net_tosa_seed-42_ablation.yaml,train,epoch,train,thresholded_partition,threshold,369,369.0,0,369,False,False,4933.05712890625,2438.261964767791,2615.1341526257506,nan,nan,False,160,8591.095814393133,4831.909135635894,0.83395,0.8524,4937321.5,0.5019627213478088,nan,queue,queue,per_epoch_trace
squeeze_net_tosa,inputs/task_graph_topology/soda-benchmark-graphs/pytorch-graphs/squeeze_net_tosa.dot,/qfs/people/dass304/dass304/HWSWpartition/hw-sw-partition-metaheur/BatchExperiments/Ablation/diff_gnn_order_lssp_trace/squeeze_net_tosa/seed-42/run-20260412-143138/config/squeeze_net_tosa_seed-42_ablation.yaml,train,epoch,train,thresholded_partition,threshold,370,370.0,0,370,False,False,4942.005859375,2140.464356372769,2072.5545428738005,nan,nan,False,166,8907.658848631036,4831.909135635894,0.8335,0.852,4956896.0,0.5038055777549744,nan,queue,queue,per_epoch_trace
squeeze_net_tosa,inputs/task_graph_topology/soda-benchmark-graphs/pytorch-graphs/squeeze_net_tosa.dot,/qfs/people/dass304/dass304/HWSWpartition/hw-sw-partition-metaheur/BatchExperiments/Ablation/diff_gnn_order_lssp_trace/squeeze_net_tosa/seed-42/run-20260412-143138/config/squeeze_net_tosa_seed-42_ablation.yaml,train,epoch,train,thresholded_partition,threshold,371,371.0,0,371,False,False,5010.24560546875,3291.0573933184805,3504.862975825426,nan,nan,False,156,8163.042061153195,4831.909135635894,0.83305,0.8516,5012024.5,0.4988296926021576,nan,queue,queue,per_epoch_trace
squeeze_net_tosa,inputs/task_graph_topology/soda-benchmark-graphs/pytorch-graphs/squeeze_net_tosa.dot,/qfs/people/dass304/dass304/HWSWpartition/hw-sw-partition-metaheur/BatchExperiments/Ablation/diff_gnn_order_lssp_trace/squeeze_net_tosa/seed-42/run-20260412-143138/config/squeeze_net_tosa_seed-42_ablation.yaml,train,epoch,train,thresholded_partition,threshold,372,372.0,0,372,False,False,4996.1220703125,1711.2801266365902,1711.2801266365902,nan,nan,False,164,8914.098227957116,4831.909135635894,0.8326,0.8512,4998983.5,0.5015688538551331,nan,queue,queue,per_epoch_trace
squeeze_net_tosa,inputs/task_graph_topology/soda-benchmark-graphs/pytorch-graphs/squeeze_net_tosa.dot,/qfs/people/dass304/dass304/HWSWpartition/hw-sw-partition-metaheur/BatchExperiments/Ablation/diff_gnn_order_lssp_trace/squeeze_net_tosa/seed-42/run-20260412-143138/config/squeeze_net_tosa_seed-42_ablation.yaml,train,epoch,train,thresholded_partition,threshold,373,373.0,0,373,False,False,5013.61328125,2311.440548951136,2339.7072713294774,nan,nan,False,164,8838.919559052785,4831.909135635894,0.83215,0.8508,5015331.0,0.5011476278305054,nan,queue,queue,per_epoch_trace
squeeze_net_tosa,inputs/task_graph_topology/soda-benchmark-graphs/pytorch-graphs/squeeze_net_tosa.dot,/qfs/people/dass304/dass304/HWSWpartition/hw-sw-partition-metaheur/BatchExperiments/Ablation/diff_gnn_order_lssp_trace/squeeze_net_tosa/seed-42/run-20260412-143138/config/squeeze_net_tosa_seed-42_ablation.yaml,train,epoch,train,thresholded_partition,threshold,374,374.0,0,374,False,False,4967.51025390625,2807.383849982489,2793.2608049451765,nan,nan,False,160,8592.92593967614,4831.909135635894,0.8317,0.8504,4968182.0,0.5005162954330444,nan,queue,queue,per_epoch_trace
squeeze_net_tosa,inputs/task_graph_topology/soda-benchmark-graphs/pytorch-graphs/squeeze_net_tosa.dot,/qfs/people/dass304/dass304/HWSWpartition/hw-sw-partition-metaheur/BatchExperiments/Ablation/diff_gnn_order_lssp_trace/squeeze_net_tosa/seed-42/run-20260412-143138/config/squeeze_net_tosa_seed-42_ablation.yaml,train,epoch,train,thresholded_partition,threshold,375,375.0,0,375,False,False,4949.29443359375,2994.48599779898,2994.48599779898,nan,nan,False,157,8442.625739261432,4831.909135635894,0.83125,0.85,4950050.5,0.5005971789360046,nan,queue,queue,per_epoch_trace
squeeze_net_tosa,inputs/task_graph_topology/soda-benchmark-graphs/pytorch-graphs/squeeze_net_tosa.dot,/qfs/people/dass304/dass304/HWSWpartition/hw-sw-partition-metaheur/BatchExperiments/Ablation/diff_gnn_order_lssp_trace/squeeze_net_tosa/seed-42/run-20260412-143138/config/squeeze_net_tosa_seed-42_ablation.yaml,train,epoch,train,thresholded_partition,threshold,376,376.0,0,376,False,False,4977.91650390625,3045.844265107216,3045.844265107216,nan,nan,False,154,8247.152972698033,4831.909135635894,0.8308,0.8496,4979164.5,0.49908554553985596,nan,queue,queue,per_epoch_trace
squeeze_net_tosa,inputs/task_graph_topology/soda-benchmark-graphs/pytorch-graphs/squeeze_net_tosa.dot,/qfs/people/dass304/dass304/HWSWpartition/hw-sw-partition-metaheur/BatchExperiments/Ablation/diff_gnn_order_lssp_trace/squeeze_net_tosa/seed-42/run-20260412-143138/config/squeeze_net_tosa_seed-42_ablation.yaml,train,epoch,train,thresholded_partition,threshold,377,377.0,0,377,False,False,4990.3046875,2065.3527201703255,2065.3527201703255,nan,nan,False,163,8745.86894491774,4831.909135635894,0.83035,0.8492,4993106.0,0.5015473365783691,nan,queue,queue,per_epoch_trace
squeeze_net_tosa,inputs/task_graph_topology/soda-benchmark-graphs/pytorch-graphs/squeeze_net_tosa.dot,/qfs/people/dass304/dass304/HWSWpartition/hw-sw-partition-metaheur/BatchExperiments/Ablation/diff_gnn_order_lssp_trace/squeeze_net_tosa/seed-42/run-20260412-143138/config/squeeze_net_tosa_seed-42_ablation.yaml,train,epoch,train,thresholded_partition,threshold,378,378.0,0,378,False,False,4867.44140625,1616.9248550524906,1798.7298470983494,nan,nan,False,164,8804.725324312229,4831.909135635894,0.8299,0.8488,4868186.5,0.5005833506584167,nan,queue,queue,per_epoch_trace
squeeze_net_tosa,inputs/task_graph_topology/soda-benchmark-graphs/pytorch-graphs/squeeze_net_tosa.dot,/qfs/people/dass304/dass304/HWSWpartition/hw-sw-partition-metaheur/BatchExperiments/Ablation/diff_gnn_order_lssp_trace/squeeze_net_tosa/seed-42/run-20260412-143138/config/squeeze_net_tosa_seed-42_ablation.yaml,train,epoch,train,thresholded_partition,threshold,379,379.0,0,379,False,False,4991.43701171875,2341.8063927867765,2412.2979548801823,nan,nan,False,163,8657.125891853097,4831.909135635894,0.82945,0.8484,4992034.5,0.49955540895462036,nan,queue,queue,per_epoch_trace
squeeze_net_tosa,inputs/task_graph_topology/soda-benchmark-graphs/pytorch-graphs/squeeze_net_tosa.dot,/qfs/people/dass304/dass304/HWSWpartition/hw-sw-partition-metaheur/BatchExperiments/Ablation/diff_gnn_order_lssp_trace/squeeze_net_tosa/seed-42/run-20260412-143138/config/squeeze_net_tosa_seed-42_ablation.yaml,train,epoch,train,thresholded_partition,threshold,380,380.0,0,380,False,False,4987.849609375,1807.118882177719,1807.118882177719,nan,nan,False,165,8749.704996982893,4831.909135635894,0.829,0.848,4988250.5,0.49998199939727783,nan,queue,queue,per_epoch_trace
squeeze_net_tosa,inputs/task_graph_topology/soda-benchmark-graphs/pytorch-graphs/squeeze_net_tosa.dot,/qfs/people/dass304/dass304/HWSWpartition/hw-sw-partition-metaheur/BatchExperiments/Ablation/diff_gnn_order_lssp_trace/squeeze_net_tosa/seed-42/run-20260412-143138/config/squeeze_net_tosa_seed-42_ablation.yaml,train,epoch,train,thresholded_partition,threshold,381,381.0,0,381,False,False,4919.41259765625,1485.745996749271,1483.8279419878859,nan,nan,False,167,9013.982237580649,4831.909135635894,0.82855,0.8476,4920641.5,0.5009068846702576,nan,queue,queue,per_epoch_trace
squeeze_net_tosa,inputs/task_graph_topology/soda-benchmark-graphs/pytorch-graphs/squeeze_net_tosa.dot,/qfs/people/dass304/dass304/HWSWpartition/hw-sw-partition-metaheur/BatchExperiments/Ablation/diff_gnn_order_lssp_trace/squeeze_net_tosa/seed-42/run-20260412-143138/config/squeeze_net_tosa_seed-42_ablation.yaml,train,epoch,train,thresholded_partition,threshold,382,382.0,0,382,False,False,4979.20068359375,1721.0753234178735,1870.7049516583154,nan,nan,False,166,8825.72099894409,4831.909135635894,0.8281000000000001,0.8472,4980904.0,0.5011426210403442,nan,queue,queue,per_epoch_trace
squeeze_net_tosa,inputs/task_graph_topology/soda-benchmark-graphs/pytorch-graphs/squeeze_net_tosa.dot,/qfs/people/dass304/dass304/HWSWpartition/hw-sw-partition-metaheur/BatchExperiments/Ablation/diff_gnn_order_lssp_trace/squeeze_net_tosa/seed-42/run-20260412-143138/config/squeeze_net_tosa_seed-42_ablation.yaml,train,epoch,train,thresholded_partition,threshold,383,383.0,0,383,False,False,4824.771484375,1887.2051409238538,1887.2051409238538,nan,nan,False,165,8792.242896875112,4831.909135635894,0.82765,0.8468,4825960.0,0.5008859038352966,nan,queue,queue,per_epoch_trace
squeeze_net_tosa,inputs/task_graph_topology/soda-benchmark-graphs/pytorch-graphs/squeeze_net_tosa.dot,/qfs/people/dass304/dass304/HWSWpartition/hw-sw-partition-metaheur/BatchExperiments/Ablation/diff_gnn_order_lssp_trace/squeeze_net_tosa/seed-42/run-20260412-143138/config/squeeze_net_tosa_seed-42_ablation.yaml,train,epoch,train,thresholded_partition,threshold,384,384.0,0,384,False,False,4936.49072265625,1300.2070197093426,1330.164098697081,nan,nan,False,166,8917.893444812056,4831.909135635894,0.8271999999999999,0.8464,4968297.0,0.5056043863296509,nan,queue,queue,per_epoch_trace
squeeze_net_tosa,inputs/task_graph_topology/soda-benchmark-graphs/pytorch-graphs/squeeze_net_tosa.dot,/qfs/people/dass304/dass304/HWSWpartition/hw-sw-partition-metaheur/BatchExperiments/Ablation/diff_gnn_order_lssp_trace/squeeze_net_tosa/seed-42/run-20260412-143138/config/squeeze_net_tosa_seed-42_ablation.yaml,train,epoch,train,thresholded_partition,threshold,385,385.0,0,385,False,False,4879.7197265625,2047.1637707939435,2085.2699453396717,nan,nan,False,164,8886.443361456872,4831.909135635894,0.82675,0.846,4880395.0,0.5005213022232056,nan,queue,queue,per_epoch_trace
squeeze_net_tosa,inputs/task_graph_topology/soda-benchmark-graphs/pytorch-graphs/squeeze_net_tosa.dot,/qfs/people/dass304/dass304/HWSWpartition/hw-sw-partition-metaheur/BatchExperiments/Ablation/diff_gnn_order_lssp_trace/squeeze_net_tosa/seed-42/run-20260412-143138/config/squeeze_net_tosa_seed-42_ablation.yaml,train,epoch,train,thresholded_partition,threshold,386,386.0,0,386,False,False,4992.79638671875,2109.7429983404986,2155.497712045804,nan,nan,False,160,8526.320389696606,4831.909135635894,0.8263,0.8456,4993205.5,0.5001015663146973,nan,queue,queue,per_epoch_trace
squeeze_net_tosa,inputs/task_graph_topology/soda-benchmark-graphs/pytorch-graphs/squeeze_net_tosa.dot,/qfs/people/dass304/dass304/HWSWpartition/hw-sw-partition-metaheur/BatchExperiments/Ablation/diff_gnn_order_lssp_trace/squeeze_net_tosa/seed-42/run-20260412-143138/config/squeeze_net_tosa_seed-42_ablation.yaml,train,epoch,train,thresholded_partition,threshold,387,387.0,0,387,False,False,4956.29150390625,1775.7867371664422,1775.7867371664422,nan,nan,False,165,8908.19311702838,4831.909135635894,0.82585,0.8452,4958581.5,0.5013740062713623,nan,queue,queue,per_epoch_trace
squeeze_net_tosa,inputs/task_graph_topology/soda-benchmark-graphs/pytorch-graphs/squeeze_net_tosa.dot,/qfs/people/dass304/dass304/HWSWpartition/hw-sw-partition-metaheur/BatchExperiments/Ablation/diff_gnn_order_lssp_trace/squeeze_net_tosa/seed-42/run-20260412-143138/config/squeeze_net_tosa_seed-42_ablation.yaml,train,epoch,train,thresholded_partition,threshold,388,388.0,0,388,False,False,4903.94482421875,2402.4382908177768,2414.1885388992846,nan,nan,False,159,8700.129600959202,4831.909135635894,0.8254,0.8448,4907674.0,0.5018242597579956,nan,queue,queue,per_epoch_trace
squeeze_net_tosa,inputs/task_graph_topology/soda-benchmark-graphs/pytorch-graphs/squeeze_net_tosa.dot,/qfs/people/dass304/dass304/HWSWpartition/hw-sw-partition-metaheur/BatchExperiments/Ablation/diff_gnn_order_lssp_trace/squeeze_net_tosa/seed-42/run-20260412-143138/config/squeeze_net_tosa_seed-42_ablation.yaml,train,epoch,train,thresholded_partition,threshold,389,389.0,0,389,False,False,4957.0439453125,2782.1273145634705,2782.127314563471,nan,nan,False,158,8405.200892279756,4831.909135635894,0.82495,0.8444,4959233.0,0.5013344287872314,nan,queue,queue,per_epoch_trace
squeeze_net_tosa,inputs/task_graph_topology/soda-benchmark-graphs/pytorch-graphs/squeeze_net_tosa.dot,/qfs/people/dass304/dass304/HWSWpartition/hw-sw-partition-metaheur/BatchExperiments/Ablation/diff_gnn_order_lssp_trace/squeeze_net_tosa/seed-42/run-20260412-143138/config/squeeze_net_tosa_seed-42_ablation.yaml,train,epoch,train,thresholded_partition,threshold,390,390.0,0,390,False,False,4794.25439453125,2111.0228677661817,2228.9276275440807,nan,nan,False,165,8830.087176474613,4831.909135635894,0.8245,0.844,4795633.5,0.5009898543357849,nan,queue,queue,per_epoch_trace
squeeze_net_tosa,inputs/task_graph_topology/soda-benchmark-graphs/pytorch-graphs/squeeze_net_tosa.dot,/qfs/people/dass304/dass304/HWSWpartition/hw-sw-partition-metaheur/BatchExperiments/Ablation/diff_gnn_order_lssp_trace/squeeze_net_tosa/seed-42/run-20260412-143138/config/squeeze_net_tosa_seed-42_ablation.yaml,train,epoch,train,thresholded_partition,threshold,391,391.0,0,391,False,False,4949.02783203125,1204.4900997663847,1255.8507871724441,nan,nan,False,170,9102.743691792872,4831.909135635894,0.82405,0.8436,4952155.0,0.5016521215438843,nan,queue,queue,per_epoch_trace
squeeze_net_tosa,inputs/task_graph_topology/soda-benchmark-graphs/pytorch-graphs/squeeze_net_tosa.dot,/qfs/people/dass304/dass304/HWSWpartition/hw-sw-partition-metaheur/BatchExperiments/Ablation/diff_gnn_order_lssp_trace/squeeze_net_tosa/seed-42/run-20260412-143138/config/squeeze_net_tosa_seed-42_ablation.yaml,train,epoch,train,thresholded_partition,threshold,392,392.0,0,392,False,False,4973.36279296875,1895.6487443124981,1895.6487443124981,nan,nan,False,160,8423.63786203298,4831.909135635894,0.8236,0.8432,4974429.5,0.5008128881454468,nan,queue,queue,per_epoch_trace
squeeze_net_tosa,inputs/task_graph_topology/soda-benchmark-graphs/pytorch-graphs/squeeze_net_tosa.dot,/qfs/people/dass304/dass304/HWSWpartition/hw-sw-partition-metaheur/BatchExperiments/Ablation/diff_gnn_order_lssp_trace/squeeze_net_tosa/seed-42/run-20260412-143138/config/squeeze_net_tosa_seed-42_ablation.yaml,train,epoch,train,thresholded_partition,threshold,393,393.0,0,393,False,False,4973.84375,1312.2345025034112,1423.945330827792,nan,nan,False,164,8723.325176265113,4831.909135635894,0.82315,0.8428,4974297.0,0.5002291798591614,nan,queue,queue,per_epoch_trace
squeeze_net_tosa,inputs/task_graph_topology/soda-benchmark-graphs/pytorch-graphs/squeeze_net_tosa.dot,/qfs/people/dass304/dass304/HWSWpartition/hw-sw-partition-metaheur/BatchExperiments/Ablation/diff_gnn_order_lssp_trace/squeeze_net_tosa/seed-42/run-20260412-143138/config/squeeze_net_tosa_seed-42_ablation.yaml,train,epoch,train,thresholded_partition,threshold,394,394.0,0,394,False,False,4922.89013671875,2998.952328047966,2924.099596966977,nan,nan,False,158,8584.767975265813,4831.909135635894,0.8227,0.8424,4923431.0,0.500373363494873,nan,queue,queue,per_epoch_trace
squeeze_net_tosa,inputs/task_graph_topology/soda-benchmark-graphs/pytorch-graphs/squeeze_net_tosa.dot,/qfs/people/dass304/dass304/HWSWpartition/hw-sw-partition-metaheur/BatchExperiments/Ablation/diff_gnn_order_lssp_trace/squeeze_net_tosa/seed-42/run-20260412-143138/config/squeeze_net_tosa_seed-42_ablation.yaml,train,epoch,train,thresholded_partition,threshold,395,395.0,0,395,False,False,4936.5703125,1518.5750821060942,1593.488100181613,nan,nan,False,166,8861.027898109633,4831.909135635894,0.8222499999999999,0.842,4941846.0,0.5022068023681641,nan,queue,queue,per_epoch_trace
squeeze_net_tosa,inputs/task_graph_topology/soda-benchmark-graphs/pytorch-graphs/squeeze_net_tosa.dot,/qfs/people/dass304/dass304/HWSWpartition/hw-sw-partition-metaheur/BatchExperiments/Ablation/diff_gnn_order_lssp_trace/squeeze_net_tosa/seed-42/run-20260412-143138/config/squeeze_net_tosa_seed-42_ablation.yaml,train,epoch,train,thresholded_partition,threshold,396,396.0,0,396,False,False,4983.623046875,1824.9954763315295,1824.9954763315295,nan,nan,False,165,8767.133214604384,4831.909135635894,0.8218,0.8416,4984149.5,0.5003558993339539,nan,queue,queue,per_epoch_trace
squeeze_net_tosa,inputs/task_graph_topology/soda-benchmark-graphs/pytorch-graphs/squeeze_net_tosa.dot,/qfs/people/dass304/dass304/HWSWpartition/hw-sw-partition-metaheur/BatchExperiments/Ablation/diff_gnn_order_lssp_trace/squeeze_net_tosa/seed-42/run-20260412-143138/config/squeeze_net_tosa_seed-42_ablation.yaml,train,epoch,train,thresholded_partition,threshold,397,397.0,0,397,False,False,4871.38232421875,2326.685710425071,2227.1682841392167,nan,nan,False,161,8656.153324438543,4831.909135635894,0.82135,0.8412,4873690.5,0.5013803839683533,nan,queue,queue,per_epoch_trace
squeeze_net_tosa,inputs/task_graph_topology/soda-benchmark-graphs/pytorch-graphs/squeeze_net_tosa.dot,/qfs/people/dass304/dass304/HWSWpartition/hw-sw-partition-metaheur/BatchExperiments/Ablation/diff_gnn_order_lssp_trace/squeeze_net_tosa/seed-42/run-20260412-143138/config/squeeze_net_tosa_seed-42_ablation.yaml,train,epoch,train,thresholded_partition,threshold,398,398.0,0,398,False,False,4917.12841796875,1317.7762567989303,1317.7762567989303,nan,nan,False,165,8868.18994646819,4831.909135635894,0.8209,0.8408,4939930.0,0.5047323703765869,nan,queue,queue,per_epoch_trace
squeeze_net_tosa,inputs/task_graph_topology/soda-benchmark-graphs/pytorch-graphs/squeeze_net_tosa.dot,/qfs/people/dass304/dass304/HWSWpartition/hw-sw-partition-metaheur/BatchExperiments/Ablation/diff_gnn_order_lssp_trace/squeeze_net_tosa/seed-42/run-20260412-143138/config/squeeze_net_tosa_seed-42_ablation.yaml,train,epoch,train,thresholded_partition,threshold,399,399.0,0,399,False,False,4945.75634765625,2743.499867703538,2853.827173251303,nan,nan,False,155,8474.965467155862,4831.909135635894,0.82045,0.8404,4946310.0,0.5003830194473267,nan,queue,queue,per_epoch_trace
squeeze_net_tosa,inputs/task_graph_topology/soda-benchmark-graphs/pytorch-graphs/squeeze_net_tosa.dot,/qfs/people/dass304/dass304/HWSWpartition/hw-sw-partition-metaheur/BatchExperiments/Ablation/diff_gnn_order_lssp_trace/squeeze_net_tosa/seed-42/run-20260412-143138/config/squeeze_net_tosa_seed-42_ablation.yaml,train,epoch,train,thresholded_partition,threshold,400,400.0,0,400,False,False,5020.62060546875,2930.3714626542633,3169.964452666139,nan,nan,False,159,8684.986985993935,4831.909135635894,0.82,0.84,5021040.0,0.5000773668289185,nan,queue,queue,per_epoch_trace
squeeze_net_tosa,inputs/task_graph_topology/soda-benchmark-graphs/pytorch-graphs/squeeze_net_tosa.dot,/qfs/people/dass304/dass304/HWSWpartition/hw-sw-partition-metaheur/BatchExperiments/Ablation/diff_gnn_order_lssp_trace/squeeze_net_tosa/seed-42/run-20260412-143138/config/squeeze_net_tosa_seed-42_ablation.yaml,train,epoch,train,thresholded_partition,threshold,401,401.0,0,401,False,False,4906.68798828125,1651.8025350031778,1679.5051558533735,nan,nan,False,164,8815.59807487791,4831.909135635894,0.81955,0.8396,4934124.5,0.5051994919776917,nan,queue,queue,per_epoch_trace
squeeze_net_tosa,inputs/task_graph_topology/soda-benchmark-graphs/pytorch-graphs/squeeze_net_tosa.dot,/qfs/people/dass304/dass304/HWSWpartition/hw-sw-partition-metaheur/BatchExperiments/Ablation/diff_gnn_order_lssp_trace/squeeze_net_tosa/seed-42/run-20260412-143138/config/squeeze_net_tosa_seed-42_ablation.yaml,train,epoch,train,thresholded_partition,threshold,402,402.0,0,402,False,False,4821.85546875,2086.7644361930033,2117.211168323483,nan,nan,False,159,8779.693482262677,4831.909135635894,0.8190999999999999,0.8392,4829528.5,0.502694845199585,nan,queue,queue,per_epoch_trace
squeeze_net_tosa,inputs/task_graph_topology/soda-benchmark-graphs/pytorch-graphs/squeeze_net_tosa.dot,/qfs/people/dass304/dass304/HWSWpartition/hw-sw-partition-metaheur/BatchExperiments/Ablation/diff_gnn_order_lssp_trace/squeeze_net_tosa/seed-42/run-20260412-143138/config/squeeze_net_tosa_seed-42_ablation.yaml,train,epoch,train,thresholded_partition,threshold,403,403.0,0,403,False,False,4844.0751953125,1858.041501792699,1858.041501792699,nan,nan,False,161,8530.230933535795,4831.909135635894,0.81865,0.8388,4846681.0,0.5014836192131042,nan,queue,queue,per_epoch_trace
squeeze_net_tosa,inputs/task_graph_topology/soda-benchmark-graphs/pytorch-graphs/squeeze_net_tosa.dot,/qfs/people/dass304/dass304/HWSWpartition/hw-sw-partition-metaheur/BatchExperiments/Ablation/diff_gnn_order_lssp_trace/squeeze_net_tosa/seed-42/run-20260412-143138/config/squeeze_net_tosa_seed-42_ablation.yaml,train,epoch,train,thresholded_partition,threshold,404,404.0,0,404,False,False,4876.75244140625,2551.031703352419,2551.0317033524184,nan,nan,False,159,8530.784635893593,4831.909135635894,0.8182,0.8384,4877437.0,0.5005285143852234,nan,queue,queue,per_epoch_trace
squeeze_net_tosa,inputs/task_graph_topology/soda-benchmark-graphs/pytorch-graphs/squeeze_net_tosa.dot,/qfs/people/dass304/dass304/HWSWpartition/hw-sw-partition-metaheur/BatchExperiments/Ablation/diff_gnn_order_lssp_trace/squeeze_net_tosa/seed-42/run-20260412-143138/config/squeeze_net_tosa_seed-42_ablation.yaml,train,epoch,train,thresholded_partition,threshold,405,405.0,0,405,False,False,4932.38623046875,915.221643547755,935.4865371835998,nan,nan,False,170,9235.86054428763,4831.909135635894,0.81775,0.838,4965260.5,0.5056988596916199,nan,queue,queue,per_epoch_trace
squeeze_net_tosa,inputs/task_graph_topology/soda-benchmark-graphs/pytorch-graphs/squeeze_net_tosa.dot,/qfs/people/dass304/dass304/HWSWpartition/hw-sw-partition-metaheur/BatchExperiments/Ablation/diff_gnn_order_lssp_trace/squeeze_net_tosa/seed-42/run-20260412-143138/config/squeeze_net_tosa_seed-42_ablation.yaml,train,epoch,train,thresholded_partition,threshold,406,406.0,0,406,False,False,4926.13427734375,1996.53766201579,2159.278914216302,nan,nan,False,165,8984.394787324007,4831.909135635894,0.8172999999999999,0.8376,4937809.0,0.5033566951751709,nan,queue,queue,per_epoch_trace
squeeze_net_tosa,inputs/task_graph_topology/soda-benchmark-graphs/pytorch-graphs/squeeze_net_tosa.dot,/qfs/people/dass304/dass304/HWSWpartition/hw-sw-partition-metaheur/BatchExperiments/Ablation/diff_gnn_order_lssp_trace/squeeze_net_tosa/seed-42/run-20260412-143138/config/squeeze_net_tosa_seed-42_ablation.yaml,train,epoch,train,thresholded_partition,threshold,407,407.0,0,407,False,False,4897.65966796875,1694.1882271764034,1910.1848466852357,nan,nan,False,164,8781.85790856663,4831.909135635894,0.8168500000000001,0.8371999999999999,4898205.0,0.5003694891929626,nan,queue,queue,per_epoch_trace
squeeze_net_tosa,inputs/task_graph_topology/soda-benchmark-graphs/pytorch-graphs/squeeze_net_tosa.dot,/qfs/people/dass304/dass304/HWSWpartition/hw-sw-partition-metaheur/BatchExperiments/Ablation/diff_gnn_order_lssp_trace/squeeze_net_tosa/seed-42/run-20260412-143138/config/squeeze_net_tosa_seed-42_ablation.yaml,train,epoch,train,thresholded_partition,threshold,408,408.0,0,408,False,False,4787.90625,2264.4899324728476,2341.7596997927485,nan,nan,False,158,8586.503629304432,4831.909135635894,0.8164,0.8368,4795857.0,0.5027479529380798,nan,queue,queue,per_epoch_trace
squeeze_net_tosa,inputs/task_graph_topology/soda-benchmark-graphs/pytorch-graphs/squeeze_net_tosa.dot,/qfs/people/dass304/dass304/HWSWpartition/hw-sw-partition-metaheur/BatchExperiments/Ablation/diff_gnn_order_lssp_trace/squeeze_net_tosa/seed-42/run-20260412-143138/config/squeeze_net_tosa_seed-42_ablation.yaml,train,epoch,train,thresholded_partition,threshold,409,409.0,0,409,False,False,4827.90869140625,2469.698616358266,2500.2813146610374,nan,nan,False,159,8543.659512169343,4831.909135635894,0.81595,0.8364,4842891.0,0.5038166046142578,nan,queue,queue,per_epoch_trace
squeeze_net_tosa,inputs/task_graph_topology/soda-benchmark-graphs/pytorch-graphs/squeeze_net_tosa.dot,/qfs/people/dass304/dass304/HWSWpartition/hw-sw-partition-metaheur/BatchExperiments/Ablation/diff_gnn_order_lssp_trace/squeeze_net_tosa/seed-42/run-20260412-143138/config/squeeze_net_tosa_seed-42_ablation.yaml,train,epoch,train,thresholded_partition,threshold,410,410.0,0,410,False,False,4814.10009765625,2916.825855809668,2984.503542445977,nan,nan,False,156,8396.018898852484,4831.909135635894,0.8155,0.836,4817170.5,0.5016336441040039,nan,queue,queue,per_epoch_trace
squeeze_net_tosa,inputs/task_graph_topology/soda-benchmark-graphs/pytorch-graphs/squeeze_net_tosa.dot,/qfs/people/dass304/dass304/HWSWpartition/hw-sw-partition-metaheur/BatchExperiments/Ablation/diff_gnn_order_lssp_trace/squeeze_net_tosa/seed-42/run-20260412-143138/config/squeeze_net_tosa_seed-42_ablation.yaml,train,epoch,train,thresholded_partition,threshold,411,411.0,0,411,False,False,4747.89794921875,3067.156926212199,3144.55234221068,nan,nan,False,155,8339.526349277583,4831.909135635894,0.81505,0.8356,4756484.0,0.5028604865074158,nan,queue,queue,per_epoch_trace
squeeze_net_tosa,inputs/task_graph_topology/soda-benchmark-graphs/pytorch-graphs/squeeze_net_tosa.dot,/qfs/people/dass304/dass304/HWSWpartition/hw-sw-partition-metaheur/BatchExperiments/Ablation/diff_gnn_order_lssp_trace/squeeze_net_tosa/seed-42/run-20260412-143138/config/squeeze_net_tosa_seed-42_ablation.yaml,train,epoch,train,thresholded_partition,threshold,412,412.0,0,412,False,False,4934.19873046875,2136.8886673829516,2261.93275381931,nan,nan,False,158,8480.2432965448,4831.909135635894,0.8146,0.8351999999999999,4935255.5,0.5008039474487305,nan,queue,queue,per_epoch_trace
squeeze_net_tosa,inputs/task_graph_topology/soda-benchmark-graphs/pytorch-graphs/squeeze_net_tosa.dot,/qfs/people/dass304/dass304/HWSWpartition/hw-sw-partition-metaheur/BatchExperiments/Ablation/diff_gnn_order_lssp_trace/squeeze_net_tosa/seed-42/run-20260412-143138/config/squeeze_net_tosa_seed-42_ablation.yaml,train,epoch,train,thresholded_partition,threshold,413,413.0,0,413,False,False,4941.74951171875,3222.8549963351948,3211.778216387888,nan,nan,False,153,8363.573890790709,4831.909135635894,0.81415,0.8348,4947989.0,0.5024144649505615,nan,queue,queue,per_epoch_trace
squeeze_net_tosa,inputs/task_graph_topology/soda-benchmark-graphs/pytorch-graphs/squeeze_net_tosa.dot,/qfs/people/dass304/dass304/HWSWpartition/hw-sw-partition-metaheur/BatchExperiments/Ablation/diff_gnn_order_lssp_trace/squeeze_net_tosa/seed-42/run-20260412-143138/config/squeeze_net_tosa_seed-42_ablation.yaml,train,epoch,train,thresholded_partition,threshold,414,414.0,0,414,False,False,4975.92041015625,2115.5913571093097,2428.1818714802885,nan,nan,False,160,8635.938665133752,4831.909135635894,0.8137,0.8344,5057241.5,0.5089954137802124,nan,queue,queue,per_epoch_trace
squeeze_net_tosa,inputs/task_graph_topology/soda-benchmark-graphs/pytorch-graphs/squeeze_net_tosa.dot,/qfs/people/dass304/dass304/HWSWpartition/hw-sw-partition-metaheur/BatchExperiments/Ablation/diff_gnn_order_lssp_trace/squeeze_net_tosa/seed-42/run-20260412-143138/config/squeeze_net_tosa_seed-42_ablation.yaml,train,epoch,train,thresholded_partition,threshold,415,415.0,0,415,False,False,4949.58740234375,2191.5852105382583,2210.9272395047224,nan,nan,False,161,8627.698089516145,4831.909135635894,0.81325,0.834,4950983.0,0.5009921193122864,nan,queue,queue,per_epoch_trace
squeeze_net_tosa,inputs/task_graph_topology/soda-benchmark-graphs/pytorch-graphs/squeeze_net_tosa.dot,/qfs/people/dass304/dass304/HWSWpartition/hw-sw-partition-metaheur/BatchExperiments/Ablation/diff_gnn_order_lssp_trace/squeeze_net_tosa/seed-42/run-20260412-143138/config/squeeze_net_tosa_seed-42_ablation.yaml,train,epoch,train,thresholded_partition,threshold,416,416.0,0,416,False,False,4938.87939453125,3162.2333965625994,3162.2333965625994,nan,nan,False,158,8766.691086532961,4831.909135635894,0.8128,0.8336,4946857.0,0.5027512907981873,nan,queue,queue,per_epoch_trace
squeeze_net_tosa,inputs/task_graph_topology/soda-benchmark-graphs/pytorch-graphs/squeeze_net_tosa.dot,/qfs/people/dass304/dass304/HWSWpartition/hw-sw-partition-metaheur/BatchExperiments/Ablation/diff_gnn_order_lssp_trace/squeeze_net_tosa/seed-42/run-20260412-143138/config/squeeze_net_tosa_seed-42_ablation.yaml,train,epoch,train,thresholded_partition,threshold,417,417.0,0,417,False,False,4792.37060546875,1495.697675694717,1598.4325304299762,nan,nan,False,165,8879.537272960626,4831.909135635894,0.81235,0.8331999999999999,4798762.0,0.5024477243423462,nan,queue,queue,per_epoch_trace
squeeze_net_tosa,inputs/task_graph_topology/soda-benchmark-graphs/pytorch-graphs/squeeze_net_tosa.dot,/qfs/people/dass304/dass304/HWSWpartition/hw-sw-partition-metaheur/BatchExperiments/Ablation/diff_gnn_order_lssp_trace/squeeze_net_tosa/seed-42/run-20260412-143138/config/squeeze_net_tosa_seed-42_ablation.yaml,train,epoch,train,thresholded_partition,threshold,418,418.0,0,418,False,False,4929.44287109375,2100.975162976817,2178.290905774018,nan,nan,False,164,8872.795536672214,4831.909135635894,0.8119000000000001,0.8328,4930106.5,0.4994937479496002,nan,queue,queue,per_epoch_trace
squeeze_net_tosa,inputs/task_graph_topology/soda-benchmark-graphs/pytorch-graphs/squeeze_net_tosa.dot,/qfs/people/dass304/dass304/HWSWpartition/hw-sw-partition-metaheur/BatchExperiments/Ablation/diff_gnn_order_lssp_trace/squeeze_net_tosa/seed-42/run-20260412-143138/config/squeeze_net_tosa_seed-42_ablation.yaml,train,epoch,train,thresholded_partition,threshold,419,419.0,0,419,False,False,4785.66357421875,1682.3982038438317,1682.3982038438312,nan,nan,False,164,8876.226685629485,4831.909135635894,0.81145,0.8324,4786172.0,0.5003157258033752,nan,queue,queue,per_epoch_trace
squeeze_net_tosa,inputs/task_graph_topology/soda-benchmark-graphs/pytorch-graphs/squeeze_net_tosa.dot,/qfs/people/dass304/dass304/HWSWpartition/hw-sw-partition-metaheur/BatchExperiments/Ablation/diff_gnn_order_lssp_trace/squeeze_net_tosa/seed-42/run-20260412-143138/config/squeeze_net_tosa_seed-42_ablation.yaml,train,epoch,train,thresholded_partition,threshold,420,420.0,0,420,False,False,4963.64013671875,1718.2472609286885,1718.2472609286885,nan,nan,False,162,8685.85636594051,4831.909135635894,0.8109999999999999,0.832,4964505.0,0.5006821155548096,nan,queue,queue,per_epoch_trace
squeeze_net_tosa,inputs/task_graph_topology/soda-benchmark-graphs/pytorch-graphs/squeeze_net_tosa.dot,/qfs/people/dass304/dass304/HWSWpartition/hw-sw-partition-metaheur/BatchExperiments/Ablation/diff_gnn_order_lssp_trace/squeeze_net_tosa/seed-42/run-20260412-143138/config/squeeze_net_tosa_seed-42_ablation.yaml,train,epoch,train,thresholded_partition,threshold,421,421.0,0,421,False,False,4959.67138671875,1774.6193787953446,1885.8546916589446,nan,nan,False,163,8561.34494897446,4831.909135635894,0.81055,0.8316,4962776.5,0.50164395570755,nan,queue,queue,per_epoch_trace
squeeze_net_tosa,inputs/task_graph_topology/soda-benchmark-graphs/pytorch-graphs/squeeze_net_tosa.dot,/qfs/people/dass304/dass304/HWSWpartition/hw-sw-partition-metaheur/BatchExperiments/Ablation/diff_gnn_order_lssp_trace/squeeze_net_tosa/seed-42/run-20260412-143138/config/squeeze_net_tosa_seed-42_ablation.yaml,train,epoch,train,thresholded_partition,threshold,422,422.0,0,422,False,False,5000.3837890625,2536.3759581908007,2536.3759581908007,nan,nan,False,157,8358.819746477715,4831.909135635894,0.8101,0.8311999999999999,5000808.0,0.5001514554023743,nan,queue,queue,per_epoch_trace
squeeze_net_tosa,inputs/task_graph_topology/soda-benchmark-graphs/pytorch-graphs/squeeze_net_tosa.dot,/qfs/people/dass304/dass304/HWSWpartition/hw-sw-partition-metaheur/BatchExperiments/Ablation/diff_gnn_order_lssp_trace/squeeze_net_tosa/seed-42/run-20260412-143138/config/squeeze_net_tosa_seed-42_ablation.yaml,train,epoch,train,thresholded_partition,threshold,423,423.0,0,423,False,False,4987.77880859375,2030.6738534559245,2030.6738534559245,nan,nan,False,159,8555.000316137035,4831.909135635894,0.80965,0.8308,4989061.5,0.49906134605407715,nan,queue,queue,per_epoch_trace
squeeze_net_tosa,inputs/task_graph_topology/soda-benchmark-graphs/pytorch-graphs/squeeze_net_tosa.dot,/qfs/people/dass304/dass304/HWSWpartition/hw-sw-partition-metaheur/BatchExperiments/Ablation/diff_gnn_order_lssp_trace/squeeze_net_tosa/seed-42/run-20260412-143138/config/squeeze_net_tosa_seed-42_ablation.yaml,train,epoch,train,thresholded_partition,threshold,424,424.0,0,424,False,False,4917.32958984375,1748.307125896019,1760.5798281729903,nan,nan,False,163,8655.05037677534,4831.909135635894,0.8092,0.8304,4919626.5,0.49862268567085266,nan,queue,queue,per_epoch_trace
squeeze_net_tosa,inputs/task_graph_topology/soda-benchmark-graphs/pytorch-graphs/squeeze_net_tosa.dot,/qfs/people/dass304/dass304/HWSWpartition/hw-sw-partition-metaheur/BatchExperiments/Ablation/diff_gnn_order_lssp_trace/squeeze_net_tosa/seed-42/run-20260412-143138/config/squeeze_net_tosa_seed-42_ablation.yaml,train,epoch,train,thresholded_partition,threshold,425,425.0,0,425,False,False,4904.63134765625,2990.3111445333016,2990.3111445333016,nan,nan,False,159,8373.734620668994,4831.909135635894,0.80875,0.83,4905075.0,0.4998032748699188,nan,queue,queue,per_epoch_trace
squeeze_net_tosa,inputs/task_graph_topology/soda-benchmark-graphs/pytorch-graphs/squeeze_net_tosa.dot,/qfs/people/dass304/dass304/HWSWpartition/hw-sw-partition-metaheur/BatchExperiments/Ablation/diff_gnn_order_lssp_trace/squeeze_net_tosa/seed-42/run-20260412-143138/config/squeeze_net_tosa_seed-42_ablation.yaml,train,epoch,train,thresholded_partition,threshold,426,426.0,0,426,False,False,4946.25,2152.4924578177115,2094.906136765255,nan,nan,False,161,8530.758733906887,4831.909135635894,0.8083,0.8296,4947291.0,0.4992024600505829,nan,queue,queue,per_epoch_trace
squeeze_net_tosa,inputs/task_graph_topology/soda-benchmark-graphs/pytorch-graphs/squeeze_net_tosa.dot,/qfs/people/dass304/dass304/HWSWpartition/hw-sw-partition-metaheur/BatchExperiments/Ablation/diff_gnn_order_lssp_trace/squeeze_net_tosa/seed-42/run-20260412-143138/config/squeeze_net_tosa_seed-42_ablation.yaml,train,epoch,train,thresholded_partition,threshold,427,427.0,0,427,False,False,4878.376953125,2070.6967003250074,2284.8287571807305,nan,nan,False,161,8400.10159077378,4831.909135635894,0.80785,0.8291999999999999,4879260.5,0.49930813908576965,nan,queue,queue,per_epoch_trace
squeeze_net_tosa,inputs/task_graph_topology/soda-benchmark-graphs/pytorch-graphs/squeeze_net_tosa.dot,/qfs/people/dass304/dass304/HWSWpartition/hw-sw-partition-metaheur/BatchExperiments/Ablation/diff_gnn_order_lssp_trace/squeeze_net_tosa/seed-42/run-20260412-143138/config/squeeze_net_tosa_seed-42_ablation.yaml,train,epoch,train,thresholded_partition,threshold,428,428.0,0,428,False,False,4944.83837890625,1740.2806199957274,1740.280619995727,nan,nan,False,163,8607.51957087648,4831.909135635894,0.8074,0.8288,4945313.0,0.4997435212135315,nan,queue,queue,per_epoch_trace
squeeze_net_tosa,inputs/task_graph_topology/soda-benchmark-graphs/pytorch-graphs/squeeze_net_tosa.dot,/qfs/people/dass304/dass304/HWSWpartition/hw-sw-partition-metaheur/BatchExperiments/Ablation/diff_gnn_order_lssp_trace/squeeze_net_tosa/seed-42/run-20260412-143138/config/squeeze_net_tosa_seed-42_ablation.yaml,train,epoch,train,thresholded_partition,threshold,429,429.0,0,429,False,False,4978.95947265625,2718.2164455664533,2630.2945966918414,nan,nan,False,159,8306.159823636863,4831.909135635894,0.8069500000000001,0.8284,4979581.0,0.4995371699333191,nan,queue,queue,per_epoch_trace
squeeze_net_tosa,inputs/task_graph_topology/soda-benchmark-graphs/pytorch-graphs/squeeze_net_tosa.dot,/qfs/people/dass304/dass304/HWSWpartition/hw-sw-partition-metaheur/BatchExperiments/Ablation/diff_gnn_order_lssp_trace/squeeze_net_tosa/seed-42/run-20260412-143138/config/squeeze_net_tosa_seed-42_ablation.yaml,train,epoch,train,thresholded_partition,threshold,430,430.0,0,430,False,False,4817.19091796875,2725.3584851577425,2706.858042257633,nan,nan,False,159,8326.220296047464,4831.909135635894,0.8065,0.828,4818356.5,0.4991261661052704,nan,queue,queue,per_epoch_trace
squeeze_net_tosa,inputs/task_graph_topology/soda-benchmark-graphs/pytorch-graphs/squeeze_net_tosa.dot,/qfs/people/dass304/dass304/HWSWpartition/hw-sw-partition-metaheur/BatchExperiments/Ablation/diff_gnn_order_lssp_trace/squeeze_net_tosa/seed-42/run-20260412-143138/config/squeeze_net_tosa_seed-42_ablation.yaml,train,epoch,train,thresholded_partition,threshold,431,431.0,0,431,False,False,4956.01806640625,1887.2198849198335,1887.2198849198335,nan,nan,False,162,8737.075195615826,4831.909135635894,0.8060499999999999,0.8276,4958031.5,0.50126713514328,nan,queue,queue,per_epoch_trace
squeeze_net_tosa,inputs/task_graph_topology/soda-benchmark-graphs/pytorch-graphs/squeeze_net_tosa.dot,/qfs/people/dass304/dass304/HWSWpartition/hw-sw-partition-metaheur/BatchExperiments/Ablation/diff_gnn_order_lssp_trace/squeeze_net_tosa/seed-42/run-20260412-143138/config/squeeze_net_tosa_seed-42_ablation.yaml,train,epoch,train,thresholded_partition,threshold,432,432.0,0,432,False,False,4920.97314453125,3274.6621487150774,3255.5772154766973,nan,nan,False,154,8148.599916630605,4831.909135635894,0.8056,0.8271999999999999,4922361.5,0.499008446931839,nan,queue,queue,per_epoch_trace
squeeze_net_tosa,inputs/task_graph_topology/soda-benchmark-graphs/pytorch-graphs/squeeze_net_tosa.dot,/qfs/people/dass304/dass304/HWSWpartition/hw-sw-partition-metaheur/BatchExperiments/Ablation/diff_gnn_order_lssp_trace/squeeze_net_tosa/seed-42/run-20260412-143138/config/squeeze_net_tosa_seed-42_ablation.yaml,train,epoch,train,thresholded_partition,threshold,433,433.0,0,433,False,False,4904.42236328125,2216.0108597135145,2280.8612551039437,nan,nan,False,161,8605.258972562171,4831.909135635894,0.80515,0.8268,4914506.5,0.5031107664108276,nan,queue,queue,per_epoch_trace
squeeze_net_tosa,inputs/task_graph_topology/soda-benchmark-graphs/pytorch-graphs/squeeze_net_tosa.dot,/qfs/people/dass304/dass304/HWSWpartition/hw-sw-partition-metaheur/BatchExperiments/Ablation/diff_gnn_order_lssp_trace/squeeze_net_tosa/seed-42/run-20260412-143138/config/squeeze_net_tosa_seed-42_ablation.yaml,train,epoch,train,thresholded_partition,threshold,434,434.0,0,434,False,False,4872.19091796875,3039.4901848178474,3188.604713087643,nan,nan,False,154,8060.32833966341,4831.909135635894,0.8047,0.8264,4873440.0,0.4990858733654022,nan,queue,queue,per_epoch_trace
squeeze_net_tosa,inputs/task_graph_topology/soda-benchmark-graphs/pytorch-graphs/squeeze_net_tosa.dot,/qfs/people/dass304/dass304/HWSWpartition/hw-sw-partition-metaheur/BatchExperiments/Ablation/diff_gnn_order_lssp_trace/squeeze_net_tosa/seed-42/run-20260412-143138/config/squeeze_net_tosa_seed-42_ablation.yaml,train,epoch,train,thresholded_partition,threshold,435,435.0,0,435,False,False,4802.2548828125,2060.523183951366,1946.8775412131574,nan,nan,False,166,8787.606952457152,4831.909135635894,0.80425,0.826,4851495.5,0.5069888234138489,nan,queue,queue,per_epoch_trace
squeeze_net_tosa,inputs/task_graph_topology/soda-benchmark-graphs/pytorch-graphs/squeeze_net_tosa.dot,/qfs/people/dass304/dass304/HWSWpartition/hw-sw-partition-metaheur/BatchExperiments/Ablation/diff_gnn_order_lssp_trace/squeeze_net_tosa/seed-42/run-20260412-143138/config/squeeze_net_tosa_seed-42_ablation.yaml,train,epoch,train,thresholded_partition,threshold,436,436.0,0,436,False,False,4856.18994140625,2536.393276125273,2530.2674435195295,nan,nan,False,161,8485.730365907964,4831.909135635894,0.8038,0.8256,4856789.5,0.5004442930221558,nan,queue,queue,per_epoch_trace
squeeze_net_tosa,inputs/task_graph_topology/soda-benchmark-graphs/pytorch-graphs/squeeze_net_tosa.dot,/qfs/people/dass304/dass304/HWSWpartition/hw-sw-partition-metaheur/BatchExperiments/Ablation/diff_gnn_order_lssp_trace/squeeze_net_tosa/seed-42/run-20260412-143138/config/squeeze_net_tosa_seed-42_ablation.yaml,train,epoch,train,thresholded_partition,threshold,437,437.0,0,437,False,False,4883.47216796875,2893.9679350863867,3129.7010059764575,nan,nan,False,153,7973.601247284312,4831.909135635894,0.80335,0.8251999999999999,4883883.0,0.4999520778656006,nan,queue,queue,per_epoch_trace
squeeze_net_tosa,inputs/task_graph_topology/soda-benchmark-graphs/pytorch-graphs/squeeze_net_tosa.dot,/qfs/people/dass304/dass304/HWSWpartition/hw-sw-partition-metaheur/BatchExperiments/Ablation/diff_gnn_order_lssp_trace/squeeze_net_tosa/seed-42/run-20260412-143138/config/squeeze_net_tosa_seed-42_ablation.yaml,train,epoch,train,thresholded_partition,threshold,438,438.0,0,438,False,False,5039.873046875,3617.522000097139,3326.6180734558425,nan,nan,False,154,8337.220482494986,4831.909135635894,0.8029,0.8248,5040438.0,0.49961215257644653,nan,queue,queue,per_epoch_trace
squeeze_net_tosa,inputs/task_graph_topology/soda-benchmark-graphs/pytorch-graphs/squeeze_net_tosa.dot,/qfs/people/dass304/dass304/HWSWpartition/hw-sw-partition-metaheur/BatchExperiments/Ablation/diff_gnn_order_lssp_trace/squeeze_net_tosa/seed-42/run-20260412-143138/config/squeeze_net_tosa_seed-42_ablation.yaml,train,epoch,train,thresholded_partition,threshold,439,439.0,0,439,False,False,4864.8408203125,2744.489808049622,2744.489808049622,nan,nan,False,160,8621.821407375428,4831.909135635894,0.80245,0.8244,4867661.5,0.49844658374786377,nan,queue,queue,per_epoch_trace
squeeze_net_tosa,inputs/task_graph_topology/soda-benchmark-graphs/pytorch-graphs/squeeze_net_tosa.dot,/qfs/people/dass304/dass304/HWSWpartition/hw-sw-partition-metaheur/BatchExperiments/Ablation/diff_gnn_order_lssp_trace/squeeze_net_tosa/seed-42/run-20260412-143138/config/squeeze_net_tosa_seed-42_ablation.yaml,train,epoch,train,thresholded_partition,threshold,440,440.0,0,440,False,False,4937.6572265625,2461.6247662320916,2550.2342265024636,nan,nan,False,161,8546.721213179644,4831.909135635894,0.802,0.824,4938099.5,0.5001890659332275,nan,queue,queue,per_epoch_trace
squeeze_net_tosa,inputs/task_graph_topology/soda-benchmark-graphs/pytorch-graphs/squeeze_net_tosa.dot,/qfs/people/dass304/dass304/HWSWpartition/hw-sw-partition-metaheur/BatchExperiments/Ablation/diff_gnn_order_lssp_trace/squeeze_net_tosa/seed-42/run-20260412-143138/config/squeeze_net_tosa_seed-42_ablation.yaml,train,epoch,train,thresholded_partition,threshold,441,441.0,0,441,False,False,4949.98486328125,2374.953084852125,2374.953084852125,nan,nan,False,158,8436.918413991378,4831.909135635894,0.80155,0.8236,4951025.5,0.4992040991783142,nan,queue,queue,per_epoch_trace
squeeze_net_tosa,inputs/task_graph_topology/soda-benchmark-graphs/pytorch-graphs/squeeze_net_tosa.dot,/qfs/people/dass304/dass304/HWSWpartition/hw-sw-partition-metaheur/BatchExperiments/Ablation/diff_gnn_order_lssp_trace/squeeze_net_tosa/seed-42/run-20260412-143138/config/squeeze_net_tosa_seed-42_ablation.yaml,train,epoch,train,thresholded_partition,threshold,442,442.0,0,442,False,False,4897.8671875,1810.6328050541322,1976.5245642937587,nan,nan,False,162,8571.786914851107,4831.909135635894,0.8011,0.8231999999999999,4900264.0,0.5014126896858215,nan,queue,queue,per_epoch_trace
squeeze_net_tosa,inputs/task_graph_topology/soda-benchmark-graphs/pytorch-graphs/squeeze_net_tosa.dot,/qfs/people/dass304/dass304/HWSWpartition/hw-sw-partition-metaheur/BatchExperiments/Ablation/diff_gnn_order_lssp_trace/squeeze_net_tosa/seed-42/run-20260412-143138/config/squeeze_net_tosa_seed-42_ablation.yaml,train,epoch,train,thresholded_partition,threshold,443,443.0,0,443,False,False,4972.71435546875,2075.798852337585,2075.7988523375843,nan,nan,False,162,8662.040756255583,4831.909135635894,0.80065,0.8228,4973203.0,0.4997124969959259,nan,queue,queue,per_epoch_trace
squeeze_net_tosa,inputs/task_graph_topology/soda-benchmark-graphs/pytorch-graphs/squeeze_net_tosa.dot,/qfs/people/dass304/dass304/HWSWpartition/hw-sw-partition-metaheur/BatchExperiments/Ablation/diff_gnn_order_lssp_trace/squeeze_net_tosa/seed-42/run-20260412-143138/config/squeeze_net_tosa_seed-42_ablation.yaml,train,epoch,train,thresholded_partition,threshold,444,444.0,0,444,False,False,4990.40576171875,2092.283672176772,2092.283672176772,nan,nan,False,161,8589.61896620953,4831.909135635894,0.8002,0.8224,4991248.5,0.5006635785102844,nan,queue,queue,per_epoch_trace
squeeze_net_tosa,inputs/task_graph_topology/soda-benchmark-graphs/pytorch-graphs/squeeze_net_tosa.dot,/qfs/people/dass304/dass304/HWSWpartition/hw-sw-partition-metaheur/BatchExperiments/Ablation/diff_gnn_order_lssp_trace/squeeze_net_tosa/seed-42/run-20260412-143138/config/squeeze_net_tosa_seed-42_ablation.yaml,train,epoch,train,thresholded_partition,threshold,445,445.0,0,445,False,False,4909.01025390625,714.297145016617,832.485192571853,nan,nan,False,170,9009.955563669426,4831.909135635894,0.79975,0.822,4915307.5,0.5024288892745972,nan,queue,queue,per_epoch_trace
squeeze_net_tosa,inputs/task_graph_topology/soda-benchmark-graphs/pytorch-graphs/squeeze_net_tosa.dot,/qfs/people/dass304/dass304/HWSWpartition/hw-sw-partition-metaheur/BatchExperiments/Ablation/diff_gnn_order_lssp_trace/squeeze_net_tosa/seed-42/run-20260412-143138/config/squeeze_net_tosa_seed-42_ablation.yaml,train,epoch,train,thresholded_partition,threshold,446,446.0,0,446,False,False,4920.361328125,2842.6884109181574,2842.688410918157,nan,nan,False,158,8458.877473132063,4831.909135635894,0.7993,0.8216,4921463.5,0.5008341073989868,nan,queue,queue,per_epoch_trace
squeeze_net_tosa,inputs/task_graph_topology/soda-benchmark-graphs/pytorch-graphs/squeeze_net_tosa.dot,/qfs/people/dass304/dass304/HWSWpartition/hw-sw-partition-metaheur/BatchExperiments/Ablation/diff_gnn_order_lssp_trace/squeeze_net_tosa/seed-42/run-20260412-143138/config/squeeze_net_tosa_seed-42_ablation.yaml,train,epoch,train,thresholded_partition,threshold,447,447.0,0,447,False,False,4921.50341796875,2632.942695234173,2632.942695234173,nan,nan,False,160,8529.57450252855,4831.909135635894,0.7988500000000001,0.8211999999999999,4922826.0,0.500956654548645,nan,queue,queue,per_epoch_trace
squeeze_net_tosa,inputs/task_graph_topology/soda-benchmark-graphs/pytorch-graphs/squeeze_net_tosa.dot,/qfs/people/dass304/dass304/HWSWpartition/hw-sw-partition-metaheur/BatchExperiments/Ablation/diff_gnn_order_lssp_trace/squeeze_net_tosa/seed-42/run-20260412-143138/config/squeeze_net_tosa_seed-42_ablation.yaml,train,epoch,train,thresholded_partition,threshold,448,448.0,0,448,False,False,4769.77294921875,2121.439037184159,2224.9337143489347,nan,nan,False,165,8982.056864183261,4831.909135635894,0.7984,0.8208,4772784.0,0.5016134977340698,nan,queue,queue,per_epoch_trace
squeeze_net_tosa,inputs/task_graph_topology/soda-benchmark-graphs/pytorch-graphs/squeeze_net_tosa.dot,/qfs/people/dass304/dass304/HWSWpartition/hw-sw-partition-metaheur/BatchExperiments/Ablation/diff_gnn_order_lssp_trace/squeeze_net_tosa/seed-42/run-20260412-143138/config/squeeze_net_tosa_seed-42_ablation.yaml,train,epoch,train,thresholded_partition,threshold,449,449.0,0,449,False,False,4914.34716796875,1759.1853833558764,1827.7611230957993,nan,nan,False,165,8699.952750876924,4831.909135635894,0.7979499999999999,0.8204,4921935.0,0.502679705619812,nan,queue,queue,per_epoch_trace
squeeze_net_tosa,inputs/task_graph_topology/soda-benchmark-graphs/pytorch-graphs/squeeze_net_tosa.dot,/qfs/people/dass304/dass304/HWSWpartition/hw-sw-partition-metaheur/BatchExperiments/Ablation/diff_gnn_order_lssp_trace/squeeze_net_tosa/seed-42/run-20260412-143138/config/squeeze_net_tosa_seed-42_ablation.yaml,train,epoch,train,thresholded_partition,threshold,450,450.0,0,450,False,False,4900.3046875,1757.0204022290147,1757.0204022290147,nan,nan,False,164,8792.077800400613,4831.909135635894,0.7975,0.82,4903270.5,0.5015999674797058,nan,queue,queue,per_epoch_trace
squeeze_net_tosa,inputs/task_graph_topology/soda-benchmark-graphs/pytorch-graphs/squeeze_net_tosa.dot,/qfs/people/dass304/dass304/HWSWpartition/hw-sw-partition-metaheur/BatchExperiments/Ablation/diff_gnn_order_lssp_trace/squeeze_net_tosa/seed-42/run-20260412-143138/config/squeeze_net_tosa_seed-42_ablation.yaml,train,epoch,train,thresholded_partition,threshold,451,451.0,0,451,False,False,4898.83740234375,2162.4110613692633,2186.5468577582405,nan,nan,False,163,8746.616752609552,4831.909135635894,0.79705,0.8196,4910245.0,0.50331711769104,nan,queue,queue,per_epoch_trace
squeeze_net_tosa,inputs/task_graph_topology/soda-benchmark-graphs/pytorch-graphs/squeeze_net_tosa.dot,/qfs/people/dass304/dass304/HWSWpartition/hw-sw-partition-metaheur/BatchExperiments/Ablation/diff_gnn_order_lssp_trace/squeeze_net_tosa/seed-42/run-20260412-143138/config/squeeze_net_tosa_seed-42_ablation.yaml,train,epoch,train,thresholded_partition,threshold,452,452.0,0,452,False,False,4821.86083984375,2618.048348653588,2618.048348653588,nan,nan,False,161,8709.34682686675,4831.909135635894,0.7966,0.8191999999999999,4827312.0,0.5022470951080322,nan,queue,queue,per_epoch_trace
squeeze_net_tosa,inputs/task_graph_topology/soda-benchmark-graphs/pytorch-graphs/squeeze_net_tosa.dot,/qfs/people/dass304/dass304/HWSWpartition/hw-sw-partition-metaheur/BatchExperiments/Ablation/diff_gnn_order_lssp_trace/squeeze_net_tosa/seed-42/run-20260412-143138/config/squeeze_net_tosa_seed-42_ablation.yaml,train,epoch,train,thresholded_partition,threshold,453,453.0,0,453,False,False,4910.15966796875,2720.804211943598,2720.804211943598,nan,nan,False,160,8594.78244278833,4831.909135635894,0.79615,0.8188,4913224.0,0.5016299486160278,nan,queue,queue,per_epoch_trace
squeeze_net_tosa,inputs/task_graph_topology/soda-benchmark-graphs/pytorch-graphs/squeeze_net_tosa.dot,/qfs/people/dass304/dass304/HWSWpartition/hw-sw-partition-metaheur/BatchExperiments/Ablation/diff_gnn_order_lssp_trace/squeeze_net_tosa/seed-42/run-20260412-143138/config/squeeze_net_tosa_seed-42_ablation.yaml,train,epoch,train,thresholded_partition,threshold,454,454.0,0,454,False,False,4882.10546875,3570.410415699986,3570.410415699986,nan,nan,False,151,8055.186654686838,4831.909135635894,0.7957,0.8184,4883077.5,0.5007547736167908,nan,queue,queue,per_epoch_trace
squeeze_net_tosa,inputs/task_graph_topology/soda-benchmark-graphs/pytorch-graphs/squeeze_net_tosa.dot,/qfs/people/dass304/dass304/HWSWpartition/hw-sw-partition-metaheur/BatchExperiments/Ablation/diff_gnn_order_lssp_trace/squeeze_net_tosa/seed-42/run-20260412-143138/config/squeeze_net_tosa_seed-42_ablation.yaml,train,epoch,train,thresholded_partition,threshold,455,455.0,0,455,False,False,4935.580078125,3330.1313696182574,3258.114906074568,nan,nan,False,155,8400.857873445088,4831.909135635894,0.79525,0.818,4937298.5,0.5011423230171204,nan,queue,queue,per_epoch_trace
squeeze_net_tosa,inputs/task_graph_topology/soda-benchmark-graphs/pytorch-graphs/squeeze_net_tosa.dot,/qfs/people/dass304/dass304/HWSWpartition/hw-sw-partition-metaheur/BatchExperiments/Ablation/diff_gnn_order_lssp_trace/squeeze_net_tosa/seed-42/run-20260412-143138/config/squeeze_net_tosa_seed-42_ablation.yaml,train,epoch,train,thresholded_partition,threshold,456,456.0,0,456,False,False,4918.9384765625,1997.9571226915705,2178.115836106272,nan,nan,False,162,8755.766985296981,4831.909135635894,0.7948,0.8176,4951427.5,0.5056636333465576,nan,queue,queue,per_epoch_trace
squeeze_net_tosa,inputs/task_graph_topology/soda-benchmark-graphs/pytorch-graphs/squeeze_net_tosa.dot,/qfs/people/dass304/dass304/HWSWpartition/hw-sw-partition-metaheur/BatchExperiments/Ablation/diff_gnn_order_lssp_trace/squeeze_net_tosa/seed-42/run-20260412-143138/config/squeeze_net_tosa_seed-42_ablation.yaml,train,epoch,train,thresholded_partition,threshold,457,457.0,0,457,False,False,4872.37451171875,3022.8434642222783,3040.80635487573,nan,nan,False,153,8264.344068723694,4831.909135635894,0.79435,0.8171999999999999,4873265.0,0.5006874799728394,nan,queue,queue,per_epoch_trace
squeeze_net_tosa,inputs/task_graph_topology/soda-benchmark-graphs/pytorch-graphs/squeeze_net_tosa.dot,/qfs/people/dass304/dass304/HWSWpartition/hw-sw-partition-metaheur/BatchExperiments/Ablation/diff_gnn_order_lssp_trace/squeeze_net_tosa/seed-42/run-20260412-143138/config/squeeze_net_tosa_seed-42_ablation.yaml,train,epoch,train,thresholded_partition,threshold,458,458.0,0,458,False,False,4994.6181640625,3602.6821435236834,3602.6821435236834,nan,nan,False,149,7929.0431924260665,4831.909135635894,0.7939,0.8168,4995022.5,0.5000558495521545,nan,queue,queue,per_epoch_trace
squeeze_net_tosa,inputs/task_graph_topology/soda-benchmark-graphs/pytorch-graphs/squeeze_net_tosa.dot,/qfs/people/dass304/dass304/HWSWpartition/hw-sw-partition-metaheur/BatchExperiments/Ablation/diff_gnn_order_lssp_trace/squeeze_net_tosa/seed-42/run-20260412-143138/config/squeeze_net_tosa_seed-42_ablation.yaml,train,epoch,train,thresholded_partition,threshold,459,459.0,0,459,False,False,4806.74560546875,1364.079177664046,1433.0428150542166,nan,nan,False,166,8901.868664127102,4831.909135635894,0.79345,0.8164,4921810.5,0.5107080936431885,nan,queue,queue,per_epoch_trace
squeeze_net_tosa,inputs/task_graph_topology/soda-benchmark-graphs/pytorch-graphs/squeeze_net_tosa.dot,/qfs/people/dass304/dass304/HWSWpartition/hw-sw-partition-metaheur/BatchExperiments/Ablation/diff_gnn_order_lssp_trace/squeeze_net_tosa/seed-42/run-20260412-143138/config/squeeze_net_tosa_seed-42_ablation.yaml,train,epoch,train,thresholded_partition,threshold,460,460.0,0,460,False,False,4787.42724609375,1484.725224921824,1581.9685540704947,nan,nan,False,163,8877.153103443732,4831.909135635894,0.7929999999999999,0.816,4788210.5,0.49939048290252686,nan,queue,queue,per_epoch_trace
squeeze_net_tosa,inputs/task_graph_topology/soda-benchmark-graphs/pytorch-graphs/squeeze_net_tosa.dot,/qfs/people/dass304/dass304/HWSWpartition/hw-sw-partition-metaheur/BatchExperiments/Ablation/diff_gnn_order_lssp_trace/squeeze_net_tosa/seed-42/run-20260412-143138/config/squeeze_net_tosa_seed-42_ablation.yaml,train,epoch,train,thresholded_partition,threshold,461,461.0,0,461,False,False,4924.947265625,1982.5045451551393,2088.4852571826386,nan,nan,False,166,8848.875336223404,4831.909135635894,0.79255,0.8156,4953402.0,0.5052968263626099,nan,queue,queue,per_epoch_trace
squeeze_net_tosa,inputs/task_graph_topology/soda-benchmark-graphs/pytorch-graphs/squeeze_net_tosa.dot,/qfs/people/dass304/dass304/HWSWpartition/hw-sw-partition-metaheur/BatchExperiments/Ablation/diff_gnn_order_lssp_trace/squeeze_net_tosa/seed-42/run-20260412-143138/config/squeeze_net_tosa_seed-42_ablation.yaml,train,epoch,train,thresholded_partition,threshold,462,462.0,0,462,False,False,4947.35498046875,2278.053613165342,2349.3651288208994,nan,nan,False,163,8858.384571235794,4831.909135635894,0.7921,0.8151999999999999,4951318.0,0.501884937286377,nan,queue,queue,per_epoch_trace
squeeze_net_tosa,inputs/task_graph_topology/soda-benchmark-graphs/pytorch-graphs/squeeze_net_tosa.dot,/qfs/people/dass304/dass304/HWSWpartition/hw-sw-partition-metaheur/BatchExperiments/Ablation/diff_gnn_order_lssp_trace/squeeze_net_tosa/seed-42/run-20260412-143138/config/squeeze_net_tosa_seed-42_ablation.yaml,train,epoch,train,thresholded_partition,threshold,463,463.0,0,463,False,False,4762.390625,2003.2541926640245,2003.2541926640245,nan,nan,False,166,8892.35597485999,4831.909135635894,0.79165,0.8148,4816421.0,0.5073235034942627,nan,queue,queue,per_epoch_trace
squeeze_net_tosa,inputs/task_graph_topology/soda-benchmark-graphs/pytorch-graphs/squeeze_net_tosa.dot,/qfs/people/dass304/dass304/HWSWpartition/hw-sw-partition-metaheur/BatchExperiments/Ablation/diff_gnn_order_lssp_trace/squeeze_net_tosa/seed-42/run-20260412-143138/config/squeeze_net_tosa_seed-42_ablation.yaml,train,epoch,train,thresholded_partition,threshold,464,464.0,0,464,False,False,4966.74951171875,2538.816528816787,2538.816528816787,nan,nan,False,160,8770.633401425452,4831.909135635894,0.7912,0.8144,4968955.0,0.5013399720191956,nan,queue,queue,per_epoch_trace
squeeze_net_tosa,inputs/task_graph_topology/soda-benchmark-graphs/pytorch-graphs/squeeze_net_tosa.dot,/qfs/people/dass304/dass304/HWSWpartition/hw-sw-partition-metaheur/BatchExperiments/Ablation/diff_gnn_order_lssp_trace/squeeze_net_tosa/seed-42/run-20260412-143138/config/squeeze_net_tosa_seed-42_ablation.yaml,train,epoch,train,thresholded_partition,threshold,465,465.0,0,465,False,False,4726.45166015625,1109.9598302358536,1238.044297817651,nan,nan,False,166,8740.710777756196,4831.909135635894,0.79075,0.814,4736523.0,0.5031095147132874,nan,queue,queue,per_epoch_trace
squeeze_net_tosa,inputs/task_graph_topology/soda-benchmark-graphs/pytorch-graphs/squeeze_net_tosa.dot,/qfs/people/dass304/dass304/HWSWpartition/hw-sw-partition-metaheur/BatchExperiments/Ablation/diff_gnn_order_lssp_trace/squeeze_net_tosa/seed-42/run-20260412-143138/config/squeeze_net_tosa_seed-42_ablation.yaml,train,epoch,train,thresholded_partition,threshold,466,466.0,0,466,False,False,4947.73974609375,2355.679314682648,2355.6793146826485,nan,nan,False,160,8462.919227196695,4831.909135635894,0.7903,0.8136,4948211.5,0.5002565979957581,nan,queue,queue,per_epoch_trace
squeeze_net_tosa,inputs/task_graph_topology/soda-benchmark-graphs/pytorch-graphs/squeeze_net_tosa.dot,/qfs/people/dass304/dass304/HWSWpartition/hw-sw-partition-metaheur/BatchExperiments/Ablation/diff_gnn_order_lssp_trace/squeeze_net_tosa/seed-42/run-20260412-143138/config/squeeze_net_tosa_seed-42_ablation.yaml,train,epoch,train,thresholded_partition,threshold,467,467.0,0,467,False,False,4910.662109375,1594.1801246054117,1592.4306394581097,nan,nan,False,163,8592.571230963174,4831.909135635894,0.7898499999999999,0.8131999999999999,4911223.5,0.5004017353057861,nan,queue,queue,per_epoch_trace
squeeze_net_tosa,inputs/task_graph_topology/soda-benchmark-graphs/pytorch-graphs/squeeze_net_tosa.dot,/qfs/people/dass304/dass304/HWSWpartition/hw-sw-partition-metaheur/BatchExperiments/Ablation/diff_gnn_order_lssp_trace/squeeze_net_tosa/seed-42/run-20260412-143138/config/squeeze_net_tosa_seed-42_ablation.yaml,train,epoch,train,thresholded_partition,threshold,468,468.0,0,468,False,False,4938.61669921875,1832.206492620228,1947.2254767652717,nan,nan,False,161,8632.420714016498,4831.909135635894,0.7894,0.8128,4945140.0,0.5024732351303101,nan,queue,queue,per_epoch_trace
squeeze_net_tosa,inputs/task_graph_topology/soda-benchmark-graphs/pytorch-graphs/squeeze_net_tosa.dot,/qfs/people/dass304/dass304/HWSWpartition/hw-sw-partition-metaheur/BatchExperiments/Ablation/diff_gnn_order_lssp_trace/squeeze_net_tosa/seed-42/run-20260412-143138/config/squeeze_net_tosa_seed-42_ablation.yaml,train,epoch,train,thresholded_partition,threshold,469,469.0,0,469,False,False,4782.21142578125,1834.1764929533483,1939.791425141183,nan,nan,False,163,8744.548143908882,4831.909135635894,0.78895,0.8124,4790584.0,0.5028207898139954,nan,queue,queue,per_epoch_trace
squeeze_net_tosa,inputs/task_graph_topology/soda-benchmark-graphs/pytorch-graphs/squeeze_net_tosa.dot,/qfs/people/dass304/dass304/HWSWpartition/hw-sw-partition-metaheur/BatchExperiments/Ablation/diff_gnn_order_lssp_trace/squeeze_net_tosa/seed-42/run-20260412-143138/config/squeeze_net_tosa_seed-42_ablation.yaml,train,epoch,train,thresholded_partition,threshold,470,470.0,0,470,False,False,4870.99169921875,2186.3799883997985,2186.3799883997985,nan,nan,False,162,8668.206609980198,4831.909135635894,0.7885,0.812,4872907.5,0.5012253522872925,nan,queue,queue,per_epoch_trace
squeeze_net_tosa,inputs/task_graph_topology/soda-benchmark-graphs/pytorch-graphs/squeeze_net_tosa.dot,/qfs/people/dass304/dass304/HWSWpartition/hw-sw-partition-metaheur/BatchExperiments/Ablation/diff_gnn_order_lssp_trace/squeeze_net_tosa/seed-42/run-20260412-143138/config/squeeze_net_tosa_seed-42_ablation.yaml,train,epoch,train,thresholded_partition,threshold,471,471.0,0,471,False,False,4931.04248046875,3958.5739073743903,3958.5739073743907,nan,nan,False,153,8106.191498169461,4831.909135635894,0.78805,0.8116,4931779.0,0.4994315505027771,nan,queue,queue,per_epoch_trace
squeeze_net_tosa,inputs/task_graph_topology/soda-benchmark-graphs/pytorch-graphs/squeeze_net_tosa.dot,/qfs/people/dass304/dass304/HWSWpartition/hw-sw-partition-metaheur/BatchExperiments/Ablation/diff_gnn_order_lssp_trace/squeeze_net_tosa/seed-42/run-20260412-143138/config/squeeze_net_tosa_seed-42_ablation.yaml,train,epoch,train,thresholded_partition,threshold,472,472.0,0,472,False,False,4933.54736328125,2988.7261155408146,2988.726115540814,nan,nan,False,155,8335.32304980249,4831.909135635894,0.7876,0.8112,4936760.0,0.5016728043556213,nan,queue,queue,per_epoch_trace
squeeze_net_tosa,inputs/task_graph_topology/soda-benchmark-graphs/pytorch-graphs/squeeze_net_tosa.dot,/qfs/people/dass304/dass304/HWSWpartition/hw-sw-partition-metaheur/BatchExperiments/Ablation/diff_gnn_order_lssp_trace/squeeze_net_tosa/seed-42/run-20260412-143138/config/squeeze_net_tosa_seed-42_ablation.yaml,train,epoch,train,thresholded_partition,threshold,473,473.0,0,473,False,False,4958.87890625,3507.05507908267,3530.4343754620118,nan,nan,False,153,8224.789228739673,4831.909135635894,0.78715,0.8108,4959437.0,0.49963250756263733,nan,queue,queue,per_epoch_trace
squeeze_net_tosa,inputs/task_graph_topology/soda-benchmark-graphs/pytorch-graphs/squeeze_net_tosa.dot,/qfs/people/dass304/dass304/HWSWpartition/hw-sw-partition-metaheur/BatchExperiments/Ablation/diff_gnn_order_lssp_trace/squeeze_net_tosa/seed-42/run-20260412-143138/config/squeeze_net_tosa_seed-42_ablation.yaml,train,epoch,train,thresholded_partition,threshold,474,474.0,0,474,False,False,4765.24462890625,2035.2373603978672,2284.907325176147,nan,nan,False,164,8735.96227583035,4831.909135635894,0.7867,0.8104,4929566.5,0.5128031373023987,nan,queue,queue,per_epoch_trace
squeeze_net_tosa,inputs/task_graph_topology/soda-benchmark-graphs/pytorch-graphs/squeeze_net_tosa.dot,/qfs/people/dass304/dass304/HWSWpartition/hw-sw-partition-metaheur/BatchExperiments/Ablation/diff_gnn_order_lssp_trace/squeeze_net_tosa/seed-42/run-20260412-143138/config/squeeze_net_tosa_seed-42_ablation.yaml,train,epoch,train,thresholded_partition,threshold,475,475.0,0,475,False,False,4912.7578125,2245.8654288917382,2459.90170864855,nan,nan,False,153,8251.835153520806,4831.909135635894,0.78625,0.81,4931015.5,0.5042246580123901,nan,queue,queue,per_epoch_trace
squeeze_net_tosa,inputs/task_graph_topology/soda-benchmark-graphs/pytorch-graphs/squeeze_net_tosa.dot,/qfs/people/dass304/dass304/HWSWpartition/hw-sw-partition-metaheur/BatchExperiments/Ablation/diff_gnn_order_lssp_trace/squeeze_net_tosa/seed-42/run-20260412-143138/config/squeeze_net_tosa_seed-42_ablation.yaml,train,epoch,train,thresholded_partition,threshold,476,476.0,0,476,False,False,4816.1181640625,3307.5378223584726,3537.7300216925055,nan,nan,False,155,8339.895318426727,4831.909135635894,0.7858,0.8096,4816756.0,0.5004738569259644,nan,queue,queue,per_epoch_trace
squeeze_net_tosa,inputs/task_graph_topology/soda-benchmark-graphs/pytorch-graphs/squeeze_net_tosa.dot,/qfs/people/dass304/dass304/HWSWpartition/hw-sw-partition-metaheur/BatchExperiments/Ablation/diff_gnn_order_lssp_trace/squeeze_net_tosa/seed-42/run-20260412-143138/config/squeeze_net_tosa_seed-42_ablation.yaml,train,epoch,train,thresholded_partition,threshold,477,477.0,0,477,False,False,4856.93994140625,1487.7107613037945,1648.0220142601945,nan,nan,False,165,8708.389919977533,4831.909135635894,0.78535,0.8092,4857727.0,0.5006177425384521,nan,queue,queue,per_epoch_trace
squeeze_net_tosa,inputs/task_graph_topology/soda-benchmark-graphs/pytorch-graphs/squeeze_net_tosa.dot,/qfs/people/dass304/dass304/HWSWpartition/hw-sw-partition-metaheur/BatchExperiments/Ablation/diff_gnn_order_lssp_trace/squeeze_net_tosa/seed-42/run-20260412-143138/config/squeeze_net_tosa_seed-42_ablation.yaml,train,epoch,train,thresholded_partition,threshold,478,478.0,0,478,False,False,4928.94580078125,3415.649233454275,3415.649233454275,nan,nan,False,152,8144.435761237514,4831.909135635894,0.7849,0.8088,4929520.0,0.5004135966300964,nan,queue,queue,per_epoch_trace
squeeze_net_tosa,inputs/task_graph_topology/soda-benchmark-graphs/pytorch-graphs/squeeze_net_tosa.dot,/qfs/people/dass304/dass304/HWSWpartition/hw-sw-partition-metaheur/BatchExperiments/Ablation/diff_gnn_order_lssp_trace/squeeze_net_tosa/seed-42/run-20260412-143138/config/squeeze_net_tosa_seed-42_ablation.yaml,train,epoch,train,thresholded_partition,threshold,479,479.0,0,479,False,False,4861.49951171875,2500.234062554834,2699.3054520291694,nan,nan,False,160,8608.589468675438,4831.909135635894,0.78445,0.8084,4861995.0,0.5002744793891907,nan,queue,queue,per_epoch_trace
squeeze_net_tosa,inputs/task_graph_topology/soda-benchmark-graphs/pytorch-graphs/squeeze_net_tosa.dot,/qfs/people/dass304/dass304/HWSWpartition/hw-sw-partition-metaheur/BatchExperiments/Ablation/diff_gnn_order_lssp_trace/squeeze_net_tosa/seed-42/run-20260412-143138/config/squeeze_net_tosa_seed-42_ablation.yaml,train,epoch,train,thresholded_partition,threshold,480,480.0,0,480,False,False,4944.22509765625,1810.2265696147629,1789.5416421967848,nan,nan,False,166,8955.180489825916,4831.909135635894,0.784,0.808,4952904.5,0.5028767585754395,nan,queue,queue,per_epoch_trace
squeeze_net_tosa,inputs/task_graph_topology/soda-benchmark-graphs/pytorch-graphs/squeeze_net_tosa.dot,/qfs/people/dass304/dass304/HWSWpartition/hw-sw-partition-metaheur/BatchExperiments/Ablation/diff_gnn_order_lssp_trace/squeeze_net_tosa/seed-42/run-20260412-143138/config/squeeze_net_tosa_seed-42_ablation.yaml,train,epoch,train,thresholded_partition,threshold,481,481.0,0,481,False,False,4990.04150390625,2838.332687792983,2891.978983803424,nan,nan,False,159,8455.141125245776,4831.909135635894,0.78355,0.8076,4996364.5,0.5024336576461792,nan,queue,queue,per_epoch_trace
squeeze_net_tosa,inputs/task_graph_topology/soda-benchmark-graphs/pytorch-graphs/squeeze_net_tosa.dot,/qfs/people/dass304/dass304/HWSWpartition/hw-sw-partition-metaheur/BatchExperiments/Ablation/diff_gnn_order_lssp_trace/squeeze_net_tosa/seed-42/run-20260412-143138/config/squeeze_net_tosa_seed-42_ablation.yaml,train,epoch,train,thresholded_partition,threshold,482,482.0,0,482,False,False,4993.32373046875,1720.4936827530098,1881.818339968076,nan,nan,False,164,8702.096820361605,4831.909135635894,0.7831,0.8072,4996318.0,0.5016095042228699,nan,queue,queue,per_epoch_trace
squeeze_net_tosa,inputs/task_graph_topology/soda-benchmark-graphs/pytorch-graphs/squeeze_net_tosa.dot,/qfs/people/dass304/dass304/HWSWpartition/hw-sw-partition-metaheur/BatchExperiments/Ablation/diff_gnn_order_lssp_trace/squeeze_net_tosa/seed-42/run-20260412-143138/config/squeeze_net_tosa_seed-42_ablation.yaml,train,epoch,train,thresholded_partition,threshold,483,483.0,0,483,False,False,4792.37158203125,1690.2923272799624,1787.386293223817,nan,nan,False,166,8752.280241240009,4831.909135635894,0.7826500000000001,0.8068,4792834.5,0.4997465908527374,nan,queue,queue,per_epoch_trace
squeeze_net_tosa,inputs/task_graph_topology/soda-benchmark-graphs/pytorch-graphs/squeeze_net_tosa.dot,/qfs/people/dass304/dass304/HWSWpartition/hw-sw-partition-metaheur/BatchExperiments/Ablation/diff_gnn_order_lssp_trace/squeeze_net_tosa/seed-42/run-20260412-143138/config/squeeze_net_tosa_seed-42_ablation.yaml,train,epoch,train,thresholded_partition,threshold,484,484.0,0,484,False,False,4971.275390625,2014.059885007414,2140.218959222372,nan,nan,False,164,8529.549121285516,4831.909135635894,0.7822,0.8064,4976334.5,0.49784204363822937,nan,queue,queue,per_epoch_trace
squeeze_net_tosa,inputs/task_graph_topology/soda-benchmark-graphs/pytorch-graphs/squeeze_net_tosa.dot,/qfs/people/dass304/dass304/HWSWpartition/hw-sw-partition-metaheur/BatchExperiments/Ablation/diff_gnn_order_lssp_trace/squeeze_net_tosa/seed-42/run-20260412-143138/config/squeeze_net_tosa_seed-42_ablation.yaml,train,epoch,train,thresholded_partition,threshold,485,485.0,0,485,False,False,4797.11962890625,1100.305026871552,1127.293647961572,nan,nan,False,170,9027.167108464739,4831.909135635894,0.78175,0.806,4818531.5,0.5045835971832275,nan,queue,queue,per_epoch_trace
squeeze_net_tosa,inputs/task_graph_topology/soda-benchmark-graphs/pytorch-graphs/squeeze_net_tosa.dot,/qfs/people/dass304/dass304/HWSWpartition/hw-sw-partition-metaheur/BatchExperiments/Ablation/diff_gnn_order_lssp_trace/squeeze_net_tosa/seed-42/run-20260412-143138/config/squeeze_net_tosa_seed-42_ablation.yaml,train,epoch,train,thresholded_partition,threshold,486,486.0,0,486,False,False,4916.00146484375,984.1457620769878,984.1457620769878,nan,nan,False,167,8936.24450097881,4831.909135635894,0.7813,0.8056,4922730.5,0.5025151371955872,nan,queue,queue,per_epoch_trace
squeeze_net_tosa,inputs/task_graph_topology/soda-benchmark-graphs/pytorch-graphs/squeeze_net_tosa.dot,/qfs/people/dass304/dass304/HWSWpartition/hw-sw-partition-metaheur/BatchExperiments/Ablation/diff_gnn_order_lssp_trace/squeeze_net_tosa/seed-42/run-20260412-143138/config/squeeze_net_tosa_seed-42_ablation.yaml,train,epoch,train,thresholded_partition,threshold,487,487.0,0,487,False,False,4859.39892578125,2077.2882409332765,2253.993385198077,nan,nan,False,165,8744.15761433624,4831.909135635894,0.78085,0.8052,4859905.0,0.500320553779602,nan,queue,queue,per_epoch_trace
squeeze_net_tosa,inputs/task_graph_topology/soda-benchmark-graphs/pytorch-graphs/squeeze_net_tosa.dot,/qfs/people/dass304/dass304/HWSWpartition/hw-sw-partition-metaheur/BatchExperiments/Ablation/diff_gnn_order_lssp_trace/squeeze_net_tosa/seed-42/run-20260412-143138/config/squeeze_net_tosa_seed-42_ablation.yaml,train,epoch,train,thresholded_partition,threshold,488,488.0,0,488,False,False,4927.662109375,1450.8372775142373,1544.3190050820328,nan,nan,False,167,8886.164826803071,4831.909135635894,0.7804,0.8048,4928082.5,0.4998871088027954,nan,queue,queue,per_epoch_trace
squeeze_net_tosa,inputs/task_graph_topology/soda-benchmark-graphs/pytorch-graphs/squeeze_net_tosa.dot,/qfs/people/dass304/dass304/HWSWpartition/hw-sw-partition-metaheur/BatchExperiments/Ablation/diff_gnn_order_lssp_trace/squeeze_net_tosa/seed-42/run-20260412-143138/config/squeeze_net_tosa_seed-42_ablation.yaml,train,epoch,train,thresholded_partition,threshold,489,489.0,0,489,False,False,4767.828125,1735.7663542621567,1925.9406293406114,nan,nan,False,161,8447.13801877418,4831.909135635894,0.77995,0.8044,4768237.0,0.5000505447387695,nan,queue,queue,per_epoch_trace
squeeze_net_tosa,inputs/task_graph_topology/soda-benchmark-graphs/pytorch-graphs/squeeze_net_tosa.dot,/qfs/people/dass304/dass304/HWSWpartition/hw-sw-partition-metaheur/BatchExperiments/Ablation/diff_gnn_order_lssp_trace/squeeze_net_tosa/seed-42/run-20260412-143138/config/squeeze_net_tosa_seed-42_ablation.yaml,train,epoch,train,thresholded_partition,threshold,490,490.0,0,490,False,False,4853.021484375,1729.740838103309,1759.2266784442056,nan,nan,False,162,8642.794295628191,4831.909135635894,0.7795,0.804,4853534.0,0.49966609477996826,nan,queue,queue,per_epoch_trace
squeeze_net_tosa,inputs/task_graph_topology/soda-benchmark-graphs/pytorch-graphs/squeeze_net_tosa.dot,/qfs/people/dass304/dass304/HWSWpartition/hw-sw-partition-metaheur/BatchExperiments/Ablation/diff_gnn_order_lssp_trace/squeeze_net_tosa/seed-42/run-20260412-143138/config/squeeze_net_tosa_seed-42_ablation.yaml,train,epoch,train,thresholded_partition,threshold,491,491.0,0,491,False,False,4907.8984375,1193.4461584119022,1193.4461584119022,nan,nan,False,165,8770.394718860054,4831.909135635894,0.77905,0.8036,4911076.0,0.5016655921936035,nan,queue,queue,per_epoch_trace
squeeze_net_tosa,inputs/task_graph_topology/soda-benchmark-graphs/pytorch-graphs/squeeze_net_tosa.dot,/qfs/people/dass304/dass304/HWSWpartition/hw-sw-partition-metaheur/BatchExperiments/Ablation/diff_gnn_order_lssp_trace/squeeze_net_tosa/seed-42/run-20260412-143138/config/squeeze_net_tosa_seed-42_ablation.yaml,train,epoch,train,thresholded_partition,threshold,492,492.0,0,492,False,False,4831.3837890625,2537.5769866699393,2604.9535650627436,nan,nan,False,159,8327.077352718103,4831.909135635894,0.7786,0.8032,4833567.5,0.5013340711593628,nan,queue,queue,per_epoch_trace
squeeze_net_tosa,inputs/task_graph_topology/soda-benchmark-graphs/pytorch-graphs/squeeze_net_tosa.dot,/qfs/people/dass304/dass304/HWSWpartition/hw-sw-partition-metaheur/BatchExperiments/Ablation/diff_gnn_order_lssp_trace/squeeze_net_tosa/seed-42/run-20260412-143138/config/squeeze_net_tosa_seed-42_ablation.yaml,train,epoch,train,thresholded_partition,threshold,493,493.0,0,493,False,False,4873.81884765625,2479.4810856684544,2508.0401269305594,nan,nan,False,156,8274.891864582876,4831.909135635894,0.77815,0.8028,4879476.5,0.5022922158241272,nan,queue,queue,per_epoch_trace
squeeze_net_tosa,inputs/task_graph_topology/soda-benchmark-graphs/pytorch-graphs/squeeze_net_tosa.dot,/qfs/people/dass304/dass304/HWSWpartition/hw-sw-partition-metaheur/BatchExperiments/Ablation/diff_gnn_order_lssp_trace/squeeze_net_tosa/seed-42/run-20260412-143138/config/squeeze_net_tosa_seed-42_ablation.yaml,train,epoch,train,thresholded_partition,threshold,494,494.0,0,494,False,False,4857.1728515625,2375.0719454920268,2507.8073187162286,nan,nan,False,158,8414.148548308707,4831.909135635894,0.7777000000000001,0.8024,4897818.0,0.5063432455062866,nan,queue,queue,per_epoch_trace
squeeze_net_tosa,inputs/task_graph_topology/soda-benchmark-graphs/pytorch-graphs/squeeze_net_tosa.dot,/qfs/people/dass304/dass304/HWSWpartition/hw-sw-partition-metaheur/BatchExperiments/Ablation/diff_gnn_order_lssp_trace/squeeze_net_tosa/seed-42/run-20260412-143138/config/squeeze_net_tosa_seed-42_ablation.yaml,train,epoch,train,thresholded_partition,threshold,495,495.0,0,495,False,False,4916.43115234375,2017.890577137032,2230.005373154,nan,nan,False,162,8608.376214656406,4831.909135635894,0.77725,0.802,4938896.0,0.5046967267990112,nan,queue,queue,per_epoch_trace
squeeze_net_tosa,inputs/task_graph_topology/soda-benchmark-graphs/pytorch-graphs/squeeze_net_tosa.dot,/qfs/people/dass304/dass304/HWSWpartition/hw-sw-partition-metaheur/BatchExperiments/Ablation/diff_gnn_order_lssp_trace/squeeze_net_tosa/seed-42/run-20260412-143138/config/squeeze_net_tosa_seed-42_ablation.yaml,train,epoch,train,thresholded_partition,threshold,496,496.0,0,496,False,False,4929.75244140625,2461.956119476912,2550.1115186653346,nan,nan,False,158,8404.56521319768,4831.909135635894,0.7767999999999999,0.8016,4931988.5,0.5013468265533447,nan,queue,queue,per_epoch_trace
squeeze_net_tosa,inputs/task_graph_topology/soda-benchmark-graphs/pytorch-graphs/squeeze_net_tosa.dot,/qfs/people/dass304/dass304/HWSWpartition/hw-sw-partition-metaheur/BatchExperiments/Ablation/diff_gnn_order_lssp_trace/squeeze_net_tosa/seed-42/run-20260412-143138/config/squeeze_net_tosa_seed-42_ablation.yaml,train,epoch,train,thresholded_partition,threshold,497,497.0,0,497,False,False,4760.24169921875,1429.5498094008346,1465.7928614040272,nan,nan,False,164,8651.463935740005,4831.909135635894,0.77635,0.8012,4760651.0,0.5000194907188416,nan,queue,queue,per_epoch_trace
squeeze_net_tosa,inputs/task_graph_topology/soda-benchmark-graphs/pytorch-graphs/squeeze_net_tosa.dot,/qfs/people/dass304/dass304/HWSWpartition/hw-sw-partition-metaheur/BatchExperiments/Ablation/diff_gnn_order_lssp_trace/squeeze_net_tosa/seed-42/run-20260412-143138/config/squeeze_net_tosa_seed-42_ablation.yaml,train,epoch,train,thresholded_partition,threshold,498,498.0,0,498,False,False,4922.2431640625,2160.784053641463,2437.315256045317,nan,nan,False,157,8254.342457500841,4831.909135635894,0.7759,0.8008,4931209.5,0.5029246211051941,nan,queue,queue,per_epoch_trace
squeeze_net_tosa,inputs/task_graph_topology/soda-benchmark-graphs/pytorch-graphs/squeeze_net_tosa.dot,/qfs/people/dass304/dass304/HWSWpartition/hw-sw-partition-metaheur/BatchExperiments/Ablation/diff_gnn_order_lssp_trace/squeeze_net_tosa/seed-42/run-20260412-143138/config/squeeze_net_tosa_seed-42_ablation.yaml,train,epoch,train,thresholded_partition,threshold,499,499.0,0,499,False,False,4821.14013671875,2155.529475009691,2165.348975179641,nan,nan,False,162,8705.100199183993,4831.909135635894,0.77545,0.8004,4844150.0,0.5047540068626404,nan,queue,queue,per_epoch_trace
squeeze_net_tosa,inputs/task_graph_topology/soda-benchmark-graphs/pytorch-graphs/squeeze_net_tosa.dot,/qfs/people/dass304/dass304/HWSWpartition/hw-sw-partition-metaheur/BatchExperiments/Ablation/diff_gnn_order_lssp_trace/squeeze_net_tosa/seed-42/run-20260412-143138/config/squeeze_net_tosa_seed-42_ablation.yaml,train,epoch,train,thresholded_partition,threshold,500,500.0,0,500,False,False,4827.97314453125,3306.3993928787613,3306.399392878761,nan,nan,False,158,8390.978921854714,4831.909135635894,0.775,0.8,4832694.5,0.5020768642425537,nan,queue,queue,per_epoch_trace
squeeze_net_tosa,inputs/task_graph_topology/soda-benchmark-graphs/pytorch-graphs/squeeze_net_tosa.dot,/qfs/people/dass304/dass304/HWSWpartition/hw-sw-partition-metaheur/BatchExperiments/Ablation/diff_gnn_order_lssp_trace/squeeze_net_tosa/seed-42/run-20260412-143138/config/squeeze_net_tosa_seed-42_ablation.yaml,train,epoch,train,thresholded_partition,threshold,501,501.0,0,501,False,False,4891.82373046875,2890.610639819577,2973.9820487688203,nan,nan,False,156,8441.519665218206,4831.909135635894,0.77455,0.7996,4892285.0,0.4997710883617401,nan,queue,queue,per_epoch_trace
squeeze_net_tosa,inputs/task_graph_topology/soda-benchmark-graphs/pytorch-graphs/squeeze_net_tosa.dot,/qfs/people/dass304/dass304/HWSWpartition/hw-sw-partition-metaheur/BatchExperiments/Ablation/diff_gnn_order_lssp_trace/squeeze_net_tosa/seed-42/run-20260412-143138/config/squeeze_net_tosa_seed-42_ablation.yaml,train,epoch,train,thresholded_partition,threshold,502,502.0,0,502,False,False,4974.40576171875,2270.075864027443,2344.4216759543697,nan,nan,False,165,8777.695803732375,4831.909135635894,0.7741,0.7992,4979581.5,0.5021827816963196,nan,queue,queue,per_epoch_trace
squeeze_net_tosa,inputs/task_graph_topology/soda-benchmark-graphs/pytorch-graphs/squeeze_net_tosa.dot,/qfs/people/dass304/dass304/HWSWpartition/hw-sw-partition-metaheur/BatchExperiments/Ablation/diff_gnn_order_lssp_trace/squeeze_net_tosa/seed-42/run-20260412-143138/config/squeeze_net_tosa_seed-42_ablation.yaml,train,epoch,train,thresholded_partition,threshold,503,503.0,0,503,False,False,4866.80859375,1696.0547431757252,1795.9803143778315,nan,nan,False,165,8924.086276349619,4831.909135635894,0.77365,0.7988,4898450.0,0.5055884122848511,nan,queue,queue,per_epoch_trace
squeeze_net_tosa,inputs/task_graph_topology/soda-benchmark-graphs/pytorch-graphs/squeeze_net_tosa.dot,/qfs/people/dass304/dass304/HWSWpartition/hw-sw-partition-metaheur/BatchExperiments/Ablation/diff_gnn_order_lssp_trace/squeeze_net_tosa/seed-42/run-20260412-143138/config/squeeze_net_tosa_seed-42_ablation.yaml,train,epoch,train,thresholded_partition,threshold,504,504.0,0,504,False,False,4841.62890625,1653.2357788943693,1735.20861741145,nan,nan,False,163,8792.962288848137,4831.909135635894,0.7732,0.7984,4850378.5,0.5028892159461975,nan,queue,queue,per_epoch_trace
squeeze_net_tosa,inputs/task_graph_topology/soda-benchmark-graphs/pytorch-graphs/squeeze_net_tosa.dot,/qfs/people/dass304/dass304/HWSWpartition/hw-sw-partition-metaheur/BatchExperiments/Ablation/diff_gnn_order_lssp_trace/squeeze_net_tosa/seed-42/run-20260412-143138/config/squeeze_net_tosa_seed-42_ablation.yaml,train,epoch,train,thresholded_partition,threshold,505,505.0,0,505,False,False,4827.90673828125,1286.6958475390054,1474.501752044763,nan,nan,False,166,8819.236824305714,4831.909135635894,0.77275,0.798,4831476.5,0.501777708530426,nan,queue,queue,per_epoch_trace
squeeze_net_tosa,inputs/task_graph_topology/soda-benchmark-graphs/pytorch-graphs/squeeze_net_tosa.dot,/qfs/people/dass304/dass304/HWSWpartition/hw-sw-partition-metaheur/BatchExperiments/Ablation/diff_gnn_order_lssp_trace/squeeze_net_tosa/seed-42/run-20260412-143138/config/squeeze_net_tosa_seed-42_ablation.yaml,train,epoch,train,thresholded_partition,threshold,506,506.0,0,506,False,False,4955.18896484375,2160.8605805283464,2160.8605805283464,nan,nan,False,160,8597.268469680308,4831.909135635894,0.7723,0.7976,4955683.5,0.4996979534626007,nan,queue,queue,per_epoch_trace
squeeze_net_tosa,inputs/task_graph_topology/soda-benchmark-graphs/pytorch-graphs/squeeze_net_tosa.dot,/qfs/people/dass304/dass304/HWSWpartition/hw-sw-partition-metaheur/BatchExperiments/Ablation/diff_gnn_order_lssp_trace/squeeze_net_tosa/seed-42/run-20260412-143138/config/squeeze_net_tosa_seed-42_ablation.yaml,train,epoch,train,thresholded_partition,threshold,507,507.0,0,507,False,False,4821.65869140625,3463.4299012808797,3454.594564849278,nan,nan,False,156,8369.640902050187,4831.909135635894,0.7718499999999999,0.7972,4822462.5,0.49936577677726746,nan,queue,queue,per_epoch_trace
squeeze_net_tosa,inputs/task_graph_topology/soda-benchmark-graphs/pytorch-graphs/squeeze_net_tosa.dot,/qfs/people/dass304/dass304/HWSWpartition/hw-sw-partition-metaheur/BatchExperiments/Ablation/diff_gnn_order_lssp_trace/squeeze_net_tosa/seed-42/run-20260412-143138/config/squeeze_net_tosa_seed-42_ablation.yaml,train,epoch,train,thresholded_partition,threshold,508,508.0,0,508,False,False,4748.796875,2008.9885933967428,2008.9885933967428,nan,nan,False,162,8562.50878541974,4831.909135635894,0.7714,0.7968,4764776.5,0.5039460062980652,nan,queue,queue,per_epoch_trace
squeeze_net_tosa,inputs/task_graph_topology/soda-benchmark-graphs/pytorch-graphs/squeeze_net_tosa.dot,/qfs/people/dass304/dass304/HWSWpartition/hw-sw-partition-metaheur/BatchExperiments/Ablation/diff_gnn_order_lssp_trace/squeeze_net_tosa/seed-42/run-20260412-143138/config/squeeze_net_tosa_seed-42_ablation.yaml,train,epoch,train,thresholded_partition,threshold,509,509.0,0,509,False,False,4776.9736328125,1663.7711955308284,1674.4897409945731,nan,nan,False,167,8936.212524322105,4831.909135635894,0.77095,0.7964,4818759.0,0.5064330697059631,nan,queue,queue,per_epoch_trace
squeeze_net_tosa,inputs/task_graph_topology/soda-benchmark-graphs/pytorch-graphs/squeeze_net_tosa.dot,/qfs/people/dass304/dass304/HWSWpartition/hw-sw-partition-metaheur/BatchExperiments/Ablation/diff_gnn_order_lssp_trace/squeeze_net_tosa/seed-42/run-20260412-143138/config/squeeze_net_tosa_seed-42_ablation.yaml,train,epoch,train,thresholded_partition,threshold,510,510.0,0,510,False,False,4868.11669921875,2047.8746913711807,2047.8746913711807,nan,nan,False,164,8677.416615152906,4831.909135635894,0.7705,0.796,4882318.0,0.5037145018577576,nan,queue,queue,per_epoch_trace
squeeze_net_tosa,inputs/task_graph_topology/soda-benchmark-graphs/pytorch-graphs/squeeze_net_tosa.dot,/qfs/people/dass304/dass304/HWSWpartition/hw-sw-partition-metaheur/BatchExperiments/Ablation/diff_gnn_order_lssp_trace/squeeze_net_tosa/seed-42/run-20260412-143138/config/squeeze_net_tosa_seed-42_ablation.yaml,train,epoch,train,thresholded_partition,threshold,511,511.0,0,511,False,False,4808.6484375,1281.7916654433054,1318.0347174464978,nan,nan,False,165,8702.981727870367,4831.909135635894,0.77005,0.7956,4828419.0,0.5044009685516357,nan,queue,queue,per_epoch_trace
squeeze_net_tosa,inputs/task_graph_topology/soda-benchmark-graphs/pytorch-graphs/squeeze_net_tosa.dot,/qfs/people/dass304/dass304/HWSWpartition/hw-sw-partition-metaheur/BatchExperiments/Ablation/diff_gnn_order_lssp_trace/squeeze_net_tosa/seed-42/run-20260412-143138/config/squeeze_net_tosa_seed-42_ablation.yaml,train,epoch,train,thresholded_partition,threshold,512,512.0,0,512,False,False,4901.75244140625,1890.1819580701886,2070.917513159428,nan,nan,False,164,8721.436515186364,4831.909135635894,0.7696,0.7952,4904473.5,0.5015202164649963,nan,queue,queue,per_epoch_trace
squeeze_net_tosa,inputs/task_graph_topology/soda-benchmark-graphs/pytorch-graphs/squeeze_net_tosa.dot,/qfs/people/dass304/dass304/HWSWpartition/hw-sw-partition-metaheur/BatchExperiments/Ablation/diff_gnn_order_lssp_trace/squeeze_net_tosa/seed-42/run-20260412-143138/config/squeeze_net_tosa_seed-42_ablation.yaml,train,epoch,train,thresholded_partition,threshold,513,513.0,0,513,False,False,4795.7001953125,2086.5887406618012,2121.0150889661722,nan,nan,False,161,8473.505183915508,4831.909135635894,0.76915,0.7948,4797545.0,0.5012003779411316,nan,queue,queue,per_epoch_trace
squeeze_net_tosa,inputs/task_graph_topology/soda-benchmark-graphs/pytorch-graphs/squeeze_net_tosa.dot,/qfs/people/dass304/dass304/HWSWpartition/hw-sw-partition-metaheur/BatchExperiments/Ablation/diff_gnn_order_lssp_trace/squeeze_net_tosa/seed-42/run-20260412-143138/config/squeeze_net_tosa_seed-42_ablation.yaml,train,epoch,train,thresholded_partition,threshold,514,514.0,0,514,False,False,4762.12060546875,2674.9902289594606,2674.9902289594606,nan,nan,False,160,8524.738209478739,4831.909135635894,0.7686999999999999,0.7944,4809160.5,0.506828784942627,nan,queue,queue,per_epoch_trace
squeeze_net_tosa,inputs/task_graph_topology/soda-benchmark-graphs/pytorch-graphs/squeeze_net_tosa.dot,/qfs/people/dass304/dass304/HWSWpartition/hw-sw-partition-metaheur/BatchExperiments/Ablation/diff_gnn_order_lssp_trace/squeeze_net_tosa/seed-42/run-20260412-143138/config/squeeze_net_tosa_seed-42_ablation.yaml,train,epoch,train,thresholded_partition,threshold,515,515.0,0,515,False,False,4937.9853515625,2659.147237017859,2659.147237017859,nan,nan,False,159,8443.96317413332,4831.909135635894,0.76825,0.794,4938505.5,0.49966904520988464,nan,queue,queue,per_epoch_trace
squeeze_net_tosa,inputs/task_graph_topology/soda-benchmark-graphs/pytorch-graphs/squeeze_net_tosa.dot,/qfs/people/dass304/dass304/HWSWpartition/hw-sw-partition-metaheur/BatchExperiments/Ablation/diff_gnn_order_lssp_trace/squeeze_net_tosa/seed-42/run-20260412-143138/config/squeeze_net_tosa_seed-42_ablation.yaml,train,epoch,train,thresholded_partition,threshold,516,516.0,0,516,False,False,4901.94482421875,1824.577582961276,1911.3409660129626,nan,nan,False,163,8671.861169819907,4831.909135635894,0.7678,0.7936,4909348.5,0.5026453733444214,nan,queue,queue,per_epoch_trace
squeeze_net_tosa,inputs/task_graph_topology/soda-benchmark-graphs/pytorch-graphs/squeeze_net_tosa.dot,/qfs/people/dass304/dass304/HWSWpartition/hw-sw-partition-metaheur/BatchExperiments/Ablation/diff_gnn_order_lssp_trace/squeeze_net_tosa/seed-42/run-20260412-143138/config/squeeze_net_tosa_seed-42_ablation.yaml,train,epoch,train,thresholded_partition,threshold,517,517.0,0,517,False,False,4849.63720703125,3315.3572697995955,3552.9798908265734,nan,nan,False,155,7975.571856117018,4831.909135635894,0.76735,0.7932,4850087.5,0.4997822642326355,nan,queue,queue,per_epoch_trace
squeeze_net_tosa,inputs/task_graph_topology/soda-benchmark-graphs/pytorch-graphs/squeeze_net_tosa.dot,/qfs/people/dass304/dass304/HWSWpartition/hw-sw-partition-metaheur/BatchExperiments/Ablation/diff_gnn_order_lssp_trace/squeeze_net_tosa/seed-42/run-20260412-143138/config/squeeze_net_tosa_seed-42_ablation.yaml,train,epoch,train,thresholded_partition,threshold,518,518.0,0,518,False,False,4804.08544921875,1893.6143409217468,1893.6143409217468,nan,nan,False,163,8649.126018142197,4831.909135635894,0.7669,0.7928,4812754.5,0.5028750896453857,nan,queue,queue,per_epoch_trace
squeeze_net_tosa,inputs/task_graph_topology/soda-benchmark-graphs/pytorch-graphs/squeeze_net_tosa.dot,/qfs/people/dass304/dass304/HWSWpartition/hw-sw-partition-metaheur/BatchExperiments/Ablation/diff_gnn_order_lssp_trace/squeeze_net_tosa/seed-42/run-20260412-143138/config/squeeze_net_tosa_seed-42_ablation.yaml,train,epoch,train,thresholded_partition,threshold,519,519.0,0,519,False,False,4819.21240234375,1902.261350457193,2173.951661959955,nan,nan,False,162,8563.565600463995,4831.909135635894,0.76645,0.7924,4820733.5,0.5010515451431274,nan,queue,queue,per_epoch_trace
squeeze_net_tosa,inputs/task_graph_topology/soda-benchmark-graphs/pytorch-graphs/squeeze_net_tosa.dot,/qfs/people/dass304/dass304/HWSWpartition/hw-sw-partition-metaheur/BatchExperiments/Ablation/diff_gnn_order_lssp_trace/squeeze_net_tosa/seed-42/run-20260412-143138/config/squeeze_net_tosa_seed-42_ablation.yaml,train,epoch,train,thresholded_partition,threshold,520,520.0,0,520,False,False,4904.63232421875,2485.410526810741,2584.1478699627237,nan,nan,False,160,8400.468960911348,4831.909135635894,0.766,0.792,4940499.0,0.5059544444084167,nan,queue,queue,per_epoch_trace
squeeze_net_tosa,inputs/task_graph_topology/soda-benchmark-graphs/pytorch-graphs/squeeze_net_tosa.dot,/qfs/people/dass304/dass304/HWSWpartition/hw-sw-partition-metaheur/BatchExperiments/Ablation/diff_gnn_order_lssp_trace/squeeze_net_tosa/seed-42/run-20260412-143138/config/squeeze_net_tosa_seed-42_ablation.yaml,train,epoch,train,thresholded_partition,threshold,521,521.0,0,521,False,False,4925.62744140625,2307.3723103007405,2451.5972094335766,nan,nan,False,158,8165.932150677046,4831.909135635894,0.76555,0.7916,4928840.5,0.4983261823654175,nan,queue,queue,per_epoch_trace
squeeze_net_tosa,inputs/task_graph_topology/soda-benchmark-graphs/pytorch-graphs/squeeze_net_tosa.dot,/qfs/people/dass304/dass304/HWSWpartition/hw-sw-partition-metaheur/BatchExperiments/Ablation/diff_gnn_order_lssp_trace/squeeze_net_tosa/seed-42/run-20260412-143138/config/squeeze_net_tosa_seed-42_ablation.yaml,train,epoch,train,thresholded_partition,threshold,522,522.0,0,522,False,False,4764.3017578125,1679.5657999583996,1836.3316120608506,nan,nan,False,165,8633.119968197827,4831.909135635894,0.7651,0.7912,4779902.5,0.5038983225822449,nan,queue,queue,per_epoch_trace
squeeze_net_tosa,inputs/task_graph_topology/soda-benchmark-graphs/pytorch-graphs/squeeze_net_tosa.dot,/qfs/people/dass304/dass304/HWSWpartition/hw-sw-partition-metaheur/BatchExperiments/Ablation/diff_gnn_order_lssp_trace/squeeze_net_tosa/seed-42/run-20260412-143138/config/squeeze_net_tosa_seed-42_ablation.yaml,train,epoch,train,thresholded_partition,threshold,523,523.0,0,523,False,False,4898.44140625,3106.0906206608333,3116.686771269487,nan,nan,False,157,8141.572372596685,4831.909135635894,0.76465,0.7908,4898883.5,0.4998408257961273,nan,queue,queue,per_epoch_trace
squeeze_net_tosa,inputs/task_graph_topology/soda-benchmark-graphs/pytorch-graphs/squeeze_net_tosa.dot,/qfs/people/dass304/dass304/HWSWpartition/hw-sw-partition-metaheur/BatchExperiments/Ablation/diff_gnn_order_lssp_trace/squeeze_net_tosa/seed-42/run-20260412-143138/config/squeeze_net_tosa_seed-42_ablation.yaml,train,epoch,train,thresholded_partition,threshold,524,524.0,0,524,False,False,4657.77197265625,1764.5362375681464,1764.5362375681464,nan,nan,False,166,8958.947714693377,4831.909135635894,0.7642,0.7904,4952317.0,0.5171502828598022,nan,queue,queue,per_epoch_trace
squeeze_net_tosa,inputs/task_graph_topology/soda-benchmark-graphs/pytorch-graphs/squeeze_net_tosa.dot,/qfs/people/dass304/dass304/HWSWpartition/hw-sw-partition-metaheur/BatchExperiments/Ablation/diff_gnn_order_lssp_trace/squeeze_net_tosa/seed-42/run-20260412-143138/config/squeeze_net_tosa_seed-42_ablation.yaml,train,epoch,train,thresholded_partition,threshold,525,525.0,0,525,False,False,4716.28125,2110.7238460250614,2110.7238460250614,nan,nan,False,162,8593.719471282076,4831.909135635894,0.7637499999999999,0.79,4730203.0,0.5036759376525879,nan,queue,queue,per_epoch_trace
squeeze_net_tosa,inputs/task_graph_topology/soda-benchmark-graphs/pytorch-graphs/squeeze_net_tosa.dot,/qfs/people/dass304/dass304/HWSWpartition/hw-sw-partition-metaheur/BatchExperiments/Ablation/diff_gnn_order_lssp_trace/squeeze_net_tosa/seed-42/run-20260412-143138/config/squeeze_net_tosa_seed-42_ablation.yaml,train,epoch,train,thresholded_partition,threshold,526,526.0,0,526,False,False,4684.48876953125,1348.8524680249363,1368.7030495467623,nan,nan,False,165,8724.120638992408,4831.909135635894,0.7633,0.7896,4690818.5,0.5024346709251404,nan,queue,queue,per_epoch_trace
squeeze_net_tosa,inputs/task_graph_topology/soda-benchmark-graphs/pytorch-graphs/squeeze_net_tosa.dot,/qfs/people/dass304/dass304/HWSWpartition/hw-sw-partition-metaheur/BatchExperiments/Ablation/diff_gnn_order_lssp_trace/squeeze_net_tosa/seed-42/run-20260412-143138/config/squeeze_net_tosa_seed-42_ablation.yaml,train,epoch,train,thresholded_partition,threshold,527,527.0,0,527,False,False,4828.73876953125,2586.0999728349557,2586.099972834955,nan,nan,False,158,8271.976273209008,4831.909135635894,0.76285,0.7892,4842026.0,0.4964114725589752,nan,queue,queue,per_epoch_trace
squeeze_net_tosa,inputs/task_graph_topology/soda-benchmark-graphs/pytorch-graphs/squeeze_net_tosa.dot,/qfs/people/dass304/dass304/HWSWpartition/hw-sw-partition-metaheur/BatchExperiments/Ablation/diff_gnn_order_lssp_trace/squeeze_net_tosa/seed-42/run-20260412-143138/config/squeeze_net_tosa_seed-42_ablation.yaml,train,epoch,train,thresholded_partition,threshold,528,528.0,0,528,False,False,4890.85205078125,3402.7432881262253,3402.7432881262253,nan,nan,False,154,8100.54584887074,4831.909135635894,0.7624,0.7888,4896129.0,0.49779510498046875,nan,queue,queue,per_epoch_trace
squeeze_net_tosa,inputs/task_graph_topology/soda-benchmark-graphs/pytorch-graphs/squeeze_net_tosa.dot,/qfs/people/dass304/dass304/HWSWpartition/hw-sw-partition-metaheur/BatchExperiments/Ablation/diff_gnn_order_lssp_trace/squeeze_net_tosa/seed-42/run-20260412-143138/config/squeeze_net_tosa_seed-42_ablation.yaml,train,epoch,train,thresholded_partition,threshold,529,529.0,0,529,False,False,4688.9345703125,1788.8527621949108,1991.8819643286317,nan,nan,False,162,8610.73162292292,4831.909135635894,0.76195,0.7884,4704094.5,0.503839910030365,nan,queue,queue,per_epoch_trace
squeeze_net_tosa,inputs/task_graph_topology/soda-benchmark-graphs/pytorch-graphs/squeeze_net_tosa.dot,/qfs/people/dass304/dass304/HWSWpartition/hw-sw-partition-metaheur/BatchExperiments/Ablation/diff_gnn_order_lssp_trace/squeeze_net_tosa/seed-42/run-20260412-143138/config/squeeze_net_tosa_seed-42_ablation.yaml,train,epoch,train,thresholded_partition,threshold,530,530.0,0,530,False,False,4778.94921875,1939.5033113621487,1939.5033113621487,nan,nan,False,164,8623.617002448009,4831.909135635894,0.7615,0.788,4781255.0,0.4986242949962616,nan,queue,queue,per_epoch_trace
squeeze_net_tosa,inputs/task_graph_topology/soda-benchmark-graphs/pytorch-graphs/squeeze_net_tosa.dot,/qfs/people/dass304/dass304/HWSWpartition/hw-sw-partition-metaheur/BatchExperiments/Ablation/diff_gnn_order_lssp_trace/squeeze_net_tosa/seed-42/run-20260412-143138/config/squeeze_net_tosa_seed-42_ablation.yaml,train,epoch,train,thresholded_partition,threshold,531,531.0,0,531,False,False,4790.99609375,1887.5955696408062,2102.9009386429734,nan,nan,False,162,8392.931634688342,4831.909135635894,0.76105,0.7876,4795531.0,0.4979701340198517,nan,queue,queue,per_epoch_trace
squeeze_net_tosa,inputs/task_graph_topology/soda-benchmark-graphs/pytorch-graphs/squeeze_net_tosa.dot,/qfs/people/dass304/dass304/HWSWpartition/hw-sw-partition-metaheur/BatchExperiments/Ablation/diff_gnn_order_lssp_trace/squeeze_net_tosa/seed-42/run-20260412-143138/config/squeeze_net_tosa_seed-42_ablation.yaml,train,epoch,train,thresholded_partition,threshold,532,532.0,0,532,False,False,4857.14208984375,2453.837899670002,2453.837899670002,nan,nan,False,161,8305.64969950136,4831.909135635894,0.7605999999999999,0.7872,4864083.5,0.49744322896003723,nan,queue,queue,per_epoch_trace
squeeze_net_tosa,inputs/task_graph_topology/soda-benchmark-graphs/pytorch-graphs/squeeze_net_tosa.dot,/qfs/people/dass304/dass304/HWSWpartition/hw-sw-partition-metaheur/BatchExperiments/Ablation/diff_gnn_order_lssp_trace/squeeze_net_tosa/seed-42/run-20260412-143138/config/squeeze_net_tosa_seed-42_ablation.yaml,train,epoch,train,thresholded_partition,threshold,533,533.0,0,533,False,False,4727.14892578125,1695.8198129165378,1695.8198129165378,nan,nan,False,165,8700.789679333211,4831.909135635894,0.76015,0.7867999999999999,4964116.0,0.5153807401657104,nan,queue,queue,per_epoch_trace
squeeze_net_tosa,inputs/task_graph_topology/soda-benchmark-graphs/pytorch-graphs/squeeze_net_tosa.dot,/qfs/people/dass304/dass304/HWSWpartition/hw-sw-partition-metaheur/BatchExperiments/Ablation/diff_gnn_order_lssp_trace/squeeze_net_tosa/seed-42/run-20260412-143138/config/squeeze_net_tosa_seed-42_ablation.yaml,train,epoch,train,thresholded_partition,threshold,534,534.0,0,534,False,False,4827.37451171875,2029.242440745191,2029.242440745191,nan,nan,False,160,8370.60783695105,4831.909135635894,0.7597,0.7864,4828729.0,0.5009766817092896,nan,queue,queue,per_epoch_trace
squeeze_net_tosa,inputs/task_graph_topology/soda-benchmark-graphs/pytorch-graphs/squeeze_net_tosa.dot,/qfs/people/dass304/dass304/HWSWpartition/hw-sw-partition-metaheur/BatchExperiments/Ablation/diff_gnn_order_lssp_trace/squeeze_net_tosa/seed-42/run-20260412-143138/config/squeeze_net_tosa_seed-42_ablation.yaml,train,epoch,train,thresholded_partition,threshold,535,535.0,0,535,False,False,4782.52685546875,1978.0380785990167,2122.1858889316527,nan,nan,False,163,8425.146275990204,4831.909135635894,0.75925,0.786,4798870.5,0.49600785970687866,nan,queue,queue,per_epoch_trace
squeeze_net_tosa,inputs/task_graph_topology/soda-benchmark-graphs/pytorch-graphs/squeeze_net_tosa.dot,/qfs/people/dass304/dass304/HWSWpartition/hw-sw-partition-metaheur/BatchExperiments/Ablation/diff_gnn_order_lssp_trace/squeeze_net_tosa/seed-42/run-20260412-143138/config/squeeze_net_tosa_seed-42_ablation.yaml,train,epoch,train,thresholded_partition,threshold,536,536.0,0,536,False,False,4894.2822265625,1911.44629875649,2336.4322652310284,nan,nan,False,164,8594.598148248737,4831.909135635894,0.7587999999999999,0.7856,4895215.5,0.4992799758911133,nan,queue,queue,per_epoch_trace
squeeze_net_tosa,inputs/task_graph_topology/soda-benchmark-graphs/pytorch-graphs/squeeze_net_tosa.dot,/qfs/people/dass304/dass304/HWSWpartition/hw-sw-partition-metaheur/BatchExperiments/Ablation/diff_gnn_order_lssp_trace/squeeze_net_tosa/seed-42/run-20260412-143138/config/squeeze_net_tosa_seed-42_ablation.yaml,train,epoch,train,thresholded_partition,threshold,537,537.0,0,537,False,False,4922.798828125,2489.4424385206617,2602.0393828508118,nan,nan,False,161,8456.324061584746,4831.909135635894,0.75835,0.7852,4924895.0,0.5012993216514587,nan,queue,queue,per_epoch_trace
squeeze_net_tosa,inputs/task_graph_topology/soda-benchmark-graphs/pytorch-graphs/squeeze_net_tosa.dot,/qfs/people/dass304/dass304/HWSWpartition/hw-sw-partition-metaheur/BatchExperiments/Ablation/diff_gnn_order_lssp_trace/squeeze_net_tosa/seed-42/run-20260412-143138/config/squeeze_net_tosa_seed-42_ablation.yaml,train,epoch,train,thresholded_partition,threshold,538,538.0,0,538,False,False,4721.84716796875,838.9783194345995,1006.2676920269734,nan,nan,False,169,8936.178647577915,4831.909135635894,0.7579,0.7847999999999999,4726450.0,0.5020498633384705,nan,queue,queue,per_epoch_trace
squeeze_net_tosa,inputs/task_graph_topology/soda-benchmark-graphs/pytorch-graphs/squeeze_net_tosa.dot,/qfs/people/dass304/dass304/HWSWpartition/hw-sw-partition-metaheur/BatchExperiments/Ablation/diff_gnn_order_lssp_trace/squeeze_net_tosa/seed-42/run-20260412-143138/config/squeeze_net_tosa_seed-42_ablation.yaml,train,epoch,train,thresholded_partition,threshold,539,539.0,0,539,False,False,4888.9228515625,2483.040671100363,2573.1111460143366,nan,nan,False,163,8681.56250282258,4831.909135635894,0.75745,0.7844,4890372.0,0.5010209679603577,nan,queue,queue,per_epoch_trace
squeeze_net_tosa,inputs/task_graph_topology/soda-benchmark-graphs/pytorch-graphs/squeeze_net_tosa.dot,/qfs/people/dass304/dass304/HWSWpartition/hw-sw-partition-metaheur/BatchExperiments/Ablation/diff_gnn_order_lssp_trace/squeeze_net_tosa/seed-42/run-20260412-143138/config/squeeze_net_tosa_seed-42_ablation.yaml,train,epoch,train,thresholded_partition,threshold,540,540.0,0,540,False,False,4766.32763671875,1479.2625212113924,1503.39831760037,nan,nan,False,164,8635.676002990416,4831.909135635894,0.757,0.784,4767362.5,0.49920904636383057,nan,queue,queue,per_epoch_trace
squeeze_net_tosa,inputs/task_graph_topology/soda-benchmark-graphs/pytorch-graphs/squeeze_net_tosa.dot,/qfs/people/dass304/dass304/HWSWpartition/hw-sw-partition-metaheur/BatchExperiments/Ablation/diff_gnn_order_lssp_trace/squeeze_net_tosa/seed-42/run-20260412-143138/config/squeeze_net_tosa_seed-42_ablation.yaml,train,epoch,train,thresholded_partition,threshold,541,541.0,0,541,False,False,4885.37744140625,1858.2271776684915,1961.1139714611522,nan,nan,False,164,8585.807169049172,4831.909135635894,0.75655,0.7836,4892921.0,0.49733054637908936,nan,queue,queue,per_epoch_trace
squeeze_net_tosa,inputs/task_graph_topology/soda-benchmark-graphs/pytorch-graphs/squeeze_net_tosa.dot,/qfs/people/dass304/dass304/HWSWpartition/hw-sw-partition-metaheur/BatchExperiments/Ablation/diff_gnn_order_lssp_trace/squeeze_net_tosa/seed-42/run-20260412-143138/config/squeeze_net_tosa_seed-42_ablation.yaml,train,epoch,train,thresholded_partition,threshold,542,542.0,0,542,False,False,4910.33154296875,2873.9223734548323,2873.922373454832,nan,nan,False,159,8360.191077353067,4831.909135635894,0.7561,0.7832,4910981.0,0.49950462579727173,nan,queue,queue,per_epoch_trace
squeeze_net_tosa,inputs/task_graph_topology/soda-benchmark-graphs/pytorch-graphs/squeeze_net_tosa.dot,/qfs/people/dass304/dass304/HWSWpartition/hw-sw-partition-metaheur/BatchExperiments/Ablation/diff_gnn_order_lssp_trace/squeeze_net_tosa/seed-42/run-20260412-143138/config/squeeze_net_tosa_seed-42_ablation.yaml,train,epoch,train,thresholded_partition,threshold,543,543.0,0,543,False,False,4845.08837890625,1624.8767788100156,1649.012575198993,nan,nan,False,163,8583.513745498094,4831.909135635894,0.7556499999999999,0.7827999999999999,4847279.0,0.4986642003059387,nan,queue,queue,per_epoch_trace
squeeze_net_tosa,inputs/task_graph_topology/soda-benchmark-graphs/pytorch-graphs/squeeze_net_tosa.dot,/qfs/people/dass304/dass304/HWSWpartition/hw-sw-partition-metaheur/BatchExperiments/Ablation/diff_gnn_order_lssp_trace/squeeze_net_tosa/seed-42/run-20260412-143138/config/squeeze_net_tosa_seed-42_ablation.yaml,train,epoch,train,thresholded_partition,threshold,544,544.0,0,544,False,False,4939.29833984375,1858.9026026174117,1902.576669675643,nan,nan,False,162,8370.414254162932,4831.909135635894,0.7552,0.7824,4940586.5,0.5009371638298035,nan,queue,queue,per_epoch_trace
squeeze_net_tosa,inputs/task_graph_topology/soda-benchmark-graphs/pytorch-graphs/squeeze_net_tosa.dot,/qfs/people/dass304/dass304/HWSWpartition/hw-sw-partition-metaheur/BatchExperiments/Ablation/diff_gnn_order_lssp_trace/squeeze_net_tosa/seed-42/run-20260412-143138/config/squeeze_net_tosa_seed-42_ablation.yaml,train,epoch,train,thresholded_partition,threshold,545,545.0,0,545,False,False,4792.580078125,2572.423612728481,2572.423612728481,nan,nan,False,157,8061.719248575338,4831.909135635894,0.75475,0.782,4803548.5,0.49675101041793823,nan,queue,queue,per_epoch_trace
squeeze_net_tosa,inputs/task_graph_topology/soda-benchmark-graphs/pytorch-graphs/squeeze_net_tosa.dot,/qfs/people/dass304/dass304/HWSWpartition/hw-sw-partition-metaheur/BatchExperiments/Ablation/diff_gnn_order_lssp_trace/squeeze_net_tosa/seed-42/run-20260412-143138/config/squeeze_net_tosa_seed-42_ablation.yaml,train,epoch,train,thresholded_partition,threshold,546,546.0,0,546,False,False,4696.55810546875,1072.273771726943,1186.7471890938284,nan,nan,False,166,8739.434116828283,4831.909135635894,0.7543,0.7816,4718753.0,0.504668653011322,nan,queue,queue,per_epoch_trace
squeeze_net_tosa,inputs/task_graph_topology/soda-benchmark-graphs/pytorch-graphs/squeeze_net_tosa.dot,/qfs/people/dass304/dass304/HWSWpartition/hw-sw-partition-metaheur/BatchExperiments/Ablation/diff_gnn_order_lssp_trace/squeeze_net_tosa/seed-42/run-20260412-143138/config/squeeze_net_tosa_seed-42_ablation.yaml,train,epoch,train,thresholded_partition,threshold,547,547.0,0,547,False,False,4796.75439453125,3060.261199640064,3114.6597236219072,nan,nan,False,156,8167.232397489021,4831.909135635894,0.7538499999999999,0.7812,4801144.0,0.4980049431324005,nan,queue,queue,per_epoch_trace
squeeze_net_tosa,inputs/task_graph_topology/soda-benchmark-graphs/pytorch-graphs/squeeze_net_tosa.dot,/qfs/people/dass304/dass304/HWSWpartition/hw-sw-partition-metaheur/BatchExperiments/Ablation/diff_gnn_order_lssp_trace/squeeze_net_tosa/seed-42/run-20260412-143138/config/squeeze_net_tosa_seed-42_ablation.yaml,train,epoch,train,thresholded_partition,threshold,548,548.0,0,548,False,False,4812.80078125,2200.73839087519,2200.73839087519,nan,nan,False,161,8507.846834116353,4831.909135635894,0.7534,0.7807999999999999,4813207.5,0.49994516372680664,nan,queue,queue,per_epoch_trace
squeeze_net_tosa,inputs/task_graph_topology/soda-benchmark-graphs/pytorch-graphs/squeeze_net_tosa.dot,/qfs/people/dass304/dass304/HWSWpartition/hw-sw-partition-metaheur/BatchExperiments/Ablation/diff_gnn_order_lssp_trace/squeeze_net_tosa/seed-42/run-20260412-143138/config/squeeze_net_tosa_seed-42_ablation.yaml,train,epoch,train,thresholded_partition,threshold,549,549.0,0,549,False,False,4780.55859375,2005.1293810679936,2029.2651774569708,nan,nan,False,162,8441.330179956816,4831.909135635894,0.75295,0.7804,4782069.0,0.5010504722595215,nan,queue,queue,per_epoch_trace
squeeze_net_tosa,inputs/task_graph_topology/soda-benchmark-graphs/pytorch-graphs/squeeze_net_tosa.dot,/qfs/people/dass304/dass304/HWSWpartition/hw-sw-partition-metaheur/BatchExperiments/Ablation/diff_gnn_order_lssp_trace/squeeze_net_tosa/seed-42/run-20260412-143138/config/squeeze_net_tosa_seed-42_ablation.yaml,train,epoch,train,thresholded_partition,threshold,550,550.0,0,550,False,False,4889.2080078125,2985.040274622145,3039.438798603988,nan,nan,False,154,8067.957050069095,4831.909135635894,0.7525,0.78,4892540.0,0.498291939496994,nan,queue,queue,per_epoch_trace
squeeze_net_tosa,inputs/task_graph_topology/soda-benchmark-graphs/pytorch-graphs/squeeze_net_tosa.dot,/qfs/people/dass304/dass304/HWSWpartition/hw-sw-partition-metaheur/BatchExperiments/Ablation/diff_gnn_order_lssp_trace/squeeze_net_tosa/seed-42/run-20260412-143138/config/squeeze_net_tosa_seed-42_ablation.yaml,train,epoch,train,thresholded_partition,threshold,551,551.0,0,551,False,False,4840.33837890625,3848.164085474065,3955.887472370268,nan,nan,False,151,7651.8574899582945,4831.909135635894,0.75205,0.7796,4853966.0,0.4963653087615967,nan,queue,queue,per_epoch_trace
squeeze_net_tosa,inputs/task_graph_topology/soda-benchmark-graphs/pytorch-graphs/squeeze_net_tosa.dot,/qfs/people/dass304/dass304/HWSWpartition/hw-sw-partition-metaheur/BatchExperiments/Ablation/diff_gnn_order_lssp_trace/squeeze_net_tosa/seed-42/run-20260412-143138/config/squeeze_net_tosa_seed-42_ablation.yaml,train,epoch,train,thresholded_partition,threshold,552,552.0,0,552,False,False,4901.31103515625,3514.153746593118,3352.669304783424,nan,nan,False,155,8046.482154498491,4831.909135635894,0.7515999999999999,0.7792,4901786.5,0.4997539222240448,nan,queue,queue,per_epoch_trace
squeeze_net_tosa,inputs/task_graph_topology/soda-benchmark-graphs/pytorch-graphs/squeeze_net_tosa.dot,/qfs/people/dass304/dass304/HWSWpartition/hw-sw-partition-metaheur/BatchExperiments/Ablation/diff_gnn_order_lssp_trace/squeeze_net_tosa/seed-42/run-20260412-143138/config/squeeze_net_tosa_seed-42_ablation.yaml,train,epoch,train,thresholded_partition,threshold,553,553.0,0,553,False,False,4762.9453125,1917.5530586028278,2013.177207890689,nan,nan,False,160,8328.19439680975,4831.909135635894,0.75115,0.7787999999999999,4776118.0,0.4964286684989929,nan,queue,queue,per_epoch_trace
squeeze_net_tosa,inputs/task_graph_topology/soda-benchmark-graphs/pytorch-graphs/squeeze_net_tosa.dot,/qfs/people/dass304/dass304/HWSWpartition/hw-sw-partition-metaheur/BatchExperiments/Ablation/diff_gnn_order_lssp_trace/squeeze_net_tosa/seed-42/run-20260412-143138/config/squeeze_net_tosa_seed-42_ablation.yaml,train,epoch,train,thresholded_partition,threshold,554,554.0,0,554,False,False,4756.220703125,2494.0573595471697,2553.730224327293,nan,nan,False,158,8203.066977419152,4831.909135635894,0.7506999999999999,0.7784,4764623.5,0.502824604511261,nan,queue,queue,per_epoch_trace
squeeze_net_tosa,inputs/task_graph_topology/soda-benchmark-graphs/pytorch-graphs/squeeze_net_tosa.dot,/qfs/people/dass304/dass304/HWSWpartition/hw-sw-partition-metaheur/BatchExperiments/Ablation/diff_gnn_order_lssp_trace/squeeze_net_tosa/seed-42/run-20260412-143138/config/squeeze_net_tosa_seed-42_ablation.yaml,train,epoch,train,thresholded_partition,threshold,555,555.0,0,555,False,False,4742.31103515625,2582.446352611812,2582.4463526118125,nan,nan,False,156,8071.070405822805,4831.909135635894,0.75025,0.778,4762685.5,0.504466712474823,nan,queue,queue,per_epoch_trace
squeeze_net_tosa,inputs/task_graph_topology/soda-benchmark-graphs/pytorch-graphs/squeeze_net_tosa.dot,/qfs/people/dass304/dass304/HWSWpartition/hw-sw-partition-metaheur/BatchExperiments/Ablation/diff_gnn_order_lssp_trace/squeeze_net_tosa/seed-42/run-20260412-143138/config/squeeze_net_tosa_seed-42_ablation.yaml,train,epoch,train,thresholded_partition,threshold,556,556.0,0,556,False,False,4773.021484375,2943.090141805423,2943.0901418054236,nan,nan,False,153,8005.813215409712,4831.909135635894,0.7498,0.7776,4803407.5,0.5054747462272644,nan,queue,queue,per_epoch_trace
squeeze_net_tosa,inputs/task_graph_topology/soda-benchmark-graphs/pytorch-graphs/squeeze_net_tosa.dot,/qfs/people/dass304/dass304/HWSWpartition/hw-sw-partition-metaheur/BatchExperiments/Ablation/diff_gnn_order_lssp_trace/squeeze_net_tosa/seed-42/run-20260412-143138/config/squeeze_net_tosa_seed-42_ablation.yaml,train,epoch,train,thresholded_partition,threshold,557,557.0,0,557,False,False,4769.28955078125,3001.1960484589126,3192.8115819635336,nan,nan,False,155,7818.091651719909,4831.909135635894,0.74935,0.7772,4793070.0,0.5048327445983887,nan,queue,queue,per_epoch_trace
squeeze_net_tosa,inputs/task_graph_topology/soda-benchmark-graphs/pytorch-graphs/squeeze_net_tosa.dot,/qfs/people/dass304/dass304/HWSWpartition/hw-sw-partition-metaheur/BatchExperiments/Ablation/diff_gnn_order_lssp_trace/squeeze_net_tosa/seed-42/run-20260412-143138/config/squeeze_net_tosa_seed-42_ablation.yaml,train,epoch,train,thresholded_partition,threshold,558,558.0,0,558,False,False,4776.66943359375,2859.0572769970295,2859.057276997029,nan,nan,False,155,8234.170925658103,4831.909135635894,0.7488999999999999,0.7767999999999999,4778805.0,0.49869847297668457,nan,queue,queue,per_epoch_trace
squeeze_net_tosa,inputs/task_graph_topology/soda-benchmark-graphs/pytorch-graphs/squeeze_net_tosa.dot,/qfs/people/dass304/dass304/HWSWpartition/hw-sw-partition-metaheur/BatchExperiments/Ablation/diff_gnn_order_lssp_trace/squeeze_net_tosa/seed-42/run-20260412-143138/config/squeeze_net_tosa_seed-42_ablation.yaml,train,epoch,train,thresholded_partition,threshold,559,559.0,0,559,False,False,4640.3173828125,3030.6042762904212,3030.6042762904212,nan,nan,False,154,7930.902596383378,4831.909135635894,0.74845,0.7764,4690328.5,0.5070425868034363,nan,queue,queue,per_epoch_trace
squeeze_net_tosa,inputs/task_graph_topology/soda-benchmark-graphs/pytorch-graphs/squeeze_net_tosa.dot,/qfs/people/dass304/dass304/HWSWpartition/hw-sw-partition-metaheur/BatchExperiments/Ablation/diff_gnn_order_lssp_trace/squeeze_net_tosa/seed-42/run-20260412-143138/config/squeeze_net_tosa_seed-42_ablation.yaml,train,epoch,train,thresholded_partition,threshold,560,560.0,0,560,False,False,4745.755859375,3449.345814591491,3467.3087052449423,nan,nan,False,152,7837.914520450044,4831.909135635894,0.748,0.776,4758181.0,0.5034624338150024,nan,queue,queue,per_epoch_trace
squeeze_net_tosa,inputs/task_graph_topology/soda-benchmark-graphs/pytorch-graphs/squeeze_net_tosa.dot,/qfs/people/dass304/dass304/HWSWpartition/hw-sw-partition-metaheur/BatchExperiments/Ablation/diff_gnn_order_lssp_trace/squeeze_net_tosa/seed-42/run-20260412-143138/config/squeeze_net_tosa_seed-42_ablation.yaml,train,epoch,train,thresholded_partition,threshold,561,561.0,0,561,False,False,4763.1181640625,1944.7278204694178,2197.6703085392746,nan,nan,False,159,8323.686706382914,4831.909135635894,0.7475499999999999,0.7756,4855065.0,0.5095667243003845,nan,queue,queue,per_epoch_trace
squeeze_net_tosa,inputs/task_graph_topology/soda-benchmark-graphs/pytorch-graphs/squeeze_net_tosa.dot,/qfs/people/dass304/dass304/HWSWpartition/hw-sw-partition-metaheur/BatchExperiments/Ablation/diff_gnn_order_lssp_trace/squeeze_net_tosa/seed-42/run-20260412-143138/config/squeeze_net_tosa_seed-42_ablation.yaml,train,epoch,train,thresholded_partition,threshold,562,562.0,0,562,False,False,4714.35009765625,2271.63354570731,2405.844363610716,nan,nan,False,160,8350.505663017666,4831.909135635894,0.7471,0.7752,4720070.0,0.4976976811885834,nan,queue,queue,per_epoch_trace
squeeze_net_tosa,inputs/task_graph_topology/soda-benchmark-graphs/pytorch-graphs/squeeze_net_tosa.dot,/qfs/people/dass304/dass304/HWSWpartition/hw-sw-partition-metaheur/BatchExperiments/Ablation/diff_gnn_order_lssp_trace/squeeze_net_tosa/seed-42/run-20260412-143138/config/squeeze_net_tosa_seed-42_ablation.yaml,train,epoch,train,thresholded_partition,threshold,563,563.0,0,563,False,False,4805.97216796875,2970.234850937109,3035.1803871464463,nan,nan,False,152,7739.15838669601,4831.909135635894,0.74665,0.7748,4815506.0,0.5030165314674377,nan,queue,queue,per_epoch_trace
squeeze_net_tosa,inputs/task_graph_topology/soda-benchmark-graphs/pytorch-graphs/squeeze_net_tosa.dot,/qfs/people/dass304/dass304/HWSWpartition/hw-sw-partition-metaheur/BatchExperiments/Ablation/diff_gnn_order_lssp_trace/squeeze_net_tosa/seed-42/run-20260412-143138/config/squeeze_net_tosa_seed-42_ablation.yaml,train,epoch,train,thresholded_partition,threshold,564,564.0,0,564,False,False,4882.11474609375,2841.350702705541,2841.350702705541,nan,nan,False,158,8206.452918555653,4831.909135635894,0.7462,0.7744,4892049.0,0.49691563844680786,nan,queue,queue,per_epoch_trace
squeeze_net_tosa,inputs/task_graph_topology/soda-benchmark-graphs/pytorch-graphs/squeeze_net_tosa.dot,/qfs/people/dass304/dass304/HWSWpartition/hw-sw-partition-metaheur/BatchExperiments/Ablation/diff_gnn_order_lssp_trace/squeeze_net_tosa/seed-42/run-20260412-143138/config/squeeze_net_tosa_seed-42_ablation.yaml,train,epoch,train,thresholded_partition,threshold,565,565.0,0,565,False,False,4647.626953125,2489.4590888029056,2480.245000584859,nan,nan,False,160,8290.075074703213,4831.909135635894,0.74575,0.774,4665330.0,0.5041570663452148,nan,queue,queue,per_epoch_trace
squeeze_net_tosa,inputs/task_graph_topology/soda-benchmark-graphs/pytorch-graphs/squeeze_net_tosa.dot,/qfs/people/dass304/dass304/HWSWpartition/hw-sw-partition-metaheur/BatchExperiments/Ablation/diff_gnn_order_lssp_trace/squeeze_net_tosa/seed-42/run-20260412-143138/config/squeeze_net_tosa_seed-42_ablation.yaml,train,epoch,train,thresholded_partition,threshold,566,566.0,0,566,False,False,4654.75927734375,1853.8286379708697,1853.8286379708697,nan,nan,False,162,8422.63955450717,4831.909135635894,0.7453000000000001,0.7736000000000001,4665017.5,0.503136396408081,nan,queue,queue,per_epoch_trace
squeeze_net_tosa,inputs/task_graph_topology/soda-benchmark-graphs/pytorch-graphs/squeeze_net_tosa.dot,/qfs/people/dass304/dass304/HWSWpartition/hw-sw-partition-metaheur/BatchExperiments/Ablation/diff_gnn_order_lssp_trace/squeeze_net_tosa/seed-42/run-20260412-143138/config/squeeze_net_tosa_seed-42_ablation.yaml,train,epoch,train,thresholded_partition,threshold,567,567.0,0,567,False,False,4777.57470703125,2196.8531133109027,2196.853113310903,nan,nan,False,159,8237.776424546251,4831.909135635894,0.74485,0.7732,4788550.5,0.5032483339309692,nan,queue,queue,per_epoch_trace
squeeze_net_tosa,inputs/task_graph_topology/soda-benchmark-graphs/pytorch-graphs/squeeze_net_tosa.dot,/qfs/people/dass304/dass304/HWSWpartition/hw-sw-partition-metaheur/BatchExperiments/Ablation/diff_gnn_order_lssp_trace/squeeze_net_tosa/seed-42/run-20260412-143138/config/squeeze_net_tosa_seed-42_ablation.yaml,train,epoch,train,thresholded_partition,threshold,568,568.0,0,568,False,False,4907.349609375,3671.702088781117,3689.6649794345676,nan,nan,False,151,7625.5605442822725,4831.909135635894,0.7444,0.7728,4922683.5,0.4961402416229248,nan,queue,queue,per_epoch_trace
squeeze_net_tosa,inputs/task_graph_topology/soda-benchmark-graphs/pytorch-graphs/squeeze_net_tosa.dot,/qfs/people/dass304/dass304/HWSWpartition/hw-sw-partition-metaheur/BatchExperiments/Ablation/diff_gnn_order_lssp_trace/squeeze_net_tosa/seed-42/run-20260412-143138/config/squeeze_net_tosa_seed-42_ablation.yaml,train,epoch,train,thresholded_partition,threshold,569,569.0,0,569,False,False,4631.72998046875,2534.5404838765635,2534.5404838765635,nan,nan,False,159,8173.941823106271,4831.909135635894,0.74395,0.7724,4636838.5,0.5021671056747437,nan,queue,queue,per_epoch_trace
squeeze_net_tosa,inputs/task_graph_topology/soda-benchmark-graphs/pytorch-graphs/squeeze_net_tosa.dot,/qfs/people/dass304/dass304/HWSWpartition/hw-sw-partition-metaheur/BatchExperiments/Ablation/diff_gnn_order_lssp_trace/squeeze_net_tosa/seed-42/run-20260412-143138/config/squeeze_net_tosa_seed-42_ablation.yaml,train,epoch,train,thresholded_partition,threshold,570,570.0,0,570,False,False,4756.3046875,3763.3492943552587,3817.7478183371018,nan,nan,False,150,7557.842995868088,4831.909135635894,0.7435,0.772,4810544.0,0.49266472458839417,nan,queue,queue,per_epoch_trace
squeeze_net_tosa,inputs/task_graph_topology/soda-benchmark-graphs/pytorch-graphs/squeeze_net_tosa.dot,/qfs/people/dass304/dass304/HWSWpartition/hw-sw-partition-metaheur/BatchExperiments/Ablation/diff_gnn_order_lssp_trace/squeeze_net_tosa/seed-42/run-20260412-143138/config/squeeze_net_tosa_seed-42_ablation.yaml,train,epoch,train,thresholded_partition,threshold,571,571.0,0,571,False,False,4769.50146484375,2102.7603465293623,2108.762697284938,nan,nan,False,161,8454.655512245625,4831.909135635894,0.74305,0.7716000000000001,4780110.0,0.503192663192749,nan,queue,queue,per_epoch_trace
squeeze_net_tosa,inputs/task_graph_topology/soda-benchmark-graphs/pytorch-graphs/squeeze_net_tosa.dot,/qfs/people/dass304/dass304/HWSWpartition/hw-sw-partition-metaheur/BatchExperiments/Ablation/diff_gnn_order_lssp_trace/squeeze_net_tosa/seed-42/run-20260412-143138/config/squeeze_net_tosa_seed-42_ablation.yaml,train,epoch,train,thresholded_partition,threshold,572,572.0,0,572,False,False,4805.69091796875,2112.16285264061,2198.2867163135284,nan,nan,False,156,8110.319526193424,4831.909135635894,0.7426,0.7712,4806128.5,0.4998643696308136,nan,queue,queue,per_epoch_trace
squeeze_net_tosa,inputs/task_graph_topology/soda-benchmark-graphs/pytorch-graphs/squeeze_net_tosa.dot,/qfs/people/dass304/dass304/HWSWpartition/hw-sw-partition-metaheur/BatchExperiments/Ablation/diff_gnn_order_lssp_trace/squeeze_net_tosa/seed-42/run-20260412-143138/config/squeeze_net_tosa_seed-42_ablation.yaml,train,epoch,train,thresholded_partition,threshold,573,573.0,0,573,False,False,4830.33837890625,2269.335097041101,2269.3350970411007,nan,nan,False,163,8415.09782045779,4831.909135635894,0.7421500000000001,0.7708,4863774.0,0.4942536950111389,nan,queue,queue,per_epoch_trace
squeeze_net_tosa,inputs/task_graph_topology/soda-benchmark-graphs/pytorch-graphs/squeeze_net_tosa.dot,/qfs/people/dass304/dass304/HWSWpartition/hw-sw-partition-metaheur/BatchExperiments/Ablation/diff_gnn_order_lssp_trace/squeeze_net_tosa/seed-42/run-20260412-143138/config/squeeze_net_tosa_seed-42_ablation.yaml,train,epoch,train,thresholded_partition,threshold,574,574.0,0,574,False,False,4705.119140625,2093.4624337874666,2055.267053512117,nan,nan,False,160,8214.912441810968,4831.909135635894,0.7417,0.7704,4705679.5,0.5003694295883179,nan,queue,queue,per_epoch_trace
squeeze_net_tosa,inputs/task_graph_topology/soda-benchmark-graphs/pytorch-graphs/squeeze_net_tosa.dot,/qfs/people/dass304/dass304/HWSWpartition/hw-sw-partition-metaheur/BatchExperiments/Ablation/diff_gnn_order_lssp_trace/squeeze_net_tosa/seed-42/run-20260412-143138/config/squeeze_net_tosa_seed-42_ablation.yaml,train,epoch,train,thresholded_partition,threshold,575,575.0,0,575,False,False,4711.86865234375,1272.4002958658775,1517.7445460103013,nan,nan,False,166,8634.462449428585,4831.909135635894,0.74125,0.77,4734076.5,0.5046694874763489,nan,queue,queue,per_epoch_trace
squeeze_net_tosa,inputs/task_graph_topology/soda-benchmark-graphs/pytorch-graphs/squeeze_net_tosa.dot,/qfs/people/dass304/dass304/HWSWpartition/hw-sw-partition-metaheur/BatchExperiments/Ablation/diff_gnn_order_lssp_trace/squeeze_net_tosa/seed-42/run-20260412-143138/config/squeeze_net_tosa_seed-42_ablation.yaml,train,epoch,train,thresholded_partition,threshold,576,576.0,0,576,False,False,4811.8125,2517.3088000701605,2517.3088000701605,nan,nan,False,160,8574.448516841296,4831.909135635894,0.7408,0.7696000000000001,4821966.0,0.503121554851532,nan,queue,queue,per_epoch_trace
squeeze_net_tosa,inputs/task_graph_topology/soda-benchmark-graphs/pytorch-graphs/squeeze_net_tosa.dot,/qfs/people/dass304/dass304/HWSWpartition/hw-sw-partition-metaheur/BatchExperiments/Ablation/diff_gnn_order_lssp_trace/squeeze_net_tosa/seed-42/run-20260412-143138/config/squeeze_net_tosa_seed-42_ablation.yaml,train,epoch,train,thresholded_partition,threshold,577,577.0,0,577,False,False,4759.55224609375,1656.612100336117,1633.4419070236506,nan,nan,False,165,8801.928941629314,4831.909135635894,0.7403500000000001,0.7692,4798088.5,0.5061745643615723,nan,queue,queue,per_epoch_trace
squeeze_net_tosa,inputs/task_graph_topology/soda-benchmark-graphs/pytorch-graphs/squeeze_net_tosa.dot,/qfs/people/dass304/dass304/HWSWpartition/hw-sw-partition-metaheur/BatchExperiments/Ablation/diff_gnn_order_lssp_trace/squeeze_net_tosa/seed-42/run-20260412-143138/config/squeeze_net_tosa_seed-42_ablation.yaml,train,epoch,train,thresholded_partition,threshold,578,578.0,0,578,False,False,4924.890625,2535.288348352508,2551.418413122026,nan,nan,False,158,8038.679156354655,4831.909135635894,0.7399,0.7688,4937423.5,0.5034818053245544,nan,queue,queue,per_epoch_trace
squeeze_net_tosa,inputs/task_graph_topology/soda-benchmark-graphs/pytorch-graphs/squeeze_net_tosa.dot,/qfs/people/dass304/dass304/HWSWpartition/hw-sw-partition-metaheur/BatchExperiments/Ablation/diff_gnn_order_lssp_trace/squeeze_net_tosa/seed-42/run-20260412-143138/config/squeeze_net_tosa_seed-42_ablation.yaml,train,epoch,train,thresholded_partition,threshold,579,579.0,0,579,False,False,4891.990234375,2112.368291319003,2304.7390189024977,nan,nan,False,160,8309.457945623217,4831.909135635894,0.7394499999999999,0.7684,4895003.0,0.49838748574256897,nan,queue,queue,per_epoch_trace
squeeze_net_tosa,inputs/task_graph_topology/soda-benchmark-graphs/pytorch-graphs/squeeze_net_tosa.dot,/qfs/people/dass304/dass304/HWSWpartition/hw-sw-partition-metaheur/BatchExperiments/Ablation/diff_gnn_order_lssp_trace/squeeze_net_tosa/seed-42/run-20260412-143138/config/squeeze_net_tosa_seed-42_ablation.yaml,train,epoch,train,thresholded_partition,threshold,580,580.0,0,580,False,False,4845.4375,2558.8779984710986,2558.877998471098,nan,nan,False,158,8480.309409857597,4831.909135635894,0.739,0.768,4846670.5,0.500905454158783,nan,queue,queue,per_epoch_trace
squeeze_net_tosa,inputs/task_graph_topology/soda-benchmark-graphs/pytorch-graphs/squeeze_net_tosa.dot,/qfs/people/dass304/dass304/HWSWpartition/hw-sw-partition-metaheur/BatchExperiments/Ablation/diff_gnn_order_lssp_trace/squeeze_net_tosa/seed-42/run-20260412-143138/config/squeeze_net_tosa_seed-42_ablation.yaml,train,epoch,train,thresholded_partition,threshold,581,581.0,0,581,False,False,4683.6806640625,1689.222207283204,1689.222207283204,nan,nan,False,162,8658.743372551908,4831.909135635894,0.73855,0.7676000000000001,4786230.5,0.5101065635681152,nan,queue,queue,per_epoch_trace
squeeze_net_tosa,inputs/task_graph_topology/soda-benchmark-graphs/pytorch-graphs/squeeze_net_tosa.dot,/qfs/people/dass304/dass304/HWSWpartition/hw-sw-partition-metaheur/BatchExperiments/Ablation/diff_gnn_order_lssp_trace/squeeze_net_tosa/seed-42/run-20260412-143138/config/squeeze_net_tosa_seed-42_ablation.yaml,train,epoch,train,thresholded_partition,threshold,582,582.0,0,582,False,False,4786.771484375,1369.9687890877772,1369.9687890877772,nan,nan,False,166,8703.63576854766,4831.909135635894,0.7381,0.7672,4827185.0,0.5063250064849854,nan,queue,queue,per_epoch_trace
squeeze_net_tosa,inputs/task_graph_topology/soda-benchmark-graphs/pytorch-graphs/squeeze_net_tosa.dot,/qfs/people/dass304/dass304/HWSWpartition/hw-sw-partition-metaheur/BatchExperiments/Ablation/diff_gnn_order_lssp_trace/squeeze_net_tosa/seed-42/run-20260412-143138/config/squeeze_net_tosa_seed-42_ablation.yaml,train,epoch,train,thresholded_partition,threshold,583,583.0,0,583,False,False,4859.55224609375,1712.253517549609,1914.2508016249187,nan,nan,False,163,8606.681428817818,4831.909135635894,0.73765,0.7668,4873828.5,0.5037245750427246,nan,queue,queue,per_epoch_trace
squeeze_net_tosa,inputs/task_graph_topology/soda-benchmark-graphs/pytorch-graphs/squeeze_net_tosa.dot,/qfs/people/dass304/dass304/HWSWpartition/hw-sw-partition-metaheur/BatchExperiments/Ablation/diff_gnn_order_lssp_trace/squeeze_net_tosa/seed-42/run-20260412-143138/config/squeeze_net_tosa_seed-42_ablation.yaml,train,epoch,train,thresholded_partition,threshold,584,584.0,0,584,False,False,4896.71533203125,1568.3545965456672,1935.027458865931,nan,nan,False,166,8763.392777923049,4831.909135635894,0.7372000000000001,0.7664,4914951.0,0.5042213201522827,nan,queue,queue,per_epoch_trace
squeeze_net_tosa,inputs/task_graph_topology/soda-benchmark-graphs/pytorch-graphs/squeeze_net_tosa.dot,/qfs/people/dass304/dass304/HWSWpartition/hw-sw-partition-metaheur/BatchExperiments/Ablation/diff_gnn_order_lssp_trace/squeeze_net_tosa/seed-42/run-20260412-143138/config/squeeze_net_tosa_seed-42_ablation.yaml,train,epoch,train,thresholded_partition,threshold,585,585.0,0,585,False,False,4671.2626953125,1408.9013658934396,1522.9342479438,nan,nan,False,163,8571.902431113363,4831.909135635894,0.73675,0.766,4674617.5,0.5017164945602417,nan,queue,queue,per_epoch_trace
squeeze_net_tosa,inputs/task_graph_topology/soda-benchmark-graphs/pytorch-graphs/squeeze_net_tosa.dot,/qfs/people/dass304/dass304/HWSWpartition/hw-sw-partition-metaheur/BatchExperiments/Ablation/diff_gnn_order_lssp_trace/squeeze_net_tosa/seed-42/run-20260412-143138/config/squeeze_net_tosa_seed-42_ablation.yaml,train,epoch,train,thresholded_partition,threshold,586,586.0,0,586,False,False,4708.859375,2609.9691269346586,2691.000366267271,nan,nan,False,158,8395.885992848987,4831.909135635894,0.7363,0.7656000000000001,4754198.0,0.5067024827003479,nan,queue,queue,per_epoch_trace
squeeze_net_tosa,inputs/task_graph_topology/soda-benchmark-graphs/pytorch-graphs/squeeze_net_tosa.dot,/qfs/people/dass304/dass304/HWSWpartition/hw-sw-partition-metaheur/BatchExperiments/Ablation/diff_gnn_order_lssp_trace/squeeze_net_tosa/seed-42/run-20260412-143138/config/squeeze_net_tosa_seed-42_ablation.yaml,train,epoch,train,thresholded_partition,threshold,587,587.0,0,587,False,False,4837.03173828125,2822.356891801924,2822.356891801924,nan,nan,False,158,8363.234205572617,4831.909135635894,0.73585,0.7652,4837727.0,0.49948081374168396,nan,queue,queue,per_epoch_trace
squeeze_net_tosa,inputs/task_graph_topology/soda-benchmark-graphs/pytorch-graphs/squeeze_net_tosa.dot,/qfs/people/dass304/dass304/HWSWpartition/hw-sw-partition-metaheur/BatchExperiments/Ablation/diff_gnn_order_lssp_trace/squeeze_net_tosa/seed-42/run-20260412-143138/config/squeeze_net_tosa_seed-42_ablation.yaml,train,epoch,train,thresholded_partition,threshold,588,588.0,0,588,False,False,4788.43701171875,2561.213917580443,2561.213917580443,nan,nan,False,156,8036.377842907453,4831.909135635894,0.7354,0.7648,4790657.0,0.49865689873695374,nan,queue,queue,per_epoch_trace
squeeze_net_tosa,inputs/task_graph_topology/soda-benchmark-graphs/pytorch-graphs/squeeze_net_tosa.dot,/qfs/people/dass304/dass304/HWSWpartition/hw-sw-partition-metaheur/BatchExperiments/Ablation/diff_gnn_order_lssp_trace/squeeze_net_tosa/seed-42/run-20260412-143138/config/squeeze_net_tosa_seed-42_ablation.yaml,train,epoch,train,thresholded_partition,threshold,589,589.0,0,589,False,False,4778.92431640625,2845.583014527098,2835.562929817514,nan,nan,False,154,7931.560943341316,4831.909135635894,0.73495,0.7644,4810473.5,0.5055779218673706,nan,queue,queue,per_epoch_trace
squeeze_net_tosa,inputs/task_graph_topology/soda-benchmark-graphs/pytorch-graphs/squeeze_net_tosa.dot,/qfs/people/dass304/dass304/HWSWpartition/hw-sw-partition-metaheur/BatchExperiments/Ablation/diff_gnn_order_lssp_trace/squeeze_net_tosa/seed-42/run-20260412-143138/config/squeeze_net_tosa_seed-42_ablation.yaml,train,epoch,train,thresholded_partition,threshold,590,590.0,0,590,False,False,4597.9697265625,2545.6480577889806,2665.0818806165,nan,nan,False,154,7917.843910315315,4831.909135635894,0.7344999999999999,0.764,4635617.5,0.5060997009277344,nan,queue,queue,per_epoch_trace
squeeze_net_tosa,inputs/task_graph_topology/soda-benchmark-graphs/pytorch-graphs/squeeze_net_tosa.dot,/qfs/people/dass304/dass304/HWSWpartition/hw-sw-partition-metaheur/BatchExperiments/Ablation/diff_gnn_order_lssp_trace/squeeze_net_tosa/seed-42/run-20260412-143138/config/squeeze_net_tosa_seed-42_ablation.yaml,train,epoch,train,thresholded_partition,threshold,591,591.0,0,591,False,False,4590.80322265625,2565.062307568074,2565.062307568074,nan,nan,False,155,8155.74886049427,4831.909135635894,0.73405,0.7636000000000001,4673974.5,0.5090967416763306,nan,queue,queue,per_epoch_trace
squeeze_net_tosa,inputs/task_graph_topology/soda-benchmark-graphs/pytorch-graphs/squeeze_net_tosa.dot,/qfs/people/dass304/dass304/HWSWpartition/hw-sw-partition-metaheur/BatchExperiments/Ablation/diff_gnn_order_lssp_trace/squeeze_net_tosa/seed-42/run-20260412-143138/config/squeeze_net_tosa_seed-42_ablation.yaml,train,epoch,train,thresholded_partition,threshold,592,592.0,0,592,False,False,4604.1025390625,2526.0824681187737,2530.117764839855,nan,nan,False,156,8096.516399101776,4831.909135635894,0.7336,0.7632,4708572.0,0.5101999640464783,nan,queue,queue,per_epoch_trace
squeeze_net_tosa,inputs/task_graph_topology/soda-benchmark-graphs/pytorch-graphs/squeeze_net_tosa.dot,/qfs/people/dass304/dass304/HWSWpartition/hw-sw-partition-metaheur/BatchExperiments/Ablation/diff_gnn_order_lssp_trace/squeeze_net_tosa/seed-42/run-20260412-143138/config/squeeze_net_tosa_seed-42_ablation.yaml,train,epoch,train,thresholded_partition,threshold,593,593.0,0,593,False,False,4579.376953125,2374.0341803377673,2374.034180337767,nan,nan,False,160,8227.490270636794,4831.909135635894,0.73315,0.7628,4933590.0,0.5188092589378357,nan,queue,queue,per_epoch_trace
squeeze_net_tosa,inputs/task_graph_topology/soda-benchmark-graphs/pytorch-graphs/squeeze_net_tosa.dot,/qfs/people/dass304/dass304/HWSWpartition/hw-sw-partition-metaheur/BatchExperiments/Ablation/diff_gnn_order_lssp_trace/squeeze_net_tosa/seed-42/run-20260412-143138/config/squeeze_net_tosa_seed-42_ablation.yaml,train,epoch,train,thresholded_partition,threshold,594,594.0,0,594,False,False,4570.3125,1923.4406151235078,1923.4406151235078,nan,nan,False,161,8314.846111225092,4831.909135635894,0.7327,0.7624,4637000.5,0.508141279220581,nan,queue,queue,per_epoch_trace
squeeze_net_tosa,inputs/task_graph_topology/soda-benchmark-graphs/pytorch-graphs/squeeze_net_tosa.dot,/qfs/people/dass304/dass304/HWSWpartition/hw-sw-partition-metaheur/BatchExperiments/Ablation/diff_gnn_order_lssp_trace/squeeze_net_tosa/seed-42/run-20260412-143138/config/squeeze_net_tosa_seed-42_ablation.yaml,train,epoch,train,thresholded_partition,threshold,595,595.0,0,595,False,False,4757.6025390625,1800.0322969722224,1800.0322969722224,nan,nan,False,164,8663.670958369608,4831.909135635894,0.7322500000000001,0.762,4823326.0,0.5080815553665161,nan,queue,queue,per_epoch_trace
squeeze_net_tosa,inputs/task_graph_topology/soda-benchmark-graphs/pytorch-graphs/squeeze_net_tosa.dot,/qfs/people/dass304/dass304/HWSWpartition/hw-sw-partition-metaheur/BatchExperiments/Ablation/diff_gnn_order_lssp_trace/squeeze_net_tosa/seed-42/run-20260412-143138/config/squeeze_net_tosa_seed-42_ablation.yaml,train,epoch,train,thresholded_partition,threshold,596,596.0,0,596,False,False,4915.552734375,1013.8506235444494,1213.234509270304,nan,nan,False,166,8616.263553803685,4831.909135635894,0.7318,0.7616,4925534.0,0.4969065487384796,nan,queue,queue,per_epoch_trace
squeeze_net_tosa,inputs/task_graph_topology/soda-benchmark-graphs/pytorch-graphs/squeeze_net_tosa.dot,/qfs/people/dass304/dass304/HWSWpartition/hw-sw-partition-metaheur/BatchExperiments/Ablation/diff_gnn_order_lssp_trace/squeeze_net_tosa/seed-42/run-20260412-143138/config/squeeze_net_tosa_seed-42_ablation.yaml,train,epoch,train,thresholded_partition,threshold,597,597.0,0,597,False,False,4732.365234375,1466.3083516038223,1466.3083516038223,nan,nan,False,167,8800.7204875649,4831.909135635894,0.73135,0.7612,4765796.0,0.5057461857795715,nan,queue,queue,per_epoch_trace
squeeze_net_tosa,inputs/task_graph_topology/soda-benchmark-graphs/pytorch-graphs/squeeze_net_tosa.dot,/qfs/people/dass304/dass304/HWSWpartition/hw-sw-partition-metaheur/BatchExperiments/Ablation/diff_gnn_order_lssp_trace/squeeze_net_tosa/seed-42/run-20260412-143138/config/squeeze_net_tosa_seed-42_ablation.yaml,train,epoch,train,thresholded_partition,threshold,598,598.0,0,598,False,False,4710.93115234375,1713.02248972635,1812.7684278206664,nan,nan,False,164,8472.979204139241,4831.909135635894,0.7309,0.7608,4731286.0,0.4955346882343292,nan,queue,queue,per_epoch_trace
squeeze_net_tosa,inputs/task_graph_topology/soda-benchmark-graphs/pytorch-graphs/squeeze_net_tosa.dot,/qfs/people/dass304/dass304/HWSWpartition/hw-sw-partition-metaheur/BatchExperiments/Ablation/diff_gnn_order_lssp_trace/squeeze_net_tosa/seed-42/run-20260412-143138/config/squeeze_net_tosa_seed-42_ablation.yaml,train,epoch,train,thresholded_partition,threshold,599,599.0,0,599,False,False,4739.01123046875,2176.1808960880603,2301.7742606700513,nan,nan,False,162,8378.905732983714,4831.909135635894,0.73045,0.7604,4826384.0,0.5093250274658203,nan,queue,queue,per_epoch_trace
squeeze_net_tosa,inputs/task_graph_topology/soda-benchmark-graphs/pytorch-graphs/squeeze_net_tosa.dot,/qfs/people/dass304/dass304/HWSWpartition/hw-sw-partition-metaheur/BatchExperiments/Ablation/diff_gnn_order_lssp_trace/squeeze_net_tosa/seed-42/run-20260412-143138/config/squeeze_net_tosa_seed-42_ablation.yaml,train,epoch,train,thresholded_partition,threshold,600,600.0,0,600,False,False,4669.853515625,1752.3459929425942,1916.868094243894,nan,nan,False,164,8597.798518901254,4831.909135635894,0.73,0.76,4670555.5,0.5005360841751099,nan,queue,queue,per_epoch_trace
squeeze_net_tosa,inputs/task_graph_topology/soda-benchmark-graphs/pytorch-graphs/squeeze_net_tosa.dot,/qfs/people/dass304/dass304/HWSWpartition/hw-sw-partition-metaheur/BatchExperiments/Ablation/diff_gnn_order_lssp_trace/squeeze_net_tosa/seed-42/run-20260412-143138/config/squeeze_net_tosa_seed-42_ablation.yaml,train,epoch,train,thresholded_partition,threshold,601,601.0,0,601,False,False,4868.32763671875,1798.4671907907461,2045.2713699467215,nan,nan,False,161,8318.096495326494,4831.909135635894,0.7295499999999999,0.7596,4890514.0,0.4953349530696869,nan,queue,queue,per_epoch_trace
squeeze_net_tosa,inputs/task_graph_topology/soda-benchmark-graphs/pytorch-graphs/squeeze_net_tosa.dot,/qfs/people/dass304/dass304/HWSWpartition/hw-sw-partition-metaheur/BatchExperiments/Ablation/diff_gnn_order_lssp_trace/squeeze_net_tosa/seed-42/run-20260412-143138/config/squeeze_net_tosa_seed-42_ablation.yaml,train,epoch,train,thresholded_partition,threshold,602,602.0,0,602,False,False,4572.61962890625,2027.0437930893497,2175.506607221874,nan,nan,False,161,8241.833107698909,4831.909135635894,0.7291000000000001,0.7592,4657821.5,0.5092083811759949,nan,queue,queue,per_epoch_trace
squeeze_net_tosa,inputs/task_graph_topology/soda-benchmark-graphs/pytorch-graphs/squeeze_net_tosa.dot,/qfs/people/dass304/dass304/HWSWpartition/hw-sw-partition-metaheur/BatchExperiments/Ablation/diff_gnn_order_lssp_trace/squeeze_net_tosa/seed-42/run-20260412-143138/config/squeeze_net_tosa_seed-42_ablation.yaml,train,epoch,train,thresholded_partition,threshold,603,603.0,0,603,False,False,4653.37451171875,1865.257855616222,2142.0926346661076,nan,nan,False,160,8190.260159051962,4831.909135635894,0.72865,0.7588,4661294.0,0.4972618520259857,nan,queue,queue,per_epoch_trace
squeeze_net_tosa,inputs/task_graph_topology/soda-benchmark-graphs/pytorch-graphs/squeeze_net_tosa.dot,/qfs/people/dass304/dass304/HWSWpartition/hw-sw-partition-metaheur/BatchExperiments/Ablation/diff_gnn_order_lssp_trace/squeeze_net_tosa/seed-42/run-20260412-143138/config/squeeze_net_tosa_seed-42_ablation.yaml,train,epoch,train,thresholded_partition,threshold,604,604.0,0,604,False,False,4789.95166015625,3298.3218676461383,3344.809932340691,nan,nan,False,154,7772.6040930802155,4831.909135635894,0.7282,0.7584,4816437.0,0.4948956370353699,nan,queue,queue,per_epoch_trace
squeeze_net_tosa,inputs/task_graph_topology/soda-benchmark-graphs/pytorch-graphs/squeeze_net_tosa.dot,/qfs/people/dass304/dass304/HWSWpartition/hw-sw-partition-metaheur/BatchExperiments/Ablation/diff_gnn_order_lssp_trace/squeeze_net_tosa/seed-42/run-20260412-143138/config/squeeze_net_tosa_seed-42_ablation.yaml,train,epoch,train,thresholded_partition,threshold,605,605.0,0,605,False,False,4777.72705078125,2193.822080814078,2399.616495476348,nan,nan,False,161,8288.661003803978,4831.909135635894,0.72775,0.758,4779089.5,0.49902451038360596,nan,queue,queue,per_epoch_trace
squeeze_net_tosa,inputs/task_graph_topology/soda-benchmark-graphs/pytorch-graphs/squeeze_net_tosa.dot,/qfs/people/dass304/dass304/HWSWpartition/hw-sw-partition-metaheur/BatchExperiments/Ablation/diff_gnn_order_lssp_trace/squeeze_net_tosa/seed-42/run-20260412-143138/config/squeeze_net_tosa_seed-42_ablation.yaml,train,epoch,train,thresholded_partition,threshold,606,606.0,0,606,False,False,4611.40283203125,2422.2914510615797,2475.6176553805385,nan,nan,False,160,8178.17594048386,4831.909135635894,0.7273000000000001,0.7576,4611861.5,0.49985063076019287,nan,queue,queue,per_epoch_trace
squeeze_net_tosa,inputs/task_graph_topology/soda-benchmark-graphs/pytorch-graphs/squeeze_net_tosa.dot,/qfs/people/dass304/dass304/HWSWpartition/hw-sw-partition-metaheur/BatchExperiments/Ablation/diff_gnn_order_lssp_trace/squeeze_net_tosa/seed-42/run-20260412-143138/config/squeeze_net_tosa_seed-42_ablation.yaml,train,epoch,train,thresholded_partition,threshold,607,607.0,0,607,False,False,4645.24169921875,2009.0492703337916,2066.308645725357,nan,nan,False,161,8296.329533099413,4831.909135635894,0.72685,0.7572,4655789.0,0.5031798481941223,nan,queue,queue,per_epoch_trace
squeeze_net_tosa,inputs/task_graph_topology/soda-benchmark-graphs/pytorch-graphs/squeeze_net_tosa.dot,/qfs/people/dass304/dass304/HWSWpartition/hw-sw-partition-metaheur/BatchExperiments/Ablation/diff_gnn_order_lssp_trace/squeeze_net_tosa/seed-42/run-20260412-143138/config/squeeze_net_tosa_seed-42_ablation.yaml,train,epoch,train,thresholded_partition,threshold,608,608.0,0,608,False,False,4723.23779296875,2435.7396425932498,2487.098631094607,nan,nan,False,159,8122.43166572886,4831.909135635894,0.7263999999999999,0.7568,4741939.5,0.5042739510536194,nan,queue,queue,per_epoch_trace
squeeze_net_tosa,inputs/task_graph_topology/soda-benchmark-graphs/pytorch-graphs/squeeze_net_tosa.dot,/qfs/people/dass304/dass304/HWSWpartition/hw-sw-partition-metaheur/BatchExperiments/Ablation/diff_gnn_order_lssp_trace/squeeze_net_tosa/seed-42/run-20260412-143138/config/squeeze_net_tosa_seed-42_ablation.yaml,train,epoch,train,thresholded_partition,threshold,609,609.0,0,609,False,False,4801.6455078125,1836.8041460248135,1769.931987893913,nan,nan,False,162,8301.05088417266,4831.909135635894,0.72595,0.7564,4802139.5,0.4997299611568451,nan,queue,queue,per_epoch_trace
squeeze_net_tosa,inputs/task_graph_topology/soda-benchmark-graphs/pytorch-graphs/squeeze_net_tosa.dot,/qfs/people/dass304/dass304/HWSWpartition/hw-sw-partition-metaheur/BatchExperiments/Ablation/diff_gnn_order_lssp_trace/squeeze_net_tosa/seed-42/run-20260412-143138/config/squeeze_net_tosa_seed-42_ablation.yaml,train,epoch,train,thresholded_partition,threshold,610,610.0,0,610,False,False,4597.66748046875,1835.8475828531984,2147.389138595773,nan,nan,False,163,8471.960347979988,4831.909135635894,0.7255,0.756,4654818.0,0.50753253698349,nan,queue,queue,per_epoch_trace
squeeze_net_tosa,inputs/task_graph_topology/soda-benchmark-graphs/pytorch-graphs/squeeze_net_tosa.dot,/qfs/people/dass304/dass304/HWSWpartition/hw-sw-partition-metaheur/BatchExperiments/Ablation/diff_gnn_order_lssp_trace/squeeze_net_tosa/seed-42/run-20260412-143138/config/squeeze_net_tosa_seed-42_ablation.yaml,train,epoch,train,thresholded_partition,threshold,611,611.0,0,611,False,False,4841.17333984375,1969.7182014440455,2081.6543156356465,nan,nan,False,160,8139.360798637243,4831.909135635894,0.72505,0.7556,4848993.0,0.4972814917564392,nan,queue,queue,per_epoch_trace
squeeze_net_tosa,inputs/task_graph_topology/soda-benchmark-graphs/pytorch-graphs/squeeze_net_tosa.dot,/qfs/people/dass304/dass304/HWSWpartition/hw-sw-partition-metaheur/BatchExperiments/Ablation/diff_gnn_order_lssp_trace/squeeze_net_tosa/seed-42/run-20260412-143138/config/squeeze_net_tosa_seed-42_ablation.yaml,train,epoch,train,thresholded_partition,threshold,612,612.0,0,612,False,False,4575.8369140625,1730.6840534973078,1760.74538561992,nan,nan,False,161,8291.540274510053,4831.909135635894,0.7246,0.7552,4583855.0,0.5027563571929932,nan,queue,queue,per_epoch_trace
squeeze_net_tosa,inputs/task_graph_topology/soda-benchmark-graphs/pytorch-graphs/squeeze_net_tosa.dot,/qfs/people/dass304/dass304/HWSWpartition/hw-sw-partition-metaheur/BatchExperiments/Ablation/diff_gnn_order_lssp_trace/squeeze_net_tosa/seed-42/run-20260412-143138/config/squeeze_net_tosa_seed-42_ablation.yaml,train,epoch,train,thresholded_partition,threshold,613,613.0,0,613,False,False,4710.044921875,2731.1044615298197,3046.1733904626803,nan,nan,False,154,7868.458838671391,4831.909135635894,0.7241500000000001,0.7548,4710587.5,0.49966201186180115,nan,queue,queue,per_epoch_trace
squeeze_net_tosa,inputs/task_graph_topology/soda-benchmark-graphs/pytorch-graphs/squeeze_net_tosa.dot,/qfs/people/dass304/dass304/HWSWpartition/hw-sw-partition-metaheur/BatchExperiments/Ablation/diff_gnn_order_lssp_trace/squeeze_net_tosa/seed-42/run-20260412-143138/config/squeeze_net_tosa_seed-42_ablation.yaml,train,epoch,train,thresholded_partition,threshold,614,614.0,0,614,False,False,4534.52685546875,2110.7715094518035,2110.7715094518035,nan,nan,False,159,8187.829449994311,4831.909135635894,0.7237,0.7544,4568082.0,0.5057559609413147,nan,queue,queue,per_epoch_trace
squeeze_net_tosa,inputs/task_graph_topology/soda-benchmark-graphs/pytorch-graphs/squeeze_net_tosa.dot,/qfs/people/dass304/dass304/HWSWpartition/hw-sw-partition-metaheur/BatchExperiments/Ablation/diff_gnn_order_lssp_trace/squeeze_net_tosa/seed-42/run-20260412-143138/config/squeeze_net_tosa_seed-42_ablation.yaml,train,epoch,train,thresholded_partition,threshold,615,615.0,0,615,False,False,4459.89990234375,1870.08231803048,1870.0823180304806,nan,nan,False,161,8388.146234157986,4831.909135635894,0.72325,0.754,4522771.5,0.5079021453857422,nan,queue,queue,per_epoch_trace
squeeze_net_tosa,inputs/task_graph_topology/soda-benchmark-graphs/pytorch-graphs/squeeze_net_tosa.dot,/qfs/people/dass304/dass304/HWSWpartition/hw-sw-partition-metaheur/BatchExperiments/Ablation/diff_gnn_order_lssp_trace/squeeze_net_tosa/seed-42/run-20260412-143138/config/squeeze_net_tosa_seed-42_ablation.yaml,train,epoch,train,thresholded_partition,threshold,616,616.0,0,616,False,False,4604.2744140625,1689.1549426150764,1824.239844005359,nan,nan,False,162,8192.097764556685,4831.909135635894,0.7228,0.7536,4652565.0,0.50691819190979,nan,queue,queue,per_epoch_trace
squeeze_net_tosa,inputs/task_graph_topology/soda-benchmark-graphs/pytorch-graphs/squeeze_net_tosa.dot,/qfs/people/dass304/dass304/HWSWpartition/hw-sw-partition-metaheur/BatchExperiments/Ablation/diff_gnn_order_lssp_trace/squeeze_net_tosa/seed-42/run-20260412-143138/config/squeeze_net_tosa_seed-42_ablation.yaml,train,epoch,train,thresholded_partition,threshold,617,617.0,0,617,False,False,4530.14453125,1850.057148684398,1862.1180040393326,nan,nan,False,161,8322.901947043218,4831.909135635894,0.72235,0.7532,4561591.5,0.5055713057518005,nan,queue,queue,per_epoch_trace
squeeze_net_tosa,inputs/task_graph_topology/soda-benchmark-graphs/pytorch-graphs/squeeze_net_tosa.dot,/qfs/people/dass304/dass304/HWSWpartition/hw-sw-partition-metaheur/BatchExperiments/Ablation/diff_gnn_order_lssp_trace/squeeze_net_tosa/seed-42/run-20260412-143138/config/squeeze_net_tosa_seed-42_ablation.yaml,train,epoch,train,thresholded_partition,threshold,618,618.0,0,618,False,False,4793.5625,3176.2737153775865,3176.2737153775865,nan,nan,False,158,8044.50051440965,4831.909135635894,0.7219,0.7528,4848983.0,0.5074160099029541,nan,queue,queue,per_epoch_trace
squeeze_net_tosa,inputs/task_graph_topology/soda-benchmark-graphs/pytorch-graphs/squeeze_net_tosa.dot,/qfs/people/dass304/dass304/HWSWpartition/hw-sw-partition-metaheur/BatchExperiments/Ablation/diff_gnn_order_lssp_trace/squeeze_net_tosa/seed-42/run-20260412-143138/config/squeeze_net_tosa_seed-42_ablation.yaml,train,epoch,train,thresholded_partition,threshold,619,619.0,0,619,False,False,4614.58837890625,2075.4223329486,2311.4681699621865,nan,nan,False,163,8323.970182321656,4831.909135635894,0.7214499999999999,0.7524,4823112.5,0.5144257545471191,nan,queue,queue,per_epoch_trace
squeeze_net_tosa,inputs/task_graph_topology/soda-benchmark-graphs/pytorch-graphs/squeeze_net_tosa.dot,/qfs/people/dass304/dass304/HWSWpartition/hw-sw-partition-metaheur/BatchExperiments/Ablation/diff_gnn_order_lssp_trace/squeeze_net_tosa/seed-42/run-20260412-143138/config/squeeze_net_tosa_seed-42_ablation.yaml,train,epoch,train,thresholded_partition,threshold,620,620.0,0,620,False,False,4713.31396484375,1887.2353849521423,1917.2815381165287,nan,nan,False,162,8289.75812295099,4831.909135635894,0.721,0.752,4720718.0,0.49736106395721436,nan,queue,queue,per_epoch_trace
squeeze_net_tosa,inputs/task_graph_topology/soda-benchmark-graphs/pytorch-graphs/squeeze_net_tosa.dot,/qfs/people/dass304/dass304/HWSWpartition/hw-sw-partition-metaheur/BatchExperiments/Ablation/diff_gnn_order_lssp_trace/squeeze_net_tosa/seed-42/run-20260412-143138/config/squeeze_net_tosa_seed-42_ablation.yaml,train,epoch,train,thresholded_partition,threshold,621,621.0,0,621,False,False,4678.89404296875,1831.9942423929972,1965.741387155884,nan,nan,False,162,8260.212114638387,4831.909135635894,0.72055,0.7516,4679381.5,0.4997435212135315,nan,queue,queue,per_epoch_trace
squeeze_net_tosa,inputs/task_graph_topology/soda-benchmark-graphs/pytorch-graphs/squeeze_net_tosa.dot,/qfs/people/dass304/dass304/HWSWpartition/hw-sw-partition-metaheur/BatchExperiments/Ablation/diff_gnn_order_lssp_trace/squeeze_net_tosa/seed-42/run-20260412-143138/config/squeeze_net_tosa_seed-42_ablation.yaml,train,epoch,train,thresholded_partition,threshold,622,622.0,0,622,False,False,4593.185546875,1625.9800271881538,1710.527814423316,nan,nan,False,164,8566.435055675882,4831.909135635894,0.7201,0.7512,4602785.5,0.5030304789543152,nan,queue,queue,per_epoch_trace
squeeze_net_tosa,inputs/task_graph_topology/soda-benchmark-graphs/pytorch-graphs/squeeze_net_tosa.dot,/qfs/people/dass304/dass304/HWSWpartition/hw-sw-partition-metaheur/BatchExperiments/Ablation/diff_gnn_order_lssp_trace/squeeze_net_tosa/seed-42/run-20260412-143138/config/squeeze_net_tosa_seed-42_ablation.yaml,train,epoch,train,thresholded_partition,threshold,623,623.0,0,623,False,False,4709.73828125,1737.642832331762,1836.1552649458702,nan,nan,False,165,8547.689543234032,4831.909135635894,0.71965,0.7508,4714777.0,0.49785107374191284,nan,queue,queue,per_epoch_trace
squeeze_net_tosa,inputs/task_graph_topology/soda-benchmark-graphs/pytorch-graphs/squeeze_net_tosa.dot,/qfs/people/dass304/dass304/HWSWpartition/hw-sw-partition-metaheur/BatchExperiments/Ablation/diff_gnn_order_lssp_trace/squeeze_net_tosa/seed-42/run-20260412-143138/config/squeeze_net_tosa_seed-42_ablation.yaml,train,epoch,train,thresholded_partition,threshold,624,624.0,0,624,False,False,4602.32958984375,1546.3889162894475,1793.289735960619,nan,nan,False,164,8496.178197291545,4831.909135635894,0.7192000000000001,0.7504,4617984.0,0.5039035677909851,nan,queue,queue,per_epoch_trace
squeeze_net_tosa,inputs/task_graph_topology/soda-benchmark-graphs/pytorch-graphs/squeeze_net_tosa.dot,/qfs/people/dass304/dass304/HWSWpartition/hw-sw-partition-metaheur/BatchExperiments/Ablation/diff_gnn_order_lssp_trace/squeeze_net_tosa/seed-42/run-20260412-143138/config/squeeze_net_tosa_seed-42_ablation.yaml,train,epoch,train,thresholded_partition,threshold,625,625.0,0,625,False,False,4751.37451171875,2658.637813995509,2706.4383802455545,nan,nan,False,158,8094.843292454058,4831.909135635894,0.71875,0.75,4776973.5,0.49498268961906433,nan,queue,queue,per_epoch_trace
squeeze_net_tosa,inputs/task_graph_topology/soda-benchmark-graphs/pytorch-graphs/squeeze_net_tosa.dot,/qfs/people/dass304/dass304/HWSWpartition/hw-sw-partition-metaheur/BatchExperiments/Ablation/diff_gnn_order_lssp_trace/squeeze_net_tosa/seed-42/run-20260412-143138/config/squeeze_net_tosa_seed-42_ablation.yaml,train,epoch,train,thresholded_partition,threshold,626,626.0,0,626,False,False,4436.333984375,1849.71548786224,1849.71548786224,nan,nan,False,163,8426.53337624208,4831.909135635894,0.7182999999999999,0.7496,4593119.0,0.5125046372413635,nan,queue,queue,per_epoch_trace
squeeze_net_tosa,inputs/task_graph_topology/soda-benchmark-graphs/pytorch-graphs/squeeze_net_tosa.dot,/qfs/people/dass304/dass304/HWSWpartition/hw-sw-partition-metaheur/BatchExperiments/Ablation/diff_gnn_order_lssp_trace/squeeze_net_tosa/seed-42/run-20260412-143138/config/squeeze_net_tosa_seed-42_ablation.yaml,train,epoch,train,thresholded_partition,threshold,627,627.0,0,627,False,False,4604.72607421875,1507.2151968573774,1368.3300906144898,nan,nan,False,165,8534.597090621295,4831.909135635894,0.71785,0.7492,4618691.5,0.5036780834197998,nan,queue,queue,per_epoch_trace
squeeze_net_tosa,inputs/task_graph_topology/soda-benchmark-graphs/pytorch-graphs/squeeze_net_tosa.dot,/qfs/people/dass304/dass304/HWSWpartition/hw-sw-partition-metaheur/BatchExperiments/Ablation/diff_gnn_order_lssp_trace/squeeze_net_tosa/seed-42/run-20260412-143138/config/squeeze_net_tosa_seed-42_ablation.yaml,train,epoch,train,thresholded_partition,threshold,628,628.0,0,628,False,False,4720.763671875,1329.194555990152,1488.9070269527442,nan,nan,False,166,8637.531741580031,4831.909135635894,0.7174,0.7487999999999999,4756872.0,0.49402672052383423,nan,queue,queue,per_epoch_trace
squeeze_net_tosa,inputs/task_graph_topology/soda-benchmark-graphs/pytorch-graphs/squeeze_net_tosa.dot,/qfs/people/dass304/dass304/HWSWpartition/hw-sw-partition-metaheur/BatchExperiments/Ablation/diff_gnn_order_lssp_trace/squeeze_net_tosa/seed-42/run-20260412-143138/config/squeeze_net_tosa_seed-42_ablation.yaml,train,epoch,train,thresholded_partition,threshold,629,629.0,0,629,False,False,4631.07373046875,1345.7715388803826,1499.0661036981246,nan,nan,False,165,8546.069125985998,4831.909135635894,0.71695,0.7484,4645137.5,0.5036941170692444,nan,queue,queue,per_epoch_trace
squeeze_net_tosa,inputs/task_graph_topology/soda-benchmark-graphs/pytorch-graphs/squeeze_net_tosa.dot,/qfs/people/dass304/dass304/HWSWpartition/hw-sw-partition-metaheur/BatchExperiments/Ablation/diff_gnn_order_lssp_trace/squeeze_net_tosa/seed-42/run-20260412-143138/config/squeeze_net_tosa_seed-42_ablation.yaml,train,epoch,train,thresholded_partition,threshold,630,630.0,0,630,False,False,4671.90283203125,1558.4953323477635,1571.0301101627033,nan,nan,False,165,8587.238370754081,4831.909135635894,0.7164999999999999,0.748,4673391.0,0.5010393261909485,nan,queue,queue,per_epoch_trace
squeeze_net_tosa,inputs/task_graph_topology/soda-benchmark-graphs/pytorch-graphs/squeeze_net_tosa.dot,/qfs/people/dass304/dass304/HWSWpartition/hw-sw-partition-metaheur/BatchExperiments/Ablation/diff_gnn_order_lssp_trace/squeeze_net_tosa/seed-42/run-20260412-143138/config/squeeze_net_tosa_seed-42_ablation.yaml,train,epoch,train,thresholded_partition,threshold,631,631.0,0,631,False,False,4544.02197265625,1376.030821327087,1560.3396173024082,nan,nan,False,165,8563.157827197072,4831.909135635894,0.71605,0.7476,4573403.5,0.5053837299346924,nan,queue,queue,per_epoch_trace
squeeze_net_tosa,inputs/task_graph_topology/soda-benchmark-graphs/pytorch-graphs/squeeze_net_tosa.dot,/qfs/people/dass304/dass304/HWSWpartition/hw-sw-partition-metaheur/BatchExperiments/Ablation/diff_gnn_order_lssp_trace/squeeze_net_tosa/seed-42/run-20260412-143138/config/squeeze_net_tosa_seed-42_ablation.yaml,train,epoch,train,thresholded_partition,threshold,632,632.0,0,632,False,False,4705.9697265625,1558.2861583280157,1766.6960084961777,nan,nan,False,165,8528.702248872449,4831.909135635894,0.7156,0.7472,4712578.5,0.5024870038032532,nan,queue,queue,per_epoch_trace
squeeze_net_tosa,inputs/task_graph_topology/soda-benchmark-graphs/pytorch-graphs/squeeze_net_tosa.dot,/qfs/people/dass304/dass304/HWSWpartition/hw-sw-partition-metaheur/BatchExperiments/Ablation/diff_gnn_order_lssp_trace/squeeze_net_tosa/seed-42/run-20260412-143138/config/squeeze_net_tosa_seed-42_ablation.yaml,train,epoch,train,thresholded_partition,threshold,633,633.0,0,633,False,False,4602.25537109375,1348.4185034118489,1333.281160228669,nan,nan,False,165,8555.613854377627,4831.909135635894,0.71515,0.7467999999999999,4602675.0,0.500010073184967,nan,queue,queue,per_epoch_trace
squeeze_net_tosa,inputs/task_graph_topology/soda-benchmark-graphs/pytorch-graphs/squeeze_net_tosa.dot,/qfs/people/dass304/dass304/HWSWpartition/hw-sw-partition-metaheur/BatchExperiments/Ablation/diff_gnn_order_lssp_trace/squeeze_net_tosa/seed-42/run-20260412-143138/config/squeeze_net_tosa_seed-42_ablation.yaml,train,epoch,train,thresholded_partition,threshold,634,634.0,0,634,False,False,4447.486328125,1632.306367893735,1632.306367893735,nan,nan,False,164,8527.742045866406,4831.909135635894,0.7147,0.7464,4660852.0,0.5145928263664246,nan,queue,queue,per_epoch_trace
squeeze_net_tosa,inputs/task_graph_topology/soda-benchmark-graphs/pytorch-graphs/squeeze_net_tosa.dot,/qfs/people/dass304/dass304/HWSWpartition/hw-sw-partition-metaheur/BatchExperiments/Ablation/diff_gnn_order_lssp_trace/squeeze_net_tosa/seed-42/run-20260412-143138/config/squeeze_net_tosa_seed-42_ablation.yaml,train,epoch,train,thresholded_partition,threshold,635,635.0,0,635,False,False,4585.955078125,1770.385835358576,1770.385835358576,nan,nan,False,164,8451.65186681403,4831.909135635894,0.71425,0.746,4596946.5,0.49674859642982483,nan,queue,queue,per_epoch_trace
squeeze_net_tosa,inputs/task_graph_topology/soda-benchmark-graphs/pytorch-graphs/squeeze_net_tosa.dot,/qfs/people/dass304/dass304/HWSWpartition/hw-sw-partition-metaheur/BatchExperiments/Ablation/diff_gnn_order_lssp_trace/squeeze_net_tosa/seed-42/run-20260412-143138/config/squeeze_net_tosa_seed-42_ablation.yaml,train,epoch,train,thresholded_partition,threshold,636,636.0,0,636,False,False,4518.203125,2075.0913344018495,2075.09133440185,nan,nan,False,161,8211.113630919253,4831.909135635894,0.7138,0.7456,4612184.5,0.5096727013587952,nan,queue,queue,per_epoch_trace
squeeze_net_tosa,inputs/task_graph_topology/soda-benchmark-graphs/pytorch-graphs/squeeze_net_tosa.dot,/qfs/people/dass304/dass304/HWSWpartition/hw-sw-partition-metaheur/BatchExperiments/Ablation/diff_gnn_order_lssp_trace/squeeze_net_tosa/seed-42/run-20260412-143138/config/squeeze_net_tosa_seed-42_ablation.yaml,train,epoch,train,thresholded_partition,threshold,637,637.0,0,637,False,False,5023.04931640625,2008.125947027863,2228.3140379388387,nan,nan,False,159,8208.786300336003,4831.909135635894,0.7133499999999999,0.7452,5026822.0,0.4981756806373596,nan,queue,queue,per_epoch_trace
squeeze_net_tosa,inputs/task_graph_topology/soda-benchmark-graphs/pytorch-graphs/squeeze_net_tosa.dot,/qfs/people/dass304/dass304/HWSWpartition/hw-sw-partition-metaheur/BatchExperiments/Ablation/diff_gnn_order_lssp_trace/squeeze_net_tosa/seed-42/run-20260412-143138/config/squeeze_net_tosa_seed-42_ablation.yaml,train,epoch,train,thresholded_partition,threshold,638,638.0,0,638,False,False,4491.81689453125,2501.7314467488823,2501.7314467488827,nan,nan,False,157,7943.2140460254805,4831.909135635894,0.7129,0.7447999999999999,4509101.0,0.5041058659553528,nan,queue,queue,per_epoch_trace
squeeze_net_tosa,inputs/task_graph_topology/soda-benchmark-graphs/pytorch-graphs/squeeze_net_tosa.dot,/qfs/people/dass304/dass304/HWSWpartition/hw-sw-partition-metaheur/BatchExperiments/Ablation/diff_gnn_order_lssp_trace/squeeze_net_tosa/seed-42/run-20260412-143138/config/squeeze_net_tosa_seed-42_ablation.yaml,train,epoch,train,thresholded_partition,threshold,639,639.0,0,639,False,False,4327.671875,1588.8117154742974,1588.8117154742974,nan,nan,False,164,8458.502555906269,4831.909135635894,0.71245,0.7444,4921097.0,0.5243518948554993,nan,queue,queue,per_epoch_trace
squeeze_net_tosa,inputs/task_graph_topology/soda-benchmark-graphs/pytorch-graphs/squeeze_net_tosa.dot,/qfs/people/dass304/dass304/HWSWpartition/hw-sw-partition-metaheur/BatchExperiments/Ablation/diff_gnn_order_lssp_trace/squeeze_net_tosa/seed-42/run-20260412-143138/config/squeeze_net_tosa_seed-42_ablation.yaml,train,epoch,train,thresholded_partition,threshold,640,640.0,0,640,False,False,4653.029296875,2540.0970298276557,2792.7773929048676,nan,nan,False,161,8257.15216856771,4831.909135635894,0.712,0.744,4898348.0,0.5156493186950684,nan,queue,queue,per_epoch_trace
squeeze_net_tosa,inputs/task_graph_topology/soda-benchmark-graphs/pytorch-graphs/squeeze_net_tosa.dot,/qfs/people/dass304/dass304/HWSWpartition/hw-sw-partition-metaheur/BatchExperiments/Ablation/diff_gnn_order_lssp_trace/squeeze_net_tosa/seed-42/run-20260412-143138/config/squeeze_net_tosa_seed-42_ablation.yaml,train,epoch,train,thresholded_partition,threshold,641,641.0,0,641,False,False,4562.10546875,1763.972640202672,1997.2807839544632,nan,nan,False,163,8416.54120999986,4831.909135635894,0.7115499999999999,0.7436,4582251.5,0.5044416785240173,nan,queue,queue,per_epoch_trace
squeeze_net_tosa,inputs/task_graph_topology/soda-benchmark-graphs/pytorch-graphs/squeeze_net_tosa.dot,/qfs/people/dass304/dass304/HWSWpartition/hw-sw-partition-metaheur/BatchExperiments/Ablation/diff_gnn_order_lssp_trace/squeeze_net_tosa/seed-42/run-20260412-143138/config/squeeze_net_tosa_seed-42_ablation.yaml,train,epoch,train,thresholded_partition,threshold,642,642.0,0,642,False,False,4731.115234375,1215.7781092810153,1364.2780109953587,nan,nan,False,167,8694.570291650642,4831.909135635894,0.7111000000000001,0.7432,4738077.0,0.5025603175163269,nan,queue,queue,per_epoch_trace
squeeze_net_tosa,inputs/task_graph_topology/soda-benchmark-graphs/pytorch-graphs/squeeze_net_tosa.dot,/qfs/people/dass304/dass304/HWSWpartition/hw-sw-partition-metaheur/BatchExperiments/Ablation/diff_gnn_order_lssp_trace/squeeze_net_tosa/seed-42/run-20260412-143138/config/squeeze_net_tosa_seed-42_ablation.yaml,train,epoch,train,thresholded_partition,threshold,643,643.0,0,643,False,False,4758.6328125,1865.3786231461033,2040.2617046966568,nan,nan,False,161,8469.823784763914,4831.909135635894,0.71065,0.7427999999999999,4762136.0,0.4982455372810364,nan,queue,queue,per_epoch_trace
squeeze_net_tosa,inputs/task_graph_topology/soda-benchmark-graphs/pytorch-graphs/squeeze_net_tosa.dot,/qfs/people/dass304/dass304/HWSWpartition/hw-sw-partition-metaheur/BatchExperiments/Ablation/diff_gnn_order_lssp_trace/squeeze_net_tosa/seed-42/run-20260412-143138/config/squeeze_net_tosa_seed-42_ablation.yaml,train,epoch,train,thresholded_partition,threshold,644,644.0,0,644,False,False,4715.0869140625,1895.802550205244,1990.5396742819237,nan,nan,False,167,8709.462665778929,4831.909135635894,0.7101999999999999,0.7424,4718425.0,0.49828875064849854,nan,queue,queue,per_epoch_trace
squeeze_net_tosa,inputs/task_graph_topology/soda-benchmark-graphs/pytorch-graphs/squeeze_net_tosa.dot,/qfs/people/dass304/dass304/HWSWpartition/hw-sw-partition-metaheur/BatchExperiments/Ablation/diff_gnn_order_lssp_trace/squeeze_net_tosa/seed-42/run-20260412-143138/config/squeeze_net_tosa_seed-42_ablation.yaml,train,epoch,train,thresholded_partition,threshold,645,645.0,0,645,False,False,4636.84521484375,1064.8600223774322,1014.5431551355747,nan,nan,False,171,9107.474038098528,4831.909135635894,0.70975,0.742,4755096.5,0.510855495929718,nan,queue,queue,per_epoch_trace
squeeze_net_tosa,inputs/task_graph_topology/soda-benchmark-graphs/pytorch-graphs/squeeze_net_tosa.dot,/qfs/people/dass304/dass304/HWSWpartition/hw-sw-partition-metaheur/BatchExperiments/Ablation/diff_gnn_order_lssp_trace/squeeze_net_tosa/seed-42/run-20260412-143138/config/squeeze_net_tosa_seed-42_ablation.yaml,train,epoch,train,thresholded_partition,threshold,646,646.0,0,646,False,False,4643.35986328125,1509.83937753093,1571.4893325066869,nan,nan,False,166,8622.535095929876,4831.909135635894,0.7093,0.7416,4645376.0,0.5012630820274353,nan,queue,queue,per_epoch_trace
squeeze_net_tosa,inputs/task_graph_topology/soda-benchmark-graphs/pytorch-graphs/squeeze_net_tosa.dot,/qfs/people/dass304/dass304/HWSWpartition/hw-sw-partition-metaheur/BatchExperiments/Ablation/diff_gnn_order_lssp_trace/squeeze_net_tosa/seed-42/run-20260412-143138/config/squeeze_net_tosa_seed-42_ablation.yaml,train,epoch,train,thresholded_partition,threshold,647,647.0,0,647,False,False,4715.541015625,1386.374551760895,1436.455003309943,nan,nan,False,169,8930.74721340678,4831.909135635894,0.70885,0.7412,4718174.0,0.4985129237174988,nan,queue,queue,per_epoch_trace
squeeze_net_tosa,inputs/task_graph_topology/soda-benchmark-graphs/pytorch-graphs/squeeze_net_tosa.dot,/qfs/people/dass304/dass304/HWSWpartition/hw-sw-partition-metaheur/BatchExperiments/Ablation/diff_gnn_order_lssp_trace/squeeze_net_tosa/seed-42/run-20260412-143138/config/squeeze_net_tosa_seed-42_ablation.yaml,train,epoch,train,thresholded_partition,threshold,648,648.0,0,648,False,False,4758.89404296875,1223.6619876313528,1223.6619876313528,nan,nan,False,168,8774.425850087286,4831.909135635894,0.7083999999999999,0.7407999999999999,4759347.0,0.49982041120529175,nan,queue,queue,per_epoch_trace
squeeze_net_tosa,inputs/task_graph_topology/soda-benchmark-graphs/pytorch-graphs/squeeze_net_tosa.dot,/qfs/people/dass304/dass304/HWSWpartition/hw-sw-partition-metaheur/BatchExperiments/Ablation/diff_gnn_order_lssp_trace/squeeze_net_tosa/seed-42/run-20260412-143138/config/squeeze_net_tosa_seed-42_ablation.yaml,train,epoch,train,thresholded_partition,threshold,649,649.0,0,649,False,False,4741.77978515625,1318.2753970214662,1313.6391080473095,nan,nan,False,167,8685.256147022355,4831.909135635894,0.70795,0.7404,4742748.5,0.5007408261299133,nan,queue,queue,per_epoch_trace
squeeze_net_tosa,inputs/task_graph_topology/soda-benchmark-graphs/pytorch-graphs/squeeze_net_tosa.dot,/qfs/people/dass304/dass304/HWSWpartition/hw-sw-partition-metaheur/BatchExperiments/Ablation/diff_gnn_order_lssp_trace/squeeze_net_tosa/seed-42/run-20260412-143138/config/squeeze_net_tosa_seed-42_ablation.yaml,train,epoch,train,thresholded_partition,threshold,650,650.0,0,650,False,False,4637.21044921875,1647.42610777972,1798.99069177632,nan,nan,False,165,8594.4230695541,4831.909135635894,0.7075,0.74,4734556.5,0.5098453164100647,nan,queue,queue,per_epoch_trace
squeeze_net_tosa,inputs/task_graph_topology/soda-benchmark-graphs/pytorch-graphs/squeeze_net_tosa.dot,/qfs/people/dass304/dass304/HWSWpartition/hw-sw-partition-metaheur/BatchExperiments/Ablation/diff_gnn_order_lssp_trace/squeeze_net_tosa/seed-42/run-20260412-143138/config/squeeze_net_tosa_seed-42_ablation.yaml,train,epoch,train,thresholded_partition,threshold,651,651.0,0,651,False,False,4778.53759765625,3262.045289308944,3262.045289308944,nan,nan,False,159,8318.010878172894,4831.909135635894,0.70705,0.7396,4781416.5,0.4984322488307953,nan,queue,queue,per_epoch_trace
squeeze_net_tosa,inputs/task_graph_topology/soda-benchmark-graphs/pytorch-graphs/squeeze_net_tosa.dot,/qfs/people/dass304/dass304/HWSWpartition/hw-sw-partition-metaheur/BatchExperiments/Ablation/diff_gnn_order_lssp_trace/squeeze_net_tosa/seed-42/run-20260412-143138/config/squeeze_net_tosa_seed-42_ablation.yaml,train,epoch,train,thresholded_partition,threshold,652,652.0,0,652,False,False,4859.01513671875,3184.7034928966686,3289.0662642316533,nan,nan,False,157,8207.734818087696,4831.909135635894,0.7066,0.7392,4859719.0,0.5005315542221069,nan,queue,queue,per_epoch_trace
squeeze_net_tosa,inputs/task_graph_topology/soda-benchmark-graphs/pytorch-graphs/squeeze_net_tosa.dot,/qfs/people/dass304/dass304/HWSWpartition/hw-sw-partition-metaheur/BatchExperiments/Ablation/diff_gnn_order_lssp_trace/squeeze_net_tosa/seed-42/run-20260412-143138/config/squeeze_net_tosa_seed-42_ablation.yaml,train,epoch,train,thresholded_partition,threshold,653,653.0,0,653,False,False,4816.24658203125,2073.8172012802556,2073.8172012802556,nan,nan,False,164,8518.209070865023,4831.909135635894,0.70615,0.7387999999999999,4816800.0,0.4996342658996582,nan,queue,queue,per_epoch_trace
squeeze_net_tosa,inputs/task_graph_topology/soda-benchmark-graphs/pytorch-graphs/squeeze_net_tosa.dot,/qfs/people/dass304/dass304/HWSWpartition/hw-sw-partition-metaheur/BatchExperiments/Ablation/diff_gnn_order_lssp_trace/squeeze_net_tosa/seed-42/run-20260412-143138/config/squeeze_net_tosa_seed-42_ablation.yaml,train,epoch,train,thresholded_partition,threshold,654,654.0,0,654,False,False,4816.2001953125,1531.4770370856218,1668.5218716725326,nan,nan,False,166,8664.859141898996,4831.909135635894,0.7057,0.7384,4817301.0,0.5008234977722168,nan,queue,queue,per_epoch_trace
squeeze_net_tosa,inputs/task_graph_topology/soda-benchmark-graphs/pytorch-graphs/squeeze_net_tosa.dot,/qfs/people/dass304/dass304/HWSWpartition/hw-sw-partition-metaheur/BatchExperiments/Ablation/diff_gnn_order_lssp_trace/squeeze_net_tosa/seed-42/run-20260412-143138/config/squeeze_net_tosa_seed-42_ablation.yaml,train,epoch,train,thresholded_partition,threshold,655,655.0,0,655,False,False,4687.0947265625,1324.8973088561497,1561.332038855168,nan,nan,False,165,8696.37454259197,4831.909135635894,0.7052499999999999,0.738,4687743.5,0.4995156526565552,nan,queue,queue,per_epoch_trace
squeeze_net_tosa,inputs/task_graph_topology/soda-benchmark-graphs/pytorch-graphs/squeeze_net_tosa.dot,/qfs/people/dass304/dass304/HWSWpartition/hw-sw-partition-metaheur/BatchExperiments/Ablation/diff_gnn_order_lssp_trace/squeeze_net_tosa/seed-42/run-20260412-143138/config/squeeze_net_tosa_seed-42_ablation.yaml,train,epoch,train,thresholded_partition,threshold,656,656.0,0,656,False,False,4675.51513671875,939.9683621416002,1115.1669055418129,nan,nan,False,168,8798.215466073201,4831.909135635894,0.7048,0.7376,4682659.0,0.4974048435688019,nan,queue,queue,per_epoch_trace
squeeze_net_tosa,inputs/task_graph_topology/soda-benchmark-graphs/pytorch-graphs/squeeze_net_tosa.dot,/qfs/people/dass304/dass304/HWSWpartition/hw-sw-partition-metaheur/BatchExperiments/Ablation/diff_gnn_order_lssp_trace/squeeze_net_tosa/seed-42/run-20260412-143138/config/squeeze_net_tosa_seed-42_ablation.yaml,train,epoch,train,thresholded_partition,threshold,657,657.0,0,657,False,False,4663.42529296875,1187.6146108414919,1348.2039413624746,nan,nan,False,168,8797.68499011853,4831.909135635894,0.70435,0.7372,4665420.5,0.4987401068210602,nan,queue,queue,per_epoch_trace
squeeze_net_tosa,inputs/task_graph_topology/soda-benchmark-graphs/pytorch-graphs/squeeze_net_tosa.dot,/qfs/people/dass304/dass304/HWSWpartition/hw-sw-partition-metaheur/BatchExperiments/Ablation/diff_gnn_order_lssp_trace/squeeze_net_tosa/seed-42/run-20260412-143138/config/squeeze_net_tosa_seed-42_ablation.yaml,train,epoch,train,thresholded_partition,threshold,658,658.0,0,658,False,False,4720.302734375,1039.9659319936106,1159.9379669630075,nan,nan,False,168,8674.968434926988,4831.909135635894,0.7039,0.7367999999999999,4721609.0,0.49905675649642944,nan,queue,queue,per_epoch_trace
squeeze_net_tosa,inputs/task_graph_topology/soda-benchmark-graphs/pytorch-graphs/squeeze_net_tosa.dot,/qfs/people/dass304/dass304/HWSWpartition/hw-sw-partition-metaheur/BatchExperiments/Ablation/diff_gnn_order_lssp_trace/squeeze_net_tosa/seed-42/run-20260412-143138/config/squeeze_net_tosa_seed-42_ablation.yaml,train,epoch,train,thresholded_partition,threshold,659,659.0,0,659,False,False,4806.2265625,1278.5023184854201,1332.2599231881948,nan,nan,False,167,8786.273624385729,4831.909135635894,0.7034499999999999,0.7363999999999999,4808114.5,0.4987865388393402,nan,queue,queue,per_epoch_trace
squeeze_net_tosa,inputs/task_graph_topology/soda-benchmark-graphs/pytorch-graphs/squeeze_net_tosa.dot,/qfs/people/dass304/dass304/HWSWpartition/hw-sw-partition-metaheur/BatchExperiments/Ablation/diff_gnn_order_lssp_trace/squeeze_net_tosa/seed-42/run-20260412-143138/config/squeeze_net_tosa_seed-42_ablation.yaml,train,epoch,train,thresholded_partition,threshold,660,660.0,0,660,False,False,4723.009765625,1562.478576341445,1562.478576341445,nan,nan,False,164,8577.453543921414,4831.909135635894,0.703,0.736,4725375.0,0.4986036419868469,nan,queue,queue,per_epoch_trace
squeeze_net_tosa,inputs/task_graph_topology/soda-benchmark-graphs/pytorch-graphs/squeeze_net_tosa.dot,/qfs/people/dass304/dass304/HWSWpartition/hw-sw-partition-metaheur/BatchExperiments/Ablation/diff_gnn_order_lssp_trace/squeeze_net_tosa/seed-42/run-20260412-143138/config/squeeze_net_tosa_seed-42_ablation.yaml,train,epoch,train,thresholded_partition,threshold,661,661.0,0,661,False,False,4530.29443359375,1416.6848942671315,1449.772169890123,nan,nan,False,166,8616.357566043838,4831.909135635894,0.70255,0.7356,4757026.0,0.5150439143180847,nan,queue,queue,per_epoch_trace
squeeze_net_tosa,inputs/task_graph_topology/soda-benchmark-graphs/pytorch-graphs/squeeze_net_tosa.dot,/qfs/people/dass304/dass304/HWSWpartition/hw-sw-partition-metaheur/BatchExperiments/Ablation/diff_gnn_order_lssp_trace/squeeze_net_tosa/seed-42/run-20260412-143138/config/squeeze_net_tosa_seed-42_ablation.yaml,train,epoch,train,thresholded_partition,threshold,662,662.0,0,662,False,False,4484.6298828125,1888.24642419669,1888.24642419669,nan,nan,False,163,8456.475328039276,4831.909135635894,0.7021,0.7352,4552748.5,0.5082279443740845,nan,queue,queue,per_epoch_trace
squeeze_net_tosa,inputs/task_graph_topology/soda-benchmark-graphs/pytorch-graphs/squeeze_net_tosa.dot,/qfs/people/dass304/dass304/HWSWpartition/hw-sw-partition-metaheur/BatchExperiments/Ablation/diff_gnn_order_lssp_trace/squeeze_net_tosa/seed-42/run-20260412-143138/config/squeeze_net_tosa_seed-42_ablation.yaml,train,epoch,train,thresholded_partition,threshold,663,663.0,0,663,False,False,4751.23974609375,2555.312575068382,2900.272310455024,nan,nan,False,156,8160.38649442738,4831.909135635894,0.70165,0.7347999999999999,4757191.5,0.49764949083328247,nan,queue,queue,per_epoch_trace
squeeze_net_tosa,inputs/task_graph_topology/soda-benchmark-graphs/pytorch-graphs/squeeze_net_tosa.dot,/qfs/people/dass304/dass304/HWSWpartition/hw-sw-partition-metaheur/BatchExperiments/Ablation/diff_gnn_order_lssp_trace/squeeze_net_tosa/seed-42/run-20260412-143138/config/squeeze_net_tosa_seed-42_ablation.yaml,train,epoch,train,thresholded_partition,threshold,664,664.0,0,664,False,False,4563.93896484375,2135.0718427879324,2193.4889780244785,nan,nan,False,159,8038.432399904581,4831.909135635894,0.7012,0.7343999999999999,4564374.0,0.5000031590461731,nan,queue,queue,per_epoch_trace
squeeze_net_tosa,inputs/task_graph_topology/soda-benchmark-graphs/pytorch-graphs/squeeze_net_tosa.dot,/qfs/people/dass304/dass304/HWSWpartition/hw-sw-partition-metaheur/BatchExperiments/Ablation/diff_gnn_order_lssp_trace/squeeze_net_tosa/seed-42/run-20260412-143138/config/squeeze_net_tosa_seed-42_ablation.yaml,train,epoch,train,thresholded_partition,threshold,665,665.0,0,665,False,False,4621.724609375,2891.6208450985337,2951.003739804222,nan,nan,False,157,7976.62875767395,4831.909135635894,0.70075,0.734,4763791.5,0.5119012594223022,nan,queue,queue,per_epoch_trace
squeeze_net_tosa,inputs/task_graph_topology/soda-benchmark-graphs/pytorch-graphs/squeeze_net_tosa.dot,/qfs/people/dass304/dass304/HWSWpartition/hw-sw-partition-metaheur/BatchExperiments/Ablation/diff_gnn_order_lssp_trace/squeeze_net_tosa/seed-42/run-20260412-143138/config/squeeze_net_tosa_seed-42_ablation.yaml,train,epoch,train,thresholded_partition,threshold,666,666.0,0,666,False,False,4582.2265625,3005.2723732100253,3221.831158427038,nan,nan,False,155,7968.503959978323,4831.909135635894,0.7002999999999999,0.7336,4583958.5,0.5011389255523682,nan,queue,queue,per_epoch_trace
squeeze_net_tosa,inputs/task_graph_topology/soda-benchmark-graphs/pytorch-graphs/squeeze_net_tosa.dot,/qfs/people/dass304/dass304/HWSWpartition/hw-sw-partition-metaheur/BatchExperiments/Ablation/diff_gnn_order_lssp_trace/squeeze_net_tosa/seed-42/run-20260412-143138/config/squeeze_net_tosa_seed-42_ablation.yaml,train,epoch,train,thresholded_partition,threshold,667,667.0,0,667,False,False,4531.44873046875,2774.433896476877,3309.187810188012,nan,nan,False,157,7978.413822935055,4831.909135635894,0.69985,0.7332,4795638.0,0.5162404775619507,nan,queue,queue,per_epoch_trace
squeeze_net_tosa,inputs/task_graph_topology/soda-benchmark-graphs/pytorch-graphs/squeeze_net_tosa.dot,/qfs/people/dass304/dass304/HWSWpartition/hw-sw-partition-metaheur/BatchExperiments/Ablation/diff_gnn_order_lssp_trace/squeeze_net_tosa/seed-42/run-20260412-143138/config/squeeze_net_tosa_seed-42_ablation.yaml,train,epoch,train,thresholded_partition,threshold,668,668.0,0,668,False,False,4683.3681640625,2402.2363599140476,2678.4453754742576,nan,nan,False,157,7888.33428967202,4831.909135635894,0.6994,0.7327999999999999,5027847.0,0.5185484886169434,nan,queue,queue,per_epoch_trace
squeeze_net_tosa,inputs/task_graph_topology/soda-benchmark-graphs/pytorch-graphs/squeeze_net_tosa.dot,/qfs/people/dass304/dass304/HWSWpartition/hw-sw-partition-metaheur/BatchExperiments/Ablation/diff_gnn_order_lssp_trace/squeeze_net_tosa/seed-42/run-20260412-143138/config/squeeze_net_tosa_seed-42_ablation.yaml,train,epoch,train,thresholded_partition,threshold,669,669.0,0,669,False,False,4637.31494140625,2312.2487613362046,2393.598683943943,nan,nan,False,157,8166.139000396997,4831.909135635894,0.69895,0.7323999999999999,4685268.0,0.5068941116333008,nan,queue,queue,per_epoch_trace
squeeze_net_tosa,inputs/task_graph_topology/soda-benchmark-graphs/pytorch-graphs/squeeze_net_tosa.dot,/qfs/people/dass304/dass304/HWSWpartition/hw-sw-partition-metaheur/BatchExperiments/Ablation/diff_gnn_order_lssp_trace/squeeze_net_tosa/seed-42/run-20260412-143138/config/squeeze_net_tosa_seed-42_ablation.yaml,train,epoch,train,thresholded_partition,threshold,670,670.0,0,670,False,False,4634.50830078125,2356.0966090687166,2520.81972183472,nan,nan,False,155,7980.263140584956,4831.909135635894,0.6984999999999999,0.732,4657851.5,0.5047875046730042,nan,queue,queue,per_epoch_trace
squeeze_net_tosa,inputs/task_graph_topology/soda-benchmark-graphs/pytorch-graphs/squeeze_net_tosa.dot,/qfs/people/dass304/dass304/HWSWpartition/hw-sw-partition-metaheur/BatchExperiments/Ablation/diff_gnn_order_lssp_trace/squeeze_net_tosa/seed-42/run-20260412-143138/config/squeeze_net_tosa_seed-42_ablation.yaml,train,epoch,train,thresholded_partition,threshold,671,671.0,0,671,False,False,4622.0,1368.0557258983933,1481.356368468427,nan,nan,False,163,8480.058185816291,4831.909135635894,0.69805,0.7316,4682669.5,0.5077624320983887,nan,queue,queue,per_epoch_trace
squeeze_net_tosa,inputs/task_graph_topology/soda-benchmark-graphs/pytorch-graphs/squeeze_net_tosa.dot,/qfs/people/dass304/dass304/HWSWpartition/hw-sw-partition-metaheur/BatchExperiments/Ablation/diff_gnn_order_lssp_trace/squeeze_net_tosa/seed-42/run-20260412-143138/config/squeeze_net_tosa_seed-42_ablation.yaml,train,epoch,train,thresholded_partition,threshold,672,672.0,0,672,False,False,4654.416015625,2266.7109338711807,2405.091707995488,nan,nan,False,161,8326.577934456924,4831.909135635894,0.6976,0.7312,4656906.5,0.49856385588645935,nan,queue,queue,per_epoch_trace
squeeze_net_tosa,inputs/task_graph_topology/soda-benchmark-graphs/pytorch-graphs/squeeze_net_tosa.dot,/qfs/people/dass304/dass304/HWSWpartition/hw-sw-partition-metaheur/BatchExperiments/Ablation/diff_gnn_order_lssp_trace/squeeze_net_tosa/seed-42/run-20260412-143138/config/squeeze_net_tosa_seed-42_ablation.yaml,train,epoch,train,thresholded_partition,threshold,673,673.0,0,673,False,False,4673.78076171875,1511.8526045463482,1674.6515961703058,nan,nan,False,164,8521.20170868997,4831.909135635894,0.6971499999999999,0.7307999999999999,4676184.0,0.5014103651046753,nan,queue,queue,per_epoch_trace
squeeze_net_tosa,inputs/task_graph_topology/soda-benchmark-graphs/pytorch-graphs/squeeze_net_tosa.dot,/qfs/people/dass304/dass304/HWSWpartition/hw-sw-partition-metaheur/BatchExperiments/Ablation/diff_gnn_order_lssp_trace/squeeze_net_tosa/seed-42/run-20260412-143138/config/squeeze_net_tosa_seed-42_ablation.yaml,train,epoch,train,thresholded_partition,threshold,674,674.0,0,674,False,False,4892.43994140625,1273.2900510709787,1273.2900510709787,nan,nan,False,166,8664.627278560229,4831.909135635894,0.6967,0.7303999999999999,4893511.0,0.49918413162231445,nan,queue,queue,per_epoch_trace
squeeze_net_tosa,inputs/task_graph_topology/soda-benchmark-graphs/pytorch-graphs/squeeze_net_tosa.dot,/qfs/people/dass304/dass304/HWSWpartition/hw-sw-partition-metaheur/BatchExperiments/Ablation/diff_gnn_order_lssp_trace/squeeze_net_tosa/seed-42/run-20260412-143138/config/squeeze_net_tosa_seed-42_ablation.yaml,train,epoch,train,thresholded_partition,threshold,675,675.0,0,675,False,False,4774.1142578125,1229.2812323609628,1366.2181625378214,nan,nan,False,167,8710.473900279816,4831.909135635894,0.69625,0.73,4776046.0,0.49876683950424194,nan,queue,queue,per_epoch_trace
squeeze_net_tosa,inputs/task_graph_topology/soda-benchmark-graphs/pytorch-graphs/squeeze_net_tosa.dot,/qfs/people/dass304/dass304/HWSWpartition/hw-sw-partition-metaheur/BatchExperiments/Ablation/diff_gnn_order_lssp_trace/squeeze_net_tosa/seed-42/run-20260412-143138/config/squeeze_net_tosa_seed-42_ablation.yaml,train,epoch,train,thresholded_partition,threshold,676,676.0,0,676,False,False,4710.583984375,1301.2004870794428,1571.1275514562744,nan,nan,False,164,8516.924048068546,4831.909135635894,0.6958,0.7296,4726385.0,0.4960765838623047,nan,queue,queue,per_epoch_trace
squeeze_net_tosa,inputs/task_graph_topology/soda-benchmark-graphs/pytorch-graphs/squeeze_net_tosa.dot,/qfs/people/dass304/dass304/HWSWpartition/hw-sw-partition-metaheur/BatchExperiments/Ablation/diff_gnn_order_lssp_trace/squeeze_net_tosa/seed-42/run-20260412-143138/config/squeeze_net_tosa_seed-42_ablation.yaml,train,epoch,train,thresholded_partition,threshold,677,677.0,0,677,False,False,4837.240234375,1177.07242745423,1342.843224165004,nan,nan,False,167,8762.296428895384,4831.909135635894,0.6953499999999999,0.7292,4848774.0,0.4966648817062378,nan,queue,queue,per_epoch_trace
squeeze_net_tosa,inputs/task_graph_topology/soda-benchmark-graphs/pytorch-graphs/squeeze_net_tosa.dot,/qfs/people/dass304/dass304/HWSWpartition/hw-sw-partition-metaheur/BatchExperiments/Ablation/diff_gnn_order_lssp_trace/squeeze_net_tosa/seed-42/run-20260412-143138/config/squeeze_net_tosa_seed-42_ablation.yaml,train,epoch,train,thresholded_partition,threshold,678,678.0,0,678,False,False,4818.48486328125,1392.444500164827,1593.2979387752882,nan,nan,False,166,8619.188545755898,4831.909135635894,0.6949,0.7287999999999999,4832579.5,0.4963001310825348,nan,queue,queue,per_epoch_trace
squeeze_net_tosa,inputs/task_graph_topology/soda-benchmark-graphs/pytorch-graphs/squeeze_net_tosa.dot,/qfs/people/dass304/dass304/HWSWpartition/hw-sw-partition-metaheur/BatchExperiments/Ablation/diff_gnn_order_lssp_trace/squeeze_net_tosa/seed-42/run-20260412-143138/config/squeeze_net_tosa_seed-42_ablation.yaml,train,epoch,train,thresholded_partition,threshold,679,679.0,0,679,False,False,4751.787109375,1410.1563572141474,1410.1563572141474,nan,nan,False,165,8712.550095054386,4831.909135635894,0.69445,0.7283999999999999,4761141.0,0.49700891971588135,nan,queue,queue,per_epoch_trace
squeeze_net_tosa,inputs/task_graph_topology/soda-benchmark-graphs/pytorch-graphs/squeeze_net_tosa.dot,/qfs/people/dass304/dass304/HWSWpartition/hw-sw-partition-metaheur/BatchExperiments/Ablation/diff_gnn_order_lssp_trace/squeeze_net_tosa/seed-42/run-20260412-143138/config/squeeze_net_tosa_seed-42_ablation.yaml,train,epoch,train,thresholded_partition,threshold,680,680.0,0,680,False,False,4791.86572265625,1641.1065436625822,1745.4673472513223,nan,nan,False,164,8484.787347185083,4831.909135635894,0.694,0.728,4795097.5,0.5016785264015198,nan,queue,queue,per_epoch_trace
squeeze_net_tosa,inputs/task_graph_topology/soda-benchmark-graphs/pytorch-graphs/squeeze_net_tosa.dot,/qfs/people/dass304/dass304/HWSWpartition/hw-sw-partition-metaheur/BatchExperiments/Ablation/diff_gnn_order_lssp_trace/squeeze_net_tosa/seed-42/run-20260412-143138/config/squeeze_net_tosa_seed-42_ablation.yaml,train,epoch,train,thresholded_partition,threshold,681,681.0,0,681,False,False,4773.39404296875,1251.954522208335,1254.8248263382234,nan,nan,False,166,8798.496303791773,4831.909135635894,0.6935499999999999,0.7276,4784816.5,0.49668094515800476,nan,queue,queue,per_epoch_trace
squeeze_net_tosa,inputs/task_graph_topology/soda-benchmark-graphs/pytorch-graphs/squeeze_net_tosa.dot,/qfs/people/dass304/dass304/HWSWpartition/hw-sw-partition-metaheur/BatchExperiments/Ablation/diff_gnn_order_lssp_trace/squeeze_net_tosa/seed-42/run-20260412-143138/config/squeeze_net_tosa_seed-42_ablation.yaml,train,epoch,train,thresholded_partition,threshold,682,682.0,0,682,False,False,4562.9296875,1031.438746255462,1201.234528081001,nan,nan,False,166,8649.61067468281,4831.909135635894,0.6931,0.7272,4575293.5,0.5034581422805786,nan,queue,queue,per_epoch_trace
squeeze_net_tosa,inputs/task_graph_topology/soda-benchmark-graphs/pytorch-graphs/squeeze_net_tosa.dot,/qfs/people/dass304/dass304/HWSWpartition/hw-sw-partition-metaheur/BatchExperiments/Ablation/diff_gnn_order_lssp_trace/squeeze_net_tosa/seed-42/run-20260412-143138/config/squeeze_net_tosa_seed-42_ablation.yaml,train,epoch,train,thresholded_partition,threshold,683,683.0,0,683,False,False,4888.37060546875,1533.1803342989629,1623.4492903087935,nan,nan,False,165,8605.096479860751,4831.909135635894,0.69265,0.7267999999999999,4908635.5,0.49554443359375,nan,queue,queue,per_epoch_trace
squeeze_net_tosa,inputs/task_graph_topology/soda-benchmark-graphs/pytorch-graphs/squeeze_net_tosa.dot,/qfs/people/dass304/dass304/HWSWpartition/hw-sw-partition-metaheur/BatchExperiments/Ablation/diff_gnn_order_lssp_trace/squeeze_net_tosa/seed-42/run-20260412-143138/config/squeeze_net_tosa_seed-42_ablation.yaml,train,epoch,train,thresholded_partition,threshold,684,684.0,0,684,False,False,4743.595703125,2402.9459992812117,2511.517914794534,nan,nan,False,160,8122.4843205321995,4831.909135635894,0.6921999999999999,0.7263999999999999,4759258.0,0.49609458446502686,nan,queue,queue,per_epoch_trace
squeeze_net_tosa,inputs/task_graph_topology/soda-benchmark-graphs/pytorch-graphs/squeeze_net_tosa.dot,/qfs/people/dass304/dass304/HWSWpartition/hw-sw-partition-metaheur/BatchExperiments/Ablation/diff_gnn_order_lssp_trace/squeeze_net_tosa/seed-42/run-20260412-143138/config/squeeze_net_tosa_seed-42_ablation.yaml,train,epoch,train,thresholded_partition,threshold,685,685.0,0,685,False,False,4767.484375,2385.9593261762534,2499.440234319428,nan,nan,False,159,8245.17171560492,4831.909135635894,0.69175,0.726,4770446.0,0.4984060227870941,nan,queue,queue,per_epoch_trace
squeeze_net_tosa,inputs/task_graph_topology/soda-benchmark-graphs/pytorch-graphs/squeeze_net_tosa.dot,/qfs/people/dass304/dass304/HWSWpartition/hw-sw-partition-metaheur/BatchExperiments/Ablation/diff_gnn_order_lssp_trace/squeeze_net_tosa/seed-42/run-20260412-143138/config/squeeze_net_tosa_seed-42_ablation.yaml,train,epoch,train,thresholded_partition,threshold,686,686.0,0,686,False,False,4770.80078125,1281.5083758728797,1480.9382972070885,nan,nan,False,164,8503.218343496377,4831.909135635894,0.6913,0.7256,4773848.5,0.5016235113143921,nan,queue,queue,per_epoch_trace
squeeze_net_tosa,inputs/task_graph_topology/soda-benchmark-graphs/pytorch-graphs/squeeze_net_tosa.dot,/qfs/people/dass304/dass304/HWSWpartition/hw-sw-partition-metaheur/BatchExperiments/Ablation/diff_gnn_order_lssp_trace/squeeze_net_tosa/seed-42/run-20260412-143138/config/squeeze_net_tosa_seed-42_ablation.yaml,train,epoch,train,thresholded_partition,threshold,687,687.0,0,687,False,False,4828.732421875,1766.2101302986594,1960.455325137807,nan,nan,False,161,8414.60392577438,4831.909135635894,0.69085,0.7252,4829374.5,0.5004764795303345,nan,queue,queue,per_epoch_trace
squeeze_net_tosa,inputs/task_graph_topology/soda-benchmark-graphs/pytorch-graphs/squeeze_net_tosa.dot,/qfs/people/dass304/dass304/HWSWpartition/hw-sw-partition-metaheur/BatchExperiments/Ablation/diff_gnn_order_lssp_trace/squeeze_net_tosa/seed-42/run-20260412-143138/config/squeeze_net_tosa_seed-42_ablation.yaml,train,epoch,train,thresholded_partition,threshold,688,688.0,0,688,False,False,4587.32958984375,1824.8512555585344,2141.5649786498298,nan,nan,False,164,8460.731364765872,4831.909135635894,0.6904,0.7248,4662312.0,0.5086352825164795,nan,queue,queue,per_epoch_trace
squeeze_net_tosa,inputs/task_graph_topology/soda-benchmark-graphs/pytorch-graphs/squeeze_net_tosa.dot,/qfs/people/dass304/dass304/HWSWpartition/hw-sw-partition-metaheur/BatchExperiments/Ablation/diff_gnn_order_lssp_trace/squeeze_net_tosa/seed-42/run-20260412-143138/config/squeeze_net_tosa_seed-42_ablation.yaml,train,epoch,train,thresholded_partition,threshold,689,689.0,0,689,False,False,4743.69873046875,1367.2290338436615,1367.2290338436615,nan,nan,False,164,8434.462426844031,4831.909135635894,0.6899500000000001,0.7243999999999999,4746866.5,0.49834179878234863,nan,queue,queue,per_epoch_trace
squeeze_net_tosa,inputs/task_graph_topology/soda-benchmark-graphs/pytorch-graphs/squeeze_net_tosa.dot,/qfs/people/dass304/dass304/HWSWpartition/hw-sw-partition-metaheur/BatchExperiments/Ablation/diff_gnn_order_lssp_trace/squeeze_net_tosa/seed-42/run-20260412-143138/config/squeeze_net_tosa_seed-42_ablation.yaml,train,epoch,train,thresholded_partition,threshold,690,690.0,0,690,False,False,4877.7587890625,2503.6582768445583,2572.6854227833674,nan,nan,False,157,7975.20502078633,4831.909135635894,0.6895,0.724,4948176.5,0.5083661079406738,nan,queue,queue,per_epoch_trace
squeeze_net_tosa,inputs/task_graph_topology/soda-benchmark-graphs/pytorch-graphs/squeeze_net_tosa.dot,/qfs/people/dass304/dass304/HWSWpartition/hw-sw-partition-metaheur/BatchExperiments/Ablation/diff_gnn_order_lssp_trace/squeeze_net_tosa/seed-42/run-20260412-143138/config/squeeze_net_tosa_seed-42_ablation.yaml,train,epoch,train,thresholded_partition,threshold,691,691.0,0,691,False,False,4584.681640625,1786.9672545881003,2292.072598128588,nan,nan,False,159,8240.436706199554,4831.909135635894,0.6890499999999999,0.7236,4618569.5,0.5057851076126099,nan,queue,queue,per_epoch_trace
squeeze_net_tosa,inputs/task_graph_topology/soda-benchmark-graphs/pytorch-graphs/squeeze_net_tosa.dot,/qfs/people/dass304/dass304/HWSWpartition/hw-sw-partition-metaheur/BatchExperiments/Ablation/diff_gnn_order_lssp_trace/squeeze_net_tosa/seed-42/run-20260412-143138/config/squeeze_net_tosa_seed-42_ablation.yaml,train,epoch,train,thresholded_partition,threshold,692,692.0,0,692,False,False,4790.48583984375,2379.705061602186,2397.6679522556374,nan,nan,False,158,8138.939137728712,4831.909135635894,0.6886,0.7232000000000001,4803395.0,0.5035338997840881,nan,queue,queue,per_epoch_trace
squeeze_net_tosa,inputs/task_graph_topology/soda-benchmark-graphs/pytorch-graphs/squeeze_net_tosa.dot,/qfs/people/dass304/dass304/HWSWpartition/hw-sw-partition-metaheur/BatchExperiments/Ablation/diff_gnn_order_lssp_trace/squeeze_net_tosa/seed-42/run-20260412-143138/config/squeeze_net_tosa_seed-42_ablation.yaml,train,epoch,train,thresholded_partition,threshold,693,693.0,0,693,False,False,4652.0283203125,2603.6548308090105,2603.6548308090105,nan,nan,False,155,8115.036415389764,4831.909135635894,0.68815,0.7228,4654393.5,0.5013980865478516,nan,queue,queue,per_epoch_trace
squeeze_net_tosa,inputs/task_graph_topology/soda-benchmark-graphs/pytorch-graphs/squeeze_net_tosa.dot,/qfs/people/dass304/dass304/HWSWpartition/hw-sw-partition-metaheur/BatchExperiments/Ablation/diff_gnn_order_lssp_trace/squeeze_net_tosa/seed-42/run-20260412-143138/config/squeeze_net_tosa_seed-42_ablation.yaml,train,epoch,train,thresholded_partition,threshold,694,694.0,0,694,False,False,4605.98486328125,2032.142521406413,2165.684016549011,nan,nan,False,159,8182.951924734762,4831.909135635894,0.6877,0.7223999999999999,4607594.0,0.5010938048362732,nan,queue,queue,per_epoch_trace
squeeze_net_tosa,inputs/task_graph_topology/soda-benchmark-graphs/pytorch-graphs/squeeze_net_tosa.dot,/qfs/people/dass304/dass304/HWSWpartition/hw-sw-partition-metaheur/BatchExperiments/Ablation/diff_gnn_order_lssp_trace/squeeze_net_tosa/seed-42/run-20260412-143138/config/squeeze_net_tosa_seed-42_ablation.yaml,train,epoch,train,thresholded_partition,threshold,695,695.0,0,695,False,False,4700.27978515625,2012.5468517416377,2204.661730717353,nan,nan,False,159,8204.537393084038,4831.909135635894,0.68725,0.722,4702812.0,0.5014554858207703,nan,queue,queue,per_epoch_trace
squeeze_net_tosa,inputs/task_graph_topology/soda-benchmark-graphs/pytorch-graphs/squeeze_net_tosa.dot,/qfs/people/dass304/dass304/HWSWpartition/hw-sw-partition-metaheur/BatchExperiments/Ablation/diff_gnn_order_lssp_trace/squeeze_net_tosa/seed-42/run-20260412-143138/config/squeeze_net_tosa_seed-42_ablation.yaml,train,epoch,train,thresholded_partition,threshold,696,696.0,0,696,False,False,4600.2978515625,1508.9639937185555,1597.564899412191,nan,nan,False,164,8504.86719809309,4831.909135635894,0.6868000000000001,0.7216,4617373.5,0.5040828585624695,nan,queue,queue,per_epoch_trace
squeeze_net_tosa,inputs/task_graph_topology/soda-benchmark-graphs/pytorch-graphs/squeeze_net_tosa.dot,/qfs/people/dass304/dass304/HWSWpartition/hw-sw-partition-metaheur/BatchExperiments/Ablation/diff_gnn_order_lssp_trace/squeeze_net_tosa/seed-42/run-20260412-143138/config/squeeze_net_tosa_seed-42_ablation.yaml,train,epoch,train,thresholded_partition,threshold,697,697.0,0,697,False,False,4652.36083984375,2005.4169672569665,2075.026362191891,nan,nan,False,159,8251.043525575398,4831.909135635894,0.68635,0.7212000000000001,4663221.0,0.4967701733112335,nan,queue,queue,per_epoch_trace
squeeze_net_tosa,inputs/task_graph_topology/soda-benchmark-graphs/pytorch-graphs/squeeze_net_tosa.dot,/qfs/people/dass304/dass304/HWSWpartition/hw-sw-partition-metaheur/BatchExperiments/Ablation/diff_gnn_order_lssp_trace/squeeze_net_tosa/seed-42/run-20260412-143138/config/squeeze_net_tosa_seed-42_ablation.yaml,train,epoch,train,thresholded_partition,threshold,698,698.0,0,698,False,False,4465.09716796875,2211.1539590144585,2211.1539590144585,nan,nan,False,160,8322.150217822415,4831.909135635894,0.6859,0.7208,4630955.5,0.5128622055053711,nan,queue,queue,per_epoch_trace
squeeze_net_tosa,inputs/task_graph_topology/soda-benchmark-graphs/pytorch-graphs/squeeze_net_tosa.dot,/qfs/people/dass304/dass304/HWSWpartition/hw-sw-partition-metaheur/BatchExperiments/Ablation/diff_gnn_order_lssp_trace/squeeze_net_tosa/seed-42/run-20260412-143138/config/squeeze_net_tosa_seed-42_ablation.yaml,train,epoch,train,thresholded_partition,threshold,699,699.0,0,699,False,False,4521.90673828125,1678.4682842846162,1861.5432497781733,nan,nan,False,163,8509.587453874567,4831.909135635894,0.68545,0.7203999999999999,4761941.0,0.5154799818992615,nan,queue,queue,per_epoch_trace
squeeze_net_tosa,inputs/task_graph_topology/soda-benchmark-graphs/pytorch-graphs/squeeze_net_tosa.dot,/qfs/people/dass304/dass304/HWSWpartition/hw-sw-partition-metaheur/BatchExperiments/Ablation/diff_gnn_order_lssp_trace/squeeze_net_tosa/seed-42/run-20260412-143138/config/squeeze_net_tosa_seed-42_ablation.yaml,train,epoch,train,thresholded_partition,threshold,700,700.0,0,700,False,False,4488.80859375,1422.1726440972438,1688.6583534487436,nan,nan,False,163,8438.41775668019,4831.909135635894,0.685,0.72,4522418.5,0.5057609677314758,nan,queue,queue,per_epoch_trace
squeeze_net_tosa,inputs/task_graph_topology/soda-benchmark-graphs/pytorch-graphs/squeeze_net_tosa.dot,/qfs/people/dass304/dass304/HWSWpartition/hw-sw-partition-metaheur/BatchExperiments/Ablation/diff_gnn_order_lssp_trace/squeeze_net_tosa/seed-42/run-20260412-143138/config/squeeze_net_tosa_seed-42_ablation.yaml,train,epoch,train,thresholded_partition,threshold,701,701.0,0,701,False,False,4355.6416015625,1527.13741789579,1992.6255662399717,nan,nan,False,161,8303.271314017285,4831.909135635894,0.68455,0.7196,5054014.5,0.5264189839363098,nan,queue,queue,per_epoch_trace
squeeze_net_tosa,inputs/task_graph_topology/soda-benchmark-graphs/pytorch-graphs/squeeze_net_tosa.dot,/qfs/people/dass304/dass304/HWSWpartition/hw-sw-partition-metaheur/BatchExperiments/Ablation/diff_gnn_order_lssp_trace/squeeze_net_tosa/seed-42/run-20260412-143138/config/squeeze_net_tosa_seed-42_ablation.yaml,train,epoch,train,thresholded_partition,threshold,702,702.0,0,702,False,False,4600.96826171875,1710.9460391960292,1710.9460391960297,nan,nan,False,162,8336.223347277659,4831.909135635894,0.6840999999999999,0.7192000000000001,4752571.0,0.512295663356781,nan,queue,queue,per_epoch_trace
squeeze_net_tosa,inputs/task_graph_topology/soda-benchmark-graphs/pytorch-graphs/squeeze_net_tosa.dot,/qfs/people/dass304/dass304/HWSWpartition/hw-sw-partition-metaheur/BatchExperiments/Ablation/diff_gnn_order_lssp_trace/squeeze_net_tosa/seed-42/run-20260412-143138/config/squeeze_net_tosa_seed-42_ablation.yaml,train,epoch,train,thresholded_partition,threshold,703,703.0,0,703,False,False,4706.12158203125,1612.6358269201164,1894.2417876338804,nan,nan,False,163,8425.18161457753,4831.909135635894,0.6836500000000001,0.7188,4718590.0,0.5034711956977844,nan,queue,queue,per_epoch_trace
squeeze_net_tosa,inputs/task_graph_topology/soda-benchmark-graphs/pytorch-graphs/squeeze_net_tosa.dot,/qfs/people/dass304/dass304/HWSWpartition/hw-sw-partition-metaheur/BatchExperiments/Ablation/diff_gnn_order_lssp_trace/squeeze_net_tosa/seed-42/run-20260412-143138/config/squeeze_net_tosa_seed-42_ablation.yaml,train,epoch,train,thresholded_partition,threshold,704,704.0,0,704,False,False,4452.95703125,1787.9157689051021,1839.6472118616903,nan,nan,False,162,8279.165094310594,4831.909135635894,0.6832,0.7183999999999999,4660396.0,0.5143880248069763,nan,queue,queue,per_epoch_trace
squeeze_net_tosa,inputs/task_graph_topology/soda-benchmark-graphs/pytorch-graphs/squeeze_net_tosa.dot,/qfs/people/dass304/dass304/HWSWpartition/hw-sw-partition-metaheur/BatchExperiments/Ablation/diff_gnn_order_lssp_trace/squeeze_net_tosa/seed-42/run-20260412-143138/config/squeeze_net_tosa_seed-42_ablation.yaml,train,epoch,train,thresholded_partition,threshold,705,705.0,0,705,False,False,4582.85009765625,1443.8661537218397,1591.120935623602,nan,nan,False,164,8491.849489030028,4831.909135635894,0.68275,0.718,4590248.5,0.5026416182518005,nan,queue,queue,per_epoch_trace
squeeze_net_tosa,inputs/task_graph_topology/soda-benchmark-graphs/pytorch-graphs/squeeze_net_tosa.dot,/qfs/people/dass304/dass304/HWSWpartition/hw-sw-partition-metaheur/BatchExperiments/Ablation/diff_gnn_order_lssp_trace/squeeze_net_tosa/seed-42/run-20260412-143138/config/squeeze_net_tosa_seed-42_ablation.yaml,train,epoch,train,thresholded_partition,threshold,706,706.0,0,706,False,False,4736.7080078125,2266.42371299087,2245.917046098392,nan,nan,False,159,8199.818850449634,4831.909135635894,0.6823,0.7176,4739839.5,0.5016465783119202,nan,queue,queue,per_epoch_trace
squeeze_net_tosa,inputs/task_graph_topology/soda-benchmark-graphs/pytorch-graphs/squeeze_net_tosa.dot,/qfs/people/dass304/dass304/HWSWpartition/hw-sw-partition-metaheur/BatchExperiments/Ablation/diff_gnn_order_lssp_trace/squeeze_net_tosa/seed-42/run-20260412-143138/config/squeeze_net_tosa_seed-42_ablation.yaml,train,epoch,train,thresholded_partition,threshold,707,707.0,0,707,False,False,4802.68798828125,1709.0557183864123,1957.8036462034718,nan,nan,False,162,8300.304003856521,4831.909135635894,0.6818500000000001,0.7172000000000001,4805127.0,0.4985780715942383,nan,queue,queue,per_epoch_trace
squeeze_net_tosa,inputs/task_graph_topology/soda-benchmark-graphs/pytorch-graphs/squeeze_net_tosa.dot,/qfs/people/dass304/dass304/HWSWpartition/hw-sw-partition-metaheur/BatchExperiments/Ablation/diff_gnn_order_lssp_trace/squeeze_net_tosa/seed-42/run-20260412-143138/config/squeeze_net_tosa_seed-42_ablation.yaml,train,epoch,train,thresholded_partition,threshold,708,708.0,0,708,False,False,4610.32763671875,1271.6945163335831,1476.3344745270774,nan,nan,False,164,8371.785935003807,4831.909135635894,0.6814,0.7168,4633915.5,0.4951865077018738,nan,queue,queue,per_epoch_trace
squeeze_net_tosa,inputs/task_graph_topology/soda-benchmark-graphs/pytorch-graphs/squeeze_net_tosa.dot,/qfs/people/dass304/dass304/HWSWpartition/hw-sw-partition-metaheur/BatchExperiments/Ablation/diff_gnn_order_lssp_trace/squeeze_net_tosa/seed-42/run-20260412-143138/config/squeeze_net_tosa_seed-42_ablation.yaml,train,epoch,train,thresholded_partition,threshold,709,709.0,0,709,False,False,4790.52880859375,1880.6815732880123,2316.1423794735974,nan,nan,False,162,8346.757806428679,4831.909135635894,0.6809499999999999,0.7163999999999999,4792417.0,0.4987906217575073,nan,queue,queue,per_epoch_trace
squeeze_net_tosa,inputs/task_graph_topology/soda-benchmark-graphs/pytorch-graphs/squeeze_net_tosa.dot,/qfs/people/dass304/dass304/HWSWpartition/hw-sw-partition-metaheur/BatchExperiments/Ablation/diff_gnn_order_lssp_trace/squeeze_net_tosa/seed-42/run-20260412-143138/config/squeeze_net_tosa_seed-42_ablation.yaml,train,epoch,train,thresholded_partition,threshold,710,710.0,0,710,False,False,4747.38232421875,1640.6831723342489,2050.0966021088566,nan,nan,False,160,8140.680600049657,4831.909135635894,0.6805,0.716,4753424.0,0.49762988090515137,nan,queue,queue,per_epoch_trace
squeeze_net_tosa,inputs/task_graph_topology/soda-benchmark-graphs/pytorch-graphs/squeeze_net_tosa.dot,/qfs/people/dass304/dass304/HWSWpartition/hw-sw-partition-metaheur/BatchExperiments/Ablation/diff_gnn_order_lssp_trace/squeeze_net_tosa/seed-42/run-20260412-143138/config/squeeze_net_tosa_seed-42_ablation.yaml,train,epoch,train,thresholded_partition,threshold,711,711.0,0,711,False,False,4555.9150390625,1827.844449211774,1715.8654242170371,nan,nan,False,163,8471.99458333316,4831.909135635894,0.68005,0.7156,4558638.5,0.5015171766281128,nan,queue,queue,per_epoch_trace
squeeze_net_tosa,inputs/task_graph_topology/soda-benchmark-graphs/pytorch-graphs/squeeze_net_tosa.dot,/qfs/people/dass304/dass304/HWSWpartition/hw-sw-partition-metaheur/BatchExperiments/Ablation/diff_gnn_order_lssp_trace/squeeze_net_tosa/seed-42/run-20260412-143138/config/squeeze_net_tosa_seed-42_ablation.yaml,train,epoch,train,thresholded_partition,threshold,712,712.0,0,712,False,False,4584.02294921875,2244.9388574050295,2475.8680544313247,nan,nan,False,160,8253.183481169319,4831.909135635894,0.6796,0.7152000000000001,4611933.5,0.5052427649497986,nan,queue,queue,per_epoch_trace
squeeze_net_tosa,inputs/task_graph_topology/soda-benchmark-graphs/pytorch-graphs/squeeze_net_tosa.dot,/qfs/people/dass304/dass304/HWSWpartition/hw-sw-partition-metaheur/BatchExperiments/Ablation/diff_gnn_order_lssp_trace/squeeze_net_tosa/seed-42/run-20260412-143138/config/squeeze_net_tosa_seed-42_ablation.yaml,train,epoch,train,thresholded_partition,threshold,713,713.0,0,713,False,False,4547.58544921875,2113.708080263273,2197.084785105319,nan,nan,False,159,8019.664803774048,4831.909135635894,0.67915,0.7148,4571293.0,0.4951758086681366,nan,queue,queue,per_epoch_trace
squeeze_net_tosa,inputs/task_graph_topology/soda-benchmark-graphs/pytorch-graphs/squeeze_net_tosa.dot,/qfs/people/dass304/dass304/HWSWpartition/hw-sw-partition-metaheur/BatchExperiments/Ablation/diff_gnn_order_lssp_trace/squeeze_net_tosa/seed-42/run-20260412-143138/config/squeeze_net_tosa_seed-42_ablation.yaml,train,epoch,train,thresholded_partition,threshold,714,714.0,0,714,False,False,4754.259765625,2482.7104312023457,2482.7104312023457,nan,nan,False,161,8257.553834449398,4831.909135635894,0.6787000000000001,0.7143999999999999,4784819.5,0.5054888129234314,nan,queue,queue,per_epoch_trace
squeeze_net_tosa,inputs/task_graph_topology/soda-benchmark-graphs/pytorch-graphs/squeeze_net_tosa.dot,/qfs/people/dass304/dass304/HWSWpartition/hw-sw-partition-metaheur/BatchExperiments/Ablation/diff_gnn_order_lssp_trace/squeeze_net_tosa/seed-42/run-20260412-143138/config/squeeze_net_tosa_seed-42_ablation.yaml,train,epoch,train,thresholded_partition,threshold,715,715.0,0,715,False,False,4612.39404296875,3017.86483092752,3104.1825776548426,nan,nan,False,154,7688.448847209128,4831.909135635894,0.67825,0.714,4616519.5,0.4980790615081787,nan,queue,queue,per_epoch_trace
squeeze_net_tosa,inputs/task_graph_topology/soda-benchmark-graphs/pytorch-graphs/squeeze_net_tosa.dot,/qfs/people/dass304/dass304/HWSWpartition/hw-sw-partition-metaheur/BatchExperiments/Ablation/diff_gnn_order_lssp_trace/squeeze_net_tosa/seed-42/run-20260412-143138/config/squeeze_net_tosa_seed-42_ablation.yaml,train,epoch,train,thresholded_partition,threshold,716,716.0,0,716,False,False,4800.02978515625,4070.8471473740956,4297.601909866569,nan,nan,False,149,7297.520568860653,4831.909135635894,0.6778,0.7136,4837337.0,0.49392807483673096,nan,queue,queue,per_epoch_trace
squeeze_net_tosa,inputs/task_graph_topology/soda-benchmark-graphs/pytorch-graphs/squeeze_net_tosa.dot,/qfs/people/dass304/dass304/HWSWpartition/hw-sw-partition-metaheur/BatchExperiments/Ablation/diff_gnn_order_lssp_trace/squeeze_net_tosa/seed-42/run-20260412-143138/config/squeeze_net_tosa_seed-42_ablation.yaml,train,epoch,train,thresholded_partition,threshold,717,717.0,0,717,False,False,4929.71826171875,3003.837636921208,3207.6009848843582,nan,nan,False,155,7707.524450569127,4831.909135635894,0.67735,0.7132000000000001,5074595.5,0.48798200488090515,nan,queue,queue,per_epoch_trace
squeeze_net_tosa,inputs/task_graph_topology/soda-benchmark-graphs/pytorch-graphs/squeeze_net_tosa.dot,/qfs/people/dass304/dass304/HWSWpartition/hw-sw-partition-metaheur/BatchExperiments/Ablation/diff_gnn_order_lssp_trace/squeeze_net_tosa/seed-42/run-20260412-143138/config/squeeze_net_tosa_seed-42_ablation.yaml,train,epoch,train,thresholded_partition,threshold,718,718.0,0,718,False,False,4698.14892578125,2694.009240254795,2694.009240254795,nan,nan,False,155,7799.104376720548,4831.909135635894,0.6769000000000001,0.7128,4733460.5,0.4940944314002991,nan,queue,queue,per_epoch_trace
squeeze_net_tosa,inputs/task_graph_topology/soda-benchmark-graphs/pytorch-graphs/squeeze_net_tosa.dot,/qfs/people/dass304/dass304/HWSWpartition/hw-sw-partition-metaheur/BatchExperiments/Ablation/diff_gnn_order_lssp_trace/squeeze_net_tosa/seed-42/run-20260412-143138/config/squeeze_net_tosa_seed-42_ablation.yaml,train,epoch,train,thresholded_partition,threshold,719,719.0,0,719,False,False,4749.705078125,1655.4912653253486,1765.973600923733,nan,nan,False,164,8511.067928002307,4831.909135635894,0.67645,0.7123999999999999,4751411.5,0.4988687038421631,nan,queue,queue,per_epoch_trace
squeeze_net_tosa,inputs/task_graph_topology/soda-benchmark-graphs/pytorch-graphs/squeeze_net_tosa.dot,/qfs/people/dass304/dass304/HWSWpartition/hw-sw-partition-metaheur/BatchExperiments/Ablation/diff_gnn_order_lssp_trace/squeeze_net_tosa/seed-42/run-20260412-143138/config/squeeze_net_tosa_seed-42_ablation.yaml,train,epoch,train,thresholded_partition,threshold,720,720.0,0,720,False,False,4516.65673828125,1339.2205096317766,1459.5108430386372,nan,nan,False,164,8498.27515288,4831.909135635894,0.6759999999999999,0.712,4523411.5,0.5025147795677185,nan,queue,queue,per_epoch_trace
squeeze_net_tosa,inputs/task_graph_topology/soda-benchmark-graphs/pytorch-graphs/squeeze_net_tosa.dot,/qfs/people/dass304/dass304/HWSWpartition/hw-sw-partition-metaheur/BatchExperiments/Ablation/diff_gnn_order_lssp_trace/squeeze_net_tosa/seed-42/run-20260412-143138/config/squeeze_net_tosa_seed-42_ablation.yaml,train,epoch,train,thresholded_partition,threshold,721,721.0,0,721,False,False,4680.60595703125,1944.9329872273147,2088.6239687182956,nan,nan,False,160,8206.192607685425,4831.909135635894,0.67555,0.7116,4681717.0,0.49917012453079224,nan,queue,queue,per_epoch_trace
squeeze_net_tosa,inputs/task_graph_topology/soda-benchmark-graphs/pytorch-graphs/squeeze_net_tosa.dot,/qfs/people/dass304/dass304/HWSWpartition/hw-sw-partition-metaheur/BatchExperiments/Ablation/diff_gnn_order_lssp_trace/squeeze_net_tosa/seed-42/run-20260412-143138/config/squeeze_net_tosa_seed-42_ablation.yaml,train,epoch,train,thresholded_partition,threshold,722,722.0,0,722,False,False,4641.44775390625,1937.508535866938,1937.5085358669385,nan,nan,False,162,8315.37490387578,4831.909135635894,0.6751,0.7112,4652116.0,0.49679890275001526,nan,queue,queue,per_epoch_trace
squeeze_net_tosa,inputs/task_graph_topology/soda-benchmark-graphs/pytorch-graphs/squeeze_net_tosa.dot,/qfs/people/dass304/dass304/HWSWpartition/hw-sw-partition-metaheur/BatchExperiments/Ablation/diff_gnn_order_lssp_trace/squeeze_net_tosa/seed-42/run-20260412-143138/config/squeeze_net_tosa_seed-42_ablation.yaml,train,epoch,train,thresholded_partition,threshold,723,723.0,0,723,False,False,4513.912109375,1882.500491814355,2221.649440367996,nan,nan,False,162,8314.348178727188,4831.909135635894,0.67465,0.7108,4563765.5,0.5070310831069946,nan,queue,queue,per_epoch_trace
squeeze_net_tosa,inputs/task_graph_topology/soda-benchmark-graphs/pytorch-graphs/squeeze_net_tosa.dot,/qfs/people/dass304/dass304/HWSWpartition/hw-sw-partition-metaheur/BatchExperiments/Ablation/diff_gnn_order_lssp_trace/squeeze_net_tosa/seed-42/run-20260412-143138/config/squeeze_net_tosa_seed-42_ablation.yaml,train,epoch,train,thresholded_partition,threshold,724,724.0,0,724,False,False,4406.125,1474.7177683532614,1512.0241941102076,nan,nan,False,166,8553.09864386709,4831.909135635894,0.6742,0.7103999999999999,4669478.5,0.5162153840065002,nan,queue,queue,per_epoch_trace
squeeze_net_tosa,inputs/task_graph_topology/soda-benchmark-graphs/pytorch-graphs/squeeze_net_tosa.dot,/qfs/people/dass304/dass304/HWSWpartition/hw-sw-partition-metaheur/BatchExperiments/Ablation/diff_gnn_order_lssp_trace/squeeze_net_tosa/seed-42/run-20260412-143138/config/squeeze_net_tosa_seed-42_ablation.yaml,train,epoch,train,thresholded_partition,threshold,725,725.0,0,725,False,False,4578.35498046875,1634.9792832578307,1807.7797866069643,nan,nan,False,161,8289.3813519873,4831.909135635894,0.6737500000000001,0.71,4810326.0,0.5152170062065125,nan,queue,queue,per_epoch_trace
squeeze_net_tosa,inputs/task_graph_topology/soda-benchmark-graphs/pytorch-graphs/squeeze_net_tosa.dot,/qfs/people/dass304/dass304/HWSWpartition/hw-sw-partition-metaheur/BatchExperiments/Ablation/diff_gnn_order_lssp_trace/squeeze_net_tosa/seed-42/run-20260412-143138/config/squeeze_net_tosa_seed-42_ablation.yaml,train,epoch,train,thresholded_partition,threshold,726,726.0,0,726,False,False,4544.009765625,1734.0310865255165,1705.8291755528903,nan,nan,False,162,8363.17421075894,4831.909135635894,0.6733,0.7096,4579544.5,0.5059268474578857,nan,queue,queue,per_epoch_trace
squeeze_net_tosa,inputs/task_graph_topology/soda-benchmark-graphs/pytorch-graphs/squeeze_net_tosa.dot,/qfs/people/dass304/dass304/HWSWpartition/hw-sw-partition-metaheur/BatchExperiments/Ablation/diff_gnn_order_lssp_trace/squeeze_net_tosa/seed-42/run-20260412-143138/config/squeeze_net_tosa_seed-42_ablation.yaml,train,epoch,train,thresholded_partition,threshold,727,727.0,0,727,False,False,4403.208984375,1674.400301955005,1745.2100177588682,nan,nan,False,162,8215.248291413804,4831.909135635894,0.67285,0.7092,4587250.5,0.5135506987571716,nan,queue,queue,per_epoch_trace
squeeze_net_tosa,inputs/task_graph_topology/soda-benchmark-graphs/pytorch-graphs/squeeze_net_tosa.dot,/qfs/people/dass304/dass304/HWSWpartition/hw-sw-partition-metaheur/BatchExperiments/Ablation/diff_gnn_order_lssp_trace/squeeze_net_tosa/seed-42/run-20260412-143138/config/squeeze_net_tosa_seed-42_ablation.yaml,train,epoch,train,thresholded_partition,threshold,728,728.0,0,728,False,False,4538.25341796875,2759.667743966336,3078.729844688671,nan,nan,False,155,7804.270353721476,4831.909135635894,0.6724,0.7088,4541094.0,0.4984477460384369,nan,queue,queue,per_epoch_trace
squeeze_net_tosa,inputs/task_graph_topology/soda-benchmark-graphs/pytorch-graphs/squeeze_net_tosa.dot,/qfs/people/dass304/dass304/HWSWpartition/hw-sw-partition-metaheur/BatchExperiments/Ablation/diff_gnn_order_lssp_trace/squeeze_net_tosa/seed-42/run-20260412-143138/config/squeeze_net_tosa_seed-42_ablation.yaml,train,epoch,train,thresholded_partition,threshold,729,729.0,0,729,False,False,4580.38427734375,2567.1825652488205,2788.5893047882846,nan,nan,False,156,8042.468865364424,4831.909135635894,0.67195,0.7083999999999999,4581277.5,0.4993131160736084,nan,queue,queue,per_epoch_trace
squeeze_net_tosa,inputs/task_graph_topology/soda-benchmark-graphs/pytorch-graphs/squeeze_net_tosa.dot,/qfs/people/dass304/dass304/HWSWpartition/hw-sw-partition-metaheur/BatchExperiments/Ablation/diff_gnn_order_lssp_trace/squeeze_net_tosa/seed-42/run-20260412-143138/config/squeeze_net_tosa_seed-42_ablation.yaml,train,epoch,train,thresholded_partition,threshold,730,730.0,0,730,False,False,4481.19677734375,2486.4142559287257,2525.8755950980412,nan,nan,False,158,7951.934184287915,4831.909135635894,0.6715,0.708,4844777.5,0.5190567374229431,nan,queue,queue,per_epoch_trace
squeeze_net_tosa,inputs/task_graph_topology/soda-benchmark-graphs/pytorch-graphs/squeeze_net_tosa.dot,/qfs/people/dass304/dass304/HWSWpartition/hw-sw-partition-metaheur/BatchExperiments/Ablation/diff_gnn_order_lssp_trace/squeeze_net_tosa/seed-42/run-20260412-143138/config/squeeze_net_tosa_seed-42_ablation.yaml,train,epoch,train,thresholded_partition,threshold,731,731.0,0,731,False,False,4533.123046875,2100.349331400332,2272.78480053044,nan,nan,False,158,8006.3847571872075,4831.909135635894,0.6710499999999999,0.7076,4578873.0,0.5067314505577087,nan,queue,queue,per_epoch_trace
squeeze_net_tosa,inputs/task_graph_topology/soda-benchmark-graphs/pytorch-graphs/squeeze_net_tosa.dot,/qfs/people/dass304/dass304/HWSWpartition/hw-sw-partition-metaheur/BatchExperiments/Ablation/diff_gnn_order_lssp_trace/squeeze_net_tosa/seed-42/run-20260412-143138/config/squeeze_net_tosa_seed-42_ablation.yaml,train,epoch,train,thresholded_partition,threshold,732,732.0,0,732,False,False,4422.50341796875,2470.1696810540916,2538.621472192175,nan,nan,False,156,7977.1096019834795,4831.909135635894,0.6706,0.7072,4559556.0,0.5116886496543884,nan,queue,queue,per_epoch_trace
squeeze_net_tosa,inputs/task_graph_topology/soda-benchmark-graphs/pytorch-graphs/squeeze_net_tosa.dot,/qfs/people/dass304/dass304/HWSWpartition/hw-sw-partition-metaheur/BatchExperiments/Ablation/diff_gnn_order_lssp_trace/squeeze_net_tosa/seed-42/run-20260412-143138/config/squeeze_net_tosa_seed-42_ablation.yaml,train,epoch,train,thresholded_partition,threshold,733,733.0,0,733,False,False,4404.71435546875,2842.5117087892827,2892.8538147386917,nan,nan,False,155,7891.469299332999,4831.909135635894,0.67015,0.7068,4585393.5,0.5134249329566956,nan,queue,queue,per_epoch_trace
squeeze_net_tosa,inputs/task_graph_topology/soda-benchmark-graphs/pytorch-graphs/squeeze_net_tosa.dot,/qfs/people/dass304/dass304/HWSWpartition/hw-sw-partition-metaheur/BatchExperiments/Ablation/diff_gnn_order_lssp_trace/squeeze_net_tosa/seed-42/run-20260412-143138/config/squeeze_net_tosa_seed-42_ablation.yaml,train,epoch,train,thresholded_partition,threshold,734,734.0,0,734,False,False,4664.3203125,2249.5179771957,2536.692324675461,nan,nan,False,158,7939.471623195453,4831.909135635894,0.6697,0.7063999999999999,4665052.0,0.5005349516868591,nan,queue,queue,per_epoch_trace
squeeze_net_tosa,inputs/task_graph_topology/soda-benchmark-graphs/pytorch-graphs/squeeze_net_tosa.dot,/qfs/people/dass304/dass304/HWSWpartition/hw-sw-partition-metaheur/BatchExperiments/Ablation/diff_gnn_order_lssp_trace/squeeze_net_tosa/seed-42/run-20260412-143138/config/squeeze_net_tosa_seed-42_ablation.yaml,train,epoch,train,thresholded_partition,threshold,735,735.0,0,735,False,False,4487.81494140625,1806.723761647186,1909.2463626342258,nan,nan,False,160,8071.036761385696,4831.909135635894,0.66925,0.706,4489719.5,0.5012152194976807,nan,queue,queue,per_epoch_trace
squeeze_net_tosa,inputs/task_graph_topology/soda-benchmark-graphs/pytorch-graphs/squeeze_net_tosa.dot,/qfs/people/dass304/dass304/HWSWpartition/hw-sw-partition-metaheur/BatchExperiments/Ablation/diff_gnn_order_lssp_trace/squeeze_net_tosa/seed-42/run-20260412-143138/config/squeeze_net_tosa_seed-42_ablation.yaml,train,epoch,train,thresholded_partition,threshold,736,736.0,0,736,False,False,4520.26513671875,2043.6739655447236,2591.743921710085,nan,nan,False,158,8015.516727217121,4831.909135635894,0.6688000000000001,0.7056,4556654.5,0.5059968829154968,nan,queue,queue,per_epoch_trace
squeeze_net_tosa,inputs/task_graph_topology/soda-benchmark-graphs/pytorch-graphs/squeeze_net_tosa.dot,/qfs/people/dass304/dass304/HWSWpartition/hw-sw-partition-metaheur/BatchExperiments/Ablation/diff_gnn_order_lssp_trace/squeeze_net_tosa/seed-42/run-20260412-143138/config/squeeze_net_tosa_seed-42_ablation.yaml,train,epoch,train,thresholded_partition,threshold,737,737.0,0,737,False,False,4548.78857421875,2174.8898995656527,2309.5202242777414,nan,nan,False,159,8116.387285947415,4831.909135635894,0.66835,0.7052,4715550.5,0.5128969550132751,nan,queue,queue,per_epoch_trace
squeeze_net_tosa,inputs/task_graph_topology/soda-benchmark-graphs/pytorch-graphs/squeeze_net_tosa.dot,/qfs/people/dass304/dass304/HWSWpartition/hw-sw-partition-metaheur/BatchExperiments/Ablation/diff_gnn_order_lssp_trace/squeeze_net_tosa/seed-42/run-20260412-143138/config/squeeze_net_tosa_seed-42_ablation.yaml,train,epoch,train,thresholded_partition,threshold,738,738.0,0,738,False,False,4842.0,2181.6016644678016,2557.8008710135978,nan,nan,False,160,8137.591153162199,4831.909135635894,0.6678999999999999,0.7048,4868789.5,0.4948670268058777,nan,queue,queue,per_epoch_trace
squeeze_net_tosa,inputs/task_graph_topology/soda-benchmark-graphs/pytorch-graphs/squeeze_net_tosa.dot,/qfs/people/dass304/dass304/HWSWpartition/hw-sw-partition-metaheur/BatchExperiments/Ablation/diff_gnn_order_lssp_trace/squeeze_net_tosa/seed-42/run-20260412-143138/config/squeeze_net_tosa_seed-42_ablation.yaml,train,epoch,train,thresholded_partition,threshold,739,739.0,0,739,False,False,4498.60302734375,2021.373072821557,2129.9907906936246,nan,nan,False,160,8260.13860647863,4831.909135635894,0.66745,0.7043999999999999,4541529.5,0.5065198540687561,nan,queue,queue,per_epoch_trace
squeeze_net_tosa,inputs/task_graph_topology/soda-benchmark-graphs/pytorch-graphs/squeeze_net_tosa.dot,/qfs/people/dass304/dass304/HWSWpartition/hw-sw-partition-metaheur/BatchExperiments/Ablation/diff_gnn_order_lssp_trace/squeeze_net_tosa/seed-42/run-20260412-143138/config/squeeze_net_tosa_seed-42_ablation.yaml,train,epoch,train,thresholded_partition,threshold,740,740.0,0,740,False,False,4478.3251953125,1488.5999511844884,1665.8889859200858,nan,nan,False,164,8436.615566528055,4831.909135635894,0.667,0.704,4516121.5,0.5061147212982178,nan,queue,queue,per_epoch_trace
squeeze_net_tosa,inputs/task_graph_topology/soda-benchmark-graphs/pytorch-graphs/squeeze_net_tosa.dot,/qfs/people/dass304/dass304/HWSWpartition/hw-sw-partition-metaheur/BatchExperiments/Ablation/diff_gnn_order_lssp_trace/squeeze_net_tosa/seed-42/run-20260412-143138/config/squeeze_net_tosa_seed-42_ablation.yaml,train,epoch,train,thresholded_partition,threshold,741,741.0,0,741,False,False,4650.9541015625,2018.4943883051346,2171.9064756298994,nan,nan,False,160,8209.894003334257,4831.909135635894,0.66655,0.7036,4651546.5,0.49959495663642883,nan,queue,queue,per_epoch_trace
squeeze_net_tosa,inputs/task_graph_topology/soda-benchmark-graphs/pytorch-graphs/squeeze_net_tosa.dot,/qfs/people/dass304/dass304/HWSWpartition/hw-sw-partition-metaheur/BatchExperiments/Ablation/diff_gnn_order_lssp_trace/squeeze_net_tosa/seed-42/run-20260412-143138/config/squeeze_net_tosa_seed-42_ablation.yaml,train,epoch,train,thresholded_partition,threshold,742,742.0,0,742,False,False,4505.279296875,1573.3772510487697,1633.7329012812847,nan,nan,False,163,8402.038996618247,4831.909135635894,0.6660999999999999,0.7032,4523606.5,0.5042319297790527,nan,queue,queue,per_epoch_trace
squeeze_net_tosa,inputs/task_graph_topology/soda-benchmark-graphs/pytorch-graphs/squeeze_net_tosa.dot,/qfs/people/dass304/dass304/HWSWpartition/hw-sw-partition-metaheur/BatchExperiments/Ablation/diff_gnn_order_lssp_trace/squeeze_net_tosa/seed-42/run-20260412-143138/config/squeeze_net_tosa_seed-42_ablation.yaml,train,epoch,train,thresholded_partition,threshold,743,743.0,0,743,False,False,4535.47216796875,1789.5614129584096,2133.4561684386094,nan,nan,False,161,8263.617536497257,4831.909135635894,0.6656500000000001,0.7028,4632633.5,0.509835422039032,nan,queue,queue,per_epoch_trace
squeeze_net_tosa,inputs/task_graph_topology/soda-benchmark-graphs/pytorch-graphs/squeeze_net_tosa.dot,/qfs/people/dass304/dass304/HWSWpartition/hw-sw-partition-metaheur/BatchExperiments/Ablation/diff_gnn_order_lssp_trace/squeeze_net_tosa/seed-42/run-20260412-143138/config/squeeze_net_tosa_seed-42_ablation.yaml,train,epoch,train,thresholded_partition,threshold,744,744.0,0,744,False,False,4577.892578125,2172.711666853567,2193.476698175443,nan,nan,False,159,8055.80650678024,4831.909135635894,0.6652,0.7023999999999999,4589889.0,0.4965997338294983,nan,queue,queue,per_epoch_trace
squeeze_net_tosa,inputs/task_graph_topology/soda-benchmark-graphs/pytorch-graphs/squeeze_net_tosa.dot,/qfs/people/dass304/dass304/HWSWpartition/hw-sw-partition-metaheur/BatchExperiments/Ablation/diff_gnn_order_lssp_trace/squeeze_net_tosa/seed-42/run-20260412-143138/config/squeeze_net_tosa_seed-42_ablation.yaml,train,epoch,train,thresholded_partition,threshold,745,745.0,0,745,False,False,4608.92333984375,2152.622107146364,2441.724791628202,nan,nan,False,157,8056.36070042164,4831.909135635894,0.66475,0.702,4609486.5,0.4996395409107208,nan,queue,queue,per_epoch_trace
squeeze_net_tosa,inputs/task_graph_topology/soda-benchmark-graphs/pytorch-graphs/squeeze_net_tosa.dot,/qfs/people/dass304/dass304/HWSWpartition/hw-sw-partition-metaheur/BatchExperiments/Ablation/diff_gnn_order_lssp_trace/squeeze_net_tosa/seed-42/run-20260412-143138/config/squeeze_net_tosa_seed-42_ablation.yaml,train,epoch,train,thresholded_partition,threshold,746,746.0,0,746,False,False,4629.33349609375,2516.776052177933,2558.5019382217997,nan,nan,False,157,7957.9020217938805,4831.909135635894,0.6643,0.7016,4661675.5,0.49435073137283325,nan,queue,queue,per_epoch_trace
squeeze_net_tosa,inputs/task_graph_topology/soda-benchmark-graphs/pytorch-graphs/squeeze_net_tosa.dot,/qfs/people/dass304/dass304/HWSWpartition/hw-sw-partition-metaheur/BatchExperiments/Ablation/diff_gnn_order_lssp_trace/squeeze_net_tosa/seed-42/run-20260412-143138/config/squeeze_net_tosa_seed-42_ablation.yaml,train,epoch,train,thresholded_partition,threshold,747,747.0,0,747,False,False,4492.03857421875,2826.435000950545,3074.0496778780252,nan,nan,False,155,7962.767799512311,4831.909135635894,0.66385,0.7012,4508638.0,0.4959801733493805,nan,queue,queue,per_epoch_trace
squeeze_net_tosa,inputs/task_graph_topology/soda-benchmark-graphs/pytorch-graphs/squeeze_net_tosa.dot,/qfs/people/dass304/dass304/HWSWpartition/hw-sw-partition-metaheur/BatchExperiments/Ablation/diff_gnn_order_lssp_trace/squeeze_net_tosa/seed-42/run-20260412-143138/config/squeeze_net_tosa_seed-42_ablation.yaml,train,epoch,train,thresholded_partition,threshold,748,748.0,0,748,False,False,4517.337890625,2864.4715931385504,3175.0820835974087,nan,nan,False,154,7651.624959505753,4831.909135635894,0.6634,0.7008,4521542.5,0.5019406080245972,nan,queue,queue,per_epoch_trace
squeeze_net_tosa,inputs/task_graph_topology/soda-benchmark-graphs/pytorch-graphs/squeeze_net_tosa.dot,/qfs/people/dass304/dass304/HWSWpartition/hw-sw-partition-metaheur/BatchExperiments/Ablation/diff_gnn_order_lssp_trace/squeeze_net_tosa/seed-42/run-20260412-143138/config/squeeze_net_tosa_seed-42_ablation.yaml,train,epoch,train,thresholded_partition,threshold,749,749.0,0,749,False,False,4560.10400390625,2731.614976310256,2757.7302342431426,nan,nan,False,157,7858.704006035999,4831.909135635894,0.6629499999999999,0.7003999999999999,4672519.5,0.5105820298194885,nan,queue,queue,per_epoch_trace
squeeze_net_tosa,inputs/task_graph_topology/soda-benchmark-graphs/pytorch-graphs/squeeze_net_tosa.dot,/qfs/people/dass304/dass304/HWSWpartition/hw-sw-partition-metaheur/BatchExperiments/Ablation/diff_gnn_order_lssp_trace/squeeze_net_tosa/seed-42/run-20260412-143138/config/squeeze_net_tosa_seed-42_ablation.yaml,train,epoch,train,thresholded_partition,threshold,750,750.0,0,750,False,False,4577.56884765625,3451.392575189469,3543.45695706588,nan,nan,False,152,7512.855099233617,4831.909135635894,0.6625,0.7,4587494.0,0.4969198405742645,nan,queue,queue,per_epoch_trace
squeeze_net_tosa,inputs/task_graph_topology/soda-benchmark-graphs/pytorch-graphs/squeeze_net_tosa.dot,/qfs/people/dass304/dass304/HWSWpartition/hw-sw-partition-metaheur/BatchExperiments/Ablation/diff_gnn_order_lssp_trace/squeeze_net_tosa/seed-42/run-20260412-143138/config/squeeze_net_tosa_seed-42_ablation.yaml,train,epoch,train,thresholded_partition,threshold,751,751.0,0,751,False,False,4612.69921875,3140.453656492062,3272.168523344737,nan,nan,False,154,7736.669496429326,4831.909135635894,0.66205,0.6996,4649552.5,0.5060341954231262,nan,queue,queue,per_epoch_trace
squeeze_net_tosa,inputs/task_graph_topology/soda-benchmark-graphs/pytorch-graphs/squeeze_net_tosa.dot,/qfs/people/dass304/dass304/HWSWpartition/hw-sw-partition-metaheur/BatchExperiments/Ablation/diff_gnn_order_lssp_trace/squeeze_net_tosa/seed-42/run-20260412-143138/config/squeeze_net_tosa_seed-42_ablation.yaml,train,epoch,train,thresholded_partition,threshold,752,752.0,0,752,False,False,4472.0556640625,2380.8952618495114,2428.0413871431765,nan,nan,False,157,8020.687203069002,4831.909135635894,0.6616,0.6992,4519404.5,0.5068497657775879,nan,queue,queue,per_epoch_trace
squeeze_net_tosa,inputs/task_graph_topology/soda-benchmark-graphs/pytorch-graphs/squeeze_net_tosa.dot,/qfs/people/dass304/dass304/HWSWpartition/hw-sw-partition-metaheur/BatchExperiments/Ablation/diff_gnn_order_lssp_trace/squeeze_net_tosa/seed-42/run-20260412-143138/config/squeeze_net_tosa_seed-42_ablation.yaml,train,epoch,train,thresholded_partition,threshold,753,753.0,0,753,False,False,4373.16650390625,2295.962866549317,2372.635184234104,nan,nan,False,158,8035.824531391248,4831.909135635894,0.66115,0.6988,4408290.5,0.5058891773223877,nan,queue,queue,per_epoch_trace
squeeze_net_tosa,inputs/task_graph_topology/soda-benchmark-graphs/pytorch-graphs/squeeze_net_tosa.dot,/qfs/people/dass304/dass304/HWSWpartition/hw-sw-partition-metaheur/BatchExperiments/Ablation/diff_gnn_order_lssp_trace/squeeze_net_tosa/seed-42/run-20260412-143138/config/squeeze_net_tosa_seed-42_ablation.yaml,train,epoch,train,thresholded_partition,threshold,754,754.0,0,754,False,False,4443.28515625,2052.797183521609,2394.784550258122,nan,nan,False,158,8063.834776205507,4831.909135635894,0.6607000000000001,0.6983999999999999,4444469.5,0.5008700489997864,nan,queue,queue,per_epoch_trace
squeeze_net_tosa,inputs/task_graph_topology/soda-benchmark-graphs/pytorch-graphs/squeeze_net_tosa.dot,/qfs/people/dass304/dass304/HWSWpartition/hw-sw-partition-metaheur/BatchExperiments/Ablation/diff_gnn_order_lssp_trace/squeeze_net_tosa/seed-42/run-20260412-143138/config/squeeze_net_tosa_seed-42_ablation.yaml,train,epoch,train,thresholded_partition,threshold,755,755.0,0,755,False,False,4409.453125,2627.3363745738047,2642.119882971664,nan,nan,False,155,7829.067968800669,4831.909135635894,0.66025,0.698,4490425.0,0.5089741349220276,nan,queue,queue,per_epoch_trace
squeeze_net_tosa,inputs/task_graph_topology/soda-benchmark-graphs/pytorch-graphs/squeeze_net_tosa.dot,/qfs/people/dass304/dass304/HWSWpartition/hw-sw-partition-metaheur/BatchExperiments/Ablation/diff_gnn_order_lssp_trace/squeeze_net_tosa/seed-42/run-20260412-143138/config/squeeze_net_tosa_seed-42_ablation.yaml,train,epoch,train,thresholded_partition,threshold,756,756.0,0,756,False,False,4542.70361328125,2150.276622113027,2421.464244708102,nan,nan,False,154,7681.377171788457,4831.909135635894,0.6597999999999999,0.6976,4615692.5,0.5085178017616272,nan,queue,queue,per_epoch_trace
squeeze_net_tosa,inputs/task_graph_topology/soda-benchmark-graphs/pytorch-graphs/squeeze_net_tosa.dot,/qfs/people/dass304/dass304/HWSWpartition/hw-sw-partition-metaheur/BatchExperiments/Ablation/diff_gnn_order_lssp_trace/squeeze_net_tosa/seed-42/run-20260412-143138/config/squeeze_net_tosa_seed-42_ablation.yaml,train,epoch,train,thresholded_partition,threshold,757,757.0,0,757,False,False,4395.44091796875,2680.9565248733907,2856.0204459548713,nan,nan,False,156,7893.077538267546,4831.909135635894,0.65935,0.6972,4531311.0,0.5116379857063293,nan,queue,queue,per_epoch_trace
squeeze_net_tosa,inputs/task_graph_topology/soda-benchmark-graphs/pytorch-graphs/squeeze_net_tosa.dot,/qfs/people/dass304/dass304/HWSWpartition/hw-sw-partition-metaheur/BatchExperiments/Ablation/diff_gnn_order_lssp_trace/squeeze_net_tosa/seed-42/run-20260412-143138/config/squeeze_net_tosa_seed-42_ablation.yaml,train,epoch,train,thresholded_partition,threshold,758,758.0,0,758,False,False,4298.10888671875,2504.02050265572,2624.9591249640125,nan,nan,False,155,7793.146731424599,4831.909135635894,0.6589,0.6968,4326222.0,0.5052595138549805,nan,queue,queue,per_epoch_trace
squeeze_net_tosa,inputs/task_graph_topology/soda-benchmark-graphs/pytorch-graphs/squeeze_net_tosa.dot,/qfs/people/dass304/dass304/HWSWpartition/hw-sw-partition-metaheur/BatchExperiments/Ablation/diff_gnn_order_lssp_trace/squeeze_net_tosa/seed-42/run-20260412-143138/config/squeeze_net_tosa_seed-42_ablation.yaml,train,epoch,train,thresholded_partition,threshold,759,759.0,0,759,False,False,4499.19677734375,2681.3354979662704,2906.4831651537875,nan,nan,False,153,7736.331416737267,4831.909135635894,0.65845,0.6963999999999999,4661121.0,0.5127078890800476,nan,queue,queue,per_epoch_trace
squeeze_net_tosa,inputs/task_graph_topology/soda-benchmark-graphs/pytorch-graphs/squeeze_net_tosa.dot,/qfs/people/dass304/dass304/HWSWpartition/hw-sw-partition-metaheur/BatchExperiments/Ablation/diff_gnn_order_lssp_trace/squeeze_net_tosa/seed-42/run-20260412-143138/config/squeeze_net_tosa_seed-42_ablation.yaml,train,epoch,train,thresholded_partition,threshold,760,760.0,0,760,False,False,4400.37060546875,2375.1942290852908,2691.5401685029233,nan,nan,False,155,7767.952046051218,4831.909135635894,0.6579999999999999,0.696,4423806.5,0.5047962665557861,nan,queue,queue,per_epoch_trace
squeeze_net_tosa,inputs/task_graph_topology/soda-benchmark-graphs/pytorch-graphs/squeeze_net_tosa.dot,/qfs/people/dass304/dass304/HWSWpartition/hw-sw-partition-metaheur/BatchExperiments/Ablation/diff_gnn_order_lssp_trace/squeeze_net_tosa/seed-42/run-20260412-143138/config/squeeze_net_tosa_seed-42_ablation.yaml,train,epoch,train,thresholded_partition,threshold,761,761.0,0,761,False,False,4567.56103515625,2823.112764587206,3186.4242068245153,nan,nan,False,155,7815.985621477563,4831.909135635894,0.65755,0.6956,4570707.5,0.4983564615249634,nan,queue,queue,per_epoch_trace
squeeze_net_tosa,inputs/task_graph_topology/soda-benchmark-graphs/pytorch-graphs/squeeze_net_tosa.dot,/qfs/people/dass304/dass304/HWSWpartition/hw-sw-partition-metaheur/BatchExperiments/Ablation/diff_gnn_order_lssp_trace/squeeze_net_tosa/seed-42/run-20260412-143138/config/squeeze_net_tosa_seed-42_ablation.yaml,train,epoch,train,thresholded_partition,threshold,762,762.0,0,762,False,False,4458.01171875,2108.076362700598,2597.5243143047105,nan,nan,False,158,7991.395275088702,4831.909135635894,0.6571,0.6952,4793253.5,0.5182977318763733,nan,queue,queue,per_epoch_trace
squeeze_net_tosa,inputs/task_graph_topology/soda-benchmark-graphs/pytorch-graphs/squeeze_net_tosa.dot,/qfs/people/dass304/dass304/HWSWpartition/hw-sw-partition-metaheur/BatchExperiments/Ablation/diff_gnn_order_lssp_trace/squeeze_net_tosa/seed-42/run-20260412-143138/config/squeeze_net_tosa_seed-42_ablation.yaml,train,epoch,train,thresholded_partition,threshold,763,763.0,0,763,False,False,4505.79248046875,3059.4801645044604,3068.9183245170248,nan,nan,False,153,7644.865989418849,4831.909135635894,0.65665,0.6948,4513370.0,0.49733126163482666,nan,queue,queue,per_epoch_trace
squeeze_net_tosa,inputs/task_graph_topology/soda-benchmark-graphs/pytorch-graphs/squeeze_net_tosa.dot,/qfs/people/dass304/dass304/HWSWpartition/hw-sw-partition-metaheur/BatchExperiments/Ablation/diff_gnn_order_lssp_trace/squeeze_net_tosa/seed-42/run-20260412-143138/config/squeeze_net_tosa_seed-42_ablation.yaml,train,epoch,train,thresholded_partition,threshold,764,764.0,0,764,False,False,4457.89794921875,2596.693932836383,2674.2240081242603,nan,nan,False,154,7733.884511057178,4831.909135635894,0.6562,0.6943999999999999,4464480.5,0.5024803876876831,nan,queue,queue,per_epoch_trace
squeeze_net_tosa,inputs/task_graph_topology/soda-benchmark-graphs/pytorch-graphs/squeeze_net_tosa.dot,/qfs/people/dass304/dass304/HWSWpartition/hw-sw-partition-metaheur/BatchExperiments/Ablation/diff_gnn_order_lssp_trace/squeeze_net_tosa/seed-42/run-20260412-143138/config/squeeze_net_tosa_seed-42_ablation.yaml,train,epoch,train,thresholded_partition,threshold,765,765.0,0,765,False,False,4501.14404296875,2562.069602335806,2841.6925908633493,nan,nan,False,155,7877.498638600321,4831.909135635894,0.65575,0.694,4645067.5,0.511978268623352,nan,queue,queue,per_epoch_trace
squeeze_net_tosa,inputs/task_graph_topology/soda-benchmark-graphs/pytorch-graphs/squeeze_net_tosa.dot,/qfs/people/dass304/dass304/HWSWpartition/hw-sw-partition-metaheur/BatchExperiments/Ablation/diff_gnn_order_lssp_trace/squeeze_net_tosa/seed-42/run-20260412-143138/config/squeeze_net_tosa_seed-42_ablation.yaml,train,epoch,train,thresholded_partition,threshold,766,766.0,0,766,False,False,4443.48779296875,2369.3710924089687,2557.190132097281,nan,nan,False,158,8107.28737393163,4831.909135635894,0.6553,0.6936,4735815.0,0.517085075378418,nan,queue,queue,per_epoch_trace
squeeze_net_tosa,inputs/task_graph_topology/soda-benchmark-graphs/pytorch-graphs/squeeze_net_tosa.dot,/qfs/people/dass304/dass304/HWSWpartition/hw-sw-partition-metaheur/BatchExperiments/Ablation/diff_gnn_order_lssp_trace/squeeze_net_tosa/seed-42/run-20260412-143138/config/squeeze_net_tosa_seed-42_ablation.yaml,train,epoch,train,thresholded_partition,threshold,767,767.0,0,767,False,False,4450.68896484375,2108.470484075091,2331.022086471552,nan,nan,False,159,8140.830990221266,4831.909135635894,0.6548499999999999,0.6932,4551554.0,0.5100219249725342,nan,queue,queue,per_epoch_trace
squeeze_net_tosa,inputs/task_graph_topology/soda-benchmark-graphs/pytorch-graphs/squeeze_net_tosa.dot,/qfs/people/dass304/dass304/HWSWpartition/hw-sw-partition-metaheur/BatchExperiments/Ablation/diff_gnn_order_lssp_trace/squeeze_net_tosa/seed-42/run-20260412-143138/config/squeeze_net_tosa_seed-42_ablation.yaml,train,epoch,train,thresholded_partition,threshold,768,768.0,0,768,False,False,4474.26904296875,1327.686797687532,1495.2143978048684,nan,nan,False,164,8410.582874470982,4831.909135635894,0.6544,0.6928,4488665.0,0.5037376284599304,nan,queue,queue,per_epoch_trace
squeeze_net_tosa,inputs/task_graph_topology/soda-benchmark-graphs/pytorch-graphs/squeeze_net_tosa.dot,/qfs/people/dass304/dass304/HWSWpartition/hw-sw-partition-metaheur/BatchExperiments/Ablation/diff_gnn_order_lssp_trace/squeeze_net_tosa/seed-42/run-20260412-143138/config/squeeze_net_tosa_seed-42_ablation.yaml,train,epoch,train,thresholded_partition,threshold,769,769.0,0,769,False,False,4550.2978515625,2018.2693389515398,2074.7451299460677,nan,nan,False,160,8065.482281769527,4831.909135635894,0.65395,0.6923999999999999,4566095.5,0.4960800111293793,nan,queue,queue,per_epoch_trace
squeeze_net_tosa,inputs/task_graph_topology/soda-benchmark-graphs/pytorch-graphs/squeeze_net_tosa.dot,/qfs/people/dass304/dass304/HWSWpartition/hw-sw-partition-metaheur/BatchExperiments/Ablation/diff_gnn_order_lssp_trace/squeeze_net_tosa/seed-42/run-20260412-143138/config/squeeze_net_tosa_seed-42_ablation.yaml,train,epoch,train,thresholded_partition,threshold,770,770.0,0,770,False,False,4559.3984375,2155.8372247409097,2260.0639719076216,nan,nan,False,159,8109.72178195515,4831.909135635894,0.6535,0.692,4582646.5,0.4952247440814972,nan,queue,queue,per_epoch_trace
squeeze_net_tosa,inputs/task_graph_topology/soda-benchmark-graphs/pytorch-graphs/squeeze_net_tosa.dot,/qfs/people/dass304/dass304/HWSWpartition/hw-sw-partition-metaheur/BatchExperiments/Ablation/diff_gnn_order_lssp_trace/squeeze_net_tosa/seed-42/run-20260412-143138/config/squeeze_net_tosa_seed-42_ablation.yaml,train,epoch,train,thresholded_partition,threshold,771,771.0,0,771,False,False,4496.744140625,2000.2106256874276,2301.6720851474297,nan,nan,False,161,8266.871340985133,4831.909135635894,0.6530499999999999,0.6916,4574956.5,0.5088200569152832,nan,queue,queue,per_epoch_trace
squeeze_net_tosa,inputs/task_graph_topology/soda-benchmark-graphs/pytorch-graphs/squeeze_net_tosa.dot,/qfs/people/dass304/dass304/HWSWpartition/hw-sw-partition-metaheur/BatchExperiments/Ablation/diff_gnn_order_lssp_trace/squeeze_net_tosa/seed-42/run-20260412-143138/config/squeeze_net_tosa_seed-42_ablation.yaml,train,epoch,train,thresholded_partition,threshold,772,772.0,0,772,False,False,4631.388671875,2268.1866437579633,2591.96862392721,nan,nan,False,158,8108.469230441186,4831.909135635894,0.6526,0.6912,4644666.5,0.49641475081443787,nan,queue,queue,per_epoch_trace
squeeze_net_tosa,inputs/task_graph_topology/soda-benchmark-graphs/pytorch-graphs/squeeze_net_tosa.dot,/qfs/people/dass304/dass304/HWSWpartition/hw-sw-partition-metaheur/BatchExperiments/Ablation/diff_gnn_order_lssp_trace/squeeze_net_tosa/seed-42/run-20260412-143138/config/squeeze_net_tosa_seed-42_ablation.yaml,train,epoch,train,thresholded_partition,threshold,773,773.0,0,773,False,False,4498.65771484375,2519.0591722636277,2784.0695967495394,nan,nan,False,157,7999.506284577458,4831.909135635894,0.65215,0.6908,4503240.0,0.5020343065261841,nan,queue,queue,per_epoch_trace
squeeze_net_tosa,inputs/task_graph_topology/soda-benchmark-graphs/pytorch-graphs/squeeze_net_tosa.dot,/qfs/people/dass304/dass304/HWSWpartition/hw-sw-partition-metaheur/BatchExperiments/Ablation/diff_gnn_order_lssp_trace/squeeze_net_tosa/seed-42/run-20260412-143138/config/squeeze_net_tosa_seed-42_ablation.yaml,train,epoch,train,thresholded_partition,threshold,774,774.0,0,774,False,False,4665.72021484375,2744.466385422657,2774.325668041467,nan,nan,False,155,7716.031629227676,4831.909135635894,0.6517,0.6903999999999999,4754360.0,0.49060797691345215,nan,queue,queue,per_epoch_trace
squeeze_net_tosa,inputs/task_graph_topology/soda-benchmark-graphs/pytorch-graphs/squeeze_net_tosa.dot,/qfs/people/dass304/dass304/HWSWpartition/hw-sw-partition-metaheur/BatchExperiments/Ablation/diff_gnn_order_lssp_trace/squeeze_net_tosa/seed-42/run-20260412-143138/config/squeeze_net_tosa_seed-42_ablation.yaml,train,epoch,train,thresholded_partition,threshold,775,775.0,0,775,False,False,4510.85693359375,2388.212258387536,2615.762129221723,nan,nan,False,158,8079.1836232820415,4831.909135635894,0.65125,0.69,4583491.5,0.5084977746009827,nan,queue,queue,per_epoch_trace
squeeze_net_tosa,inputs/task_graph_topology/soda-benchmark-graphs/pytorch-graphs/squeeze_net_tosa.dot,/qfs/people/dass304/dass304/HWSWpartition/hw-sw-partition-metaheur/BatchExperiments/Ablation/diff_gnn_order_lssp_trace/squeeze_net_tosa/seed-42/run-20260412-143138/config/squeeze_net_tosa_seed-42_ablation.yaml,train,epoch,train,thresholded_partition,threshold,776,776.0,0,776,False,False,4574.162109375,2309.8971203668707,2377.6015396996327,nan,nan,False,158,8144.179323421617,4831.909135635894,0.6508,0.6896,4574621.5,0.5001792311668396,nan,queue,queue,per_epoch_trace
squeeze_net_tosa,inputs/task_graph_topology/soda-benchmark-graphs/pytorch-graphs/squeeze_net_tosa.dot,/qfs/people/dass304/dass304/HWSWpartition/hw-sw-partition-metaheur/BatchExperiments/Ablation/diff_gnn_order_lssp_trace/squeeze_net_tosa/seed-42/run-20260412-143138/config/squeeze_net_tosa_seed-42_ablation.yaml,train,epoch,train,thresholded_partition,threshold,777,777.0,0,777,False,False,4352.15185546875,2704.937463862641,3078.063872785688,nan,nan,False,153,7729.28649783757,4831.909135635894,0.65035,0.6892,4459852.5,0.5103569626808167,nan,queue,queue,per_epoch_trace
squeeze_net_tosa,inputs/task_graph_topology/soda-benchmark-graphs/pytorch-graphs/squeeze_net_tosa.dot,/qfs/people/dass304/dass304/HWSWpartition/hw-sw-partition-metaheur/BatchExperiments/Ablation/diff_gnn_order_lssp_trace/squeeze_net_tosa/seed-42/run-20260412-143138/config/squeeze_net_tosa_seed-42_ablation.yaml,train,epoch,train,thresholded_partition,threshold,778,778.0,0,778,False,False,4729.578125,2733.3681995541715,3056.082136713341,nan,nan,False,154,7703.465827975305,4831.909135635894,0.6498999999999999,0.6888,4747548.5,0.49581378698349,nan,queue,queue,per_epoch_trace
squeeze_net_tosa,inputs/task_graph_topology/soda-benchmark-graphs/pytorch-graphs/squeeze_net_tosa.dot,/qfs/people/dass304/dass304/HWSWpartition/hw-sw-partition-metaheur/BatchExperiments/Ablation/diff_gnn_order_lssp_trace/squeeze_net_tosa/seed-42/run-20260412-143138/config/squeeze_net_tosa_seed-42_ablation.yaml,train,epoch,train,thresholded_partition,threshold,779,779.0,0,779,False,False,4451.62548828125,2553.869537752626,2853.593022513141,nan,nan,False,154,7814.215245362016,4831.909135635894,0.64945,0.6883999999999999,4463460.5,0.4966256618499756,nan,queue,queue,per_epoch_trace
squeeze_net_tosa,inputs/task_graph_topology/soda-benchmark-graphs/pytorch-graphs/squeeze_net_tosa.dot,/qfs/people/dass304/dass304/HWSWpartition/hw-sw-partition-metaheur/BatchExperiments/Ablation/diff_gnn_order_lssp_trace/squeeze_net_tosa/seed-42/run-20260412-143138/config/squeeze_net_tosa_seed-42_ablation.yaml,train,epoch,train,thresholded_partition,threshold,780,780.0,0,780,False,False,4583.6767578125,2404.8814730328427,2561.021590687387,nan,nan,False,158,8022.722591568002,4831.909135635894,0.649,0.688,4648222.0,0.5080069899559021,nan,queue,queue,per_epoch_trace
squeeze_net_tosa,inputs/task_graph_topology/soda-benchmark-graphs/pytorch-graphs/squeeze_net_tosa.dot,/qfs/people/dass304/dass304/HWSWpartition/hw-sw-partition-metaheur/BatchExperiments/Ablation/diff_gnn_order_lssp_trace/squeeze_net_tosa/seed-42/run-20260412-143138/config/squeeze_net_tosa_seed-42_ablation.yaml,train,epoch,train,thresholded_partition,threshold,781,781.0,0,781,False,False,4485.228515625,2695.234130464694,2889.110064524081,nan,nan,False,155,7882.867565866265,4831.909135635894,0.64855,0.6876,4498236.0,0.5035452246665955,nan,queue,queue,per_epoch_trace
squeeze_net_tosa,inputs/task_graph_topology/soda-benchmark-graphs/pytorch-graphs/squeeze_net_tosa.dot,/qfs/people/dass304/dass304/HWSWpartition/hw-sw-partition-metaheur/BatchExperiments/Ablation/diff_gnn_order_lssp_trace/squeeze_net_tosa/seed-42/run-20260412-143138/config/squeeze_net_tosa_seed-42_ablation.yaml,train,epoch,train,thresholded_partition,threshold,782,782.0,0,782,False,False,4446.6845703125,2579.8882774689787,2660.432965093034,nan,nan,False,154,7752.77032001512,4831.909135635894,0.6480999999999999,0.6872,4462588.0,0.5039339065551758,nan,queue,queue,per_epoch_trace
squeeze_net_tosa,inputs/task_graph_topology/soda-benchmark-graphs/pytorch-graphs/squeeze_net_tosa.dot,/qfs/people/dass304/dass304/HWSWpartition/hw-sw-partition-metaheur/BatchExperiments/Ablation/diff_gnn_order_lssp_trace/squeeze_net_tosa/seed-42/run-20260412-143138/config/squeeze_net_tosa_seed-42_ablation.yaml,train,epoch,train,thresholded_partition,threshold,783,783.0,0,783,False,False,4426.9267578125,2359.3870567868266,2507.278010617277,nan,nan,False,158,8061.153177215458,4831.909135635894,0.6476500000000001,0.6868,4639353.5,0.5145597457885742,nan,queue,queue,per_epoch_trace
squeeze_net_tosa,inputs/task_graph_topology/soda-benchmark-graphs/pytorch-graphs/squeeze_net_tosa.dot,/qfs/people/dass304/dass304/HWSWpartition/hw-sw-partition-metaheur/BatchExperiments/Ablation/diff_gnn_order_lssp_trace/squeeze_net_tosa/seed-42/run-20260412-143138/config/squeeze_net_tosa_seed-42_ablation.yaml,train,epoch,train,thresholded_partition,threshold,784,784.0,0,784,False,False,4516.43505859375,2076.510678200463,2361.3539445896795,nan,nan,False,158,8025.2429786549565,4831.909135635894,0.6472,0.6863999999999999,4554176.5,0.5061078667640686,nan,queue,queue,per_epoch_trace
squeeze_net_tosa,inputs/task_graph_topology/soda-benchmark-graphs/pytorch-graphs/squeeze_net_tosa.dot,/qfs/people/dass304/dass304/HWSWpartition/hw-sw-partition-metaheur/BatchExperiments/Ablation/diff_gnn_order_lssp_trace/squeeze_net_tosa/seed-42/run-20260412-143138/config/squeeze_net_tosa_seed-42_ablation.yaml,train,epoch,train,thresholded_partition,threshold,785,785.0,0,785,False,False,4671.92236328125,2217.9629051268626,2344.860428626047,nan,nan,False,158,7966.025099625511,4831.909135635894,0.6467499999999999,0.6859999999999999,4675039.0,0.5016366839408875,nan,queue,queue,per_epoch_trace
squeeze_net_tosa,inputs/task_graph_topology/soda-benchmark-graphs/pytorch-graphs/squeeze_net_tosa.dot,/qfs/people/dass304/dass304/HWSWpartition/hw-sw-partition-metaheur/BatchExperiments/Ablation/diff_gnn_order_lssp_trace/squeeze_net_tosa/seed-42/run-20260412-143138/config/squeeze_net_tosa_seed-42_ablation.yaml,train,epoch,train,thresholded_partition,threshold,786,786.0,0,786,False,False,4625.48486328125,2748.4081229944554,2825.0804406792427,nan,nan,False,153,7793.048543515337,4831.909135635894,0.6463,0.6856,4634370.5,0.49709352850914,nan,queue,queue,per_epoch_trace
squeeze_net_tosa,inputs/task_graph_topology/soda-benchmark-graphs/pytorch-graphs/squeeze_net_tosa.dot,/qfs/people/dass304/dass304/HWSWpartition/hw-sw-partition-metaheur/BatchExperiments/Ablation/diff_gnn_order_lssp_trace/squeeze_net_tosa/seed-42/run-20260412-143138/config/squeeze_net_tosa_seed-42_ablation.yaml,train,epoch,train,thresholded_partition,threshold,787,787.0,0,787,False,False,4500.8876953125,2485.6599039114158,2611.639749926792,nan,nan,False,157,7986.174546185486,4831.909135635894,0.64585,0.6852,4501385.0,0.49972134828567505,nan,queue,queue,per_epoch_trace
squeeze_net_tosa,inputs/task_graph_topology/soda-benchmark-graphs/pytorch-graphs/squeeze_net_tosa.dot,/qfs/people/dass304/dass304/HWSWpartition/hw-sw-partition-metaheur/BatchExperiments/Ablation/diff_gnn_order_lssp_trace/squeeze_net_tosa/seed-42/run-20260412-143138/config/squeeze_net_tosa_seed-42_ablation.yaml,train,epoch,train,thresholded_partition,threshold,788,788.0,0,788,False,False,4423.2314453125,2293.705787671219,2412.4929895966693,nan,nan,False,160,8069.5319156267,4831.909135635894,0.6454,0.6848,4461979.0,0.5061902403831482,nan,queue,queue,per_epoch_trace
squeeze_net_tosa,inputs/task_graph_topology/soda-benchmark-graphs/pytorch-graphs/squeeze_net_tosa.dot,/qfs/people/dass304/dass304/HWSWpartition/hw-sw-partition-metaheur/BatchExperiments/Ablation/diff_gnn_order_lssp_trace/squeeze_net_tosa/seed-42/run-20260412-143138/config/squeeze_net_tosa_seed-42_ablation.yaml,train,epoch,train,thresholded_partition,threshold,789,789.0,0,789,False,False,4540.57666015625,2644.2301413996033,2743.1246937661886,nan,nan,False,156,7879.267496065023,4831.909135635894,0.6449499999999999,0.6843999999999999,4568283.5,0.5052218437194824,nan,queue,queue,per_epoch_trace
squeeze_net_tosa,inputs/task_graph_topology/soda-benchmark-graphs/pytorch-graphs/squeeze_net_tosa.dot,/qfs/people/dass304/dass304/HWSWpartition/hw-sw-partition-metaheur/BatchExperiments/Ablation/diff_gnn_order_lssp_trace/squeeze_net_tosa/seed-42/run-20260412-143138/config/squeeze_net_tosa_seed-42_ablation.yaml,train,epoch,train,thresholded_partition,threshold,790,790.0,0,790,False,False,4468.970703125,2981.541903265647,2981.541903265647,nan,nan,False,153,7686.35044143931,4831.909135635894,0.6445,0.6839999999999999,4476266.0,0.502617359161377,nan,queue,queue,per_epoch_trace
squeeze_net_tosa,inputs/task_graph_topology/soda-benchmark-graphs/pytorch-graphs/squeeze_net_tosa.dot,/qfs/people/dass304/dass304/HWSWpartition/hw-sw-partition-metaheur/BatchExperiments/Ablation/diff_gnn_order_lssp_trace/squeeze_net_tosa/seed-42/run-20260412-143138/config/squeeze_net_tosa_seed-42_ablation.yaml,train,epoch,train,thresholded_partition,threshold,791,791.0,0,791,False,False,4370.70263671875,2410.476567139682,2677.2610898648572,nan,nan,False,154,7750.55013572874,4831.909135635894,0.64405,0.6836,4656705.5,0.5168988108634949,nan,queue,queue,per_epoch_trace
squeeze_net_tosa,inputs/task_graph_topology/soda-benchmark-graphs/pytorch-graphs/squeeze_net_tosa.dot,/qfs/people/dass304/dass304/HWSWpartition/hw-sw-partition-metaheur/BatchExperiments/Ablation/diff_gnn_order_lssp_trace/squeeze_net_tosa/seed-42/run-20260412-143138/config/squeeze_net_tosa_seed-42_ablation.yaml,train,epoch,train,thresholded_partition,threshold,792,792.0,0,792,False,False,4473.50732421875,2528.5475147523853,2528.5475147523853,nan,nan,False,157,7970.351330966656,4831.909135635894,0.6436,0.6832,4737346.5,0.5162296891212463,nan,queue,queue,per_epoch_trace
squeeze_net_tosa,inputs/task_graph_topology/soda-benchmark-graphs/pytorch-graphs/squeeze_net_tosa.dot,/qfs/people/dass304/dass304/HWSWpartition/hw-sw-partition-metaheur/BatchExperiments/Ablation/diff_gnn_order_lssp_trace/squeeze_net_tosa/seed-42/run-20260412-143138/config/squeeze_net_tosa_seed-42_ablation.yaml,train,epoch,train,thresholded_partition,threshold,793,793.0,0,793,False,False,4527.8955078125,2409.788069049636,2566.530277941139,nan,nan,False,156,7862.737650478973,4831.909135635894,0.64315,0.6828,4536880.5,0.49707943201065063,nan,queue,queue,per_epoch_trace
squeeze_net_tosa,inputs/task_graph_topology/soda-benchmark-graphs/pytorch-graphs/squeeze_net_tosa.dot,/qfs/people/dass304/dass304/HWSWpartition/hw-sw-partition-metaheur/BatchExperiments/Ablation/diff_gnn_order_lssp_trace/squeeze_net_tosa/seed-42/run-20260412-143138/config/squeeze_net_tosa_seed-42_ablation.yaml,train,epoch,train,thresholded_partition,threshold,794,794.0,0,794,False,False,4446.474609375,2570.8485418742057,2758.322368784072,nan,nan,False,155,7839.0186561556175,4831.909135635894,0.6427,0.6823999999999999,4490836.0,0.5066278576850891,nan,queue,queue,per_epoch_trace
squeeze_net_tosa,inputs/task_graph_topology/soda-benchmark-graphs/pytorch-graphs/squeeze_net_tosa.dot,/qfs/people/dass304/dass304/HWSWpartition/hw-sw-partition-metaheur/BatchExperiments/Ablation/diff_gnn_order_lssp_trace/squeeze_net_tosa/seed-42/run-20260412-143138/config/squeeze_net_tosa_seed-42_ablation.yaml,train,epoch,train,thresholded_partition,threshold,795,795.0,0,795,False,False,4364.91796875,1780.8454458329895,2008.262139505012,nan,nan,False,160,8236.780952012337,4831.909135635894,0.64225,0.6819999999999999,4532120.0,0.5129144191741943,nan,queue,queue,per_epoch_trace
squeeze_net_tosa,inputs/task_graph_topology/soda-benchmark-graphs/pytorch-graphs/squeeze_net_tosa.dot,/qfs/people/dass304/dass304/HWSWpartition/hw-sw-partition-metaheur/BatchExperiments/Ablation/diff_gnn_order_lssp_trace/squeeze_net_tosa/seed-42/run-20260412-143138/config/squeeze_net_tosa_seed-42_ablation.yaml,train,epoch,train,thresholded_partition,threshold,796,796.0,0,796,False,False,4194.63623046875,2621.4762938446174,2854.103741571883,nan,nan,False,155,7867.227651642922,4831.909135635894,0.6417999999999999,0.6816,4539080.0,0.5185476541519165,nan,queue,queue,per_epoch_trace
squeeze_net_tosa,inputs/task_graph_topology/soda-benchmark-graphs/pytorch-graphs/squeeze_net_tosa.dot,/qfs/people/dass304/dass304/HWSWpartition/hw-sw-partition-metaheur/BatchExperiments/Ablation/diff_gnn_order_lssp_trace/squeeze_net_tosa/seed-42/run-20260412-143138/config/squeeze_net_tosa_seed-42_ablation.yaml,train,epoch,train,thresholded_partition,threshold,797,797.0,0,797,False,False,4658.49951171875,2428.05457040849,2428.0545704084893,nan,nan,False,157,8071.332295891046,4831.909135635894,0.64135,0.6812,4668357.5,0.4969285726547241,nan,queue,queue,per_epoch_trace
squeeze_net_tosa,inputs/task_graph_topology/soda-benchmark-graphs/pytorch-graphs/squeeze_net_tosa.dot,/qfs/people/dass304/dass304/HWSWpartition/hw-sw-partition-metaheur/BatchExperiments/Ablation/diff_gnn_order_lssp_trace/squeeze_net_tosa/seed-42/run-20260412-143138/config/squeeze_net_tosa_seed-42_ablation.yaml,train,epoch,train,thresholded_partition,threshold,798,798.0,0,798,False,False,4510.42578125,1961.493774536415,2029.8439698395869,nan,nan,False,158,8019.0422062713915,4831.909135635894,0.6409,0.6808,4520302.0,0.49692800641059875,nan,queue,queue,per_epoch_trace
squeeze_net_tosa,inputs/task_graph_topology/soda-benchmark-graphs/pytorch-graphs/squeeze_net_tosa.dot,/qfs/people/dass304/dass304/HWSWpartition/hw-sw-partition-metaheur/BatchExperiments/Ablation/diff_gnn_order_lssp_trace/squeeze_net_tosa/seed-42/run-20260412-143138/config/squeeze_net_tosa_seed-42_ablation.yaml,train,epoch,train,thresholded_partition,threshold,799,799.0,0,799,False,False,4515.90478515625,2027.075697847501,2190.3713138620333,nan,nan,False,160,8237.730865185513,4831.909135635894,0.64045,0.6803999999999999,4519552.0,0.49820569157600403,nan,queue,queue,per_epoch_trace
squeeze_net_tosa,inputs/task_graph_topology/soda-benchmark-graphs/pytorch-graphs/squeeze_net_tosa.dot,/qfs/people/dass304/dass304/HWSWpartition/hw-sw-partition-metaheur/BatchExperiments/Ablation/diff_gnn_order_lssp_trace/squeeze_net_tosa/seed-42/run-20260412-143138/config/squeeze_net_tosa_seed-42_ablation.yaml,train,epoch,train,thresholded_partition,threshold,800,800.0,0,800,False,False,4489.78564453125,1762.4000504199162,2001.0899571403784,nan,nan,False,161,8303.862655057674,4831.909135635894,0.6399999999999999,0.6799999999999999,4490275.0,0.500266969203949,nan,queue,queue,per_epoch_trace
squeeze_net_tosa,inputs/task_graph_topology/soda-benchmark-graphs/pytorch-graphs/squeeze_net_tosa.dot,/qfs/people/dass304/dass304/HWSWpartition/hw-sw-partition-metaheur/BatchExperiments/Ablation/diff_gnn_order_lssp_trace/squeeze_net_tosa/seed-42/run-20260412-143138/config/squeeze_net_tosa_seed-42_ablation.yaml,train,epoch,train,thresholded_partition,threshold,801,801.0,0,801,False,False,4595.17822265625,2397.2593660405505,2430.4487591215734,nan,nan,False,159,8075.239790654527,4831.909135635894,0.63955,0.6796,4598620.5,0.5017385482788086,nan,queue,queue,per_epoch_trace
squeeze_net_tosa,inputs/task_graph_topology/soda-benchmark-graphs/pytorch-graphs/squeeze_net_tosa.dot,/qfs/people/dass304/dass304/HWSWpartition/hw-sw-partition-metaheur/BatchExperiments/Ablation/diff_gnn_order_lssp_trace/squeeze_net_tosa/seed-42/run-20260412-143138/config/squeeze_net_tosa_seed-42_ablation.yaml,train,epoch,train,thresholded_partition,threshold,802,802.0,0,802,False,False,4505.08935546875,2267.1787988626265,2393.777902413636,nan,nan,False,158,7960.197859792233,4831.909135635894,0.6391,0.6792,4507243.5,0.49868911504745483,nan,queue,queue,per_epoch_trace
squeeze_net_tosa,inputs/task_graph_topology/soda-benchmark-graphs/pytorch-graphs/squeeze_net_tosa.dot,/qfs/people/dass304/dass304/HWSWpartition/hw-sw-partition-metaheur/BatchExperiments/Ablation/diff_gnn_order_lssp_trace/squeeze_net_tosa/seed-42/run-20260412-143138/config/squeeze_net_tosa_seed-42_ablation.yaml,train,epoch,train,thresholded_partition,threshold,803,803.0,0,803,False,False,4493.93115234375,3157.800128783661,3244.9971638428956,nan,nan,False,152,7629.011369629985,4831.909135635894,0.6386499999999999,0.6788,4536611.0,0.4935007393360138,nan,queue,queue,per_epoch_trace
squeeze_net_tosa,inputs/task_graph_topology/soda-benchmark-graphs/pytorch-graphs/squeeze_net_tosa.dot,/qfs/people/dass304/dass304/HWSWpartition/hw-sw-partition-metaheur/BatchExperiments/Ablation/diff_gnn_order_lssp_trace/squeeze_net_tosa/seed-42/run-20260412-143138/config/squeeze_net_tosa_seed-42_ablation.yaml,train,epoch,train,thresholded_partition,threshold,804,804.0,0,804,False,False,4611.44775390625,3366.3124974292027,3546.5410074313327,nan,nan,False,153,7575.52781124917,4831.909135635894,0.6382,0.6783999999999999,4618512.0,0.49742722511291504,nan,queue,queue,per_epoch_trace
squeeze_net_tosa,inputs/task_graph_topology/soda-benchmark-graphs/pytorch-graphs/squeeze_net_tosa.dot,/qfs/people/dass304/dass304/HWSWpartition/hw-sw-partition-metaheur/BatchExperiments/Ablation/diff_gnn_order_lssp_trace/squeeze_net_tosa/seed-42/run-20260412-143138/config/squeeze_net_tosa_seed-42_ablation.yaml,train,epoch,train,thresholded_partition,threshold,805,805.0,0,805,False,False,4389.06396484375,2076.1930060675404,2209.9914405898626,nan,nan,False,159,8061.884644101628,4831.909135635894,0.63775,0.6779999999999999,4512878.5,0.5111072063446045,nan,queue,queue,per_epoch_trace
squeeze_net_tosa,inputs/task_graph_topology/soda-benchmark-graphs/pytorch-graphs/squeeze_net_tosa.dot,/qfs/people/dass304/dass304/HWSWpartition/hw-sw-partition-metaheur/BatchExperiments/Ablation/diff_gnn_order_lssp_trace/squeeze_net_tosa/seed-42/run-20260412-143138/config/squeeze_net_tosa_seed-42_ablation.yaml,train,epoch,train,thresholded_partition,threshold,806,806.0,0,806,False,False,4538.54052734375,2549.2723943477845,2899.0481785934685,nan,nan,False,155,7762.356098751977,4831.909135635894,0.6373,0.6776,4539003.0,0.4998646676540375,nan,queue,queue,per_epoch_trace
squeeze_net_tosa,inputs/task_graph_topology/soda-benchmark-graphs/pytorch-graphs/squeeze_net_tosa.dot,/qfs/people/dass304/dass304/HWSWpartition/hw-sw-partition-metaheur/BatchExperiments/Ablation/diff_gnn_order_lssp_trace/squeeze_net_tosa/seed-42/run-20260412-143138/config/squeeze_net_tosa_seed-42_ablation.yaml,train,epoch,train,thresholded_partition,threshold,807,807.0,0,807,False,False,4514.98095703125,2637.256041548669,2773.313406358661,nan,nan,False,155,7832.188241542499,4831.909135635894,0.6368499999999999,0.6772,4521374.0,0.502440333366394,nan,queue,queue,per_epoch_trace
squeeze_net_tosa,inputs/task_graph_topology/soda-benchmark-graphs/pytorch-graphs/squeeze_net_tosa.dot,/qfs/people/dass304/dass304/HWSWpartition/hw-sw-partition-metaheur/BatchExperiments/Ablation/diff_gnn_order_lssp_trace/squeeze_net_tosa/seed-42/run-20260412-143138/config/squeeze_net_tosa_seed-42_ablation.yaml,train,epoch,train,thresholded_partition,threshold,808,808.0,0,808,False,False,4173.96044921875,2626.1977238539525,2923.3269423338193,nan,nan,False,155,7826.200667402001,4831.909135635894,0.6364,0.6768,4357000.0,0.5135130882263184,nan,queue,queue,per_epoch_trace
squeeze_net_tosa,inputs/task_graph_topology/soda-benchmark-graphs/pytorch-graphs/squeeze_net_tosa.dot,/qfs/people/dass304/dass304/HWSWpartition/hw-sw-partition-metaheur/BatchExperiments/Ablation/diff_gnn_order_lssp_trace/squeeze_net_tosa/seed-42/run-20260412-143138/config/squeeze_net_tosa_seed-42_ablation.yaml,train,epoch,train,thresholded_partition,threshold,809,809.0,0,809,False,False,4332.19482421875,2414.5700556939946,2438.5612109540775,nan,nan,False,156,7966.443518966248,4831.909135635894,0.63595,0.6763999999999999,4436903.0,0.5102115273475647,nan,queue,queue,per_epoch_trace
squeeze_net_tosa,inputs/task_graph_topology/soda-benchmark-graphs/pytorch-graphs/squeeze_net_tosa.dot,/qfs/people/dass304/dass304/HWSWpartition/hw-sw-partition-metaheur/BatchExperiments/Ablation/diff_gnn_order_lssp_trace/squeeze_net_tosa/seed-42/run-20260412-143138/config/squeeze_net_tosa_seed-42_ablation.yaml,train,epoch,train,thresholded_partition,threshold,810,810.0,0,810,False,False,4468.16357421875,2737.774370459824,3156.4043984005616,nan,nan,False,155,7848.777538603476,4831.909135635894,0.6355,0.6759999999999999,4468651.0,0.49977999925613403,nan,queue,queue,per_epoch_trace
squeeze_net_tosa,inputs/task_graph_topology/soda-benchmark-graphs/pytorch-graphs/squeeze_net_tosa.dot,/qfs/people/dass304/dass304/HWSWpartition/hw-sw-partition-metaheur/BatchExperiments/Ablation/diff_gnn_order_lssp_trace/squeeze_net_tosa/seed-42/run-20260412-143138/config/squeeze_net_tosa_seed-42_ablation.yaml,train,epoch,train,thresholded_partition,threshold,811,811.0,0,811,False,False,4475.96826171875,2474.9189746670395,2621.2073255308965,nan,nan,False,155,7782.7514869722345,4831.909135635894,0.6350499999999999,0.6756,4502924.0,0.5051495432853699,nan,queue,queue,per_epoch_trace
squeeze_net_tosa,inputs/task_graph_topology/soda-benchmark-graphs/pytorch-graphs/squeeze_net_tosa.dot,/qfs/people/dass304/dass304/HWSWpartition/hw-sw-partition-metaheur/BatchExperiments/Ablation/diff_gnn_order_lssp_trace/squeeze_net_tosa/seed-42/run-20260412-143138/config/squeeze_net_tosa_seed-42_ablation.yaml,train,epoch,train,thresholded_partition,threshold,812,812.0,0,812,False,False,4354.60302734375,2202.1384602110547,2387.873606515065,nan,nan,False,156,8022.511707456343,4831.909135635894,0.6345999999999999,0.6752,4640866.5,0.5169066190719604,nan,queue,queue,per_epoch_trace
squeeze_net_tosa,inputs/task_graph_topology/soda-benchmark-graphs/pytorch-graphs/squeeze_net_tosa.dot,/qfs/people/dass304/dass304/HWSWpartition/hw-sw-partition-metaheur/BatchExperiments/Ablation/diff_gnn_order_lssp_trace/squeeze_net_tosa/seed-42/run-20260412-143138/config/squeeze_net_tosa_seed-42_ablation.yaml,train,epoch,train,thresholded_partition,threshold,813,813.0,0,813,False,False,4333.36181640625,1781.2907360864037,1984.94224023492,nan,nan,False,159,8174.559924061859,4831.909135635894,0.63415,0.6748000000000001,4553140.5,0.5148103833198547,nan,queue,queue,per_epoch_trace
squeeze_net_tosa,inputs/task_graph_topology/soda-benchmark-graphs/pytorch-graphs/squeeze_net_tosa.dot,/qfs/people/dass304/dass304/HWSWpartition/hw-sw-partition-metaheur/BatchExperiments/Ablation/diff_gnn_order_lssp_trace/squeeze_net_tosa/seed-42/run-20260412-143138/config/squeeze_net_tosa_seed-42_ablation.yaml,train,epoch,train,thresholded_partition,threshold,814,814.0,0,814,False,False,4453.47802734375,2313.5548418229087,2641.332391891097,nan,nan,False,156,7996.832817619524,4831.909135635894,0.6337,0.6744,4503800.0,0.5070627927780151,nan,queue,queue,per_epoch_trace
squeeze_net_tosa,inputs/task_graph_topology/soda-benchmark-graphs/pytorch-graphs/squeeze_net_tosa.dot,/qfs/people/dass304/dass304/HWSWpartition/hw-sw-partition-metaheur/BatchExperiments/Ablation/diff_gnn_order_lssp_trace/squeeze_net_tosa/seed-42/run-20260412-143138/config/squeeze_net_tosa_seed-42_ablation.yaml,train,epoch,train,thresholded_partition,threshold,815,815.0,0,815,False,False,4456.4140625,1937.4654719538094,2024.9695857359275,nan,nan,False,159,8141.355386053324,4831.909135635894,0.6332500000000001,0.6739999999999999,4461612.5,0.5021840929985046,nan,queue,queue,per_epoch_trace
squeeze_net_tosa,inputs/task_graph_topology/soda-benchmark-graphs/pytorch-graphs/squeeze_net_tosa.dot,/qfs/people/dass304/dass304/HWSWpartition/hw-sw-partition-metaheur/BatchExperiments/Ablation/diff_gnn_order_lssp_trace/squeeze_net_tosa/seed-42/run-20260412-143138/config/squeeze_net_tosa_seed-42_ablation.yaml,train,epoch,train,thresholded_partition,threshold,816,816.0,0,816,False,False,4498.11083984375,3271.6119085006826,3245.2305352666826,nan,nan,False,152,7610.030292621396,4831.909135635894,0.6328,0.6736,4587656.5,0.4905604422092438,nan,queue,queue,per_epoch_trace
squeeze_net_tosa,inputs/task_graph_topology/soda-benchmark-graphs/pytorch-graphs/squeeze_net_tosa.dot,/qfs/people/dass304/dass304/HWSWpartition/hw-sw-partition-metaheur/BatchExperiments/Ablation/diff_gnn_order_lssp_trace/squeeze_net_tosa/seed-42/run-20260412-143138/config/squeeze_net_tosa_seed-42_ablation.yaml,train,epoch,train,thresholded_partition,threshold,817,817.0,0,817,False,False,4402.33837890625,2395.842613921657,2511.569618752056,nan,nan,False,158,8179.470568959838,4831.909135635894,0.63235,0.6732,4744539.5,0.5184874534606934,nan,queue,queue,per_epoch_trace
squeeze_net_tosa,inputs/task_graph_topology/soda-benchmark-graphs/pytorch-graphs/squeeze_net_tosa.dot,/qfs/people/dass304/dass304/HWSWpartition/hw-sw-partition-metaheur/BatchExperiments/Ablation/diff_gnn_order_lssp_trace/squeeze_net_tosa/seed-42/run-20260412-143138/config/squeeze_net_tosa_seed-42_ablation.yaml,train,epoch,train,thresholded_partition,threshold,818,818.0,0,818,False,False,4526.11376953125,2208.518271403408,2536.2958214715964,nan,nan,False,157,7977.570992284798,4831.909135635894,0.6319,0.6728000000000001,4631693.5,0.5102546811103821,nan,queue,queue,per_epoch_trace
squeeze_net_tosa,inputs/task_graph_topology/soda-benchmark-graphs/pytorch-graphs/squeeze_net_tosa.dot,/qfs/people/dass304/dass304/HWSWpartition/hw-sw-partition-metaheur/BatchExperiments/Ablation/diff_gnn_order_lssp_trace/squeeze_net_tosa/seed-42/run-20260412-143138/config/squeeze_net_tosa_seed-42_ablation.yaml,train,epoch,train,thresholded_partition,threshold,819,819.0,0,819,False,False,4678.0439453125,2213.0853300135423,2591.022415203079,nan,nan,False,158,7950.90529428411,4831.909135635894,0.6314500000000001,0.6724,4694247.0,0.5039713382720947,nan,queue,queue,per_epoch_trace
squeeze_net_tosa,inputs/task_graph_topology/soda-benchmark-graphs/pytorch-graphs/squeeze_net_tosa.dot,/qfs/people/dass304/dass304/HWSWpartition/hw-sw-partition-metaheur/BatchExperiments/Ablation/diff_gnn_order_lssp_trace/squeeze_net_tosa/seed-42/run-20260412-143138/config/squeeze_net_tosa_seed-42_ablation.yaml,train,epoch,train,thresholded_partition,threshold,820,820.0,0,820,False,False,4599.482421875,1875.036276768832,1946.1472537037353,nan,nan,False,159,8119.038326766211,4831.909135635894,0.631,0.6719999999999999,4600888.5,0.49901503324508667,nan,queue,queue,per_epoch_trace
squeeze_net_tosa,inputs/task_graph_topology/soda-benchmark-graphs/pytorch-graphs/squeeze_net_tosa.dot,/qfs/people/dass304/dass304/HWSWpartition/hw-sw-partition-metaheur/BatchExperiments/Ablation/diff_gnn_order_lssp_trace/squeeze_net_tosa/seed-42/run-20260412-143138/config/squeeze_net_tosa_seed-42_ablation.yaml,train,epoch,train,thresholded_partition,threshold,821,821.0,0,821,False,False,4455.8212890625,1653.2309613302073,2050.876669795721,nan,nan,False,162,8268.133466542333,4831.909135635894,0.6305499999999999,0.6716,4471778.0,0.5039405822753906,nan,queue,queue,per_epoch_trace
squeeze_net_tosa,inputs/task_graph_topology/soda-benchmark-graphs/pytorch-graphs/squeeze_net_tosa.dot,/qfs/people/dass304/dass304/HWSWpartition/hw-sw-partition-metaheur/BatchExperiments/Ablation/diff_gnn_order_lssp_trace/squeeze_net_tosa/seed-42/run-20260412-143138/config/squeeze_net_tosa_seed-42_ablation.yaml,train,epoch,train,thresholded_partition,threshold,822,822.0,0,822,False,False,4514.37060546875,1978.6618395966148,2335.8998730742633,nan,nan,False,157,8054.404754564725,4831.909135635894,0.6301,0.6712,4534845.0,0.50447678565979,nan,queue,queue,per_epoch_trace
squeeze_net_tosa,inputs/task_graph_topology/soda-benchmark-graphs/pytorch-graphs/squeeze_net_tosa.dot,/qfs/people/dass304/dass304/HWSWpartition/hw-sw-partition-metaheur/BatchExperiments/Ablation/diff_gnn_order_lssp_trace/squeeze_net_tosa/seed-42/run-20260412-143138/config/squeeze_net_tosa_seed-42_ablation.yaml,train,epoch,train,thresholded_partition,threshold,823,823.0,0,823,False,False,4529.20849609375,2111.937486324074,2261.741201752194,nan,nan,False,157,7981.561770865141,4831.909135635894,0.62965,0.6708000000000001,4541791.0,0.4965153634548187,nan,queue,queue,per_epoch_trace
squeeze_net_tosa,inputs/task_graph_topology/soda-benchmark-graphs/pytorch-graphs/squeeze_net_tosa.dot,/qfs/people/dass304/dass304/HWSWpartition/hw-sw-partition-metaheur/BatchExperiments/Ablation/diff_gnn_order_lssp_trace/squeeze_net_tosa/seed-42/run-20260412-143138/config/squeeze_net_tosa_seed-42_ablation.yaml,train,epoch,train,thresholded_partition,threshold,824,824.0,0,824,False,False,4496.0234375,2547.9058253093567,2869.1845003270805,nan,nan,False,157,7925.908559770962,4831.909135635894,0.6292,0.6704,4562639.5,0.5081354975700378,nan,queue,queue,per_epoch_trace
squeeze_net_tosa,inputs/task_graph_topology/soda-benchmark-graphs/pytorch-graphs/squeeze_net_tosa.dot,/qfs/people/dass304/dass304/HWSWpartition/hw-sw-partition-metaheur/BatchExperiments/Ablation/diff_gnn_order_lssp_trace/squeeze_net_tosa/seed-42/run-20260412-143138/config/squeeze_net_tosa_seed-42_ablation.yaml,train,epoch,train,thresholded_partition,threshold,825,825.0,0,825,False,False,4509.16064453125,2840.9896171668984,2952.717708343032,nan,nan,False,154,7708.68160044465,4831.909135635894,0.62875,0.6699999999999999,4516890.5,0.5026975870132446,nan,queue,queue,per_epoch_trace
squeeze_net_tosa,inputs/task_graph_topology/soda-benchmark-graphs/pytorch-graphs/squeeze_net_tosa.dot,/qfs/people/dass304/dass304/HWSWpartition/hw-sw-partition-metaheur/BatchExperiments/Ablation/diff_gnn_order_lssp_trace/squeeze_net_tosa/seed-42/run-20260412-143138/config/squeeze_net_tosa_seed-42_ablation.yaml,train,epoch,train,thresholded_partition,threshold,826,826.0,0,826,False,False,4526.66845703125,2518.5125183427513,2695.8979449011026,nan,nan,False,154,7748.5989091879,4831.909135635894,0.6283000000000001,0.6696,4537384.0,0.5032071471214294,nan,queue,queue,per_epoch_trace
squeeze_net_tosa,inputs/task_graph_topology/soda-benchmark-graphs/pytorch-graphs/squeeze_net_tosa.dot,/qfs/people/dass304/dass304/HWSWpartition/hw-sw-partition-metaheur/BatchExperiments/Ablation/diff_gnn_order_lssp_trace/squeeze_net_tosa/seed-42/run-20260412-143138/config/squeeze_net_tosa_seed-42_ablation.yaml,train,epoch,train,thresholded_partition,threshold,827,827.0,0,827,False,False,4553.4921875,3262.781765952241,3262.781765952242,nan,nan,False,151,7601.678233464836,4831.909135635894,0.62785,0.6692,4576338.5,0.5047326683998108,nan,queue,queue,per_epoch_trace
squeeze_net_tosa,inputs/task_graph_topology/soda-benchmark-graphs/pytorch-graphs/squeeze_net_tosa.dot,/qfs/people/dass304/dass304/HWSWpartition/hw-sw-partition-metaheur/BatchExperiments/Ablation/diff_gnn_order_lssp_trace/squeeze_net_tosa/seed-42/run-20260412-143138/config/squeeze_net_tosa_seed-42_ablation.yaml,train,epoch,train,thresholded_partition,threshold,828,828.0,0,828,False,False,4505.02685546875,2477.3274477267328,2601.685496894374,nan,nan,False,156,7791.541981182943,4831.909135635894,0.6274,0.6688000000000001,4506723.5,0.49888455867767334,nan,queue,queue,per_epoch_trace
squeeze_net_tosa,inputs/task_graph_topology/soda-benchmark-graphs/pytorch-graphs/squeeze_net_tosa.dot,/qfs/people/dass304/dass304/HWSWpartition/hw-sw-partition-metaheur/BatchExperiments/Ablation/diff_gnn_order_lssp_trace/squeeze_net_tosa/seed-42/run-20260412-143138/config/squeeze_net_tosa_seed-42_ablation.yaml,train,epoch,train,thresholded_partition,threshold,829,829.0,0,829,False,False,4538.66552734375,2236.5936401018353,2554.7400856690024,nan,nan,False,156,7865.937294612175,4831.909135635894,0.62695,0.6684,4575130.0,0.506001889705658,nan,queue,queue,per_epoch_trace
squeeze_net_tosa,inputs/task_graph_topology/soda-benchmark-graphs/pytorch-graphs/squeeze_net_tosa.dot,/qfs/people/dass304/dass304/HWSWpartition/hw-sw-partition-metaheur/BatchExperiments/Ablation/diff_gnn_order_lssp_trace/squeeze_net_tosa/seed-42/run-20260412-143138/config/squeeze_net_tosa_seed-42_ablation.yaml,train,epoch,train,thresholded_partition,threshold,830,830.0,0,830,False,False,4372.33154296875,2707.0343617926424,2802.53051301217,nan,nan,False,154,7783.422670613583,4831.909135635894,0.6265000000000001,0.6679999999999999,4378998.5,0.4975070357322693,nan,queue,queue,per_epoch_trace
squeeze_net_tosa,inputs/task_graph_topology/soda-benchmark-graphs/pytorch-graphs/squeeze_net_tosa.dot,/qfs/people/dass304/dass304/HWSWpartition/hw-sw-partition-metaheur/BatchExperiments/Ablation/diff_gnn_order_lssp_trace/squeeze_net_tosa/seed-42/run-20260412-143138/config/squeeze_net_tosa_seed-42_ablation.yaml,train,epoch,train,thresholded_partition,threshold,831,831.0,0,831,False,False,4389.4462890625,2582.0925245526237,2822.1039377933807,nan,nan,False,155,7722.049828208983,4831.909135635894,0.62605,0.6676,4432035.5,0.5064921975135803,nan,queue,queue,per_epoch_trace
squeeze_net_tosa,inputs/task_graph_topology/soda-benchmark-graphs/pytorch-graphs/squeeze_net_tosa.dot,/qfs/people/dass304/dass304/HWSWpartition/hw-sw-partition-metaheur/BatchExperiments/Ablation/diff_gnn_order_lssp_trace/squeeze_net_tosa/seed-42/run-20260412-143138/config/squeeze_net_tosa_seed-42_ablation.yaml,train,epoch,train,thresholded_partition,threshold,832,832.0,0,832,False,False,4517.21728515625,2222.9284707481575,2393.481227602183,nan,nan,False,157,7931.057194205569,4831.909135635894,0.6255999999999999,0.6672,4563237.0,0.5067519545555115,nan,queue,queue,per_epoch_trace
squeeze_net_tosa,inputs/task_graph_topology/soda-benchmark-graphs/pytorch-graphs/squeeze_net_tosa.dot,/qfs/people/dass304/dass304/HWSWpartition/hw-sw-partition-metaheur/BatchExperiments/Ablation/diff_gnn_order_lssp_trace/squeeze_net_tosa/seed-42/run-20260412-143138/config/squeeze_net_tosa_seed-42_ablation.yaml,train,epoch,train,thresholded_partition,threshold,833,833.0,0,833,False,False,4291.91748046875,2217.970792597286,2331.7290986334874,nan,nan,False,157,7935.755345630428,4831.909135635894,0.62515,0.6668000000000001,4552285.5,0.5161224603652954,nan,queue,queue,per_epoch_trace
squeeze_net_tosa,inputs/task_graph_topology/soda-benchmark-graphs/pytorch-graphs/squeeze_net_tosa.dot,/qfs/people/dass304/dass304/HWSWpartition/hw-sw-partition-metaheur/BatchExperiments/Ablation/diff_gnn_order_lssp_trace/squeeze_net_tosa/seed-42/run-20260412-143138/config/squeeze_net_tosa_seed-42_ablation.yaml,train,epoch,train,thresholded_partition,threshold,834,834.0,0,834,False,False,4193.10986328125,2827.4760457108036,3080.560727871955,nan,nan,False,151,7651.966775751145,4831.909135635894,0.6247,0.6664,4456988.0,0.516230583190918,nan,queue,queue,per_epoch_trace
squeeze_net_tosa,inputs/task_graph_topology/soda-benchmark-graphs/pytorch-graphs/squeeze_net_tosa.dot,/qfs/people/dass304/dass304/HWSWpartition/hw-sw-partition-metaheur/BatchExperiments/Ablation/diff_gnn_order_lssp_trace/squeeze_net_tosa/seed-42/run-20260412-143138/config/squeeze_net_tosa_seed-42_ablation.yaml,train,epoch,train,thresholded_partition,threshold,835,835.0,0,835,False,False,4492.78271484375,2385.0870618077547,2700.152223418973,nan,nan,False,158,8086.111432194641,4831.909135635894,0.62425,0.6659999999999999,4615068.0,0.5110388398170471,nan,queue,queue,per_epoch_trace
squeeze_net_tosa,inputs/task_graph_topology/soda-benchmark-graphs/pytorch-graphs/squeeze_net_tosa.dot,/qfs/people/dass304/dass304/HWSWpartition/hw-sw-partition-metaheur/BatchExperiments/Ablation/diff_gnn_order_lssp_trace/squeeze_net_tosa/seed-42/run-20260412-143138/config/squeeze_net_tosa_seed-42_ablation.yaml,train,epoch,train,thresholded_partition,threshold,836,836.0,0,836,False,False,4505.529296875,2312.445586655397,2521.317800373346,nan,nan,False,156,7910.5633884439085,4831.909135635894,0.6238,0.6656,4506011.0,0.5001940131187439,nan,queue,queue,per_epoch_trace
squeeze_net_tosa,inputs/task_graph_topology/soda-benchmark-graphs/pytorch-graphs/squeeze_net_tosa.dot,/qfs/people/dass304/dass304/HWSWpartition/hw-sw-partition-metaheur/BatchExperiments/Ablation/diff_gnn_order_lssp_trace/squeeze_net_tosa/seed-42/run-20260412-143138/config/squeeze_net_tosa_seed-42_ablation.yaml,train,epoch,train,thresholded_partition,threshold,837,837.0,0,837,False,False,4522.388671875,2982.021755501963,3297.770348700197,nan,nan,False,152,7672.21982912481,4831.909135635894,0.6233500000000001,0.6652,4523256.5,0.5006551146507263,nan,queue,queue,per_epoch_trace
squeeze_net_tosa,inputs/task_graph_topology/soda-benchmark-graphs/pytorch-graphs/squeeze_net_tosa.dot,/qfs/people/dass304/dass304/HWSWpartition/hw-sw-partition-metaheur/BatchExperiments/Ablation/diff_gnn_order_lssp_trace/squeeze_net_tosa/seed-42/run-20260412-143138/config/squeeze_net_tosa_seed-42_ablation.yaml,train,epoch,train,thresholded_partition,threshold,838,838.0,0,838,False,False,4307.34814453125,1979.6394301493883,2121.364702672545,nan,nan,False,158,8006.565415169183,4831.909135635894,0.6229,0.6648000000000001,4327140.5,0.5043998956680298,nan,queue,queue,per_epoch_trace
squeeze_net_tosa,inputs/task_graph_topology/soda-benchmark-graphs/pytorch-graphs/squeeze_net_tosa.dot,/qfs/people/dass304/dass304/HWSWpartition/hw-sw-partition-metaheur/BatchExperiments/Ablation/diff_gnn_order_lssp_trace/squeeze_net_tosa/seed-42/run-20260412-143138/config/squeeze_net_tosa_seed-42_ablation.yaml,train,epoch,train,thresholded_partition,threshold,839,839.0,0,839,False,False,4552.86083984375,2303.832188192976,2435.3276177426687,nan,nan,False,159,8011.60361768306,4831.909135635894,0.62245,0.6644,4555004.5,0.49869129061698914,nan,queue,queue,per_epoch_trace
squeeze_net_tosa,inputs/task_graph_topology/soda-benchmark-graphs/pytorch-graphs/squeeze_net_tosa.dot,/qfs/people/dass304/dass304/HWSWpartition/hw-sw-partition-metaheur/BatchExperiments/Ablation/diff_gnn_order_lssp_trace/squeeze_net_tosa/seed-42/run-20260412-143138/config/squeeze_net_tosa_seed-42_ablation.yaml,train,epoch,train,thresholded_partition,threshold,840,840.0,0,840,False,False,4408.375,2877.9087856716983,2996.411196671255,nan,nan,False,153,7550.568870791252,4831.909135635894,0.622,0.6639999999999999,4409956.0,0.501065731048584,nan,queue,queue,per_epoch_trace
squeeze_net_tosa,inputs/task_graph_topology/soda-benchmark-graphs/pytorch-graphs/squeeze_net_tosa.dot,/qfs/people/dass304/dass304/HWSWpartition/hw-sw-partition-metaheur/BatchExperiments/Ablation/diff_gnn_order_lssp_trace/squeeze_net_tosa/seed-42/run-20260412-143138/config/squeeze_net_tosa_seed-42_ablation.yaml,train,epoch,train,thresholded_partition,threshold,841,841.0,0,841,False,False,4408.15625,2184.710178062358,2547.8189463948515,nan,nan,False,155,7761.501418021598,4831.909135635894,0.62155,0.6636,4409658.0,0.4989670217037201,nan,queue,queue,per_epoch_trace
squeeze_net_tosa,inputs/task_graph_topology/soda-benchmark-graphs/pytorch-graphs/squeeze_net_tosa.dot,/qfs/people/dass304/dass304/HWSWpartition/hw-sw-partition-metaheur/BatchExperiments/Ablation/diff_gnn_order_lssp_trace/squeeze_net_tosa/seed-42/run-20260412-143138/config/squeeze_net_tosa_seed-42_ablation.yaml,train,epoch,train,thresholded_partition,threshold,842,842.0,0,842,False,False,4256.33154296875,2224.3494917438807,2487.6116831573995,nan,nan,False,158,8001.536147265563,4831.909135635894,0.6211,0.6632,4684954.0,0.5206924676895142,nan,queue,queue,per_epoch_trace
squeeze_net_tosa,inputs/task_graph_topology/soda-benchmark-graphs/pytorch-graphs/squeeze_net_tosa.dot,/qfs/people/dass304/dass304/HWSWpartition/hw-sw-partition-metaheur/BatchExperiments/Ablation/diff_gnn_order_lssp_trace/squeeze_net_tosa/seed-42/run-20260412-143138/config/squeeze_net_tosa_seed-42_ablation.yaml,train,epoch,train,thresholded_partition,threshold,843,843.0,0,843,False,False,4540.46142578125,2515.3500001823627,2802.4630805506736,nan,nan,False,156,7903.61342015462,4831.909135635894,0.6206499999999999,0.6628000000000001,4551730.5,0.5032899975776672,nan,queue,queue,per_epoch_trace
squeeze_net_tosa,inputs/task_graph_topology/soda-benchmark-graphs/pytorch-graphs/squeeze_net_tosa.dot,/qfs/people/dass304/dass304/HWSWpartition/hw-sw-partition-metaheur/BatchExperiments/Ablation/diff_gnn_order_lssp_trace/squeeze_net_tosa/seed-42/run-20260412-143138/config/squeeze_net_tosa_seed-42_ablation.yaml,train,epoch,train,thresholded_partition,threshold,844,844.0,0,844,False,False,4363.55908203125,2236.3239973940704,2309.1189057917745,nan,nan,False,158,8043.996157946051,4831.909135635894,0.6202000000000001,0.6624,4375109.5,0.5033349394798279,nan,queue,queue,per_epoch_trace
squeeze_net_tosa,inputs/task_graph_topology/soda-benchmark-graphs/pytorch-graphs/squeeze_net_tosa.dot,/qfs/people/dass304/dass304/HWSWpartition/hw-sw-partition-metaheur/BatchExperiments/Ablation/diff_gnn_order_lssp_trace/squeeze_net_tosa/seed-42/run-20260412-143138/config/squeeze_net_tosa_seed-42_ablation.yaml,train,epoch,train,thresholded_partition,threshold,845,845.0,0,845,False,False,4479.43359375,2659.8200809616005,3117.614118974631,nan,nan,False,153,7761.373499732417,4831.909135635894,0.61975,0.6619999999999999,4505935.0,0.505105197429657,nan,queue,queue,per_epoch_trace
squeeze_net_tosa,inputs/task_graph_topology/soda-benchmark-graphs/pytorch-graphs/squeeze_net_tosa.dot,/qfs/people/dass304/dass304/HWSWpartition/hw-sw-partition-metaheur/BatchExperiments/Ablation/diff_gnn_order_lssp_trace/squeeze_net_tosa/seed-42/run-20260412-143138/config/squeeze_net_tosa_seed-42_ablation.yaml,train,epoch,train,thresholded_partition,threshold,846,846.0,0,846,False,False,4421.21484375,2527.5406552022355,2867.967091027894,nan,nan,False,155,7732.392322674379,4831.909135635894,0.6193,0.6616,4428885.0,0.5026889443397522,nan,queue,queue,per_epoch_trace
squeeze_net_tosa,inputs/task_graph_topology/soda-benchmark-graphs/pytorch-graphs/squeeze_net_tosa.dot,/qfs/people/dass304/dass304/HWSWpartition/hw-sw-partition-metaheur/BatchExperiments/Ablation/diff_gnn_order_lssp_trace/squeeze_net_tosa/seed-42/run-20260412-143138/config/squeeze_net_tosa_seed-42_ablation.yaml,train,epoch,train,thresholded_partition,threshold,847,847.0,0,847,False,False,4418.61083984375,2423.7861279123936,2653.460461924951,nan,nan,False,157,7886.789196627653,4831.909135635894,0.61885,0.6612,4540935.5,0.5110403895378113,nan,queue,queue,per_epoch_trace
squeeze_net_tosa,inputs/task_graph_topology/soda-benchmark-graphs/pytorch-graphs/squeeze_net_tosa.dot,/qfs/people/dass304/dass304/HWSWpartition/hw-sw-partition-metaheur/BatchExperiments/Ablation/diff_gnn_order_lssp_trace/squeeze_net_tosa/seed-42/run-20260412-143138/config/squeeze_net_tosa_seed-42_ablation.yaml,train,epoch,train,thresholded_partition,threshold,848,848.0,0,848,False,False,4449.52587890625,2703.3404564012885,2863.9741791858546,nan,nan,False,156,7886.069498274582,4831.909135635894,0.6184000000000001,0.6608,4449982.5,0.49984923005104065,nan,queue,queue,per_epoch_trace
squeeze_net_tosa,inputs/task_graph_topology/soda-benchmark-graphs/pytorch-graphs/squeeze_net_tosa.dot,/qfs/people/dass304/dass304/HWSWpartition/hw-sw-partition-metaheur/BatchExperiments/Ablation/diff_gnn_order_lssp_trace/squeeze_net_tosa/seed-42/run-20260412-143138/config/squeeze_net_tosa_seed-42_ablation.yaml,train,epoch,train,thresholded_partition,threshold,849,849.0,0,849,False,False,4374.205078125,2608.1791401381774,2844.5894451914523,nan,nan,False,157,8004.4327350712065,4831.909135635894,0.61795,0.6604,4396209.5,0.5046424865722656,nan,queue,queue,per_epoch_trace
squeeze_net_tosa,inputs/task_graph_topology/soda-benchmark-graphs/pytorch-graphs/squeeze_net_tosa.dot,/qfs/people/dass304/dass304/HWSWpartition/hw-sw-partition-metaheur/BatchExperiments/Ablation/diff_gnn_order_lssp_trace/squeeze_net_tosa/seed-42/run-20260412-143138/config/squeeze_net_tosa_seed-42_ablation.yaml,train,epoch,train,thresholded_partition,threshold,850,850.0,0,850,False,False,4308.33740234375,2243.5393544452854,2504.481348459685,nan,nan,False,157,7974.26387273827,4831.909135635894,0.6174999999999999,0.6599999999999999,4360386.0,0.5071839094161987,nan,queue,queue,per_epoch_trace
squeeze_net_tosa,inputs/task_graph_topology/soda-benchmark-graphs/pytorch-graphs/squeeze_net_tosa.dot,/qfs/people/dass304/dass304/HWSWpartition/hw-sw-partition-metaheur/BatchExperiments/Ablation/diff_gnn_order_lssp_trace/squeeze_net_tosa/seed-42/run-20260412-143138/config/squeeze_net_tosa_seed-42_ablation.yaml,train,epoch,train,thresholded_partition,threshold,851,851.0,0,851,False,False,4378.67529296875,2446.6832101355344,2702.2350619333124,nan,nan,False,155,7828.61621310217,4831.909135635894,0.61705,0.6596,4383249.0,0.5020310878753662,nan,queue,queue,per_epoch_trace
squeeze_net_tosa,inputs/task_graph_topology/soda-benchmark-graphs/pytorch-graphs/squeeze_net_tosa.dot,/qfs/people/dass304/dass304/HWSWpartition/hw-sw-partition-metaheur/BatchExperiments/Ablation/diff_gnn_order_lssp_trace/squeeze_net_tosa/seed-42/run-20260412-143138/config/squeeze_net_tosa_seed-42_ablation.yaml,train,epoch,train,thresholded_partition,threshold,852,852.0,0,852,False,False,4623.375,2418.6649171182876,2495.1959779595086,nan,nan,False,157,7932.978007297836,4831.909135635894,0.6166,0.6592,4628052.0,0.5020570158958435,nan,queue,queue,per_epoch_trace
squeeze_net_tosa,inputs/task_graph_topology/soda-benchmark-graphs/pytorch-graphs/squeeze_net_tosa.dot,/qfs/people/dass304/dass304/HWSWpartition/hw-sw-partition-metaheur/BatchExperiments/Ablation/diff_gnn_order_lssp_trace/squeeze_net_tosa/seed-42/run-20260412-143138/config/squeeze_net_tosa_seed-42_ablation.yaml,train,epoch,train,thresholded_partition,threshold,853,853.0,0,853,False,False,4397.53076171875,2953.1703520471524,3288.7098683455765,nan,nan,False,157,7899.074024546004,4831.909135635894,0.61615,0.6588,4427480.5,0.5054331421852112,nan,queue,queue,per_epoch_trace
squeeze_net_tosa,inputs/task_graph_topology/soda-benchmark-graphs/pytorch-graphs/squeeze_net_tosa.dot,/qfs/people/dass304/dass304/HWSWpartition/hw-sw-partition-metaheur/BatchExperiments/Ablation/diff_gnn_order_lssp_trace/squeeze_net_tosa/seed-42/run-20260412-143138/config/squeeze_net_tosa_seed-42_ablation.yaml,train,epoch,train,thresholded_partition,threshold,854,854.0,0,854,False,False,4561.740234375,1999.7958242475702,2177.66680205195,nan,nan,False,157,7926.5233232594555,4831.909135635894,0.6157,0.6584,4572729.0,0.49675092101097107,nan,queue,queue,per_epoch_trace
squeeze_net_tosa,inputs/task_graph_topology/soda-benchmark-graphs/pytorch-graphs/squeeze_net_tosa.dot,/qfs/people/dass304/dass304/HWSWpartition/hw-sw-partition-metaheur/BatchExperiments/Ablation/diff_gnn_order_lssp_trace/squeeze_net_tosa/seed-42/run-20260412-143138/config/squeeze_net_tosa_seed-42_ablation.yaml,train,epoch,train,thresholded_partition,threshold,855,855.0,0,855,False,False,4377.81591796875,2552.7689569235695,2750.415630400444,nan,nan,False,155,7847.274523623614,4831.909135635894,0.6152500000000001,0.6579999999999999,4382166.5,0.501978874206543,nan,queue,queue,per_epoch_trace
squeeze_net_tosa,inputs/task_graph_topology/soda-benchmark-graphs/pytorch-graphs/squeeze_net_tosa.dot,/qfs/people/dass304/dass304/HWSWpartition/hw-sw-partition-metaheur/BatchExperiments/Ablation/diff_gnn_order_lssp_trace/squeeze_net_tosa/seed-42/run-20260412-143138/config/squeeze_net_tosa_seed-42_ablation.yaml,train,epoch,train,thresholded_partition,threshold,856,856.0,0,856,False,False,4512.63330078125,2061.6687956217725,2402.061980993742,nan,nan,False,157,7930.810915635391,4831.909135635894,0.6148,0.6576,4623614.0,0.5105142593383789,nan,queue,queue,per_epoch_trace
squeeze_net_tosa,inputs/task_graph_topology/soda-benchmark-graphs/pytorch-graphs/squeeze_net_tosa.dot,/qfs/people/dass304/dass304/HWSWpartition/hw-sw-partition-metaheur/BatchExperiments/Ablation/diff_gnn_order_lssp_trace/squeeze_net_tosa/seed-42/run-20260412-143138/config/squeeze_net_tosa_seed-42_ablation.yaml,train,epoch,train,thresholded_partition,threshold,857,857.0,0,857,False,False,4383.66943359375,1996.120156146466,2175.9332153628475,nan,nan,False,158,7966.796296601141,4831.909135635894,0.61435,0.6572,4453059.0,0.5083037614822388,nan,queue,queue,per_epoch_trace
squeeze_net_tosa,inputs/task_graph_topology/soda-benchmark-graphs/pytorch-graphs/squeeze_net_tosa.dot,/qfs/people/dass304/dass304/HWSWpartition/hw-sw-partition-metaheur/BatchExperiments/Ablation/diff_gnn_order_lssp_trace/squeeze_net_tosa/seed-42/run-20260412-143138/config/squeeze_net_tosa_seed-42_ablation.yaml,train,epoch,train,thresholded_partition,threshold,858,858.0,0,858,False,False,4354.08251953125,2788.44899934091,2957.40414664481,nan,nan,False,155,7840.4324666768625,4831.909135635894,0.6139,0.6568,4492672.5,0.5117537975311279,nan,queue,queue,per_epoch_trace
squeeze_net_tosa,inputs/task_graph_topology/soda-benchmark-graphs/pytorch-graphs/squeeze_net_tosa.dot,/qfs/people/dass304/dass304/HWSWpartition/hw-sw-partition-metaheur/BatchExperiments/Ablation/diff_gnn_order_lssp_trace/squeeze_net_tosa/seed-42/run-20260412-143138/config/squeeze_net_tosa_seed-42_ablation.yaml,train,epoch,train,thresholded_partition,threshold,859,859.0,0,859,False,False,4441.38623046875,2303.192482489363,2851.8941375613754,nan,nan,False,158,8024.222899019482,4831.909135635894,0.61345,0.6564,4472193.0,0.5055109262466431,nan,queue,queue,per_epoch_trace
squeeze_net_tosa,inputs/task_graph_topology/soda-benchmark-graphs/pytorch-graphs/squeeze_net_tosa.dot,/qfs/people/dass304/dass304/HWSWpartition/hw-sw-partition-metaheur/BatchExperiments/Ablation/diff_gnn_order_lssp_trace/squeeze_net_tosa/seed-42/run-20260412-143138/config/squeeze_net_tosa_seed-42_ablation.yaml,train,epoch,train,thresholded_partition,threshold,860,860.0,0,860,False,False,4461.4892578125,2279.7517200422144,2531.3381130438434,nan,nan,False,157,8027.900650920468,4831.909135635894,0.613,0.6559999999999999,4501885.0,0.5063213109970093,nan,queue,queue,per_epoch_trace
squeeze_net_tosa,inputs/task_graph_topology/soda-benchmark-graphs/pytorch-graphs/squeeze_net_tosa.dot,/qfs/people/dass304/dass304/HWSWpartition/hw-sw-partition-metaheur/BatchExperiments/Ablation/diff_gnn_order_lssp_trace/squeeze_net_tosa/seed-42/run-20260412-143138/config/squeeze_net_tosa_seed-42_ablation.yaml,train,epoch,train,thresholded_partition,threshold,861,861.0,0,861,False,False,4614.81787109375,3201.0447643157227,3340.834240129116,nan,nan,False,153,7666.585664427368,4831.909135635894,0.6125499999999999,0.6556,4622370.5,0.4973340928554535,nan,queue,queue,per_epoch_trace
squeeze_net_tosa,inputs/task_graph_topology/soda-benchmark-graphs/pytorch-graphs/squeeze_net_tosa.dot,/qfs/people/dass304/dass304/HWSWpartition/hw-sw-partition-metaheur/BatchExperiments/Ablation/diff_gnn_order_lssp_trace/squeeze_net_tosa/seed-42/run-20260412-143138/config/squeeze_net_tosa_seed-42_ablation.yaml,train,epoch,train,thresholded_partition,threshold,862,862.0,0,862,False,False,4395.08642578125,1690.6433477487171,1837.804378594401,nan,nan,False,161,8257.175508617083,4831.909135635894,0.6121,0.6552,4399216.0,0.5019248127937317,nan,queue,queue,per_epoch_trace
squeeze_net_tosa,inputs/task_graph_topology/soda-benchmark-graphs/pytorch-graphs/squeeze_net_tosa.dot,/qfs/people/dass304/dass304/HWSWpartition/hw-sw-partition-metaheur/BatchExperiments/Ablation/diff_gnn_order_lssp_trace/squeeze_net_tosa/seed-42/run-20260412-143138/config/squeeze_net_tosa_seed-42_ablation.yaml,train,epoch,train,thresholded_partition,threshold,863,863.0,0,863,False,False,4410.4775390625,2159.907084216524,2500.333520042183,nan,nan,False,158,7988.013009823142,4831.909135635894,0.61165,0.6548,4415470.5,0.4978651702404022,nan,queue,queue,per_epoch_trace
squeeze_net_tosa,inputs/task_graph_topology/soda-benchmark-graphs/pytorch-graphs/squeeze_net_tosa.dot,/qfs/people/dass304/dass304/HWSWpartition/hw-sw-partition-metaheur/BatchExperiments/Ablation/diff_gnn_order_lssp_trace/squeeze_net_tosa/seed-42/run-20260412-143138/config/squeeze_net_tosa_seed-42_ablation.yaml,train,epoch,train,thresholded_partition,threshold,864,864.0,0,864,False,False,4330.38232421875,2466.7952809150443,2731.081910677098,nan,nan,False,157,7920.838900499313,4831.909135635894,0.6112,0.6544,4337292.0,0.502544641494751,nan,queue,queue,per_epoch_trace
squeeze_net_tosa,inputs/task_graph_topology/soda-benchmark-graphs/pytorch-graphs/squeeze_net_tosa.dot,/qfs/people/dass304/dass304/HWSWpartition/hw-sw-partition-metaheur/BatchExperiments/Ablation/diff_gnn_order_lssp_trace/squeeze_net_tosa/seed-42/run-20260412-143138/config/squeeze_net_tosa_seed-42_ablation.yaml,train,epoch,train,thresholded_partition,threshold,865,865.0,0,865,False,False,4353.73486328125,2143.197964471237,2354.126735217757,nan,nan,False,159,8093.873064051913,4831.909135635894,0.61075,0.6539999999999999,4641664.5,0.5169559121131897,nan,queue,queue,per_epoch_trace
squeeze_net_tosa,inputs/task_graph_topology/soda-benchmark-graphs/pytorch-graphs/squeeze_net_tosa.dot,/qfs/people/dass304/dass304/HWSWpartition/hw-sw-partition-metaheur/BatchExperiments/Ablation/diff_gnn_order_lssp_trace/squeeze_net_tosa/seed-42/run-20260412-143138/config/squeeze_net_tosa_seed-42_ablation.yaml,train,epoch,train,thresholded_partition,threshold,866,866.0,0,866,False,False,4308.7080078125,2204.031792688972,2418.8641993016513,nan,nan,False,158,8071.092463655627,4831.909135635894,0.6103000000000001,0.6536,4340198.5,0.5055728554725647,nan,queue,queue,per_epoch_trace
squeeze_net_tosa,inputs/task_graph_topology/soda-benchmark-graphs/pytorch-graphs/squeeze_net_tosa.dot,/qfs/people/dass304/dass304/HWSWpartition/hw-sw-partition-metaheur/BatchExperiments/Ablation/diff_gnn_order_lssp_trace/squeeze_net_tosa/seed-42/run-20260412-143138/config/squeeze_net_tosa_seed-42_ablation.yaml,train,epoch,train,thresholded_partition,threshold,867,867.0,0,867,False,False,4199.05908203125,3272.7207092748827,3291.6594126033165,nan,nan,False,153,7765.028248052082,4831.909135635894,0.60985,0.6532,4518079.0,0.5178484320640564,nan,queue,queue,per_epoch_trace
squeeze_net_tosa,inputs/task_graph_topology/soda-benchmark-graphs/pytorch-graphs/squeeze_net_tosa.dot,/qfs/people/dass304/dass304/HWSWpartition/hw-sw-partition-metaheur/BatchExperiments/Ablation/diff_gnn_order_lssp_trace/squeeze_net_tosa/seed-42/run-20260412-143138/config/squeeze_net_tosa_seed-42_ablation.yaml,train,epoch,train,thresholded_partition,threshold,868,868.0,0,868,False,False,4362.3251953125,3490.7921099739565,3602.1490634483775,nan,nan,False,152,7583.12373882169,4831.909135635894,0.6093999999999999,0.6528,4396560.5,0.5058122277259827,nan,queue,queue,per_epoch_trace
squeeze_net_tosa,inputs/task_graph_topology/soda-benchmark-graphs/pytorch-graphs/squeeze_net_tosa.dot,/qfs/people/dass304/dass304/HWSWpartition/hw-sw-partition-metaheur/BatchExperiments/Ablation/diff_gnn_order_lssp_trace/squeeze_net_tosa/seed-42/run-20260412-143138/config/squeeze_net_tosa_seed-42_ablation.yaml,train,epoch,train,thresholded_partition,threshold,869,869.0,0,869,False,False,4291.29248046875,2436.9454111360765,2664.4952819702644,nan,nan,False,156,7883.915526709289,4831.909135635894,0.60895,0.6524,4305302.0,0.5036835670471191,nan,queue,queue,per_epoch_trace
squeeze_net_tosa,inputs/task_graph_topology/soda-benchmark-graphs/pytorch-graphs/squeeze_net_tosa.dot,/qfs/people/dass304/dass304/HWSWpartition/hw-sw-partition-metaheur/BatchExperiments/Ablation/diff_gnn_order_lssp_trace/squeeze_net_tosa/seed-42/run-20260412-143138/config/squeeze_net_tosa_seed-42_ablation.yaml,train,epoch,train,thresholded_partition,threshold,870,870.0,0,870,False,False,4400.7783203125,2435.157381914514,2577.1891471705408,nan,nan,False,155,7805.046535631495,4831.909135635894,0.6085,0.6519999999999999,4401305.5,0.49971461296081543,nan,queue,queue,per_epoch_trace
squeeze_net_tosa,inputs/task_graph_topology/soda-benchmark-graphs/pytorch-graphs/squeeze_net_tosa.dot,/qfs/people/dass304/dass304/HWSWpartition/hw-sw-partition-metaheur/BatchExperiments/Ablation/diff_gnn_order_lssp_trace/squeeze_net_tosa/seed-42/run-20260412-143138/config/squeeze_net_tosa_seed-42_ablation.yaml,train,epoch,train,thresholded_partition,threshold,871,871.0,0,871,False,False,4341.02294921875,2360.2368574665184,2580.3678272738875,nan,nan,False,156,7864.368697418634,4831.909135635894,0.60805,0.6516,4379600.5,0.5061758756637573,nan,queue,queue,per_epoch_trace
squeeze_net_tosa,inputs/task_graph_topology/soda-benchmark-graphs/pytorch-graphs/squeeze_net_tosa.dot,/qfs/people/dass304/dass304/HWSWpartition/hw-sw-partition-metaheur/BatchExperiments/Ablation/diff_gnn_order_lssp_trace/squeeze_net_tosa/seed-42/run-20260412-143138/config/squeeze_net_tosa_seed-42_ablation.yaml,train,epoch,train,thresholded_partition,threshold,872,872.0,0,872,False,False,4255.9501953125,2468.0630692320606,2731.3252606455803,nan,nan,False,157,8006.021537471462,4831.909135635894,0.6075999999999999,0.6512,4374008.5,0.5108450651168823,nan,queue,queue,per_epoch_trace
squeeze_net_tosa,inputs/task_graph_topology/soda-benchmark-graphs/pytorch-graphs/squeeze_net_tosa.dot,/qfs/people/dass304/dass304/HWSWpartition/hw-sw-partition-metaheur/BatchExperiments/Ablation/diff_gnn_order_lssp_trace/squeeze_net_tosa/seed-42/run-20260412-143138/config/squeeze_net_tosa_seed-42_ablation.yaml,train,epoch,train,thresholded_partition,threshold,873,873.0,0,873,False,False,4526.845703125,3163.837293755178,3356.885236994272,nan,nan,False,153,7781.201370112731,4831.909135635894,0.60715,0.6508,4656541.5,0.5113689303398132,nan,queue,queue,per_epoch_trace
squeeze_net_tosa,inputs/task_graph_topology/soda-benchmark-graphs/pytorch-graphs/squeeze_net_tosa.dot,/qfs/people/dass304/dass304/HWSWpartition/hw-sw-partition-metaheur/BatchExperiments/Ablation/diff_gnn_order_lssp_trace/squeeze_net_tosa/seed-42/run-20260412-143138/config/squeeze_net_tosa_seed-42_ablation.yaml,train,epoch,train,thresholded_partition,threshold,874,874.0,0,874,False,False,4369.88232421875,3213.301319611081,3588.32130789544,nan,nan,False,150,7506.961093838351,4831.909135635894,0.6067,0.6504,4376295.0,0.4975597858428955,nan,queue,queue,per_epoch_trace
squeeze_net_tosa,inputs/task_graph_topology/soda-benchmark-graphs/pytorch-graphs/squeeze_net_tosa.dot,/qfs/people/dass304/dass304/HWSWpartition/hw-sw-partition-metaheur/BatchExperiments/Ablation/diff_gnn_order_lssp_trace/squeeze_net_tosa/seed-42/run-20260412-143138/config/squeeze_net_tosa_seed-42_ablation.yaml,train,epoch,train,thresholded_partition,threshold,875,875.0,0,875,False,False,4462.80859375,2847.994865864083,3159.2056025179404,nan,nan,False,153,7725.151911650954,4831.909135635894,0.60625,0.6499999999999999,4467538.5,0.5020682215690613,nan,queue,queue,per_epoch_trace
squeeze_net_tosa,inputs/task_graph_topology/soda-benchmark-graphs/pytorch-graphs/squeeze_net_tosa.dot,/qfs/people/dass304/dass304/HWSWpartition/hw-sw-partition-metaheur/BatchExperiments/Ablation/diff_gnn_order_lssp_trace/squeeze_net_tosa/seed-42/run-20260412-143138/config/squeeze_net_tosa_seed-42_ablation.yaml,train,epoch,train,thresholded_partition,threshold,876,876.0,0,876,False,False,4273.02294921875,2112.2833399472383,2400.1887682529455,nan,nan,False,157,7909.683326461999,4831.909135635894,0.6058,0.6496,4501674.0,0.5151072144508362,nan,queue,queue,per_epoch_trace
squeeze_net_tosa,inputs/task_graph_topology/soda-benchmark-graphs/pytorch-graphs/squeeze_net_tosa.dot,/qfs/people/dass304/dass304/HWSWpartition/hw-sw-partition-metaheur/BatchExperiments/Ablation/diff_gnn_order_lssp_trace/squeeze_net_tosa/seed-42/run-20260412-143138/config/squeeze_net_tosa_seed-42_ablation.yaml,train,epoch,train,thresholded_partition,threshold,877,877.0,0,877,False,False,4344.25048828125,2388.695086535271,2528.4605171464113,nan,nan,False,156,7842.914637911131,4831.909135635894,0.60535,0.6492,4385256.0,0.5063695907592773,nan,queue,queue,per_epoch_trace
squeeze_net_tosa,inputs/task_graph_topology/soda-benchmark-graphs/pytorch-graphs/squeeze_net_tosa.dot,/qfs/people/dass304/dass304/HWSWpartition/hw-sw-partition-metaheur/BatchExperiments/Ablation/diff_gnn_order_lssp_trace/squeeze_net_tosa/seed-42/run-20260412-143138/config/squeeze_net_tosa_seed-42_ablation.yaml,train,epoch,train,thresholded_partition,threshold,878,878.0,0,878,False,False,4191.10107421875,2967.5336205098924,3197.668296201087,nan,nan,False,152,7718.3228455556155,4831.909135635894,0.6049,0.6488,4392312.5,0.5141693949699402,nan,queue,queue,per_epoch_trace
squeeze_net_tosa,inputs/task_graph_topology/soda-benchmark-graphs/pytorch-graphs/squeeze_net_tosa.dot,/qfs/people/dass304/dass304/HWSWpartition/hw-sw-partition-metaheur/BatchExperiments/Ablation/diff_gnn_order_lssp_trace/squeeze_net_tosa/seed-42/run-20260412-143138/config/squeeze_net_tosa_seed-42_ablation.yaml,train,epoch,train,thresholded_partition,threshold,879,879.0,0,879,False,False,4246.98291015625,2478.5219681692856,2513.8929381622333,nan,nan,False,156,7944.393792120418,4831.909135635894,0.6044499999999999,0.6484,4306221.5,0.5076682567596436,nan,queue,queue,per_epoch_trace
squeeze_net_tosa,inputs/task_graph_topology/soda-benchmark-graphs/pytorch-graphs/squeeze_net_tosa.dot,/qfs/people/dass304/dass304/HWSWpartition/hw-sw-partition-metaheur/BatchExperiments/Ablation/diff_gnn_order_lssp_trace/squeeze_net_tosa/seed-42/run-20260412-143138/config/squeeze_net_tosa_seed-42_ablation.yaml,train,epoch,train,thresholded_partition,threshold,880,880.0,0,880,False,False,4324.51611328125,2502.1852168426763,2502.1852168426763,nan,nan,False,156,7945.137098894033,4831.909135635894,0.604,0.6479999999999999,4341554.5,0.5040750503540039,nan,queue,queue,per_epoch_trace
squeeze_net_tosa,inputs/task_graph_topology/soda-benchmark-graphs/pytorch-graphs/squeeze_net_tosa.dot,/qfs/people/dass304/dass304/HWSWpartition/hw-sw-partition-metaheur/BatchExperiments/Ablation/diff_gnn_order_lssp_trace/squeeze_net_tosa/seed-42/run-20260412-143138/config/squeeze_net_tosa_seed-42_ablation.yaml,train,epoch,train,thresholded_partition,threshold,881,881.0,0,881,False,False,4420.10009765625,2043.8078146962507,2394.8304011305645,nan,nan,False,159,8150.013287307635,4831.909135635894,0.60355,0.6476,4420567.0,0.4998100697994232,nan,queue,queue,per_epoch_trace
squeeze_net_tosa,inputs/task_graph_topology/soda-benchmark-graphs/pytorch-graphs/squeeze_net_tosa.dot,/qfs/people/dass304/dass304/HWSWpartition/hw-sw-partition-metaheur/BatchExperiments/Ablation/diff_gnn_order_lssp_trace/squeeze_net_tosa/seed-42/run-20260412-143138/config/squeeze_net_tosa_seed-42_ablation.yaml,train,epoch,train,thresholded_partition,threshold,882,882.0,0,882,False,False,4555.34033203125,2768.694005822732,2967.1106619672237,nan,nan,False,156,7943.452165994145,4831.909135635894,0.6031,0.6472,4559669.0,0.4980252981185913,nan,queue,queue,per_epoch_trace
squeeze_net_tosa,inputs/task_graph_topology/soda-benchmark-graphs/pytorch-graphs/squeeze_net_tosa.dot,/qfs/people/dass304/dass304/HWSWpartition/hw-sw-partition-metaheur/BatchExperiments/Ablation/diff_gnn_order_lssp_trace/squeeze_net_tosa/seed-42/run-20260412-143138/config/squeeze_net_tosa_seed-42_ablation.yaml,train,epoch,train,thresholded_partition,threshold,883,883.0,0,883,False,False,4349.53857421875,2760.114899394685,2760.114899394685,nan,nan,False,155,7912.907110953678,4831.909135635894,0.6026499999999999,0.6468,4368974.0,0.5043599605560303,nan,queue,queue,per_epoch_trace
squeeze_net_tosa,inputs/task_graph_topology/soda-benchmark-graphs/pytorch-graphs/squeeze_net_tosa.dot,/qfs/people/dass304/dass304/HWSWpartition/hw-sw-partition-metaheur/BatchExperiments/Ablation/diff_gnn_order_lssp_trace/squeeze_net_tosa/seed-42/run-20260412-143138/config/squeeze_net_tosa_seed-42_ablation.yaml,train,epoch,train,thresholded_partition,threshold,884,884.0,0,884,False,False,4435.1376953125,2439.8284855507623,2844.6130364962823,nan,nan,False,156,7967.073364796607,4831.909135635894,0.6022000000000001,0.6464,4436759.0,0.501083254814148,nan,queue,queue,per_epoch_trace
squeeze_net_tosa,inputs/task_graph_topology/soda-benchmark-graphs/pytorch-graphs/squeeze_net_tosa.dot,/qfs/people/dass304/dass304/HWSWpartition/hw-sw-partition-metaheur/BatchExperiments/Ablation/diff_gnn_order_lssp_trace/squeeze_net_tosa/seed-42/run-20260412-143138/config/squeeze_net_tosa_seed-42_ablation.yaml,train,epoch,train,thresholded_partition,threshold,885,885.0,0,885,False,False,4310.904296875,2832.9777864431358,2963.0416999796075,nan,nan,False,154,7756.2902303182855,4831.909135635894,0.60175,0.6459999999999999,4348962.5,0.5061326622962952,nan,queue,queue,per_epoch_trace
squeeze_net_tosa,inputs/task_graph_topology/soda-benchmark-graphs/pytorch-graphs/squeeze_net_tosa.dot,/qfs/people/dass304/dass304/HWSWpartition/hw-sw-partition-metaheur/BatchExperiments/Ablation/diff_gnn_order_lssp_trace/squeeze_net_tosa/seed-42/run-20260412-143138/config/squeeze_net_tosa_seed-42_ablation.yaml,train,epoch,train,thresholded_partition,threshold,886,886.0,0,886,False,False,4351.0869140625,2309.228563859554,2529.255414387427,nan,nan,False,157,8052.090560196692,4831.909135635894,0.6013,0.6456,4358129.5,0.5025693774223328,nan,queue,queue,per_epoch_trace
squeeze_net_tosa,inputs/task_graph_topology/soda-benchmark-graphs/pytorch-graphs/squeeze_net_tosa.dot,/qfs/people/dass304/dass304/HWSWpartition/hw-sw-partition-metaheur/BatchExperiments/Ablation/diff_gnn_order_lssp_trace/squeeze_net_tosa/seed-42/run-20260412-143138/config/squeeze_net_tosa_seed-42_ablation.yaml,train,epoch,train,thresholded_partition,threshold,887,887.0,0,887,False,False,4574.74658203125,2813.4587389349203,2993.3860429416823,nan,nan,False,153,7719.365592203761,4831.909135635894,0.60085,0.6452,4578649.0,0.5018610954284668,nan,queue,queue,per_epoch_trace
squeeze_net_tosa,inputs/task_graph_topology/soda-benchmark-graphs/pytorch-graphs/squeeze_net_tosa.dot,/qfs/people/dass304/dass304/HWSWpartition/hw-sw-partition-metaheur/BatchExperiments/Ablation/diff_gnn_order_lssp_trace/squeeze_net_tosa/seed-42/run-20260412-143138/config/squeeze_net_tosa_seed-42_ablation.yaml,train,epoch,train,thresholded_partition,threshold,888,888.0,0,888,False,False,4423.27099609375,3098.5286561270354,3381.137915201332,nan,nan,False,152,7538.199868481753,4831.909135635894,0.6004,0.6448,4434222.0,0.5032415390014648,nan,queue,queue,per_epoch_trace
squeeze_net_tosa,inputs/task_graph_topology/soda-benchmark-graphs/pytorch-graphs/squeeze_net_tosa.dot,/qfs/people/dass304/dass304/HWSWpartition/hw-sw-partition-metaheur/BatchExperiments/Ablation/diff_gnn_order_lssp_trace/squeeze_net_tosa/seed-42/run-20260412-143138/config/squeeze_net_tosa_seed-42_ablation.yaml,train,epoch,train,thresholded_partition,threshold,889,889.0,0,889,False,False,4247.47509765625,3470.6891271566833,3694.873868923229,nan,nan,False,151,7619.709107948008,4831.909135635894,0.59995,0.6444,4296461.0,0.5069659948348999,nan,queue,queue,per_epoch_trace
squeeze_net_tosa,inputs/task_graph_topology/soda-benchmark-graphs/pytorch-graphs/squeeze_net_tosa.dot,/qfs/people/dass304/dass304/HWSWpartition/hw-sw-partition-metaheur/BatchExperiments/Ablation/diff_gnn_order_lssp_trace/squeeze_net_tosa/seed-42/run-20260412-143138/config/squeeze_net_tosa_seed-42_ablation.yaml,train,epoch,train,thresholded_partition,threshold,890,890.0,0,890,False,False,4374.7890625,3446.6039790064146,3446.6039790064137,nan,nan,False,151,7616.113926072991,4831.909135635894,0.5994999999999999,0.6439999999999999,4377970.5,0.5016456246376038,nan,queue,queue,per_epoch_trace
squeeze_net_tosa,inputs/task_graph_topology/soda-benchmark-graphs/pytorch-graphs/squeeze_net_tosa.dot,/qfs/people/dass304/dass304/HWSWpartition/hw-sw-partition-metaheur/BatchExperiments/Ablation/diff_gnn_order_lssp_trace/squeeze_net_tosa/seed-42/run-20260412-143138/config/squeeze_net_tosa_seed-42_ablation.yaml,train,epoch,train,thresholded_partition,threshold,891,891.0,0,891,False,False,4309.728515625,2869.638434122538,3190.0402613863457,nan,nan,False,152,7615.531106446217,4831.909135635894,0.59905,0.6436,4503204.5,0.5138932466506958,nan,queue,queue,per_epoch_trace
squeeze_net_tosa,inputs/task_graph_topology/soda-benchmark-graphs/pytorch-graphs/squeeze_net_tosa.dot,/qfs/people/dass304/dass304/HWSWpartition/hw-sw-partition-metaheur/BatchExperiments/Ablation/diff_gnn_order_lssp_trace/squeeze_net_tosa/seed-42/run-20260412-143138/config/squeeze_net_tosa_seed-42_ablation.yaml,train,epoch,train,thresholded_partition,threshold,892,892.0,0,892,False,False,4376.99462890625,2895.6374555101015,3157.989366543064,nan,nan,False,153,7594.6755001112,4831.909135635894,0.5986,0.6432,4377706.5,0.49949562549591064,nan,queue,queue,per_epoch_trace
squeeze_net_tosa,inputs/task_graph_topology/soda-benchmark-graphs/pytorch-graphs/squeeze_net_tosa.dot,/qfs/people/dass304/dass304/HWSWpartition/hw-sw-partition-metaheur/BatchExperiments/Ablation/diff_gnn_order_lssp_trace/squeeze_net_tosa/seed-42/run-20260412-143138/config/squeeze_net_tosa_seed-42_ablation.yaml,train,epoch,train,thresholded_partition,threshold,893,893.0,0,893,False,False,4302.88623046875,2761.676197075615,2896.749139795186,nan,nan,False,154,7744.280430107998,4831.909135635894,0.59815,0.6428,4403966.5,0.5100318789482117,nan,queue,queue,per_epoch_trace
squeeze_net_tosa,inputs/task_graph_topology/soda-benchmark-graphs/pytorch-graphs/squeeze_net_tosa.dot,/qfs/people/dass304/dass304/HWSWpartition/hw-sw-partition-metaheur/BatchExperiments/Ablation/diff_gnn_order_lssp_trace/squeeze_net_tosa/seed-42/run-20260412-143138/config/squeeze_net_tosa_seed-42_ablation.yaml,train,epoch,train,thresholded_partition,threshold,894,894.0,0,894,False,False,4320.75830078125,2651.6242603662245,2885.142540363155,nan,nan,False,155,7917.630350735749,4831.909135635894,0.5977,0.6424,4331988.5,0.5032863616943359,nan,queue,queue,per_epoch_trace
squeeze_net_tosa,inputs/task_graph_topology/soda-benchmark-graphs/pytorch-graphs/squeeze_net_tosa.dot,/qfs/people/dass304/dass304/HWSWpartition/hw-sw-partition-metaheur/BatchExperiments/Ablation/diff_gnn_order_lssp_trace/squeeze_net_tosa/seed-42/run-20260412-143138/config/squeeze_net_tosa_seed-42_ablation.yaml,train,epoch,train,thresholded_partition,threshold,895,895.0,0,895,False,False,4413.29736328125,2098.5980439275304,2318.0057403551195,nan,nan,False,157,7977.83351755104,4831.909135635894,0.5972500000000001,0.6419999999999999,4414127.5,0.5006179213523865,nan,queue,queue,per_epoch_trace
squeeze_net_tosa,inputs/task_graph_topology/soda-benchmark-graphs/pytorch-graphs/squeeze_net_tosa.dot,/qfs/people/dass304/dass304/HWSWpartition/hw-sw-partition-metaheur/BatchExperiments/Ablation/diff_gnn_order_lssp_trace/squeeze_net_tosa/seed-42/run-20260412-143138/config/squeeze_net_tosa_seed-42_ablation.yaml,train,epoch,train,thresholded_partition,threshold,896,896.0,0,896,False,False,4245.25244140625,2906.513787639939,2983.733943704467,nan,nan,False,153,7705.0229546103255,4831.909135635894,0.5968,0.6416,4266590.5,0.504569947719574,nan,queue,queue,per_epoch_trace
squeeze_net_tosa,inputs/task_graph_topology/soda-benchmark-graphs/pytorch-graphs/squeeze_net_tosa.dot,/qfs/people/dass304/dass304/HWSWpartition/hw-sw-partition-metaheur/BatchExperiments/Ablation/diff_gnn_order_lssp_trace/squeeze_net_tosa/seed-42/run-20260412-143138/config/squeeze_net_tosa_seed-42_ablation.yaml,train,epoch,train,thresholded_partition,threshold,897,897.0,0,897,False,False,4262.244140625,2966.81043068224,3179.955646750123,nan,nan,False,152,7662.817457296787,4831.909135635894,0.5963499999999999,0.6412,4296475.0,0.5058121085166931,nan,queue,queue,per_epoch_trace
squeeze_net_tosa,inputs/task_graph_topology/soda-benchmark-graphs/pytorch-graphs/squeeze_net_tosa.dot,/qfs/people/dass304/dass304/HWSWpartition/hw-sw-partition-metaheur/BatchExperiments/Ablation/diff_gnn_order_lssp_trace/squeeze_net_tosa/seed-42/run-20260412-143138/config/squeeze_net_tosa_seed-42_ablation.yaml,train,epoch,train,thresholded_partition,threshold,898,898.0,0,898,False,False,4223.08544921875,2849.1664354088557,3050.6292408669174,nan,nan,False,155,7740.472294696941,4831.909135635894,0.5959,0.6408,4276725.0,0.5072925090789795,nan,queue,queue,per_epoch_trace
squeeze_net_tosa,inputs/task_graph_topology/soda-benchmark-graphs/pytorch-graphs/squeeze_net_tosa.dot,/qfs/people/dass304/dass304/HWSWpartition/hw-sw-partition-metaheur/BatchExperiments/Ablation/diff_gnn_order_lssp_trace/squeeze_net_tosa/seed-42/run-20260412-143138/config/squeeze_net_tosa_seed-42_ablation.yaml,train,epoch,train,thresholded_partition,threshold,899,899.0,0,899,False,False,4105.05419921875,2689.3667964741103,2830.5879713859517,nan,nan,False,154,7744.687905968132,4831.909135635894,0.59545,0.6404,4298243.0,0.513882577419281,nan,queue,queue,per_epoch_trace
squeeze_net_tosa,inputs/task_graph_topology/soda-benchmark-graphs/pytorch-graphs/squeeze_net_tosa.dot,/qfs/people/dass304/dass304/HWSWpartition/hw-sw-partition-metaheur/BatchExperiments/Ablation/diff_gnn_order_lssp_trace/squeeze_net_tosa/seed-42/run-20260412-143138/config/squeeze_net_tosa_seed-42_ablation.yaml,train,epoch,train,thresholded_partition,threshold,900,900.0,0,900,False,False,4276.7978515625,3017.1550771016114,3115.2639730817496,nan,nan,False,153,7782.017300981683,4831.909135635894,0.595,0.6399999999999999,4417238.5,0.5118317604064941,nan,queue,queue,per_epoch_trace
squeeze_net_tosa,inputs/task_graph_topology/soda-benchmark-graphs/pytorch-graphs/squeeze_net_tosa.dot,/qfs/people/dass304/dass304/HWSWpartition/hw-sw-partition-metaheur/BatchExperiments/Ablation/diff_gnn_order_lssp_trace/squeeze_net_tosa/seed-42/run-20260412-143138/config/squeeze_net_tosa_seed-42_ablation.yaml,train,epoch,train,thresholded_partition,threshold,901,901.0,0,901,False,False,4178.76171875,2383.32324419025,2486.6218559479535,nan,nan,False,156,7885.836339801556,4831.909135635894,0.5945499999999999,0.6396,4405742.0,0.5150509476661682,nan,queue,queue,per_epoch_trace
squeeze_net_tosa,inputs/task_graph_topology/soda-benchmark-graphs/pytorch-graphs/squeeze_net_tosa.dot,/qfs/people/dass304/dass304/HWSWpartition/hw-sw-partition-metaheur/BatchExperiments/Ablation/diff_gnn_order_lssp_trace/squeeze_net_tosa/seed-42/run-20260412-143138/config/squeeze_net_tosa_seed-42_ablation.yaml,train,epoch,train,thresholded_partition,threshold,902,902.0,0,902,False,False,4177.6572265625,2328.4519842019045,2502.8536213126536,nan,nan,False,156,8032.51653044486,4831.909135635894,0.5941,0.6392,4248585.0,0.5083956122398376,nan,queue,queue,per_epoch_trace
squeeze_net_tosa,inputs/task_graph_topology/soda-benchmark-graphs/pytorch-graphs/squeeze_net_tosa.dot,/qfs/people/dass304/dass304/HWSWpartition/hw-sw-partition-metaheur/BatchExperiments/Ablation/diff_gnn_order_lssp_trace/squeeze_net_tosa/seed-42/run-20260412-143138/config/squeeze_net_tosa_seed-42_ablation.yaml,train,epoch,train,thresholded_partition,threshold,903,903.0,0,903,False,False,4319.1455078125,2383.32324419025,2552.856631420232,nan,nan,False,156,7885.836339801556,4831.909135635894,0.59365,0.6388,4324078.0,0.5021201372146606,nan,queue,queue,per_epoch_trace
squeeze_net_tosa,inputs/task_graph_topology/soda-benchmark-graphs/pytorch-graphs/squeeze_net_tosa.dot,/qfs/people/dass304/dass304/HWSWpartition/hw-sw-partition-metaheur/BatchExperiments/Ablation/diff_gnn_order_lssp_trace/squeeze_net_tosa/seed-42/run-20260412-143138/config/squeeze_net_tosa_seed-42_ablation.yaml,train,epoch,train,thresholded_partition,threshold,904,904.0,0,904,False,False,4518.88525390625,2866.558267510963,3069.0350072259394,nan,nan,False,155,7847.248884821497,4831.909135635894,0.5932,0.6384,4520239.5,0.49905478954315186,nan,queue,queue,per_epoch_trace
squeeze_net_tosa,inputs/task_graph_topology/soda-benchmark-graphs/pytorch-graphs/squeeze_net_tosa.dot,/qfs/people/dass304/dass304/HWSWpartition/hw-sw-partition-metaheur/BatchExperiments/Ablation/diff_gnn_order_lssp_trace/squeeze_net_tosa/seed-42/run-20260412-143138/config/squeeze_net_tosa_seed-42_ablation.yaml,train,epoch,train,thresholded_partition,threshold,905,905.0,0,905,False,False,4285.376953125,2183.0049472932574,2355.4359421006957,nan,nan,False,156,7870.902440096838,4831.909135635894,0.59275,0.6379999999999999,4303856.0,0.5042464137077332,nan,queue,queue,per_epoch_trace
squeeze_net_tosa,inputs/task_graph_topology/soda-benchmark-graphs/pytorch-graphs/squeeze_net_tosa.dot,/qfs/people/dass304/dass304/HWSWpartition/hw-sw-partition-metaheur/BatchExperiments/Ablation/diff_gnn_order_lssp_trace/squeeze_net_tosa/seed-42/run-20260412-143138/config/squeeze_net_tosa_seed-42_ablation.yaml,train,epoch,train,thresholded_partition,threshold,906,906.0,0,906,False,False,4353.12158203125,2545.7526415082043,2665.233078180782,nan,nan,False,155,7844.581870465811,4831.909135635894,0.5923,0.6376,4357946.5,0.502095103263855,nan,queue,queue,per_epoch_trace
squeeze_net_tosa,inputs/task_graph_topology/soda-benchmark-graphs/pytorch-graphs/squeeze_net_tosa.dot,/qfs/people/dass304/dass304/HWSWpartition/hw-sw-partition-metaheur/BatchExperiments/Ablation/diff_gnn_order_lssp_trace/squeeze_net_tosa/seed-42/run-20260412-143138/config/squeeze_net_tosa_seed-42_ablation.yaml,train,epoch,train,thresholded_partition,threshold,907,907.0,0,907,False,False,4205.66796875,2661.7594489861626,2718.266473623749,nan,nan,False,155,7804.596381506685,4831.909135635894,0.59185,0.6372,4236085.5,0.5054745674133301,nan,queue,queue,per_epoch_trace
squeeze_net_tosa,inputs/task_graph_topology/soda-benchmark-graphs/pytorch-graphs/squeeze_net_tosa.dot,/qfs/people/dass304/dass304/HWSWpartition/hw-sw-partition-metaheur/BatchExperiments/Ablation/diff_gnn_order_lssp_trace/squeeze_net_tosa/seed-42/run-20260412-143138/config/squeeze_net_tosa_seed-42_ablation.yaml,train,epoch,train,thresholded_partition,threshold,908,908.0,0,908,False,False,4327.62451171875,2937.738532676132,3000.082588748865,nan,nan,False,154,7694.7669813545945,4831.909135635894,0.5913999999999999,0.6368,4328084.0,0.49997633695602417,nan,queue,queue,per_epoch_trace
squeeze_net_tosa,inputs/task_graph_topology/soda-benchmark-graphs/pytorch-graphs/squeeze_net_tosa.dot,/qfs/people/dass304/dass304/HWSWpartition/hw-sw-partition-metaheur/BatchExperiments/Ablation/diff_gnn_order_lssp_trace/squeeze_net_tosa/seed-42/run-20260412-143138/config/squeeze_net_tosa_seed-42_ablation.yaml,train,epoch,train,thresholded_partition,threshold,909,909.0,0,909,False,False,4307.43701171875,2857.385740500155,2926.4713922358264,nan,nan,False,153,7769.3658502126145,4831.909135635894,0.59095,0.6364,4390453.5,0.5090864896774292,nan,queue,queue,per_epoch_trace
squeeze_net_tosa,inputs/task_graph_topology/soda-benchmark-graphs/pytorch-graphs/squeeze_net_tosa.dot,/qfs/people/dass304/dass304/HWSWpartition/hw-sw-partition-metaheur/BatchExperiments/Ablation/diff_gnn_order_lssp_trace/squeeze_net_tosa/seed-42/run-20260412-143138/config/squeeze_net_tosa_seed-42_ablation.yaml,train,epoch,train,thresholded_partition,threshold,910,910.0,0,910,False,False,4293.06982421875,2680.675103451786,3062.2087439086104,nan,nan,False,154,7673.375978308325,4831.909135635894,0.5905,0.6359999999999999,4483004.0,0.5137655735015869,nan,queue,queue,per_epoch_trace
squeeze_net_tosa,inputs/task_graph_topology/soda-benchmark-graphs/pytorch-graphs/squeeze_net_tosa.dot,/qfs/people/dass304/dass304/HWSWpartition/hw-sw-partition-metaheur/BatchExperiments/Ablation/diff_gnn_order_lssp_trace/squeeze_net_tosa/seed-42/run-20260412-143138/config/squeeze_net_tosa_seed-42_ablation.yaml,train,epoch,train,thresholded_partition,threshold,911,911.0,0,911,False,False,4326.66943359375,2776.1683525840813,3191.634444259242,nan,nan,False,152,7570.957608806271,4831.909135635894,0.59005,0.6355999999999999,4336576.5,0.5030727982521057,nan,queue,queue,per_epoch_trace
squeeze_net_tosa,inputs/task_graph_topology/soda-benchmark-graphs/pytorch-graphs/squeeze_net_tosa.dot,/qfs/people/dass304/dass304/HWSWpartition/hw-sw-partition-metaheur/BatchExperiments/Ablation/diff_gnn_order_lssp_trace/squeeze_net_tosa/seed-42/run-20260412-143138/config/squeeze_net_tosa_seed-42_ablation.yaml,train,epoch,train,thresholded_partition,threshold,912,912.0,0,912,False,False,4354.26171875,2823.4941547706635,3159.374632633832,nan,nan,False,153,7607.915060146383,4831.909135635894,0.5895999999999999,0.6352,4355149.5,0.5006440877914429,nan,queue,queue,per_epoch_trace
squeeze_net_tosa,inputs/task_graph_topology/soda-benchmark-graphs/pytorch-graphs/squeeze_net_tosa.dot,/qfs/people/dass304/dass304/HWSWpartition/hw-sw-partition-metaheur/BatchExperiments/Ablation/diff_gnn_order_lssp_trace/squeeze_net_tosa/seed-42/run-20260412-143138/config/squeeze_net_tosa_seed-42_ablation.yaml,train,epoch,train,thresholded_partition,threshold,913,913.0,0,913,False,False,4423.29248046875,3333.1939884683293,3572.578909612312,nan,nan,False,150,7542.164652212792,4831.909135635894,0.58915,0.6348,4427441.5,0.5019198656082153,nan,queue,queue,per_epoch_trace
squeeze_net_tosa,inputs/task_graph_topology/soda-benchmark-graphs/pytorch-graphs/squeeze_net_tosa.dot,/qfs/people/dass304/dass304/HWSWpartition/hw-sw-partition-metaheur/BatchExperiments/Ablation/diff_gnn_order_lssp_trace/squeeze_net_tosa/seed-42/run-20260412-143138/config/squeeze_net_tosa_seed-42_ablation.yaml,train,epoch,train,thresholded_partition,threshold,914,914.0,0,914,False,False,4279.2080078125,2898.156180884402,3273.9316608413405,nan,nan,False,151,7558.676706769549,4831.909135635894,0.5887,0.6344,4280800.0,0.5010564923286438,nan,queue,queue,per_epoch_trace
squeeze_net_tosa,inputs/task_graph_topology/soda-benchmark-graphs/pytorch-graphs/squeeze_net_tosa.dot,/qfs/people/dass304/dass304/HWSWpartition/hw-sw-partition-metaheur/BatchExperiments/Ablation/diff_gnn_order_lssp_trace/squeeze_net_tosa/seed-42/run-20260412-143138/config/squeeze_net_tosa_seed-42_ablation.yaml,train,epoch,train,thresholded_partition,threshold,915,915.0,0,915,False,False,4137.291015625,2516.1812988465003,3065.723375691326,nan,nan,False,154,7726.699614144227,4831.909135635894,0.5882499999999999,0.6339999999999999,4808625.0,0.5259012579917908,nan,queue,queue,per_epoch_trace
squeeze_net_tosa,inputs/task_graph_topology/soda-benchmark-graphs/pytorch-graphs/squeeze_net_tosa.dot,/qfs/people/dass304/dass304/HWSWpartition/hw-sw-partition-metaheur/BatchExperiments/Ablation/diff_gnn_order_lssp_trace/squeeze_net_tosa/seed-42/run-20260412-143138/config/squeeze_net_tosa_seed-42_ablation.yaml,train,epoch,train,thresholded_partition,threshold,916,916.0,0,916,False,False,4265.984375,2122.068656028579,2451.6654635823056,nan,nan,False,157,7966.190378945342,4831.909135635894,0.5878,0.6335999999999999,4298612.0,0.505671501159668,nan,queue,queue,per_epoch_trace
squeeze_net_tosa,inputs/task_graph_topology/soda-benchmark-graphs/pytorch-graphs/squeeze_net_tosa.dot,/qfs/people/dass304/dass304/HWSWpartition/hw-sw-partition-metaheur/BatchExperiments/Ablation/diff_gnn_order_lssp_trace/squeeze_net_tosa/seed-42/run-20260412-143138/config/squeeze_net_tosa_seed-42_ablation.yaml,train,epoch,train,thresholded_partition,threshold,917,917.0,0,917,False,False,4347.52783203125,2561.6727620281076,2749.316032184083,nan,nan,False,155,7783.823258043593,4831.909135635894,0.58735,0.6332,4378587.0,0.5055331587791443,nan,queue,queue,per_epoch_trace
squeeze_net_tosa,inputs/task_graph_topology/soda-benchmark-graphs/pytorch-graphs/squeeze_net_tosa.dot,/qfs/people/dass304/dass304/HWSWpartition/hw-sw-partition-metaheur/BatchExperiments/Ablation/diff_gnn_order_lssp_trace/squeeze_net_tosa/seed-42/run-20260412-143138/config/squeeze_net_tosa_seed-42_ablation.yaml,train,epoch,train,thresholded_partition,threshold,918,918.0,0,918,False,False,4301.46484375,2363.0007709351403,2451.706435882003,nan,nan,False,157,7839.913868901596,4831.909135635894,0.5869,0.6328,4319916.0,0.5042440891265869,nan,queue,queue,per_epoch_trace
squeeze_net_tosa,inputs/task_graph_topology/soda-benchmark-graphs/pytorch-graphs/squeeze_net_tosa.dot,/qfs/people/dass304/dass304/HWSWpartition/hw-sw-partition-metaheur/BatchExperiments/Ablation/diff_gnn_order_lssp_trace/squeeze_net_tosa/seed-42/run-20260412-143138/config/squeeze_net_tosa_seed-42_ablation.yaml,train,epoch,train,thresholded_partition,threshold,919,919.0,0,919,False,False,4242.8291015625,2202.173730970721,2406.912083388074,nan,nan,False,157,7934.462229129152,4831.909135635894,0.5864499999999999,0.6324,4262151.0,0.5043440461158752,nan,queue,queue,per_epoch_trace
squeeze_net_tosa,inputs/task_graph_topology/soda-benchmark-graphs/pytorch-graphs/squeeze_net_tosa.dot,/qfs/people/dass304/dass304/HWSWpartition/hw-sw-partition-metaheur/BatchExperiments/Ablation/diff_gnn_order_lssp_trace/squeeze_net_tosa/seed-42/run-20260412-143138/config/squeeze_net_tosa_seed-42_ablation.yaml,train,epoch,train,thresholded_partition,threshold,920,920.0,0,920,False,False,4435.33349609375,2540.814092663048,2656.2608988390143,nan,nan,False,154,7770.177173589493,4831.909135635894,0.586,0.6319999999999999,4439042.5,0.49819275736808777,nan,queue,queue,per_epoch_trace
squeeze_net_tosa,inputs/task_graph_topology/soda-benchmark-graphs/pytorch-graphs/squeeze_net_tosa.dot,/qfs/people/dass304/dass304/HWSWpartition/hw-sw-partition-metaheur/BatchExperiments/Ablation/diff_gnn_order_lssp_trace/squeeze_net_tosa/seed-42/run-20260412-143138/config/squeeze_net_tosa_seed-42_ablation.yaml,train,epoch,train,thresholded_partition,threshold,921,921.0,0,921,False,False,4289.70654296875,2117.398396038138,2447.5070271968707,nan,nan,False,158,8085.800388001453,4831.909135635894,0.58555,0.6315999999999999,4335748.5,0.5067527890205383,nan,queue,queue,per_epoch_trace
squeeze_net_tosa,inputs/task_graph_topology/soda-benchmark-graphs/pytorch-graphs/squeeze_net_tosa.dot,/qfs/people/dass304/dass304/HWSWpartition/hw-sw-partition-metaheur/BatchExperiments/Ablation/diff_gnn_order_lssp_trace/squeeze_net_tosa/seed-42/run-20260412-143138/config/squeeze_net_tosa_seed-42_ablation.yaml,train,epoch,train,thresholded_partition,threshold,922,922.0,0,922,False,False,4325.09912109375,3066.4841932508193,3157.955501578877,nan,nan,False,153,7661.054676661383,4831.909135635894,0.5851,0.6312,4358180.0,0.5057128667831421,nan,queue,queue,per_epoch_trace
squeeze_net_tosa,inputs/task_graph_topology/soda-benchmark-graphs/pytorch-graphs/squeeze_net_tosa.dot,/qfs/people/dass304/dass304/HWSWpartition/hw-sw-partition-metaheur/BatchExperiments/Ablation/diff_gnn_order_lssp_trace/squeeze_net_tosa/seed-42/run-20260412-143138/config/squeeze_net_tosa_seed-42_ablation.yaml,train,epoch,train,thresholded_partition,threshold,923,923.0,0,923,False,False,4364.001953125,3294.022219320195,3294.022219320195,nan,nan,False,153,7659.944473389995,4831.909135635894,0.5846499999999999,0.6308,4366007.5,0.5012440085411072,nan,queue,queue,per_epoch_trace
squeeze_net_tosa,inputs/task_graph_topology/soda-benchmark-graphs/pytorch-graphs/squeeze_net_tosa.dot,/qfs/people/dass304/dass304/HWSWpartition/hw-sw-partition-metaheur/BatchExperiments/Ablation/diff_gnn_order_lssp_trace/squeeze_net_tosa/seed-42/run-20260412-143138/config/squeeze_net_tosa_seed-42_ablation.yaml,train,epoch,train,thresholded_partition,threshold,924,924.0,0,924,False,False,4403.06005859375,2769.628472220293,3036.5773950893904,nan,nan,False,154,7846.226897892391,4831.909135635894,0.5842,0.6304,4441928.0,0.5061988234519958,nan,queue,queue,per_epoch_trace
squeeze_net_tosa,inputs/task_graph_topology/soda-benchmark-graphs/pytorch-graphs/squeeze_net_tosa.dot,/qfs/people/dass304/dass304/HWSWpartition/hw-sw-partition-metaheur/BatchExperiments/Ablation/diff_gnn_order_lssp_trace/squeeze_net_tosa/seed-42/run-20260412-143138/config/squeeze_net_tosa_seed-42_ablation.yaml,train,epoch,train,thresholded_partition,threshold,925,925.0,0,925,False,False,4025.311767578125,2561.6727620281076,2818.9665442788832,nan,nan,False,154,7765.145044242519,4831.909135635894,0.58375,0.6299999999999999,4592853.5,0.5238139629364014,nan,queue,queue,per_epoch_trace
squeeze_net_tosa,inputs/task_graph_topology/soda-benchmark-graphs/pytorch-graphs/squeeze_net_tosa.dot,/qfs/people/dass304/dass304/HWSWpartition/hw-sw-partition-metaheur/BatchExperiments/Ablation/diff_gnn_order_lssp_trace/squeeze_net_tosa/seed-42/run-20260412-143138/config/squeeze_net_tosa_seed-42_ablation.yaml,train,epoch,train,thresholded_partition,threshold,926,926.0,0,926,False,False,4386.80419921875,2600.25784018693,2947.9433816398373,nan,nan,False,157,7912.033776298793,4831.909135635894,0.5832999999999999,0.6295999999999999,4404596.5,0.504163920879364,nan,queue,queue,per_epoch_trace
squeeze_net_tosa,inputs/task_graph_topology/soda-benchmark-graphs/pytorch-graphs/squeeze_net_tosa.dot,/qfs/people/dass304/dass304/HWSWpartition/hw-sw-partition-metaheur/BatchExperiments/Ablation/diff_gnn_order_lssp_trace/squeeze_net_tosa/seed-42/run-20260412-143138/config/squeeze_net_tosa_seed-42_ablation.yaml,train,epoch,train,thresholded_partition,threshold,927,927.0,0,927,False,False,4422.8095703125,2805.360997978753,3145.7874338044116,nan,nan,False,156,7809.883436038037,4831.909135635894,0.58285,0.6292,4424304.0,0.4989780783653259,nan,queue,queue,per_epoch_trace
squeeze_net_tosa,inputs/task_graph_topology/soda-benchmark-graphs/pytorch-graphs/squeeze_net_tosa.dot,/qfs/people/dass304/dass304/HWSWpartition/hw-sw-partition-metaheur/BatchExperiments/Ablation/diff_gnn_order_lssp_trace/squeeze_net_tosa/seed-42/run-20260412-143138/config/squeeze_net_tosa_seed-42_ablation.yaml,train,epoch,train,thresholded_partition,threshold,928,928.0,0,928,False,False,4527.6923828125,2770.3405639527286,2833.93628064203,nan,nan,False,154,7683.110651906806,4831.909135635894,0.5824,0.6288,4545277.5,0.4958607256412506,nan,queue,queue,per_epoch_trace
squeeze_net_tosa,inputs/task_graph_topology/soda-benchmark-graphs/pytorch-graphs/squeeze_net_tosa.dot,/qfs/people/dass304/dass304/HWSWpartition/hw-sw-partition-metaheur/BatchExperiments/Ablation/diff_gnn_order_lssp_trace/squeeze_net_tosa/seed-42/run-20260412-143138/config/squeeze_net_tosa_seed-42_ablation.yaml,train,epoch,train,thresholded_partition,threshold,929,929.0,0,929,False,False,4247.25830078125,2573.789505344606,2924.812091778919,nan,nan,False,157,8043.380869130852,4831.909135635894,0.58195,0.6284,4401851.0,0.5124163031578064,nan,queue,queue,per_epoch_trace
squeeze_net_tosa,inputs/task_graph_topology/soda-benchmark-graphs/pytorch-graphs/squeeze_net_tosa.dot,/qfs/people/dass304/dass304/HWSWpartition/hw-sw-partition-metaheur/BatchExperiments/Ablation/diff_gnn_order_lssp_trace/squeeze_net_tosa/seed-42/run-20260412-143138/config/squeeze_net_tosa_seed-42_ablation.yaml,train,epoch,train,thresholded_partition,threshold,930,930.0,0,930,False,False,4354.27197265625,2256.0458731007593,2427.0240114749727,nan,nan,False,158,7950.116248962591,4831.909135635894,0.5814999999999999,0.6279999999999999,4392930.0,0.4938179850578308,nan,queue,queue,per_epoch_trace
squeeze_net_tosa,inputs/task_graph_topology/soda-benchmark-graphs/pytorch-graphs/squeeze_net_tosa.dot,/qfs/people/dass304/dass304/HWSWpartition/hw-sw-partition-metaheur/BatchExperiments/Ablation/diff_gnn_order_lssp_trace/squeeze_net_tosa/seed-42/run-20260412-143138/config/squeeze_net_tosa_seed-42_ablation.yaml,train,epoch,train,thresholded_partition,threshold,931,931.0,0,931,False,False,4268.47607421875,2861.0564987349185,3184.58302052475,nan,nan,False,152,7635.624047997803,4831.909135635894,0.58105,0.6275999999999999,4330735.5,0.5078616738319397,nan,queue,queue,per_epoch_trace
squeeze_net_tosa,inputs/task_graph_topology/soda-benchmark-graphs/pytorch-graphs/squeeze_net_tosa.dot,/qfs/people/dass304/dass304/HWSWpartition/hw-sw-partition-metaheur/BatchExperiments/Ablation/diff_gnn_order_lssp_trace/squeeze_net_tosa/seed-42/run-20260412-143138/config/squeeze_net_tosa_seed-42_ablation.yaml,train,epoch,train,thresholded_partition,threshold,932,932.0,0,932,False,False,4266.876953125,2898.779152372352,3174.170710539134,nan,nan,False,154,7701.0608820726075,4831.909135635894,0.5806,0.6272,4277170.5,0.5031388998031616,nan,queue,queue,per_epoch_trace
squeeze_net_tosa,inputs/task_graph_topology/soda-benchmark-graphs/pytorch-graphs/squeeze_net_tosa.dot,/qfs/people/dass304/dass304/HWSWpartition/hw-sw-partition-metaheur/BatchExperiments/Ablation/diff_gnn_order_lssp_trace/squeeze_net_tosa/seed-42/run-20260412-143138/config/squeeze_net_tosa_seed-42_ablation.yaml,train,epoch,train,thresholded_partition,threshold,933,933.0,0,933,False,False,4210.17626953125,2660.8417822218785,2737.5140999066657,nan,nan,False,155,7810.623884162132,4831.909135635894,0.5801499999999999,0.6268,4313635.5,0.5101496577262878,nan,queue,queue,per_epoch_trace
squeeze_net_tosa,inputs/task_graph_topology/soda-benchmark-graphs/pytorch-graphs/squeeze_net_tosa.dot,/qfs/people/dass304/dass304/HWSWpartition/hw-sw-partition-metaheur/BatchExperiments/Ablation/diff_gnn_order_lssp_trace/squeeze_net_tosa/seed-42/run-20260412-143138/config/squeeze_net_tosa_seed-42_ablation.yaml,train,epoch,train,thresholded_partition,threshold,934,934.0,0,934,False,False,4303.94384765625,2454.16099285102,2836.0616815034423,nan,nan,False,154,7778.567592294657,4831.909135635894,0.5797,0.6264,4343918.5,0.5062867999076843,nan,queue,queue,per_epoch_trace
squeeze_net_tosa,inputs/task_graph_topology/soda-benchmark-graphs/pytorch-graphs/squeeze_net_tosa.dot,/qfs/people/dass304/dass304/HWSWpartition/hw-sw-partition-metaheur/BatchExperiments/Ablation/diff_gnn_order_lssp_trace/squeeze_net_tosa/seed-42/run-20260412-143138/config/squeeze_net_tosa_seed-42_ablation.yaml,train,epoch,train,thresholded_partition,threshold,935,935.0,0,935,False,False,4323.32421875,3294.8244064667892,3488.633001114438,nan,nan,False,153,7683.515019097588,4831.909135635894,0.57925,0.6259999999999999,4417009.5,0.5096551179885864,nan,queue,queue,per_epoch_trace
squeeze_net_tosa,inputs/task_graph_topology/soda-benchmark-graphs/pytorch-graphs/squeeze_net_tosa.dot,/qfs/people/dass304/dass304/HWSWpartition/hw-sw-partition-metaheur/BatchExperiments/Ablation/diff_gnn_order_lssp_trace/squeeze_net_tosa/seed-42/run-20260412-143138/config/squeeze_net_tosa_seed-42_ablation.yaml,train,epoch,train,thresholded_partition,threshold,936,936.0,0,936,False,False,4183.369140625,2183.0049472932574,2403.221651081653,nan,nan,False,157,7898.183609986612,4831.909135635894,0.5788,0.6255999999999999,4239975.5,0.5074939131736755,nan,queue,queue,per_epoch_trace
squeeze_net_tosa,inputs/task_graph_topology/soda-benchmark-graphs/pytorch-graphs/squeeze_net_tosa.dot,/qfs/people/dass304/dass304/HWSWpartition/hw-sw-partition-metaheur/BatchExperiments/Ablation/diff_gnn_order_lssp_trace/squeeze_net_tosa/seed-42/run-20260412-143138/config/squeeze_net_tosa_seed-42_ablation.yaml,train,epoch,train,thresholded_partition,threshold,937,937.0,0,937,False,False,4401.3837890625,2269.9824657678205,2504.089714288531,nan,nan,False,156,7827.64895364804,4831.909135635894,0.5783499999999999,0.6252,4435052.5,0.4942372143268585,nan,queue,queue,per_epoch_trace
squeeze_net_tosa,inputs/task_graph_topology/soda-benchmark-graphs/pytorch-graphs/squeeze_net_tosa.dot,/qfs/people/dass304/dass304/HWSWpartition/hw-sw-partition-metaheur/BatchExperiments/Ablation/diff_gnn_order_lssp_trace/squeeze_net_tosa/seed-42/run-20260412-143138/config/squeeze_net_tosa_seed-42_ablation.yaml,train,epoch,train,thresholded_partition,threshold,938,938.0,0,938,False,False,4265.46435546875,2289.1284326440787,2513.7293643458247,nan,nan,False,157,7931.038166015789,4831.909135635894,0.5779000000000001,0.6248,4271874.0,0.502443253993988,nan,queue,queue,per_epoch_trace
squeeze_net_tosa,inputs/task_graph_topology/soda-benchmark-graphs/pytorch-graphs/squeeze_net_tosa.dot,/qfs/people/dass304/dass304/HWSWpartition/hw-sw-partition-metaheur/BatchExperiments/Ablation/diff_gnn_order_lssp_trace/squeeze_net_tosa/seed-42/run-20260412-143138/config/squeeze_net_tosa_seed-42_ablation.yaml,train,epoch,train,thresholded_partition,threshold,939,939.0,0,939,False,False,4238.72607421875,2966.007976981456,3269.8865264953133,nan,nan,False,153,7686.476083679533,4831.909135635894,0.57745,0.6244000000000001,4240824.0,0.49871596693992615,nan,queue,queue,per_epoch_trace
squeeze_net_tosa,inputs/task_graph_topology/soda-benchmark-graphs/pytorch-graphs/squeeze_net_tosa.dot,/qfs/people/dass304/dass304/HWSWpartition/hw-sw-partition-metaheur/BatchExperiments/Ablation/diff_gnn_order_lssp_trace/squeeze_net_tosa/seed-42/run-20260412-143138/config/squeeze_net_tosa_seed-42_ablation.yaml,train,epoch,train,thresholded_partition,threshold,940,940.0,0,940,False,False,4202.0947265625,3401.1269593127913,3649.3835477759317,nan,nan,False,151,7528.121038615629,4831.909135635894,0.577,0.624,4220886.0,0.5042813420295715,nan,queue,queue,per_epoch_trace
squeeze_net_tosa,inputs/task_graph_topology/soda-benchmark-graphs/pytorch-graphs/squeeze_net_tosa.dot,/qfs/people/dass304/dass304/HWSWpartition/hw-sw-partition-metaheur/BatchExperiments/Ablation/diff_gnn_order_lssp_trace/squeeze_net_tosa/seed-42/run-20260412-143138/config/squeeze_net_tosa_seed-42_ablation.yaml,train,epoch,train,thresholded_partition,threshold,941,941.0,0,941,False,False,4455.52294921875,3478.592114231315,3494.002670787276,nan,nan,False,151,7507.507042603805,4831.909135635894,0.57655,0.6235999999999999,4467944.0,0.5034576058387756,nan,queue,queue,per_epoch_trace
squeeze_net_tosa,inputs/task_graph_topology/soda-benchmark-graphs/pytorch-graphs/squeeze_net_tosa.dot,/qfs/people/dass304/dass304/HWSWpartition/hw-sw-partition-metaheur/BatchExperiments/Ablation/diff_gnn_order_lssp_trace/squeeze_net_tosa/seed-42/run-20260412-143138/config/squeeze_net_tosa_seed-42_ablation.yaml,train,epoch,train,thresholded_partition,threshold,942,942.0,0,942,False,False,4354.42236328125,3707.4273963555,3812.90717429433,nan,nan,False,149,7457.738018530618,4831.909135635894,0.5761000000000001,0.6232,4461852.5,0.5103415846824646,nan,queue,queue,per_epoch_trace
squeeze_net_tosa,inputs/task_graph_topology/soda-benchmark-graphs/pytorch-graphs/squeeze_net_tosa.dot,/qfs/people/dass304/dass304/HWSWpartition/hw-sw-partition-metaheur/BatchExperiments/Ablation/diff_gnn_order_lssp_trace/squeeze_net_tosa/seed-42/run-20260412-143138/config/squeeze_net_tosa_seed-42_ablation.yaml,train,epoch,train,thresholded_partition,threshold,943,943.0,0,943,False,False,4163.24169921875,2910.52228933165,3196.112539408981,nan,nan,False,152,7660.2013434794435,4831.909135635894,0.57565,0.6228,4300281.5,0.5116872787475586,nan,queue,queue,per_epoch_trace
squeeze_net_tosa,inputs/task_graph_topology/soda-benchmark-graphs/pytorch-graphs/squeeze_net_tosa.dot,/qfs/people/dass304/dass304/HWSWpartition/hw-sw-partition-metaheur/BatchExperiments/Ablation/diff_gnn_order_lssp_trace/squeeze_net_tosa/seed-42/run-20260412-143138/config/squeeze_net_tosa_seed-42_ablation.yaml,train,epoch,train,thresholded_partition,threshold,944,944.0,0,944,False,False,4150.1767578125,2686.9350454404425,2918.7662570670805,nan,nan,False,154,7819.409918745316,4831.909135635894,0.5751999999999999,0.6224000000000001,4523689.5,0.5193146467208862,nan,queue,queue,per_epoch_trace
squeeze_net_tosa,inputs/task_graph_topology/soda-benchmark-graphs/pytorch-graphs/squeeze_net_tosa.dot,/qfs/people/dass304/dass304/HWSWpartition/hw-sw-partition-metaheur/BatchExperiments/Ablation/diff_gnn_order_lssp_trace/squeeze_net_tosa/seed-42/run-20260412-143138/config/squeeze_net_tosa_seed-42_ablation.yaml,train,epoch,train,thresholded_partition,threshold,945,945.0,0,945,False,False,4157.12841796875,2416.9220091591583,2758.884747805809,nan,nan,False,157,7905.2555846447185,4831.909135635894,0.5747500000000001,0.622,4426020.5,0.5163843035697937,nan,queue,queue,per_epoch_trace
squeeze_net_tosa,inputs/task_graph_topology/soda-benchmark-graphs/pytorch-graphs/squeeze_net_tosa.dot,/qfs/people/dass304/dass304/HWSWpartition/hw-sw-partition-metaheur/BatchExperiments/Ablation/diff_gnn_order_lssp_trace/squeeze_net_tosa/seed-42/run-20260412-143138/config/squeeze_net_tosa_seed-42_ablation.yaml,train,epoch,train,thresholded_partition,threshold,946,946.0,0,946,False,False,4187.6494140625,3195.474346533127,3609.162894170006,nan,nan,False,152,7574.033580377884,4831.909135635894,0.5743,0.6215999999999999,4247911.5,0.5077333450317383,nan,queue,queue,per_epoch_trace
squeeze_net_tosa,inputs/task_graph_topology/soda-benchmark-graphs/pytorch-graphs/squeeze_net_tosa.dot,/qfs/people/dass304/dass304/HWSWpartition/hw-sw-partition-metaheur/BatchExperiments/Ablation/diff_gnn_order_lssp_trace/squeeze_net_tosa/seed-42/run-20260412-143138/config/squeeze_net_tosa_seed-42_ablation.yaml,train,epoch,train,thresholded_partition,threshold,947,947.0,0,947,False,False,4355.35107421875,2493.3833213199255,2679.0254874761836,nan,nan,False,156,7893.779767142357,4831.909135635894,0.57385,0.6212,4359009.5,0.5017900466918945,nan,queue,queue,per_epoch_trace
squeeze_net_tosa,inputs/task_graph_topology/soda-benchmark-graphs/pytorch-graphs/squeeze_net_tosa.dot,/qfs/people/dass304/dass304/HWSWpartition/hw-sw-partition-metaheur/BatchExperiments/Ablation/diff_gnn_order_lssp_trace/squeeze_net_tosa/seed-42/run-20260412-143138/config/squeeze_net_tosa_seed-42_ablation.yaml,train,epoch,train,thresholded_partition,threshold,948,948.0,0,948,False,False,4290.443359375,2358.428396755808,2358.4283967558076,nan,nan,False,158,8081.207540641658,4831.909135635894,0.5734,0.6208,4594931.5,0.5174368619918823,nan,queue,queue,per_epoch_trace
squeeze_net_tosa,inputs/task_graph_topology/soda-benchmark-graphs/pytorch-graphs/squeeze_net_tosa.dot,/qfs/people/dass304/dass304/HWSWpartition/hw-sw-partition-metaheur/BatchExperiments/Ablation/diff_gnn_order_lssp_trace/squeeze_net_tosa/seed-42/run-20260412-143138/config/squeeze_net_tosa_seed-42_ablation.yaml,train,epoch,train,thresholded_partition,threshold,949,949.0,0,949,False,False,4348.31884765625,2801.258011242057,3126.5793333478464,nan,nan,False,154,7753.949538167421,4831.909135635894,0.5729500000000001,0.6204000000000001,4368767.5,0.495527058839798,nan,queue,queue,per_epoch_trace
squeeze_net_tosa,inputs/task_graph_topology/soda-benchmark-graphs/pytorch-graphs/squeeze_net_tosa.dot,/qfs/people/dass304/dass304/HWSWpartition/hw-sw-partition-metaheur/BatchExperiments/Ablation/diff_gnn_order_lssp_trace/squeeze_net_tosa/seed-42/run-20260412-143138/config/squeeze_net_tosa_seed-42_ablation.yaml,train,epoch,train,thresholded_partition,threshold,950,950.0,0,950,False,False,4371.9453125,2897.9696522818263,3375.820263628793,nan,nan,False,155,7753.07746680759,4831.909135635894,0.5725,0.62,4372614.0,0.5004735589027405,nan,queue,queue,per_epoch_trace
squeeze_net_tosa,inputs/task_graph_topology/soda-benchmark-graphs/pytorch-graphs/squeeze_net_tosa.dot,/qfs/people/dass304/dass304/HWSWpartition/hw-sw-partition-metaheur/BatchExperiments/Ablation/diff_gnn_order_lssp_trace/squeeze_net_tosa/seed-42/run-20260412-143138/config/squeeze_net_tosa_seed-42_ablation.yaml,train,epoch,train,thresholded_partition,threshold,951,951.0,0,951,False,False,4384.58984375,2904.5635166665675,3159.0402837089655,nan,nan,False,154,7713.815511599134,4831.909135635894,0.57205,0.6195999999999999,4391407.5,0.49747446179389954,nan,queue,queue,per_epoch_trace
squeeze_net_tosa,inputs/task_graph_topology/soda-benchmark-graphs/pytorch-graphs/squeeze_net_tosa.dot,/qfs/people/dass304/dass304/HWSWpartition/hw-sw-partition-metaheur/BatchExperiments/Ablation/diff_gnn_order_lssp_trace/squeeze_net_tosa/seed-42/run-20260412-143138/config/squeeze_net_tosa_seed-42_ablation.yaml,train,epoch,train,thresholded_partition,threshold,952,952.0,0,952,False,False,4286.92138671875,2949.4577423605183,3200.986113642272,nan,nan,False,154,7739.30047550872,4831.909135635894,0.5716,0.6192,4287519.5,0.49962547421455383,nan,queue,queue,per_epoch_trace
squeeze_net_tosa,inputs/task_graph_topology/soda-benchmark-graphs/pytorch-graphs/squeeze_net_tosa.dot,/qfs/people/dass304/dass304/HWSWpartition/hw-sw-partition-metaheur/BatchExperiments/Ablation/diff_gnn_order_lssp_trace/squeeze_net_tosa/seed-42/run-20260412-143138/config/squeeze_net_tosa_seed-42_ablation.yaml,train,epoch,train,thresholded_partition,threshold,953,953.0,0,953,False,False,4216.04638671875,3040.371787652986,3183.438118321293,nan,nan,False,151,7635.059745269255,4831.909135635894,0.57115,0.6188,4249614.0,0.5057541728019714,nan,queue,queue,per_epoch_trace
squeeze_net_tosa,inputs/task_graph_topology/soda-benchmark-graphs/pytorch-graphs/squeeze_net_tosa.dot,/qfs/people/dass304/dass304/HWSWpartition/hw-sw-partition-metaheur/BatchExperiments/Ablation/diff_gnn_order_lssp_trace/squeeze_net_tosa/seed-42/run-20260412-143138/config/squeeze_net_tosa_seed-42_ablation.yaml,train,epoch,train,thresholded_partition,threshold,954,954.0,0,954,False,False,4341.36181640625,3492.154925245373,3982.881053310432,nan,nan,False,149,7481.089147863982,4831.909135635894,0.5707,0.6184000000000001,4375654.5,0.49418437480926514,nan,queue,queue,per_epoch_trace
squeeze_net_tosa,inputs/task_graph_topology/soda-benchmark-graphs/pytorch-graphs/squeeze_net_tosa.dot,/qfs/people/dass304/dass304/HWSWpartition/hw-sw-partition-metaheur/BatchExperiments/Ablation/diff_gnn_order_lssp_trace/squeeze_net_tosa/seed-42/run-20260412-143138/config/squeeze_net_tosa_seed-42_ablation.yaml,train,epoch,train,thresholded_partition,threshold,955,955.0,0,955,False,False,4267.88330078125,3002.358747489607,3127.551144314832,nan,nan,False,152,7599.9096667458225,4831.909135635894,0.57025,0.618,4312011.5,0.5066081881523132,nan,queue,queue,per_epoch_trace
squeeze_net_tosa,inputs/task_graph_topology/soda-benchmark-graphs/pytorch-graphs/squeeze_net_tosa.dot,/qfs/people/dass304/dass304/HWSWpartition/hw-sw-partition-metaheur/BatchExperiments/Ablation/diff_gnn_order_lssp_trace/squeeze_net_tosa/seed-42/run-20260412-143138/config/squeeze_net_tosa_seed-42_ablation.yaml,train,epoch,train,thresholded_partition,threshold,956,956.0,0,956,False,False,4269.6640625,3249.2909096099643,3479.591830623253,nan,nan,False,150,7476.382396145989,4831.909135635894,0.5698000000000001,0.6175999999999999,4324079.0,0.5073448419570923,nan,queue,queue,per_epoch_trace
squeeze_net_tosa,inputs/task_graph_topology/soda-benchmark-graphs/pytorch-graphs/squeeze_net_tosa.dot,/qfs/people/dass304/dass304/HWSWpartition/hw-sw-partition-metaheur/BatchExperiments/Ablation/diff_gnn_order_lssp_trace/squeeze_net_tosa/seed-42/run-20260412-143138/config/squeeze_net_tosa_seed-42_ablation.yaml,train,epoch,train,thresholded_partition,threshold,957,957.0,0,957,False,False,4352.97314453125,3160.583977710188,3464.5901888815483,nan,nan,False,150,7568.498985197094,4831.909135635894,0.56935,0.6172,4360360.5,0.502631425857544,nan,queue,queue,per_epoch_trace
squeeze_net_tosa,inputs/task_graph_topology/soda-benchmark-graphs/pytorch-graphs/squeeze_net_tosa.dot,/qfs/people/dass304/dass304/HWSWpartition/hw-sw-partition-metaheur/BatchExperiments/Ablation/diff_gnn_order_lssp_trace/squeeze_net_tosa/seed-42/run-20260412-143138/config/squeeze_net_tosa_seed-42_ablation.yaml,train,epoch,train,thresholded_partition,threshold,958,958.0,0,958,False,False,4288.96142578125,3088.717542024768,3287.8872328655075,nan,nan,False,152,7697.247839547297,4831.909135635894,0.5689,0.6168,4348918.0,0.5077130794525146,nan,queue,queue,per_epoch_trace
squeeze_net_tosa,inputs/task_graph_topology/soda-benchmark-graphs/pytorch-graphs/squeeze_net_tosa.dot,/qfs/people/dass304/dass304/HWSWpartition/hw-sw-partition-metaheur/BatchExperiments/Ablation/diff_gnn_order_lssp_trace/squeeze_net_tosa/seed-42/run-20260412-143138/config/squeeze_net_tosa_seed-42_ablation.yaml,train,epoch,train,thresholded_partition,threshold,959,959.0,0,959,False,False,4253.19873046875,2645.1560629633173,3012.1688330906613,nan,nan,False,153,7639.899780720704,4831.909135635894,0.56845,0.6164000000000001,4340135.0,0.5093002319335938,nan,queue,queue,per_epoch_trace
squeeze_net_tosa,inputs/task_graph_topology/soda-benchmark-graphs/pytorch-graphs/squeeze_net_tosa.dot,/qfs/people/dass304/dass304/HWSWpartition/hw-sw-partition-metaheur/BatchExperiments/Ablation/diff_gnn_order_lssp_trace/squeeze_net_tosa/seed-42/run-20260412-143138/config/squeeze_net_tosa_seed-42_ablation.yaml,train,epoch,train,thresholded_partition,threshold,960,960.0,0,960,False,False,4490.32470703125,2520.089401563549,2667.091468651322,nan,nan,False,155,7838.458088041158,4831.909135635894,0.5680000000000001,0.616,4495344.0,0.5021390318870544,nan,queue,queue,per_epoch_trace
squeeze_net_tosa,inputs/task_graph_topology/soda-benchmark-graphs/pytorch-graphs/squeeze_net_tosa.dot,/qfs/people/dass304/dass304/HWSWpartition/hw-sw-partition-metaheur/BatchExperiments/Ablation/diff_gnn_order_lssp_trace/squeeze_net_tosa/seed-42/run-20260412-143138/config/squeeze_net_tosa_seed-42_ablation.yaml,train,epoch,train,thresholded_partition,threshold,961,961.0,0,961,False,False,4297.7744140625,2693.538483439735,2766.544688633139,nan,nan,False,155,7880.095939708477,4831.909135635894,0.56755,0.6155999999999999,4299371.0,0.5010705590248108,nan,queue,queue,per_epoch_trace
squeeze_net_tosa,inputs/task_graph_topology/soda-benchmark-graphs/pytorch-graphs/squeeze_net_tosa.dot,/qfs/people/dass304/dass304/HWSWpartition/hw-sw-partition-metaheur/BatchExperiments/Ablation/diff_gnn_order_lssp_trace/squeeze_net_tosa/seed-42/run-20260412-143138/config/squeeze_net_tosa_seed-42_ablation.yaml,train,epoch,train,thresholded_partition,threshold,962,962.0,0,962,False,False,4520.34716796875,2656.364337795317,2656.364337795318,nan,nan,False,157,7986.422667292079,4831.909135635894,0.5670999999999999,0.6152,4526073.0,0.49770405888557434,nan,queue,queue,per_epoch_trace
squeeze_net_tosa,inputs/task_graph_topology/soda-benchmark-graphs/pytorch-graphs/squeeze_net_tosa.dot,/qfs/people/dass304/dass304/HWSWpartition/hw-sw-partition-metaheur/BatchExperiments/Ablation/diff_gnn_order_lssp_trace/squeeze_net_tosa/seed-42/run-20260412-143138/config/squeeze_net_tosa_seed-42_ablation.yaml,train,epoch,train,thresholded_partition,threshold,963,963.0,0,963,False,False,4244.2626953125,2123.110666475245,2649.7495955547133,nan,nan,False,158,8019.156784489931,4831.909135635894,0.56665,0.6148,4257295.5,0.5035488605499268,nan,queue,queue,per_epoch_trace
squeeze_net_tosa,inputs/task_graph_topology/soda-benchmark-graphs/pytorch-graphs/squeeze_net_tosa.dot,/qfs/people/dass304/dass304/HWSWpartition/hw-sw-partition-metaheur/BatchExperiments/Ablation/diff_gnn_order_lssp_trace/squeeze_net_tosa/seed-42/run-20260412-143138/config/squeeze_net_tosa_seed-42_ablation.yaml,train,epoch,train,thresholded_partition,threshold,964,964.0,0,964,False,False,4204.146484375,2066.594131822746,2343.4414860633724,nan,nan,False,158,8003.14135205582,4831.909135635894,0.5662,0.6144000000000001,4324161.0,0.5109350085258484,nan,queue,queue,per_epoch_trace
squeeze_net_tosa,inputs/task_graph_topology/soda-benchmark-graphs/pytorch-graphs/squeeze_net_tosa.dot,/qfs/people/dass304/dass304/HWSWpartition/hw-sw-partition-metaheur/BatchExperiments/Ablation/diff_gnn_order_lssp_trace/squeeze_net_tosa/seed-42/run-20260412-143138/config/squeeze_net_tosa_seed-42_ablation.yaml,train,epoch,train,thresholded_partition,threshold,965,965.0,0,965,False,False,4306.482421875,2585.818088783674,2842.887109549874,nan,nan,False,154,7836.0149629482385,4831.909135635894,0.56575,0.614,4327057.5,0.5044866800308228,nan,queue,queue,per_epoch_trace
squeeze_net_tosa,inputs/task_graph_topology/soda-benchmark-graphs/pytorch-graphs/squeeze_net_tosa.dot,/qfs/people/dass304/dass304/HWSWpartition/hw-sw-partition-metaheur/BatchExperiments/Ablation/diff_gnn_order_lssp_trace/squeeze_net_tosa/seed-42/run-20260412-143138/config/squeeze_net_tosa_seed-42_ablation.yaml,train,epoch,train,thresholded_partition,threshold,966,966.0,0,966,False,False,4343.57275390625,2243.5393544452854,2504.481348459684,nan,nan,False,157,7974.26387273827,4831.909135635894,0.5653,0.6135999999999999,4416294.0,0.5085012912750244,nan,queue,queue,per_epoch_trace
squeeze_net_tosa,inputs/task_graph_topology/soda-benchmark-graphs/pytorch-graphs/squeeze_net_tosa.dot,/qfs/people/dass304/dass304/HWSWpartition/hw-sw-partition-metaheur/BatchExperiments/Ablation/diff_gnn_order_lssp_trace/squeeze_net_tosa/seed-42/run-20260412-143138/config/squeeze_net_tosa_seed-42_ablation.yaml,train,epoch,train,thresholded_partition,threshold,967,967.0,0,967,False,False,4257.68359375,2497.7350690352064,2866.2830438377737,nan,nan,False,155,7871.85293286191,4831.909135635894,0.5648500000000001,0.6132,4329534.0,0.5084502100944519,nan,queue,queue,per_epoch_trace
squeeze_net_tosa,inputs/task_graph_topology/soda-benchmark-graphs/pytorch-graphs/squeeze_net_tosa.dot,/qfs/people/dass304/dass304/HWSWpartition/hw-sw-partition-metaheur/BatchExperiments/Ablation/diff_gnn_order_lssp_trace/squeeze_net_tosa/seed-42/run-20260412-143138/config/squeeze_net_tosa_seed-42_ablation.yaml,train,epoch,train,thresholded_partition,threshold,968,968.0,0,968,False,False,4355.96337890625,2849.1664354088557,2944.986513901578,nan,nan,False,155,7740.472294696941,4831.909135635894,0.5644,0.6128,4356627.0,0.49953964352607727,nan,queue,queue,per_epoch_trace
squeeze_net_tosa,inputs/task_graph_topology/soda-benchmark-graphs/pytorch-graphs/squeeze_net_tosa.dot,/qfs/people/dass304/dass304/HWSWpartition/hw-sw-partition-metaheur/BatchExperiments/Ablation/diff_gnn_order_lssp_trace/squeeze_net_tosa/seed-42/run-20260412-143138/config/squeeze_net_tosa_seed-42_ablation.yaml,train,epoch,train,thresholded_partition,threshold,969,969.0,0,969,False,False,4174.80419921875,2760.114899394685,2901.836232086343,nan,nan,False,155,7912.907110953678,4831.909135635894,0.56395,0.6124,4200412.5,0.5050162076950073,nan,queue,queue,per_epoch_trace
squeeze_net_tosa,inputs/task_graph_topology/soda-benchmark-graphs/pytorch-graphs/squeeze_net_tosa.dot,/qfs/people/dass304/dass304/HWSWpartition/hw-sw-partition-metaheur/BatchExperiments/Ablation/diff_gnn_order_lssp_trace/squeeze_net_tosa/seed-42/run-20260412-143138/config/squeeze_net_tosa_seed-42_ablation.yaml,train,epoch,train,thresholded_partition,threshold,970,970.0,0,970,False,False,4159.30078125,2671.375641771832,2896.745468745938,nan,nan,False,153,7832.474630432182,4831.909135635894,0.5635,0.612,4234841.0,0.5086652040481567,nan,queue,queue,per_epoch_trace
squeeze_net_tosa,inputs/task_graph_topology/soda-benchmark-graphs/pytorch-graphs/squeeze_net_tosa.dot,/qfs/people/dass304/dass304/HWSWpartition/hw-sw-partition-metaheur/BatchExperiments/Ablation/diff_gnn_order_lssp_trace/squeeze_net_tosa/seed-42/run-20260412-143138/config/squeeze_net_tosa_seed-42_ablation.yaml,train,epoch,train,thresholded_partition,threshold,971,971.0,0,971,False,False,4104.59423828125,2497.501082346915,2667.0344695768968,nan,nan,False,155,7863.734062887119,4831.909135635894,0.56305,0.6115999999999999,4397489.5,0.517100989818573,nan,queue,queue,per_epoch_trace
squeeze_net_tosa,inputs/task_graph_topology/soda-benchmark-graphs/pytorch-graphs/squeeze_net_tosa.dot,/qfs/people/dass304/dass304/HWSWpartition/hw-sw-partition-metaheur/BatchExperiments/Ablation/diff_gnn_order_lssp_trace/squeeze_net_tosa/seed-42/run-20260412-143138/config/squeeze_net_tosa_seed-42_ablation.yaml,train,epoch,train,thresholded_partition,threshold,972,972.0,0,972,False,False,4266.03076171875,3036.3576425101514,3431.108826369599,nan,nan,False,151,7650.493338573178,4831.909135635894,0.5626,0.6112,4398725.0,0.5114990472793579,nan,queue,queue,per_epoch_trace
squeeze_net_tosa,inputs/task_graph_topology/soda-benchmark-graphs/pytorch-graphs/squeeze_net_tosa.dot,/qfs/people/dass304/dass304/HWSWpartition/hw-sw-partition-metaheur/BatchExperiments/Ablation/diff_gnn_order_lssp_trace/squeeze_net_tosa/seed-42/run-20260412-143138/config/squeeze_net_tosa_seed-42_ablation.yaml,train,epoch,train,thresholded_partition,threshold,973,973.0,0,973,False,False,4251.67529296875,2792.133536784702,2945.840596834831,nan,nan,False,155,7753.145328099863,4831.909135635894,0.5621499999999999,0.6108,4253712.0,0.5012505650520325,nan,queue,queue,per_epoch_trace
squeeze_net_tosa,inputs/task_graph_topology/soda-benchmark-graphs/pytorch-graphs/squeeze_net_tosa.dot,/qfs/people/dass304/dass304/HWSWpartition/hw-sw-partition-metaheur/BatchExperiments/Ablation/diff_gnn_order_lssp_trace/squeeze_net_tosa/seed-42/run-20260412-143138/config/squeeze_net_tosa_seed-42_ablation.yaml,train,epoch,train,thresholded_partition,threshold,974,974.0,0,974,False,False,4106.11572265625,2730.0478840800265,2857.2429792758444,nan,nan,False,155,7834.996210502525,4831.909135635894,0.5617,0.6104,4171666.0,0.5080669522285461,nan,queue,queue,per_epoch_trace
squeeze_net_tosa,inputs/task_graph_topology/soda-benchmark-graphs/pytorch-graphs/squeeze_net_tosa.dot,/qfs/people/dass304/dass304/HWSWpartition/hw-sw-partition-metaheur/BatchExperiments/Ablation/diff_gnn_order_lssp_trace/squeeze_net_tosa/seed-42/run-20260412-143138/config/squeeze_net_tosa_seed-42_ablation.yaml,train,epoch,train,thresholded_partition,threshold,975,975.0,0,975,False,False,4086.79541015625,2844.6354422494737,2923.1039314317736,nan,nan,False,154,7788.022371288038,4831.909135635894,0.56125,0.61,4243782.0,0.5125116109848022,nan,queue,queue,per_epoch_trace
squeeze_net_tosa,inputs/task_graph_topology/soda-benchmark-graphs/pytorch-graphs/squeeze_net_tosa.dot,/qfs/people/dass304/dass304/HWSWpartition/hw-sw-partition-metaheur/BatchExperiments/Ablation/diff_gnn_order_lssp_trace/squeeze_net_tosa/seed-42/run-20260412-143138/config/squeeze_net_tosa_seed-42_ablation.yaml,train,epoch,train,thresholded_partition,threshold,976,976.0,0,976,False,False,4340.82568359375,2618.897971975525,2761.9061855098066,nan,nan,False,155,7744.928501175361,4831.909135635894,0.5608,0.6095999999999999,4484884.0,0.511983335018158,nan,queue,queue,per_epoch_trace
squeeze_net_tosa,inputs/task_graph_topology/soda-benchmark-graphs/pytorch-graphs/squeeze_net_tosa.dot,/qfs/people/dass304/dass304/HWSWpartition/hw-sw-partition-metaheur/BatchExperiments/Ablation/diff_gnn_order_lssp_trace/squeeze_net_tosa/seed-42/run-20260412-143138/config/squeeze_net_tosa_seed-42_ablation.yaml,train,epoch,train,thresholded_partition,threshold,977,977.0,0,977,False,False,4267.25341796875,3439.6784233497906,3739.1725379693075,nan,nan,False,153,7728.859881051538,4831.909135635894,0.56035,0.6092,4269416.0,0.5013018846511841,nan,queue,queue,per_epoch_trace
squeeze_net_tosa,inputs/task_graph_topology/soda-benchmark-graphs/pytorch-graphs/squeeze_net_tosa.dot,/qfs/people/dass304/dass304/HWSWpartition/hw-sw-partition-metaheur/BatchExperiments/Ablation/diff_gnn_order_lssp_trace/squeeze_net_tosa/seed-42/run-20260412-143138/config/squeeze_net_tosa_seed-42_ablation.yaml,train,epoch,train,thresholded_partition,threshold,978,978.0,0,978,False,False,4154.37451171875,2822.9455389371446,3034.4621358484733,nan,nan,False,155,7795.202505303592,4831.909135635894,0.5599000000000001,0.6088,4376789.0,0.5148983001708984,nan,queue,queue,per_epoch_trace
squeeze_net_tosa,inputs/task_graph_topology/soda-benchmark-graphs/pytorch-graphs/squeeze_net_tosa.dot,/qfs/people/dass304/dass304/HWSWpartition/hw-sw-partition-metaheur/BatchExperiments/Ablation/diff_gnn_order_lssp_trace/squeeze_net_tosa/seed-42/run-20260412-143138/config/squeeze_net_tosa_seed-42_ablation.yaml,train,epoch,train,thresholded_partition,threshold,979,979.0,0,979,False,False,4245.13818359375,3203.6536077420064,3832.7378863157433,nan,nan,False,150,7528.726347362694,4831.909135635894,0.55945,0.6084,4249519.0,0.501980721950531,nan,queue,queue,per_epoch_trace
squeeze_net_tosa,inputs/task_graph_topology/soda-benchmark-graphs/pytorch-graphs/squeeze_net_tosa.dot,/qfs/people/dass304/dass304/HWSWpartition/hw-sw-partition-metaheur/BatchExperiments/Ablation/diff_gnn_order_lssp_trace/squeeze_net_tosa/seed-42/run-20260412-143138/config/squeeze_net_tosa_seed-42_ablation.yaml,train,epoch,train,thresholded_partition,threshold,980,980.0,0,980,False,False,4106.26953125,2930.5663526535677,3265.1375711819915,nan,nan,False,153,7740.7869291524075,4831.909135635894,0.5589999999999999,0.608,4211279.5,0.5102242827415466,nan,queue,queue,per_epoch_trace
squeeze_net_tosa,inputs/task_graph_topology/soda-benchmark-graphs/pytorch-graphs/squeeze_net_tosa.dot,/qfs/people/dass304/dass304/HWSWpartition/hw-sw-partition-metaheur/BatchExperiments/Ablation/diff_gnn_order_lssp_trace/squeeze_net_tosa/seed-42/run-20260412-143138/config/squeeze_net_tosa_seed-42_ablation.yaml,train,epoch,train,thresholded_partition,threshold,981,981.0,0,981,False,False,4193.6455078125,2783.880928371678,3334.5949866732794,nan,nan,False,153,7613.204057658402,4831.909135635894,0.55855,0.6075999999999999,4231758.5,0.506135106086731,nan,queue,queue,per_epoch_trace
squeeze_net_tosa,inputs/task_graph_topology/soda-benchmark-graphs/pytorch-graphs/squeeze_net_tosa.dot,/qfs/people/dass304/dass304/HWSWpartition/hw-sw-partition-metaheur/BatchExperiments/Ablation/diff_gnn_order_lssp_trace/squeeze_net_tosa/seed-42/run-20260412-143138/config/squeeze_net_tosa_seed-42_ablation.yaml,train,epoch,train,thresholded_partition,threshold,982,982.0,0,982,False,False,4230.279296875,2651.913541523801,2797.578347195839,nan,nan,False,156,7899.589754886753,4831.909135635894,0.5581,0.6072,4232427.0,0.5012990236282349,nan,queue,queue,per_epoch_trace
squeeze_net_tosa,inputs/task_graph_topology/soda-benchmark-graphs/pytorch-graphs/squeeze_net_tosa.dot,/qfs/people/dass304/dass304/HWSWpartition/hw-sw-partition-metaheur/BatchExperiments/Ablation/diff_gnn_order_lssp_trace/squeeze_net_tosa/seed-42/run-20260412-143138/config/squeeze_net_tosa_seed-42_ablation.yaml,train,epoch,train,thresholded_partition,threshold,983,983.0,0,983,False,False,4198.5087890625,2460.7917031642523,2581.1628510515734,nan,nan,False,158,7979.940281626465,4831.909135635894,0.55765,0.6068,4302189.5,0.5101600289344788,nan,queue,queue,per_epoch_trace
squeeze_net_tosa,inputs/task_graph_topology/soda-benchmark-graphs/pytorch-graphs/squeeze_net_tosa.dot,/qfs/people/dass304/dass304/HWSWpartition/hw-sw-partition-metaheur/BatchExperiments/Ablation/diff_gnn_order_lssp_trace/squeeze_net_tosa/seed-42/run-20260412-143138/config/squeeze_net_tosa_seed-42_ablation.yaml,train,epoch,train,thresholded_partition,threshold,984,984.0,0,984,False,False,4460.46728515625,3029.8746881896964,3254.6210935971353,nan,nan,False,154,7679.028110331405,4831.909135635894,0.5571999999999999,0.6064,4462934.0,0.4985817074775696,nan,queue,queue,per_epoch_trace
squeeze_net_tosa,inputs/task_graph_topology/soda-benchmark-graphs/pytorch-graphs/squeeze_net_tosa.dot,/qfs/people/dass304/dass304/HWSWpartition/hw-sw-partition-metaheur/BatchExperiments/Ablation/diff_gnn_order_lssp_trace/squeeze_net_tosa/seed-42/run-20260412-143138/config/squeeze_net_tosa_seed-42_ablation.yaml,train,epoch,train,thresholded_partition,threshold,985,985.0,0,985,False,False,4175.12744140625,2961.5668159495576,3523.019479753469,nan,nan,False,153,7741.92717449673,4831.909135635894,0.5567500000000001,0.606,4275693.5,0.5100058317184448,nan,queue,queue,per_epoch_trace
squeeze_net_tosa,inputs/task_graph_topology/soda-benchmark-graphs/pytorch-graphs/squeeze_net_tosa.dot,/qfs/people/dass304/dass304/HWSWpartition/hw-sw-partition-metaheur/BatchExperiments/Ablation/diff_gnn_order_lssp_trace/squeeze_net_tosa/seed-42/run-20260412-143138/config/squeeze_net_tosa_seed-42_ablation.yaml,train,epoch,train,thresholded_partition,threshold,986,986.0,0,986,False,False,4457.96875,2965.455840108983,3301.108438811169,nan,nan,False,152,7651.587924388889,4831.909135635894,0.5563,0.6055999999999999,4464336.0,0.497568279504776,nan,queue,queue,per_epoch_trace
squeeze_net_tosa,inputs/task_graph_topology/soda-benchmark-graphs/pytorch-graphs/squeeze_net_tosa.dot,/qfs/people/dass304/dass304/HWSWpartition/hw-sw-partition-metaheur/BatchExperiments/Ablation/diff_gnn_order_lssp_trace/squeeze_net_tosa/seed-42/run-20260412-143138/config/squeeze_net_tosa_seed-42_ablation.yaml,train,epoch,train,thresholded_partition,threshold,987,987.0,0,987,False,False,4258.4765625,2646.2548563779897,2875.447803017481,nan,nan,False,154,7837.820033684847,4831.909135635894,0.55585,0.6052,4271009.5,0.49652647972106934,nan,queue,queue,per_epoch_trace
squeeze_net_tosa,inputs/task_graph_topology/soda-benchmark-graphs/pytorch-graphs/squeeze_net_tosa.dot,/qfs/people/dass304/dass304/HWSWpartition/hw-sw-partition-metaheur/BatchExperiments/Ablation/diff_gnn_order_lssp_trace/squeeze_net_tosa/seed-42/run-20260412-143138/config/squeeze_net_tosa_seed-42_ablation.yaml,train,epoch,train,thresholded_partition,threshold,988,988.0,0,988,False,False,4424.5283203125,3089.1259630013733,3705.9355774229803,nan,nan,False,154,7711.327205126881,4831.909135635894,0.5554,0.6048,4441959.0,0.5041199922561646,nan,queue,queue,per_epoch_trace
squeeze_net_tosa,inputs/task_graph_topology/soda-benchmark-graphs/pytorch-graphs/squeeze_net_tosa.dot,/qfs/people/dass304/dass304/HWSWpartition/hw-sw-partition-metaheur/BatchExperiments/Ablation/diff_gnn_order_lssp_trace/squeeze_net_tosa/seed-42/run-20260412-143138/config/squeeze_net_tosa_seed-42_ablation.yaml,train,epoch,train,thresholded_partition,threshold,989,989.0,0,989,False,False,4289.08154296875,2915.3963881791256,3060.2215260289618,nan,nan,False,152,7566.229346344576,4831.909135635894,0.55495,0.6044,4302608.0,0.49638620018959045,nan,queue,queue,per_epoch_trace
squeeze_net_tosa,inputs/task_graph_topology/soda-benchmark-graphs/pytorch-graphs/squeeze_net_tosa.dot,/qfs/people/dass304/dass304/HWSWpartition/hw-sw-partition-metaheur/BatchExperiments/Ablation/diff_gnn_order_lssp_trace/squeeze_net_tosa/seed-42/run-20260412-143138/config/squeeze_net_tosa_seed-42_ablation.yaml,train,epoch,train,thresholded_partition,threshold,990,990.0,0,990,False,False,4129.4111328125,2612.4973680037115,2935.320736064939,nan,nan,False,155,7793.42659812486,4831.909135635894,0.5545,0.604,4225530.5,0.5097810626029968,nan,queue,queue,per_epoch_trace
squeeze_net_tosa,inputs/task_graph_topology/soda-benchmark-graphs/pytorch-graphs/squeeze_net_tosa.dot,/qfs/people/dass304/dass304/HWSWpartition/hw-sw-partition-metaheur/BatchExperiments/Ablation/diff_gnn_order_lssp_trace/squeeze_net_tosa/seed-42/run-20260412-143138/config/squeeze_net_tosa_seed-42_ablation.yaml,train,epoch,train,thresholded_partition,threshold,991,991.0,0,991,False,False,4131.33984375,2424.745246529787,3171.661375874661,nan,nan,False,154,7758.3112345979725,4831.909135635894,0.5540499999999999,0.6035999999999999,4254103.0,0.5110589861869812,nan,queue,queue,per_epoch_trace
squeeze_net_tosa,inputs/task_graph_topology/soda-benchmark-graphs/pytorch-graphs/squeeze_net_tosa.dot,/qfs/people/dass304/dass304/HWSWpartition/hw-sw-partition-metaheur/BatchExperiments/Ablation/diff_gnn_order_lssp_trace/squeeze_net_tosa/seed-42/run-20260412-143138/config/squeeze_net_tosa_seed-42_ablation.yaml,train,epoch,train,thresholded_partition,threshold,992,992.0,0,992,False,False,4184.91796875,2906.553379694113,3619.185614811087,nan,nan,False,150,7519.931989973113,4831.909135635894,0.5536,0.6032,4250027.5,0.5080406069755554,nan,queue,queue,per_epoch_trace
squeeze_net_tosa,inputs/task_graph_topology/soda-benchmark-graphs/pytorch-graphs/squeeze_net_tosa.dot,/qfs/people/dass304/dass304/HWSWpartition/hw-sw-partition-metaheur/BatchExperiments/Ablation/diff_gnn_order_lssp_trace/squeeze_net_tosa/seed-42/run-20260412-143138/config/squeeze_net_tosa_seed-42_ablation.yaml,train,epoch,train,thresholded_partition,threshold,993,993.0,0,993,False,False,4115.14208984375,2598.1508199072455,2838.8704783854287,nan,nan,False,154,7778.353011341935,4831.909135635894,0.55315,0.6028,4268452.0,0.5123639702796936,nan,queue,queue,per_epoch_trace
squeeze_net_tosa,inputs/task_graph_topology/soda-benchmark-graphs/pytorch-graphs/squeeze_net_tosa.dot,/qfs/people/dass304/dass304/HWSWpartition/hw-sw-partition-metaheur/BatchExperiments/Ablation/diff_gnn_order_lssp_trace/squeeze_net_tosa/seed-42/run-20260412-143138/config/squeeze_net_tosa_seed-42_ablation.yaml,train,epoch,train,thresholded_partition,threshold,994,994.0,0,994,False,False,4120.31689453125,2810.7451240573905,3231.787430803575,nan,nan,False,153,7743.043345198698,4831.909135635894,0.5527,0.6024,4210688.0,0.5094823837280273,nan,queue,queue,per_epoch_trace
squeeze_net_tosa,inputs/task_graph_topology/soda-benchmark-graphs/pytorch-graphs/squeeze_net_tosa.dot,/qfs/people/dass304/dass304/HWSWpartition/hw-sw-partition-metaheur/BatchExperiments/Ablation/diff_gnn_order_lssp_trace/squeeze_net_tosa/seed-42/run-20260412-143138/config/squeeze_net_tosa_seed-42_ablation.yaml,train,epoch,train,thresholded_partition,threshold,995,995.0,0,995,False,False,4106.31201171875,2930.5663526535677,2953.0782517644125,nan,nan,False,153,7740.7869291524075,4831.909135635894,0.55225,0.602,4256793.0,0.512248694896698,nan,queue,queue,per_epoch_trace
squeeze_net_tosa,inputs/task_graph_topology/soda-benchmark-graphs/pytorch-graphs/squeeze_net_tosa.dot,/qfs/people/dass304/dass304/HWSWpartition/hw-sw-partition-metaheur/BatchExperiments/Ablation/diff_gnn_order_lssp_trace/squeeze_net_tosa/seed-42/run-20260412-143138/config/squeeze_net_tosa_seed-42_ablation.yaml,train,epoch,train,thresholded_partition,threshold,996,996.0,0,996,False,False,4247.77392578125,3131.6890511870274,3052.6662113804673,nan,nan,False,152,7685.335242306169,4831.909135635894,0.5518000000000001,0.6015999999999999,4334219.5,0.5092730522155762,nan,queue,queue,per_epoch_trace
squeeze_net_tosa,inputs/task_graph_topology/soda-benchmark-graphs/pytorch-graphs/squeeze_net_tosa.dot,/qfs/people/dass304/dass304/HWSWpartition/hw-sw-partition-metaheur/BatchExperiments/Ablation/diff_gnn_order_lssp_trace/squeeze_net_tosa/seed-42/run-20260412-143138/config/squeeze_net_tosa_seed-42_ablation.yaml,train,epoch,train,thresholded_partition,threshold,997,997.0,0,997,False,False,4336.494140625,2971.958835990304,3386.157732785848,nan,nan,False,153,7587.963292593609,4831.909135635894,0.55135,0.6012,4337787.0,0.4990842938423157,nan,queue,queue,per_epoch_trace
squeeze_net_tosa,inputs/task_graph_topology/soda-benchmark-graphs/pytorch-graphs/squeeze_net_tosa.dot,/qfs/people/dass304/dass304/HWSWpartition/hw-sw-partition-metaheur/BatchExperiments/Ablation/diff_gnn_order_lssp_trace/squeeze_net_tosa/seed-42/run-20260412-143138/config/squeeze_net_tosa_seed-42_ablation.yaml,train,epoch,train,thresholded_partition,threshold,998,998.0,0,998,False,False,4164.66650390625,3215.0850082571765,3455.237809629853,nan,nan,False,150,7523.586575374726,4831.909135635894,0.5509,0.6008,4194740.5,0.5054399967193604,nan,queue,queue,per_epoch_trace
squeeze_net_tosa,inputs/task_graph_topology/soda-benchmark-graphs/pytorch-graphs/squeeze_net_tosa.dot,/qfs/people/dass304/dass304/HWSWpartition/hw-sw-partition-metaheur/BatchExperiments/Ablation/diff_gnn_order_lssp_trace/squeeze_net_tosa/seed-42/run-20260412-143138/config/squeeze_net_tosa_seed-42_ablation.yaml,train,epoch,train,thresholded_partition,threshold,999,999.0,0,999,False,False,4466.79248046875,3243.0537887680316,3633.3305709868287,nan,nan,False,152,7677.802907386961,4831.909135635894,0.55045,0.6004,4482688.5,0.5039278268814087,nan,queue,queue,per_epoch_trace
squeeze_net_tosa,inputs/task_graph_topology/soda-benchmark-graphs/pytorch-graphs/squeeze_net_tosa.dot,/qfs/people/dass304/dass304/HWSWpartition/hw-sw-partition-metaheur/BatchExperiments/Ablation/diff_gnn_order_lssp_trace/squeeze_net_tosa/seed-42/run-20260412-143138/config/squeeze_net_tosa_seed-42_ablation.yaml,train,epoch,train,thresholded_partition,threshold,1000,1000.0,0,1000,False,False,4174.05029296875,2815.2822304505366,3117.4117357076443,nan,nan,False,153,7644.48400527208,4831.909135635894,0.55,0.6,4190578.0,0.5040079355239868,nan,queue,queue,per_epoch_trace
squeeze_net_tosa,inputs/task_graph_topology/soda-benchmark-graphs/pytorch-graphs/squeeze_net_tosa.dot,/qfs/people/dass304/dass304/HWSWpartition/hw-sw-partition-metaheur/BatchExperiments/Ablation/diff_gnn_order_lssp_trace/squeeze_net_tosa/seed-42/run-20260412-143138/config/squeeze_net_tosa_seed-42_ablation.yaml,train,epoch,train,thresholded_partition,threshold,1001,1001.0,0,1001,False,False,4146.12060546875,3270.7319771672505,3765.3454423803873,nan,nan,False,152,7651.589835452413,4831.909135635894,0.54955,0.5996,4150169.0,0.5018914341926575,nan,queue,queue,per_epoch_trace
squeeze_net_tosa,inputs/task_graph_topology/soda-benchmark-graphs/pytorch-graphs/squeeze_net_tosa.dot,/qfs/people/dass304/dass304/HWSWpartition/hw-sw-partition-metaheur/BatchExperiments/Ablation/diff_gnn_order_lssp_trace/squeeze_net_tosa/seed-42/run-20260412-143138/config/squeeze_net_tosa_seed-42_ablation.yaml,train,epoch,train,thresholded_partition,threshold,1002,1002.0,0,1002,False,False,4289.5712890625,3157.033612908858,3575.0712579532087,nan,nan,False,150,7489.017054293317,4831.909135635894,0.5490999999999999,0.5992,4364756.0,0.49135616421699524,nan,queue,queue,per_epoch_trace
squeeze_net_tosa,inputs/task_graph_topology/soda-benchmark-graphs/pytorch-graphs/squeeze_net_tosa.dot,/qfs/people/dass304/dass304/HWSWpartition/hw-sw-partition-metaheur/BatchExperiments/Ablation/diff_gnn_order_lssp_trace/squeeze_net_tosa/seed-42/run-20260412-143138/config/squeeze_net_tosa_seed-42_ablation.yaml,train,epoch,train,thresholded_partition,threshold,1003,1003.0,0,1003,False,False,4085.745849609375,3104.644220611601,3513.0935779464057,nan,nan,False,151,7588.640675858995,4831.909135635894,0.5486500000000001,0.5988,4222366.5,0.51166832447052,nan,queue,queue,per_epoch_trace
squeeze_net_tosa,inputs/task_graph_topology/soda-benchmark-graphs/pytorch-graphs/squeeze_net_tosa.dot,/qfs/people/dass304/dass304/HWSWpartition/hw-sw-partition-metaheur/BatchExperiments/Ablation/diff_gnn_order_lssp_trace/squeeze_net_tosa/seed-42/run-20260412-143138/config/squeeze_net_tosa_seed-42_ablation.yaml,train,epoch,train,thresholded_partition,threshold,1004,1004.0,0,1004,False,False,4106.5830078125,3620.82671348326,4214.825642535643,nan,nan,False,146,7355.347776946446,4831.909135635894,0.5482,0.5984,4116717.0,0.5031065940856934,nan,queue,queue,per_epoch_trace
squeeze_net_tosa,inputs/task_graph_topology/soda-benchmark-graphs/pytorch-graphs/squeeze_net_tosa.dot,/qfs/people/dass304/dass304/HWSWpartition/hw-sw-partition-metaheur/BatchExperiments/Ablation/diff_gnn_order_lssp_trace/squeeze_net_tosa/seed-42/run-20260412-143138/config/squeeze_net_tosa_seed-42_ablation.yaml,train,epoch,train,thresholded_partition,threshold,1005,1005.0,0,1005,False,False,4311.83154296875,3675.3865991541657,3734.984558616436,nan,nan,False,151,7491.241718766218,4831.909135635894,0.54775,0.5980000000000001,4314794.5,0.4984229505062103,nan,queue,queue,per_epoch_trace
squeeze_net_tosa,inputs/task_graph_topology/soda-benchmark-graphs/pytorch-graphs/squeeze_net_tosa.dot,/qfs/people/dass304/dass304/HWSWpartition/hw-sw-partition-metaheur/BatchExperiments/Ablation/diff_gnn_order_lssp_trace/squeeze_net_tosa/seed-42/run-20260412-143138/config/squeeze_net_tosa_seed-42_ablation.yaml,train,epoch,train,thresholded_partition,threshold,1006,1006.0,0,1006,False,False,4414.28076171875,2936.5147591808704,3097.32638692124,nan,nan,False,151,7566.024657505895,4831.909135635894,0.5473,0.5975999999999999,4517590.0,0.5101414918899536,nan,queue,queue,per_epoch_trace
squeeze_net_tosa,inputs/task_graph_topology/soda-benchmark-graphs/pytorch-graphs/squeeze_net_tosa.dot,/qfs/people/dass304/dass304/HWSWpartition/hw-sw-partition-metaheur/BatchExperiments/Ablation/diff_gnn_order_lssp_trace/squeeze_net_tosa/seed-42/run-20260412-143138/config/squeeze_net_tosa_seed-42_ablation.yaml,train,epoch,train,thresholded_partition,threshold,1007,1007.0,0,1007,False,False,4186.30322265625,3006.9193313924793,3567.7332340506596,nan,nan,False,152,7743.593744462696,4831.909135635894,0.5468500000000001,0.5972,4218685.5,0.5056501626968384,nan,queue,queue,per_epoch_trace
squeeze_net_tosa,inputs/task_graph_topology/soda-benchmark-graphs/pytorch-graphs/squeeze_net_tosa.dot,/qfs/people/dass304/dass304/HWSWpartition/hw-sw-partition-metaheur/BatchExperiments/Ablation/diff_gnn_order_lssp_trace/squeeze_net_tosa/seed-42/run-20260412-143138/config/squeeze_net_tosa_seed-42_ablation.yaml,train,epoch,train,thresholded_partition,threshold,1008,1008.0,0,1008,False,False,4104.00048828125,3563.425965163276,3990.2374519844893,nan,nan,False,149,7555.088071720563,4831.909135635894,0.5464,0.5968,4207621.0,0.5101568102836609,nan,queue,queue,per_epoch_trace
squeeze_net_tosa,inputs/task_graph_topology/soda-benchmark-graphs/pytorch-graphs/squeeze_net_tosa.dot,/qfs/people/dass304/dass304/HWSWpartition/hw-sw-partition-metaheur/BatchExperiments/Ablation/diff_gnn_order_lssp_trace/squeeze_net_tosa/seed-42/run-20260412-143138/config/squeeze_net_tosa_seed-42_ablation.yaml,train,epoch,train,thresholded_partition,threshold,1009,1009.0,0,1009,False,False,4154.138671875,2784.8417922511603,3101.608997212003,nan,nan,False,153,7696.454036978521,4831.909135635894,0.54595,0.5964,4233167.5,0.50886470079422,nan,queue,queue,per_epoch_trace
squeeze_net_tosa,inputs/task_graph_topology/soda-benchmark-graphs/pytorch-graphs/squeeze_net_tosa.dot,/qfs/people/dass304/dass304/HWSWpartition/hw-sw-partition-metaheur/BatchExperiments/Ablation/diff_gnn_order_lssp_trace/squeeze_net_tosa/seed-42/run-20260412-143138/config/squeeze_net_tosa_seed-42_ablation.yaml,train,epoch,train,thresholded_partition,threshold,1010,1010.0,0,1010,False,False,4098.82763671875,2812.3460987393996,3023.7912470510923,nan,nan,False,153,7761.387004569428,4831.909135635894,0.5455,0.596,4293837.5,0.5139488577842712,nan,queue,queue,per_epoch_trace
squeeze_net_tosa,inputs/task_graph_topology/soda-benchmark-graphs/pytorch-graphs/squeeze_net_tosa.dot,/qfs/people/dass304/dass304/HWSWpartition/hw-sw-partition-metaheur/BatchExperiments/Ablation/diff_gnn_order_lssp_trace/squeeze_net_tosa/seed-42/run-20260412-143138/config/squeeze_net_tosa_seed-42_ablation.yaml,train,epoch,train,thresholded_partition,threshold,1011,1011.0,0,1011,False,False,4174.853515625,2689.830458078836,3305.847412675204,nan,nan,False,153,7752.682934764683,4831.909135635894,0.54505,0.5956,4204468.5,0.505401074886322,nan,queue,queue,per_epoch_trace
squeeze_net_tosa,inputs/task_graph_topology/soda-benchmark-graphs/pytorch-graphs/squeeze_net_tosa.dot,/qfs/people/dass304/dass304/HWSWpartition/hw-sw-partition-metaheur/BatchExperiments/Ablation/diff_gnn_order_lssp_trace/squeeze_net_tosa/seed-42/run-20260412-143138/config/squeeze_net_tosa_seed-42_ablation.yaml,train,epoch,train,thresholded_partition,threshold,1012,1012.0,0,1012,False,False,4155.11181640625,2582.2096443624127,2881.3892383268453,nan,nan,False,154,7779.817341026093,4831.909135635894,0.5446,0.5952,4216849.0,0.507827877998352,nan,queue,queue,per_epoch_trace
squeeze_net_tosa,inputs/task_graph_topology/soda-benchmark-graphs/pytorch-graphs/squeeze_net_tosa.dot,/qfs/people/dass304/dass304/HWSWpartition/hw-sw-partition-metaheur/BatchExperiments/Ablation/diff_gnn_order_lssp_trace/squeeze_net_tosa/seed-42/run-20260412-143138/config/squeeze_net_tosa_seed-42_ablation.yaml,train,epoch,train,thresholded_partition,threshold,1013,1013.0,0,1013,False,False,4169.77587890625,3217.4906403024747,3671.2840818878126,nan,nan,False,152,7557.578697702557,4831.909135635894,0.54415,0.5948,4171588.25,0.49884170293807983,nan,queue,queue,per_epoch_trace
squeeze_net_tosa,inputs/task_graph_topology/soda-benchmark-graphs/pytorch-graphs/squeeze_net_tosa.dot,/qfs/people/dass304/dass304/HWSWpartition/hw-sw-partition-metaheur/BatchExperiments/Ablation/diff_gnn_order_lssp_trace/squeeze_net_tosa/seed-42/run-20260412-143138/config/squeeze_net_tosa_seed-42_ablation.yaml,train,epoch,train,thresholded_partition,threshold,1014,1014.0,0,1014,False,False,4120.94677734375,2925.460098795407,3413.4928677347666,nan,nan,False,152,7630.6800079747745,4831.909135635894,0.5437,0.5944,4132497.5,0.5033308863639832,nan,queue,queue,per_epoch_trace
squeeze_net_tosa,inputs/task_graph_topology/soda-benchmark-graphs/pytorch-graphs/squeeze_net_tosa.dot,/qfs/people/dass304/dass304/HWSWpartition/hw-sw-partition-metaheur/BatchExperiments/Ablation/diff_gnn_order_lssp_trace/squeeze_net_tosa/seed-42/run-20260412-143138/config/squeeze_net_tosa_seed-42_ablation.yaml,train,epoch,train,thresholded_partition,threshold,1015,1015.0,0,1015,False,False,4079.673583984375,2796.1914648169563,3277.0225580584643,nan,nan,False,153,7727.068547696468,4831.909135635894,0.54325,0.5940000000000001,4170777.25,0.5095206499099731,nan,queue,queue,per_epoch_trace
squeeze_net_tosa,inputs/task_graph_topology/soda-benchmark-graphs/pytorch-graphs/squeeze_net_tosa.dot,/qfs/people/dass304/dass304/HWSWpartition/hw-sw-partition-metaheur/BatchExperiments/Ablation/diff_gnn_order_lssp_trace/squeeze_net_tosa/seed-42/run-20260412-143138/config/squeeze_net_tosa_seed-42_ablation.yaml,train,epoch,train,thresholded_partition,threshold,1016,1016.0,0,1016,False,False,4210.6845703125,3316.6259441690904,3381.153399039146,nan,nan,False,151,7462.654630741579,4831.909135635894,0.5428,0.5935999999999999,4251936.0,0.5063863396644592,nan,queue,queue,per_epoch_trace
squeeze_net_tosa,inputs/task_graph_topology/soda-benchmark-graphs/pytorch-graphs/squeeze_net_tosa.dot,/qfs/people/dass304/dass304/HWSWpartition/hw-sw-partition-metaheur/BatchExperiments/Ablation/diff_gnn_order_lssp_trace/squeeze_net_tosa/seed-42/run-20260412-143138/config/squeeze_net_tosa_seed-42_ablation.yaml,train,epoch,train,thresholded_partition,threshold,1017,1017.0,0,1017,False,False,4104.60400390625,2641.324908779978,2932.0645164624198,nan,nan,False,154,7679.353500891108,4831.909135635894,0.5423500000000001,0.5932,4190287.25,0.5092310905456543,nan,queue,queue,per_epoch_trace
squeeze_net_tosa,inputs/task_graph_topology/soda-benchmark-graphs/pytorch-graphs/squeeze_net_tosa.dot,/qfs/people/dass304/dass304/HWSWpartition/hw-sw-partition-metaheur/BatchExperiments/Ablation/diff_gnn_order_lssp_trace/squeeze_net_tosa/seed-42/run-20260412-143138/config/squeeze_net_tosa_seed-42_ablation.yaml,train,epoch,train,thresholded_partition,threshold,1018,1018.0,0,1018,False,False,4063.232421875,3082.460835023307,3543.077910157365,nan,nan,False,152,7625.512871805271,4831.909135635894,0.5419,0.5928,4095933.75,0.5056760907173157,nan,queue,queue,per_epoch_trace
squeeze_net_tosa,inputs/task_graph_topology/soda-benchmark-graphs/pytorch-graphs/squeeze_net_tosa.dot,/qfs/people/dass304/dass304/HWSWpartition/hw-sw-partition-metaheur/BatchExperiments/Ablation/diff_gnn_order_lssp_trace/squeeze_net_tosa/seed-42/run-20260412-143138/config/squeeze_net_tosa_seed-42_ablation.yaml,train,epoch,train,thresholded_partition,threshold,1019,1019.0,0,1019,False,False,4108.97607421875,3320.447304756774,3683.3067753298797,nan,nan,False,152,7615.357252987666,4831.909135635894,0.54145,0.5924,4247504.5,0.511749804019928,nan,queue,queue,per_epoch_trace
squeeze_net_tosa,inputs/task_graph_topology/soda-benchmark-graphs/pytorch-graphs/squeeze_net_tosa.dot,/qfs/people/dass304/dass304/HWSWpartition/hw-sw-partition-metaheur/BatchExperiments/Ablation/diff_gnn_order_lssp_trace/squeeze_net_tosa/seed-42/run-20260412-143138/config/squeeze_net_tosa_seed-42_ablation.yaml,train,epoch,train,thresholded_partition,threshold,1020,1020.0,0,1020,False,False,4114.73583984375,3026.653257978455,3385.7725766071176,nan,nan,False,152,7693.288325092982,4831.909135635894,0.5409999999999999,0.592,4129698.0,0.5038069486618042,nan,queue,queue,per_epoch_trace
squeeze_net_tosa,inputs/task_graph_topology/soda-benchmark-graphs/pytorch-graphs/squeeze_net_tosa.dot,/qfs/people/dass304/dass304/HWSWpartition/hw-sw-partition-metaheur/BatchExperiments/Ablation/diff_gnn_order_lssp_trace/squeeze_net_tosa/seed-42/run-20260412-143138/config/squeeze_net_tosa_seed-42_ablation.yaml,train,epoch,train,thresholded_partition,threshold,1021,1021.0,0,1021,False,False,4110.451171875,3188.1396274221956,3808.402963756836,nan,nan,False,151,7531.637410032155,4831.909135635894,0.5405500000000001,0.5916,4130700.5,0.5044471621513367,nan,queue,queue,per_epoch_trace
squeeze_net_tosa,inputs/task_graph_topology/soda-benchmark-graphs/pytorch-graphs/squeeze_net_tosa.dot,/qfs/people/dass304/dass304/HWSWpartition/hw-sw-partition-metaheur/BatchExperiments/Ablation/diff_gnn_order_lssp_trace/squeeze_net_tosa/seed-42/run-20260412-143138/config/squeeze_net_tosa_seed-42_ablation.yaml,train,epoch,train,thresholded_partition,threshold,1022,1022.0,0,1022,False,False,4061.499755859375,2726.3105770012066,3156.3816177818503,nan,nan,False,154,7759.752223089692,4831.909135635894,0.5401,0.5912,4256461.5,0.5139467716217041,nan,queue,queue,per_epoch_trace
squeeze_net_tosa,inputs/task_graph_topology/soda-benchmark-graphs/pytorch-graphs/squeeze_net_tosa.dot,/qfs/people/dass304/dass304/HWSWpartition/hw-sw-partition-metaheur/BatchExperiments/Ablation/diff_gnn_order_lssp_trace/squeeze_net_tosa/seed-42/run-20260412-143138/config/squeeze_net_tosa_seed-42_ablation.yaml,train,epoch,train,thresholded_partition,threshold,1023,1023.0,0,1023,False,False,4117.2392578125,3192.513399773398,3528.337593217331,nan,nan,False,151,7523.656452766677,4831.909135635894,0.53965,0.5908,4177096.5,0.5077059864997864,nan,queue,queue,per_epoch_trace
squeeze_net_tosa,inputs/task_graph_topology/soda-benchmark-graphs/pytorch-graphs/squeeze_net_tosa.dot,/qfs/people/dass304/dass304/HWSWpartition/hw-sw-partition-metaheur/BatchExperiments/Ablation/diff_gnn_order_lssp_trace/squeeze_net_tosa/seed-42/run-20260412-143138/config/squeeze_net_tosa_seed-42_ablation.yaml,train,epoch,train,thresholded_partition,threshold,1024,1024.0,0,1024,False,False,4188.14697265625,2940.4721501290956,2950.9747439772386,nan,nan,False,153,7729.419438698243,4831.909135635894,0.5391999999999999,0.5904,4376335.5,0.5137008428573608,nan,queue,queue,per_epoch_trace
squeeze_net_tosa,inputs/task_graph_topology/soda-benchmark-graphs/pytorch-graphs/squeeze_net_tosa.dot,/qfs/people/dass304/dass304/HWSWpartition/hw-sw-partition-metaheur/BatchExperiments/Ablation/diff_gnn_order_lssp_trace/squeeze_net_tosa/seed-42/run-20260412-143138/config/squeeze_net_tosa_seed-42_ablation.yaml,train,epoch,train,thresholded_partition,threshold,1025,1025.0,0,1025,False,False,4139.5439453125,3167.2309154136688,3641.4008939352284,nan,nan,False,152,7682.003372512576,4831.909135635894,0.5387500000000001,0.5900000000000001,4151721.0,0.5034230947494507,nan,queue,queue,per_epoch_trace
squeeze_net_tosa,inputs/task_graph_topology/soda-benchmark-graphs/pytorch-graphs/squeeze_net_tosa.dot,/qfs/people/dass304/dass304/HWSWpartition/hw-sw-partition-metaheur/BatchExperiments/Ablation/diff_gnn_order_lssp_trace/squeeze_net_tosa/seed-42/run-20260412-143138/config/squeeze_net_tosa_seed-42_ablation.yaml,train,epoch,train,thresholded_partition,threshold,1026,1026.0,0,1026,False,False,4156.96240234375,3335.1060416539744,3705.796108107385,nan,nan,False,149,7528.590359063409,4831.909135635894,0.5383,0.5895999999999999,4328576.0,0.5130822062492371,nan,queue,queue,per_epoch_trace
squeeze_net_tosa,inputs/task_graph_topology/soda-benchmark-graphs/pytorch-graphs/squeeze_net_tosa.dot,/qfs/people/dass304/dass304/HWSWpartition/hw-sw-partition-metaheur/BatchExperiments/Ablation/diff_gnn_order_lssp_trace/squeeze_net_tosa/seed-42/run-20260412-143138/config/squeeze_net_tosa_seed-42_ablation.yaml,train,epoch,train,thresholded_partition,threshold,1027,1027.0,0,1027,False,False,4214.99560546875,3263.1622469838744,3605.968506204337,nan,nan,False,151,7614.789751469591,4831.909135635894,0.53785,0.5892,4315983.0,0.5100256204605103,nan,queue,queue,per_epoch_trace
squeeze_net_tosa,inputs/task_graph_topology/soda-benchmark-graphs/pytorch-graphs/squeeze_net_tosa.dot,/qfs/people/dass304/dass304/HWSWpartition/hw-sw-partition-metaheur/BatchExperiments/Ablation/diff_gnn_order_lssp_trace/squeeze_net_tosa/seed-42/run-20260412-143138/config/squeeze_net_tosa_seed-42_ablation.yaml,train,epoch,train,thresholded_partition,threshold,1028,1028.0,0,1028,False,False,4185.0517578125,3488.3685394133668,4104.385494009735,nan,nan,False,149,7453.900281252055,4831.909135635894,0.5374,0.5888,4186095.75,0.4992426037788391,nan,queue,queue,per_epoch_trace
squeeze_net_tosa,inputs/task_graph_topology/soda-benchmark-graphs/pytorch-graphs/squeeze_net_tosa.dot,/qfs/people/dass304/dass304/HWSWpartition/hw-sw-partition-metaheur/BatchExperiments/Ablation/diff_gnn_order_lssp_trace/squeeze_net_tosa/seed-42/run-20260412-143138/config/squeeze_net_tosa_seed-42_ablation.yaml,train,epoch,train,thresholded_partition,threshold,1029,1029.0,0,1029,False,False,4262.47265625,3105.55869810004,3461.231560906275,nan,nan,False,152,7545.758729681114,4831.909135635894,0.53695,0.5884,4287517.5,0.4950428009033203,nan,queue,queue,per_epoch_trace
squeeze_net_tosa,inputs/task_graph_topology/soda-benchmark-graphs/pytorch-graphs/squeeze_net_tosa.dot,/qfs/people/dass304/dass304/HWSWpartition/hw-sw-partition-metaheur/BatchExperiments/Ablation/diff_gnn_order_lssp_trace/squeeze_net_tosa/seed-42/run-20260412-143138/config/squeeze_net_tosa_seed-42_ablation.yaml,train,epoch,train,thresholded_partition,threshold,1030,1030.0,0,1030,False,False,4217.185546875,3425.454981788785,4009.166477664238,nan,nan,False,150,7581.881604169235,4831.909135635894,0.5365,0.588,4218005.0,0.4994071125984192,nan,queue,queue,per_epoch_trace
squeeze_net_tosa,inputs/task_graph_topology/soda-benchmark-graphs/pytorch-graphs/squeeze_net_tosa.dot,/qfs/people/dass304/dass304/HWSWpartition/hw-sw-partition-metaheur/BatchExperiments/Ablation/diff_gnn_order_lssp_trace/squeeze_net_tosa/seed-42/run-20260412-143138/config/squeeze_net_tosa_seed-42_ablation.yaml,train,epoch,train,thresholded_partition,threshold,1031,1031.0,0,1031,False,False,4172.10009765625,3421.9918092131925,3677.418815000154,nan,nan,False,149,7455.016918816043,4831.909135635894,0.53605,0.5876,4175527.75,0.5017184019088745,nan,queue,queue,per_epoch_trace
squeeze_net_tosa,inputs/task_graph_topology/soda-benchmark-graphs/pytorch-graphs/squeeze_net_tosa.dot,/qfs/people/dass304/dass304/HWSWpartition/hw-sw-partition-metaheur/BatchExperiments/Ablation/diff_gnn_order_lssp_trace/squeeze_net_tosa/seed-42/run-20260412-143138/config/squeeze_net_tosa_seed-42_ablation.yaml,train,epoch,train,thresholded_partition,threshold,1032,1032.0,0,1032,False,False,4072.25,3385.294026328555,3809.515926496682,nan,nan,False,149,7550.90086919835,4831.909135635894,0.5356,0.5871999999999999,4180307.5,0.5103724598884583,nan,queue,queue,per_epoch_trace
squeeze_net_tosa,inputs/task_graph_topology/soda-benchmark-graphs/pytorch-graphs/squeeze_net_tosa.dot,/qfs/people/dass304/dass304/HWSWpartition/hw-sw-partition-metaheur/BatchExperiments/Ablation/diff_gnn_order_lssp_trace/squeeze_net_tosa/seed-42/run-20260412-143138/config/squeeze_net_tosa_seed-42_ablation.yaml,train,epoch,train,thresholded_partition,threshold,1033,1033.0,0,1033,False,False,4058.195068359375,3283.289258486838,3857.2464879168697,nan,nan,False,151,7623.523451079777,4831.909135635894,0.53515,0.5868,4137362.25,0.5088704228401184,nan,queue,queue,per_epoch_trace
squeeze_net_tosa,inputs/task_graph_topology/soda-benchmark-graphs/pytorch-graphs/squeeze_net_tosa.dot,/qfs/people/dass304/dass304/HWSWpartition/hw-sw-partition-metaheur/BatchExperiments/Ablation/diff_gnn_order_lssp_trace/squeeze_net_tosa/seed-42/run-20260412-143138/config/squeeze_net_tosa_seed-42_ablation.yaml,train,epoch,train,thresholded_partition,threshold,1034,1034.0,0,1034,False,False,4119.291015625,3830.981062378905,4105.184221247576,nan,nan,False,147,7296.755447309069,4831.909135635894,0.5347,0.5864,4257657.0,0.5117422938346863,nan,queue,queue,per_epoch_trace
squeeze_net_tosa,inputs/task_graph_topology/soda-benchmark-graphs/pytorch-graphs/squeeze_net_tosa.dot,/qfs/people/dass304/dass304/HWSWpartition/hw-sw-partition-metaheur/BatchExperiments/Ablation/diff_gnn_order_lssp_trace/squeeze_net_tosa/seed-42/run-20260412-143138/config/squeeze_net_tosa_seed-42_ablation.yaml,train,epoch,train,thresholded_partition,threshold,1035,1035.0,0,1035,False,False,4225.3828125,3364.2756638201386,3669.3870129906313,nan,nan,False,151,7654.700598415769,4831.909135635894,0.53425,0.5860000000000001,4280183.0,0.5073689818382263,nan,queue,queue,per_epoch_trace
squeeze_net_tosa,inputs/task_graph_topology/soda-benchmark-graphs/pytorch-graphs/squeeze_net_tosa.dot,/qfs/people/dass304/dass304/HWSWpartition/hw-sw-partition-metaheur/BatchExperiments/Ablation/diff_gnn_order_lssp_trace/squeeze_net_tosa/seed-42/run-20260412-143138/config/squeeze_net_tosa_seed-42_ablation.yaml,train,epoch,train,thresholded_partition,threshold,1036,1036.0,0,1036,False,False,4311.7080078125,3592.8553735469836,4297.940244578765,nan,nan,False,147,7280.086829792577,4831.909135635894,0.5338,0.5855999999999999,4312560.0,0.49939119815826416,nan,queue,queue,per_epoch_trace
squeeze_net_tosa,inputs/task_graph_topology/soda-benchmark-graphs/pytorch-graphs/squeeze_net_tosa.dot,/qfs/people/dass304/dass304/HWSWpartition/hw-sw-partition-metaheur/BatchExperiments/Ablation/diff_gnn_order_lssp_trace/squeeze_net_tosa/seed-42/run-20260412-143138/config/squeeze_net_tosa_seed-42_ablation.yaml,train,epoch,train,thresholded_partition,threshold,1037,1037.0,0,1037,False,False,4223.29638671875,2912.7956532488956,2991.6780445455056,nan,nan,False,153,7697.770288319822,4831.909135635894,0.53335,0.5851999999999999,4294598.5,0.5084158182144165,nan,queue,queue,per_epoch_trace
squeeze_net_tosa,inputs/task_graph_topology/soda-benchmark-graphs/pytorch-graphs/squeeze_net_tosa.dot,/qfs/people/dass304/dass304/HWSWpartition/hw-sw-partition-metaheur/BatchExperiments/Ablation/diff_gnn_order_lssp_trace/squeeze_net_tosa/seed-42/run-20260412-143138/config/squeeze_net_tosa_seed-42_ablation.yaml,train,epoch,train,thresholded_partition,threshold,1038,1038.0,0,1038,False,False,4308.65087890625,3063.173055474031,3168.023711041343,nan,nan,False,153,7669.391661923521,4831.909135635894,0.5328999999999999,0.5848,4311393.5,0.5015084147453308,nan,queue,queue,per_epoch_trace
squeeze_net_tosa,inputs/task_graph_topology/soda-benchmark-graphs/pytorch-graphs/squeeze_net_tosa.dot,/qfs/people/dass304/dass304/HWSWpartition/hw-sw-partition-metaheur/BatchExperiments/Ablation/diff_gnn_order_lssp_trace/squeeze_net_tosa/seed-42/run-20260412-143138/config/squeeze_net_tosa_seed-42_ablation.yaml,train,epoch,train,thresholded_partition,threshold,1039,1039.0,0,1039,False,False,4164.04345703125,3076.9128266807907,3531.9085285711285,nan,nan,False,151,7694.570294780478,4831.909135635894,0.5324500000000001,0.5844,4164695.5,0.5004276037216187,nan,queue,queue,per_epoch_trace
squeeze_net_tosa,inputs/task_graph_topology/soda-benchmark-graphs/pytorch-graphs/squeeze_net_tosa.dot,/qfs/people/dass304/dass304/HWSWpartition/hw-sw-partition-metaheur/BatchExperiments/Ablation/diff_gnn_order_lssp_trace/squeeze_net_tosa/seed-42/run-20260412-143138/config/squeeze_net_tosa_seed-42_ablation.yaml,train,epoch,train,thresholded_partition,threshold,1040,1040.0,0,1040,False,False,4101.64697265625,2819.071193113856,2751.5010340254044,nan,nan,False,154,7821.536456065114,4831.909135635894,0.532,0.584,4136753.0,0.5058865547180176,nan,queue,queue,per_epoch_trace
squeeze_net_tosa,inputs/task_graph_topology/soda-benchmark-graphs/pytorch-graphs/squeeze_net_tosa.dot,/qfs/people/dass304/dass304/HWSWpartition/hw-sw-partition-metaheur/BatchExperiments/Ablation/diff_gnn_order_lssp_trace/squeeze_net_tosa/seed-42/run-20260412-143138/config/squeeze_net_tosa_seed-42_ablation.yaml,train,epoch,train,thresholded_partition,threshold,1041,1041.0,0,1041,False,False,4216.54736328125,3213.179511816463,3553.35920548933,nan,nan,False,150,7499.94610961863,4831.909135635894,0.53155,0.5836,4244881.5,0.5052789449691772,nan,queue,queue,per_epoch_trace
squeeze_net_tosa,inputs/task_graph_topology/soda-benchmark-graphs/pytorch-graphs/squeeze_net_tosa.dot,/qfs/people/dass304/dass304/HWSWpartition/hw-sw-partition-metaheur/BatchExperiments/Ablation/diff_gnn_order_lssp_trace/squeeze_net_tosa/seed-42/run-20260412-143138/config/squeeze_net_tosa_seed-42_ablation.yaml,train,epoch,train,thresholded_partition,threshold,1042,1042.0,0,1042,False,False,4143.15185546875,2996.7641568169424,3211.496165971748,nan,nan,False,152,7670.8314651147175,4831.909135635894,0.5310999999999999,0.5831999999999999,4238669.5,0.5097493529319763,nan,queue,queue,per_epoch_trace
squeeze_net_tosa,inputs/task_graph_topology/soda-benchmark-graphs/pytorch-graphs/squeeze_net_tosa.dot,/qfs/people/dass304/dass304/HWSWpartition/hw-sw-partition-metaheur/BatchExperiments/Ablation/diff_gnn_order_lssp_trace/squeeze_net_tosa/seed-42/run-20260412-143138/config/squeeze_net_tosa_seed-42_ablation.yaml,train,epoch,train,thresholded_partition,threshold,1043,1043.0,0,1043,False,False,4038.211669921875,3078.2945003498285,3078.2945003498285,nan,nan,False,152,7618.978195006543,4831.909135635894,0.5306500000000001,0.5828,4110145.5,0.5084543228149414,nan,queue,queue,per_epoch_trace
squeeze_net_tosa,inputs/task_graph_topology/soda-benchmark-graphs/pytorch-graphs/squeeze_net_tosa.dot,/qfs/people/dass304/dass304/HWSWpartition/hw-sw-partition-metaheur/BatchExperiments/Ablation/diff_gnn_order_lssp_trace/squeeze_net_tosa/seed-42/run-20260412-143138/config/squeeze_net_tosa_seed-42_ablation.yaml,train,epoch,train,thresholded_partition,threshold,1044,1044.0,0,1044,False,False,4269.36669921875,3399.94859829822,4324.85841447104,nan,nan,False,148,7419.738075226416,4831.909135635894,0.5302,0.5824,4293302.0,0.50484299659729,nan,queue,queue,per_epoch_trace
squeeze_net_tosa,inputs/task_graph_topology/soda-benchmark-graphs/pytorch-graphs/squeeze_net_tosa.dot,/qfs/people/dass304/dass304/HWSWpartition/hw-sw-partition-metaheur/BatchExperiments/Ablation/diff_gnn_order_lssp_trace/squeeze_net_tosa/seed-42/run-20260412-143138/config/squeeze_net_tosa_seed-42_ablation.yaml,train,epoch,train,thresholded_partition,threshold,1045,1045.0,0,1045,False,False,4002.59619140625,3298.58645440587,3652.5304085680914,nan,nan,False,150,7558.195697156271,4831.909135635894,0.5297499999999999,0.5820000000000001,4143712.5,0.5118594765663147,nan,queue,queue,per_epoch_trace
squeeze_net_tosa,inputs/task_graph_topology/soda-benchmark-graphs/pytorch-graphs/squeeze_net_tosa.dot,/qfs/people/dass304/dass304/HWSWpartition/hw-sw-partition-metaheur/BatchExperiments/Ablation/diff_gnn_order_lssp_trace/squeeze_net_tosa/seed-42/run-20260412-143138/config/squeeze_net_tosa_seed-42_ablation.yaml,train,epoch,train,thresholded_partition,threshold,1046,1046.0,0,1046,False,False,4042.39306640625,3519.8731772549413,4233.647508305421,nan,nan,False,147,7409.4302090382425,4831.909135635894,0.5293,0.5815999999999999,4295249.5,0.5158860087394714,nan,queue,queue,per_epoch_trace
squeeze_net_tosa,inputs/task_graph_topology/soda-benchmark-graphs/pytorch-graphs/squeeze_net_tosa.dot,/qfs/people/dass304/dass304/HWSWpartition/hw-sw-partition-metaheur/BatchExperiments/Ablation/diff_gnn_order_lssp_trace/squeeze_net_tosa/seed-42/run-20260412-143138/config/squeeze_net_tosa_seed-42_ablation.yaml,train,epoch,train,thresholded_partition,threshold,1047,1047.0,0,1047,False,False,4043.126953125,3774.5241878350084,4090.0578881084707,nan,nan,False,147,7306.056048713091,4831.909135635894,0.52885,0.5811999999999999,4129010.75,0.5092414021492004,nan,queue,queue,per_epoch_trace
squeeze_net_tosa,inputs/task_graph_topology/soda-benchmark-graphs/pytorch-graphs/squeeze_net_tosa.dot,/qfs/people/dass304/dass304/HWSWpartition/hw-sw-partition-metaheur/BatchExperiments/Ablation/diff_gnn_order_lssp_trace/squeeze_net_tosa/seed-42/run-20260412-143138/config/squeeze_net_tosa_seed-42_ablation.yaml,train,epoch,train,thresholded_partition,threshold,1048,1048.0,0,1048,False,False,4209.95556640625,3451.2417255400755,4164.466195582778,nan,nan,False,150,7555.254469058071,4831.909135635894,0.5284,0.5808,4214358.5,0.4980185329914093,nan,queue,queue,per_epoch_trace
squeeze_net_tosa,inputs/task_graph_topology/soda-benchmark-graphs/pytorch-graphs/squeeze_net_tosa.dot,/qfs/people/dass304/dass304/HWSWpartition/hw-sw-partition-metaheur/BatchExperiments/Ablation/diff_gnn_order_lssp_trace/squeeze_net_tosa/seed-42/run-20260412-143138/config/squeeze_net_tosa_seed-42_ablation.yaml,train,epoch,train,thresholded_partition,threshold,1049,1049.0,0,1049,False,False,4051.923583984375,3054.584390018245,3239.2969469785635,nan,nan,False,152,7686.584018738818,4831.909135635894,0.52795,0.5804,4105037.0,0.5072552561759949,nan,queue,queue,per_epoch_trace
squeeze_net_tosa,inputs/task_graph_topology/soda-benchmark-graphs/pytorch-graphs/squeeze_net_tosa.dot,/qfs/people/dass304/dass304/HWSWpartition/hw-sw-partition-metaheur/BatchExperiments/Ablation/diff_gnn_order_lssp_trace/squeeze_net_tosa/seed-42/run-20260412-143138/config/squeeze_net_tosa_seed-42_ablation.yaml,train,epoch,train,thresholded_partition,threshold,1050,1050.0,0,1050,False,False,4173.67724609375,3138.017321498302,3395.9428807433173,nan,nan,False,150,7530.8966288298525,4831.909135635894,0.5275,0.58,4174601.25,0.4993244409561157,nan,queue,queue,per_epoch_trace
squeeze_net_tosa,inputs/task_graph_topology/soda-benchmark-graphs/pytorch-graphs/squeeze_net_tosa.dot,/qfs/people/dass304/dass304/HWSWpartition/hw-sw-partition-metaheur/BatchExperiments/Ablation/diff_gnn_order_lssp_trace/squeeze_net_tosa/seed-42/run-20260412-143138/config/squeeze_net_tosa_seed-42_ablation.yaml,train,epoch,train,thresholded_partition,threshold,1051,1051.0,0,1051,False,False,4044.343017578125,3190.08164873973,3503.020736147531,nan,nan,False,151,7598.37846554386,4831.909135635894,0.52705,0.5796,4188315.25,0.511979877948761,nan,queue,queue,per_epoch_trace
squeeze_net_tosa,inputs/task_graph_topology/soda-benchmark-graphs/pytorch-graphs/squeeze_net_tosa.dot,/qfs/people/dass304/dass304/HWSWpartition/hw-sw-partition-metaheur/BatchExperiments/Ablation/diff_gnn_order_lssp_trace/squeeze_net_tosa/seed-42/run-20260412-143138/config/squeeze_net_tosa_seed-42_ablation.yaml,train,epoch,train,thresholded_partition,threshold,1052,1052.0,0,1052,False,False,4241.72900390625,3363.3506260986273,3628.765289911715,nan,nan,False,148,7382.092143456695,4831.909135635894,0.5266,0.5791999999999999,4254477.5,0.5035037994384766,nan,queue,queue,per_epoch_trace
squeeze_net_tosa,inputs/task_graph_topology/soda-benchmark-graphs/pytorch-graphs/squeeze_net_tosa.dot,/qfs/people/dass304/dass304/HWSWpartition/hw-sw-partition-metaheur/BatchExperiments/Ablation/diff_gnn_order_lssp_trace/squeeze_net_tosa/seed-42/run-20260412-143138/config/squeeze_net_tosa_seed-42_ablation.yaml,train,epoch,train,thresholded_partition,threshold,1053,1053.0,0,1053,False,False,4085.874267578125,3100.660561007489,3547.5511449847804,nan,nan,False,152,7574.240685111216,4831.909135635894,0.52615,0.5788,4163571.5,0.5087877511978149,nan,queue,queue,per_epoch_trace
squeeze_net_tosa,inputs/task_graph_topology/soda-benchmark-graphs/pytorch-graphs/squeeze_net_tosa.dot,/qfs/people/dass304/dass304/HWSWpartition/hw-sw-partition-metaheur/BatchExperiments/Ablation/diff_gnn_order_lssp_trace/squeeze_net_tosa/seed-42/run-20260412-143138/config/squeeze_net_tosa_seed-42_ablation.yaml,train,epoch,train,thresholded_partition,threshold,1054,1054.0,0,1054,False,False,4162.82373046875,3481.3105319565307,3769.06498310912,nan,nan,False,149,7412.6041518275515,4831.909135635894,0.5257,0.5784,4164649.25,0.5011582970619202,nan,queue,queue,per_epoch_trace
squeeze_net_tosa,inputs/task_graph_topology/soda-benchmark-graphs/pytorch-graphs/squeeze_net_tosa.dot,/qfs/people/dass304/dass304/HWSWpartition/hw-sw-partition-metaheur/BatchExperiments/Ablation/diff_gnn_order_lssp_trace/squeeze_net_tosa/seed-42/run-20260412-143138/config/squeeze_net_tosa_seed-42_ablation.yaml,train,epoch,train,thresholded_partition,threshold,1055,1055.0,0,1055,False,False,4099.1689453125,3497.935443124719,3497.935443124718,nan,nan,False,150,7512.931762239728,4831.909135635894,0.52525,0.5780000000000001,4209232.5,0.5104683637619019,nan,queue,queue,per_epoch_trace
squeeze_net_tosa,inputs/task_graph_topology/soda-benchmark-graphs/pytorch-graphs/squeeze_net_tosa.dot,/qfs/people/dass304/dass304/HWSWpartition/hw-sw-partition-metaheur/BatchExperiments/Ablation/diff_gnn_order_lssp_trace/squeeze_net_tosa/seed-42/run-20260412-143138/config/squeeze_net_tosa_seed-42_ablation.yaml,train,epoch,train,thresholded_partition,threshold,1056,1056.0,0,1056,False,False,4083.807861328125,3388.669393939245,3756.4758737359602,nan,nan,False,150,7447.091767702884,4831.909135635894,0.5247999999999999,0.5775999999999999,4107420.5,0.5048093795776367,nan,queue,queue,per_epoch_trace
squeeze_net_tosa,inputs/task_graph_topology/soda-benchmark-graphs/pytorch-graphs/squeeze_net_tosa.dot,/qfs/people/dass304/dass304/HWSWpartition/hw-sw-partition-metaheur/BatchExperiments/Ablation/diff_gnn_order_lssp_trace/squeeze_net_tosa/seed-42/run-20260412-143138/config/squeeze_net_tosa_seed-42_ablation.yaml,train,epoch,train,thresholded_partition,threshold,1057,1057.0,0,1057,False,False,4156.56787109375,3105.55869810004,3523.719709786656,nan,nan,False,152,7545.758729681114,4831.909135635894,0.5243500000000001,0.5771999999999999,4158655.75,0.501270055770874,nan,queue,queue,per_epoch_trace
squeeze_net_tosa,inputs/task_graph_topology/soda-benchmark-graphs/pytorch-graphs/squeeze_net_tosa.dot,/qfs/people/dass304/dass304/HWSWpartition/hw-sw-partition-metaheur/BatchExperiments/Ablation/diff_gnn_order_lssp_trace/squeeze_net_tosa/seed-42/run-20260412-143138/config/squeeze_net_tosa_seed-42_ablation.yaml,train,epoch,train,thresholded_partition,threshold,1058,1058.0,0,1058,False,False,4009.393310546875,3221.833641107583,3948.0674016534927,nan,nan,False,149,7414.52684030585,4831.909135635894,0.5239,0.5768,4141655.5,0.5114802718162537,nan,queue,queue,per_epoch_trace
squeeze_net_tosa,inputs/task_graph_topology/soda-benchmark-graphs/pytorch-graphs/squeeze_net_tosa.dot,/qfs/people/dass304/dass304/HWSWpartition/hw-sw-partition-metaheur/BatchExperiments/Ablation/diff_gnn_order_lssp_trace/squeeze_net_tosa/seed-42/run-20260412-143138/config/squeeze_net_tosa_seed-42_ablation.yaml,train,epoch,train,thresholded_partition,threshold,1059,1059.0,0,1059,False,False,4044.843505859375,3106.582489369304,3335.0247634426073,nan,nan,False,151,7552.213681101234,4831.909135635894,0.52345,0.5764,4080505.25,0.5059325098991394,nan,queue,queue,per_epoch_trace
squeeze_net_tosa,inputs/task_graph_topology/soda-benchmark-graphs/pytorch-graphs/squeeze_net_tosa.dot,/qfs/people/dass304/dass304/HWSWpartition/hw-sw-partition-metaheur/BatchExperiments/Ablation/diff_gnn_order_lssp_trace/squeeze_net_tosa/seed-42/run-20260412-143138/config/squeeze_net_tosa_seed-42_ablation.yaml,train,epoch,train,thresholded_partition,threshold,1060,1060.0,0,1060,False,False,4120.26171875,3208.1718989101114,3494.149417378477,nan,nan,False,150,7556.598910791401,4831.909135635894,0.5229999999999999,0.576,4197572.5,0.5087655186653137,nan,queue,queue,per_epoch_trace
squeeze_net_tosa,inputs/task_graph_topology/soda-benchmark-graphs/pytorch-graphs/squeeze_net_tosa.dot,/qfs/people/dass304/dass304/HWSWpartition/hw-sw-partition-metaheur/BatchExperiments/Ablation/diff_gnn_order_lssp_trace/squeeze_net_tosa/seed-42/run-20260412-143138/config/squeeze_net_tosa_seed-42_ablation.yaml,train,epoch,train,thresholded_partition,threshold,1061,1061.0,0,1061,False,False,4066.18017578125,3483.5510122498613,4209.784772795771,nan,nan,False,148,7475.882409786114,4831.909135635894,0.5225500000000001,0.5756,4093048.75,0.5051372647285461,nan,queue,queue,per_epoch_trace
squeeze_net_tosa,inputs/task_graph_topology/soda-benchmark-graphs/pytorch-graphs/squeeze_net_tosa.dot,/qfs/people/dass304/dass304/HWSWpartition/hw-sw-partition-metaheur/BatchExperiments/Ablation/diff_gnn_order_lssp_trace/squeeze_net_tosa/seed-42/run-20260412-143138/config/squeeze_net_tosa_seed-42_ablation.yaml,train,epoch,train,thresholded_partition,threshold,1062,1062.0,0,1062,False,False,4240.45703125,3381.266006670045,3713.5078450736796,nan,nan,False,148,7367.374512597049,4831.909135635894,0.5221,0.5751999999999999,4266698.0,0.5050748586654663,nan,queue,queue,per_epoch_trace
squeeze_net_tosa,inputs/task_graph_topology/soda-benchmark-graphs/pytorch-graphs/squeeze_net_tosa.dot,/qfs/people/dass304/dass304/HWSWpartition/hw-sw-partition-metaheur/BatchExperiments/Ablation/diff_gnn_order_lssp_trace/squeeze_net_tosa/seed-42/run-20260412-143138/config/squeeze_net_tosa_seed-42_ablation.yaml,train,epoch,train,thresholded_partition,threshold,1063,1063.0,0,1063,False,False,4009.237548828125,3452.4588755665186,3632.4360051183635,nan,nan,False,149,7484.473810669137,4831.909135635894,0.52165,0.5748,4070522.0,0.5077976584434509,nan,queue,queue,per_epoch_trace
squeeze_net_tosa,inputs/task_graph_topology/soda-benchmark-graphs/pytorch-graphs/squeeze_net_tosa.dot,/qfs/people/dass304/dass304/HWSWpartition/hw-sw-partition-metaheur/BatchExperiments/Ablation/diff_gnn_order_lssp_trace/squeeze_net_tosa/seed-42/run-20260412-143138/config/squeeze_net_tosa_seed-42_ablation.yaml,train,epoch,train,thresholded_partition,threshold,1064,1064.0,0,1064,False,False,4154.58447265625,3236.176269982812,3317.769571300559,nan,nan,False,150,7540.422479523826,4831.909135635894,0.5211999999999999,0.5744,4174740.75,0.5044364333152771,nan,queue,queue,per_epoch_trace
squeeze_net_tosa,inputs/task_graph_topology/soda-benchmark-graphs/pytorch-graphs/squeeze_net_tosa.dot,/qfs/people/dass304/dass304/HWSWpartition/hw-sw-partition-metaheur/BatchExperiments/Ablation/diff_gnn_order_lssp_trace/squeeze_net_tosa/seed-42/run-20260412-143138/config/squeeze_net_tosa_seed-42_ablation.yaml,train,epoch,train,thresholded_partition,threshold,1065,1065.0,0,1065,False,False,3964.464111328125,3367.2990627277845,3768.835809276344,nan,nan,False,149,7411.41677417498,4831.909135635894,0.52075,0.5740000000000001,4067775.75,0.510140597820282,nan,queue,queue,per_epoch_trace
squeeze_net_tosa,inputs/task_graph_topology/soda-benchmark-graphs/pytorch-graphs/squeeze_net_tosa.dot,/qfs/people/dass304/dass304/HWSWpartition/hw-sw-partition-metaheur/BatchExperiments/Ablation/diff_gnn_order_lssp_trace/squeeze_net_tosa/seed-42/run-20260412-143138/config/squeeze_net_tosa_seed-42_ablation.yaml,train,epoch,train,thresholded_partition,threshold,1066,1066.0,0,1066,False,False,4042.678955078125,2617.6364196514783,2911.129093214857,nan,nan,False,153,7578.451753759664,4831.909135635894,0.5203,0.5735999999999999,4112254.0,0.5083134770393372,nan,queue,queue,per_epoch_trace
squeeze_net_tosa,inputs/task_graph_topology/soda-benchmark-graphs/pytorch-graphs/squeeze_net_tosa.dot,/qfs/people/dass304/dass304/HWSWpartition/hw-sw-partition-metaheur/BatchExperiments/Ablation/diff_gnn_order_lssp_trace/squeeze_net_tosa/seed-42/run-20260412-143138/config/squeeze_net_tosa_seed-42_ablation.yaml,train,epoch,train,thresholded_partition,threshold,1067,1067.0,0,1067,False,False,3959.796630859375,3532.7041249772997,3687.2037191837985,nan,nan,False,149,7503.634763902793,4831.909135635894,0.51985,0.5731999999999999,3984985.75,0.5049707293510437,nan,queue,queue,per_epoch_trace
squeeze_net_tosa,inputs/task_graph_topology/soda-benchmark-graphs/pytorch-graphs/squeeze_net_tosa.dot,/qfs/people/dass304/dass304/HWSWpartition/hw-sw-partition-metaheur/BatchExperiments/Ablation/diff_gnn_order_lssp_trace/squeeze_net_tosa/seed-42/run-20260412-143138/config/squeeze_net_tosa_seed-42_ablation.yaml,train,epoch,train,thresholded_partition,threshold,1068,1068.0,0,1068,False,False,4241.12548828125,3385.9774231484657,3980.428400807032,nan,nan,False,147,7373.873466190299,4831.909135635894,0.5194,0.5728,4266680.0,0.4949933588504791,nan,queue,queue,per_epoch_trace
squeeze_net_tosa,inputs/task_graph_topology/soda-benchmark-graphs/pytorch-graphs/squeeze_net_tosa.dot,/qfs/people/dass304/dass304/HWSWpartition/hw-sw-partition-metaheur/BatchExperiments/Ablation/diff_gnn_order_lssp_trace/squeeze_net_tosa/seed-42/run-20260412-143138/config/squeeze_net_tosa_seed-42_ablation.yaml,train,epoch,train,thresholded_partition,threshold,1069,1069.0,0,1069,False,False,4206.81591796875,3243.2757296853038,3433.781836160116,nan,nan,False,150,7542.198913592833,4831.909135635894,0.51895,0.5724,4265248.0,0.5076132416725159,nan,queue,queue,per_epoch_trace
squeeze_net_tosa,inputs/task_graph_topology/soda-benchmark-graphs/pytorch-graphs/squeeze_net_tosa.dot,/qfs/people/dass304/dass304/HWSWpartition/hw-sw-partition-metaheur/BatchExperiments/Ablation/diff_gnn_order_lssp_trace/squeeze_net_tosa/seed-42/run-20260412-143138/config/squeeze_net_tosa_seed-42_ablation.yaml,train,epoch,train,thresholded_partition,threshold,1070,1070.0,0,1070,False,False,3931.096923828125,3435.232876790304,3802.8209555340604,nan,nan,False,148,7373.701968661353,4831.909135635894,0.5185,0.572,4197065.0,0.516293466091156,nan,queue,queue,per_epoch_trace
squeeze_net_tosa,inputs/task_graph_topology/soda-benchmark-graphs/pytorch-graphs/squeeze_net_tosa.dot,/qfs/people/dass304/dass304/HWSWpartition/hw-sw-partition-metaheur/BatchExperiments/Ablation/diff_gnn_order_lssp_trace/squeeze_net_tosa/seed-42/run-20260412-143138/config/squeeze_net_tosa_seed-42_ablation.yaml,train,epoch,train,thresholded_partition,threshold,1071,1071.0,0,1071,False,False,4219.61767578125,3704.2211714624086,4000.955633117114,nan,nan,False,149,7482.746334132105,4831.909135635894,0.51805,0.5716,4227012.0,0.5026261806488037,nan,queue,queue,per_epoch_trace
squeeze_net_tosa,inputs/task_graph_topology/soda-benchmark-graphs/pytorch-graphs/squeeze_net_tosa.dot,/qfs/people/dass304/dass304/HWSWpartition/hw-sw-partition-metaheur/BatchExperiments/Ablation/diff_gnn_order_lssp_trace/squeeze_net_tosa/seed-42/run-20260412-143138/config/squeeze_net_tosa_seed-42_ablation.yaml,train,epoch,train,thresholded_partition,threshold,1072,1072.0,0,1072,False,False,4071.698974609375,2826.295598176813,3090.483195956432,nan,nan,False,153,7686.198892768433,4831.909135635894,0.5176,0.5711999999999999,4246217.0,0.5131932497024536,nan,queue,queue,per_epoch_trace
squeeze_net_tosa,inputs/task_graph_topology/soda-benchmark-graphs/pytorch-graphs/squeeze_net_tosa.dot,/qfs/people/dass304/dass304/HWSWpartition/hw-sw-partition-metaheur/BatchExperiments/Ablation/diff_gnn_order_lssp_trace/squeeze_net_tosa/seed-42/run-20260412-143138/config/squeeze_net_tosa_seed-42_ablation.yaml,train,epoch,train,thresholded_partition,threshold,1073,1073.0,0,1073,False,False,4239.98779296875,3027.0662940180523,3523.7531707719995,nan,nan,False,150,7566.73014289824,4831.909135635894,0.51715,0.5708,4251075.0,0.5032567977905273,nan,queue,queue,per_epoch_trace
squeeze_net_tosa,inputs/task_graph_topology/soda-benchmark-graphs/pytorch-graphs/squeeze_net_tosa.dot,/qfs/people/dass304/dass304/HWSWpartition/hw-sw-partition-metaheur/BatchExperiments/Ablation/diff_gnn_order_lssp_trace/squeeze_net_tosa/seed-42/run-20260412-143138/config/squeeze_net_tosa_seed-42_ablation.yaml,train,epoch,train,thresholded_partition,threshold,1074,1074.0,0,1074,False,False,4165.9345703125,3422.8614648042044,3803.539694308806,nan,nan,False,149,7468.523573428489,4831.909135635894,0.5166999999999999,0.5704,4171707.25,0.4977019727230072,nan,queue,queue,per_epoch_trace
squeeze_net_tosa,inputs/task_graph_topology/soda-benchmark-graphs/pytorch-graphs/squeeze_net_tosa.dot,/qfs/people/dass304/dass304/HWSWpartition/hw-sw-partition-metaheur/BatchExperiments/Ablation/diff_gnn_order_lssp_trace/squeeze_net_tosa/seed-42/run-20260412-143138/config/squeeze_net_tosa_seed-42_ablation.yaml,train,epoch,train,thresholded_partition,threshold,1075,1075.0,0,1075,False,False,4147.40771484375,2738.643604775771,3247.0116555561267,nan,nan,False,151,7605.009957670146,4831.909135635894,0.51625,0.5700000000000001,4147867.25,0.5000260472297668,nan,queue,queue,per_epoch_trace
squeeze_net_tosa,inputs/task_graph_topology/soda-benchmark-graphs/pytorch-graphs/squeeze_net_tosa.dot,/qfs/people/dass304/dass304/HWSWpartition/hw-sw-partition-metaheur/BatchExperiments/Ablation/diff_gnn_order_lssp_trace/squeeze_net_tosa/seed-42/run-20260412-143138/config/squeeze_net_tosa_seed-42_ablation.yaml,train,epoch,train,thresholded_partition,threshold,1076,1076.0,0,1076,False,False,4206.529296875,2946.6082911179333,3227.8300416073803,nan,nan,False,152,7643.634411614266,4831.909135635894,0.5158,0.5695999999999999,4260956.0,0.5073452591896057,nan,queue,queue,per_epoch_trace
squeeze_net_tosa,inputs/task_graph_topology/soda-benchmark-graphs/pytorch-graphs/squeeze_net_tosa.dot,/qfs/people/dass304/dass304/HWSWpartition/hw-sw-partition-metaheur/BatchExperiments/Ablation/diff_gnn_order_lssp_trace/squeeze_net_tosa/seed-42/run-20260412-143138/config/squeeze_net_tosa_seed-42_ablation.yaml,train,epoch,train,thresholded_partition,threshold,1077,1077.0,0,1077,False,False,4262.59326171875,3764.171769875922,3725.8710218769875,nan,nan,False,151,7474.590596191483,4831.909135635894,0.51535,0.5691999999999999,4352112.0,0.5094354748725891,nan,queue,queue,per_epoch_trace
squeeze_net_tosa,inputs/task_graph_topology/soda-benchmark-graphs/pytorch-graphs/squeeze_net_tosa.dot,/qfs/people/dass304/dass304/HWSWpartition/hw-sw-partition-metaheur/BatchExperiments/Ablation/diff_gnn_order_lssp_trace/squeeze_net_tosa/seed-42/run-20260412-143138/config/squeeze_net_tosa_seed-42_ablation.yaml,train,epoch,train,thresholded_partition,threshold,1078,1078.0,0,1078,False,False,4536.06591796875,3567.905981237593,3609.68865234301,nan,nan,False,149,7441.381276132393,4831.909135635894,0.5148999999999999,0.5688,4597828.0,0.5078281164169312,nan,queue,queue,per_epoch_trace
squeeze_net_tosa,inputs/task_graph_topology/soda-benchmark-graphs/pytorch-graphs/squeeze_net_tosa.dot,/qfs/people/dass304/dass304/HWSWpartition/hw-sw-partition-metaheur/BatchExperiments/Ablation/diff_gnn_order_lssp_trace/squeeze_net_tosa/seed-42/run-20260412-143138/config/squeeze_net_tosa_seed-42_ablation.yaml,train,epoch,train,thresholded_partition,threshold,1079,1079.0,0,1079,False,False,4063.901611328125,2912.548523498223,3389.173326971302,nan,nan,False,153,7712.577737276338,4831.909135635894,0.5144500000000001,0.5684,4091056.5,0.5051660537719727,nan,queue,queue,per_epoch_trace
squeeze_net_tosa,inputs/task_graph_topology/soda-benchmark-graphs/pytorch-graphs/squeeze_net_tosa.dot,/qfs/people/dass304/dass304/HWSWpartition/hw-sw-partition-metaheur/BatchExperiments/Ablation/diff_gnn_order_lssp_trace/squeeze_net_tosa/seed-42/run-20260412-143138/config/squeeze_net_tosa_seed-42_ablation.yaml,train,epoch,train,thresholded_partition,threshold,1080,1080.0,0,1080,False,False,4197.7705078125,2971.958835990304,3267.4977965112225,nan,nan,False,152,7569.285078792535,4831.909135635894,0.514,0.568,4209733.0,0.49661126732826233,nan,queue,queue,per_epoch_trace
squeeze_net_tosa,inputs/task_graph_topology/soda-benchmark-graphs/pytorch-graphs/squeeze_net_tosa.dot,/qfs/people/dass304/dass304/HWSWpartition/hw-sw-partition-metaheur/BatchExperiments/Ablation/diff_gnn_order_lssp_trace/squeeze_net_tosa/seed-42/run-20260412-143138/config/squeeze_net_tosa_seed-42_ablation.yaml,train,epoch,train,thresholded_partition,threshold,1081,1081.0,0,1081,False,False,4093.4609375,3094.087638862459,3314.291618963009,nan,nan,False,151,7631.376263184938,4831.909135635894,0.51355,0.5676,4133705.5,0.5063072443008423,nan,queue,queue,per_epoch_trace
squeeze_net_tosa,inputs/task_graph_topology/soda-benchmark-graphs/pytorch-graphs/squeeze_net_tosa.dot,/qfs/people/dass304/dass304/HWSWpartition/hw-sw-partition-metaheur/BatchExperiments/Ablation/diff_gnn_order_lssp_trace/squeeze_net_tosa/seed-42/run-20260412-143138/config/squeeze_net_tosa_seed-42_ablation.yaml,train,epoch,train,thresholded_partition,threshold,1082,1082.0,0,1082,False,False,4203.36083984375,3042.830473827334,3423.4434455773885,nan,nan,False,153,7703.526083349817,4831.909135635894,0.5130999999999999,0.5671999999999999,4228631.0,0.5049806833267212,nan,queue,queue,per_epoch_trace
squeeze_net_tosa,inputs/task_graph_topology/soda-benchmark-graphs/pytorch-graphs/squeeze_net_tosa.dot,/qfs/people/dass304/dass304/HWSWpartition/hw-sw-partition-metaheur/BatchExperiments/Ablation/diff_gnn_order_lssp_trace/squeeze_net_tosa/seed-42/run-20260412-143138/config/squeeze_net_tosa_seed-42_ablation.yaml,train,epoch,train,thresholded_partition,threshold,1083,1083.0,0,1083,False,False,4085.298583984375,3102.677512783461,3458.956593715146,nan,nan,False,150,7443.718316605893,4831.909135635894,0.51265,0.5668,4193693.0,0.5103892683982849,nan,queue,queue,per_epoch_trace
squeeze_net_tosa,inputs/task_graph_topology/soda-benchmark-graphs/pytorch-graphs/squeeze_net_tosa.dot,/qfs/people/dass304/dass304/HWSWpartition/hw-sw-partition-metaheur/BatchExperiments/Ablation/diff_gnn_order_lssp_trace/squeeze_net_tosa/seed-42/run-20260412-143138/config/squeeze_net_tosa_seed-42_ablation.yaml,train,epoch,train,thresholded_partition,threshold,1084,1084.0,0,1084,False,False,4156.509765625,3077.9513506120934,3485.0634121988282,nan,nan,False,152,7586.988991418593,4831.909135635894,0.5122,0.5664,4273182.5,0.5107789635658264,nan,queue,queue,per_epoch_trace
squeeze_net_tosa,inputs/task_graph_topology/soda-benchmark-graphs/pytorch-graphs/squeeze_net_tosa.dot,/qfs/people/dass304/dass304/HWSWpartition/hw-sw-partition-metaheur/BatchExperiments/Ablation/diff_gnn_order_lssp_trace/squeeze_net_tosa/seed-42/run-20260412-143138/config/squeeze_net_tosa_seed-42_ablation.yaml,train,epoch,train,thresholded_partition,threshold,1085,1085.0,0,1085,False,False,3951.677734375,2804.479221001708,3299.351677609239,nan,nan,False,153,7700.947456554297,4831.909135635894,0.5117499999999999,0.5660000000000001,4364134.0,0.5202975273132324,nan,queue,queue,per_epoch_trace
squeeze_net_tosa,inputs/task_graph_topology/soda-benchmark-graphs/pytorch-graphs/squeeze_net_tosa.dot,/qfs/people/dass304/dass304/HWSWpartition/hw-sw-partition-metaheur/BatchExperiments/Ablation/diff_gnn_order_lssp_trace/squeeze_net_tosa/seed-42/run-20260412-143138/config/squeeze_net_tosa_seed-42_ablation.yaml,train,epoch,train,thresholded_partition,threshold,1086,1086.0,0,1086,False,False,3914.314208984375,3134.4325249835188,3836.0230486372398,nan,nan,False,151,7560.194638366711,4831.909135635894,0.5113,0.5655999999999999,4140394.75,0.5150198340415955,nan,queue,queue,per_epoch_trace
squeeze_net_tosa,inputs/task_graph_topology/soda-benchmark-graphs/pytorch-graphs/squeeze_net_tosa.dot,/qfs/people/dass304/dass304/HWSWpartition/hw-sw-partition-metaheur/BatchExperiments/Ablation/diff_gnn_order_lssp_trace/squeeze_net_tosa/seed-42/run-20260412-143138/config/squeeze_net_tosa_seed-42_ablation.yaml,train,epoch,train,thresholded_partition,threshold,1087,1087.0,0,1087,False,False,3928.408935546875,3452.598852412097,3915.1064189253616,nan,nan,False,146,7251.9336263098,4831.909135635894,0.51085,0.5651999999999999,4286873.0,0.518920361995697,nan,queue,queue,per_epoch_trace
squeeze_net_tosa,inputs/task_graph_topology/soda-benchmark-graphs/pytorch-graphs/squeeze_net_tosa.dot,/qfs/people/dass304/dass304/HWSWpartition/hw-sw-partition-metaheur/BatchExperiments/Ablation/diff_gnn_order_lssp_trace/squeeze_net_tosa/seed-42/run-20260412-143138/config/squeeze_net_tosa_seed-42_ablation.yaml,train,epoch,train,thresholded_partition,threshold,1088,1088.0,0,1088,False,False,4146.64697265625,3743.4496352922574,4484.75775219237,nan,nan,False,148,7296.1900715412585,4831.909135635894,0.5104,0.5648,4155877.75,0.5029558539390564,nan,queue,queue,per_epoch_trace
squeeze_net_tosa,inputs/task_graph_topology/soda-benchmark-graphs/pytorch-graphs/squeeze_net_tosa.dot,/qfs/people/dass304/dass304/HWSWpartition/hw-sw-partition-metaheur/BatchExperiments/Ablation/diff_gnn_order_lssp_trace/squeeze_net_tosa/seed-42/run-20260412-143138/config/squeeze_net_tosa_seed-42_ablation.yaml,train,epoch,train,thresholded_partition,threshold,1089,1089.0,0,1089,False,False,4122.07470703125,3222.156141713311,3475.2511155700845,nan,nan,False,150,7454.834765490081,4831.909135635894,0.50995,0.5644,4179844.75,0.507569432258606,nan,queue,queue,per_epoch_trace
squeeze_net_tosa,inputs/task_graph_topology/soda-benchmark-graphs/pytorch-graphs/squeeze_net_tosa.dot,/qfs/people/dass304/dass304/HWSWpartition/hw-sw-partition-metaheur/BatchExperiments/Ablation/diff_gnn_order_lssp_trace/squeeze_net_tosa/seed-42/run-20260412-143138/config/squeeze_net_tosa_seed-42_ablation.yaml,train,epoch,train,thresholded_partition,threshold,1090,1090.0,0,1090,False,False,4225.10498046875,2765.151727477366,3137.3878561076517,nan,nan,False,151,7651.403705559437,4831.909135635894,0.5095,0.564,4225591.5,0.5001285076141357,nan,queue,queue,per_epoch_trace
squeeze_net_tosa,inputs/task_graph_topology/soda-benchmark-graphs/pytorch-graphs/squeeze_net_tosa.dot,/qfs/people/dass304/dass304/HWSWpartition/hw-sw-partition-metaheur/BatchExperiments/Ablation/diff_gnn_order_lssp_trace/squeeze_net_tosa/seed-42/run-20260412-143138/config/squeeze_net_tosa_seed-42_ablation.yaml,train,epoch,train,thresholded_partition,threshold,1091,1091.0,0,1091,False,False,4278.08447265625,3310.8315091924273,3642.841676418769,nan,nan,False,150,7405.241947787508,4831.909135635894,0.50905,0.5636,4316294.5,0.4938564896583557,nan,queue,queue,per_epoch_trace
squeeze_net_tosa,inputs/task_graph_topology/soda-benchmark-graphs/pytorch-graphs/squeeze_net_tosa.dot,/qfs/people/dass304/dass304/HWSWpartition/hw-sw-partition-metaheur/BatchExperiments/Ablation/diff_gnn_order_lssp_trace/squeeze_net_tosa/seed-42/run-20260412-143138/config/squeeze_net_tosa_seed-42_ablation.yaml,train,epoch,train,thresholded_partition,threshold,1092,1092.0,0,1092,False,False,4403.36865234375,3199.690541485897,3571.75987152662,nan,nan,False,149,7403.043882486682,4831.909135635894,0.5085999999999999,0.5631999999999999,4470278.5,0.49184882640838623,nan,queue,queue,per_epoch_trace
squeeze_net_tosa,inputs/task_graph_topology/soda-benchmark-graphs/pytorch-graphs/squeeze_net_tosa.dot,/qfs/people/dass304/dass304/HWSWpartition/hw-sw-partition-metaheur/BatchExperiments/Ablation/diff_gnn_order_lssp_trace/squeeze_net_tosa/seed-42/run-20260412-143138/config/squeeze_net_tosa_seed-42_ablation.yaml,train,epoch,train,thresholded_partition,threshold,1093,1093.0,0,1093,False,False,4208.22607421875,3105.55869810004,3364.2361169135897,nan,nan,False,151,7527.08051588004,4831.909135635894,0.50815,0.5628,4210479.5,0.4986628592014313,nan,queue,queue,per_epoch_trace
squeeze_net_tosa,inputs/task_graph_topology/soda-benchmark-graphs/pytorch-graphs/squeeze_net_tosa.dot,/qfs/people/dass304/dass304/HWSWpartition/hw-sw-partition-metaheur/BatchExperiments/Ablation/diff_gnn_order_lssp_trace/squeeze_net_tosa/seed-42/run-20260412-143138/config/squeeze_net_tosa_seed-42_ablation.yaml,train,epoch,train,thresholded_partition,threshold,1094,1094.0,0,1094,False,False,4271.62939453125,3681.3738806310653,3912.9448553147563,nan,nan,False,146,7263.757185409681,4831.909135635894,0.5076999999999999,0.5624,4316352.0,0.506651759147644,nan,queue,queue,per_epoch_trace
squeeze_net_tosa,inputs/task_graph_topology/soda-benchmark-graphs/pytorch-graphs/squeeze_net_tosa.dot,/qfs/people/dass304/dass304/HWSWpartition/hw-sw-partition-metaheur/BatchExperiments/Ablation/diff_gnn_order_lssp_trace/squeeze_net_tosa/seed-42/run-20260412-143138/config/squeeze_net_tosa_seed-42_ablation.yaml,train,epoch,train,thresholded_partition,threshold,1095,1095.0,0,1095,False,False,4097.65966796875,3634.3968148647377,3815.845569146451,nan,nan,False,147,7399.528118819096,4831.909135635894,0.50725,0.562,4099333.75,0.501092791557312,nan,queue,queue,per_epoch_trace
squeeze_net_tosa,inputs/task_graph_topology/soda-benchmark-graphs/pytorch-graphs/squeeze_net_tosa.dot,/qfs/people/dass304/dass304/HWSWpartition/hw-sw-partition-metaheur/BatchExperiments/Ablation/diff_gnn_order_lssp_trace/squeeze_net_tosa/seed-42/run-20260412-143138/config/squeeze_net_tosa_seed-42_ablation.yaml,train,epoch,train,thresholded_partition,threshold,1096,1096.0,0,1096,False,False,4198.72705078125,3285.7024905254443,3381.1102162111433,nan,nan,False,150,7538.570352166942,4831.909135635894,0.5067999999999999,0.5615999999999999,4209487.5,0.4967927634716034,nan,queue,queue,per_epoch_trace
squeeze_net_tosa,inputs/task_graph_topology/soda-benchmark-graphs/pytorch-graphs/squeeze_net_tosa.dot,/qfs/people/dass304/dass304/HWSWpartition/hw-sw-partition-metaheur/BatchExperiments/Ablation/diff_gnn_order_lssp_trace/squeeze_net_tosa/seed-42/run-20260412-143138/config/squeeze_net_tosa_seed-42_ablation.yaml,train,epoch,train,thresholded_partition,threshold,1097,1097.0,0,1097,False,False,3993.41650390625,3022.2901463740777,3386.1200598621576,nan,nan,False,152,7515.919686066868,4831.909135635894,0.5063500000000001,0.5611999999999999,4185048.5,0.5138265490531921,nan,queue,queue,per_epoch_trace
squeeze_net_tosa,inputs/task_graph_topology/soda-benchmark-graphs/pytorch-graphs/squeeze_net_tosa.dot,/qfs/people/dass304/dass304/HWSWpartition/hw-sw-partition-metaheur/BatchExperiments/Ablation/diff_gnn_order_lssp_trace/squeeze_net_tosa/seed-42/run-20260412-143138/config/squeeze_net_tosa_seed-42_ablation.yaml,train,epoch,train,thresholded_partition,threshold,1098,1098.0,0,1098,False,False,4024.15234375,3521.7500509008,4030.188808793909,nan,nan,False,148,7383.104304115709,4831.909135635894,0.5059,0.5608,4089591.0,0.5080593228340149,nan,queue,queue,per_epoch_trace
squeeze_net_tosa,inputs/task_graph_topology/soda-benchmark-graphs/pytorch-graphs/squeeze_net_tosa.dot,/qfs/people/dass304/dass304/HWSWpartition/hw-sw-partition-metaheur/BatchExperiments/Ablation/diff_gnn_order_lssp_trace/squeeze_net_tosa/seed-42/run-20260412-143138/config/squeeze_net_tosa_seed-42_ablation.yaml,train,epoch,train,thresholded_partition,threshold,1099,1099.0,0,1099,False,False,4438.138671875,3283.1646821171385,3679.335138787406,nan,nan,False,146,7158.859582191444,4831.909135635894,0.50545,0.5604,4441631.5,0.4982692003250122,nan,queue,queue,per_epoch_trace
squeeze_net_tosa,inputs/task_graph_topology/soda-benchmark-graphs/pytorch-graphs/squeeze_net_tosa.dot,/qfs/people/dass304/dass304/HWSWpartition/hw-sw-partition-metaheur/BatchExperiments/Ablation/diff_gnn_order_lssp_trace/squeeze_net_tosa/seed-42/run-20260412-143138/config/squeeze_net_tosa_seed-42_ablation.yaml,train,epoch,train,thresholded_partition,threshold,1100,1100.0,0,1100,False,False,4170.72119140625,3685.3794129723588,3997.1840574313114,nan,nan,False,148,7396.6949188078,4831.909135635894,0.5049999999999999,0.5599999999999999,4178706.25,0.5027395486831665,nan,queue,queue,per_epoch_trace
squeeze_net_tosa,inputs/task_graph_topology/soda-benchmark-graphs/pytorch-graphs/squeeze_net_tosa.dot,/qfs/people/dass304/dass304/HWSWpartition/hw-sw-partition-metaheur/BatchExperiments/Ablation/diff_gnn_order_lssp_trace/squeeze_net_tosa/seed-42/run-20260412-143138/config/squeeze_net_tosa_seed-42_ablation.yaml,train,epoch,train,thresholded_partition,threshold,1101,1101.0,0,1101,False,False,4113.40185546875,3404.7286289332064,3590.329512131358,nan,nan,False,148,7434.472869053088,4831.909135635894,0.50455,0.5596,4177185.25,0.507956862449646,nan,queue,queue,per_epoch_trace
squeeze_net_tosa,inputs/task_graph_topology/soda-benchmark-graphs/pytorch-graphs/squeeze_net_tosa.dot,/qfs/people/dass304/dass304/HWSWpartition/hw-sw-partition-metaheur/BatchExperiments/Ablation/diff_gnn_order_lssp_trace/squeeze_net_tosa/seed-42/run-20260412-143138/config/squeeze_net_tosa_seed-42_ablation.yaml,train,epoch,train,thresholded_partition,threshold,1102,1102.0,0,1102,False,False,4117.619140625,2858.052445223127,3265.5691355855074,nan,nan,False,152,7719.817913339513,4831.909135635894,0.5041,0.5591999999999999,4186284.5,0.5082587003707886,nan,queue,queue,per_epoch_trace
squeeze_net_tosa,inputs/task_graph_topology/soda-benchmark-graphs/pytorch-graphs/squeeze_net_tosa.dot,/qfs/people/dass304/dass304/HWSWpartition/hw-sw-partition-metaheur/BatchExperiments/Ablation/diff_gnn_order_lssp_trace/squeeze_net_tosa/seed-42/run-20260412-143138/config/squeeze_net_tosa_seed-42_ablation.yaml,train,epoch,train,thresholded_partition,threshold,1103,1103.0,0,1103,False,False,4017.534912109375,2910.363902215228,3261.8154217014494,nan,nan,False,153,7772.492301097005,4831.909135635894,0.5036499999999999,0.5588,4445292.0,0.5206713676452637,nan,queue,queue,per_epoch_trace
squeeze_net_tosa,inputs/task_graph_topology/soda-benchmark-graphs/pytorch-graphs/squeeze_net_tosa.dot,/qfs/people/dass304/dass304/HWSWpartition/hw-sw-partition-metaheur/BatchExperiments/Ablation/diff_gnn_order_lssp_trace/squeeze_net_tosa/seed-42/run-20260412-143138/config/squeeze_net_tosa_seed-42_ablation.yaml,train,epoch,train,thresholded_partition,threshold,1104,1104.0,0,1104,False,False,4168.26220703125,2713.07487101589,2895.7095798781897,nan,nan,False,155,7790.296375882287,4831.909135635894,0.5031999999999999,0.5584,4209658.5,0.5063983798027039,nan,queue,queue,per_epoch_trace
squeeze_net_tosa,inputs/task_graph_topology/soda-benchmark-graphs/pytorch-graphs/squeeze_net_tosa.dot,/qfs/people/dass304/dass304/HWSWpartition/hw-sw-partition-metaheur/BatchExperiments/Ablation/diff_gnn_order_lssp_trace/squeeze_net_tosa/seed-42/run-20260412-143138/config/squeeze_net_tosa_seed-42_ablation.yaml,train,epoch,train,thresholded_partition,threshold,1105,1105.0,0,1105,False,False,4168.755859375,2668.1599413739727,2871.367142570733,nan,nan,False,155,7858.4102639982475,4831.909135635894,0.50275,0.558,4219949.5,0.5071231722831726,nan,queue,queue,per_epoch_trace
squeeze_net_tosa,inputs/task_graph_topology/soda-benchmark-graphs/pytorch-graphs/squeeze_net_tosa.dot,/qfs/people/dass304/dass304/HWSWpartition/hw-sw-partition-metaheur/BatchExperiments/Ablation/diff_gnn_order_lssp_trace/squeeze_net_tosa/seed-42/run-20260412-143138/config/squeeze_net_tosa_seed-42_ablation.yaml,train,epoch,train,thresholded_partition,threshold,1106,1106.0,0,1106,False,False,4184.31884765625,3104.644220611601,3629.8436278190006,nan,nan,False,151,7588.640675858995,4831.909135635894,0.5023,0.5575999999999999,4188786.25,0.49800023436546326,nan,queue,queue,per_epoch_trace
squeeze_net_tosa,inputs/task_graph_topology/soda-benchmark-graphs/pytorch-graphs/squeeze_net_tosa.dot,/qfs/people/dass304/dass304/HWSWpartition/hw-sw-partition-metaheur/BatchExperiments/Ablation/diff_gnn_order_lssp_trace/squeeze_net_tosa/seed-42/run-20260412-143138/config/squeeze_net_tosa_seed-42_ablation.yaml,train,epoch,train,thresholded_partition,threshold,1107,1107.0,0,1107,False,False,4106.1142578125,2734.764774328219,2897.6141838692606,nan,nan,False,155,7810.397411756508,4831.909135635894,0.50185,0.5571999999999999,4166042.25,0.5077117085456848,nan,queue,queue,per_epoch_trace
squeeze_net_tosa,inputs/task_graph_topology/soda-benchmark-graphs/pytorch-graphs/squeeze_net_tosa.dot,/qfs/people/dass304/dass304/HWSWpartition/hw-sw-partition-metaheur/BatchExperiments/Ablation/diff_gnn_order_lssp_trace/squeeze_net_tosa/seed-42/run-20260412-143138/config/squeeze_net_tosa_seed-42_ablation.yaml,train,epoch,train,thresholded_partition,threshold,1108,1108.0,0,1108,False,False,4039.348388671875,2839.529188391312,3442.9184188709737,nan,nan,False,153,7677.915450110405,4831.909135635894,0.5014,0.5568,4263992.5,0.5149731040000916,nan,queue,queue,per_epoch_trace
squeeze_net_tosa,inputs/task_graph_topology/soda-benchmark-graphs/pytorch-graphs/squeeze_net_tosa.dot,/qfs/people/dass304/dass304/HWSWpartition/hw-sw-partition-metaheur/BatchExperiments/Ablation/diff_gnn_order_lssp_trace/squeeze_net_tosa/seed-42/run-20260412-143138/config/squeeze_net_tosa_seed-42_ablation.yaml,train,epoch,train,thresholded_partition,threshold,1109,1109.0,0,1109,False,False,4039.57861328125,3191.105440008994,3613.80974148871,nan,nan,False,151,7623.511630765054,4831.909135635894,0.50095,0.5564,4133730.75,0.5096789002418518,nan,queue,queue,per_epoch_trace
squeeze_net_tosa,inputs/task_graph_topology/soda-benchmark-graphs/pytorch-graphs/squeeze_net_tosa.dot,/qfs/people/dass304/dass304/HWSWpartition/hw-sw-partition-metaheur/BatchExperiments/Ablation/diff_gnn_order_lssp_trace/squeeze_net_tosa/seed-42/run-20260412-143138/config/squeeze_net_tosa_seed-42_ablation.yaml,train,epoch,train,thresholded_partition,threshold,1110,1110.0,0,1110,False,False,3998.385498046875,3082.460835023307,3542.4586526217313,nan,nan,False,152,7625.512871805271,4831.909135635894,0.5005,0.5559999999999999,4077024.25,0.5088413953781128,nan,queue,queue,per_epoch_trace
squeeze_net_tosa,inputs/task_graph_topology/soda-benchmark-graphs/pytorch-graphs/squeeze_net_tosa.dot,/qfs/people/dass304/dass304/HWSWpartition/hw-sw-partition-metaheur/BatchExperiments/Ablation/diff_gnn_order_lssp_trace/squeeze_net_tosa/seed-42/run-20260412-143138/config/squeeze_net_tosa_seed-42_ablation.yaml,train,epoch,train,thresholded_partition,threshold,1111,1111.0,0,1111,False,False,4087.64501953125,3058.9361463403106,3330.557961245808,nan,nan,False,155,7792.654882576903,4831.909135635894,0.50005,0.5556,4215376.0,0.5112807154655457,nan,queue,queue,per_epoch_trace
squeeze_net_tosa,inputs/task_graph_topology/soda-benchmark-graphs/pytorch-graphs/squeeze_net_tosa.dot,/qfs/people/dass304/dass304/HWSWpartition/hw-sw-partition-metaheur/BatchExperiments/Ablation/diff_gnn_order_lssp_trace/squeeze_net_tosa/seed-42/run-20260412-143138/config/squeeze_net_tosa_seed-42_ablation.yaml,train,epoch,train,thresholded_partition,threshold,1112,1112.0,0,1112,False,False,4196.99365234375,3555.5144947330896,3823.454110657103,nan,nan,False,148,7394.746365019472,4831.909135635894,0.49959999999999993,0.5551999999999999,4198032.0,0.4992575943470001,nan,queue,queue,per_epoch_trace
squeeze_net_tosa,inputs/task_graph_topology/soda-benchmark-graphs/pytorch-graphs/squeeze_net_tosa.dot,/qfs/people/dass304/dass304/HWSWpartition/hw-sw-partition-metaheur/BatchExperiments/Ablation/diff_gnn_order_lssp_trace/squeeze_net_tosa/seed-42/run-20260412-143138/config/squeeze_net_tosa_seed-42_ablation.yaml,train,epoch,train,thresholded_partition,threshold,1113,1113.0,0,1113,False,False,3914.149169921875,3082.460835023307,3330.5421032282034,nan,nan,False,153,7644.191085606345,4831.909135635894,0.49915,0.5548,4093091.0,0.5133588910102844,nan,queue,queue,per_epoch_trace
squeeze_net_tosa,inputs/task_graph_topology/soda-benchmark-graphs/pytorch-graphs/squeeze_net_tosa.dot,/qfs/people/dass304/dass304/HWSWpartition/hw-sw-partition-metaheur/BatchExperiments/Ablation/diff_gnn_order_lssp_trace/squeeze_net_tosa/seed-42/run-20260412-143138/config/squeeze_net_tosa_seed-42_ablation.yaml,train,epoch,train,thresholded_partition,threshold,1114,1114.0,0,1114,False,False,4149.18310546875,3190.08164873973,3590.4104403273636,nan,nan,False,152,7617.056679344934,4831.909135635894,0.4986999999999999,0.5544,4153632.0,0.49800893664360046,nan,queue,queue,per_epoch_trace
squeeze_net_tosa,inputs/task_graph_topology/soda-benchmark-graphs/pytorch-graphs/squeeze_net_tosa.dot,/qfs/people/dass304/dass304/HWSWpartition/hw-sw-partition-metaheur/BatchExperiments/Ablation/diff_gnn_order_lssp_trace/squeeze_net_tosa/seed-42/run-20260412-143138/config/squeeze_net_tosa_seed-42_ablation.yaml,train,epoch,train,thresholded_partition,threshold,1115,1115.0,0,1115,False,False,4111.99169921875,2969.941884214332,3434.2683064684475,nan,nan,False,153,7681.129233496784,4831.909135635894,0.49824999999999997,0.554,4112481.25,0.5001523494720459,nan,queue,queue,per_epoch_trace
squeeze_net_tosa,inputs/task_graph_topology/soda-benchmark-graphs/pytorch-graphs/squeeze_net_tosa.dot,/qfs/people/dass304/dass304/HWSWpartition/hw-sw-partition-metaheur/BatchExperiments/Ablation/diff_gnn_order_lssp_trace/squeeze_net_tosa/seed-42/run-20260412-143138/config/squeeze_net_tosa_seed-42_ablation.yaml,train,epoch,train,thresholded_partition,threshold,1116,1116.0,0,1116,False,False,4139.6806640625,3379.541008365892,3682.1134864004484,nan,nan,False,151,7615.705656125244,4831.909135635894,0.4977999999999999,0.5535999999999999,4160025.75,0.49554166197776794,nan,queue,queue,per_epoch_trace
squeeze_net_tosa,inputs/task_graph_topology/soda-benchmark-graphs/pytorch-graphs/squeeze_net_tosa.dot,/qfs/people/dass304/dass304/HWSWpartition/hw-sw-partition-metaheur/BatchExperiments/Ablation/diff_gnn_order_lssp_trace/squeeze_net_tosa/seed-42/run-20260412-143138/config/squeeze_net_tosa_seed-42_ablation.yaml,train,epoch,train,thresholded_partition,threshold,1117,1117.0,0,1117,False,False,4025.569580078125,2912.100034718131,3064.8369910897813,nan,nan,False,153,7692.49126409396,4831.909135635894,0.49734999999999996,0.5531999999999999,4050760.5,0.5049721598625183,nan,queue,queue,per_epoch_trace
squeeze_net_tosa,inputs/task_graph_topology/soda-benchmark-graphs/pytorch-graphs/squeeze_net_tosa.dot,/qfs/people/dass304/dass304/HWSWpartition/hw-sw-partition-metaheur/BatchExperiments/Ablation/diff_gnn_order_lssp_trace/squeeze_net_tosa/seed-42/run-20260412-143138/config/squeeze_net_tosa_seed-42_ablation.yaml,train,epoch,train,thresholded_partition,threshold,1118,1118.0,0,1118,False,False,4298.83544921875,3450.8498514534926,4098.353794053198,nan,nan,False,148,7385.727457761413,4831.909135635894,0.4968999999999999,0.5528,4317804.0,0.4957011640071869,nan,queue,queue,per_epoch_trace
squeeze_net_tosa,inputs/task_graph_topology/soda-benchmark-graphs/pytorch-graphs/squeeze_net_tosa.dot,/qfs/people/dass304/dass304/HWSWpartition/hw-sw-partition-metaheur/BatchExperiments/Ablation/diff_gnn_order_lssp_trace/squeeze_net_tosa/seed-42/run-20260412-143138/config/squeeze_net_tosa_seed-42_ablation.yaml,train,epoch,train,thresholded_partition,threshold,1119,1119.0,0,1119,False,False,4132.66748046875,3021.7705320905006,3335.3349388290326,nan,nan,False,152,7607.905484926192,4831.909135635894,0.49644999999999995,0.5524,4139840.0,0.5025860667228699,nan,queue,queue,per_epoch_trace
squeeze_net_tosa,inputs/task_graph_topology/soda-benchmark-graphs/pytorch-graphs/squeeze_net_tosa.dot,/qfs/people/dass304/dass304/HWSWpartition/hw-sw-partition-metaheur/BatchExperiments/Ablation/diff_gnn_order_lssp_trace/squeeze_net_tosa/seed-42/run-20260412-143138/config/squeeze_net_tosa_seed-42_ablation.yaml,train,epoch,train,thresholded_partition,threshold,1120,1120.0,0,1120,False,False,4119.13818359375,2983.107451103337,3702.606477395981,nan,nan,False,151,7550.292868008968,4831.909135635894,0.4959999999999999,0.5519999999999999,4124146.0,0.5021286010742188,nan,queue,queue,per_epoch_trace
squeeze_net_tosa,inputs/task_graph_topology/soda-benchmark-graphs/pytorch-graphs/squeeze_net_tosa.dot,/qfs/people/dass304/dass304/HWSWpartition/hw-sw-partition-metaheur/BatchExperiments/Ablation/diff_gnn_order_lssp_trace/squeeze_net_tosa/seed-42/run-20260412-143138/config/squeeze_net_tosa_seed-42_ablation.yaml,train,epoch,train,thresholded_partition,threshold,1121,1121.0,0,1121,False,False,3959.715576171875,3360.1274108193106,3840.0699954094885,nan,nan,False,148,7277.968562174638,4831.909135635894,0.49554999999999993,0.5516,4008068.0,0.5069183111190796,nan,queue,queue,per_epoch_trace
squeeze_net_tosa,inputs/task_graph_topology/soda-benchmark-graphs/pytorch-graphs/squeeze_net_tosa.dot,/qfs/people/dass304/dass304/HWSWpartition/hw-sw-partition-metaheur/BatchExperiments/Ablation/diff_gnn_order_lssp_trace/squeeze_net_tosa/seed-42/run-20260412-143138/config/squeeze_net_tosa_seed-42_ablation.yaml,train,epoch,train,thresholded_partition,threshold,1122,1122.0,0,1122,False,False,4133.8876953125,3354.243028596627,3553.731895978947,nan,nan,False,148,7443.018319645221,4831.909135635894,0.4951,0.5511999999999999,4440319.0,0.5174911022186279,nan,queue,queue,per_epoch_trace
squeeze_net_tosa,inputs/task_graph_topology/soda-benchmark-graphs/pytorch-graphs/squeeze_net_tosa.dot,/qfs/people/dass304/dass304/HWSWpartition/hw-sw-partition-metaheur/BatchExperiments/Ablation/diff_gnn_order_lssp_trace/squeeze_net_tosa/seed-42/run-20260412-143138/config/squeeze_net_tosa_seed-42_ablation.yaml,train,epoch,train,thresholded_partition,threshold,1123,1123.0,0,1123,False,False,4111.65771484375,3915.6235380611556,4635.141144695084,nan,nan,False,146,7206.146187939788,4831.909135635894,0.49465000000000003,0.5508,4386361.5,0.5165591239929199,nan,queue,queue,per_epoch_trace
squeeze_net_tosa,inputs/task_graph_topology/soda-benchmark-graphs/pytorch-graphs/squeeze_net_tosa.dot,/qfs/people/dass304/dass304/HWSWpartition/hw-sw-partition-metaheur/BatchExperiments/Ablation/diff_gnn_order_lssp_trace/squeeze_net_tosa/seed-42/run-20260412-143138/config/squeeze_net_tosa_seed-42_ablation.yaml,train,epoch,train,thresholded_partition,threshold,1124,1124.0,0,1124,False,False,3899.922607421875,3171.7685351108744,3354.575307874115,nan,nan,False,148,7383.401062851342,4831.909135635894,0.4942,0.5504,4047793.25,0.5121402740478516,nan,queue,queue,per_epoch_trace
squeeze_net_tosa,inputs/task_graph_topology/soda-benchmark-graphs/pytorch-graphs/squeeze_net_tosa.dot,/qfs/people/dass304/dass304/HWSWpartition/hw-sw-partition-metaheur/BatchExperiments/Ablation/diff_gnn_order_lssp_trace/squeeze_net_tosa/seed-42/run-20260412-143138/config/squeeze_net_tosa_seed-42_ablation.yaml,train,epoch,train,thresholded_partition,threshold,1125,1125.0,0,1125,False,False,4073.93798828125,3056.7289163806668,3396.149384249488,nan,nan,False,153,7644.453793300914,4831.909135635894,0.49375,0.55,4123416.5,0.5070008635520935,nan,queue,queue,per_epoch_trace
squeeze_net_tosa,inputs/task_graph_topology/soda-benchmark-graphs/pytorch-graphs/squeeze_net_tosa.dot,/qfs/people/dass304/dass304/HWSWpartition/hw-sw-partition-metaheur/BatchExperiments/Ablation/diff_gnn_order_lssp_trace/squeeze_net_tosa/seed-42/run-20260412-143138/config/squeeze_net_tosa_seed-42_ablation.yaml,train,epoch,train,thresholded_partition,threshold,1126,1126.0,0,1126,False,False,4107.24072265625,2684.7187272830656,2920.994157943192,nan,nan,False,153,7709.972738792795,4831.909135635894,0.49330000000000007,0.5496000000000001,4225681.0,0.5108625888824463,nan,queue,queue,per_epoch_trace
squeeze_net_tosa,inputs/task_graph_topology/soda-benchmark-graphs/pytorch-graphs/squeeze_net_tosa.dot,/qfs/people/dass304/dass304/HWSWpartition/hw-sw-partition-metaheur/BatchExperiments/Ablation/diff_gnn_order_lssp_trace/squeeze_net_tosa/seed-42/run-20260412-143138/config/squeeze_net_tosa_seed-42_ablation.yaml,train,epoch,train,thresholded_partition,threshold,1127,1127.0,0,1127,False,False,4283.26171875,3312.1844453964936,3617.764225657051,nan,nan,False,152,7639.917741551458,4831.909135635894,0.49285,0.5491999999999999,4306464.5,0.5047683715820312,nan,queue,queue,per_epoch_trace
squeeze_net_tosa,inputs/task_graph_topology/soda-benchmark-graphs/pytorch-graphs/squeeze_net_tosa.dot,/qfs/people/dass304/dass304/HWSWpartition/hw-sw-partition-metaheur/BatchExperiments/Ablation/diff_gnn_order_lssp_trace/squeeze_net_tosa/seed-42/run-20260412-143138/config/squeeze_net_tosa_seed-42_ablation.yaml,train,epoch,train,thresholded_partition,threshold,1128,1128.0,0,1128,False,False,4408.12646484375,2825.5938218248652,2999.2331726318957,nan,nan,False,154,7734.680014190774,4831.909135635894,0.49240000000000006,0.5488,4443521.0,0.4940885603427887,nan,queue,queue,per_epoch_trace
squeeze_net_tosa,inputs/task_graph_topology/soda-benchmark-graphs/pytorch-graphs/squeeze_net_tosa.dot,/qfs/people/dass304/dass304/HWSWpartition/hw-sw-partition-metaheur/BatchExperiments/Ablation/diff_gnn_order_lssp_trace/squeeze_net_tosa/seed-42/run-20260412-143138/config/squeeze_net_tosa_seed-42_ablation.yaml,train,epoch,train,thresholded_partition,threshold,1129,1129.0,0,1129,False,False,4213.19189453125,2461.6812973991723,2873.480597869929,nan,nan,False,155,7838.6718272743565,4831.909135635894,0.49195,0.5484,4218110.0,0.5021141171455383,nan,queue,queue,per_epoch_trace
squeeze_net_tosa,inputs/task_graph_topology/soda-benchmark-graphs/pytorch-graphs/squeeze_net_tosa.dot,/qfs/people/dass304/dass304/HWSWpartition/hw-sw-partition-metaheur/BatchExperiments/Ablation/diff_gnn_order_lssp_trace/squeeze_net_tosa/seed-42/run-20260412-143138/config/squeeze_net_tosa_seed-42_ablation.yaml,train,epoch,train,thresholded_partition,threshold,1130,1130.0,0,1130,False,False,4209.80419921875,3082.460835023307,3341.1382538368566,nan,nan,False,152,7625.512871805271,4831.909135635894,0.49150000000000005,0.548,4213838.0,0.49810856580734253,nan,queue,queue,per_epoch_trace
squeeze_net_tosa,inputs/task_graph_topology/soda-benchmark-graphs/pytorch-graphs/squeeze_net_tosa.dot,/qfs/people/dass304/dass304/HWSWpartition/hw-sw-partition-metaheur/BatchExperiments/Ablation/diff_gnn_order_lssp_trace/squeeze_net_tosa/seed-42/run-20260412-143138/config/squeeze_net_tosa_seed-42_ablation.yaml,train,epoch,train,thresholded_partition,threshold,1131,1131.0,0,1131,False,False,4149.32470703125,2918.3955820629867,3164.987961038097,nan,nan,False,153,7718.663644524056,4831.909135635894,0.49105,0.5476,4160909.5,0.49666520953178406,nan,queue,queue,per_epoch_trace
squeeze_net_tosa,inputs/task_graph_topology/soda-benchmark-graphs/pytorch-graphs/squeeze_net_tosa.dot,/qfs/people/dass304/dass304/HWSWpartition/hw-sw-partition-metaheur/BatchExperiments/Ablation/diff_gnn_order_lssp_trace/squeeze_net_tosa/seed-42/run-20260412-143138/config/squeeze_net_tosa_seed-42_ablation.yaml,train,epoch,train,thresholded_partition,threshold,1132,1132.0,0,1132,False,False,4040.452880859375,3291.06948176833,3789.5436759612335,nan,nan,False,150,7475.771855063621,4831.909135635894,0.49060000000000004,0.5472,4057118.25,0.5040221214294434,nan,queue,queue,per_epoch_trace
squeeze_net_tosa,inputs/task_graph_topology/soda-benchmark-graphs/pytorch-graphs/squeeze_net_tosa.dot,/qfs/people/dass304/dass304/HWSWpartition/hw-sw-partition-metaheur/BatchExperiments/Ablation/diff_gnn_order_lssp_trace/squeeze_net_tosa/seed-42/run-20260412-143138/config/squeeze_net_tosa_seed-42_ablation.yaml,train,epoch,train,thresholded_partition,threshold,1133,1133.0,0,1133,False,False,4017.734130859375,3601.2717627016286,3922.685702152246,nan,nan,False,145,7298.753319666074,4831.909135635894,0.49015,0.5468,4156188.75,0.511745810508728,nan,queue,queue,per_epoch_trace
squeeze_net_tosa,inputs/task_graph_topology/soda-benchmark-graphs/pytorch-graphs/squeeze_net_tosa.dot,/qfs/people/dass304/dass304/HWSWpartition/hw-sw-partition-metaheur/BatchExperiments/Ablation/diff_gnn_order_lssp_trace/squeeze_net_tosa/seed-42/run-20260412-143138/config/squeeze_net_tosa_seed-42_ablation.yaml,train,epoch,train,thresholded_partition,threshold,1134,1134.0,0,1134,False,False,4431.830078125,4581.518187819274,5108.384337254313,nan,nan,False,142,7013.368536309123,4831.909135635894,0.4897,0.5464,4595062.5,0.51275634765625,nan,queue,queue,per_epoch_trace
squeeze_net_tosa,inputs/task_graph_topology/soda-benchmark-graphs/pytorch-graphs/squeeze_net_tosa.dot,/qfs/people/dass304/dass304/HWSWpartition/hw-sw-partition-metaheur/BatchExperiments/Ablation/diff_gnn_order_lssp_trace/squeeze_net_tosa/seed-42/run-20260412-143138/config/squeeze_net_tosa_seed-42_ablation.yaml,train,epoch,train,thresholded_partition,threshold,1135,1135.0,0,1135,False,False,4244.806640625,3068.1156106538515,3608.950248004429,nan,nan,False,149,7380.763048551014,4831.909135635894,0.48924999999999996,0.546,4314252.5,0.5083029270172119,nan,queue,queue,per_epoch_trace
squeeze_net_tosa,inputs/task_graph_topology/soda-benchmark-graphs/pytorch-graphs/squeeze_net_tosa.dot,/qfs/people/dass304/dass304/HWSWpartition/hw-sw-partition-metaheur/BatchExperiments/Ablation/diff_gnn_order_lssp_trace/squeeze_net_tosa/seed-42/run-20260412-143138/config/squeeze_net_tosa_seed-42_ablation.yaml,train,epoch,train,thresholded_partition,threshold,1136,1136.0,0,1136,False,False,4131.4306640625,3243.6436516431872,3424.8628100606197,nan,nan,False,150,7371.810124924685,4831.909135635894,0.4888,0.5456000000000001,4148094.75,0.5040215253829956,nan,queue,queue,per_epoch_trace
squeeze_net_tosa,inputs/task_graph_topology/soda-benchmark-graphs/pytorch-graphs/squeeze_net_tosa.dot,/qfs/people/dass304/dass304/HWSWpartition/hw-sw-partition-metaheur/BatchExperiments/Ablation/diff_gnn_order_lssp_trace/squeeze_net_tosa/seed-42/run-20260412-143138/config/squeeze_net_tosa_seed-42_ablation.yaml,train,epoch,train,thresholded_partition,threshold,1137,1137.0,0,1137,False,False,4173.24365234375,3105.55869810004,3434.9813654370105,nan,nan,False,151,7527.08051588004,4831.909135635894,0.48834999999999995,0.5451999999999999,4174264.25,0.4992561936378479,nan,queue,queue,per_epoch_trace
squeeze_net_tosa,inputs/task_graph_topology/soda-benchmark-graphs/pytorch-graphs/squeeze_net_tosa.dot,/qfs/people/dass304/dass304/HWSWpartition/hw-sw-partition-metaheur/BatchExperiments/Ablation/diff_gnn_order_lssp_trace/squeeze_net_tosa/seed-42/run-20260412-143138/config/squeeze_net_tosa_seed-42_ablation.yaml,train,epoch,train,thresholded_partition,threshold,1138,1138.0,0,1138,False,False,4171.04052734375,3236.5803859346283,3453.183777053959,nan,nan,False,151,7536.983536361621,4831.909135635894,0.4879,0.5448,4202296.5,0.5055473446846008,nan,queue,queue,per_epoch_trace
squeeze_net_tosa,inputs/task_graph_topology/soda-benchmark-graphs/pytorch-graphs/squeeze_net_tosa.dot,/qfs/people/dass304/dass304/HWSWpartition/hw-sw-partition-metaheur/BatchExperiments/Ablation/diff_gnn_order_lssp_trace/squeeze_net_tosa/seed-42/run-20260412-143138/config/squeeze_net_tosa_seed-42_ablation.yaml,train,epoch,train,thresholded_partition,threshold,1139,1139.0,0,1139,False,False,4083.60986328125,2738.8931958483668,2917.173538835786,nan,nan,False,155,7878.511299872467,4831.909135635894,0.48744999999999994,0.5444,4139455.0,0.5074416399002075,nan,queue,queue,per_epoch_trace
squeeze_net_tosa,inputs/task_graph_topology/soda-benchmark-graphs/pytorch-graphs/squeeze_net_tosa.dot,/qfs/people/dass304/dass304/HWSWpartition/hw-sw-partition-metaheur/BatchExperiments/Ablation/diff_gnn_order_lssp_trace/squeeze_net_tosa/seed-42/run-20260412-143138/config/squeeze_net_tosa_seed-42_ablation.yaml,train,epoch,train,thresholded_partition,threshold,1140,1140.0,0,1140,False,False,4173.87744140625,2739.910041171444,3191.727423473069,nan,nan,False,155,7767.10800736989,4831.909135635894,0.487,0.544,4179468.0,0.5022666454315186,nan,queue,queue,per_epoch_trace
squeeze_net_tosa,inputs/task_graph_topology/soda-benchmark-graphs/pytorch-graphs/squeeze_net_tosa.dot,/qfs/people/dass304/dass304/HWSWpartition/hw-sw-partition-metaheur/BatchExperiments/Ablation/diff_gnn_order_lssp_trace/squeeze_net_tosa/seed-42/run-20260412-143138/config/squeeze_net_tosa_seed-42_ablation.yaml,train,epoch,train,thresholded_partition,threshold,1141,1141.0,0,1141,False,False,4206.20166015625,3124.9568050724315,3516.165927431139,nan,nan,False,151,7602.290883261021,4831.909135635894,0.4865499999999999,0.5436,4363705.5,0.512531578540802,nan,queue,queue,per_epoch_trace
squeeze_net_tosa,inputs/task_graph_topology/soda-benchmark-graphs/pytorch-graphs/squeeze_net_tosa.dot,/qfs/people/dass304/dass304/HWSWpartition/hw-sw-partition-metaheur/BatchExperiments/Ablation/diff_gnn_order_lssp_trace/squeeze_net_tosa/seed-42/run-20260412-143138/config/squeeze_net_tosa_seed-42_ablation.yaml,train,epoch,train,thresholded_partition,threshold,1142,1142.0,0,1142,False,False,4024.356201171875,2755.006237751623,3013.5337963211455,nan,nan,False,153,7606.617500446585,4831.909135635894,0.4861,0.5432,4203433.5,0.513364315032959,nan,queue,queue,per_epoch_trace
squeeze_net_tosa,inputs/task_graph_topology/soda-benchmark-graphs/pytorch-graphs/squeeze_net_tosa.dot,/qfs/people/dass304/dass304/HWSWpartition/hw-sw-partition-metaheur/BatchExperiments/Ablation/diff_gnn_order_lssp_trace/squeeze_net_tosa/seed-42/run-20260412-143138/config/squeeze_net_tosa_seed-42_ablation.yaml,train,epoch,train,thresholded_partition,threshold,1143,1143.0,0,1143,False,False,4094.926513671875,2983.6871290789263,3129.6869816485537,nan,nan,False,152,7512.709718460647,4831.909135635894,0.48565,0.5428,4217979.5,0.5110723972320557,nan,queue,queue,per_epoch_trace
squeeze_net_tosa,inputs/task_graph_topology/soda-benchmark-graphs/pytorch-graphs/squeeze_net_tosa.dot,/qfs/people/dass304/dass304/HWSWpartition/hw-sw-partition-metaheur/BatchExperiments/Ablation/diff_gnn_order_lssp_trace/squeeze_net_tosa/seed-42/run-20260412-143138/config/squeeze_net_tosa_seed-42_ablation.yaml,train,epoch,train,thresholded_partition,threshold,1144,1144.0,0,1144,False,False,4073.45166015625,2867.1944219272114,3123.812598697628,nan,nan,False,154,7701.767040438637,4831.909135635894,0.4852000000000001,0.5424,4238853.0,0.5128431916236877,nan,queue,queue,per_epoch_trace
squeeze_net_tosa,inputs/task_graph_topology/soda-benchmark-graphs/pytorch-graphs/squeeze_net_tosa.dot,/qfs/people/dass304/dass304/HWSWpartition/hw-sw-partition-metaheur/BatchExperiments/Ablation/diff_gnn_order_lssp_trace/squeeze_net_tosa/seed-42/run-20260412-143138/config/squeeze_net_tosa_seed-42_ablation.yaml,train,epoch,train,thresholded_partition,threshold,1145,1145.0,0,1145,False,False,3989.70556640625,2993.039747291066,3066.7808410458306,nan,nan,False,152,7582.696877571553,4831.909135635894,0.48475,0.542,4061185.25,0.5084267854690552,nan,queue,queue,per_epoch_trace
squeeze_net_tosa,inputs/task_graph_topology/soda-benchmark-graphs/pytorch-graphs/squeeze_net_tosa.dot,/qfs/people/dass304/dass304/HWSWpartition/hw-sw-partition-metaheur/BatchExperiments/Ablation/diff_gnn_order_lssp_trace/squeeze_net_tosa/seed-42/run-20260412-143138/config/squeeze_net_tosa_seed-42_ablation.yaml,train,epoch,train,thresholded_partition,threshold,1146,1146.0,0,1146,False,False,4183.59619140625,2969.941884214332,3166.6293702596035,nan,nan,False,153,7681.129233496784,4831.909135635894,0.48430000000000006,0.5416000000000001,4184080.75,0.5000753402709961,nan,queue,queue,per_epoch_trace
squeeze_net_tosa,inputs/task_graph_topology/soda-benchmark-graphs/pytorch-graphs/squeeze_net_tosa.dot,/qfs/people/dass304/dass304/HWSWpartition/hw-sw-partition-metaheur/BatchExperiments/Ablation/diff_gnn_order_lssp_trace/squeeze_net_tosa/seed-42/run-20260412-143138/config/squeeze_net_tosa_seed-42_ablation.yaml,train,epoch,train,thresholded_partition,threshold,1147,1147.0,0,1147,False,False,3921.993408203125,3018.4654095332767,3020.9017624315225,nan,nan,False,152,7591.4355967686815,4831.909135635894,0.48385,0.5411999999999999,4073560.75,0.5122917294502258,nan,queue,queue,per_epoch_trace
squeeze_net_tosa,inputs/task_graph_topology/soda-benchmark-graphs/pytorch-graphs/squeeze_net_tosa.dot,/qfs/people/dass304/dass304/HWSWpartition/hw-sw-partition-metaheur/BatchExperiments/Ablation/diff_gnn_order_lssp_trace/squeeze_net_tosa/seed-42/run-20260412-143138/config/squeeze_net_tosa_seed-42_ablation.yaml,train,epoch,train,thresholded_partition,threshold,1148,1148.0,0,1148,False,False,3962.82080078125,3333.3017901785574,3498.8867567291522,nan,nan,False,149,7467.960383168975,4831.909135635894,0.48340000000000005,0.5408,4016598.5,0.5072994828224182,nan,queue,queue,per_epoch_trace
squeeze_net_tosa,inputs/task_graph_topology/soda-benchmark-graphs/pytorch-graphs/squeeze_net_tosa.dot,/qfs/people/dass304/dass304/HWSWpartition/hw-sw-partition-metaheur/BatchExperiments/Ablation/diff_gnn_order_lssp_trace/squeeze_net_tosa/seed-42/run-20260412-143138/config/squeeze_net_tosa_seed-42_ablation.yaml,train,epoch,train,thresholded_partition,threshold,1149,1149.0,0,1149,False,False,4083.572021484375,3657.453632467102,3988.433255632221,nan,nan,False,146,7158.422181326692,4831.909135635894,0.48295,0.5404,4118958.0,0.49409329891204834,nan,queue,queue,per_epoch_trace
squeeze_net_tosa,inputs/task_graph_topology/soda-benchmark-graphs/pytorch-graphs/squeeze_net_tosa.dot,/qfs/people/dass304/dass304/HWSWpartition/hw-sw-partition-metaheur/BatchExperiments/Ablation/diff_gnn_order_lssp_trace/squeeze_net_tosa/seed-42/run-20260412-143138/config/squeeze_net_tosa_seed-42_ablation.yaml,train,epoch,train,thresholded_partition,threshold,1150,1150.0,0,1150,False,False,4081.905029296875,3636.576489855963,4275.329522938445,nan,nan,False,148,7454.750796794265,4831.909135635894,0.48250000000000004,0.54,4107413.75,0.5049986839294434,nan,queue,queue,per_epoch_trace
squeeze_net_tosa,inputs/task_graph_topology/soda-benchmark-graphs/pytorch-graphs/squeeze_net_tosa.dot,/qfs/people/dass304/dass304/HWSWpartition/hw-sw-partition-metaheur/BatchExperiments/Ablation/diff_gnn_order_lssp_trace/squeeze_net_tosa/seed-42/run-20260412-143138/config/squeeze_net_tosa_seed-42_ablation.yaml,train,epoch,train,thresholded_partition,threshold,1151,1151.0,0,1151,False,False,3986.02197265625,3526.7505378756546,3682.6284822680914,nan,nan,False,146,7288.37255709713,4831.909135635894,0.48205,0.5396,4181555.0,0.5139654874801636,nan,queue,queue,per_epoch_trace
squeeze_net_tosa,inputs/task_graph_topology/soda-benchmark-graphs/pytorch-graphs/squeeze_net_tosa.dot,/qfs/people/dass304/dass304/HWSWpartition/hw-sw-partition-metaheur/BatchExperiments/Ablation/diff_gnn_order_lssp_trace/squeeze_net_tosa/seed-42/run-20260412-143138/config/squeeze_net_tosa_seed-42_ablation.yaml,train,epoch,train,thresholded_partition,threshold,1152,1152.0,0,1152,False,False,4122.41064453125,4026.8736939657415,4170.787364935373,nan,nan,False,148,7367.186681283125,4831.909135635894,0.48160000000000003,0.5392,4311530.0,0.5137339234352112,nan,queue,queue,per_epoch_trace
squeeze_net_tosa,inputs/task_graph_topology/soda-benchmark-graphs/pytorch-graphs/squeeze_net_tosa.dot,/qfs/people/dass304/dass304/HWSWpartition/hw-sw-partition-metaheur/BatchExperiments/Ablation/diff_gnn_order_lssp_trace/squeeze_net_tosa/seed-42/run-20260412-143138/config/squeeze_net_tosa_seed-42_ablation.yaml,train,epoch,train,thresholded_partition,threshold,1153,1153.0,0,1153,False,False,4093.166015625,3223.131636071587,3325.807640624604,nan,nan,False,150,7492.941274783691,4831.909135635894,0.48114999999999997,0.5388,4093693.75,0.4998050630092621,nan,queue,queue,per_epoch_trace
squeeze_net_tosa,inputs/task_graph_topology/soda-benchmark-graphs/pytorch-graphs/squeeze_net_tosa.dot,/qfs/people/dass304/dass304/HWSWpartition/hw-sw-partition-metaheur/BatchExperiments/Ablation/diff_gnn_order_lssp_trace/squeeze_net_tosa/seed-42/run-20260412-143138/config/squeeze_net_tosa_seed-42_ablation.yaml,train,epoch,train,thresholded_partition,threshold,1154,1154.0,0,1154,False,False,4154.90283203125,3091.8945829937834,3491.8495222350834,nan,nan,False,150,7420.959634316709,4831.909135635894,0.4807,0.5384,4192607.0,0.4938988983631134,nan,queue,queue,per_epoch_trace
squeeze_net_tosa,inputs/task_graph_topology/soda-benchmark-graphs/pytorch-graphs/squeeze_net_tosa.dot,/qfs/people/dass304/dass304/HWSWpartition/hw-sw-partition-metaheur/BatchExperiments/Ablation/diff_gnn_order_lssp_trace/squeeze_net_tosa/seed-42/run-20260412-143138/config/squeeze_net_tosa_seed-42_ablation.yaml,train,epoch,train,thresholded_partition,threshold,1155,1155.0,0,1155,False,False,4087.46484375,3082.460835023307,3318.7362656834316,nan,nan,False,152,7625.512871805271,4831.909135635894,0.48024999999999995,0.538,4099645.75,0.5034224390983582,nan,queue,queue,per_epoch_trace
squeeze_net_tosa,inputs/task_graph_topology/soda-benchmark-graphs/pytorch-graphs/squeeze_net_tosa.dot,/qfs/people/dass304/dass304/HWSWpartition/hw-sw-partition-metaheur/BatchExperiments/Ablation/diff_gnn_order_lssp_trace/squeeze_net_tosa/seed-42/run-20260412-143138/config/squeeze_net_tosa_seed-42_ablation.yaml,train,epoch,train,thresholded_partition,threshold,1156,1156.0,0,1156,False,False,4114.86328125,2817.839285078983,3267.8602096043883,nan,nan,False,154,7676.492628037259,4831.909135635894,0.4798,0.5376000000000001,4127860.0,0.49646124243736267,nan,queue,queue,per_epoch_trace
squeeze_net_tosa,inputs/task_graph_topology/soda-benchmark-graphs/pytorch-graphs/squeeze_net_tosa.dot,/qfs/people/dass304/dass304/HWSWpartition/hw-sw-partition-metaheur/BatchExperiments/Ablation/diff_gnn_order_lssp_trace/squeeze_net_tosa/seed-42/run-20260412-143138/config/squeeze_net_tosa_seed-42_ablation.yaml,train,epoch,train,thresholded_partition,threshold,1157,1157.0,0,1157,False,False,4027.405517578125,3301.6656323769835,3712.4203458360257,nan,nan,False,149,7457.093641262547,4831.909135635894,0.47934999999999994,0.5371999999999999,4053554.25,0.5050668120384216,nan,queue,queue,per_epoch_trace
squeeze_net_tosa,inputs/task_graph_topology/soda-benchmark-graphs/pytorch-graphs/squeeze_net_tosa.dot,/qfs/people/dass304/dass304/HWSWpartition/hw-sw-partition-metaheur/BatchExperiments/Ablation/diff_gnn_order_lssp_trace/squeeze_net_tosa/seed-42/run-20260412-143138/config/squeeze_net_tosa_seed-42_ablation.yaml,train,epoch,train,thresholded_partition,threshold,1158,1158.0,0,1158,False,False,3997.22314453125,3210.7966018055236,3460.7809518798326,nan,nan,False,149,7460.595801149024,4831.909135635894,0.4789,0.5367999999999999,4016974.75,0.5043894052505493,nan,queue,queue,per_epoch_trace
squeeze_net_tosa,inputs/task_graph_topology/soda-benchmark-graphs/pytorch-graphs/squeeze_net_tosa.dot,/qfs/people/dass304/dass304/HWSWpartition/hw-sw-partition-metaheur/BatchExperiments/Ablation/diff_gnn_order_lssp_trace/squeeze_net_tosa/seed-42/run-20260412-143138/config/squeeze_net_tosa_seed-42_ablation.yaml,train,epoch,train,thresholded_partition,threshold,1159,1159.0,0,1159,False,False,4196.33544921875,3195.682823521331,3438.855038020373,nan,nan,False,149,7385.795691598726,4831.909135635894,0.47844999999999993,0.5364,4214618.5,0.5042202472686768,nan,queue,queue,per_epoch_trace
squeeze_net_tosa,inputs/task_graph_topology/soda-benchmark-graphs/pytorch-graphs/squeeze_net_tosa.dot,/qfs/people/dass304/dass304/HWSWpartition/hw-sw-partition-metaheur/BatchExperiments/Ablation/diff_gnn_order_lssp_trace/squeeze_net_tosa/seed-42/run-20260412-143138/config/squeeze_net_tosa_seed-42_ablation.yaml,train,epoch,train,thresholded_partition,threshold,1160,1160.0,0,1160,False,False,4039.486083984375,3575.4530591367507,3787.0857861514464,nan,nan,False,150,7391.618619157669,4831.909135635894,0.478,0.536,4088438.0,0.5069610476493835,nan,queue,queue,per_epoch_trace
squeeze_net_tosa,inputs/task_graph_topology/soda-benchmark-graphs/pytorch-graphs/squeeze_net_tosa.dot,/qfs/people/dass304/dass304/HWSWpartition/hw-sw-partition-metaheur/BatchExperiments/Ablation/diff_gnn_order_lssp_trace/squeeze_net_tosa/seed-42/run-20260412-143138/config/squeeze_net_tosa_seed-42_ablation.yaml,train,epoch,train,thresholded_partition,threshold,1161,1161.0,0,1161,False,False,3966.616455078125,3513.093963094964,3861.222700368235,nan,nan,False,146,7199.9786295125305,4831.909135635894,0.4775499999999999,0.5356,4140663.5,0.513173520565033,nan,queue,queue,per_epoch_trace
squeeze_net_tosa,inputs/task_graph_topology/soda-benchmark-graphs/pytorch-graphs/squeeze_net_tosa.dot,/qfs/people/dass304/dass304/HWSWpartition/hw-sw-partition-metaheur/BatchExperiments/Ablation/diff_gnn_order_lssp_trace/squeeze_net_tosa/seed-42/run-20260412-143138/config/squeeze_net_tosa_seed-42_ablation.yaml,train,epoch,train,thresholded_partition,threshold,1162,1162.0,0,1162,False,False,4031.264892578125,4157.5771751904485,4149.511549185588,nan,nan,False,143,7035.52287516602,4831.909135635894,0.47709999999999997,0.5352,4039062.25,0.5026993155479431,nan,queue,queue,per_epoch_trace
squeeze_net_tosa,inputs/task_graph_topology/soda-benchmark-graphs/pytorch-graphs/squeeze_net_tosa.dot,/qfs/people/dass304/dass304/HWSWpartition/hw-sw-partition-metaheur/BatchExperiments/Ablation/diff_gnn_order_lssp_trace/squeeze_net_tosa/seed-42/run-20260412-143138/config/squeeze_net_tosa_seed-42_ablation.yaml,train,epoch,train,thresholded_partition,threshold,1163,1163.0,0,1163,False,False,3975.583251953125,3787.5816343763768,4259.826666109612,nan,nan,False,144,7051.191628161346,4831.909135635894,0.47665,0.5347999999999999,4020515.75,0.5066660642623901,nan,queue,queue,per_epoch_trace
squeeze_net_tosa,inputs/task_graph_topology/soda-benchmark-graphs/pytorch-graphs/squeeze_net_tosa.dot,/qfs/people/dass304/dass304/HWSWpartition/hw-sw-partition-metaheur/BatchExperiments/Ablation/diff_gnn_order_lssp_trace/squeeze_net_tosa/seed-42/run-20260412-143138/config/squeeze_net_tosa_seed-42_ablation.yaml,train,epoch,train,thresholded_partition,threshold,1164,1164.0,0,1164,False,False,3990.186279296875,3672.958872601526,3759.6814184559903,nan,nan,False,146,7263.332111497282,4831.909135635894,0.47620000000000007,0.5344,4031440.75,0.5063836574554443,nan,queue,queue,per_epoch_trace
squeeze_net_tosa,inputs/task_graph_topology/soda-benchmark-graphs/pytorch-graphs/squeeze_net_tosa.dot,/qfs/people/dass304/dass304/HWSWpartition/hw-sw-partition-metaheur/BatchExperiments/Ablation/diff_gnn_order_lssp_trace/squeeze_net_tosa/seed-42/run-20260412-143138/config/squeeze_net_tosa_seed-42_ablation.yaml,train,epoch,train,thresholded_partition,threshold,1165,1165.0,0,1165,False,False,3833.065673828125,3621.2432661409634,4028.185495137262,nan,nan,False,146,7301.863429716102,4831.909135635894,0.47575,0.534,4072662.5,0.5154628157615662,nan,queue,queue,per_epoch_trace
squeeze_net_tosa,inputs/task_graph_topology/soda-benchmark-graphs/pytorch-graphs/squeeze_net_tosa.dot,/qfs/people/dass304/dass304/HWSWpartition/hw-sw-partition-metaheur/BatchExperiments/Ablation/diff_gnn_order_lssp_trace/squeeze_net_tosa/seed-42/run-20260412-143138/config/squeeze_net_tosa_seed-42_ablation.yaml,train,epoch,train,thresholded_partition,threshold,1166,1166.0,0,1166,False,False,3921.14501953125,3363.1850321501684,3567.8377932261615,nan,nan,False,149,7465.23583674039,4831.909135635894,0.47530000000000006,0.5336000000000001,3992401.0,0.5084123015403748,nan,queue,queue,per_epoch_trace
squeeze_net_tosa,inputs/task_graph_topology/soda-benchmark-graphs/pytorch-graphs/squeeze_net_tosa.dot,/qfs/people/dass304/dass304/HWSWpartition/hw-sw-partition-metaheur/BatchExperiments/Ablation/diff_gnn_order_lssp_trace/squeeze_net_tosa/seed-42/run-20260412-143138/config/squeeze_net_tosa_seed-42_ablation.yaml,train,epoch,train,thresholded_partition,threshold,1167,1167.0,0,1167,False,False,3950.94384765625,3184.5452910994213,3182.624752231163,nan,nan,False,149,7473.051478978451,4831.909135635894,0.47485,0.5331999999999999,4016610.0,0.5080737471580505,nan,queue,queue,per_epoch_trace
squeeze_net_tosa,inputs/task_graph_topology/soda-benchmark-graphs/pytorch-graphs/squeeze_net_tosa.dot,/qfs/people/dass304/dass304/HWSWpartition/hw-sw-partition-metaheur/BatchExperiments/Ablation/diff_gnn_order_lssp_trace/squeeze_net_tosa/seed-42/run-20260412-143138/config/squeeze_net_tosa_seed-42_ablation.yaml,train,epoch,train,thresholded_partition,threshold,1168,1168.0,0,1168,False,False,3953.290771484375,3143.2338856793244,3294.551469317698,nan,nan,False,150,7549.341656677313,4831.909135635894,0.47440000000000004,0.5327999999999999,4023809.5,0.5083692669868469,nan,queue,queue,per_epoch_trace
squeeze_net_tosa,inputs/task_graph_topology/soda-benchmark-graphs/pytorch-graphs/squeeze_net_tosa.dot,/qfs/people/dass304/dass304/HWSWpartition/hw-sw-partition-metaheur/BatchExperiments/Ablation/diff_gnn_order_lssp_trace/squeeze_net_tosa/seed-42/run-20260412-143138/config/squeeze_net_tosa_seed-42_ablation.yaml,train,epoch,train,thresholded_partition,threshold,1169,1169.0,0,1169,False,False,4027.914794921875,3334.3001808463446,4133.473237811371,nan,nan,False,150,7507.6656585221635,4831.909135635894,0.47395,0.5324,4042501.0,0.5037561058998108,nan,queue,queue,per_epoch_trace
squeeze_net_tosa,inputs/task_graph_topology/soda-benchmark-graphs/pytorch-graphs/squeeze_net_tosa.dot,/qfs/people/dass304/dass304/HWSWpartition/hw-sw-partition-metaheur/BatchExperiments/Ablation/diff_gnn_order_lssp_trace/squeeze_net_tosa/seed-42/run-20260412-143138/config/squeeze_net_tosa_seed-42_ablation.yaml,train,epoch,train,thresholded_partition,threshold,1170,1170.0,0,1170,False,False,4055.11328125,2822.7126365082863,3104.251500705002,nan,nan,False,152,7632.639601115554,4831.909135635894,0.47350000000000003,0.532,4107461.0,0.5072034597396851,nan,queue,queue,per_epoch_trace
squeeze_net_tosa,inputs/task_graph_topology/soda-benchmark-graphs/pytorch-graphs/squeeze_net_tosa.dot,/qfs/people/dass304/dass304/HWSWpartition/hw-sw-partition-metaheur/BatchExperiments/Ablation/diff_gnn_order_lssp_trace/squeeze_net_tosa/seed-42/run-20260412-143138/config/squeeze_net_tosa_seed-42_ablation.yaml,train,epoch,train,thresholded_partition,threshold,1171,1171.0,0,1171,False,False,4059.17626953125,2817.839285078983,3117.0188790434163,nan,nan,False,153,7657.814414236185,4831.909135635894,0.47304999999999997,0.5316,4083387.0,0.5048732757568359,nan,queue,queue,per_epoch_trace
squeeze_net_tosa,inputs/task_graph_topology/soda-benchmark-graphs/pytorch-graphs/squeeze_net_tosa.dot,/qfs/people/dass304/dass304/HWSWpartition/hw-sw-partition-metaheur/BatchExperiments/Ablation/diff_gnn_order_lssp_trace/squeeze_net_tosa/seed-42/run-20260412-143138/config/squeeze_net_tosa_seed-42_ablation.yaml,train,epoch,train,thresholded_partition,threshold,1172,1172.0,0,1172,False,False,4002.76025390625,3466.6816648054955,3464.5293939433823,nan,nan,False,149,7478.683654913608,4831.909135635894,0.4726,0.5312,4020949.25,0.5042079091072083,nan,queue,queue,per_epoch_trace
squeeze_net_tosa,inputs/task_graph_topology/soda-benchmark-graphs/pytorch-graphs/squeeze_net_tosa.dot,/qfs/people/dass304/dass304/HWSWpartition/hw-sw-partition-metaheur/BatchExperiments/Ablation/diff_gnn_order_lssp_trace/squeeze_net_tosa/seed-42/run-20260412-143138/config/squeeze_net_tosa_seed-42_ablation.yaml,train,epoch,train,thresholded_partition,threshold,1173,1173.0,0,1173,False,False,4082.71728515625,3665.331630909664,3982.562305893664,nan,nan,False,146,7247.422640963259,4831.909135635894,0.47214999999999996,0.5307999999999999,4086427.0,0.4982057213783264,nan,queue,queue,per_epoch_trace
squeeze_net_tosa,inputs/task_graph_topology/soda-benchmark-graphs/pytorch-graphs/squeeze_net_tosa.dot,/qfs/people/dass304/dass304/HWSWpartition/hw-sw-partition-metaheur/BatchExperiments/Ablation/diff_gnn_order_lssp_trace/squeeze_net_tosa/seed-42/run-20260412-143138/config/squeeze_net_tosa_seed-42_ablation.yaml,train,epoch,train,thresholded_partition,threshold,1174,1174.0,0,1174,False,False,3955.473876953125,3451.891514256176,3916.0103370977927,nan,nan,False,148,7348.463090491885,4831.909135635894,0.4717,0.5304,4020427.0,0.5080289840698242,nan,queue,queue,per_epoch_trace
squeeze_net_tosa,inputs/task_graph_topology/soda-benchmark-graphs/pytorch-graphs/squeeze_net_tosa.dot,/qfs/people/dass304/dass304/HWSWpartition/hw-sw-partition-metaheur/BatchExperiments/Ablation/diff_gnn_order_lssp_trace/squeeze_net_tosa/seed-42/run-20260412-143138/config/squeeze_net_tosa_seed-42_ablation.yaml,train,epoch,train,thresholded_partition,threshold,1175,1175.0,0,1175,False,False,4129.4453125,3794.0650073117836,3931.663600392774,nan,nan,False,146,7301.010532497453,4831.909135635894,0.47124999999999995,0.53,4167616.75,0.5061380863189697,nan,queue,queue,per_epoch_trace
squeeze_net_tosa,inputs/task_graph_topology/soda-benchmark-graphs/pytorch-graphs/squeeze_net_tosa.dot,/qfs/people/dass304/dass304/HWSWpartition/hw-sw-partition-metaheur/BatchExperiments/Ablation/diff_gnn_order_lssp_trace/squeeze_net_tosa/seed-42/run-20260412-143138/config/squeeze_net_tosa_seed-42_ablation.yaml,train,epoch,train,thresholded_partition,threshold,1176,1176.0,0,1176,False,False,3920.440185546875,3419.006396716592,3541.8942472320655,nan,nan,False,147,7327.495783946572,4831.909135635894,0.4708,0.5296000000000001,3938453.5,0.5041858553886414,nan,queue,queue,per_epoch_trace
squeeze_net_tosa,inputs/task_graph_topology/soda-benchmark-graphs/pytorch-graphs/squeeze_net_tosa.dot,/qfs/people/dass304/dass304/HWSWpartition/hw-sw-partition-metaheur/BatchExperiments/Ablation/diff_gnn_order_lssp_trace/squeeze_net_tosa/seed-42/run-20260412-143138/config/squeeze_net_tosa_seed-42_ablation.yaml,train,epoch,train,thresholded_partition,threshold,1177,1177.0,0,1177,False,False,3970.85009765625,3800.173351954668,3857.6515005914434,nan,nan,False,147,7291.889080079938,4831.909135635894,0.47034999999999993,0.5291999999999999,4023580.75,0.5072265267372131,nan,queue,queue,per_epoch_trace
squeeze_net_tosa,inputs/task_graph_topology/soda-benchmark-graphs/pytorch-graphs/squeeze_net_tosa.dot,/qfs/people/dass304/dass304/HWSWpartition/hw-sw-partition-metaheur/BatchExperiments/Ablation/diff_gnn_order_lssp_trace/squeeze_net_tosa/seed-42/run-20260412-143138/config/squeeze_net_tosa_seed-42_ablation.yaml,train,epoch,train,thresholded_partition,threshold,1178,1178.0,0,1178,False,False,3991.656005859375,3082.460835023307,3488.9913291033495,nan,nan,False,152,7625.512871805271,4831.909135635894,0.4699,0.5287999999999999,4045669.75,0.5073170065879822,nan,queue,queue,per_epoch_trace
squeeze_net_tosa,inputs/task_graph_topology/soda-benchmark-graphs/pytorch-graphs/squeeze_net_tosa.dot,/qfs/people/dass304/dass304/HWSWpartition/hw-sw-partition-metaheur/BatchExperiments/Ablation/diff_gnn_order_lssp_trace/squeeze_net_tosa/seed-42/run-20260412-143138/config/squeeze_net_tosa_seed-42_ablation.yaml,train,epoch,train,thresholded_partition,threshold,1179,1179.0,0,1179,False,False,4031.731201171875,3291.06948176833,3562.891526881755,nan,nan,False,150,7475.771855063621,4831.909135635894,0.4694499999999999,0.5284,4188086.25,0.5124852657318115,nan,queue,queue,per_epoch_trace
squeeze_net_tosa,inputs/task_graph_topology/soda-benchmark-graphs/pytorch-graphs/squeeze_net_tosa.dot,/qfs/people/dass304/dass304/HWSWpartition/hw-sw-partition-metaheur/BatchExperiments/Ablation/diff_gnn_order_lssp_trace/squeeze_net_tosa/seed-42/run-20260412-143138/config/squeeze_net_tosa_seed-42_ablation.yaml,train,epoch,train,thresholded_partition,threshold,1180,1180.0,0,1180,False,False,3975.567626953125,3105.0810982635944,3481.647125496915,nan,nan,False,152,7601.313125312868,4831.909135635894,0.469,0.528,4075485.75,0.5099726319313049,nan,queue,queue,per_epoch_trace
squeeze_net_tosa,inputs/task_graph_topology/soda-benchmark-graphs/pytorch-graphs/squeeze_net_tosa.dot,/qfs/people/dass304/dass304/HWSWpartition/hw-sw-partition-metaheur/BatchExperiments/Ablation/diff_gnn_order_lssp_trace/squeeze_net_tosa/seed-42/run-20260412-143138/config/squeeze_net_tosa_seed-42_ablation.yaml,train,epoch,train,thresholded_partition,threshold,1181,1181.0,0,1181,False,False,4050.70947265625,3298.3393246551973,3645.099714601842,nan,nan,False,151,7591.68135991386,4831.909135635894,0.4685499999999999,0.5276,4085893.0,0.5058910250663757,nan,queue,queue,per_epoch_trace
squeeze_net_tosa,inputs/task_graph_topology/soda-benchmark-graphs/pytorch-graphs/squeeze_net_tosa.dot,/qfs/people/dass304/dass304/HWSWpartition/hw-sw-partition-metaheur/BatchExperiments/Ablation/diff_gnn_order_lssp_trace/squeeze_net_tosa/seed-42/run-20260412-143138/config/squeeze_net_tosa_seed-42_ablation.yaml,train,epoch,train,thresholded_partition,threshold,1182,1182.0,0,1182,False,False,4195.58251953125,2893.7824623320926,3331.0498958086623,nan,nan,False,154,7693.386120882756,4831.909135635894,0.46809999999999996,0.5272,4205151.5,0.5030168294906616,nan,queue,queue,per_epoch_trace
squeeze_net_tosa,inputs/task_graph_topology/soda-benchmark-graphs/pytorch-graphs/squeeze_net_tosa.dot,/qfs/people/dass304/dass304/HWSWpartition/hw-sw-partition-metaheur/BatchExperiments/Ablation/diff_gnn_order_lssp_trace/squeeze_net_tosa/seed-42/run-20260412-143138/config/squeeze_net_tosa_seed-42_ablation.yaml,train,epoch,train,thresholded_partition,threshold,1183,1183.0,0,1183,False,False,4006.210693359375,3217.6000490725687,3583.8690624874566,nan,nan,False,151,7545.696763621355,4831.909135635894,0.46765,0.5267999999999999,4012516.0,0.5024141073226929,nan,queue,queue,per_epoch_trace
squeeze_net_tosa,inputs/task_graph_topology/soda-benchmark-graphs/pytorch-graphs/squeeze_net_tosa.dot,/qfs/people/dass304/dass304/HWSWpartition/hw-sw-partition-metaheur/BatchExperiments/Ablation/diff_gnn_order_lssp_trace/squeeze_net_tosa/seed-42/run-20260412-143138/config/squeeze_net_tosa_seed-42_ablation.yaml,train,epoch,train,thresholded_partition,threshold,1184,1184.0,0,1184,False,False,4151.84375,3285.7024905254443,3488.015055777532,nan,nan,False,149,7519.892138365868,4831.909135635894,0.46720000000000006,0.5264,4170638.5,0.5042793154716492,nan,queue,queue,per_epoch_trace
squeeze_net_tosa,inputs/task_graph_topology/soda-benchmark-graphs/pytorch-graphs/squeeze_net_tosa.dot,/qfs/people/dass304/dass304/HWSWpartition/hw-sw-partition-metaheur/BatchExperiments/Ablation/diff_gnn_order_lssp_trace/squeeze_net_tosa/seed-42/run-20260412-143138/config/squeeze_net_tosa_seed-42_ablation.yaml,train,epoch,train,thresholded_partition,threshold,1185,1185.0,0,1185,False,False,4146.826171875,2817.839285078983,3229.097265486373,nan,nan,False,154,7676.492628037259,4831.909135635894,0.46675,0.526,4253021.0,0.5102816224098206,nan,queue,queue,per_epoch_trace
squeeze_net_tosa,inputs/task_graph_topology/soda-benchmark-graphs/pytorch-graphs/squeeze_net_tosa.dot,/qfs/people/dass304/dass304/HWSWpartition/hw-sw-partition-metaheur/BatchExperiments/Ablation/diff_gnn_order_lssp_trace/squeeze_net_tosa/seed-42/run-20260412-143138/config/squeeze_net_tosa_seed-42_ablation.yaml,train,epoch,train,thresholded_partition,threshold,1186,1186.0,0,1186,False,False,4033.456787109375,3131.702682355886,3313.1918833112572,nan,nan,False,150,7536.479788216628,4831.909135635894,0.46630000000000005,0.5256000000000001,4212818.5,0.513374388217926,nan,queue,queue,per_epoch_trace
squeeze_net_tosa,inputs/task_graph_topology/soda-benchmark-graphs/pytorch-graphs/squeeze_net_tosa.dot,/qfs/people/dass304/dass304/HWSWpartition/hw-sw-partition-metaheur/BatchExperiments/Ablation/diff_gnn_order_lssp_trace/squeeze_net_tosa/seed-42/run-20260412-143138/config/squeeze_net_tosa_seed-42_ablation.yaml,train,epoch,train,thresholded_partition,threshold,1187,1187.0,0,1187,False,False,3969.316162109375,3286.7442472719836,3832.587981497773,nan,nan,False,148,7362.156190558062,4831.909135635894,0.46585,0.5251999999999999,4003713.5,0.5058230757713318,nan,queue,queue,per_epoch_trace
squeeze_net_tosa,inputs/task_graph_topology/soda-benchmark-graphs/pytorch-graphs/squeeze_net_tosa.dot,/qfs/people/dass304/dass304/HWSWpartition/hw-sw-partition-metaheur/BatchExperiments/Ablation/diff_gnn_order_lssp_trace/squeeze_net_tosa/seed-42/run-20260412-143138/config/squeeze_net_tosa_seed-42_ablation.yaml,train,epoch,train,thresholded_partition,threshold,1188,1188.0,0,1188,False,False,4003.294189453125,3164.985747647131,3599.3651059217423,nan,nan,False,151,7584.1570118968175,4831.909135635894,0.46540000000000004,0.5247999999999999,4132099.75,0.5113281011581421,nan,queue,queue,per_epoch_trace
squeeze_net_tosa,inputs/task_graph_topology/soda-benchmark-graphs/pytorch-graphs/squeeze_net_tosa.dot,/qfs/people/dass304/dass304/HWSWpartition/hw-sw-partition-metaheur/BatchExperiments/Ablation/diff_gnn_order_lssp_trace/squeeze_net_tosa/seed-42/run-20260412-143138/config/squeeze_net_tosa_seed-42_ablation.yaml,train,epoch,train,thresholded_partition,threshold,1189,1189.0,0,1189,False,False,3955.18408203125,3363.7258822444005,3580.291595079241,nan,nan,False,149,7392.276808351853,4831.909135635894,0.46495,0.5244,4012890.0,0.5075645446777344,nan,queue,queue,per_epoch_trace
squeeze_net_tosa,inputs/task_graph_topology/soda-benchmark-graphs/pytorch-graphs/squeeze_net_tosa.dot,/qfs/people/dass304/dass304/HWSWpartition/hw-sw-partition-metaheur/BatchExperiments/Ablation/diff_gnn_order_lssp_trace/squeeze_net_tosa/seed-42/run-20260412-143138/config/squeeze_net_tosa_seed-42_ablation.yaml,train,epoch,train,thresholded_partition,threshold,1190,1190.0,0,1190,False,False,3945.636474609375,3240.412959123503,3441.0993242733944,nan,nan,False,150,7526.334859017119,4831.909135635894,0.4645,0.524,4059337.0,0.5106404423713684,nan,queue,queue,per_epoch_trace
squeeze_net_tosa,inputs/task_graph_topology/soda-benchmark-graphs/pytorch-graphs/squeeze_net_tosa.dot,/qfs/people/dass304/dass304/HWSWpartition/hw-sw-partition-metaheur/BatchExperiments/Ablation/diff_gnn_order_lssp_trace/squeeze_net_tosa/seed-42/run-20260412-143138/config/squeeze_net_tosa_seed-42_ablation.yaml,train,epoch,train,thresholded_partition,threshold,1191,1191.0,0,1191,False,False,3956.975830078125,3126.7230854487448,3554.4796626573493,nan,nan,False,150,7547.382063536534,4831.909135635894,0.46404999999999996,0.5236,4097878.75,0.5118504166603088,nan,queue,queue,per_epoch_trace
squeeze_net_tosa,inputs/task_graph_topology/soda-benchmark-graphs/pytorch-graphs/squeeze_net_tosa.dot,/qfs/people/dass304/dass304/HWSWpartition/hw-sw-partition-metaheur/BatchExperiments/Ablation/diff_gnn_order_lssp_trace/squeeze_net_tosa/seed-42/run-20260412-143138/config/squeeze_net_tosa_seed-42_ablation.yaml,train,epoch,train,thresholded_partition,threshold,1192,1192.0,0,1192,False,False,3956.945068359375,3170.840112283355,3755.2873840580964,nan,nan,False,149,7422.382456389855,4831.909135635894,0.4636,0.5232,3973597.0,0.504020094871521,nan,queue,queue,per_epoch_trace
squeeze_net_tosa,inputs/task_graph_topology/soda-benchmark-graphs/pytorch-graphs/squeeze_net_tosa.dot,/qfs/people/dass304/dass304/HWSWpartition/hw-sw-partition-metaheur/BatchExperiments/Ablation/diff_gnn_order_lssp_trace/squeeze_net_tosa/seed-42/run-20260412-143138/config/squeeze_net_tosa_seed-42_ablation.yaml,train,epoch,train,thresholded_partition,threshold,1193,1193.0,0,1193,False,False,4035.893310546875,3321.449958591736,3795.04444369581,nan,nan,False,148,7391.028307076798,4831.909135635894,0.46314999999999995,0.5227999999999999,4036450.5,0.49971702694892883,nan,queue,queue,per_epoch_trace
squeeze_net_tosa,inputs/task_graph_topology/soda-benchmark-graphs/pytorch-graphs/squeeze_net_tosa.dot,/qfs/people/dass304/dass304/HWSWpartition/hw-sw-partition-metaheur/BatchExperiments/Ablation/diff_gnn_order_lssp_trace/squeeze_net_tosa/seed-42/run-20260412-143138/config/squeeze_net_tosa_seed-42_ablation.yaml,train,epoch,train,thresholded_partition,threshold,1194,1194.0,0,1194,False,False,4111.6533203125,3365.9505280796134,3727.8462589346022,nan,nan,False,147,7381.936572699415,4831.909135635894,0.4627,0.5224,4120396.0,0.502871036529541,nan,queue,queue,per_epoch_trace
squeeze_net_tosa,inputs/task_graph_topology/soda-benchmark-graphs/pytorch-graphs/squeeze_net_tosa.dot,/qfs/people/dass304/dass304/HWSWpartition/hw-sw-partition-metaheur/BatchExperiments/Ablation/diff_gnn_order_lssp_trace/squeeze_net_tosa/seed-42/run-20260412-143138/config/squeeze_net_tosa_seed-42_ablation.yaml,train,epoch,train,thresholded_partition,threshold,1195,1195.0,0,1195,False,False,4180.0595703125,3358.866039314174,3487.1387666215637,nan,nan,False,149,7434.446298391899,4831.909135635894,0.46224999999999994,0.522,4200335.0,0.4955521821975708,nan,queue,queue,per_epoch_trace
squeeze_net_tosa,inputs/task_graph_topology/soda-benchmark-graphs/pytorch-graphs/squeeze_net_tosa.dot,/qfs/people/dass304/dass304/HWSWpartition/hw-sw-partition-metaheur/BatchExperiments/Ablation/diff_gnn_order_lssp_trace/squeeze_net_tosa/seed-42/run-20260412-143138/config/squeeze_net_tosa_seed-42_ablation.yaml,train,epoch,train,thresholded_partition,threshold,1196,1196.0,0,1196,False,False,3988.83447265625,3755.3293141441095,3896.722665132263,nan,nan,False,146,7186.903391258761,4831.909135635894,0.4618,0.5216000000000001,4003210.25,0.5037260055541992,nan,queue,queue,per_epoch_trace
squeeze_net_tosa,inputs/task_graph_topology/soda-benchmark-graphs/pytorch-graphs/squeeze_net_tosa.dot,/qfs/people/dass304/dass304/HWSWpartition/hw-sw-partition-metaheur/BatchExperiments/Ablation/diff_gnn_order_lssp_trace/squeeze_net_tosa/seed-42/run-20260412-143138/config/squeeze_net_tosa_seed-42_ablation.yaml,train,epoch,train,thresholded_partition,threshold,1197,1197.0,0,1197,False,False,4058.735107421875,3141.9418390797186,3418.131011467078,nan,nan,False,150,7487.876060545639,4831.909135635894,0.4613499999999999,0.5211999999999999,4062418.0,0.5017911195755005,nan,queue,queue,per_epoch_trace
squeeze_net_tosa,inputs/task_graph_topology/soda-benchmark-graphs/pytorch-graphs/squeeze_net_tosa.dot,/qfs/people/dass304/dass304/HWSWpartition/hw-sw-partition-metaheur/BatchExperiments/Ablation/diff_gnn_order_lssp_trace/squeeze_net_tosa/seed-42/run-20260412-143138/config/squeeze_net_tosa_seed-42_ablation.yaml,train,epoch,train,thresholded_partition,threshold,1198,1198.0,0,1198,False,False,4044.524169921875,3300.022255168856,3510.395792953234,nan,nan,False,150,7557.022605635407,4831.909135635894,0.4609,0.5207999999999999,4045023.0,0.49987146258354187,nan,queue,queue,per_epoch_trace
squeeze_net_tosa,inputs/task_graph_topology/soda-benchmark-graphs/pytorch-graphs/squeeze_net_tosa.dot,/qfs/people/dass304/dass304/HWSWpartition/hw-sw-partition-metaheur/BatchExperiments/Ablation/diff_gnn_order_lssp_trace/squeeze_net_tosa/seed-42/run-20260412-143138/config/squeeze_net_tosa_seed-42_ablation.yaml,train,epoch,train,thresholded_partition,threshold,1199,1199.0,0,1199,False,False,3855.798583984375,3371.4598086784094,3517.3774989631524,nan,nan,False,151,7538.215789811628,4831.909135635894,0.4604499999999999,0.5204,4260891.5,0.5201150178909302,nan,queue,queue,per_epoch_trace
squeeze_net_tosa,inputs/task_graph_topology/soda-benchmark-graphs/pytorch-graphs/squeeze_net_tosa.dot,/qfs/people/dass304/dass304/HWSWpartition/hw-sw-partition-metaheur/BatchExperiments/Ablation/diff_gnn_order_lssp_trace/squeeze_net_tosa/seed-42/run-20260412-143138/config/squeeze_net_tosa_seed-42_ablation.yaml,train,epoch,train,thresholded_partition,threshold,1200,1200.0,0,1200,False,False,3927.212646484375,3217.6000490725687,3279.1064414959887,nan,nan,False,151,7545.696763621355,4831.909135635894,0.45999999999999996,0.52,3991870.0,0.5080111622810364,nan,queue,queue,per_epoch_trace
squeeze_net_tosa,inputs/task_graph_topology/soda-benchmark-graphs/pytorch-graphs/squeeze_net_tosa.dot,/qfs/people/dass304/dass304/HWSWpartition/hw-sw-partition-metaheur/BatchExperiments/Ablation/diff_gnn_order_lssp_trace/squeeze_net_tosa/seed-42/run-20260412-143138/config/squeeze_net_tosa_seed-42_ablation.yaml,train,epoch,train,thresholded_partition,threshold,1201,1201.0,0,1201,False,False,4058.400146484375,3191.959466361314,3423.04003200578,nan,nan,False,149,7333.874951543429,4831.909135635894,0.4595499999999999,0.5196,4058902.75,0.5001519918441772,nan,queue,queue,per_epoch_trace
squeeze_net_tosa,inputs/task_graph_topology/soda-benchmark-graphs/pytorch-graphs/squeeze_net_tosa.dot,/qfs/people/dass304/dass304/HWSWpartition/hw-sw-partition-metaheur/BatchExperiments/Ablation/diff_gnn_order_lssp_trace/squeeze_net_tosa/seed-42/run-20260412-143138/config/squeeze_net_tosa_seed-42_ablation.yaml,train,epoch,train,thresholded_partition,threshold,1202,1202.0,0,1202,False,False,3925.117919921875,3869.8699521299454,3869.8699521299445,nan,nan,False,146,7166.139823330165,4831.909135635894,0.45909999999999995,0.5192,4050063.75,0.5111549496650696,nan,queue,queue,per_epoch_trace
squeeze_net_tosa,inputs/task_graph_topology/soda-benchmark-graphs/pytorch-graphs/squeeze_net_tosa.dot,/qfs/people/dass304/dass304/HWSWpartition/hw-sw-partition-metaheur/BatchExperiments/Ablation/diff_gnn_order_lssp_trace/squeeze_net_tosa/seed-42/run-20260412-143138/config/squeeze_net_tosa_seed-42_ablation.yaml,train,epoch,train,thresholded_partition,threshold,1203,1203.0,0,1203,False,False,3989.04931640625,3593.260604328813,3516.536392948308,nan,nan,False,148,7339.056068294222,4831.909135635894,0.45865,0.5187999999999999,4097416.25,0.5103861689567566,nan,queue,queue,per_epoch_trace
squeeze_net_tosa,inputs/task_graph_topology/soda-benchmark-graphs/pytorch-graphs/squeeze_net_tosa.dot,/qfs/people/dass304/dass304/HWSWpartition/hw-sw-partition-metaheur/BatchExperiments/Ablation/diff_gnn_order_lssp_trace/squeeze_net_tosa/seed-42/run-20260412-143138/config/squeeze_net_tosa_seed-42_ablation.yaml,train,epoch,train,thresholded_partition,threshold,1204,1204.0,0,1204,False,False,4033.159912109375,3221.833641107583,3869.919151213982,nan,nan,False,149,7414.52684030585,4831.909135635894,0.45820000000000005,0.5184,4078182.0,0.5066738724708557,nan,queue,queue,per_epoch_trace
squeeze_net_tosa,inputs/task_graph_topology/soda-benchmark-graphs/pytorch-graphs/squeeze_net_tosa.dot,/qfs/people/dass304/dass304/HWSWpartition/hw-sw-partition-metaheur/BatchExperiments/Ablation/diff_gnn_order_lssp_trace/squeeze_net_tosa/seed-42/run-20260412-143138/config/squeeze_net_tosa_seed-42_ablation.yaml,train,epoch,train,thresholded_partition,threshold,1205,1205.0,0,1205,False,False,3963.270751953125,3132.7921454070797,3517.326037884612,nan,nan,False,151,7553.46926527853,4831.909135635894,0.45775,0.518,4255801.0,0.5170895457267761,nan,queue,queue,per_epoch_trace
squeeze_net_tosa,inputs/task_graph_topology/soda-benchmark-graphs/pytorch-graphs/squeeze_net_tosa.dot,/qfs/people/dass304/dass304/HWSWpartition/hw-sw-partition-metaheur/BatchExperiments/Ablation/diff_gnn_order_lssp_trace/squeeze_net_tosa/seed-42/run-20260412-143138/config/squeeze_net_tosa_seed-42_ablation.yaml,train,epoch,train,thresholded_partition,threshold,1206,1206.0,0,1206,False,False,3954.820068359375,3102.650234619972,3389.3628337467203,nan,nan,False,151,7475.527789448849,4831.909135635894,0.45730000000000004,0.5176000000000001,4008333.5,0.5072818994522095,nan,queue,queue,per_epoch_trace
squeeze_net_tosa,inputs/task_graph_topology/soda-benchmark-graphs/pytorch-graphs/squeeze_net_tosa.dot,/qfs/people/dass304/dass304/HWSWpartition/hw-sw-partition-metaheur/BatchExperiments/Ablation/diff_gnn_order_lssp_trace/squeeze_net_tosa/seed-42/run-20260412-143138/config/squeeze_net_tosa_seed-42_ablation.yaml,train,epoch,train,thresholded_partition,threshold,1207,1207.0,0,1207,False,False,4013.406005859375,3703.197391253177,3958.6246117577225,nan,nan,False,146,7278.474631502607,4831.909135635894,0.45685,0.5171999999999999,4045993.5,0.5056664347648621,nan,queue,queue,per_epoch_trace
squeeze_net_tosa,inputs/task_graph_topology/soda-benchmark-graphs/pytorch-graphs/squeeze_net_tosa.dot,/qfs/people/dass304/dass304/HWSWpartition/hw-sw-partition-metaheur/BatchExperiments/Ablation/diff_gnn_order_lssp_trace/squeeze_net_tosa/seed-42/run-20260412-143138/config/squeeze_net_tosa_seed-42_ablation.yaml,train,epoch,train,thresholded_partition,threshold,1208,1208.0,0,1208,False,False,4066.744873046875,2662.3726675466373,2950.328459393732,nan,nan,False,153,7695.427409852264,4831.909135635894,0.45640000000000003,0.5167999999999999,4075021.0,0.5027943849563599,nan,queue,queue,per_epoch_trace
squeeze_net_tosa,inputs/task_graph_topology/soda-benchmark-graphs/pytorch-graphs/squeeze_net_tosa.dot,/qfs/people/dass304/dass304/HWSWpartition/hw-sw-partition-metaheur/BatchExperiments/Ablation/diff_gnn_order_lssp_trace/squeeze_net_tosa/seed-42/run-20260412-143138/config/squeeze_net_tosa_seed-42_ablation.yaml,train,epoch,train,thresholded_partition,threshold,1209,1209.0,0,1209,False,False,4090.12158203125,3261.3322200209664,3507.601452006095,nan,nan,False,149,7416.084738506254,4831.909135635894,0.45594999999999997,0.5164,4103168.0,0.503545880317688,nan,queue,queue,per_epoch_trace
squeeze_net_tosa,inputs/task_graph_topology/soda-benchmark-graphs/pytorch-graphs/squeeze_net_tosa.dot,/qfs/people/dass304/dass304/HWSWpartition/hw-sw-partition-metaheur/BatchExperiments/Ablation/diff_gnn_order_lssp_trace/squeeze_net_tosa/seed-42/run-20260412-143138/config/squeeze_net_tosa_seed-42_ablation.yaml,train,epoch,train,thresholded_partition,threshold,1210,1210.0,0,1210,False,False,4111.91943359375,2925.0356232474655,3625.6138818441473,nan,nan,False,150,7533.719307655919,4831.909135635894,0.4555,0.516,4140015.25,0.505254328250885,nan,queue,queue,per_epoch_trace
squeeze_net_tosa,inputs/task_graph_topology/soda-benchmark-graphs/pytorch-graphs/squeeze_net_tosa.dot,/qfs/people/dass304/dass304/HWSWpartition/hw-sw-partition-metaheur/BatchExperiments/Ablation/diff_gnn_order_lssp_trace/squeeze_net_tosa/seed-42/run-20260412-143138/config/squeeze_net_tosa_seed-42_ablation.yaml,train,epoch,train,thresholded_partition,threshold,1211,1211.0,0,1211,False,False,3814.847412109375,3147.1908531311433,3310.1241262722965,nan,nan,False,148,7351.084099117752,4831.909135635894,0.45504999999999995,0.5156,4165071.5,0.5187011957168579,nan,queue,queue,per_epoch_trace
squeeze_net_tosa,inputs/task_graph_topology/soda-benchmark-graphs/pytorch-graphs/squeeze_net_tosa.dot,/qfs/people/dass304/dass304/HWSWpartition/hw-sw-partition-metaheur/BatchExperiments/Ablation/diff_gnn_order_lssp_trace/squeeze_net_tosa/seed-42/run-20260412-143138/config/squeeze_net_tosa_seed-42_ablation.yaml,train,epoch,train,thresholded_partition,threshold,1212,1212.0,0,1212,False,False,4114.984375,3211.7722309173823,3830.31053825476,nan,nan,False,148,7385.528077046009,4831.909135635894,0.4546,0.5152,4116015.75,0.5007469654083252,nan,queue,queue,per_epoch_trace
squeeze_net_tosa,inputs/task_graph_topology/soda-benchmark-graphs/pytorch-graphs/squeeze_net_tosa.dot,/qfs/people/dass304/dass304/HWSWpartition/hw-sw-partition-metaheur/BatchExperiments/Ablation/diff_gnn_order_lssp_trace/squeeze_net_tosa/seed-42/run-20260412-143138/config/squeeze_net_tosa_seed-42_ablation.yaml,train,epoch,train,thresholded_partition,threshold,1213,1213.0,0,1213,False,False,4277.75341796875,3569.525063777622,3835.912030658152,nan,nan,False,147,7313.110683019585,4831.909135635894,0.45414999999999994,0.5147999999999999,4330169.5,0.492794007062912,nan,queue,queue,per_epoch_trace
squeeze_net_tosa,inputs/task_graph_topology/soda-benchmark-graphs/pytorch-graphs/squeeze_net_tosa.dot,/qfs/people/dass304/dass304/HWSWpartition/hw-sw-partition-metaheur/BatchExperiments/Ablation/diff_gnn_order_lssp_trace/squeeze_net_tosa/seed-42/run-20260412-143138/config/squeeze_net_tosa_seed-42_ablation.yaml,train,epoch,train,thresholded_partition,threshold,1214,1214.0,0,1214,False,False,4279.25537109375,3462.085889005421,3528.3457231586594,nan,nan,False,148,7392.688909797277,4831.909135635894,0.4537,0.5144,4330921.0,0.49284660816192627,nan,queue,queue,per_epoch_trace
squeeze_net_tosa,inputs/task_graph_topology/soda-benchmark-graphs/pytorch-graphs/squeeze_net_tosa.dot,/qfs/people/dass304/dass304/HWSWpartition/hw-sw-partition-metaheur/BatchExperiments/Ablation/diff_gnn_order_lssp_trace/squeeze_net_tosa/seed-42/run-20260412-143138/config/squeeze_net_tosa_seed-42_ablation.yaml,train,epoch,train,thresholded_partition,threshold,1215,1215.0,0,1215,False,False,4040.702392578125,3600.078878792259,4234.628257554884,nan,nan,False,147,7281.561882059608,4831.909135635894,0.45324999999999993,0.514,4066938.25,0.5050746202468872,nan,queue,queue,per_epoch_trace
squeeze_net_tosa,inputs/task_graph_topology/soda-benchmark-graphs/pytorch-graphs/squeeze_net_tosa.dot,/qfs/people/dass304/dass304/HWSWpartition/hw-sw-partition-metaheur/BatchExperiments/Ablation/diff_gnn_order_lssp_trace/squeeze_net_tosa/seed-42/run-20260412-143138/config/squeeze_net_tosa_seed-42_ablation.yaml,train,epoch,train,thresholded_partition,threshold,1216,1216.0,0,1216,False,False,3961.28173828125,3310.7625035015094,3824.953828012523,nan,nan,False,150,7433.97272092916,4831.909135635894,0.4528,0.5136000000000001,4073177.0,0.5105554461479187,nan,queue,queue,per_epoch_trace
squeeze_net_tosa,inputs/task_graph_topology/soda-benchmark-graphs/pytorch-graphs/squeeze_net_tosa.dot,/qfs/people/dass304/dass304/HWSWpartition/hw-sw-partition-metaheur/BatchExperiments/Ablation/diff_gnn_order_lssp_trace/squeeze_net_tosa/seed-42/run-20260412-143138/config/squeeze_net_tosa_seed-42_ablation.yaml,train,epoch,train,thresholded_partition,threshold,1217,1217.0,0,1217,False,False,3776.034423828125,3047.2028590918894,3248.2209557641404,nan,nan,False,149,7432.043076767445,4831.909135635894,0.4523499999999999,0.5131999999999999,3914824.5,0.5117601156234741,nan,queue,queue,per_epoch_trace
squeeze_net_tosa,inputs/task_graph_topology/soda-benchmark-graphs/pytorch-graphs/squeeze_net_tosa.dot,/qfs/people/dass304/dass304/HWSWpartition/hw-sw-partition-metaheur/BatchExperiments/Ablation/diff_gnn_order_lssp_trace/squeeze_net_tosa/seed-42/run-20260412-143138/config/squeeze_net_tosa_seed-42_ablation.yaml,train,epoch,train,thresholded_partition,threshold,1218,1218.0,0,1218,False,False,3993.08251953125,3159.1511837859666,3702.3979996586936,nan,nan,False,147,7339.907530572245,4831.909135635894,0.45189999999999997,0.5127999999999999,4258618.0,0.5162802934646606,nan,queue,queue,per_epoch_trace
squeeze_net_tosa,inputs/task_graph_topology/soda-benchmark-graphs/pytorch-graphs/squeeze_net_tosa.dot,/qfs/people/dass304/dass304/HWSWpartition/hw-sw-partition-metaheur/BatchExperiments/Ablation/diff_gnn_order_lssp_trace/squeeze_net_tosa/seed-42/run-20260412-143138/config/squeeze_net_tosa_seed-42_ablation.yaml,train,epoch,train,thresholded_partition,threshold,1219,1219.0,0,1219,False,False,4118.615234375,3047.2028590918894,3324.1623811663044,nan,nan,False,149,7432.043076767445,4831.909135635894,0.4514499999999999,0.5124,4141312.75,0.5047129988670349,nan,queue,queue,per_epoch_trace
squeeze_net_tosa,inputs/task_graph_topology/soda-benchmark-graphs/pytorch-graphs/squeeze_net_tosa.dot,/qfs/people/dass304/dass304/HWSWpartition/hw-sw-partition-metaheur/BatchExperiments/Ablation/diff_gnn_order_lssp_trace/squeeze_net_tosa/seed-42/run-20260412-143138/config/squeeze_net_tosa_seed-42_ablation.yaml,train,epoch,train,thresholded_partition,threshold,1220,1220.0,0,1220,False,False,3878.59033203125,3110.3973200193964,3415.5300867258334,nan,nan,False,150,7467.800802688729,4831.909135635894,0.45099999999999996,0.512,4052995.25,0.5131883025169373,nan,queue,queue,per_epoch_trace
squeeze_net_tosa,inputs/task_graph_topology/soda-benchmark-graphs/pytorch-graphs/squeeze_net_tosa.dot,/qfs/people/dass304/dass304/HWSWpartition/hw-sw-partition-metaheur/BatchExperiments/Ablation/diff_gnn_order_lssp_trace/squeeze_net_tosa/seed-42/run-20260412-143138/config/squeeze_net_tosa_seed-42_ablation.yaml,train,epoch,train,thresholded_partition,threshold,1221,1221.0,0,1221,False,False,4017.433349609375,3068.7967199170494,3452.8751151898155,nan,nan,False,151,7519.39199024194,4831.909135635894,0.4505499999999999,0.5115999999999999,4021603.25,0.49807998538017273,nan,queue,queue,per_epoch_trace
squeeze_net_tosa,inputs/task_graph_topology/soda-benchmark-graphs/pytorch-graphs/squeeze_net_tosa.dot,/qfs/people/dass304/dass304/HWSWpartition/hw-sw-partition-metaheur/BatchExperiments/Ablation/diff_gnn_order_lssp_trace/squeeze_net_tosa/seed-42/run-20260412-143138/config/squeeze_net_tosa_seed-42_ablation.yaml,train,epoch,train,thresholded_partition,threshold,1222,1222.0,0,1222,False,False,4116.119140625,3298.049084473571,3743.11425714804,nan,nan,False,147,7353.990880333806,4831.909135635894,0.45009999999999994,0.5112,4142869.5,0.5051244497299194,nan,queue,queue,per_epoch_trace
squeeze_net_tosa,inputs/task_graph_topology/soda-benchmark-graphs/pytorch-graphs/squeeze_net_tosa.dot,/qfs/people/dass304/dass304/HWSWpartition/hw-sw-partition-metaheur/BatchExperiments/Ablation/diff_gnn_order_lssp_trace/squeeze_net_tosa/seed-42/run-20260412-143138/config/squeeze_net_tosa_seed-42_ablation.yaml,train,epoch,train,thresholded_partition,threshold,1223,1223.0,0,1223,False,False,4111.845703125,3164.449222363836,3315.689913336499,nan,nan,False,149,7414.873657047375,4831.909135635894,0.44965,0.5107999999999999,4114474.5,0.49853602051734924,nan,queue,queue,per_epoch_trace
squeeze_net_tosa,inputs/task_graph_topology/soda-benchmark-graphs/pytorch-graphs/squeeze_net_tosa.dot,/qfs/people/dass304/dass304/HWSWpartition/hw-sw-partition-metaheur/BatchExperiments/Ablation/diff_gnn_order_lssp_trace/squeeze_net_tosa/seed-42/run-20260412-143138/config/squeeze_net_tosa_seed-42_ablation.yaml,train,epoch,train,thresholded_partition,threshold,1224,1224.0,0,1224,False,False,3990.78173828125,3676.8491372619633,3711.9063914321937,nan,nan,False,145,7317.166748052189,4831.909135635894,0.44920000000000004,0.5104,3995571.0,0.5020700693130493,nan,queue,queue,per_epoch_trace
squeeze_net_tosa,inputs/task_graph_topology/soda-benchmark-graphs/pytorch-graphs/squeeze_net_tosa.dot,/qfs/people/dass304/dass304/HWSWpartition/hw-sw-partition-metaheur/BatchExperiments/Ablation/diff_gnn_order_lssp_trace/squeeze_net_tosa/seed-42/run-20260412-143138/config/squeeze_net_tosa_seed-42_ablation.yaml,train,epoch,train,thresholded_partition,threshold,1225,1225.0,0,1225,False,False,4148.1806640625,3732.6682228409804,3936.2509765493664,nan,nan,False,148,7352.168671276974,4831.909135635894,0.44875,0.51,4149224.5,0.5007240176200867,nan,queue,queue,per_epoch_trace
squeeze_net_tosa,inputs/task_graph_topology/soda-benchmark-graphs/pytorch-graphs/squeeze_net_tosa.dot,/qfs/people/dass304/dass304/HWSWpartition/hw-sw-partition-metaheur/BatchExperiments/Ablation/diff_gnn_order_lssp_trace/squeeze_net_tosa/seed-42/run-20260412-143138/config/squeeze_net_tosa_seed-42_ablation.yaml,train,epoch,train,thresholded_partition,threshold,1226,1226.0,0,1226,False,False,3946.679443359375,4044.3218131892477,4521.041223612359,nan,nan,False,147,7269.491690239209,4831.909135635894,0.44830000000000003,0.5096,4037321.0,0.5094941854476929,nan,queue,queue,per_epoch_trace
squeeze_net_tosa,inputs/task_graph_topology/soda-benchmark-graphs/pytorch-graphs/squeeze_net_tosa.dot,/qfs/people/dass304/dass304/HWSWpartition/hw-sw-partition-metaheur/BatchExperiments/Ablation/diff_gnn_order_lssp_trace/squeeze_net_tosa/seed-42/run-20260412-143138/config/squeeze_net_tosa_seed-42_ablation.yaml,train,epoch,train,thresholded_partition,threshold,1227,1227.0,0,1227,False,False,3829.09423828125,3443.6747268275044,3865.1376693857396,nan,nan,False,147,7276.215755730142,4831.909135635894,0.44784999999999997,0.5091999999999999,4063840.0,0.51530522108078,nan,queue,queue,per_epoch_trace
squeeze_net_tosa,inputs/task_graph_topology/soda-benchmark-graphs/pytorch-graphs/squeeze_net_tosa.dot,/qfs/people/dass304/dass304/HWSWpartition/hw-sw-partition-metaheur/BatchExperiments/Ablation/diff_gnn_order_lssp_trace/squeeze_net_tosa/seed-42/run-20260412-143138/config/squeeze_net_tosa_seed-42_ablation.yaml,train,epoch,train,thresholded_partition,threshold,1228,1228.0,0,1228,False,False,4026.870361328125,3386.518804961723,3917.4610631891424,nan,nan,False,148,7305.295892611648,4831.909135635894,0.4474,0.5087999999999999,4027573.5,0.5004542469978333,nan,queue,queue,per_epoch_trace
squeeze_net_tosa,inputs/task_graph_topology/soda-benchmark-graphs/pytorch-graphs/squeeze_net_tosa.dot,/qfs/people/dass304/dass304/HWSWpartition/hw-sw-partition-metaheur/BatchExperiments/Ablation/diff_gnn_order_lssp_trace/squeeze_net_tosa/seed-42/run-20260412-143138/config/squeeze_net_tosa_seed-42_ablation.yaml,train,epoch,train,thresholded_partition,threshold,1229,1229.0,0,1229,False,False,3886.385986328125,3493.0661977981895,3946.1362508252582,nan,nan,False,148,7416.649389653051,4831.909135635894,0.44694999999999996,0.5084,4027529.25,0.5118597745895386,nan,queue,queue,per_epoch_trace
squeeze_net_tosa,inputs/task_graph_topology/soda-benchmark-graphs/pytorch-graphs/squeeze_net_tosa.dot,/qfs/people/dass304/dass304/HWSWpartition/hw-sw-partition-metaheur/BatchExperiments/Ablation/diff_gnn_order_lssp_trace/squeeze_net_tosa/seed-42/run-20260412-143138/config/squeeze_net_tosa_seed-42_ablation.yaml,train,epoch,train,thresholded_partition,threshold,1230,1230.0,0,1230,False,False,3926.745361328125,3247.4793788424654,3384.074776066897,nan,nan,False,148,7427.087180666922,4831.909135635894,0.4465,0.508,3930992.0,0.5019358992576599,nan,queue,queue,per_epoch_trace
squeeze_net_tosa,inputs/task_graph_topology/soda-benchmark-graphs/pytorch-graphs/squeeze_net_tosa.dot,/qfs/people/dass304/dass304/HWSWpartition/hw-sw-partition-metaheur/BatchExperiments/Ablation/diff_gnn_order_lssp_trace/squeeze_net_tosa/seed-42/run-20260412-143138/config/squeeze_net_tosa_seed-42_ablation.yaml,train,epoch,train,thresholded_partition,threshold,1231,1231.0,0,1231,False,False,3916.43359375,3125.925360872055,3588.7676063981776,nan,nan,False,149,7451.013063490612,4831.909135635894,0.44604999999999995,0.5075999999999999,4090941.5,0.5131916403770447,nan,queue,queue,per_epoch_trace
squeeze_net_tosa,inputs/task_graph_topology/soda-benchmark-graphs/pytorch-graphs/squeeze_net_tosa.dot,/qfs/people/dass304/dass304/HWSWpartition/hw-sw-partition-metaheur/BatchExperiments/Ablation/diff_gnn_order_lssp_trace/squeeze_net_tosa/seed-42/run-20260412-143138/config/squeeze_net_tosa_seed-42_ablation.yaml,train,epoch,train,thresholded_partition,threshold,1232,1232.0,0,1232,False,False,4197.88232421875,3433.8102690657815,3892.489020404704,nan,nan,False,151,7558.075275951508,4831.909135635894,0.4456,0.5072,4378019.0,0.5134032964706421,nan,queue,queue,per_epoch_trace
squeeze_net_tosa,inputs/task_graph_topology/soda-benchmark-graphs/pytorch-graphs/squeeze_net_tosa.dot,/qfs/people/dass304/dass304/HWSWpartition/hw-sw-partition-metaheur/BatchExperiments/Ablation/diff_gnn_order_lssp_trace/squeeze_net_tosa/seed-42/run-20260412-143138/config/squeeze_net_tosa_seed-42_ablation.yaml,train,epoch,train,thresholded_partition,threshold,1233,1233.0,0,1233,False,False,3898.411376953125,3077.008994732227,3302.662768055325,nan,nan,False,150,7500.713776440866,4831.909135635894,0.44514999999999993,0.5067999999999999,3926387.5,0.5052432417869568,nan,queue,queue,per_epoch_trace
squeeze_net_tosa,inputs/task_graph_topology/soda-benchmark-graphs/pytorch-graphs/squeeze_net_tosa.dot,/qfs/people/dass304/dass304/HWSWpartition/hw-sw-partition-metaheur/BatchExperiments/Ablation/diff_gnn_order_lssp_trace/squeeze_net_tosa/seed-42/run-20260412-143138/config/squeeze_net_tosa_seed-42_ablation.yaml,train,epoch,train,thresholded_partition,threshold,1234,1234.0,0,1234,False,False,4211.546875,2667.9129491848594,2951.3517497743665,nan,nan,False,155,7698.253751225,4831.909135635894,0.4447,0.5064,4223853.0,0.5034401416778564,nan,queue,queue,per_epoch_trace
squeeze_net_tosa,inputs/task_graph_topology/soda-benchmark-graphs/pytorch-graphs/squeeze_net_tosa.dot,/qfs/people/dass304/dass304/HWSWpartition/hw-sw-partition-metaheur/BatchExperiments/Ablation/diff_gnn_order_lssp_trace/squeeze_net_tosa/seed-42/run-20260412-143138/config/squeeze_net_tosa_seed-42_ablation.yaml,train,epoch,train,thresholded_partition,threshold,1235,1235.0,0,1235,False,False,3957.51220703125,3010.3296714525145,3122.0473091865583,nan,nan,False,150,7503.402992491025,4831.909135635894,0.4442499999999999,0.506,4040465.25,0.5090819597244263,nan,queue,queue,per_epoch_trace
squeeze_net_tosa,inputs/task_graph_topology/soda-benchmark-graphs/pytorch-graphs/squeeze_net_tosa.dot,/qfs/people/dass304/dass304/HWSWpartition/hw-sw-partition-metaheur/BatchExperiments/Ablation/diff_gnn_order_lssp_trace/squeeze_net_tosa/seed-42/run-20260412-143138/config/squeeze_net_tosa_seed-42_ablation.yaml,train,epoch,train,thresholded_partition,threshold,1236,1236.0,0,1236,False,False,4106.24560546875,3018.4654095332767,3274.1361985005155,nan,nan,False,151,7572.757382967608,4831.909135635894,0.4438,0.5056,4106962.0,0.5004861354827881,nan,queue,queue,per_epoch_trace
squeeze_net_tosa,inputs/task_graph_topology/soda-benchmark-graphs/pytorch-graphs/squeeze_net_tosa.dot,/qfs/people/dass304/dass304/HWSWpartition/hw-sw-partition-metaheur/BatchExperiments/Ablation/diff_gnn_order_lssp_trace/squeeze_net_tosa/seed-42/run-20260412-143138/config/squeeze_net_tosa_seed-42_ablation.yaml,train,epoch,train,thresholded_partition,threshold,1237,1237.0,0,1237,False,False,4090.232177734375,3557.0219820123334,3912.9042215199147,nan,nan,False,147,7406.876389028627,4831.909135635894,0.4433499999999999,0.5051999999999999,4090724.0,0.4999857544898987,nan,queue,queue,per_epoch_trace
squeeze_net_tosa,inputs/task_graph_topology/soda-benchmark-graphs/pytorch-graphs/squeeze_net_tosa.dot,/qfs/people/dass304/dass304/HWSWpartition/hw-sw-partition-metaheur/BatchExperiments/Ablation/diff_gnn_order_lssp_trace/squeeze_net_tosa/seed-42/run-20260412-143138/config/squeeze_net_tosa_seed-42_ablation.yaml,train,epoch,train,thresholded_partition,threshold,1238,1238.0,0,1238,False,False,4069.909423828125,3224.547214722031,3808.9944864967733,nan,nan,False,149,7393.825228055298,4831.909135635894,0.44289999999999996,0.5047999999999999,4092477.0,0.5046979784965515,nan,queue,queue,per_epoch_trace
squeeze_net_tosa,inputs/task_graph_topology/soda-benchmark-graphs/pytorch-graphs/squeeze_net_tosa.dot,/qfs/people/dass304/dass304/HWSWpartition/hw-sw-partition-metaheur/BatchExperiments/Ablation/diff_gnn_order_lssp_trace/squeeze_net_tosa/seed-42/run-20260412-143138/config/squeeze_net_tosa_seed-42_ablation.yaml,train,epoch,train,thresholded_partition,threshold,1239,1239.0,0,1239,False,False,4008.796875,2771.182054817306,3239.100217358982,nan,nan,False,151,7481.81840508218,4831.909135635894,0.4424499999999999,0.5044,4018746.75,0.5030761957168579,nan,queue,queue,per_epoch_trace
squeeze_net_tosa,inputs/task_graph_topology/soda-benchmark-graphs/pytorch-graphs/squeeze_net_tosa.dot,/qfs/people/dass304/dass304/HWSWpartition/hw-sw-partition-metaheur/BatchExperiments/Ablation/diff_gnn_order_lssp_trace/squeeze_net_tosa/seed-42/run-20260412-143138/config/squeeze_net_tosa_seed-42_ablation.yaml,train,epoch,train,thresholded_partition,threshold,1240,1240.0,0,1240,False,False,3801.67822265625,3234.343899165168,3462.0347459283244,nan,nan,False,149,7520.247657275123,4831.909135635894,0.44199999999999995,0.504,4324698.5,0.5228589773178101,nan,queue,queue,per_epoch_trace
squeeze_net_tosa,inputs/task_graph_topology/soda-benchmark-graphs/pytorch-graphs/squeeze_net_tosa.dot,/qfs/people/dass304/dass304/HWSWpartition/hw-sw-partition-metaheur/BatchExperiments/Ablation/diff_gnn_order_lssp_trace/squeeze_net_tosa/seed-42/run-20260412-143138/config/squeeze_net_tosa_seed-42_ablation.yaml,train,epoch,train,thresholded_partition,threshold,1241,1241.0,0,1241,False,False,4195.9970703125,3056.1784233196236,3056.1784233196236,nan,nan,False,151,7483.948923906586,4831.909135635894,0.4415499999999999,0.5035999999999999,4197128.0,0.499191015958786,nan,queue,queue,per_epoch_trace
squeeze_net_tosa,inputs/task_graph_topology/soda-benchmark-graphs/pytorch-graphs/squeeze_net_tosa.dot,/qfs/people/dass304/dass304/HWSWpartition/hw-sw-partition-metaheur/BatchExperiments/Ablation/diff_gnn_order_lssp_trace/squeeze_net_tosa/seed-42/run-20260412-143138/config/squeeze_net_tosa_seed-42_ablation.yaml,train,epoch,train,thresholded_partition,threshold,1242,1242.0,0,1242,False,False,4200.662109375,3076.5013601837695,3300.622120240721,nan,nan,False,150,7555.2750400861805,4831.909135635894,0.44109999999999994,0.5032,4205959.5,0.4978066086769104,nan,queue,queue,per_epoch_trace
squeeze_net_tosa,inputs/task_graph_topology/soda-benchmark-graphs/pytorch-graphs/squeeze_net_tosa.dot,/qfs/people/dass304/dass304/HWSWpartition/hw-sw-partition-metaheur/BatchExperiments/Ablation/diff_gnn_order_lssp_trace/squeeze_net_tosa/seed-42/run-20260412-143138/config/squeeze_net_tosa_seed-42_ablation.yaml,train,epoch,train,thresholded_partition,threshold,1243,1243.0,0,1243,False,False,3877.81298828125,3299.5144736776724,3365.6390529230252,nan,nan,False,150,7491.019238050093,4831.909135635894,0.44065,0.5027999999999999,3977007.75,0.509935200214386,nan,queue,queue,per_epoch_trace
squeeze_net_tosa,inputs/task_graph_topology/soda-benchmark-graphs/pytorch-graphs/squeeze_net_tosa.dot,/qfs/people/dass304/dass304/HWSWpartition/hw-sw-partition-metaheur/BatchExperiments/Ablation/diff_gnn_order_lssp_trace/squeeze_net_tosa/seed-42/run-20260412-143138/config/squeeze_net_tosa_seed-42_ablation.yaml,train,epoch,train,thresholded_partition,threshold,1244,1244.0,0,1244,False,False,3942.360107421875,3254.2777062176488,3661.042028866463,nan,nan,False,149,7369.70075446735,4831.909135635894,0.44020000000000004,0.5024,4155076.5,0.5145679712295532,nan,queue,queue,per_epoch_trace
squeeze_net_tosa,inputs/task_graph_topology/soda-benchmark-graphs/pytorch-graphs/squeeze_net_tosa.dot,/qfs/people/dass304/dass304/HWSWpartition/hw-sw-partition-metaheur/BatchExperiments/Ablation/diff_gnn_order_lssp_trace/squeeze_net_tosa/seed-42/run-20260412-143138/config/squeeze_net_tosa_seed-42_ablation.yaml,train,epoch,train,thresholded_partition,threshold,1245,1245.0,0,1245,False,False,3788.804443359375,3127.7468767180085,3219.208689974342,nan,nan,False,151,7591.1934425588015,4831.909135635894,0.43975,0.502,4088527.0,0.5172984004020691,nan,queue,queue,per_epoch_trace
squeeze_net_tosa,inputs/task_graph_topology/soda-benchmark-graphs/pytorch-graphs/squeeze_net_tosa.dot,/qfs/people/dass304/dass304/HWSWpartition/hw-sw-partition-metaheur/BatchExperiments/Ablation/diff_gnn_order_lssp_trace/squeeze_net_tosa/seed-42/run-20260412-143138/config/squeeze_net_tosa_seed-42_ablation.yaml,train,epoch,train,thresholded_partition,threshold,1246,1246.0,0,1246,False,False,4017.264892578125,3142.4820767887,3615.503872167266,nan,nan,False,150,7522.218380236169,4831.909135635894,0.4393,0.5016,4050971.5,0.5057648420333862,nan,queue,queue,per_epoch_trace
squeeze_net_tosa,inputs/task_graph_topology/soda-benchmark-graphs/pytorch-graphs/squeeze_net_tosa.dot,/qfs/people/dass304/dass304/HWSWpartition/hw-sw-partition-metaheur/BatchExperiments/Ablation/diff_gnn_order_lssp_trace/squeeze_net_tosa/seed-42/run-20260412-143138/config/squeeze_net_tosa_seed-42_ablation.yaml,train,epoch,train,thresholded_partition,threshold,1247,1247.0,0,1247,False,False,4099.1103515625,2812.387444787903,3142.1417560666746,nan,nan,False,151,7533.0153188717795,4831.909135635894,0.43884999999999996,0.5011999999999999,4124765.5,0.4949817359447479,nan,queue,queue,per_epoch_trace
squeeze_net_tosa,inputs/task_graph_topology/soda-benchmark-graphs/pytorch-graphs/squeeze_net_tosa.dot,/qfs/people/dass304/dass304/HWSWpartition/hw-sw-partition-metaheur/BatchExperiments/Ablation/diff_gnn_order_lssp_trace/squeeze_net_tosa/seed-42/run-20260412-143138/config/squeeze_net_tosa_seed-42_ablation.yaml,train,epoch,train,thresholded_partition,threshold,1248,1248.0,0,1248,False,False,4093.402099609375,3299.5144736776724,3877.3716405176588,nan,nan,False,150,7491.019238050093,4831.909135635894,0.4384,0.5007999999999999,4096912.0,0.5017431378364563,nan,queue,queue,per_epoch_trace
squeeze_net_tosa,inputs/task_graph_topology/soda-benchmark-graphs/pytorch-graphs/squeeze_net_tosa.dot,/qfs/people/dass304/dass304/HWSWpartition/hw-sw-partition-metaheur/BatchExperiments/Ablation/diff_gnn_order_lssp_trace/squeeze_net_tosa/seed-42/run-20260412-143138/config/squeeze_net_tosa_seed-42_ablation.yaml,train,epoch,train,thresholded_partition,threshold,1249,1249.0,0,1249,False,False,4022.005859375,3382.852960247073,3801.4557239994906,nan,nan,False,148,7358.364526601682,4831.909135635894,0.43794999999999995,0.5004,4024742.25,0.49850282073020935,nan,queue,queue,per_epoch_trace
squeeze_net_tosa,inputs/task_graph_topology/soda-benchmark-graphs/pytorch-graphs/squeeze_net_tosa.dot,/qfs/people/dass304/dass304/HWSWpartition/hw-sw-partition-metaheur/BatchExperiments/Ablation/diff_gnn_order_lssp_trace/squeeze_net_tosa/seed-42/run-20260412-143138/config/squeeze_net_tosa_seed-42_ablation.yaml,train,epoch,train,thresholded_partition,threshold,1250,1250.0,0,1250,False,False,3850.157470703125,3423.77273373029,3709.9258746761893,nan,nan,False,145,7288.927774340258,4831.909135635894,0.4375,0.5,3972060.5,0.5110182762145996,nan,queue,queue,per_epoch_trace
squeeze_net_tosa,inputs/task_graph_topology/soda-benchmark-graphs/pytorch-graphs/squeeze_net_tosa.dot,/qfs/people/dass304/dass304/HWSWpartition/hw-sw-partition-metaheur/BatchExperiments/Ablation/diff_gnn_order_lssp_trace/squeeze_net_tosa/seed-42/run-20260412-143138/config/squeeze_net_tosa_seed-42_ablation.yaml,train,epoch,train,thresholded_partition,threshold,1251,1251.0,0,1251,False,False,4116.5595703125,3885.3967396533935,4353.77413752272,nan,nan,False,145,7200.838928703433,4831.909135635894,0.43705000000000005,0.49960000000000004,4152989.0,0.4940063953399658,nan,queue,queue,per_epoch_trace
squeeze_net_tosa,inputs/task_graph_topology/soda-benchmark-graphs/pytorch-graphs/squeeze_net_tosa.dot,/qfs/people/dass304/dass304/HWSWpartition/hw-sw-partition-metaheur/BatchExperiments/Ablation/diff_gnn_order_lssp_trace/squeeze_net_tosa/seed-42/run-20260412-143138/config/squeeze_net_tosa_seed-42_ablation.yaml,train,epoch,train,thresholded_partition,threshold,1252,1252.0,0,1252,False,False,4162.21142578125,3650.2034520393872,4056.7333794180895,nan,nan,False,145,7216.408316721737,4831.909135635894,0.4366,0.4992,4273803.5,0.510539174079895,nan,queue,queue,per_epoch_trace
squeeze_net_tosa,inputs/task_graph_topology/soda-benchmark-graphs/pytorch-graphs/squeeze_net_tosa.dot,/qfs/people/dass304/dass304/HWSWpartition/hw-sw-partition-metaheur/BatchExperiments/Ablation/diff_gnn_order_lssp_trace/squeeze_net_tosa/seed-42/run-20260412-143138/config/squeeze_net_tosa_seed-42_ablation.yaml,train,epoch,train,thresholded_partition,threshold,1253,1253.0,0,1253,False,False,3940.92041015625,3521.555335246843,3746.1644169112183,nan,nan,False,145,7297.703893638534,4831.909135635894,0.43615000000000004,0.4988,3975090.5,0.5058020949363708,nan,queue,queue,per_epoch_trace
squeeze_net_tosa,inputs/task_graph_topology/soda-benchmark-graphs/pytorch-graphs/squeeze_net_tosa.dot,/qfs/people/dass304/dass304/HWSWpartition/hw-sw-partition-metaheur/BatchExperiments/Ablation/diff_gnn_order_lssp_trace/squeeze_net_tosa/seed-42/run-20260412-143138/config/squeeze_net_tosa_seed-42_ablation.yaml,train,epoch,train,thresholded_partition,threshold,1254,1254.0,0,1254,False,False,3917.281982421875,3744.013986499927,4365.591548870192,nan,nan,False,145,7250.739689522977,4831.909135635894,0.4357,0.49839999999999995,4028516.0,0.5105226635932922,nan,queue,queue,per_epoch_trace
squeeze_net_tosa,inputs/task_graph_topology/soda-benchmark-graphs/pytorch-graphs/squeeze_net_tosa.dot,/qfs/people/dass304/dass304/HWSWpartition/hw-sw-partition-metaheur/BatchExperiments/Ablation/diff_gnn_order_lssp_trace/squeeze_net_tosa/seed-42/run-20260412-143138/config/squeeze_net_tosa_seed-42_ablation.yaml,train,epoch,train,thresholded_partition,threshold,1255,1255.0,0,1255,False,False,3816.408935546875,3302.4696217296773,3407.4726916179884,nan,nan,False,149,7418.419748137606,4831.909135635894,0.43525,0.498,4046534.25,0.5151540637016296,nan,queue,queue,per_epoch_trace
squeeze_net_tosa,inputs/task_graph_topology/soda-benchmark-graphs/pytorch-graphs/squeeze_net_tosa.dot,/qfs/people/dass304/dass304/HWSWpartition/hw-sw-partition-metaheur/BatchExperiments/Ablation/diff_gnn_order_lssp_trace/squeeze_net_tosa/seed-42/run-20260412-143138/config/squeeze_net_tosa_seed-42_ablation.yaml,train,epoch,train,thresholded_partition,threshold,1256,1256.0,0,1256,False,False,3910.34765625,3475.807828565497,3849.3677825324553,nan,nan,False,148,7371.538045524502,4831.909135635894,0.43479999999999996,0.49759999999999993,3954412.5,0.5066013336181641,nan,queue,queue,per_epoch_trace
squeeze_net_tosa,inputs/task_graph_topology/soda-benchmark-graphs/pytorch-graphs/squeeze_net_tosa.dot,/qfs/people/dass304/dass304/HWSWpartition/hw-sw-partition-metaheur/BatchExperiments/Ablation/diff_gnn_order_lssp_trace/squeeze_net_tosa/seed-42/run-20260412-143138/config/squeeze_net_tosa_seed-42_ablation.yaml,train,epoch,train,thresholded_partition,threshold,1257,1257.0,0,1257,False,False,3991.501708984375,2812.387444787903,3198.8497158541454,nan,nan,False,151,7533.0153188717795,4831.909135635894,0.43435,0.4972,4014436.0,0.5047391057014465,nan,queue,queue,per_epoch_trace
squeeze_net_tosa,inputs/task_graph_topology/soda-benchmark-graphs/pytorch-graphs/squeeze_net_tosa.dot,/qfs/people/dass304/dass304/HWSWpartition/hw-sw-partition-metaheur/BatchExperiments/Ablation/diff_gnn_order_lssp_trace/squeeze_net_tosa/seed-42/run-20260412-143138/config/squeeze_net_tosa_seed-42_ablation.yaml,train,epoch,train,thresholded_partition,threshold,1258,1258.0,0,1258,False,False,4004.175537109375,3505.663390652057,3885.387002941567,nan,nan,False,146,7329.000399992608,4831.909135635894,0.43389999999999995,0.4968,4006013.25,0.5011645555496216,nan,queue,queue,per_epoch_trace
squeeze_net_tosa,inputs/task_graph_topology/soda-benchmark-graphs/pytorch-graphs/squeeze_net_tosa.dot,/qfs/people/dass304/dass304/HWSWpartition/hw-sw-partition-metaheur/BatchExperiments/Ablation/diff_gnn_order_lssp_trace/squeeze_net_tosa/seed-42/run-20260412-143138/config/squeeze_net_tosa_seed-42_ablation.yaml,train,epoch,train,thresholded_partition,threshold,1259,1259.0,0,1259,False,False,4062.232177734375,3341.378397920536,3808.9173998665387,nan,nan,False,148,7411.7784985184435,4831.909135635894,0.43345,0.49640000000000006,4065091.5,0.5015422701835632,nan,queue,queue,per_epoch_trace
squeeze_net_tosa,inputs/task_graph_topology/soda-benchmark-graphs/pytorch-graphs/squeeze_net_tosa.dot,/qfs/people/dass304/dass304/HWSWpartition/hw-sw-partition-metaheur/BatchExperiments/Ablation/diff_gnn_order_lssp_trace/squeeze_net_tosa/seed-42/run-20260412-143138/config/squeeze_net_tosa_seed-42_ablation.yaml,train,epoch,train,thresholded_partition,threshold,1260,1260.0,0,1260,False,False,4083.832763671875,3260.5397903013695,3468.6025649507533,nan,nan,False,151,7617.887944737194,4831.909135635894,0.43299999999999994,0.496,4114379.25,0.505484402179718,nan,queue,queue,per_epoch_trace
squeeze_net_tosa,inputs/task_graph_topology/soda-benchmark-graphs/pytorch-graphs/squeeze_net_tosa.dot,/qfs/people/dass304/dass304/HWSWpartition/hw-sw-partition-metaheur/BatchExperiments/Ablation/diff_gnn_order_lssp_trace/squeeze_net_tosa/seed-42/run-20260412-143138/config/squeeze_net_tosa_seed-42_ablation.yaml,train,epoch,train,thresholded_partition,threshold,1261,1261.0,0,1261,False,False,3953.596923828125,3715.699103721257,3773.731955234253,nan,nan,False,146,7198.72048937845,4831.909135635894,0.43255,0.49560000000000004,3999935.5,0.506770670413971,nan,queue,queue,per_epoch_trace
squeeze_net_tosa,inputs/task_graph_topology/soda-benchmark-graphs/pytorch-graphs/squeeze_net_tosa.dot,/qfs/people/dass304/dass304/HWSWpartition/hw-sw-partition-metaheur/BatchExperiments/Ablation/diff_gnn_order_lssp_trace/squeeze_net_tosa/seed-42/run-20260412-143138/config/squeeze_net_tosa_seed-42_ablation.yaml,train,epoch,train,thresholded_partition,threshold,1262,1262.0,0,1262,False,False,3918.73681640625,3607.163367557698,3929.5571922007052,nan,nan,False,145,7229.052156367124,4831.909135635894,0.43209999999999993,0.4952,3974917.25,0.5074621438980103,nan,queue,queue,per_epoch_trace
squeeze_net_tosa,inputs/task_graph_topology/soda-benchmark-graphs/pytorch-graphs/squeeze_net_tosa.dot,/qfs/people/dass304/dass304/HWSWpartition/hw-sw-partition-metaheur/BatchExperiments/Ablation/diff_gnn_order_lssp_trace/squeeze_net_tosa/seed-42/run-20260412-143138/config/squeeze_net_tosa_seed-42_ablation.yaml,train,epoch,train,thresholded_partition,threshold,1263,1263.0,0,1263,False,False,3934.12158203125,3450.0267618680055,3982.995297118724,nan,nan,False,149,7478.227773842718,4831.909135635894,0.43165,0.4948,4044030.25,0.5104601383209229,nan,queue,queue,per_epoch_trace
squeeze_net_tosa,inputs/task_graph_topology/soda-benchmark-graphs/pytorch-graphs/squeeze_net_tosa.dot,/qfs/people/dass304/dass304/HWSWpartition/hw-sw-partition-metaheur/BatchExperiments/Ablation/diff_gnn_order_lssp_trace/squeeze_net_tosa/seed-42/run-20260412-143138/config/squeeze_net_tosa_seed-42_ablation.yaml,train,epoch,train,thresholded_partition,threshold,1264,1264.0,0,1264,False,False,3942.68798828125,3346.4335197027854,3525.0877577281603,nan,nan,False,146,7333.49286153937,4831.909135635894,0.4312,0.49439999999999995,4130472.0,0.5136851668357849,nan,queue,queue,per_epoch_trace
squeeze_net_tosa,inputs/task_graph_topology/soda-benchmark-graphs/pytorch-graphs/squeeze_net_tosa.dot,/qfs/people/dass304/dass304/HWSWpartition/hw-sw-partition-metaheur/BatchExperiments/Ablation/diff_gnn_order_lssp_trace/squeeze_net_tosa/seed-42/run-20260412-143138/config/squeeze_net_tosa_seed-42_ablation.yaml,train,epoch,train,thresholded_partition,threshold,1265,1265.0,0,1265,False,False,3748.55712890625,3520.584598131029,4155.133976893653,nan,nan,False,148,7363.967687730546,4831.909135635894,0.4307500000000001,0.494,3864685.75,0.5107532143592834,nan,queue,queue,per_epoch_trace
squeeze_net_tosa,inputs/task_graph_topology/soda-benchmark-graphs/pytorch-graphs/squeeze_net_tosa.dot,/qfs/people/dass304/dass304/HWSWpartition/hw-sw-partition-metaheur/BatchExperiments/Ablation/diff_gnn_order_lssp_trace/squeeze_net_tosa/seed-42/run-20260412-143138/config/squeeze_net_tosa_seed-42_ablation.yaml,train,epoch,train,thresholded_partition,threshold,1266,1266.0,0,1266,False,False,3807.86767578125,3429.070772308159,3444.7569293234533,nan,nan,False,147,7363.8939008153875,4831.909135635894,0.4303,0.4935999999999999,3988021.5,0.5134032964706421,nan,queue,queue,per_epoch_trace
squeeze_net_tosa,inputs/task_graph_topology/soda-benchmark-graphs/pytorch-graphs/squeeze_net_tosa.dot,/qfs/people/dass304/dass304/HWSWpartition/hw-sw-partition-metaheur/BatchExperiments/Ablation/diff_gnn_order_lssp_trace/squeeze_net_tosa/seed-42/run-20260412-143138/config/squeeze_net_tosa_seed-42_ablation.yaml,train,epoch,train,thresholded_partition,threshold,1267,1267.0,0,1267,False,False,3883.43994140625,3212.0455022539513,3614.3843172887287,nan,nan,False,149,7473.5793701794555,4831.909135635894,0.42985000000000007,0.49319999999999997,3918793.5,0.5059042572975159,nan,queue,queue,per_epoch_trace
squeeze_net_tosa,inputs/task_graph_topology/soda-benchmark-graphs/pytorch-graphs/squeeze_net_tosa.dot,/qfs/people/dass304/dass304/HWSWpartition/hw-sw-partition-metaheur/BatchExperiments/Ablation/diff_gnn_order_lssp_trace/squeeze_net_tosa/seed-42/run-20260412-143138/config/squeeze_net_tosa_seed-42_ablation.yaml,train,epoch,train,thresholded_partition,threshold,1268,1268.0,0,1268,False,False,3916.157958984375,3543.78038548191,3612.2697120155403,nan,nan,False,145,7286.715293231061,4831.909135635894,0.4294,0.4928,4034993.0,0.5108786821365356,nan,queue,queue,per_epoch_trace
squeeze_net_tosa,inputs/task_graph_topology/soda-benchmark-graphs/pytorch-graphs/squeeze_net_tosa.dot,/qfs/people/dass304/dass304/HWSWpartition/hw-sw-partition-metaheur/BatchExperiments/Ablation/diff_gnn_order_lssp_trace/squeeze_net_tosa/seed-42/run-20260412-143138/config/squeeze_net_tosa_seed-42_ablation.yaml,train,epoch,train,thresholded_partition,threshold,1269,1269.0,0,1269,False,False,3943.674560546875,3182.2369858749594,3860.4130618332388,nan,nan,False,150,7383.348089045287,4831.909135635894,0.42895000000000005,0.49240000000000006,3952396.25,0.5028702020645142,nan,queue,queue,per_epoch_trace
squeeze_net_tosa,inputs/task_graph_topology/soda-benchmark-graphs/pytorch-graphs/squeeze_net_tosa.dot,/qfs/people/dass304/dass304/HWSWpartition/hw-sw-partition-metaheur/BatchExperiments/Ablation/diff_gnn_order_lssp_trace/squeeze_net_tosa/seed-42/run-20260412-143138/config/squeeze_net_tosa_seed-42_ablation.yaml,train,epoch,train,thresholded_partition,threshold,1270,1270.0,0,1270,False,False,3951.61962890625,3552.7135614039275,3619.763081796635,nan,nan,False,147,7349.098871851732,4831.909135635894,0.4285,0.492,3970838.25,0.504326581954956,nan,queue,queue,per_epoch_trace
squeeze_net_tosa,inputs/task_graph_topology/soda-benchmark-graphs/pytorch-graphs/squeeze_net_tosa.dot,/qfs/people/dass304/dass304/HWSWpartition/hw-sw-partition-metaheur/BatchExperiments/Ablation/diff_gnn_order_lssp_trace/squeeze_net_tosa/seed-42/run-20260412-143138/config/squeeze_net_tosa_seed-42_ablation.yaml,train,epoch,train,thresholded_partition,threshold,1271,1271.0,0,1271,False,False,3967.38134765625,3581.8950433410077,3847.393957421706,nan,nan,False,148,7323.912140352963,4831.909135635894,0.42805000000000004,0.49160000000000004,3968226.25,0.5005980134010315,nan,queue,queue,per_epoch_trace
squeeze_net_tosa,inputs/task_graph_topology/soda-benchmark-graphs/pytorch-graphs/squeeze_net_tosa.dot,/qfs/people/dass304/dass304/HWSWpartition/hw-sw-partition-metaheur/BatchExperiments/Ablation/diff_gnn_order_lssp_trace/squeeze_net_tosa/seed-42/run-20260412-143138/config/squeeze_net_tosa_seed-42_ablation.yaml,train,epoch,train,thresholded_partition,threshold,1272,1272.0,0,1272,False,False,3959.115234375,3536.0834533022294,3867.43050314068,nan,nan,False,147,7247.484607023018,4831.909135635894,0.4276,0.49119999999999997,3966046.75,0.5025336742401123,nan,queue,queue,per_epoch_trace
squeeze_net_tosa,inputs/task_graph_topology/soda-benchmark-graphs/pytorch-graphs/squeeze_net_tosa.dot,/qfs/people/dass304/dass304/HWSWpartition/hw-sw-partition-metaheur/BatchExperiments/Ablation/diff_gnn_order_lssp_trace/squeeze_net_tosa/seed-42/run-20260412-143138/config/squeeze_net_tosa_seed-42_ablation.yaml,train,epoch,train,thresholded_partition,threshold,1273,1273.0,0,1273,False,False,4040.55517578125,3913.488522552648,4364.597930927091,nan,nan,False,146,7200.903235133945,4831.909135635894,0.42715000000000003,0.4908,4041161.25,0.4996611475944519,nan,queue,queue,per_epoch_trace
squeeze_net_tosa,inputs/task_graph_topology/soda-benchmark-graphs/pytorch-graphs/squeeze_net_tosa.dot,/qfs/people/dass304/dass304/HWSWpartition/hw-sw-partition-metaheur/BatchExperiments/Ablation/diff_gnn_order_lssp_trace/squeeze_net_tosa/seed-42/run-20260412-143138/config/squeeze_net_tosa_seed-42_ablation.yaml,train,epoch,train,thresholded_partition,threshold,1274,1274.0,0,1274,False,False,3988.07421875,3495.8319568179336,3766.389958299243,nan,nan,False,148,7247.011029560279,4831.909135635894,0.42669999999999997,0.49039999999999995,4013596.75,0.5050011873245239,nan,queue,queue,per_epoch_trace
squeeze_net_tosa,inputs/task_graph_topology/soda-benchmark-graphs/pytorch-graphs/squeeze_net_tosa.dot,/qfs/people/dass304/dass304/HWSWpartition/hw-sw-partition-metaheur/BatchExperiments/Ablation/diff_gnn_order_lssp_trace/squeeze_net_tosa/seed-42/run-20260412-143138/config/squeeze_net_tosa_seed-42_ablation.yaml,train,epoch,train,thresholded_partition,threshold,1275,1275.0,0,1275,False,False,3835.60791015625,3174.677331924588,3671.3642086785353,nan,nan,False,150,7459.419883132847,4831.909135635894,0.42625,0.49,4023261.0,0.5136808156967163,nan,queue,queue,per_epoch_trace
squeeze_net_tosa,inputs/task_graph_topology/soda-benchmark-graphs/pytorch-graphs/squeeze_net_tosa.dot,/qfs/people/dass304/dass304/HWSWpartition/hw-sw-partition-metaheur/BatchExperiments/Ablation/diff_gnn_order_lssp_trace/squeeze_net_tosa/seed-42/run-20260412-143138/config/squeeze_net_tosa_seed-42_ablation.yaml,train,epoch,train,thresholded_partition,threshold,1276,1276.0,0,1276,False,False,3980.108642578125,3258.616911264375,3564.475098692498,nan,nan,False,148,7339.831393287198,4831.909135635894,0.42579999999999996,0.4895999999999999,4005053.75,0.5049459338188171,nan,queue,queue,per_epoch_trace
squeeze_net_tosa,inputs/task_graph_topology/soda-benchmark-graphs/pytorch-graphs/squeeze_net_tosa.dot,/qfs/people/dass304/dass304/HWSWpartition/hw-sw-partition-metaheur/BatchExperiments/Ablation/diff_gnn_order_lssp_trace/squeeze_net_tosa/seed-42/run-20260412-143138/config/squeeze_net_tosa_seed-42_ablation.yaml,train,epoch,train,thresholded_partition,threshold,1277,1277.0,0,1277,False,False,3712.44140625,3280.842636360066,3392.3442926775438,nan,nan,False,149,7458.852728092884,4831.909135635894,0.42535,0.48919999999999997,4524838.0,0.5284942388534546,nan,queue,queue,per_epoch_trace
squeeze_net_tosa,inputs/task_graph_topology/soda-benchmark-graphs/pytorch-graphs/squeeze_net_tosa.dot,/qfs/people/dass304/dass304/HWSWpartition/hw-sw-partition-metaheur/BatchExperiments/Ablation/diff_gnn_order_lssp_trace/squeeze_net_tosa/seed-42/run-20260412-143138/config/squeeze_net_tosa_seed-42_ablation.yaml,train,epoch,train,thresholded_partition,threshold,1278,1278.0,0,1278,False,False,3970.857421875,3204.793467138436,3373.3050094933783,nan,nan,False,148,7353.493306698707,4831.909135635894,0.42489999999999994,0.4888,4023017.5,0.5071892142295837,nan,queue,queue,per_epoch_trace
squeeze_net_tosa,inputs/task_graph_topology/soda-benchmark-graphs/pytorch-graphs/squeeze_net_tosa.dot,/qfs/people/dass304/dass304/HWSWpartition/hw-sw-partition-metaheur/BatchExperiments/Ablation/diff_gnn_order_lssp_trace/squeeze_net_tosa/seed-42/run-20260412-143138/config/squeeze_net_tosa_seed-42_ablation.yaml,train,epoch,train,thresholded_partition,threshold,1279,1279.0,0,1279,False,False,4022.88330078125,2902.4107068070766,3213.0526928646027,nan,nan,False,152,7630.3333377999,4831.909135635894,0.42445,0.48840000000000006,4023616.75,0.5005089044570923,nan,queue,queue,per_epoch_trace
squeeze_net_tosa,inputs/task_graph_topology/soda-benchmark-graphs/pytorch-graphs/squeeze_net_tosa.dot,/qfs/people/dass304/dass304/HWSWpartition/hw-sw-partition-metaheur/BatchExperiments/Ablation/diff_gnn_order_lssp_trace/squeeze_net_tosa/seed-42/run-20260412-143138/config/squeeze_net_tosa_seed-42_ablation.yaml,train,epoch,train,thresholded_partition,threshold,1280,1280.0,0,1280,False,False,4008.168701171875,3123.000097378667,3355.412459722698,nan,nan,False,150,7493.880110903941,4831.909135635894,0.42399999999999993,0.488,4008868.5,0.5004713535308838,nan,queue,queue,per_epoch_trace
squeeze_net_tosa,inputs/task_graph_topology/soda-benchmark-graphs/pytorch-graphs/squeeze_net_tosa.dot,/qfs/people/dass304/dass304/HWSWpartition/hw-sw-partition-metaheur/BatchExperiments/Ablation/diff_gnn_order_lssp_trace/squeeze_net_tosa/seed-42/run-20260412-143138/config/squeeze_net_tosa_seed-42_ablation.yaml,train,epoch,train,thresholded_partition,threshold,1281,1281.0,0,1281,False,False,4000.267578125,2956.277769108075,3271.074430968884,nan,nan,False,152,7583.611308022153,4831.909135635894,0.42355,0.48760000000000003,4012872.25,0.5034831762313843,nan,queue,queue,per_epoch_trace
squeeze_net_tosa,inputs/task_graph_topology/soda-benchmark-graphs/pytorch-graphs/squeeze_net_tosa.dot,/qfs/people/dass304/dass304/HWSWpartition/hw-sw-partition-metaheur/BatchExperiments/Ablation/diff_gnn_order_lssp_trace/squeeze_net_tosa/seed-42/run-20260412-143138/config/squeeze_net_tosa_seed-42_ablation.yaml,train,epoch,train,thresholded_partition,threshold,1282,1282.0,0,1282,False,False,3745.171630859375,3455.5154606224382,3952.2023373763855,nan,nan,False,148,7410.833417777526,4831.909135635894,0.4230999999999999,0.48719999999999997,4044864.75,0.517297089099884,nan,queue,queue,per_epoch_trace
squeeze_net_tosa,inputs/task_graph_topology/soda-benchmark-graphs/pytorch-graphs/squeeze_net_tosa.dot,/qfs/people/dass304/dass304/HWSWpartition/hw-sw-partition-metaheur/BatchExperiments/Ablation/diff_gnn_order_lssp_trace/squeeze_net_tosa/seed-42/run-20260412-143138/config/squeeze_net_tosa_seed-42_ablation.yaml,train,epoch,train,thresholded_partition,threshold,1283,1283.0,0,1283,False,False,3883.414794921875,3343.77672410311,3709.467168754363,nan,nan,False,149,7440.169599671129,4831.909135635894,0.42264999999999997,0.4868,3908455.25,0.5049548149108887,nan,queue,queue,per_epoch_trace
squeeze_net_tosa,inputs/task_graph_topology/soda-benchmark-graphs/pytorch-graphs/squeeze_net_tosa.dot,/qfs/people/dass304/dass304/HWSWpartition/hw-sw-partition-metaheur/BatchExperiments/Ablation/diff_gnn_order_lssp_trace/squeeze_net_tosa/seed-42/run-20260412-143138/config/squeeze_net_tosa_seed-42_ablation.yaml,train,epoch,train,thresholded_partition,threshold,1284,1284.0,0,1284,False,False,3943.819091796875,3506.0558296526306,3998.5481243052727,nan,nan,False,148,7350.321086986107,4831.909135635894,0.4222,0.48639999999999994,4074279.25,0.5114003419876099,nan,queue,queue,per_epoch_trace
squeeze_net_tosa,inputs/task_graph_topology/soda-benchmark-graphs/pytorch-graphs/squeeze_net_tosa.dot,/qfs/people/dass304/dass304/HWSWpartition/hw-sw-partition-metaheur/BatchExperiments/Ablation/diff_gnn_order_lssp_trace/squeeze_net_tosa/seed-42/run-20260412-143138/config/squeeze_net_tosa_seed-42_ablation.yaml,train,epoch,train,thresholded_partition,threshold,1285,1285.0,0,1285,False,False,4086.953857421875,3421.1731147540254,3421.1731147540245,nan,nan,False,148,7368.483930159222,4831.909135635894,0.42175000000000007,0.486,4095341.5,0.4971922039985657,nan,queue,queue,per_epoch_trace
squeeze_net_tosa,inputs/task_graph_topology/soda-benchmark-graphs/pytorch-graphs/squeeze_net_tosa.dot,/qfs/people/dass304/dass304/HWSWpartition/hw-sw-partition-metaheur/BatchExperiments/Ablation/diff_gnn_order_lssp_trace/squeeze_net_tosa/seed-42/run-20260412-143138/config/squeeze_net_tosa_seed-42_ablation.yaml,train,epoch,train,thresholded_partition,threshold,1286,1286.0,0,1286,False,False,3985.90478515625,3321.449958591736,3426.4070554010164,nan,nan,False,148,7391.028307076798,4831.909135635894,0.4213,0.4855999999999999,3990660.5,0.4979349672794342,nan,queue,queue,per_epoch_trace
squeeze_net_tosa,inputs/task_graph_topology/soda-benchmark-graphs/pytorch-graphs/squeeze_net_tosa.dot,/qfs/people/dass304/dass304/HWSWpartition/hw-sw-partition-metaheur/BatchExperiments/Ablation/diff_gnn_order_lssp_trace/squeeze_net_tosa/seed-42/run-20260412-143138/config/squeeze_net_tosa_seed-42_ablation.yaml,train,epoch,train,thresholded_partition,threshold,1287,1287.0,0,1287,False,False,3952.801513671875,3384.205899355217,3425.9885704606327,nan,nan,False,147,7323.140038528992,4831.909135635894,0.42085000000000006,0.48519999999999996,3984573.25,0.505592405796051,nan,queue,queue,per_epoch_trace
squeeze_net_tosa,inputs/task_graph_topology/soda-benchmark-graphs/pytorch-graphs/squeeze_net_tosa.dot,/qfs/people/dass304/dass304/HWSWpartition/hw-sw-partition-metaheur/BatchExperiments/Ablation/diff_gnn_order_lssp_trace/squeeze_net_tosa/seed-42/run-20260412-143138/config/squeeze_net_tosa_seed-42_ablation.yaml,train,epoch,train,thresholded_partition,threshold,1288,1288.0,0,1288,False,False,4007.174560546875,3318.580959264979,3379.690983138528,nan,nan,False,148,7322.465312331718,4831.909135635894,0.4204,0.4848,4025854.0,0.5042651295661926,nan,queue,queue,per_epoch_trace
squeeze_net_tosa,inputs/task_graph_topology/soda-benchmark-graphs/pytorch-graphs/squeeze_net_tosa.dot,/qfs/people/dass304/dass304/HWSWpartition/hw-sw-partition-metaheur/BatchExperiments/Ablation/diff_gnn_order_lssp_trace/squeeze_net_tosa/seed-42/run-20260412-143138/config/squeeze_net_tosa_seed-42_ablation.yaml,train,epoch,train,thresholded_partition,threshold,1289,1289.0,0,1289,False,False,4081.935302734375,3344.547821668469,3639.3005440761194,nan,nan,False,148,7311.274164952641,4831.909135635894,0.41995000000000005,0.48440000000000005,4082626.75,0.4995698928833008,nan,queue,queue,per_epoch_trace
squeeze_net_tosa,inputs/task_graph_topology/soda-benchmark-graphs/pytorch-graphs/squeeze_net_tosa.dot,/qfs/people/dass304/dass304/HWSWpartition/hw-sw-partition-metaheur/BatchExperiments/Ablation/diff_gnn_order_lssp_trace/squeeze_net_tosa/seed-42/run-20260412-143138/config/squeeze_net_tosa_seed-42_ablation.yaml,train,epoch,train,thresholded_partition,threshold,1290,1290.0,0,1290,False,False,4084.288818359375,3905.3678869315513,3920.338265722224,nan,nan,False,143,7024.953651644671,4831.909135635894,0.4195,0.484,4085934.0,0.49893367290496826,nan,queue,queue,per_epoch_trace
squeeze_net_tosa,inputs/task_graph_topology/soda-benchmark-graphs/pytorch-graphs/squeeze_net_tosa.dot,/qfs/people/dass304/dass304/HWSWpartition/hw-sw-partition-metaheur/BatchExperiments/Ablation/diff_gnn_order_lssp_trace/squeeze_net_tosa/seed-42/run-20260412-143138/config/squeeze_net_tosa_seed-42_ablation.yaml,train,epoch,train,thresholded_partition,threshold,1291,1291.0,0,1291,False,False,3918.19775390625,3654.73548030101,3717.7807473483876,nan,nan,False,147,7266.100854764333,4831.909135635894,0.41905000000000003,0.48360000000000003,3942577.75,0.5048862099647522,nan,queue,queue,per_epoch_trace
squeeze_net_tosa,inputs/task_graph_topology/soda-benchmark-graphs/pytorch-graphs/squeeze_net_tosa.dot,/qfs/people/dass304/dass304/HWSWpartition/hw-sw-partition-metaheur/BatchExperiments/Ablation/diff_gnn_order_lssp_trace/squeeze_net_tosa/seed-42/run-20260412-143138/config/squeeze_net_tosa_seed-42_ablation.yaml,train,epoch,train,thresholded_partition,threshold,1292,1292.0,0,1292,False,False,3922.526611328125,3521.5493981342556,3644.437248649729,nan,nan,False,145,7157.423473577743,4831.909135635894,0.41859999999999997,0.48319999999999996,3929473.25,0.502537727355957,nan,queue,queue,per_epoch_trace
squeeze_net_tosa,inputs/task_graph_topology/soda-benchmark-graphs/pytorch-graphs/squeeze_net_tosa.dot,/qfs/people/dass304/dass304/HWSWpartition/hw-sw-partition-metaheur/BatchExperiments/Ablation/diff_gnn_order_lssp_trace/squeeze_net_tosa/seed-42/run-20260412-143138/config/squeeze_net_tosa_seed-42_ablation.yaml,train,epoch,train,thresholded_partition,threshold,1293,1293.0,0,1293,False,False,3797.20361328125,3286.911696318401,3406.7642617217684,nan,nan,False,151,7483.618143635954,4831.909135635894,0.41815,0.4828,3994954.75,0.514045000076294,nan,queue,queue,per_epoch_trace
squeeze_net_tosa,inputs/task_graph_topology/soda-benchmark-graphs/pytorch-graphs/squeeze_net_tosa.dot,/qfs/people/dass304/dass304/HWSWpartition/hw-sw-partition-metaheur/BatchExperiments/Ablation/diff_gnn_order_lssp_trace/squeeze_net_tosa/seed-42/run-20260412-143138/config/squeeze_net_tosa_seed-42_ablation.yaml,train,epoch,train,thresholded_partition,threshold,1294,1294.0,0,1294,False,False,3981.837646484375,3059.7536422197823,3789.3827866444994,nan,nan,False,150,7425.234001732032,4831.909135635894,0.41769999999999996,0.48239999999999994,4013300.0,0.5055655241012573,nan,queue,queue,per_epoch_trace
squeeze_net_tosa,inputs/task_graph_topology/soda-benchmark-graphs/pytorch-graphs/squeeze_net_tosa.dot,/qfs/people/dass304/dass304/HWSWpartition/hw-sw-partition-metaheur/BatchExperiments/Ablation/diff_gnn_order_lssp_trace/squeeze_net_tosa/seed-42/run-20260412-143138/config/squeeze_net_tosa_seed-42_ablation.yaml,train,epoch,train,thresholded_partition,threshold,1295,1295.0,0,1295,False,False,3962.85400390625,2905.9464587243015,3150.3910663857664,nan,nan,False,152,7628.37374465912,4831.909135635894,0.41725,0.482,4023804.75,0.5077767372131348,nan,queue,queue,per_epoch_trace
squeeze_net_tosa,inputs/task_graph_topology/soda-benchmark-graphs/pytorch-graphs/squeeze_net_tosa.dot,/qfs/people/dass304/dass304/HWSWpartition/hw-sw-partition-metaheur/BatchExperiments/Ablation/diff_gnn_order_lssp_trace/squeeze_net_tosa/seed-42/run-20260412-143138/config/squeeze_net_tosa_seed-42_ablation.yaml,train,epoch,train,thresholded_partition,threshold,1296,1296.0,0,1296,False,False,3871.108642578125,3105.0810982635944,3470.052383677809,nan,nan,False,152,7601.313125312868,4831.909135635894,0.41679999999999995,0.4815999999999999,4252128.0,0.5195077061653137,nan,queue,queue,per_epoch_trace
squeeze_net_tosa,inputs/task_graph_topology/soda-benchmark-graphs/pytorch-graphs/squeeze_net_tosa.dot,/qfs/people/dass304/dass304/HWSWpartition/hw-sw-partition-metaheur/BatchExperiments/Ablation/diff_gnn_order_lssp_trace/squeeze_net_tosa/seed-42/run-20260412-143138/config/squeeze_net_tosa_seed-42_ablation.yaml,train,epoch,train,thresholded_partition,threshold,1297,1297.0,0,1297,False,False,3883.163818359375,3253.9460964107325,3396.3815569471676,nan,nan,False,150,7508.113384865708,4831.909135635894,0.41635,0.48119999999999996,4018232.0,0.5116012692451477,nan,queue,queue,per_epoch_trace
squeeze_net_tosa,inputs/task_graph_topology/soda-benchmark-graphs/pytorch-graphs/squeeze_net_tosa.dot,/qfs/people/dass304/dass304/HWSWpartition/hw-sw-partition-metaheur/BatchExperiments/Ablation/diff_gnn_order_lssp_trace/squeeze_net_tosa/seed-42/run-20260412-143138/config/squeeze_net_tosa_seed-42_ablation.yaml,train,epoch,train,thresholded_partition,threshold,1298,1298.0,0,1298,False,False,3794.970458984375,3601.3238737136576,3958.982758113468,nan,nan,False,147,7391.274070221977,4831.909135635894,0.41589999999999994,0.4808,4028157.75,0.5152547955513,nan,queue,queue,per_epoch_trace
squeeze_net_tosa,inputs/task_graph_topology/soda-benchmark-graphs/pytorch-graphs/squeeze_net_tosa.dot,/qfs/people/dass304/dass304/HWSWpartition/hw-sw-partition-metaheur/BatchExperiments/Ablation/diff_gnn_order_lssp_trace/squeeze_net_tosa/seed-42/run-20260412-143138/config/squeeze_net_tosa_seed-42_ablation.yaml,train,epoch,train,thresholded_partition,threshold,1299,1299.0,0,1299,False,False,3923.100830078125,3180.197352392614,3249.2259487312754,nan,nan,False,151,7520.222444673465,4831.909135635894,0.41545,0.48040000000000005,3996085.25,0.5085147619247437,nan,queue,queue,per_epoch_trace
squeeze_net_tosa,inputs/task_graph_topology/soda-benchmark-graphs/pytorch-graphs/squeeze_net_tosa.dot,/qfs/people/dass304/dass304/HWSWpartition/hw-sw-partition-metaheur/BatchExperiments/Ablation/diff_gnn_order_lssp_trace/squeeze_net_tosa/seed-42/run-20260412-143138/config/squeeze_net_tosa_seed-42_ablation.yaml,train,epoch,train,thresholded_partition,threshold,1300,1300.0,0,1300,False,False,3890.510498046875,3101.7754373990733,3279.820964054014,nan,nan,False,149,7420.9902257198655,4831.909135635894,0.4149999999999999,0.48,4000857.5,0.5104816555976868,nan,queue,queue,per_epoch_trace
squeeze_net_tosa,inputs/task_graph_topology/soda-benchmark-graphs/pytorch-graphs/squeeze_net_tosa.dot,/qfs/people/dass304/dass304/HWSWpartition/hw-sw-partition-metaheur/BatchExperiments/Ablation/diff_gnn_order_lssp_trace/squeeze_net_tosa/seed-42/run-20260412-143138/config/squeeze_net_tosa_seed-42_ablation.yaml,train,epoch,train,thresholded_partition,threshold,1301,1301.0,0,1301,False,False,3894.432861328125,3409.4927462285746,3451.2754173339904,nan,nan,False,148,7358.447641028512,4831.909135635894,0.41455,0.4796,3936030.5,0.5064114332199097,nan,queue,queue,per_epoch_trace
squeeze_net_tosa,inputs/task_graph_topology/soda-benchmark-graphs/pytorch-graphs/squeeze_net_tosa.dot,/qfs/people/dass304/dass304/HWSWpartition/hw-sw-partition-metaheur/BatchExperiments/Ablation/diff_gnn_order_lssp_trace/squeeze_net_tosa/seed-42/run-20260412-143138/config/squeeze_net_tosa_seed-42_ablation.yaml,train,epoch,train,thresholded_partition,threshold,1302,1302.0,0,1302,False,False,4062.43603515625,3495.3536436679283,3719.464258192917,nan,nan,False,149,7376.576955223002,4831.909135635894,0.4140999999999999,0.47919999999999996,4076966.75,0.5037459135055542,nan,queue,queue,per_epoch_trace
squeeze_net_tosa,inputs/task_graph_topology/soda-benchmark-graphs/pytorch-graphs/squeeze_net_tosa.dot,/qfs/people/dass304/dass304/HWSWpartition/hw-sw-partition-metaheur/BatchExperiments/Ablation/diff_gnn_order_lssp_trace/squeeze_net_tosa/seed-42/run-20260412-143138/config/squeeze_net_tosa_seed-42_ablation.yaml,train,epoch,train,thresholded_partition,threshold,1303,1303.0,0,1303,False,False,3973.189453125,2965.1432184237005,3207.006700342806,nan,nan,False,151,7617.451783800853,4831.909135635894,0.41364999999999996,0.4788,4006210.5,0.5057048797607422,nan,queue,queue,per_epoch_trace
squeeze_net_tosa,inputs/task_graph_topology/soda-benchmark-graphs/pytorch-graphs/squeeze_net_tosa.dot,/qfs/people/dass304/dass304/HWSWpartition/hw-sw-partition-metaheur/BatchExperiments/Ablation/diff_gnn_order_lssp_trace/squeeze_net_tosa/seed-42/run-20260412-143138/config/squeeze_net_tosa_seed-42_ablation.yaml,train,epoch,train,thresholded_partition,threshold,1304,1304.0,0,1304,False,False,3941.812255859375,2946.332067059076,3243.8936490925485,nan,nan,False,151,7560.951575407514,4831.909135635894,0.4132,0.47839999999999994,4040881.5,0.5099291801452637,nan,queue,queue,per_epoch_trace
squeeze_net_tosa,inputs/task_graph_topology/soda-benchmark-graphs/pytorch-graphs/squeeze_net_tosa.dot,/qfs/people/dass304/dass304/HWSWpartition/hw-sw-partition-metaheur/BatchExperiments/Ablation/diff_gnn_order_lssp_trace/squeeze_net_tosa/seed-42/run-20260412-143138/config/squeeze_net_tosa_seed-42_ablation.yaml,train,epoch,train,thresholded_partition,threshold,1305,1305.0,0,1305,False,False,3875.193115234375,3323.352287488246,3611.521605933795,nan,nan,False,147,7321.411464409359,4831.909135635894,0.41275000000000006,0.478,3945956.0,0.5083824992179871,nan,queue,queue,per_epoch_trace
squeeze_net_tosa,inputs/task_graph_topology/soda-benchmark-graphs/pytorch-graphs/squeeze_net_tosa.dot,/qfs/people/dass304/dass304/HWSWpartition/hw-sw-partition-metaheur/BatchExperiments/Ablation/diff_gnn_order_lssp_trace/squeeze_net_tosa/seed-42/run-20260412-143138/config/squeeze_net_tosa_seed-42_ablation.yaml,train,epoch,train,thresholded_partition,threshold,1306,1306.0,0,1306,False,False,4005.289794921875,3943.4012936053855,4379.031858900424,nan,nan,False,144,7145.246130274459,4831.909135635894,0.4123,0.4775999999999999,4037651.75,0.5056436061859131,nan,queue,queue,per_epoch_trace
squeeze_net_tosa,inputs/task_graph_topology/soda-benchmark-graphs/pytorch-graphs/squeeze_net_tosa.dot,/qfs/people/dass304/dass304/HWSWpartition/hw-sw-partition-metaheur/BatchExperiments/Ablation/diff_gnn_order_lssp_trace/squeeze_net_tosa/seed-42/run-20260412-143138/config/squeeze_net_tosa_seed-42_ablation.yaml,train,epoch,train,thresholded_partition,threshold,1307,1307.0,0,1307,False,False,4021.241455078125,3500.827188986587,3816.6690129970543,nan,nan,False,146,7218.686376006982,4831.909135635894,0.41185000000000005,0.47719999999999996,4022762.5,0.5010150671005249,nan,queue,queue,per_epoch_trace
squeeze_net_tosa,inputs/task_graph_topology/soda-benchmark-graphs/pytorch-graphs/squeeze_net_tosa.dot,/qfs/people/dass304/dass304/HWSWpartition/hw-sw-partition-metaheur/BatchExperiments/Ablation/diff_gnn_order_lssp_trace/squeeze_net_tosa/seed-42/run-20260412-143138/config/squeeze_net_tosa_seed-42_ablation.yaml,train,epoch,train,thresholded_partition,threshold,1308,1308.0,0,1308,False,False,4143.0595703125,3230.620911095091,3305.8780176473642,nan,nan,False,149,7466.745704642531,4831.909135635894,0.4114,0.4768,4144369.0,0.4991070330142975,nan,queue,queue,per_epoch_trace
squeeze_net_tosa,inputs/task_graph_topology/soda-benchmark-graphs/pytorch-graphs/squeeze_net_tosa.dot,/qfs/people/dass304/dass304/HWSWpartition/hw-sw-partition-metaheur/BatchExperiments/Ablation/diff_gnn_order_lssp_trace/squeeze_net_tosa/seed-42/run-20260412-143138/config/squeeze_net_tosa_seed-42_ablation.yaml,train,epoch,train,thresholded_partition,threshold,1309,1309.0,0,1309,False,False,3837.21923828125,3037.848071785353,3551.703874978893,nan,nan,False,150,7450.721290568519,4831.909135635894,0.41095000000000004,0.47640000000000005,3959153.25,0.5110204815864563,nan,queue,queue,per_epoch_trace
squeeze_net_tosa,inputs/task_graph_topology/soda-benchmark-graphs/pytorch-graphs/squeeze_net_tosa.dot,/qfs/people/dass304/dass304/HWSWpartition/hw-sw-partition-metaheur/BatchExperiments/Ablation/diff_gnn_order_lssp_trace/squeeze_net_tosa/seed-42/run-20260412-143138/config/squeeze_net_tosa_seed-42_ablation.yaml,train,epoch,train,thresholded_partition,threshold,1310,1310.0,0,1310,False,False,3945.561767578125,3363.5721249818107,3507.1391272255432,nan,nan,False,148,7336.663825944033,4831.909135635894,0.4105,0.476,4084597.75,0.511770486831665,nan,queue,queue,per_epoch_trace
squeeze_net_tosa,inputs/task_graph_topology/soda-benchmark-graphs/pytorch-graphs/squeeze_net_tosa.dot,/qfs/people/dass304/dass304/HWSWpartition/hw-sw-partition-metaheur/BatchExperiments/Ablation/diff_gnn_order_lssp_trace/squeeze_net_tosa/seed-42/run-20260412-143138/config/squeeze_net_tosa_seed-42_ablation.yaml,train,epoch,train,thresholded_partition,threshold,1311,1311.0,0,1311,False,False,3971.913330078125,3192.8331364836135,3610.09195659609,nan,nan,False,149,7364.6698752442135,4831.909135635894,0.41005,0.4756,4016328.0,0.5066275000572205,nan,queue,queue,per_epoch_trace
squeeze_net_tosa,inputs/task_graph_topology/soda-benchmark-graphs/pytorch-graphs/squeeze_net_tosa.dot,/qfs/people/dass304/dass304/HWSWpartition/hw-sw-partition-metaheur/BatchExperiments/Ablation/diff_gnn_order_lssp_trace/squeeze_net_tosa/seed-42/run-20260412-143138/config/squeeze_net_tosa_seed-42_ablation.yaml,train,epoch,train,thresholded_partition,threshold,1312,1312.0,0,1312,False,False,3855.091064453125,3247.4793788424654,3699.93798037228,nan,nan,False,148,7427.087180666922,4831.909135635894,0.40959999999999996,0.47519999999999996,4047127.25,0.5138397812843323,nan,queue,queue,per_epoch_trace
squeeze_net_tosa,inputs/task_graph_topology/soda-benchmark-graphs/pytorch-graphs/squeeze_net_tosa.dot,/qfs/people/dass304/dass304/HWSWpartition/hw-sw-partition-metaheur/BatchExperiments/Ablation/diff_gnn_order_lssp_trace/squeeze_net_tosa/seed-42/run-20260412-143138/config/squeeze_net_tosa_seed-42_ablation.yaml,train,epoch,train,thresholded_partition,threshold,1313,1313.0,0,1313,False,False,4007.942626953125,3052.3714486313334,3349.6465445684976,nan,nan,False,151,7577.2889811238665,4831.909135635894,0.40915,0.4748,4017268.0,0.5029747486114502,nan,queue,queue,per_epoch_trace
squeeze_net_tosa,inputs/task_graph_topology/soda-benchmark-graphs/pytorch-graphs/squeeze_net_tosa.dot,/qfs/people/dass304/dass304/HWSWpartition/hw-sw-partition-metaheur/BatchExperiments/Ablation/diff_gnn_order_lssp_trace/squeeze_net_tosa/seed-42/run-20260412-143138/config/squeeze_net_tosa_seed-42_ablation.yaml,train,epoch,train,thresholded_partition,threshold,1314,1314.0,0,1314,False,False,4072.412109375,2974.359035027594,3394.5573425741027,nan,nan,False,150,7444.48598342813,4831.909135635894,0.40869999999999995,0.47439999999999993,4072923.0,0.5001714825630188,nan,queue,queue,per_epoch_trace
squeeze_net_tosa,inputs/task_graph_topology/soda-benchmark-graphs/pytorch-graphs/squeeze_net_tosa.dot,/qfs/people/dass304/dass304/HWSWpartition/hw-sw-partition-metaheur/BatchExperiments/Ablation/diff_gnn_order_lssp_trace/squeeze_net_tosa/seed-42/run-20260412-143138/config/squeeze_net_tosa_seed-42_ablation.yaml,train,epoch,train,thresholded_partition,threshold,1315,1315.0,0,1315,False,False,3982.435546875,3184.5452910994213,3577.7644024276774,nan,nan,False,149,7473.051478978451,4831.909135635894,0.40825,0.474,4008029.25,0.505010724067688,nan,queue,queue,per_epoch_trace
squeeze_net_tosa,inputs/task_graph_topology/soda-benchmark-graphs/pytorch-graphs/squeeze_net_tosa.dot,/qfs/people/dass304/dass304/HWSWpartition/hw-sw-partition-metaheur/BatchExperiments/Ablation/diff_gnn_order_lssp_trace/squeeze_net_tosa/seed-42/run-20260412-143138/config/squeeze_net_tosa_seed-42_ablation.yaml,train,epoch,train,thresholded_partition,threshold,1316,1316.0,0,1316,False,False,4042.14501953125,3167.3304076804147,3320.863857294839,nan,nan,False,149,7479.557642520448,4831.909135635894,0.40779999999999994,0.4735999999999999,4044601.0,0.49859580397605896,nan,queue,queue,per_epoch_trace
squeeze_net_tosa,inputs/task_graph_topology/soda-benchmark-graphs/pytorch-graphs/squeeze_net_tosa.dot,/qfs/people/dass304/dass304/HWSWpartition/hw-sw-partition-metaheur/BatchExperiments/Ablation/diff_gnn_order_lssp_trace/squeeze_net_tosa/seed-42/run-20260412-143138/config/squeeze_net_tosa_seed-42_ablation.yaml,train,epoch,train,thresholded_partition,threshold,1317,1317.0,0,1317,False,False,3970.748779296875,3628.205411847452,3750.3245093653,nan,nan,False,148,7355.511495270209,4831.909135635894,0.40735,0.47319999999999995,3980991.5,0.5031229257583618,nan,queue,queue,per_epoch_trace
squeeze_net_tosa,inputs/task_graph_topology/soda-benchmark-graphs/pytorch-graphs/squeeze_net_tosa.dot,/qfs/people/dass304/dass304/HWSWpartition/hw-sw-partition-metaheur/BatchExperiments/Ablation/diff_gnn_order_lssp_trace/squeeze_net_tosa/seed-42/run-20260412-143138/config/squeeze_net_tosa_seed-42_ablation.yaml,train,epoch,train,thresholded_partition,threshold,1318,1318.0,0,1318,False,False,4134.0361328125,3465.0502740222214,3587.938124537695,nan,nan,False,145,7194.078625245955,4831.909135635894,0.40689999999999993,0.4728,4139261.75,0.49782270193099976,nan,queue,queue,per_epoch_trace
squeeze_net_tosa,inputs/task_graph_topology/soda-benchmark-graphs/pytorch-graphs/squeeze_net_tosa.dot,/qfs/people/dass304/dass304/HWSWpartition/hw-sw-partition-metaheur/BatchExperiments/Ablation/diff_gnn_order_lssp_trace/squeeze_net_tosa/seed-42/run-20260412-143138/config/squeeze_net_tosa_seed-42_ablation.yaml,train,epoch,train,thresholded_partition,threshold,1319,1319.0,0,1319,False,False,3959.601318359375,3167.3304076804147,3681.870344307043,nan,nan,False,149,7479.557642520448,4831.909135635894,0.40645,0.47240000000000004,4024085.5,0.50799959897995,nan,queue,queue,per_epoch_trace
squeeze_net_tosa,inputs/task_graph_topology/soda-benchmark-graphs/pytorch-graphs/squeeze_net_tosa.dot,/qfs/people/dass304/dass304/HWSWpartition/hw-sw-partition-metaheur/BatchExperiments/Ablation/diff_gnn_order_lssp_trace/squeeze_net_tosa/seed-42/run-20260412-143138/config/squeeze_net_tosa_seed-42_ablation.yaml,train,epoch,train,thresholded_partition,threshold,1320,1320.0,0,1320,False,False,3929.907958984375,3635.231587622066,3945.7868569875604,nan,nan,False,148,7333.07779595323,4831.909135635894,0.4059999999999999,0.472,4005144.0,0.508645236492157,nan,queue,queue,per_epoch_trace
squeeze_net_tosa,inputs/task_graph_topology/soda-benchmark-graphs/pytorch-graphs/squeeze_net_tosa.dot,/qfs/people/dass304/dass304/HWSWpartition/hw-sw-partition-metaheur/BatchExperiments/Ablation/diff_gnn_order_lssp_trace/squeeze_net_tosa/seed-42/run-20260412-143138/config/squeeze_net_tosa_seed-42_ablation.yaml,train,epoch,train,thresholded_partition,threshold,1321,1321.0,0,1321,False,False,3887.15869140625,3315.499664441952,3319.534961163033,nan,nan,False,147,7326.734011649425,4831.909135635894,0.40554999999999997,0.4716,4009234.0,0.5110266804695129,nan,queue,queue,per_epoch_trace
squeeze_net_tosa,inputs/task_graph_topology/soda-benchmark-graphs/pytorch-graphs/squeeze_net_tosa.dot,/qfs/people/dass304/dass304/HWSWpartition/hw-sw-partition-metaheur/BatchExperiments/Ablation/diff_gnn_order_lssp_trace/squeeze_net_tosa/seed-42/run-20260412-143138/config/squeeze_net_tosa_seed-42_ablation.yaml,train,epoch,train,thresholded_partition,threshold,1322,1322.0,0,1322,False,False,3813.49072265625,3176.409553018659,3613.2544454312997,nan,nan,False,148,7403.697088501868,4831.909135635894,0.4050999999999999,0.47119999999999995,3959058.75,0.5120444297790527,nan,queue,queue,per_epoch_trace
squeeze_net_tosa,inputs/task_graph_topology/soda-benchmark-graphs/pytorch-graphs/squeeze_net_tosa.dot,/qfs/people/dass304/dass304/HWSWpartition/hw-sw-partition-metaheur/BatchExperiments/Ablation/diff_gnn_order_lssp_trace/squeeze_net_tosa/seed-42/run-20260412-143138/config/squeeze_net_tosa_seed-42_ablation.yaml,train,epoch,train,thresholded_partition,threshold,1323,1323.0,0,1323,False,False,3974.882080078125,3806.7790788011885,4612.017686490263,nan,nan,False,146,7275.050568389244,4831.909135635894,0.40464999999999995,0.4708,3975720.5,0.5005652904510498,nan,queue,queue,per_epoch_trace
squeeze_net_tosa,inputs/task_graph_topology/soda-benchmark-graphs/pytorch-graphs/squeeze_net_tosa.dot,/qfs/people/dass304/dass304/HWSWpartition/hw-sw-partition-metaheur/BatchExperiments/Ablation/diff_gnn_order_lssp_trace/squeeze_net_tosa/seed-42/run-20260412-143138/config/squeeze_net_tosa_seed-42_ablation.yaml,train,epoch,train,thresholded_partition,threshold,1324,1324.0,0,1324,False,False,3881.933349609375,3362.0445099636013,3631.6590802417845,nan,nan,False,148,7406.74636917147,4831.909135635894,0.4042,0.47039999999999993,4016976.25,0.5115991234779358,nan,queue,queue,per_epoch_trace
squeeze_net_tosa,inputs/task_graph_topology/soda-benchmark-graphs/pytorch-graphs/squeeze_net_tosa.dot,/qfs/people/dass304/dass304/HWSWpartition/hw-sw-partition-metaheur/BatchExperiments/Ablation/diff_gnn_order_lssp_trace/squeeze_net_tosa/seed-42/run-20260412-143138/config/squeeze_net_tosa_seed-42_ablation.yaml,train,epoch,train,thresholded_partition,threshold,1325,1325.0,0,1325,False,False,3842.410888671875,3167.3304076804147,3229.2324534199292,nan,nan,False,149,7479.557642520448,4831.909135635894,0.40375000000000005,0.47,3933229.75,0.5095037221908569,nan,queue,queue,per_epoch_trace
squeeze_net_tosa,inputs/task_graph_topology/soda-benchmark-graphs/pytorch-graphs/squeeze_net_tosa.dot,/qfs/people/dass304/dass304/HWSWpartition/hw-sw-partition-metaheur/BatchExperiments/Ablation/diff_gnn_order_lssp_trace/squeeze_net_tosa/seed-42/run-20260412-143138/config/squeeze_net_tosa_seed-42_ablation.yaml,train,epoch,train,thresholded_partition,threshold,1326,1326.0,0,1326,False,False,3921.892333984375,3260.3243709359954,3412.8470627348784,nan,nan,False,147,7348.363723032582,4831.909135635894,0.4033,0.4695999999999999,3922891.5,0.5007008910179138,nan,queue,queue,per_epoch_trace
squeeze_net_tosa,inputs/task_graph_topology/soda-benchmark-graphs/pytorch-graphs/squeeze_net_tosa.dot,/qfs/people/dass304/dass304/HWSWpartition/hw-sw-partition-metaheur/BatchExperiments/Ablation/diff_gnn_order_lssp_trace/squeeze_net_tosa/seed-42/run-20260412-143138/config/squeeze_net_tosa_seed-42_ablation.yaml,train,epoch,train,thresholded_partition,threshold,1327,1327.0,0,1327,False,False,3786.469482421875,3344.015043165549,3712.4030904689575,nan,nan,False,149,7481.9275036727095,4831.909135635894,0.40285000000000004,0.46919999999999995,4091995.0,0.5174652934074402,nan,queue,queue,per_epoch_trace
squeeze_net_tosa,inputs/task_graph_topology/soda-benchmark-graphs/pytorch-graphs/squeeze_net_tosa.dot,/qfs/people/dass304/dass304/HWSWpartition/hw-sw-partition-metaheur/BatchExperiments/Ablation/diff_gnn_order_lssp_trace/squeeze_net_tosa/seed-42/run-20260412-143138/config/squeeze_net_tosa_seed-42_ablation.yaml,train,epoch,train,thresholded_partition,threshold,1328,1328.0,0,1328,False,False,3978.300048828125,3331.699462707463,3529.05102239328,nan,nan,False,149,7386.60860978387,4831.909135635894,0.4024,0.4688,4027566.75,0.5069841742515564,nan,queue,queue,per_epoch_trace
squeeze_net_tosa,inputs/task_graph_topology/soda-benchmark-graphs/pytorch-graphs/squeeze_net_tosa.dot,/qfs/people/dass304/dass304/HWSWpartition/hw-sw-partition-metaheur/BatchExperiments/Ablation/diff_gnn_order_lssp_trace/squeeze_net_tosa/seed-42/run-20260412-143138/config/squeeze_net_tosa_seed-42_ablation.yaml,train,epoch,train,thresholded_partition,threshold,1329,1329.0,0,1329,False,False,3966.11572265625,3475.807828565497,4044.0440969498864,nan,nan,False,147,7352.859831723428,4831.909135635894,0.40195000000000003,0.46840000000000004,3966788.75,0.49958476424217224,nan,queue,queue,per_epoch_trace
squeeze_net_tosa,inputs/task_graph_topology/soda-benchmark-graphs/pytorch-graphs/squeeze_net_tosa.dot,/qfs/people/dass304/dass304/HWSWpartition/hw-sw-partition-metaheur/BatchExperiments/Ablation/diff_gnn_order_lssp_trace/squeeze_net_tosa/seed-42/run-20260412-143138/config/squeeze_net_tosa_seed-42_ablation.yaml,train,epoch,train,thresholded_partition,threshold,1330,1330.0,0,1330,False,False,3935.009765625,3343.139861904065,3848.6810764829193,nan,nan,False,148,7411.129342951018,4831.909135635894,0.40149999999999997,0.46799999999999997,3986948.25,0.5071725845336914,nan,queue,queue,per_epoch_trace
squeeze_net_tosa,inputs/task_graph_topology/soda-benchmark-graphs/pytorch-graphs/squeeze_net_tosa.dot,/qfs/people/dass304/dass304/HWSWpartition/hw-sw-partition-metaheur/BatchExperiments/Ablation/diff_gnn_order_lssp_trace/squeeze_net_tosa/seed-42/run-20260412-143138/config/squeeze_net_tosa_seed-42_ablation.yaml,train,epoch,train,thresholded_partition,threshold,1331,1331.0,0,1331,False,False,3985.452880859375,3397.4057147365897,4113.154634632436,nan,nan,False,149,7451.285441170029,4831.909135635894,0.40105,0.4676,4021478.0,0.5059604048728943,nan,queue,queue,per_epoch_trace
squeeze_net_tosa,inputs/task_graph_topology/soda-benchmark-graphs/pytorch-graphs/squeeze_net_tosa.dot,/qfs/people/dass304/dass304/HWSWpartition/hw-sw-partition-metaheur/BatchExperiments/Ablation/diff_gnn_order_lssp_trace/squeeze_net_tosa/seed-42/run-20260412-143138/config/squeeze_net_tosa_seed-42_ablation.yaml,train,epoch,train,thresholded_partition,threshold,1332,1332.0,0,1332,False,False,3867.973388671875,3665.331630909664,3665.331630909663,nan,nan,False,146,7247.422640963259,4831.909135635894,0.40059999999999996,0.46719999999999995,3909205.25,0.5063815712928772,nan,queue,queue,per_epoch_trace
squeeze_net_tosa,inputs/task_graph_topology/soda-benchmark-graphs/pytorch-graphs/squeeze_net_tosa.dot,/qfs/people/dass304/dass304/HWSWpartition/hw-sw-partition-metaheur/BatchExperiments/Ablation/diff_gnn_order_lssp_trace/squeeze_net_tosa/seed-42/run-20260412-143138/config/squeeze_net_tosa_seed-42_ablation.yaml,train,epoch,train,thresholded_partition,threshold,1333,1333.0,0,1333,False,False,3903.204833984375,3675.1985140896945,3675.1985140896936,nan,nan,False,148,7354.860601529383,4831.909135635894,0.40015,0.4668,3921303.5,0.5041942000389099,nan,queue,queue,per_epoch_trace
squeeze_net_tosa,inputs/task_graph_topology/soda-benchmark-graphs/pytorch-graphs/squeeze_net_tosa.dot,/qfs/people/dass304/dass304/HWSWpartition/hw-sw-partition-metaheur/BatchExperiments/Ablation/diff_gnn_order_lssp_trace/squeeze_net_tosa/seed-42/run-20260412-143138/config/squeeze_net_tosa_seed-42_ablation.yaml,train,epoch,train,thresholded_partition,threshold,1334,1334.0,0,1334,False,False,3724.550537109375,3411.8124030754666,3547.2667881488064,nan,nan,False,146,7300.104342885765,4831.909135635894,0.39969999999999994,0.4663999999999999,4135576.5,0.5202615261077881,nan,queue,queue,per_epoch_trace
squeeze_net_tosa,inputs/task_graph_topology/soda-benchmark-graphs/pytorch-graphs/squeeze_net_tosa.dot,/qfs/people/dass304/dass304/HWSWpartition/hw-sw-partition-metaheur/BatchExperiments/Ablation/diff_gnn_order_lssp_trace/squeeze_net_tosa/seed-42/run-20260412-143138/config/squeeze_net_tosa_seed-42_ablation.yaml,train,epoch,train,thresholded_partition,threshold,1335,1335.0,0,1335,False,False,3843.611328125,3473.7959992759047,3858.818512330324,nan,nan,False,147,7311.212198892882,4831.909135635894,0.39925,0.46599999999999997,3844139.75,0.5001314878463745,nan,queue,queue,per_epoch_trace
squeeze_net_tosa,inputs/task_graph_topology/soda-benchmark-graphs/pytorch-graphs/squeeze_net_tosa.dot,/qfs/people/dass304/dass304/HWSWpartition/hw-sw-partition-metaheur/BatchExperiments/Ablation/diff_gnn_order_lssp_trace/squeeze_net_tosa/seed-42/run-20260412-143138/config/squeeze_net_tosa_seed-42_ablation.yaml,train,epoch,train,thresholded_partition,threshold,1336,1336.0,0,1336,False,False,3762.647705078125,3411.8124030754666,3507.1886046766754,nan,nan,False,146,7300.104342885765,4831.909135635894,0.39879999999999993,0.4655999999999999,3905209.0,0.5119192004203796,nan,queue,queue,per_epoch_trace
squeeze_net_tosa,inputs/task_graph_topology/soda-benchmark-graphs/pytorch-graphs/squeeze_net_tosa.dot,/qfs/people/dass304/dass304/HWSWpartition/hw-sw-partition-metaheur/BatchExperiments/Ablation/diff_gnn_order_lssp_trace/squeeze_net_tosa/seed-42/run-20260412-143138/config/squeeze_net_tosa_seed-42_ablation.yaml,train,epoch,train,thresholded_partition,threshold,1337,1337.0,0,1337,False,False,3981.517578125,3262.04677887304,3585.086003222142,nan,nan,False,149,7424.043568094937,4831.909135635894,0.39835,0.46519999999999995,3982399.75,0.5006206035614014,nan,queue,queue,per_epoch_trace
squeeze_net_tosa,inputs/task_graph_topology/soda-benchmark-graphs/pytorch-graphs/squeeze_net_tosa.dot,/qfs/people/dass304/dass304/HWSWpartition/hw-sw-partition-metaheur/BatchExperiments/Ablation/diff_gnn_order_lssp_trace/squeeze_net_tosa/seed-42/run-20260412-143138/config/squeeze_net_tosa_seed-42_ablation.yaml,train,epoch,train,thresholded_partition,threshold,1338,1338.0,0,1338,False,False,4016.48095703125,3148.6355980087524,3250.564981790883,nan,nan,False,149,7428.208321582243,4831.909135635894,0.3978999999999999,0.4648,4068122.25,0.5071524381637573,nan,queue,queue,per_epoch_trace
squeeze_net_tosa,inputs/task_graph_topology/soda-benchmark-graphs/pytorch-graphs/squeeze_net_tosa.dot,/qfs/people/dass304/dass304/HWSWpartition/hw-sw-partition-metaheur/BatchExperiments/Ablation/diff_gnn_order_lssp_trace/squeeze_net_tosa/seed-42/run-20260412-143138/config/squeeze_net_tosa_seed-42_ablation.yaml,train,epoch,train,thresholded_partition,threshold,1339,1339.0,0,1339,False,False,3997.863037109375,3521.6083894002927,3845.8820703493707,nan,nan,False,148,7389.100852951739,4831.909135635894,0.39744999999999997,0.46440000000000003,3998389.5,0.5001941323280334,nan,queue,queue,per_epoch_trace
squeeze_net_tosa,inputs/task_graph_topology/soda-benchmark-graphs/pytorch-graphs/squeeze_net_tosa.dot,/qfs/people/dass304/dass304/HWSWpartition/hw-sw-partition-metaheur/BatchExperiments/Ablation/diff_gnn_order_lssp_trace/squeeze_net_tosa/seed-42/run-20260412-143138/config/squeeze_net_tosa_seed-42_ablation.yaml,train,epoch,train,thresholded_partition,threshold,1340,1340.0,0,1340,False,False,3921.562255859375,3473.7959992759047,3925.540648578621,nan,nan,False,147,7311.212198892882,4831.909135635894,0.3969999999999999,0.46399999999999997,4005546.75,0.5091374516487122,nan,queue,queue,per_epoch_trace
squeeze_net_tosa,inputs/task_graph_topology/soda-benchmark-graphs/pytorch-graphs/squeeze_net_tosa.dot,/qfs/people/dass304/dass304/HWSWpartition/hw-sw-partition-metaheur/BatchExperiments/Ablation/diff_gnn_order_lssp_trace/squeeze_net_tosa/seed-42/run-20260412-143138/config/squeeze_net_tosa_seed-42_ablation.yaml,train,epoch,train,thresholded_partition,threshold,1341,1341.0,0,1341,False,False,4082.859375,3466.222084686443,3589.1099352019164,nan,nan,False,148,7392.891618956769,4831.909135635894,0.39654999999999996,0.4636,4097466.25,0.5037574768066406,nan,queue,queue,per_epoch_trace
squeeze_net_tosa,inputs/task_graph_topology/soda-benchmark-graphs/pytorch-graphs/squeeze_net_tosa.dot,/qfs/people/dass304/dass304/HWSWpartition/hw-sw-partition-metaheur/BatchExperiments/Ablation/diff_gnn_order_lssp_trace/squeeze_net_tosa/seed-42/run-20260412-143138/config/squeeze_net_tosa_seed-42_ablation.yaml,train,epoch,train,thresholded_partition,threshold,1342,1342.0,0,1342,False,False,4011.843505859375,3260.0228684569634,3688.3679476756365,nan,nan,False,149,7367.222834348006,4831.909135635894,0.3960999999999999,0.46319999999999995,4034090.25,0.49533677101135254,nan,queue,queue,per_epoch_trace
squeeze_net_tosa,inputs/task_graph_topology/soda-benchmark-graphs/pytorch-graphs/squeeze_net_tosa.dot,/qfs/people/dass304/dass304/HWSWpartition/hw-sw-partition-metaheur/BatchExperiments/Ablation/diff_gnn_order_lssp_trace/squeeze_net_tosa/seed-42/run-20260412-143138/config/squeeze_net_tosa_seed-42_ablation.yaml,train,epoch,train,thresholded_partition,threshold,1343,1343.0,0,1343,False,False,3946.39111328125,3565.8706398257295,4288.510607964637,nan,nan,False,146,7310.970044683002,4831.909135635894,0.39564999999999995,0.4628,3946895.75,0.5000479817390442,nan,queue,queue,per_epoch_trace
squeeze_net_tosa,inputs/task_graph_topology/soda-benchmark-graphs/pytorch-graphs/squeeze_net_tosa.dot,/qfs/people/dass304/dass304/HWSWpartition/hw-sw-partition-metaheur/BatchExperiments/Ablation/diff_gnn_order_lssp_trace/squeeze_net_tosa/seed-42/run-20260412-143138/config/squeeze_net_tosa_seed-42_ablation.yaml,train,epoch,train,thresholded_partition,threshold,1344,1344.0,0,1344,False,False,3961.301513671875,3088.1148579785263,3526.1100842179053,nan,nan,False,151,7523.749472084093,4831.909135635894,0.3952,0.4623999999999999,4157139.25,0.5139762759208679,nan,queue,queue,per_epoch_trace
squeeze_net_tosa,inputs/task_graph_topology/soda-benchmark-graphs/pytorch-graphs/squeeze_net_tosa.dot,/qfs/people/dass304/dass304/HWSWpartition/hw-sw-partition-metaheur/BatchExperiments/Ablation/diff_gnn_order_lssp_trace/squeeze_net_tosa/seed-42/run-20260412-143138/config/squeeze_net_tosa_seed-42_ablation.yaml,train,epoch,train,thresholded_partition,threshold,1345,1345.0,0,1345,False,False,3852.831298828125,3497.681999318502,3989.367652091482,nan,nan,False,146,7352.263937991021,4831.909135635894,0.39475000000000005,0.46199999999999997,3922840.5,0.5083377361297607,nan,queue,queue,per_epoch_trace
squeeze_net_tosa,inputs/task_graph_topology/soda-benchmark-graphs/pytorch-graphs/squeeze_net_tosa.dot,/qfs/people/dass304/dass304/HWSWpartition/hw-sw-partition-metaheur/BatchExperiments/Ablation/diff_gnn_order_lssp_trace/squeeze_net_tosa/seed-42/run-20260412-143138/config/squeeze_net_tosa_seed-42_ablation.yaml,train,epoch,train,thresholded_partition,threshold,1346,1346.0,0,1346,False,False,3824.493896484375,3320.6693477138583,3404.8193588284716,nan,nan,False,148,7348.469347642476,4831.909135635894,0.3943,0.4615999999999999,3867861.0,0.5065469145774841,nan,queue,queue,per_epoch_trace
squeeze_net_tosa,inputs/task_graph_topology/soda-benchmark-graphs/pytorch-graphs/squeeze_net_tosa.dot,/qfs/people/dass304/dass304/HWSWpartition/hw-sw-partition-metaheur/BatchExperiments/Ablation/diff_gnn_order_lssp_trace/squeeze_net_tosa/seed-42/run-20260412-143138/config/squeeze_net_tosa_seed-42_ablation.yaml,train,epoch,train,thresholded_partition,threshold,1347,1347.0,0,1347,False,False,4032.29931640625,3638.451073347084,3676.5543153411204,nan,nan,False,145,7218.380059288739,4831.909135635894,0.39385000000000003,0.46119999999999994,4055399.0,0.49524572491645813,nan,queue,queue,per_epoch_trace
squeeze_net_tosa,inputs/task_graph_topology/soda-benchmark-graphs/pytorch-graphs/squeeze_net_tosa.dot,/qfs/people/dass304/dass304/HWSWpartition/hw-sw-partition-metaheur/BatchExperiments/Ablation/diff_gnn_order_lssp_trace/squeeze_net_tosa/seed-42/run-20260412-143138/config/squeeze_net_tosa_seed-42_ablation.yaml,train,epoch,train,thresholded_partition,threshold,1348,1348.0,0,1348,False,False,3808.35791015625,3298.049084473571,3384.4555298137307,nan,nan,False,148,7372.66909413488,4831.909135635894,0.39339999999999997,0.4608,3875780.75,0.5081801414489746,nan,queue,queue,per_epoch_trace
squeeze_net_tosa,inputs/task_graph_topology/soda-benchmark-graphs/pytorch-graphs/squeeze_net_tosa.dot,/qfs/people/dass304/dass304/HWSWpartition/hw-sw-partition-metaheur/BatchExperiments/Ablation/diff_gnn_order_lssp_trace/squeeze_net_tosa/seed-42/run-20260412-143138/config/squeeze_net_tosa_seed-42_ablation.yaml,train,epoch,train,thresholded_partition,threshold,1349,1349.0,0,1349,False,False,3751.51416015625,3600.9422559306263,3843.5059518650946,nan,nan,False,146,7369.970884577166,4831.909135635894,0.39295,0.46040000000000003,3875668.5,0.5111192464828491,nan,queue,queue,per_epoch_trace
squeeze_net_tosa,inputs/task_graph_topology/soda-benchmark-graphs/pytorch-graphs/squeeze_net_tosa.dot,/qfs/people/dass304/dass304/HWSWpartition/hw-sw-partition-metaheur/BatchExperiments/Ablation/diff_gnn_order_lssp_trace/squeeze_net_tosa/seed-42/run-20260412-143138/config/squeeze_net_tosa_seed-42_ablation.yaml,train,epoch,train,thresholded_partition,threshold,1350,1350.0,0,1350,False,False,3737.21875,3333.4102892465594,3542.335184336774,nan,nan,False,147,7379.851738531292,4831.909135635894,0.39249999999999996,0.45999999999999996,4153948.5,0.5204012989997864,nan,queue,queue,per_epoch_trace
squeeze_net_tosa,inputs/task_graph_topology/soda-benchmark-graphs/pytorch-graphs/squeeze_net_tosa.dot,/qfs/people/dass304/dass304/HWSWpartition/hw-sw-partition-metaheur/BatchExperiments/Ablation/diff_gnn_order_lssp_trace/squeeze_net_tosa/seed-42/run-20260412-143138/config/squeeze_net_tosa_seed-42_ablation.yaml,train,epoch,train,thresholded_partition,threshold,1351,1351.0,0,1351,False,False,3859.574951171875,3532.5449287858514,4088.181993544245,nan,nan,False,148,7371.469332986113,4831.909135635894,0.39205,0.4596,3897354.25,0.5061052441596985,nan,queue,queue,per_epoch_trace
squeeze_net_tosa,inputs/task_graph_topology/soda-benchmark-graphs/pytorch-graphs/squeeze_net_tosa.dot,/qfs/people/dass304/dass304/HWSWpartition/hw-sw-partition-metaheur/BatchExperiments/Ablation/diff_gnn_order_lssp_trace/squeeze_net_tosa/seed-42/run-20260412-143138/config/squeeze_net_tosa_seed-42_ablation.yaml,train,epoch,train,thresholded_partition,threshold,1352,1352.0,0,1352,False,False,3788.81884765625,3452.7004104019793,3802.476833651344,nan,nan,False,145,7210.385214220267,4831.909135635894,0.39159999999999995,0.45919999999999994,3962222.75,0.5131489634513855,nan,queue,queue,per_epoch_trace
squeeze_net_tosa,inputs/task_graph_topology/soda-benchmark-graphs/pytorch-graphs/squeeze_net_tosa.dot,/qfs/people/dass304/dass304/HWSWpartition/hw-sw-partition-metaheur/BatchExperiments/Ablation/diff_gnn_order_lssp_trace/squeeze_net_tosa/seed-42/run-20260412-143138/config/squeeze_net_tosa_seed-42_ablation.yaml,train,epoch,train,thresholded_partition,threshold,1353,1353.0,0,1353,False,False,3913.53759765625,3493.652150094398,3854.174998991064,nan,nan,False,148,7417.016092544718,4831.909135635894,0.39115,0.4588,3995583.0,0.509029746055603,nan,queue,queue,per_epoch_trace
squeeze_net_tosa,inputs/task_graph_topology/soda-benchmark-graphs/pytorch-graphs/squeeze_net_tosa.dot,/qfs/people/dass304/dass304/HWSWpartition/hw-sw-partition-metaheur/BatchExperiments/Ablation/diff_gnn_order_lssp_trace/squeeze_net_tosa/seed-42/run-20260412-143138/config/squeeze_net_tosa_seed-42_ablation.yaml,train,epoch,train,thresholded_partition,threshold,1354,1354.0,0,1354,False,False,3869.283935546875,3274.951221396838,3376.4750299562934,nan,nan,False,149,7471.101450060111,4831.909135635894,0.39069999999999994,0.4583999999999999,3916543.75,0.5068384408950806,nan,queue,queue,per_epoch_trace
squeeze_net_tosa,inputs/task_graph_topology/soda-benchmark-graphs/pytorch-graphs/squeeze_net_tosa.dot,/qfs/people/dass304/dass304/HWSWpartition/hw-sw-partition-metaheur/BatchExperiments/Ablation/diff_gnn_order_lssp_trace/squeeze_net_tosa/seed-42/run-20260412-143138/config/squeeze_net_tosa_seed-42_ablation.yaml,train,epoch,train,thresholded_partition,threshold,1355,1355.0,0,1355,False,False,3897.67041015625,3274.951221396838,3472.0253166292036,nan,nan,False,149,7471.101450060111,4831.909135635894,0.39025,0.45799999999999996,4006200.0,0.5103940963745117,nan,queue,queue,per_epoch_trace
squeeze_net_tosa,inputs/task_graph_topology/soda-benchmark-graphs/pytorch-graphs/squeeze_net_tosa.dot,/qfs/people/dass304/dass304/HWSWpartition/hw-sw-partition-metaheur/BatchExperiments/Ablation/diff_gnn_order_lssp_trace/squeeze_net_tosa/seed-42/run-20260412-143138/config/squeeze_net_tosa_seed-42_ablation.yaml,train,epoch,train,thresholded_partition,threshold,1356,1356.0,0,1356,False,False,3970.64111328125,3018.4654095332767,3118.1286926228327,nan,nan,False,151,7572.757382967608,4831.909135635894,0.3897999999999999,0.4575999999999999,3975939.0,0.5021938681602478,nan,queue,queue,per_epoch_trace
squeeze_net_tosa,inputs/task_graph_topology/soda-benchmark-graphs/pytorch-graphs/squeeze_net_tosa.dot,/qfs/people/dass304/dass304/HWSWpartition/hw-sw-partition-metaheur/BatchExperiments/Ablation/diff_gnn_order_lssp_trace/squeeze_net_tosa/seed-42/run-20260412-143138/config/squeeze_net_tosa_seed-42_ablation.yaml,train,epoch,train,thresholded_partition,threshold,1357,1357.0,0,1357,False,False,3956.55322265625,3311.8244090362127,3429.1570965551514,nan,nan,False,148,7399.741534336532,4831.909135635894,0.38935,0.45719999999999994,3975773.25,0.504328191280365,nan,queue,queue,per_epoch_trace
squeeze_net_tosa,inputs/task_graph_topology/soda-benchmark-graphs/pytorch-graphs/squeeze_net_tosa.dot,/qfs/people/dass304/dass304/HWSWpartition/hw-sw-partition-metaheur/BatchExperiments/Ablation/diff_gnn_order_lssp_trace/squeeze_net_tosa/seed-42/run-20260412-143138/config/squeeze_net_tosa_seed-42_ablation.yaml,train,epoch,train,thresholded_partition,threshold,1358,1358.0,0,1358,False,False,3964.636474609375,3189.657173191789,3097.907702806731,nan,nan,False,150,7520.095979026079,4831.909135635894,0.3888999999999999,0.4568,4012398.5,0.5068748593330383,nan,queue,queue,per_epoch_trace
squeeze_net_tosa,inputs/task_graph_topology/soda-benchmark-graphs/pytorch-graphs/squeeze_net_tosa.dot,/qfs/people/dass304/dass304/HWSWpartition/hw-sw-partition-metaheur/BatchExperiments/Ablation/diff_gnn_order_lssp_trace/squeeze_net_tosa/seed-42/run-20260412-143138/config/squeeze_net_tosa_seed-42_ablation.yaml,train,epoch,train,thresholded_partition,threshold,1359,1359.0,0,1359,False,False,3907.145751953125,3097.284373125872,3374.3333994671107,nan,nan,False,149,7481.300715576588,4831.909135635894,0.38844999999999996,0.45640000000000003,3935564.5,0.5052844882011414,nan,queue,queue,per_epoch_trace
squeeze_net_tosa,inputs/task_graph_topology/soda-benchmark-graphs/pytorch-graphs/squeeze_net_tosa.dot,/qfs/people/dass304/dass304/HWSWpartition/hw-sw-partition-metaheur/BatchExperiments/Ablation/diff_gnn_order_lssp_trace/squeeze_net_tosa/seed-42/run-20260412-143138/config/squeeze_net_tosa_seed-42_ablation.yaml,train,epoch,train,thresholded_partition,threshold,1360,1360.0,0,1360,False,False,4188.419921875,3607.0329325832886,3635.3675491572953,nan,nan,False,147,7344.56330728419,4831.909135635894,0.3879999999999999,0.45599999999999996,4189066.25,0.5003829598426819,nan,queue,queue,per_epoch_trace
squeeze_net_tosa,inputs/task_graph_topology/soda-benchmark-graphs/pytorch-graphs/squeeze_net_tosa.dot,/qfs/people/dass304/dass304/HWSWpartition/hw-sw-partition-metaheur/BatchExperiments/Ablation/diff_gnn_order_lssp_trace/squeeze_net_tosa/seed-42/run-20260412-143138/config/squeeze_net_tosa_seed-42_ablation.yaml,train,epoch,train,thresholded_partition,threshold,1361,1361.0,0,1361,False,False,3946.123779296875,3503.360040669972,3572.8654699570384,nan,nan,False,147,7335.951976406909,4831.909135635894,0.38754999999999995,0.4556,3954669.0,0.4971642792224884,nan,queue,queue,per_epoch_trace
squeeze_net_tosa,inputs/task_graph_topology/soda-benchmark-graphs/pytorch-graphs/squeeze_net_tosa.dot,/qfs/people/dass304/dass304/HWSWpartition/hw-sw-partition-metaheur/BatchExperiments/Ablation/diff_gnn_order_lssp_trace/squeeze_net_tosa/seed-42/run-20260412-143138/config/squeeze_net_tosa_seed-42_ablation.yaml,train,epoch,train,thresholded_partition,threshold,1362,1362.0,0,1362,False,False,4181.49951171875,3746.2509779226184,3807.524483861045,nan,nan,False,145,7107.106887363675,4831.909135635894,0.3870999999999999,0.45519999999999994,4194559.0,0.49645665287971497,nan,queue,queue,per_epoch_trace
squeeze_net_tosa,inputs/task_graph_topology/soda-benchmark-graphs/pytorch-graphs/squeeze_net_tosa.dot,/qfs/people/dass304/dass304/HWSWpartition/hw-sw-partition-metaheur/BatchExperiments/Ablation/diff_gnn_order_lssp_trace/squeeze_net_tosa/seed-42/run-20260412-143138/config/squeeze_net_tosa_seed-42_ablation.yaml,train,epoch,train,thresholded_partition,threshold,1363,1363.0,0,1363,False,False,3871.509765625,3587.128774516867,3705.763075417544,nan,nan,False,148,7349.027029079119,4831.909135635894,0.38664999999999994,0.4548,4155760.75,0.5168443918228149,nan,queue,queue,per_epoch_trace
squeeze_net_tosa,inputs/task_graph_topology/soda-benchmark-graphs/pytorch-graphs/squeeze_net_tosa.dot,/qfs/people/dass304/dass304/HWSWpartition/hw-sw-partition-metaheur/BatchExperiments/Ablation/diff_gnn_order_lssp_trace/squeeze_net_tosa/seed-42/run-20260412-143138/config/squeeze_net_tosa_seed-42_ablation.yaml,train,epoch,train,thresholded_partition,threshold,1364,1364.0,0,1364,False,False,4017.374267578125,3605.287798259498,3820.0549873022233,nan,nan,False,147,7396.000135490097,4831.909135635894,0.3862,0.4543999999999999,4199825.0,0.51348876953125,nan,queue,queue,per_epoch_trace
squeeze_net_tosa,inputs/task_graph_topology/soda-benchmark-graphs/pytorch-graphs/squeeze_net_tosa.dot,/qfs/people/dass304/dass304/HWSWpartition/hw-sw-partition-metaheur/BatchExperiments/Ablation/diff_gnn_order_lssp_trace/squeeze_net_tosa/seed-42/run-20260412-143138/config/squeeze_net_tosa_seed-42_ablation.yaml,train,epoch,train,thresholded_partition,threshold,1365,1365.0,0,1365,False,False,3906.98681640625,3311.8244090362127,3682.8106675366403,nan,nan,False,148,7399.741534336532,4831.909135635894,0.38575000000000004,0.45399999999999996,3920244.25,0.5035727620124817,nan,queue,queue,per_epoch_trace
squeeze_net_tosa,inputs/task_graph_topology/soda-benchmark-graphs/pytorch-graphs/squeeze_net_tosa.dot,/qfs/people/dass304/dass304/HWSWpartition/hw-sw-partition-metaheur/BatchExperiments/Ablation/diff_gnn_order_lssp_trace/squeeze_net_tosa/seed-42/run-20260412-143138/config/squeeze_net_tosa_seed-42_ablation.yaml,train,epoch,train,thresholded_partition,threshold,1366,1366.0,0,1366,False,False,3907.366455078125,3463.1998486672505,3763.812330580467,nan,nan,False,148,7329.890412693956,4831.909135635894,0.3853,0.4535999999999999,3951260.0,0.5065876245498657,nan,queue,queue,per_epoch_trace
squeeze_net_tosa,inputs/task_graph_topology/soda-benchmark-graphs/pytorch-graphs/squeeze_net_tosa.dot,/qfs/people/dass304/dass304/HWSWpartition/hw-sw-partition-metaheur/BatchExperiments/Ablation/diff_gnn_order_lssp_trace/squeeze_net_tosa/seed-42/run-20260412-143138/config/squeeze_net_tosa_seed-42_ablation.yaml,train,epoch,train,thresholded_partition,threshold,1367,1367.0,0,1367,False,False,4007.28955078125,3302.4696217296773,3445.3760886421765,nan,nan,False,149,7418.419748137606,4831.909135635894,0.38485,0.45319999999999994,4028428.0,0.50454181432724,nan,queue,queue,per_epoch_trace
squeeze_net_tosa,inputs/task_graph_topology/soda-benchmark-graphs/pytorch-graphs/squeeze_net_tosa.dot,/qfs/people/dass304/dass304/HWSWpartition/hw-sw-partition-metaheur/BatchExperiments/Ablation/diff_gnn_order_lssp_trace/squeeze_net_tosa/seed-42/run-20260412-143138/config/squeeze_net_tosa_seed-42_ablation.yaml,train,epoch,train,thresholded_partition,threshold,1368,1368.0,0,1368,False,False,3921.76806640625,3248.178975968,3669.761572566065,nan,nan,False,151,7494.505013123235,4831.909135635894,0.38439999999999996,0.4528,3947077.25,0.504982054233551,nan,queue,queue,per_epoch_trace
squeeze_net_tosa,inputs/task_graph_topology/soda-benchmark-graphs/pytorch-graphs/squeeze_net_tosa.dot,/qfs/people/dass304/dass304/HWSWpartition/hw-sw-partition-metaheur/BatchExperiments/Ablation/diff_gnn_order_lssp_trace/squeeze_net_tosa/seed-42/run-20260412-143138/config/squeeze_net_tosa_seed-42_ablation.yaml,train,epoch,train,thresholded_partition,threshold,1369,1369.0,0,1369,False,False,4071.27587890625,3197.664806991613,3591.0013982004807,nan,nan,False,152,7514.092494083428,4831.909135635894,0.38395,0.4524,4102752.75,0.5055659413337708,nan,queue,queue,per_epoch_trace
squeeze_net_tosa,inputs/task_graph_topology/soda-benchmark-graphs/pytorch-graphs/squeeze_net_tosa.dot,/qfs/people/dass304/dass304/HWSWpartition/hw-sw-partition-metaheur/BatchExperiments/Ablation/diff_gnn_order_lssp_trace/squeeze_net_tosa/seed-42/run-20260412-143138/config/squeeze_net_tosa_seed-42_ablation.yaml,train,epoch,train,thresholded_partition,threshold,1370,1370.0,0,1370,False,False,3892.316162109375,3212.0455022539513,3551.2671591601224,nan,nan,False,149,7473.5793701794555,4831.909135635894,0.38349999999999995,0.45199999999999996,3944329.25,0.5071786046028137,nan,queue,queue,per_epoch_trace
squeeze_net_tosa,inputs/task_graph_topology/soda-benchmark-graphs/pytorch-graphs/squeeze_net_tosa.dot,/qfs/people/dass304/dass304/HWSWpartition/hw-sw-partition-metaheur/BatchExperiments/Ablation/diff_gnn_order_lssp_trace/squeeze_net_tosa/seed-42/run-20260412-143138/config/squeeze_net_tosa_seed-42_ablation.yaml,train,epoch,train,thresholded_partition,threshold,1371,1371.0,0,1371,False,False,3914.192626953125,3155.890008483813,3391.583871637246,nan,nan,False,150,7455.036909353299,4831.909135635894,0.38305,0.4516,3959799.75,0.5067172050476074,nan,queue,queue,per_epoch_trace
squeeze_net_tosa,inputs/task_graph_topology/soda-benchmark-graphs/pytorch-graphs/squeeze_net_tosa.dot,/qfs/people/dass304/dass304/HWSWpartition/hw-sw-partition-metaheur/BatchExperiments/Ablation/diff_gnn_order_lssp_trace/squeeze_net_tosa/seed-42/run-20260412-143138/config/squeeze_net_tosa_seed-42_ablation.yaml,train,epoch,train,thresholded_partition,threshold,1372,1372.0,0,1372,False,False,3785.4453125,3469.958779634672,3656.9684607880913,nan,nan,False,146,7274.17477214989,4831.909135635894,0.38259999999999994,0.45119999999999993,3896877.5,0.5105316638946533,nan,queue,queue,per_epoch_trace
squeeze_net_tosa,inputs/task_graph_topology/soda-benchmark-graphs/pytorch-graphs/squeeze_net_tosa.dot,/qfs/people/dass304/dass304/HWSWpartition/hw-sw-partition-metaheur/BatchExperiments/Ablation/diff_gnn_order_lssp_trace/squeeze_net_tosa/seed-42/run-20260412-143138/config/squeeze_net_tosa_seed-42_ablation.yaml,train,epoch,train,thresholded_partition,threshold,1373,1373.0,0,1373,False,False,3981.196533203125,3325.5674848064104,3324.3261215042917,nan,nan,False,148,7319.987392212374,4831.909135635894,0.38215,0.4508,4003423.5,0.5046604871749878,nan,queue,queue,per_epoch_trace
squeeze_net_tosa,inputs/task_graph_topology/soda-benchmark-graphs/pytorch-graphs/squeeze_net_tosa.dot,/qfs/people/dass304/dass304/HWSWpartition/hw-sw-partition-metaheur/BatchExperiments/Ablation/diff_gnn_order_lssp_trace/squeeze_net_tosa/seed-42/run-20260412-143138/config/squeeze_net_tosa_seed-42_ablation.yaml,train,epoch,train,thresholded_partition,threshold,1374,1374.0,0,1374,False,False,3875.6171875,3614.0672443391263,3634.171445195187,nan,nan,False,148,7333.000478824825,4831.909135635894,0.38169999999999993,0.4503999999999999,4018103.25,0.5119152069091797,nan,queue,queue,per_epoch_trace
squeeze_net_tosa,inputs/task_graph_topology/soda-benchmark-graphs/pytorch-graphs/squeeze_net_tosa.dot,/qfs/people/dass304/dass304/HWSWpartition/hw-sw-partition-metaheur/BatchExperiments/Ablation/diff_gnn_order_lssp_trace/squeeze_net_tosa/seed-42/run-20260412-143138/config/squeeze_net_tosa_seed-42_ablation.yaml,train,epoch,train,thresholded_partition,threshold,1375,1375.0,0,1375,False,False,3773.949951171875,3557.5647331227988,3894.7600596447433,nan,nan,False,148,7324.2872515650915,4831.909135635894,0.38125,0.44999999999999996,4045912.5,0.5164757370948792,nan,queue,queue,per_epoch_trace
squeeze_net_tosa,inputs/task_graph_topology/soda-benchmark-graphs/pytorch-graphs/squeeze_net_tosa.dot,/qfs/people/dass304/dass304/HWSWpartition/hw-sw-partition-metaheur/BatchExperiments/Ablation/diff_gnn_order_lssp_trace/squeeze_net_tosa/seed-42/run-20260412-143138/config/squeeze_net_tosa_seed-42_ablation.yaml,train,epoch,train,thresholded_partition,threshold,1376,1376.0,0,1376,False,False,3885.906982421875,3323.3231616888756,3845.525713740503,nan,nan,False,147,7238.384279768565,4831.909135635894,0.3808,0.4496,3897497.75,0.5033305287361145,nan,queue,queue,per_epoch_trace
squeeze_net_tosa,inputs/task_graph_topology/soda-benchmark-graphs/pytorch-graphs/squeeze_net_tosa.dot,/qfs/people/dass304/dass304/HWSWpartition/hw-sw-partition-metaheur/BatchExperiments/Ablation/diff_gnn_order_lssp_trace/squeeze_net_tosa/seed-42/run-20260412-143138/config/squeeze_net_tosa_seed-42_ablation.yaml,train,epoch,train,thresholded_partition,threshold,1377,1377.0,0,1377,False,False,3864.775390625,3638.8652728047123,3730.390078026781,nan,nan,False,148,7301.686150891718,4831.909135635894,0.38034999999999997,0.44919999999999993,4129528.25,0.5162558555603027,nan,queue,queue,per_epoch_trace
squeeze_net_tosa,inputs/task_graph_topology/soda-benchmark-graphs/pytorch-graphs/squeeze_net_tosa.dot,/qfs/people/dass304/dass304/HWSWpartition/hw-sw-partition-metaheur/BatchExperiments/Ablation/diff_gnn_order_lssp_trace/squeeze_net_tosa/seed-42/run-20260412-143138/config/squeeze_net_tosa_seed-42_ablation.yaml,train,epoch,train,thresholded_partition,threshold,1378,1378.0,0,1378,False,False,3810.798583984375,3529.236604957528,3885.1114467271377,nan,nan,False,149,7354.156612745243,4831.909135635894,0.3799,0.4488,3905450.75,0.5097029209136963,nan,queue,queue,per_epoch_trace
squeeze_net_tosa,inputs/task_graph_topology/soda-benchmark-graphs/pytorch-graphs/squeeze_net_tosa.dot,/qfs/people/dass304/dass304/HWSWpartition/hw-sw-partition-metaheur/BatchExperiments/Ablation/diff_gnn_order_lssp_trace/squeeze_net_tosa/seed-42/run-20260412-143138/config/squeeze_net_tosa_seed-42_ablation.yaml,train,epoch,train,thresholded_partition,threshold,1379,1379.0,0,1379,False,False,3797.785888671875,3190.6709761504203,3244.31542428902,nan,nan,False,149,7490.230462920961,4831.909135635894,0.37944999999999995,0.4484,3929969.0,0.5114757418632507,nan,queue,queue,per_epoch_trace
squeeze_net_tosa,inputs/task_graph_topology/soda-benchmark-graphs/pytorch-graphs/squeeze_net_tosa.dot,/qfs/people/dass304/dass304/HWSWpartition/hw-sw-partition-metaheur/BatchExperiments/Ablation/diff_gnn_order_lssp_trace/squeeze_net_tosa/seed-42/run-20260412-143138/config/squeeze_net_tosa_seed-42_ablation.yaml,train,epoch,train,thresholded_partition,threshold,1380,1380.0,0,1380,False,False,3906.11376953125,3510.909318217898,3984.293627540728,nan,nan,False,147,7389.677283857108,4831.909135635894,0.379,0.44800000000000006,3919390.75,0.5035752654075623,nan,queue,queue,per_epoch_trace
squeeze_net_tosa,inputs/task_graph_topology/soda-benchmark-graphs/pytorch-graphs/squeeze_net_tosa.dot,/qfs/people/dass304/dass304/HWSWpartition/hw-sw-partition-metaheur/BatchExperiments/Ablation/diff_gnn_order_lssp_trace/squeeze_net_tosa/seed-42/run-20260412-143138/config/squeeze_net_tosa_seed-42_ablation.yaml,train,epoch,train,thresholded_partition,threshold,1381,1381.0,0,1381,False,False,4047.115966796875,3765.8158991005134,3898.3406841104993,nan,nan,False,147,7283.979737624333,4831.909135635894,0.37854999999999994,0.4476,4054211.75,0.4974310100078583,nan,queue,queue,per_epoch_trace
squeeze_net_tosa,inputs/task_graph_topology/soda-benchmark-graphs/pytorch-graphs/squeeze_net_tosa.dot,/qfs/people/dass304/dass304/HWSWpartition/hw-sw-partition-metaheur/BatchExperiments/Ablation/diff_gnn_order_lssp_trace/squeeze_net_tosa/seed-42/run-20260412-143138/config/squeeze_net_tosa_seed-42_ablation.yaml,train,epoch,train,thresholded_partition,threshold,1382,1382.0,0,1382,False,False,3936.543701171875,3054.8114568714395,3237.5358273404004,nan,nan,False,151,7553.852218013035,4831.909135635894,0.3781,0.44720000000000004,3955164.0,0.5042577981948853,nan,queue,queue,per_epoch_trace
squeeze_net_tosa,inputs/task_graph_topology/soda-benchmark-graphs/pytorch-graphs/squeeze_net_tosa.dot,/qfs/people/dass304/dass304/HWSWpartition/hw-sw-partition-metaheur/BatchExperiments/Ablation/diff_gnn_order_lssp_trace/squeeze_net_tosa/seed-42/run-20260412-143138/config/squeeze_net_tosa_seed-42_ablation.yaml,train,epoch,train,thresholded_partition,threshold,1383,1383.0,0,1383,False,False,3946.25634765625,3672.467662272889,4003.9328163263394,nan,nan,False,146,7277.380687001471,4831.909135635894,0.37764999999999993,0.4468,3947732.0,0.49902763962745667,nan,queue,queue,per_epoch_trace
squeeze_net_tosa,inputs/task_graph_topology/soda-benchmark-graphs/pytorch-graphs/squeeze_net_tosa.dot,/qfs/people/dass304/dass304/HWSWpartition/hw-sw-partition-metaheur/BatchExperiments/Ablation/diff_gnn_order_lssp_trace/squeeze_net_tosa/seed-42/run-20260412-143138/config/squeeze_net_tosa_seed-42_ablation.yaml,train,epoch,train,thresholded_partition,threshold,1384,1384.0,0,1384,False,False,3804.589111328125,3302.4696217296773,3653.841655883685,nan,nan,False,149,7418.419748137606,4831.909135635894,0.3772,0.4464,4018075.75,0.5145938396453857,nan,queue,queue,per_epoch_trace
squeeze_net_tosa,inputs/task_graph_topology/soda-benchmark-graphs/pytorch-graphs/squeeze_net_tosa.dot,/qfs/people/dass304/dass304/HWSWpartition/hw-sw-partition-metaheur/BatchExperiments/Ablation/diff_gnn_order_lssp_trace/squeeze_net_tosa/seed-42/run-20260412-143138/config/squeeze_net_tosa_seed-42_ablation.yaml,train,epoch,train,thresholded_partition,threshold,1385,1385.0,0,1385,False,False,3928.607421875,3352.266541490661,3912.953970697919,nan,nan,False,148,7349.125305113615,4831.909135635894,0.37675000000000003,0.44599999999999995,3938510.0,0.5030662417411804,nan,queue,queue,per_epoch_trace
squeeze_net_tosa,inputs/task_graph_topology/soda-benchmark-graphs/pytorch-graphs/squeeze_net_tosa.dot,/qfs/people/dass304/dass304/HWSWpartition/hw-sw-partition-metaheur/BatchExperiments/Ablation/diff_gnn_order_lssp_trace/squeeze_net_tosa/seed-42/run-20260412-143138/config/squeeze_net_tosa_seed-42_ablation.yaml,train,epoch,train,thresholded_partition,threshold,1386,1386.0,0,1386,False,False,3887.735107421875,3473.7959992759047,3763.292238603423,nan,nan,False,147,7311.212198892882,4831.909135635894,0.3763000000000001,0.4456,3888505.75,0.4994955360889435,nan,queue,queue,per_epoch_trace
squeeze_net_tosa,inputs/task_graph_topology/soda-benchmark-graphs/pytorch-graphs/squeeze_net_tosa.dot,/qfs/people/dass304/dass304/HWSWpartition/hw-sw-partition-metaheur/BatchExperiments/Ablation/diff_gnn_order_lssp_trace/squeeze_net_tosa/seed-42/run-20260412-143138/config/squeeze_net_tosa_seed-42_ablation.yaml,train,epoch,train,thresholded_partition,threshold,1387,1387.0,0,1387,False,False,3819.212890625,3799.6789156538434,4093.312264072143,nan,nan,False,145,7184.881090987529,4831.909135635894,0.37585,0.44519999999999993,3951783.0,0.5114917755126953,nan,queue,queue,per_epoch_trace
squeeze_net_tosa,inputs/task_graph_topology/soda-benchmark-graphs/pytorch-graphs/squeeze_net_tosa.dot,/qfs/people/dass304/dass304/HWSWpartition/hw-sw-partition-metaheur/BatchExperiments/Ablation/diff_gnn_order_lssp_trace/squeeze_net_tosa/seed-42/run-20260412-143138/config/squeeze_net_tosa_seed-42_ablation.yaml,train,epoch,train,thresholded_partition,threshold,1388,1388.0,0,1388,False,False,3869.315185546875,3780.783104294051,3897.223793042362,nan,nan,False,143,7242.330794166254,4831.909135635894,0.37540000000000007,0.4448,3974567.75,0.5102350115776062,nan,queue,queue,per_epoch_trace
squeeze_net_tosa,inputs/task_graph_topology/soda-benchmark-graphs/pytorch-graphs/squeeze_net_tosa.dot,/qfs/people/dass304/dass304/HWSWpartition/hw-sw-partition-metaheur/BatchExperiments/Ablation/diff_gnn_order_lssp_trace/squeeze_net_tosa/seed-42/run-20260412-143138/config/squeeze_net_tosa_seed-42_ablation.yaml,train,epoch,train,thresholded_partition,threshold,1389,1389.0,0,1389,False,False,3791.218017578125,3674.8994133065567,4026.599107135758,nan,nan,False,144,7165.30224662214,4831.909135635894,0.37495,0.4444,3845914.75,0.5073598623275757,nan,queue,queue,per_epoch_trace
squeeze_net_tosa,inputs/task_graph_topology/soda-benchmark-graphs/pytorch-graphs/squeeze_net_tosa.dot,/qfs/people/dass304/dass304/HWSWpartition/hw-sw-partition-metaheur/BatchExperiments/Ablation/diff_gnn_order_lssp_trace/squeeze_net_tosa/seed-42/run-20260412-143138/config/squeeze_net_tosa_seed-42_ablation.yaml,train,epoch,train,thresholded_partition,threshold,1390,1390.0,0,1390,False,False,3992.208251953125,3744.013986499927,4082.2698553584346,nan,nan,False,145,7250.739689522977,4831.909135635894,0.37450000000000006,0.44400000000000006,3993592.75,0.499064177274704,nan,queue,queue,per_epoch_trace
squeeze_net_tosa,inputs/task_graph_topology/soda-benchmark-graphs/pytorch-graphs/squeeze_net_tosa.dot,/qfs/people/dass304/dass304/HWSWpartition/hw-sw-partition-metaheur/BatchExperiments/Ablation/diff_gnn_order_lssp_trace/squeeze_net_tosa/seed-42/run-20260412-143138/config/squeeze_net_tosa_seed-42_ablation.yaml,train,epoch,train,thresholded_partition,threshold,1391,1391.0,0,1391,False,False,3983.62158203125,3245.3190857848444,3557.0341913358993,nan,nan,False,151,7559.308633144527,4831.909135635894,0.37405,0.4436,3984142.25,0.5001820921897888,nan,queue,queue,per_epoch_trace
squeeze_net_tosa,inputs/task_graph_topology/soda-benchmark-graphs/pytorch-graphs/squeeze_net_tosa.dot,/qfs/people/dass304/dass304/HWSWpartition/hw-sw-partition-metaheur/BatchExperiments/Ablation/diff_gnn_order_lssp_trace/squeeze_net_tosa/seed-42/run-20260412-143138/config/squeeze_net_tosa_seed-42_ablation.yaml,train,epoch,train,thresholded_partition,threshold,1392,1392.0,0,1392,False,False,3879.991455078125,3339.583509085913,3615.437774781894,nan,nan,False,149,7506.937811927038,4831.909135635894,0.37360000000000004,0.44320000000000004,3929369.75,0.506991982460022,nan,queue,queue,per_epoch_trace
squeeze_net_tosa,inputs/task_graph_topology/soda-benchmark-graphs/pytorch-graphs/squeeze_net_tosa.dot,/qfs/people/dass304/dass304/HWSWpartition/hw-sw-partition-metaheur/BatchExperiments/Ablation/diff_gnn_order_lssp_trace/squeeze_net_tosa/seed-42/run-20260412-143138/config/squeeze_net_tosa_seed-42_ablation.yaml,train,epoch,train,thresholded_partition,threshold,1393,1393.0,0,1393,False,False,3802.560302734375,3358.866039314174,3328.688312587143,nan,nan,False,149,7434.446298391899,4831.909135635894,0.37315,0.44279999999999997,3894048.75,0.5095388889312744,nan,queue,queue,per_epoch_trace
squeeze_net_tosa,inputs/task_graph_topology/soda-benchmark-graphs/pytorch-graphs/squeeze_net_tosa.dot,/qfs/people/dass304/dass304/HWSWpartition/hw-sw-partition-metaheur/BatchExperiments/Ablation/diff_gnn_order_lssp_trace/squeeze_net_tosa/seed-42/run-20260412-143138/config/squeeze_net_tosa_seed-42_ablation.yaml,train,epoch,train,thresholded_partition,threshold,1394,1394.0,0,1394,False,False,3898.88134765625,3479.9253547801713,3775.2527693870766,nan,nan,False,146,7263.140703057931,4831.909135635894,0.37270000000000003,0.4424,3923678.25,0.5049295425415039,nan,queue,queue,per_epoch_trace
squeeze_net_tosa,inputs/task_graph_topology/soda-benchmark-graphs/pytorch-graphs/squeeze_net_tosa.dot,/qfs/people/dass304/dass304/HWSWpartition/hw-sw-partition-metaheur/BatchExperiments/Ablation/diff_gnn_order_lssp_trace/squeeze_net_tosa/seed-42/run-20260412-143138/config/squeeze_net_tosa_seed-42_ablation.yaml,train,epoch,train,thresholded_partition,threshold,1395,1395.0,0,1395,False,False,3862.088623046875,3587.944711633199,3573.331238981907,nan,nan,False,145,7187.404523536577,4831.909135635894,0.37224999999999997,0.44199999999999995,3967160.5,0.5102257132530212,nan,queue,queue,per_epoch_trace
squeeze_net_tosa,inputs/task_graph_topology/soda-benchmark-graphs/pytorch-graphs/squeeze_net_tosa.dot,/qfs/people/dass304/dass304/HWSWpartition/hw-sw-partition-metaheur/BatchExperiments/Ablation/diff_gnn_order_lssp_trace/squeeze_net_tosa/seed-42/run-20260412-143138/config/squeeze_net_tosa_seed-42_ablation.yaml,train,epoch,train,thresholded_partition,threshold,1396,1396.0,0,1396,False,False,3904.98876953125,3608.832506797629,3793.3798080754,nan,nan,False,146,7284.077792631471,4831.909135635894,0.3718,0.4416,3972622.25,0.5081930756568909,nan,queue,queue,per_epoch_trace
squeeze_net_tosa,inputs/task_graph_topology/soda-benchmark-graphs/pytorch-graphs/squeeze_net_tosa.dot,/qfs/people/dass304/dass304/HWSWpartition/hw-sw-partition-metaheur/BatchExperiments/Ablation/diff_gnn_order_lssp_trace/squeeze_net_tosa/seed-42/run-20260412-143138/config/squeeze_net_tosa_seed-42_ablation.yaml,train,epoch,train,thresholded_partition,threshold,1397,1397.0,0,1397,False,False,3843.34619140625,3374.2725882615237,3645.835566610375,nan,nan,False,148,7358.011616069151,4831.909135635894,0.37134999999999996,0.4411999999999999,4038595.0,0.5139557719230652,nan,queue,queue,per_epoch_trace
squeeze_net_tosa,inputs/task_graph_topology/soda-benchmark-graphs/pytorch-graphs/squeeze_net_tosa.dot,/qfs/people/dass304/dass304/HWSWpartition/hw-sw-partition-metaheur/BatchExperiments/Ablation/diff_gnn_order_lssp_trace/squeeze_net_tosa/seed-42/run-20260412-143138/config/squeeze_net_tosa_seed-42_ablation.yaml,train,epoch,train,thresholded_partition,threshold,1398,1398.0,0,1398,False,False,3920.624755859375,3848.6725792600414,4137.377162747227,nan,nan,False,143,7084.1983867336185,4831.909135635894,0.3709,0.44079999999999997,3961763.5,0.506374716758728,nan,queue,queue,per_epoch_trace
squeeze_net_tosa,inputs/task_graph_topology/soda-benchmark-graphs/pytorch-graphs/squeeze_net_tosa.dot,/qfs/people/dass304/dass304/HWSWpartition/hw-sw-partition-metaheur/BatchExperiments/Ablation/diff_gnn_order_lssp_trace/squeeze_net_tosa/seed-42/run-20260412-143138/config/squeeze_net_tosa_seed-42_ablation.yaml,train,epoch,train,thresholded_partition,threshold,1399,1399.0,0,1399,False,False,3928.392333984375,3981.488765861887,4063.1210506001694,nan,nan,False,146,7199.616562648535,4831.909135635894,0.37044999999999995,0.4404,4009075.25,0.5089544653892517,nan,queue,queue,per_epoch_trace
squeeze_net_tosa,inputs/task_graph_topology/soda-benchmark-graphs/pytorch-graphs/squeeze_net_tosa.dot,/qfs/people/dass304/dass304/HWSWpartition/hw-sw-partition-metaheur/BatchExperiments/Ablation/diff_gnn_order_lssp_trace/squeeze_net_tosa/seed-42/run-20260412-143138/config/squeeze_net_tosa_seed-42_ablation.yaml,train,epoch,train,thresholded_partition,threshold,1400,1400.0,0,1400,False,False,4022.998779296875,3718.6715622950146,3773.0700862768567,nan,nan,False,146,7301.956675491471,4831.909135635894,0.37,0.44000000000000006,4127995.25,0.5102229118347168,nan,queue,queue,per_epoch_trace
squeeze_net_tosa,inputs/task_graph_topology/soda-benchmark-graphs/pytorch-graphs/squeeze_net_tosa.dot,/qfs/people/dass304/dass304/HWSWpartition/hw-sw-partition-metaheur/BatchExperiments/Ablation/diff_gnn_order_lssp_trace/squeeze_net_tosa/seed-42/run-20260412-143138/config/squeeze_net_tosa_seed-42_ablation.yaml,train,epoch,train,thresholded_partition,threshold,1401,1401.0,0,1401,False,False,3804.889892578125,3528.40600651303,3765.0860659488003,nan,nan,False,148,7503.82770187701,4831.909135635894,0.36954999999999993,0.4396,3970322.25,0.5128428339958191,nan,queue,queue,per_epoch_trace
squeeze_net_tosa,inputs/task_graph_topology/soda-benchmark-graphs/pytorch-graphs/squeeze_net_tosa.dot,/qfs/people/dass304/dass304/HWSWpartition/hw-sw-partition-metaheur/BatchExperiments/Ablation/diff_gnn_order_lssp_trace/squeeze_net_tosa/seed-42/run-20260412-143138/config/squeeze_net_tosa_seed-42_ablation.yaml,train,epoch,train,thresholded_partition,threshold,1402,1402.0,0,1402,False,False,4042.27783203125,3068.7967199170494,3531.2398080387325,nan,nan,False,151,7519.39199024194,4831.909135635894,0.3691,0.43920000000000003,4056070.5,0.5036487579345703,nan,queue,queue,per_epoch_trace
squeeze_net_tosa,inputs/task_graph_topology/soda-benchmark-graphs/pytorch-graphs/squeeze_net_tosa.dot,/qfs/people/dass304/dass304/HWSWpartition/hw-sw-partition-metaheur/BatchExperiments/Ablation/diff_gnn_order_lssp_trace/squeeze_net_tosa/seed-42/run-20260412-143138/config/squeeze_net_tosa_seed-42_ablation.yaml,train,epoch,train,thresholded_partition,threshold,1403,1403.0,0,1403,False,False,4094.263671875,3142.513737449772,3485.7769857545795,nan,nan,False,150,7496.186374219596,4831.909135635894,0.3686499999999999,0.43879999999999997,4111816.0,0.49586811661720276,nan,queue,queue,per_epoch_trace
squeeze_net_tosa,inputs/task_graph_topology/soda-benchmark-graphs/pytorch-graphs/squeeze_net_tosa.dot,/qfs/people/dass304/dass304/HWSWpartition/hw-sw-partition-metaheur/BatchExperiments/Ablation/diff_gnn_order_lssp_trace/squeeze_net_tosa/seed-42/run-20260412-143138/config/squeeze_net_tosa_seed-42_ablation.yaml,train,epoch,train,thresholded_partition,threshold,1404,1404.0,0,1404,False,False,4064.124267578125,3199.9604785049964,3390.560265619401,nan,nan,False,148,7452.061987567591,4831.909135635894,0.36819999999999997,0.4384,4067507.0,0.5017017126083374,nan,queue,queue,per_epoch_trace
squeeze_net_tosa,inputs/task_graph_topology/soda-benchmark-graphs/pytorch-graphs/squeeze_net_tosa.dot,/qfs/people/dass304/dass304/HWSWpartition/hw-sw-partition-metaheur/BatchExperiments/Ablation/diff_gnn_order_lssp_trace/squeeze_net_tosa/seed-42/run-20260412-143138/config/squeeze_net_tosa_seed-42_ablation.yaml,train,epoch,train,thresholded_partition,threshold,1405,1405.0,0,1405,False,False,3929.553466796875,3452.3278977474915,3684.9880452119373,nan,nan,False,148,7360.131454954395,4831.909135635894,0.36775,0.43799999999999994,3934348.0,0.49792560935020447,nan,queue,queue,per_epoch_trace
squeeze_net_tosa,inputs/task_graph_topology/soda-benchmark-graphs/pytorch-graphs/squeeze_net_tosa.dot,/qfs/people/dass304/dass304/HWSWpartition/hw-sw-partition-metaheur/BatchExperiments/Ablation/diff_gnn_order_lssp_trace/squeeze_net_tosa/seed-42/run-20260412-143138/config/squeeze_net_tosa_seed-42_ablation.yaml,train,epoch,train,thresholded_partition,threshold,1406,1406.0,0,1406,False,False,3977.54541015625,3279.9077038059754,3301.2950165356856,nan,nan,False,148,7363.614777198016,4831.909135635894,0.36730000000000007,0.4376,3982234.5,0.5020498633384705,nan,queue,queue,per_epoch_trace
squeeze_net_tosa,inputs/task_graph_topology/soda-benchmark-graphs/pytorch-graphs/squeeze_net_tosa.dot,/qfs/people/dass304/dass304/HWSWpartition/hw-sw-partition-metaheur/BatchExperiments/Ablation/diff_gnn_order_lssp_trace/squeeze_net_tosa/seed-42/run-20260412-143138/config/squeeze_net_tosa_seed-42_ablation.yaml,train,epoch,train,thresholded_partition,threshold,1407,1407.0,0,1407,False,False,3870.349365234375,3479.1135288984137,4159.004124012401,nan,nan,False,146,7227.702800014056,4831.909135635894,0.36685,0.4371999999999999,3871016.5,0.5003873109817505,nan,queue,queue,per_epoch_trace
squeeze_net_tosa,inputs/task_graph_topology/soda-benchmark-graphs/pytorch-graphs/squeeze_net_tosa.dot,/qfs/people/dass304/dass304/HWSWpartition/hw-sw-partition-metaheur/BatchExperiments/Ablation/diff_gnn_order_lssp_trace/squeeze_net_tosa/seed-42/run-20260412-143138/config/squeeze_net_tosa_seed-42_ablation.yaml,train,epoch,train,thresholded_partition,threshold,1408,1408.0,0,1408,False,False,3727.4765625,3566.0428112498676,3755.9469841956616,nan,nan,False,147,7405.932979153453,4831.909135635894,0.36640000000000006,0.43679999999999997,3966926.75,0.5154576301574707,nan,queue,queue,per_epoch_trace
squeeze_net_tosa,inputs/task_graph_topology/soda-benchmark-graphs/pytorch-graphs/squeeze_net_tosa.dot,/qfs/people/dass304/dass304/HWSWpartition/hw-sw-partition-metaheur/BatchExperiments/Ablation/diff_gnn_order_lssp_trace/squeeze_net_tosa/seed-42/run-20260412-143138/config/squeeze_net_tosa_seed-42_ablation.yaml,train,epoch,train,thresholded_partition,threshold,1409,1409.0,0,1409,False,False,3930.90625,4101.333798549542,4192.589723781184,nan,nan,False,144,7141.304920793485,4831.909135635894,0.36595,0.4364,3946181.5,0.5038412809371948,nan,queue,queue,per_epoch_trace
squeeze_net_tosa,inputs/task_graph_topology/soda-benchmark-graphs/pytorch-graphs/squeeze_net_tosa.dot,/qfs/people/dass304/dass304/HWSWpartition/hw-sw-partition-metaheur/BatchExperiments/Ablation/diff_gnn_order_lssp_trace/squeeze_net_tosa/seed-42/run-20260412-143138/config/squeeze_net_tosa_seed-42_ablation.yaml,train,epoch,train,thresholded_partition,threshold,1410,1410.0,0,1410,False,False,3902.26171875,3254.2851093537724,3452.216726899295,nan,nan,False,148,7457.455365606011,4831.909135635894,0.36550000000000005,0.43600000000000005,4122187.25,0.5148122906684875,nan,queue,queue,per_epoch_trace
squeeze_net_tosa,inputs/task_graph_topology/soda-benchmark-graphs/pytorch-graphs/squeeze_net_tosa.dot,/qfs/people/dass304/dass304/HWSWpartition/hw-sw-partition-metaheur/BatchExperiments/Ablation/diff_gnn_order_lssp_trace/squeeze_net_tosa/seed-42/run-20260412-143138/config/squeeze_net_tosa_seed-42_ablation.yaml,train,epoch,train,thresholded_partition,threshold,1411,1411.0,0,1411,False,False,3727.509765625,3286.537562162856,3516.0375651366353,nan,nan,False,147,7364.433931837011,4831.909135635894,0.36505,0.4356,3924057.25,0.5140016078948975,nan,queue,queue,per_epoch_trace
squeeze_net_tosa,inputs/task_graph_topology/soda-benchmark-graphs/pytorch-graphs/squeeze_net_tosa.dot,/qfs/people/dass304/dass304/HWSWpartition/hw-sw-partition-metaheur/BatchExperiments/Ablation/diff_gnn_order_lssp_trace/squeeze_net_tosa/seed-42/run-20260412-143138/config/squeeze_net_tosa_seed-42_ablation.yaml,train,epoch,train,thresholded_partition,threshold,1412,1412.0,0,1412,False,False,3819.12353515625,2947.423952309628,3409.495979556155,nan,nan,False,150,7505.880912610369,4831.909135635894,0.36460000000000004,0.43520000000000003,3926074.75,0.5103180408477783,nan,queue,queue,per_epoch_trace
squeeze_net_tosa,inputs/task_graph_topology/soda-benchmark-graphs/pytorch-graphs/squeeze_net_tosa.dot,/qfs/people/dass304/dass304/HWSWpartition/hw-sw-partition-metaheur/BatchExperiments/Ablation/diff_gnn_order_lssp_trace/squeeze_net_tosa/seed-42/run-20260412-143138/config/squeeze_net_tosa_seed-42_ablation.yaml,train,epoch,train,thresholded_partition,threshold,1413,1413.0,0,1413,False,False,3776.891845703125,3200.1522589092506,3720.8418716362125,nan,nan,False,148,7376.906101084561,4831.909135635894,0.36415,0.43479999999999996,3970337.25,0.5138904452323914,nan,queue,queue,per_epoch_trace
squeeze_net_tosa,inputs/task_graph_topology/soda-benchmark-graphs/pytorch-graphs/squeeze_net_tosa.dot,/qfs/people/dass304/dass304/HWSWpartition/hw-sw-partition-metaheur/BatchExperiments/Ablation/diff_gnn_order_lssp_trace/squeeze_net_tosa/seed-42/run-20260412-143138/config/squeeze_net_tosa_seed-42_ablation.yaml,train,epoch,train,thresholded_partition,threshold,1414,1414.0,0,1414,False,False,4046.678955078125,2889.764250466005,3049.8687830865833,nan,nan,False,150,7496.956174138528,4831.909135635894,0.3637,0.4344,4048638.0,0.4987873435020447,nan,queue,queue,per_epoch_trace
squeeze_net_tosa,inputs/task_graph_topology/soda-benchmark-graphs/pytorch-graphs/squeeze_net_tosa.dot,/qfs/people/dass304/dass304/HWSWpartition/hw-sw-partition-metaheur/BatchExperiments/Ablation/diff_gnn_order_lssp_trace/squeeze_net_tosa/seed-42/run-20260412-143138/config/squeeze_net_tosa_seed-42_ablation.yaml,train,epoch,train,thresholded_partition,threshold,1415,1415.0,0,1415,False,False,3955.628173828125,3050.247133558299,3251.8635579238803,nan,nan,False,152,7542.4017002757855,4831.909135635894,0.36324999999999996,0.43399999999999994,3999748.5,0.5066065788269043,nan,queue,queue,per_epoch_trace
squeeze_net_tosa,inputs/task_graph_topology/soda-benchmark-graphs/pytorch-graphs/squeeze_net_tosa.dot,/qfs/people/dass304/dass304/HWSWpartition/hw-sw-partition-metaheur/BatchExperiments/Ablation/diff_gnn_order_lssp_trace/squeeze_net_tosa/seed-42/run-20260412-143138/config/squeeze_net_tosa_seed-42_ablation.yaml,train,epoch,train,thresholded_partition,threshold,1416,1416.0,0,1416,False,False,3878.621826171875,3493.0661977981895,3848.7666592534174,nan,nan,False,149,7435.327603454125,4831.909135635894,0.3628,0.4336,3943457.25,0.5080219507217407,nan,queue,queue,per_epoch_trace
squeeze_net_tosa,inputs/task_graph_topology/soda-benchmark-graphs/pytorch-graphs/squeeze_net_tosa.dot,/qfs/people/dass304/dass304/HWSWpartition/hw-sw-partition-metaheur/BatchExperiments/Ablation/diff_gnn_order_lssp_trace/squeeze_net_tosa/seed-42/run-20260412-143138/config/squeeze_net_tosa_seed-42_ablation.yaml,train,epoch,train,thresholded_partition,threshold,1417,1417.0,0,1417,False,False,3955.401123046875,3068.7967199170494,3744.5889200818515,nan,nan,False,151,7519.39199024194,4831.909135635894,0.36234999999999995,0.4331999999999999,4005530.25,0.5070458650588989,nan,queue,queue,per_epoch_trace
squeeze_net_tosa,inputs/task_graph_topology/soda-benchmark-graphs/pytorch-graphs/squeeze_net_tosa.dot,/qfs/people/dass304/dass304/HWSWpartition/hw-sw-partition-metaheur/BatchExperiments/Ablation/diff_gnn_order_lssp_trace/squeeze_net_tosa/seed-42/run-20260412-143138/config/squeeze_net_tosa_seed-42_ablation.yaml,train,epoch,train,thresholded_partition,threshold,1418,1418.0,0,1418,False,False,4184.49169921875,2950.402820341666,3272.1543573994936,nan,nan,False,151,7506.297239547316,4831.909135635894,0.3619,0.43279999999999996,4184987.25,0.5001018643379211,nan,queue,queue,per_epoch_trace
squeeze_net_tosa,inputs/task_graph_topology/soda-benchmark-graphs/pytorch-graphs/squeeze_net_tosa.dot,/qfs/people/dass304/dass304/HWSWpartition/hw-sw-partition-metaheur/BatchExperiments/Ablation/diff_gnn_order_lssp_trace/squeeze_net_tosa/seed-42/run-20260412-143138/config/squeeze_net_tosa_seed-42_ablation.yaml,train,epoch,train,thresholded_partition,threshold,1419,1419.0,0,1419,False,False,3970.01611328125,2984.6985871624815,3419.4987392996686,nan,nan,False,150,7490.29242898072,4831.909135635894,0.36144999999999994,0.4324,3978506.75,0.5028300881385803,nan,queue,queue,per_epoch_trace
squeeze_net_tosa,inputs/task_graph_topology/soda-benchmark-graphs/pytorch-graphs/squeeze_net_tosa.dot,/qfs/people/dass304/dass304/HWSWpartition/hw-sw-partition-metaheur/BatchExperiments/Ablation/diff_gnn_order_lssp_trace/squeeze_net_tosa/seed-42/run-20260412-143138/config/squeeze_net_tosa_seed-42_ablation.yaml,train,epoch,train,thresholded_partition,threshold,1420,1420.0,0,1420,False,False,3995.042724609375,3262.0784480486514,3682.276755595159,nan,nan,False,148,7313.752085071985,4831.909135635894,0.361,0.43200000000000005,3995567.0,0.49980056285858154,nan,queue,queue,per_epoch_trace
squeeze_net_tosa,inputs/task_graph_topology/soda-benchmark-graphs/pytorch-graphs/squeeze_net_tosa.dot,/qfs/people/dass304/dass304/HWSWpartition/hw-sw-partition-metaheur/BatchExperiments/Ablation/diff_gnn_order_lssp_trace/squeeze_net_tosa/seed-42/run-20260412-143138/config/squeeze_net_tosa_seed-42_ablation.yaml,train,epoch,train,thresholded_partition,threshold,1421,1421.0,0,1421,False,False,4076.824951171875,2862.8672501913093,3138.101567867908,nan,nan,False,151,7559.697550147159,4831.909135635894,0.3605499999999999,0.4316,4123384.75,0.5067867636680603,nan,queue,queue,per_epoch_trace
squeeze_net_tosa,inputs/task_graph_topology/soda-benchmark-graphs/pytorch-graphs/squeeze_net_tosa.dot,/qfs/people/dass304/dass304/HWSWpartition/hw-sw-partition-metaheur/BatchExperiments/Ablation/diff_gnn_order_lssp_trace/squeeze_net_tosa/seed-42/run-20260412-143138/config/squeeze_net_tosa_seed-42_ablation.yaml,train,epoch,train,thresholded_partition,threshold,1422,1422.0,0,1422,False,False,3896.233642578125,3235.519048187642,3396.8677022052584,nan,nan,False,149,7438.263749212429,4831.909135635894,0.3601,0.4312,4082701.0,0.5136365294456482,nan,queue,queue,per_epoch_trace
squeeze_net_tosa,inputs/task_graph_topology/soda-benchmark-graphs/pytorch-graphs/squeeze_net_tosa.dot,/qfs/people/dass304/dass304/HWSWpartition/hw-sw-partition-metaheur/BatchExperiments/Ablation/diff_gnn_order_lssp_trace/squeeze_net_tosa/seed-42/run-20260412-143138/config/squeeze_net_tosa_seed-42_ablation.yaml,train,epoch,train,thresholded_partition,threshold,1423,1423.0,0,1423,False,False,3845.13134765625,3344.547821668469,3469.5262974715447,nan,nan,False,147,7292.595951151567,4831.909135635894,0.3596499999999999,0.43079999999999996,3912760.75,0.5081930756568909,nan,queue,queue,per_epoch_trace
squeeze_net_tosa,inputs/task_graph_topology/soda-benchmark-graphs/pytorch-graphs/squeeze_net_tosa.dot,/qfs/people/dass304/dass304/HWSWpartition/hw-sw-partition-metaheur/BatchExperiments/Ablation/diff_gnn_order_lssp_trace/squeeze_net_tosa/seed-42/run-20260412-143138/config/squeeze_net_tosa_seed-42_ablation.yaml,train,epoch,train,thresholded_partition,threshold,1424,1424.0,0,1424,False,False,4139.7978515625,3789.472869133279,3896.065437660947,nan,nan,False,142,7062.899257106966,4831.909135635894,0.35919999999999996,0.4304,4183726.25,0.5065881609916687,nan,queue,queue,per_epoch_trace
squeeze_net_tosa,inputs/task_graph_topology/soda-benchmark-graphs/pytorch-graphs/squeeze_net_tosa.dot,/qfs/people/dass304/dass304/HWSWpartition/hw-sw-partition-metaheur/BatchExperiments/Ablation/diff_gnn_order_lssp_trace/squeeze_net_tosa/seed-42/run-20260412-143138/config/squeeze_net_tosa_seed-42_ablation.yaml,train,epoch,train,thresholded_partition,threshold,1425,1425.0,0,1425,False,False,3788.491455078125,3190.428270757148,3361.9928546506076,nan,nan,False,148,7381.1252865952165,4831.909135635894,0.35875,0.42999999999999994,4010174.75,0.5148718953132629,nan,queue,queue,per_epoch_trace
squeeze_net_tosa,inputs/task_graph_topology/soda-benchmark-graphs/pytorch-graphs/squeeze_net_tosa.dot,/qfs/people/dass304/dass304/HWSWpartition/hw-sw-partition-metaheur/BatchExperiments/Ablation/diff_gnn_order_lssp_trace/squeeze_net_tosa/seed-42/run-20260412-143138/config/squeeze_net_tosa_seed-42_ablation.yaml,train,epoch,train,thresholded_partition,threshold,1426,1426.0,0,1426,False,False,3839.855224609375,3257.6928521641453,3478.659308627152,nan,nan,False,148,7407.311892130489,4831.909135635894,0.35830000000000006,0.4296,3851315.5,0.5033103227615356,nan,queue,queue,per_epoch_trace
squeeze_net_tosa,inputs/task_graph_topology/soda-benchmark-graphs/pytorch-graphs/squeeze_net_tosa.dot,/qfs/people/dass304/dass304/HWSWpartition/hw-sw-partition-metaheur/BatchExperiments/Ablation/diff_gnn_order_lssp_trace/squeeze_net_tosa/seed-42/run-20260412-143138/config/squeeze_net_tosa_seed-42_ablation.yaml,train,epoch,train,thresholded_partition,threshold,1427,1427.0,0,1427,False,False,3997.829345703125,3418.361046520558,4033.579243164319,nan,nan,False,149,7426.991939162519,4831.909135635894,0.35785,0.4291999999999999,3999112.0,0.5008941888809204,nan,queue,queue,per_epoch_trace
squeeze_net_tosa,inputs/task_graph_topology/soda-benchmark-graphs/pytorch-graphs/squeeze_net_tosa.dot,/qfs/people/dass304/dass304/HWSWpartition/hw-sw-partition-metaheur/BatchExperiments/Ablation/diff_gnn_order_lssp_trace/squeeze_net_tosa/seed-42/run-20260412-143138/config/squeeze_net_tosa_seed-42_ablation.yaml,train,epoch,train,thresholded_partition,threshold,1428,1428.0,0,1428,False,False,3884.21923828125,3344.547821668469,3401.8497586765593,nan,nan,False,147,7292.595951151567,4831.909135635894,0.35740000000000005,0.42879999999999996,3903514.75,0.5043354034423828,nan,queue,queue,per_epoch_trace
squeeze_net_tosa,inputs/task_graph_topology/soda-benchmark-graphs/pytorch-graphs/squeeze_net_tosa.dot,/qfs/people/dass304/dass304/HWSWpartition/hw-sw-partition-metaheur/BatchExperiments/Ablation/diff_gnn_order_lssp_trace/squeeze_net_tosa/seed-42/run-20260412-143138/config/squeeze_net_tosa_seed-42_ablation.yaml,train,epoch,train,thresholded_partition,threshold,1429,1429.0,0,1429,False,False,3882.419189453125,2989.663559409449,3312.437844183524,nan,nan,False,149,7489.756908036925,4831.909135635894,0.35695,0.4284,3890659.0,0.5027833580970764,nan,queue,queue,per_epoch_trace
squeeze_net_tosa,inputs/task_graph_topology/soda-benchmark-graphs/pytorch-graphs/squeeze_net_tosa.dot,/qfs/people/dass304/dass304/HWSWpartition/hw-sw-partition-metaheur/BatchExperiments/Ablation/diff_gnn_order_lssp_trace/squeeze_net_tosa/seed-42/run-20260412-143138/config/squeeze_net_tosa_seed-42_ablation.yaml,train,epoch,train,thresholded_partition,threshold,1430,1430.0,0,1430,False,False,3850.882080078125,3344.647553837503,3517.561818384848,nan,nan,False,146,7366.531401414977,4831.909135635894,0.35650000000000004,0.42800000000000005,3887091.0,0.5059759616851807,nan,queue,queue,per_epoch_trace
squeeze_net_tosa,inputs/task_graph_topology/soda-benchmark-graphs/pytorch-graphs/squeeze_net_tosa.dot,/qfs/people/dass304/dass304/HWSWpartition/hw-sw-partition-metaheur/BatchExperiments/Ablation/diff_gnn_order_lssp_trace/squeeze_net_tosa/seed-42/run-20260412-143138/config/squeeze_net_tosa_seed-42_ablation.yaml,train,epoch,train,thresholded_partition,threshold,1431,1431.0,0,1431,False,False,3842.448974609375,3167.3304076804147,3405.8419269680094,nan,nan,False,150,7498.235856321522,4831.909135635894,0.35605,0.4276,3884896.0,0.5064768195152283,nan,queue,queue,per_epoch_trace
squeeze_net_tosa,inputs/task_graph_topology/soda-benchmark-graphs/pytorch-graphs/squeeze_net_tosa.dot,/qfs/people/dass304/dass304/HWSWpartition/hw-sw-partition-metaheur/BatchExperiments/Ablation/diff_gnn_order_lssp_trace/squeeze_net_tosa/seed-42/run-20260412-143138/config/squeeze_net_tosa_seed-42_ablation.yaml,train,epoch,train,thresholded_partition,threshold,1432,1432.0,0,1432,False,False,3874.673095703125,3334.9736475375707,3656.7835260191346,nan,nan,False,147,7352.298453499142,4831.909135635894,0.3556,0.4272,4068262.0,0.5138951539993286,nan,queue,queue,per_epoch_trace
squeeze_net_tosa,inputs/task_graph_topology/soda-benchmark-graphs/pytorch-graphs/squeeze_net_tosa.dot,/qfs/people/dass304/dass304/HWSWpartition/hw-sw-partition-metaheur/BatchExperiments/Ablation/diff_gnn_order_lssp_trace/squeeze_net_tosa/seed-42/run-20260412-143138/config/squeeze_net_tosa_seed-42_ablation.yaml,train,epoch,train,thresholded_partition,threshold,1433,1433.0,0,1433,False,False,3859.953857421875,3665.331630909664,3975.7750593119704,nan,nan,False,146,7247.422640963259,4831.909135635894,0.35514999999999997,0.42679999999999996,3900634.0,0.50633704662323,nan,queue,queue,per_epoch_trace
squeeze_net_tosa,inputs/task_graph_topology/soda-benchmark-graphs/pytorch-graphs/squeeze_net_tosa.dot,/qfs/people/dass304/dass304/HWSWpartition/hw-sw-partition-metaheur/BatchExperiments/Ablation/diff_gnn_order_lssp_trace/squeeze_net_tosa/seed-42/run-20260412-143138/config/squeeze_net_tosa_seed-42_ablation.yaml,train,epoch,train,thresholded_partition,threshold,1434,1434.0,0,1434,False,False,3760.79736328125,3473.7959992759047,3719.114732827988,nan,nan,False,147,7311.212198892882,4831.909135635894,0.3547,0.4264,4012926.5,0.5158631801605225,nan,queue,queue,per_epoch_trace
squeeze_net_tosa,inputs/task_graph_topology/soda-benchmark-graphs/pytorch-graphs/squeeze_net_tosa.dot,/qfs/people/dass304/dass304/HWSWpartition/hw-sw-partition-metaheur/BatchExperiments/Ablation/diff_gnn_order_lssp_trace/squeeze_net_tosa/seed-42/run-20260412-143138/config/squeeze_net_tosa_seed-42_ablation.yaml,train,epoch,train,thresholded_partition,threshold,1435,1435.0,0,1435,False,False,3882.15869140625,3518.3481113615676,3715.862441599568,nan,nan,False,146,7347.231808644047,4831.909135635894,0.35424999999999995,0.42599999999999993,3919511.0,0.5060697793960571,nan,queue,queue,per_epoch_trace
squeeze_net_tosa,inputs/task_graph_topology/soda-benchmark-graphs/pytorch-graphs/squeeze_net_tosa.dot,/qfs/people/dass304/dass304/HWSWpartition/hw-sw-partition-metaheur/BatchExperiments/Ablation/diff_gnn_order_lssp_trace/squeeze_net_tosa/seed-42/run-20260412-143138/config/squeeze_net_tosa_seed-42_ablation.yaml,train,epoch,train,thresholded_partition,threshold,1436,1436.0,0,1436,False,False,3850.998046875,3167.3304076804147,3216.2381580956676,nan,nan,False,149,7479.557642520448,4831.909135635894,0.3538,0.4256,3948608.0,0.5098549723625183,nan,queue,queue,per_epoch_trace
squeeze_net_tosa,inputs/task_graph_topology/soda-benchmark-graphs/pytorch-graphs/squeeze_net_tosa.dot,/qfs/people/dass304/dass304/HWSWpartition/hw-sw-partition-metaheur/BatchExperiments/Ablation/diff_gnn_order_lssp_trace/squeeze_net_tosa/seed-42/run-20260412-143138/config/squeeze_net_tosa_seed-42_ablation.yaml,train,epoch,train,thresholded_partition,threshold,1437,1437.0,0,1437,False,False,3745.462890625,3321.449958591736,3426.718018012161,nan,nan,False,148,7391.028307076798,4831.909135635894,0.35334999999999994,0.4251999999999999,3978708.5,0.5152564644813538,nan,queue,queue,per_epoch_trace
squeeze_net_tosa,inputs/task_graph_topology/soda-benchmark-graphs/pytorch-graphs/squeeze_net_tosa.dot,/qfs/people/dass304/dass304/HWSWpartition/hw-sw-partition-metaheur/BatchExperiments/Ablation/diff_gnn_order_lssp_trace/squeeze_net_tosa/seed-42/run-20260412-143138/config/squeeze_net_tosa_seed-42_ablation.yaml,train,epoch,train,thresholded_partition,threshold,1438,1438.0,0,1438,False,False,3921.097412109375,3327.6526138226604,3761.987811892703,nan,nan,False,149,7425.162130781687,4831.909135635894,0.3529,0.42479999999999996,3940766.25,0.5043795704841614,nan,queue,queue,per_epoch_trace
squeeze_net_tosa,inputs/task_graph_topology/soda-benchmark-graphs/pytorch-graphs/squeeze_net_tosa.dot,/qfs/people/dass304/dass304/HWSWpartition/hw-sw-partition-metaheur/BatchExperiments/Ablation/diff_gnn_order_lssp_trace/squeeze_net_tosa/seed-42/run-20260412-143138/config/squeeze_net_tosa_seed-42_ablation.yaml,train,epoch,train,thresholded_partition,threshold,1439,1439.0,0,1439,False,False,3966.386474609375,3303.0055668827094,3370.858126389207,nan,nan,False,147,7265.182421272785,4831.909135635894,0.35244999999999993,0.4244,3968156.5,0.501128077507019,nan,queue,queue,per_epoch_trace
squeeze_net_tosa,inputs/task_graph_topology/soda-benchmark-graphs/pytorch-graphs/squeeze_net_tosa.dot,/qfs/people/dass304/dass304/HWSWpartition/hw-sw-partition-metaheur/BatchExperiments/Ablation/diff_gnn_order_lssp_trace/squeeze_net_tosa/seed-42/run-20260412-143138/config/squeeze_net_tosa_seed-42_ablation.yaml,train,epoch,train,thresholded_partition,threshold,1440,1440.0,0,1440,False,False,3993.62939453125,3274.951221396838,3505.2832565578215,nan,nan,False,148,7452.423236259037,4831.909135635894,0.352,0.42400000000000004,4010827.0,0.5040885210037231,nan,queue,queue,per_epoch_trace
squeeze_net_tosa,inputs/task_graph_topology/soda-benchmark-graphs/pytorch-graphs/squeeze_net_tosa.dot,/qfs/people/dass304/dass304/HWSWpartition/hw-sw-partition-metaheur/BatchExperiments/Ablation/diff_gnn_order_lssp_trace/squeeze_net_tosa/seed-42/run-20260412-143138/config/squeeze_net_tosa_seed-42_ablation.yaml,train,epoch,train,thresholded_partition,threshold,1441,1441.0,0,1441,False,False,3909.46728515625,3474.0858609361308,3657.957998287395,nan,nan,False,148,7425.362616912785,4831.909135635894,0.3515499999999999,0.4236,3954386.75,0.5066657066345215,nan,queue,queue,per_epoch_trace
squeeze_net_tosa,inputs/task_graph_topology/soda-benchmark-graphs/pytorch-graphs/squeeze_net_tosa.dot,/qfs/people/dass304/dass304/HWSWpartition/hw-sw-partition-metaheur/BatchExperiments/Ablation/diff_gnn_order_lssp_trace/squeeze_net_tosa/seed-42/run-20260412-143138/config/squeeze_net_tosa_seed-42_ablation.yaml,train,epoch,train,thresholded_partition,threshold,1442,1442.0,0,1442,False,False,3996.66796875,3664.7603375031817,3712.935211714838,nan,nan,False,147,7340.959844520507,4831.909135635894,0.35109999999999997,0.4232,4185669.25,0.5137300491333008,nan,queue,queue,per_epoch_trace
squeeze_net_tosa,inputs/task_graph_topology/soda-benchmark-graphs/pytorch-graphs/squeeze_net_tosa.dot,/qfs/people/dass304/dass304/HWSWpartition/hw-sw-partition-metaheur/BatchExperiments/Ablation/diff_gnn_order_lssp_trace/squeeze_net_tosa/seed-42/run-20260412-143138/config/squeeze_net_tosa_seed-42_ablation.yaml,train,epoch,train,thresholded_partition,threshold,1443,1443.0,0,1443,False,False,4043.34814453125,3598.872343645429,3722.56109739043,nan,nan,False,145,7292.218370012701,4831.909135635894,0.3506499999999999,0.42279999999999995,4067324.25,0.495154470205307,nan,queue,queue,per_epoch_trace
squeeze_net_tosa,inputs/task_graph_topology/soda-benchmark-graphs/pytorch-graphs/squeeze_net_tosa.dot,/qfs/people/dass304/dass304/HWSWpartition/hw-sw-partition-metaheur/BatchExperiments/Ablation/diff_gnn_order_lssp_trace/squeeze_net_tosa/seed-42/run-20260412-143138/config/squeeze_net_tosa_seed-42_ablation.yaml,train,epoch,train,thresholded_partition,threshold,1444,1444.0,0,1444,False,False,3785.231201171875,3239.4926783482183,3351.982836743608,nan,nan,False,149,7475.458931902264,4831.909135635894,0.35019999999999996,0.4224,3948274.25,0.512749195098877,nan,queue,queue,per_epoch_trace
squeeze_net_tosa,inputs/task_graph_topology/soda-benchmark-graphs/pytorch-graphs/squeeze_net_tosa.dot,/qfs/people/dass304/dass304/HWSWpartition/hw-sw-partition-metaheur/BatchExperiments/Ablation/diff_gnn_order_lssp_trace/squeeze_net_tosa/seed-42/run-20260412-143138/config/squeeze_net_tosa_seed-42_ablation.yaml,train,epoch,train,thresholded_partition,threshold,1445,1445.0,0,1445,False,False,3821.458740234375,3408.4046602650938,3414.162426477799,nan,nan,False,148,7387.604243963435,4831.909135635894,0.34975,0.42199999999999993,3884985.5,0.507938027381897,nan,queue,queue,per_epoch_trace
squeeze_net_tosa,inputs/task_graph_topology/soda-benchmark-graphs/pytorch-graphs/squeeze_net_tosa.dot,/qfs/people/dass304/dass304/HWSWpartition/hw-sw-partition-metaheur/BatchExperiments/Ablation/diff_gnn_order_lssp_trace/squeeze_net_tosa/seed-42/run-20260412-143138/config/squeeze_net_tosa_seed-42_ablation.yaml,train,epoch,train,thresholded_partition,threshold,1446,1446.0,0,1446,False,False,4021.379638671875,3634.3713515920776,3819.8835167568373,nan,nan,False,146,7279.916364636793,4831.909135635894,0.34930000000000005,0.4216,4046622.25,0.5049719214439392,nan,queue,queue,per_epoch_trace
squeeze_net_tosa,inputs/task_graph_topology/soda-benchmark-graphs/pytorch-graphs/squeeze_net_tosa.dot,/qfs/people/dass304/dass304/HWSWpartition/hw-sw-partition-metaheur/BatchExperiments/Ablation/diff_gnn_order_lssp_trace/squeeze_net_tosa/seed-42/run-20260412-143138/config/squeeze_net_tosa_seed-42_ablation.yaml,train,epoch,train,thresholded_partition,threshold,1447,1447.0,0,1447,False,False,3786.98876953125,3468.8809818259265,3686.0257610367858,nan,nan,False,147,7352.628949167766,4831.909135635894,0.34885,0.4211999999999999,3920299.25,0.5115243196487427,nan,queue,queue,per_epoch_trace
squeeze_net_tosa,inputs/task_graph_topology/soda-benchmark-graphs/pytorch-graphs/squeeze_net_tosa.dot,/qfs/people/dass304/dass304/HWSWpartition/hw-sw-partition-metaheur/BatchExperiments/Ablation/diff_gnn_order_lssp_trace/squeeze_net_tosa/seed-42/run-20260412-143138/config/squeeze_net_tosa_seed-42_ablation.yaml,train,epoch,train,thresholded_partition,threshold,1448,1448.0,0,1448,False,False,3865.681396484375,3621.2432661409634,3670.201523245881,nan,nan,False,146,7301.863429716102,4831.909135635894,0.34840000000000004,0.42079999999999995,3871829.0,0.5023745894432068,nan,queue,queue,per_epoch_trace
squeeze_net_tosa,inputs/task_graph_topology/soda-benchmark-graphs/pytorch-graphs/squeeze_net_tosa.dot,/qfs/people/dass304/dass304/HWSWpartition/hw-sw-partition-metaheur/BatchExperiments/Ablation/diff_gnn_order_lssp_trace/squeeze_net_tosa/seed-42/run-20260412-143138/config/squeeze_net_tosa_seed-42_ablation.yaml,train,epoch,train,thresholded_partition,threshold,1449,1449.0,0,1449,False,False,4196.28076171875,3843.1852641342525,4088.838351663119,nan,nan,False,145,7277.662175628461,4831.909135635894,0.34795,0.4204,4210313.5,0.5036760568618774,nan,queue,queue,per_epoch_trace
squeeze_net_tosa,inputs/task_graph_topology/soda-benchmark-graphs/pytorch-graphs/squeeze_net_tosa.dot,/qfs/people/dass304/dass304/HWSWpartition/hw-sw-partition-metaheur/BatchExperiments/Ablation/diff_gnn_order_lssp_trace/squeeze_net_tosa/seed-42/run-20260412-143138/config/squeeze_net_tosa_seed-42_ablation.yaml,train,epoch,train,thresholded_partition,threshold,1450,1450.0,0,1450,False,False,3982.692626953125,3321.449958591736,3489.0673891951587,nan,nan,False,149,7409.706520877872,4831.909135635894,0.34750000000000003,0.42000000000000004,3984806.75,0.498727023601532,nan,queue,queue,per_epoch_trace
squeeze_net_tosa,inputs/task_graph_topology/soda-benchmark-graphs/pytorch-graphs/squeeze_net_tosa.dot,/qfs/people/dass304/dass304/HWSWpartition/hw-sw-partition-metaheur/BatchExperiments/Ablation/diff_gnn_order_lssp_trace/squeeze_net_tosa/seed-42/run-20260412-143138/config/squeeze_net_tosa_seed-42_ablation.yaml,train,epoch,train,thresholded_partition,threshold,1451,1451.0,0,1451,False,False,3879.000732421875,3451.540374253899,3567.2021574945643,nan,nan,False,147,7340.642679391395,4831.909135635894,0.34704999999999997,0.4196,3919358.25,0.5063124895095825,nan,queue,queue,per_epoch_trace
squeeze_net_tosa,inputs/task_graph_topology/soda-benchmark-graphs/pytorch-graphs/squeeze_net_tosa.dot,/qfs/people/dass304/dass304/HWSWpartition/hw-sw-partition-metaheur/BatchExperiments/Ablation/diff_gnn_order_lssp_trace/squeeze_net_tosa/seed-42/run-20260412-143138/config/squeeze_net_tosa_seed-42_ablation.yaml,train,epoch,train,thresholded_partition,threshold,1452,1452.0,0,1452,False,False,4086.831787109375,3801.120187488725,4128.104194421428,nan,nan,False,145,7245.868798388369,4831.909135635894,0.3466,0.4192,4087538.25,0.5004274845123291,nan,queue,queue,per_epoch_trace
squeeze_net_tosa,inputs/task_graph_topology/soda-benchmark-graphs/pytorch-graphs/squeeze_net_tosa.dot,/qfs/people/dass304/dass304/HWSWpartition/hw-sw-partition-metaheur/BatchExperiments/Ablation/diff_gnn_order_lssp_trace/squeeze_net_tosa/seed-42/run-20260412-143138/config/squeeze_net_tosa_seed-42_ablation.yaml,train,epoch,train,thresholded_partition,threshold,1453,1453.0,0,1453,False,False,3925.150146484375,3589.8944355886056,3811.3223967511663,nan,nan,False,147,7357.947238767701,4831.909135635894,0.34614999999999996,0.41879999999999995,3960757.75,0.5059253573417664,nan,queue,queue,per_epoch_trace
squeeze_net_tosa,inputs/task_graph_topology/soda-benchmark-graphs/pytorch-graphs/squeeze_net_tosa.dot,/qfs/people/dass304/dass304/HWSWpartition/hw-sw-partition-metaheur/BatchExperiments/Ablation/diff_gnn_order_lssp_trace/squeeze_net_tosa/seed-42/run-20260412-143138/config/squeeze_net_tosa_seed-42_ablation.yaml,train,epoch,train,thresholded_partition,threshold,1454,1454.0,0,1454,False,False,3927.47705078125,3467.5537485651935,3570.1692866080425,nan,nan,False,148,7294.720049158649,4831.909135635894,0.3457,0.4184,3932417.75,0.5021063685417175,nan,queue,queue,per_epoch_trace
squeeze_net_tosa,inputs/task_graph_topology/soda-benchmark-graphs/pytorch-graphs/squeeze_net_tosa.dot,/qfs/people/dass304/dass304/HWSWpartition/hw-sw-partition-metaheur/BatchExperiments/Ablation/diff_gnn_order_lssp_trace/squeeze_net_tosa/seed-42/run-20260412-143138/config/squeeze_net_tosa_seed-42_ablation.yaml,train,epoch,train,thresholded_partition,threshold,1455,1455.0,0,1455,False,False,3736.226318359375,3513.074433776585,3767.4583236635594,nan,nan,False,148,7355.02357791515,4831.909135635894,0.34524999999999995,0.4179999999999999,3929372.25,0.5138798952102661,nan,queue,queue,per_epoch_trace
squeeze_net_tosa,inputs/task_graph_topology/soda-benchmark-graphs/pytorch-graphs/squeeze_net_tosa.dot,/qfs/people/dass304/dass304/HWSWpartition/hw-sw-partition-metaheur/BatchExperiments/Ablation/diff_gnn_order_lssp_trace/squeeze_net_tosa/seed-42/run-20260412-143138/config/squeeze_net_tosa_seed-42_ablation.yaml,train,epoch,train,thresholded_partition,threshold,1456,1456.0,0,1456,False,False,3895.51416015625,3561.0387547146024,3810.7546577006538,nan,nan,False,146,7350.504851160684,4831.909135635894,0.3448,0.41759999999999997,3972053.0,0.5087199807167053,nan,queue,queue,per_epoch_trace
squeeze_net_tosa,inputs/task_graph_topology/soda-benchmark-graphs/pytorch-graphs/squeeze_net_tosa.dot,/qfs/people/dass304/dass304/HWSWpartition/hw-sw-partition-metaheur/BatchExperiments/Ablation/diff_gnn_order_lssp_trace/squeeze_net_tosa/seed-42/run-20260412-143138/config/squeeze_net_tosa_seed-42_ablation.yaml,train,epoch,train,thresholded_partition,threshold,1457,1457.0,0,1457,False,False,4013.064208984375,3274.951221396838,3655.5078454700792,nan,nan,False,149,7471.101450060111,4831.909135635894,0.34434999999999993,0.4171999999999999,4127549.5,0.5106772780418396,nan,queue,queue,per_epoch_trace
squeeze_net_tosa,inputs/task_graph_topology/soda-benchmark-graphs/pytorch-graphs/squeeze_net_tosa.dot,/qfs/people/dass304/dass304/HWSWpartition/hw-sw-partition-metaheur/BatchExperiments/Ablation/diff_gnn_order_lssp_trace/squeeze_net_tosa/seed-42/run-20260412-143138/config/squeeze_net_tosa_seed-42_ablation.yaml,train,epoch,train,thresholded_partition,threshold,1458,1458.0,0,1458,False,False,3919.31689453125,3586.7631250467807,3959.4899497614447,nan,nan,False,148,7337.584101623535,4831.909135635894,0.3439,0.41679999999999995,3921179.0,0.5011605620384216,nan,queue,queue,per_epoch_trace
squeeze_net_tosa,inputs/task_graph_topology/soda-benchmark-graphs/pytorch-graphs/squeeze_net_tosa.dot,/qfs/people/dass304/dass304/HWSWpartition/hw-sw-partition-metaheur/BatchExperiments/Ablation/diff_gnn_order_lssp_trace/squeeze_net_tosa/seed-42/run-20260412-143138/config/squeeze_net_tosa_seed-42_ablation.yaml,train,epoch,train,thresholded_partition,threshold,1459,1459.0,0,1459,False,False,3811.08447265625,3393.1514333806067,3977.598705155348,nan,nan,False,149,7379.603774948931,4831.909135635894,0.3434499999999999,0.4164,3881851.75,0.5083829760551453,nan,queue,queue,per_epoch_trace
squeeze_net_tosa,inputs/task_graph_topology/soda-benchmark-graphs/pytorch-graphs/squeeze_net_tosa.dot,/qfs/people/dass304/dass304/HWSWpartition/hw-sw-partition-metaheur/BatchExperiments/Ablation/diff_gnn_order_lssp_trace/squeeze_net_tosa/seed-42/run-20260412-143138/config/squeeze_net_tosa_seed-42_ablation.yaml,train,epoch,train,thresholded_partition,threshold,1460,1460.0,0,1460,False,False,3872.91259765625,3696.0728814976733,4015.0768091256937,nan,nan,False,147,7301.809863438526,4831.909135635894,0.34299999999999997,0.41600000000000004,3890600.75,0.5041449069976807,nan,queue,queue,per_epoch_trace
squeeze_net_tosa,inputs/task_graph_topology/soda-benchmark-graphs/pytorch-graphs/squeeze_net_tosa.dot,/qfs/people/dass304/dass304/HWSWpartition/hw-sw-partition-metaheur/BatchExperiments/Ablation/diff_gnn_order_lssp_trace/squeeze_net_tosa/seed-42/run-20260412-143138/config/squeeze_net_tosa_seed-42_ablation.yaml,train,epoch,train,thresholded_partition,threshold,1461,1461.0,0,1461,False,False,3801.471435546875,3410.7272976451445,3383.399779900487,nan,nan,False,147,7374.366214905458,4831.909135635894,0.3425499999999999,0.41559999999999997,3941479.75,0.5118114352226257,nan,queue,queue,per_epoch_trace
squeeze_net_tosa,inputs/task_graph_topology/soda-benchmark-graphs/pytorch-graphs/squeeze_net_tosa.dot,/qfs/people/dass304/dass304/HWSWpartition/hw-sw-partition-metaheur/BatchExperiments/Ablation/diff_gnn_order_lssp_trace/squeeze_net_tosa/seed-42/run-20260412-143138/config/squeeze_net_tosa_seed-42_ablation.yaml,train,epoch,train,thresholded_partition,threshold,1462,1462.0,0,1462,False,False,3888.68212890625,3285.788689579796,3775.8854613989884,nan,nan,False,151,7504.402870313336,4831.909135635894,0.34209999999999996,0.4152,3920317.75,0.5055808424949646,nan,queue,queue,per_epoch_trace
squeeze_net_tosa,inputs/task_graph_topology/soda-benchmark-graphs/pytorch-graphs/squeeze_net_tosa.dot,/qfs/people/dass304/dass304/HWSWpartition/hw-sw-partition-metaheur/BatchExperiments/Ablation/diff_gnn_order_lssp_trace/squeeze_net_tosa/seed-42/run-20260412-143138/config/squeeze_net_tosa_seed-42_ablation.yaml,train,epoch,train,thresholded_partition,threshold,1463,1463.0,0,1463,False,False,3975.15234375,3475.225373983619,3667.895419964884,nan,nan,False,147,7258.087030920331,4831.909135635894,0.3416499999999999,0.41479999999999995,4085984.25,0.5105040073394775,nan,queue,queue,per_epoch_trace
squeeze_net_tosa,inputs/task_graph_topology/soda-benchmark-graphs/pytorch-graphs/squeeze_net_tosa.dot,/qfs/people/dass304/dass304/HWSWpartition/hw-sw-partition-metaheur/BatchExperiments/Ablation/diff_gnn_order_lssp_trace/squeeze_net_tosa/seed-42/run-20260412-143138/config/squeeze_net_tosa_seed-42_ablation.yaml,train,epoch,train,thresholded_partition,threshold,1464,1464.0,0,1464,False,False,3802.67626953125,3565.413592428925,3388.4554903430335,nan,nan,False,148,7400.585307886349,4831.909135635894,0.34119999999999995,0.4144,3994333.0,0.5138260126113892,nan,queue,queue,per_epoch_trace
squeeze_net_tosa,inputs/task_graph_topology/soda-benchmark-graphs/pytorch-graphs/squeeze_net_tosa.dot,/qfs/people/dass304/dass304/HWSWpartition/hw-sw-partition-metaheur/BatchExperiments/Ablation/diff_gnn_order_lssp_trace/squeeze_net_tosa/seed-42/run-20260412-143138/config/squeeze_net_tosa_seed-42_ablation.yaml,train,epoch,train,thresholded_partition,threshold,1465,1465.0,0,1465,False,False,3984.558349609375,3367.156663730428,3664.9761865262794,nan,nan,False,149,7412.676146350773,4831.909135635894,0.34075,0.4139999999999999,3993334.0,0.5028753876686096,nan,queue,queue,per_epoch_trace
squeeze_net_tosa,inputs/task_graph_topology/soda-benchmark-graphs/pytorch-graphs/squeeze_net_tosa.dot,/qfs/people/dass304/dass304/HWSWpartition/hw-sw-partition-metaheur/BatchExperiments/Ablation/diff_gnn_order_lssp_trace/squeeze_net_tosa/seed-42/run-20260412-143138/config/squeeze_net_tosa_seed-42_ablation.yaml,train,epoch,train,thresholded_partition,threshold,1466,1466.0,0,1466,False,False,3996.243408203125,3209.8011450314393,3503.451670519806,nan,nan,False,151,7554.666639440302,4831.909135635894,0.34030000000000005,0.41359999999999997,4042642.0,0.5067768096923828,nan,queue,queue,per_epoch_trace
squeeze_net_tosa,inputs/task_graph_topology/soda-benchmark-graphs/pytorch-graphs/squeeze_net_tosa.dot,/qfs/people/dass304/dass304/HWSWpartition/hw-sw-partition-metaheur/BatchExperiments/Ablation/diff_gnn_order_lssp_trace/squeeze_net_tosa/seed-42/run-20260412-143138/config/squeeze_net_tosa_seed-42_ablation.yaml,train,epoch,train,thresholded_partition,threshold,1467,1467.0,0,1467,False,False,4063.132568359375,3165.588582123984,3326.4491310522158,nan,nan,False,151,7585.6643640159255,4831.909135635894,0.33985,0.4131999999999999,4077845.25,0.5037714242935181,nan,queue,queue,per_epoch_trace
squeeze_net_tosa,inputs/task_graph_topology/soda-benchmark-graphs/pytorch-graphs/squeeze_net_tosa.dot,/qfs/people/dass304/dass304/HWSWpartition/hw-sw-partition-metaheur/BatchExperiments/Ablation/diff_gnn_order_lssp_trace/squeeze_net_tosa/seed-42/run-20260412-143138/config/squeeze_net_tosa_seed-42_ablation.yaml,train,epoch,train,thresholded_partition,threshold,1468,1468.0,0,1468,False,False,3874.927490234375,3214.848709987886,3761.4274724018874,nan,nan,False,150,7559.848943794195,4831.909135635894,0.33940000000000003,0.41279999999999994,3964771.75,0.5094531178474426,nan,queue,queue,per_epoch_trace
squeeze_net_tosa,inputs/task_graph_topology/soda-benchmark-graphs/pytorch-graphs/squeeze_net_tosa.dot,/qfs/people/dass304/dass304/HWSWpartition/hw-sw-partition-metaheur/BatchExperiments/Ablation/diff_gnn_order_lssp_trace/squeeze_net_tosa/seed-42/run-20260412-143138/config/squeeze_net_tosa_seed-42_ablation.yaml,train,epoch,train,thresholded_partition,threshold,1469,1469.0,0,1469,False,False,3817.25048828125,3442.015653114316,3573.175790468173,nan,nan,False,148,7322.386499604124,4831.909135635894,0.33895,0.4124,3851722.5,0.505828857421875,nan,queue,queue,per_epoch_trace
squeeze_net_tosa,inputs/task_graph_topology/soda-benchmark-graphs/pytorch-graphs/squeeze_net_tosa.dot,/qfs/people/dass304/dass304/HWSWpartition/hw-sw-partition-metaheur/BatchExperiments/Ablation/diff_gnn_order_lssp_trace/squeeze_net_tosa/seed-42/run-20260412-143138/config/squeeze_net_tosa_seed-42_ablation.yaml,train,epoch,train,thresholded_partition,threshold,1470,1470.0,0,1470,False,False,3726.260986328125,3423.0747016369264,4028.1550049602206,nan,nan,False,149,7410.2569868721575,4831.909135635894,0.3385,0.41200000000000003,3930267.25,0.5142657160758972,nan,queue,queue,per_epoch_trace
squeeze_net_tosa,inputs/task_graph_topology/soda-benchmark-graphs/pytorch-graphs/squeeze_net_tosa.dot,/qfs/people/dass304/dass304/HWSWpartition/hw-sw-partition-metaheur/BatchExperiments/Ablation/diff_gnn_order_lssp_trace/squeeze_net_tosa/seed-42/run-20260412-143138/config/squeeze_net_tosa_seed-42_ablation.yaml,train,epoch,train,thresholded_partition,threshold,1471,1471.0,0,1471,False,False,3899.831787109375,3523.670584385239,3784.9871285552213,nan,nan,False,147,7336.345364114076,4831.909135635894,0.33804999999999996,0.41159999999999997,3921166.75,0.5045653581619263,nan,queue,queue,per_epoch_trace
squeeze_net_tosa,inputs/task_graph_topology/soda-benchmark-graphs/pytorch-graphs/squeeze_net_tosa.dot,/qfs/people/dass304/dass304/HWSWpartition/hw-sw-partition-metaheur/BatchExperiments/Ablation/diff_gnn_order_lssp_trace/squeeze_net_tosa/seed-42/run-20260412-143138/config/squeeze_net_tosa_seed-42_ablation.yaml,train,epoch,train,thresholded_partition,threshold,1472,1472.0,0,1472,False,False,3748.91259765625,3478.877768048523,3807.5313991464886,nan,nan,False,148,7387.742540294933,4831.909135635894,0.3376,0.4112,3809696.5,0.5077633261680603,nan,queue,queue,per_epoch_trace
squeeze_net_tosa,inputs/task_graph_topology/soda-benchmark-graphs/pytorch-graphs/squeeze_net_tosa.dot,/qfs/people/dass304/dass304/HWSWpartition/hw-sw-partition-metaheur/BatchExperiments/Ablation/diff_gnn_order_lssp_trace/squeeze_net_tosa/seed-42/run-20260412-143138/config/squeeze_net_tosa_seed-42_ablation.yaml,train,epoch,train,thresholded_partition,threshold,1473,1473.0,0,1473,False,False,3861.96923828125,3591.5741375649363,3591.5741375649354,nan,nan,False,145,7220.2882347018485,4831.909135635894,0.33714999999999995,0.41079999999999994,4141671.0,0.5167086124420166,nan,queue,queue,per_epoch_trace
squeeze_net_tosa,inputs/task_graph_topology/soda-benchmark-graphs/pytorch-graphs/squeeze_net_tosa.dot,/qfs/people/dass304/dass304/HWSWpartition/hw-sw-partition-metaheur/BatchExperiments/Ablation/diff_gnn_order_lssp_trace/squeeze_net_tosa/seed-42/run-20260412-143138/config/squeeze_net_tosa_seed-42_ablation.yaml,train,epoch,train,thresholded_partition,threshold,1474,1474.0,0,1474,False,False,3974.45751953125,3537.512784088964,3862.298367883933,nan,nan,False,146,7216.915033269114,4831.909135635894,0.3367,0.4104,3975028.5,0.4997168779373169,nan,queue,queue,per_epoch_trace
squeeze_net_tosa,inputs/task_graph_topology/soda-benchmark-graphs/pytorch-graphs/squeeze_net_tosa.dot,/qfs/people/dass304/dass304/HWSWpartition/hw-sw-partition-metaheur/BatchExperiments/Ablation/diff_gnn_order_lssp_trace/squeeze_net_tosa/seed-42/run-20260412-143138/config/squeeze_net_tosa_seed-42_ablation.yaml,train,epoch,train,thresholded_partition,threshold,1475,1475.0,0,1475,False,False,3939.400390625,3797.915762231489,4079.467140295283,nan,nan,False,146,7221.218225160192,4831.909135635894,0.33624999999999994,0.4099999999999999,3944537.75,0.5021546483039856,nan,queue,queue,per_epoch_trace
squeeze_net_tosa,inputs/task_graph_topology/soda-benchmark-graphs/pytorch-graphs/squeeze_net_tosa.dot,/qfs/people/dass304/dass304/HWSWpartition/hw-sw-partition-metaheur/BatchExperiments/Ablation/diff_gnn_order_lssp_trace/squeeze_net_tosa/seed-42/run-20260412-143138/config/squeeze_net_tosa_seed-42_ablation.yaml,train,epoch,train,thresholded_partition,threshold,1476,1476.0,0,1476,False,False,4085.102783203125,3692.408181033906,4259.750933714652,nan,nan,False,146,7203.599370217405,4831.909135635894,0.3358,0.40959999999999996,4086542.25,0.49902501702308655,nan,queue,queue,per_epoch_trace
squeeze_net_tosa,inputs/task_graph_topology/soda-benchmark-graphs/pytorch-graphs/squeeze_net_tosa.dot,/qfs/people/dass304/dass304/HWSWpartition/hw-sw-partition-metaheur/BatchExperiments/Ablation/diff_gnn_order_lssp_trace/squeeze_net_tosa/seed-42/run-20260412-143138/config/squeeze_net_tosa_seed-42_ablation.yaml,train,epoch,train,thresholded_partition,threshold,1477,1477.0,0,1477,False,False,4015.807373046875,3524.0418178896566,4023.2465502810633,nan,nan,False,148,7375.649944886329,4831.909135635894,0.3353499999999999,0.4091999999999999,4021251.0,0.5022231340408325,nan,queue,queue,per_epoch_trace
squeeze_net_tosa,inputs/task_graph_topology/soda-benchmark-graphs/pytorch-graphs/squeeze_net_tosa.dot,/qfs/people/dass304/dass304/HWSWpartition/hw-sw-partition-metaheur/BatchExperiments/Ablation/diff_gnn_order_lssp_trace/squeeze_net_tosa/seed-42/run-20260412-143138/config/squeeze_net_tosa_seed-42_ablation.yaml,train,epoch,train,thresholded_partition,threshold,1478,1478.0,0,1478,False,False,3990.188232421875,3493.447542363005,4049.2506597520637,nan,nan,False,147,7404.526678113526,4831.909135635894,0.3349,0.40879999999999994,3998022.25,0.5027092099189758,nan,queue,queue,per_epoch_trace
squeeze_net_tosa,inputs/task_graph_topology/soda-benchmark-graphs/pytorch-graphs/squeeze_net_tosa.dot,/qfs/people/dass304/dass304/HWSWpartition/hw-sw-partition-metaheur/BatchExperiments/Ablation/diff_gnn_order_lssp_trace/squeeze_net_tosa/seed-42/run-20260412-143138/config/squeeze_net_tosa_seed-42_ablation.yaml,train,epoch,train,thresholded_partition,threshold,1479,1479.0,0,1479,False,False,3957.90625,3520.9659426958438,4127.300331952792,nan,nan,False,147,7351.844976191021,4831.909135635894,0.3344499999999999,0.4084,3964812.0,0.5025326013565063,nan,queue,queue,per_epoch_trace
squeeze_net_tosa,inputs/task_graph_topology/soda-benchmark-graphs/pytorch-graphs/squeeze_net_tosa.dot,/qfs/people/dass304/dass304/HWSWpartition/hw-sw-partition-metaheur/BatchExperiments/Ablation/diff_gnn_order_lssp_trace/squeeze_net_tosa/seed-42/run-20260412-143138/config/squeeze_net_tosa_seed-42_ablation.yaml,train,epoch,train,thresholded_partition,threshold,1480,1480.0,0,1480,False,False,3827.3828125,3277.010504794586,3616.5931604589173,nan,nan,False,148,7379.114389274961,4831.909135635894,0.33399999999999996,0.40800000000000003,4036794.5,0.5144542455673218,nan,queue,queue,per_epoch_trace
squeeze_net_tosa,inputs/task_graph_topology/soda-benchmark-graphs/pytorch-graphs/squeeze_net_tosa.dot,/qfs/people/dass304/dass304/HWSWpartition/hw-sw-partition-metaheur/BatchExperiments/Ablation/diff_gnn_order_lssp_trace/squeeze_net_tosa/seed-42/run-20260412-143138/config/squeeze_net_tosa_seed-42_ablation.yaml,train,epoch,train,thresholded_partition,threshold,1481,1481.0,0,1481,False,False,3904.919677734375,3713.7646764606957,3979.02060440175,nan,nan,False,146,7235.772494955013,4831.909135635894,0.3335499999999999,0.40759999999999996,3990405.0,0.5092194080352783,nan,queue,queue,per_epoch_trace
squeeze_net_tosa,inputs/task_graph_topology/soda-benchmark-graphs/pytorch-graphs/squeeze_net_tosa.dot,/qfs/people/dass304/dass304/HWSWpartition/hw-sw-partition-metaheur/BatchExperiments/Ablation/diff_gnn_order_lssp_trace/squeeze_net_tosa/seed-42/run-20260412-143138/config/squeeze_net_tosa_seed-42_ablation.yaml,train,epoch,train,thresholded_partition,threshold,1482,1482.0,0,1482,False,False,3800.047607421875,3430.51960370997,3877.5454070239407,nan,nan,False,148,7393.763261995539,4831.909135635894,0.33309999999999995,0.4072,3981247.5,0.5134430527687073,nan,queue,queue,per_epoch_trace
squeeze_net_tosa,inputs/task_graph_topology/soda-benchmark-graphs/pytorch-graphs/squeeze_net_tosa.dot,/qfs/people/dass304/dass304/HWSWpartition/hw-sw-partition-metaheur/BatchExperiments/Ablation/diff_gnn_order_lssp_trace/squeeze_net_tosa/seed-42/run-20260412-143138/config/squeeze_net_tosa_seed-42_ablation.yaml,train,epoch,train,thresholded_partition,threshold,1483,1483.0,0,1483,False,False,3846.580078125,3409.4927462285746,3463.8912702104167,nan,nan,False,148,7358.447641028512,4831.909135635894,0.3326499999999999,0.40679999999999994,3847148.0,0.5002522468566895,nan,queue,queue,per_epoch_trace
squeeze_net_tosa,inputs/task_graph_topology/soda-benchmark-graphs/pytorch-graphs/squeeze_net_tosa.dot,/qfs/people/dass304/dass304/HWSWpartition/hw-sw-partition-metaheur/BatchExperiments/Ablation/diff_gnn_order_lssp_trace/squeeze_net_tosa/seed-42/run-20260412-143138/config/squeeze_net_tosa_seed-42_ablation.yaml,train,epoch,train,thresholded_partition,threshold,1484,1484.0,0,1484,False,False,3968.241455078125,3665.9949248548605,3927.9019354559982,nan,nan,False,147,7350.1714809035475,4831.909135635894,0.33219999999999994,0.4064,4355408.5,0.5196631550788879,nan,queue,queue,per_epoch_trace
squeeze_net_tosa,inputs/task_graph_topology/soda-benchmark-graphs/pytorch-graphs/squeeze_net_tosa.dot,/qfs/people/dass304/dass304/HWSWpartition/hw-sw-partition-metaheur/BatchExperiments/Ablation/diff_gnn_order_lssp_trace/squeeze_net_tosa/seed-42/run-20260412-143138/config/squeeze_net_tosa_seed-42_ablation.yaml,train,epoch,train,thresholded_partition,threshold,1485,1485.0,0,1485,False,False,3780.577880859375,3366.4650472197077,3665.479793415209,nan,nan,False,149,7452.497023174195,4831.909135635894,0.33175,0.4059999999999999,3855843.25,0.5086466670036316,nan,queue,queue,per_epoch_trace
squeeze_net_tosa,inputs/task_graph_topology/soda-benchmark-graphs/pytorch-graphs/squeeze_net_tosa.dot,/qfs/people/dass304/dass304/HWSWpartition/hw-sw-partition-metaheur/BatchExperiments/Ablation/diff_gnn_order_lssp_trace/squeeze_net_tosa/seed-42/run-20260412-143138/config/squeeze_net_tosa_seed-42_ablation.yaml,train,epoch,train,thresholded_partition,threshold,1486,1486.0,0,1486,False,False,3993.574951171875,3610.5961955500075,3654.368309907433,nan,nan,False,149,7496.00260805091,4831.909135635894,0.33130000000000004,0.40559999999999996,4032547.75,0.5062018632888794,nan,queue,queue,per_epoch_trace
squeeze_net_tosa,inputs/task_graph_topology/soda-benchmark-graphs/pytorch-graphs/squeeze_net_tosa.dot,/qfs/people/dass304/dass304/HWSWpartition/hw-sw-partition-metaheur/BatchExperiments/Ablation/diff_gnn_order_lssp_trace/squeeze_net_tosa/seed-42/run-20260412-143138/config/squeeze_net_tosa_seed-42_ablation.yaml,train,epoch,train,thresholded_partition,threshold,1487,1487.0,0,1487,False,False,3819.212890625,3189.020310992744,3457.512196289928,nan,nan,False,149,7499.658678394668,4831.909135635894,0.33085,0.4051999999999999,3947268.25,0.5112939476966858,nan,queue,queue,per_epoch_trace
squeeze_net_tosa,inputs/task_graph_topology/soda-benchmark-graphs/pytorch-graphs/squeeze_net_tosa.dot,/qfs/people/dass304/dass304/HWSWpartition/hw-sw-partition-metaheur/BatchExperiments/Ablation/diff_gnn_order_lssp_trace/squeeze_net_tosa/seed-42/run-20260412-143138/config/squeeze_net_tosa_seed-42_ablation.yaml,train,epoch,train,thresholded_partition,threshold,1488,1488.0,0,1488,False,False,4026.258544921875,3313.3480074296353,3893.558106546982,nan,nan,False,147,7308.520428395279,4831.909135635894,0.3304,0.40479999999999994,4029058.0,0.49848073720932007,nan,queue,queue,per_epoch_trace
squeeze_net_tosa,inputs/task_graph_topology/soda-benchmark-graphs/pytorch-graphs/squeeze_net_tosa.dot,/qfs/people/dass304/dass304/HWSWpartition/hw-sw-partition-metaheur/BatchExperiments/Ablation/diff_gnn_order_lssp_trace/squeeze_net_tosa/seed-42/run-20260412-143138/config/squeeze_net_tosa_seed-42_ablation.yaml,train,epoch,train,thresholded_partition,threshold,1489,1489.0,0,1489,False,False,4107.98583984375,3582.343536851598,4424.728699401136,nan,nan,False,147,7399.987297481711,4831.909135635894,0.32994999999999997,0.4044,4149890.5,0.49356383085250854,nan,queue,queue,per_epoch_trace
squeeze_net_tosa,inputs/task_graph_topology/soda-benchmark-graphs/pytorch-graphs/squeeze_net_tosa.dot,/qfs/people/dass304/dass304/HWSWpartition/hw-sw-partition-metaheur/BatchExperiments/Ablation/diff_gnn_order_lssp_trace/squeeze_net_tosa/seed-42/run-20260412-143138/config/squeeze_net_tosa_seed-42_ablation.yaml,train,epoch,train,thresholded_partition,threshold,1490,1490.0,0,1490,False,False,3908.67431640625,3254.2851093537724,3537.110124644771,nan,nan,False,148,7457.455365606011,4831.909135635894,0.3295,0.404,3946132.5,0.506079912185669,nan,queue,queue,per_epoch_trace
squeeze_net_tosa,inputs/task_graph_topology/soda-benchmark-graphs/pytorch-graphs/squeeze_net_tosa.dot,/qfs/people/dass304/dass304/HWSWpartition/hw-sw-partition-metaheur/BatchExperiments/Ablation/diff_gnn_order_lssp_trace/squeeze_net_tosa/seed-42/run-20260412-143138/config/squeeze_net_tosa_seed-42_ablation.yaml,train,epoch,train,thresholded_partition,threshold,1491,1491.0,0,1491,False,False,3934.304443359375,3474.0858609361308,3651.8304915087533,nan,nan,False,148,7425.362616912785,4831.909135635894,0.32904999999999995,0.40359999999999996,3944589.75,0.5031293630599976,nan,queue,queue,per_epoch_trace
squeeze_net_tosa,inputs/task_graph_topology/soda-benchmark-graphs/pytorch-graphs/squeeze_net_tosa.dot,/qfs/people/dass304/dass304/HWSWpartition/hw-sw-partition-metaheur/BatchExperiments/Ablation/diff_gnn_order_lssp_trace/squeeze_net_tosa/seed-42/run-20260412-143138/config/squeeze_net_tosa_seed-42_ablation.yaml,train,epoch,train,thresholded_partition,threshold,1492,1492.0,0,1492,False,False,3875.46923828125,3150.7845466399017,3672.1831314429623,nan,nan,False,149,7428.619013654083,4831.909135635894,0.3286,0.4032,3912714.5,0.5060628056526184,nan,queue,queue,per_epoch_trace
squeeze_net_tosa,inputs/task_graph_topology/soda-benchmark-graphs/pytorch-graphs/squeeze_net_tosa.dot,/qfs/people/dass304/dass304/HWSWpartition/hw-sw-partition-metaheur/BatchExperiments/Ablation/diff_gnn_order_lssp_trace/squeeze_net_tosa/seed-42/run-20260412-143138/config/squeeze_net_tosa_seed-42_ablation.yaml,train,epoch,train,thresholded_partition,threshold,1493,1493.0,0,1493,False,False,3905.544677734375,3933.631823364019,4306.75363089751,nan,nan,False,144,7187.481954773184,4831.909135635894,0.32814999999999994,0.40279999999999994,3908239.25,0.5014777779579163,nan,queue,queue,per_epoch_trace
squeeze_net_tosa,inputs/task_graph_topology/soda-benchmark-graphs/pytorch-graphs/squeeze_net_tosa.dot,/qfs/people/dass304/dass304/HWSWpartition/hw-sw-partition-metaheur/BatchExperiments/Ablation/diff_gnn_order_lssp_trace/squeeze_net_tosa/seed-42/run-20260412-143138/config/squeeze_net_tosa_seed-42_ablation.yaml,train,epoch,train,thresholded_partition,threshold,1494,1494.0,0,1494,False,False,3783.750732421875,3523.00601861919,3576.4246426262257,nan,nan,False,147,7335.189472876152,4831.909135635894,0.3277,0.4024,3825153.25,0.5063939690589905,nan,queue,queue,per_epoch_trace
squeeze_net_tosa,inputs/task_graph_topology/soda-benchmark-graphs/pytorch-graphs/squeeze_net_tosa.dot,/qfs/people/dass304/dass304/HWSWpartition/hw-sw-partition-metaheur/BatchExperiments/Ablation/diff_gnn_order_lssp_trace/squeeze_net_tosa/seed-42/run-20260412-143138/config/squeeze_net_tosa_seed-42_ablation.yaml,train,epoch,train,thresholded_partition,threshold,1495,1495.0,0,1495,False,False,3654.701171875,3812.264783579773,3868.2150567433614,nan,nan,False,145,7166.844029248586,4831.909135635894,0.32724999999999993,0.4019999999999999,3792451.75,0.5117141008377075,nan,queue,queue,per_epoch_trace
squeeze_net_tosa,inputs/task_graph_topology/soda-benchmark-graphs/pytorch-graphs/squeeze_net_tosa.dot,/qfs/people/dass304/dass304/HWSWpartition/hw-sw-partition-metaheur/BatchExperiments/Ablation/diff_gnn_order_lssp_trace/squeeze_net_tosa/seed-42/run-20260412-143138/config/squeeze_net_tosa_seed-42_ablation.yaml,train,epoch,train,thresholded_partition,threshold,1496,1496.0,0,1496,False,False,3764.45751953125,3704.998640441545,3841.615113660134,nan,nan,False,146,7177.372699253331,4831.909135635894,0.3268,0.40159999999999996,3892455.5,0.5112906694412231,nan,queue,queue,per_epoch_trace
squeeze_net_tosa,inputs/task_graph_topology/soda-benchmark-graphs/pytorch-graphs/squeeze_net_tosa.dot,/qfs/people/dass304/dass304/HWSWpartition/hw-sw-partition-metaheur/BatchExperiments/Ablation/diff_gnn_order_lssp_trace/squeeze_net_tosa/seed-42/run-20260412-143138/config/squeeze_net_tosa_seed-42_ablation.yaml,train,epoch,train,thresholded_partition,threshold,1497,1497.0,0,1497,False,False,3809.31298828125,2903.732649005355,2975.436377459909,nan,nan,False,150,7536.992350172555,4831.909135635894,0.3263499999999999,0.4011999999999999,4017832.75,0.5144228339195251,nan,queue,queue,per_epoch_trace
squeeze_net_tosa,inputs/task_graph_topology/soda-benchmark-graphs/pytorch-graphs/squeeze_net_tosa.dot,/qfs/people/dass304/dass304/HWSWpartition/hw-sw-partition-metaheur/BatchExperiments/Ablation/diff_gnn_order_lssp_trace/squeeze_net_tosa/seed-42/run-20260412-143138/config/squeeze_net_tosa_seed-42_ablation.yaml,train,epoch,train,thresholded_partition,threshold,1498,1498.0,0,1498,False,False,3974.990234375,4139.686916317359,4361.879495625017,nan,nan,False,145,7208.86174266092,4831.909135635894,0.32589999999999997,0.40079999999999993,3989260.0,0.5037100911140442,nan,queue,queue,per_epoch_trace
squeeze_net_tosa,inputs/task_graph_topology/soda-benchmark-graphs/pytorch-graphs/squeeze_net_tosa.dot,/qfs/people/dass304/dass304/HWSWpartition/hw-sw-partition-metaheur/BatchExperiments/Ablation/diff_gnn_order_lssp_trace/squeeze_net_tosa/seed-42/run-20260412-143138/config/squeeze_net_tosa_seed-42_ablation.yaml,train,epoch,train,thresholded_partition,threshold,1499,1499.0,0,1499,False,False,3965.620361328125,3334.9222721129468,3334.922272112946,nan,nan,False,147,7301.3091784113,4831.909135635894,0.3254499999999999,0.4004,4006478.75,0.5063525438308716,nan,queue,queue,per_epoch_trace
squeeze_net_tosa,inputs/task_graph_topology/soda-benchmark-graphs/pytorch-graphs/squeeze_net_tosa.dot,/qfs/people/dass304/dass304/HWSWpartition/hw-sw-partition-metaheur/BatchExperiments/Ablation/diff_gnn_order_lssp_trace/squeeze_net_tosa/seed-42/run-20260412-143138/config/squeeze_net_tosa_seed-42_ablation.yaml,train,epoch,train,thresholded_partition,threshold,1500,1500.0,0,1500,False,False,4027.39453125,3586.9235590255307,4112.678139066245,nan,nan,False,147,7396.624313931129,4831.909135635894,0.32499999999999996,0.3999999999999999,4030540.0,0.49837028980255127,nan,queue,queue,per_epoch_trace
squeeze_net_tosa,inputs/task_graph_topology/soda-benchmark-graphs/pytorch-graphs/squeeze_net_tosa.dot,/qfs/people/dass304/dass304/HWSWpartition/hw-sw-partition-metaheur/BatchExperiments/Ablation/diff_gnn_order_lssp_trace/squeeze_net_tosa/seed-42/run-20260412-143138/config/squeeze_net_tosa_seed-42_ablation.yaml,train,epoch,train,thresholded_partition,threshold,1501,1501.0,0,1501,False,False,3866.710693359375,3538.239599727836,3972.0255707460688,nan,nan,False,149,7427.277738351638,4831.909135635894,0.32455,0.39959999999999996,4085429.75,0.5147731900215149,nan,queue,queue,per_epoch_trace
squeeze_net_tosa,inputs/task_graph_topology/soda-benchmark-graphs/pytorch-graphs/squeeze_net_tosa.dot,/qfs/people/dass304/dass304/HWSWpartition/hw-sw-partition-metaheur/BatchExperiments/Ablation/diff_gnn_order_lssp_trace/squeeze_net_tosa/seed-42/run-20260412-143138/config/squeeze_net_tosa_seed-42_ablation.yaml,train,epoch,train,thresholded_partition,threshold,1502,1502.0,0,1502,False,False,3920.639892578125,3198.522187100844,3403.275244889301,nan,nan,False,149,7458.4771031800165,4831.909135635894,0.32409999999999994,0.3992,3948186.5,0.505202054977417,nan,queue,queue,per_epoch_trace
squeeze_net_tosa,inputs/task_graph_topology/soda-benchmark-graphs/pytorch-graphs/squeeze_net_tosa.dot,/qfs/people/dass304/dass304/HWSWpartition/hw-sw-partition-metaheur/BatchExperiments/Ablation/diff_gnn_order_lssp_trace/squeeze_net_tosa/seed-42/run-20260412-143138/config/squeeze_net_tosa_seed-42_ablation.yaml,train,epoch,train,thresholded_partition,threshold,1503,1503.0,0,1503,False,False,3944.100830078125,2989.324546466409,3076.433986020397,nan,nan,False,151,7540.414927296622,4831.909135635894,0.32365,0.39880000000000004,3949043.0,0.502111554145813,nan,queue,queue,per_epoch_trace
squeeze_net_tosa,inputs/task_graph_topology/soda-benchmark-graphs/pytorch-graphs/squeeze_net_tosa.dot,/qfs/people/dass304/dass304/HWSWpartition/hw-sw-partition-metaheur/BatchExperiments/Ablation/diff_gnn_order_lssp_trace/squeeze_net_tosa/seed-42/run-20260412-143138/config/squeeze_net_tosa_seed-42_ablation.yaml,train,epoch,train,thresholded_partition,threshold,1504,1504.0,0,1504,False,False,3760.101318359375,3866.311870036368,4198.813257628771,nan,nan,False,146,7258.2446725187465,4831.909135635894,0.32319999999999993,0.3984,4043060.0,0.5168069005012512,nan,queue,queue,per_epoch_trace
squeeze_net_tosa,inputs/task_graph_topology/soda-benchmark-graphs/pytorch-graphs/squeeze_net_tosa.dot,/qfs/people/dass304/dass304/HWSWpartition/hw-sw-partition-metaheur/BatchExperiments/Ablation/diff_gnn_order_lssp_trace/squeeze_net_tosa/seed-42/run-20260412-143138/config/squeeze_net_tosa_seed-42_ablation.yaml,train,epoch,train,thresholded_partition,threshold,1505,1505.0,0,1505,False,False,3862.548583984375,3586.7631250467807,3663.084285362635,nan,nan,False,147,7318.905887822461,4831.909135635894,0.32275,0.398,3902932.0,0.5063156485557556,nan,queue,queue,per_epoch_trace
squeeze_net_tosa,inputs/task_graph_topology/soda-benchmark-graphs/pytorch-graphs/squeeze_net_tosa.dot,/qfs/people/dass304/dass304/HWSWpartition/hw-sw-partition-metaheur/BatchExperiments/Ablation/diff_gnn_order_lssp_trace/squeeze_net_tosa/seed-42/run-20260412-143138/config/squeeze_net_tosa_seed-42_ablation.yaml,train,epoch,train,thresholded_partition,threshold,1506,1506.0,0,1506,False,False,3917.349365234375,3701.8043458058723,4093.018559780608,nan,nan,False,147,7246.9490635005195,4831.909135635894,0.32230000000000003,0.39759999999999995,3918133.25,0.4994634985923767,nan,queue,queue,per_epoch_trace
squeeze_net_tosa,inputs/task_graph_topology/soda-benchmark-graphs/pytorch-graphs/squeeze_net_tosa.dot,/qfs/people/dass304/dass304/HWSWpartition/hw-sw-partition-metaheur/BatchExperiments/Ablation/diff_gnn_order_lssp_trace/squeeze_net_tosa/seed-42/run-20260412-143138/config/squeeze_net_tosa_seed-42_ablation.yaml,train,epoch,train,thresholded_partition,threshold,1507,1507.0,0,1507,False,False,3958.224609375,3830.6897805160947,4109.472170273656,nan,nan,False,145,7269.589877929099,4831.909135635894,0.3218500000000001,0.3972,4036269.0,0.5088051557540894,nan,queue,queue,per_epoch_trace
squeeze_net_tosa,inputs/task_graph_topology/soda-benchmark-graphs/pytorch-graphs/squeeze_net_tosa.dot,/qfs/people/dass304/dass304/HWSWpartition/hw-sw-partition-metaheur/BatchExperiments/Ablation/diff_gnn_order_lssp_trace/squeeze_net_tosa/seed-42/run-20260412-143138/config/squeeze_net_tosa_seed-42_ablation.yaml,train,epoch,train,thresholded_partition,threshold,1508,1508.0,0,1508,False,False,3965.182861328125,3777.8892599337883,3931.590712436348,nan,nan,False,144,7108.659355933174,4831.909135635894,0.3214,0.39679999999999993,3996067.0,0.5055117011070251,nan,queue,queue,per_epoch_trace
squeeze_net_tosa,inputs/task_graph_topology/soda-benchmark-graphs/pytorch-graphs/squeeze_net_tosa.dot,/qfs/people/dass304/dass304/HWSWpartition/hw-sw-partition-metaheur/BatchExperiments/Ablation/diff_gnn_order_lssp_trace/squeeze_net_tosa/seed-42/run-20260412-143138/config/squeeze_net_tosa_seed-42_ablation.yaml,train,epoch,train,thresholded_partition,threshold,1509,1509.0,0,1509,False,False,3822.082763671875,3896.536281632373,3949.7753526006545,nan,nan,False,145,7171.677338528209,4831.909135635894,0.32095000000000007,0.3964,3925351.0,0.5101361870765686,nan,queue,queue,per_epoch_trace
squeeze_net_tosa,inputs/task_graph_topology/soda-benchmark-graphs/pytorch-graphs/squeeze_net_tosa.dot,/qfs/people/dass304/dass304/HWSWpartition/hw-sw-partition-metaheur/BatchExperiments/Ablation/diff_gnn_order_lssp_trace/squeeze_net_tosa/seed-42/run-20260412-143138/config/squeeze_net_tosa_seed-42_ablation.yaml,train,epoch,train,thresholded_partition,threshold,1510,1510.0,0,1510,False,False,3946.686279296875,3620.792837452452,3747.7159846890067,nan,nan,False,145,7272.901224085965,4831.909135635894,0.3205,0.3959999999999999,4011592.75,0.5080243349075317,nan,queue,queue,per_epoch_trace
squeeze_net_tosa,inputs/task_graph_topology/soda-benchmark-graphs/pytorch-graphs/squeeze_net_tosa.dot,/qfs/people/dass304/dass304/HWSWpartition/hw-sw-partition-metaheur/BatchExperiments/Ablation/diff_gnn_order_lssp_trace/squeeze_net_tosa/seed-42/run-20260412-143138/config/squeeze_net_tosa_seed-42_ablation.yaml,train,epoch,train,thresholded_partition,threshold,1511,1511.0,0,1511,False,False,3752.36376953125,3054.8114568714395,3184.9744248899883,nan,nan,False,150,7535.174004211961,4831.909135635894,0.32005000000000006,0.39559999999999995,4040954.5,0.5169731378555298,nan,queue,queue,per_epoch_trace
squeeze_net_tosa,inputs/task_graph_topology/soda-benchmark-graphs/pytorch-graphs/squeeze_net_tosa.dot,/qfs/people/dass304/dass304/HWSWpartition/hw-sw-partition-metaheur/BatchExperiments/Ablation/diff_gnn_order_lssp_trace/squeeze_net_tosa/seed-42/run-20260412-143138/config/squeeze_net_tosa_seed-42_ablation.yaml,train,epoch,train,thresholded_partition,threshold,1512,1512.0,0,1512,False,False,3889.539794921875,3333.4102892465594,3547.0492346852393,nan,nan,False,147,7320.298444387093,4831.909135635894,0.3196,0.3952,3907161.0,0.5041391253471375,nan,queue,queue,per_epoch_trace
squeeze_net_tosa,inputs/task_graph_topology/soda-benchmark-graphs/pytorch-graphs/squeeze_net_tosa.dot,/qfs/people/dass304/dass304/HWSWpartition/hw-sw-partition-metaheur/BatchExperiments/Ablation/diff_gnn_order_lssp_trace/squeeze_net_tosa/seed-42/run-20260412-143138/config/squeeze_net_tosa_seed-42_ablation.yaml,train,epoch,train,thresholded_partition,threshold,1513,1513.0,0,1513,False,False,4000.965576171875,3616.2185942108463,4103.3356734771105,nan,nan,False,149,7503.173216108408,4831.909135635894,0.31915000000000004,0.39480000000000004,4003220.5,0.5013264417648315,nan,queue,queue,per_epoch_trace
squeeze_net_tosa,inputs/task_graph_topology/soda-benchmark-graphs/pytorch-graphs/squeeze_net_tosa.dot,/qfs/people/dass304/dass304/HWSWpartition/hw-sw-partition-metaheur/BatchExperiments/Ablation/diff_gnn_order_lssp_trace/squeeze_net_tosa/seed-42/run-20260412-143138/config/squeeze_net_tosa_seed-42_ablation.yaml,train,epoch,train,thresholded_partition,threshold,1514,1514.0,0,1514,False,False,3992.07275390625,3231.325833170445,3532.9121149226644,nan,nan,False,151,7550.991345159186,4831.909135635894,0.3187,0.3944,3993130.5,0.5007619261741638,nan,queue,queue,per_epoch_trace
squeeze_net_tosa,inputs/task_graph_topology/soda-benchmark-graphs/pytorch-graphs/squeeze_net_tosa.dot,/qfs/people/dass304/dass304/HWSWpartition/hw-sw-partition-metaheur/BatchExperiments/Ablation/diff_gnn_order_lssp_trace/squeeze_net_tosa/seed-42/run-20260412-143138/config/squeeze_net_tosa_seed-42_ablation.yaml,train,epoch,train,thresholded_partition,threshold,1515,1515.0,0,1515,False,True,3990.25634765625,3598.2363561889756,3721.124206704449,nan,nan,False,147,7302.756006432545,4831.909135635894,0.31825000000000003,0.394,3991779.0,0.49898451566696167,nan,queue,queue,training_end
squeeze_net_tosa,inputs/task_graph_topology/soda-benchmark-graphs/pytorch-graphs/squeeze_net_tosa.dot,/qfs/people/dass304/dass304/HWSWpartition/hw-sw-partition-metaheur/BatchExperiments/Ablation/diff_gnn_order_lssp_trace/squeeze_net_tosa/seed-42/run-20260412-143138/config/squeeze_net_tosa_seed-42_ablation.yaml,postprocess,decode_selected,decode,placement,decode,1515,1515.25,0,0,False,False,nan,9565.107414935092,10164.993992069216,nan,nan,True,123,4823.553459430907,4831.909135635894,nan,nan,nan,nan,nan,queue,queue,decode_before_postprocess
squeeze_net_tosa,inputs/task_graph_topology/soda-benchmark-graphs/pytorch-graphs/squeeze_net_tosa.dot,/qfs/people/dass304/dass304/HWSWpartition/hw-sw-partition-metaheur/BatchExperiments/Ablation/diff_gnn_order_lssp_trace/squeeze_net_tosa/seed-42/run-20260412-143138/config/squeeze_net_tosa_seed-42_ablation.yaml,postprocess,start,decode,placement,static,1515,1516.25,1,0,False,False,nan,nan,nan,9565.107414935092,nan,True,123,4823.553459430907,4831.909135635894,nan,nan,nan,nan,nan,queue,queue,postprocess_trace
squeeze_net_tosa,inputs/task_graph_topology/soda-benchmark-graphs/pytorch-graphs/squeeze_net_tosa.dot,/qfs/people/dass304/dass304/HWSWpartition/hw-sw-partition-metaheur/BatchExperiments/Ablation/diff_gnn_order_lssp_trace/squeeze_net_tosa/seed-42/run-20260412-143138/config/squeeze_net_tosa_seed-42_ablation.yaml,postprocess,accepted,stage2,placement,static,1515,1517.25,2,1,True,False,nan,nan,nan,8975.468335851581,-589.6390790835103,True,123,4828.829397965961,4831.909135635894,nan,nan,nan,nan,nan,queue,queue,postprocess_trace
squeeze_net_tosa,inputs/task_graph_topology/soda-benchmark-graphs/pytorch-graphs/squeeze_net_tosa.dot,/qfs/people/dass304/dass304/HWSWpartition/hw-sw-partition-metaheur/BatchExperiments/Ablation/diff_gnn_order_lssp_trace/squeeze_net_tosa/seed-42/run-20260412-143138/config/squeeze_net_tosa_seed-42_ablation.yaml,postprocess,accepted,stage2,placement,static,1515,1518.25,3,2,True,False,nan,nan,nan,8441.622556468292,-533.8457793832895,True,123,4822.61260161816,4831.909135635894,nan,nan,nan,nan,nan,queue,queue,postprocess_trace
squeeze_net_tosa,inputs/task_graph_topology/soda-benchmark-graphs/pytorch-graphs/squeeze_net_tosa.dot,/qfs/people/dass304/dass304/HWSWpartition/hw-sw-partition-metaheur/BatchExperiments/Ablation/diff_gnn_order_lssp_trace/squeeze_net_tosa/seed-42/run-20260412-143138/config/squeeze_net_tosa_seed-42_ablation.yaml,postprocess,accepted,stage2,placement,static,1515,1519.25,4,3,True,False,nan,nan,nan,8050.927799170522,-390.6947572977697,True,123,4829.968106312675,4831.909135635894,nan,nan,nan,nan,nan,queue,queue,postprocess_trace
squeeze_net_tosa,inputs/task_graph_topology/soda-benchmark-graphs/pytorch-graphs/squeeze_net_tosa.dot,/qfs/people/dass304/dass304/HWSWpartition/hw-sw-partition-metaheur/BatchExperiments/Ablation/diff_gnn_order_lssp_trace/squeeze_net_tosa/seed-42/run-20260412-143138/config/squeeze_net_tosa_seed-42_ablation.yaml,postprocess,accepted,stage2,placement,static,1515,1520.25,5,4,True,False,nan,nan,nan,7851.738439041284,-199.18936012923768,True,122,4823.959861689712,4831.909135635894,nan,nan,nan,nan,nan,queue,queue,postprocess_trace
squeeze_net_tosa,inputs/task_graph_topology/soda-benchmark-graphs/pytorch-graphs/squeeze_net_tosa.dot,/qfs/people/dass304/dass304/HWSWpartition/hw-sw-partition-metaheur/BatchExperiments/Ablation/diff_gnn_order_lssp_trace/squeeze_net_tosa/seed-42/run-20260412-143138/config/squeeze_net_tosa_seed-42_ablation.yaml,postprocess,accepted,stage2,placement,static,1515,1521.25,6,5,True,False,nan,nan,nan,7625.707186286668,-226.03125275461662,True,122,4829.7829797128725,4831.909135635894,nan,nan,nan,nan,nan,queue,queue,postprocess_trace
squeeze_net_tosa,inputs/task_graph_topology/soda-benchmark-graphs/pytorch-graphs/squeeze_net_tosa.dot,/qfs/people/dass304/dass304/HWSWpartition/hw-sw-partition-metaheur/BatchExperiments/Ablation/diff_gnn_order_lssp_trace/squeeze_net_tosa/seed-42/run-20260412-143138/config/squeeze_net_tosa_seed-42_ablation.yaml,postprocess,accepted,stage2,placement,static,1515,1522.25,7,6,True,False,nan,nan,nan,7497.534298572901,-128.1728877137666,True,122,4821.6768139525575,4831.909135635894,nan,nan,nan,nan,nan,queue,queue,postprocess_trace
squeeze_net_tosa,inputs/task_graph_topology/soda-benchmark-graphs/pytorch-graphs/squeeze_net_tosa.dot,/qfs/people/dass304/dass304/HWSWpartition/hw-sw-partition-metaheur/BatchExperiments/Ablation/diff_gnn_order_lssp_trace/squeeze_net_tosa/seed-42/run-20260412-143138/config/squeeze_net_tosa_seed-42_ablation.yaml,postprocess,accepted,stage2,placement,static,1515,1523.25,8,7,True,False,nan,nan,nan,7314.872067301386,-182.66223127151534,True,122,4830.448465852272,4831.909135635894,nan,nan,nan,nan,nan,queue,queue,postprocess_trace
squeeze_net_tosa,inputs/task_graph_topology/soda-benchmark-graphs/pytorch-graphs/squeeze_net_tosa.dot,/qfs/people/dass304/dass304/HWSWpartition/hw-sw-partition-metaheur/BatchExperiments/Ablation/diff_gnn_order_lssp_trace/squeeze_net_tosa/seed-42/run-20260412-143138/config/squeeze_net_tosa_seed-42_ablation.yaml,postprocess,accepted,stage2,placement,static,1515,1524.25,9,8,True,False,nan,nan,nan,7160.714135517551,-154.157931783835,True,122,4822.556539710462,4831.909135635894,nan,nan,nan,nan,nan,queue,queue,postprocess_trace
squeeze_net_tosa,inputs/task_graph_topology/soda-benchmark-graphs/pytorch-graphs/squeeze_net_tosa.dot,/qfs/people/dass304/dass304/HWSWpartition/hw-sw-partition-metaheur/BatchExperiments/Ablation/diff_gnn_order_lssp_trace/squeeze_net_tosa/seed-42/run-20260412-143138/config/squeeze_net_tosa_seed-42_ablation.yaml,postprocess,accepted,stage2,placement,static,1515,1525.25,10,9,True,False,nan,nan,nan,7015.032240283369,-145.68189523418187,True,122,4820.427328483304,4831.909135635894,nan,nan,nan,nan,nan,queue,queue,postprocess_trace
squeeze_net_tosa,inputs/task_graph_topology/soda-benchmark-graphs/pytorch-graphs/squeeze_net_tosa.dot,/qfs/people/dass304/dass304/HWSWpartition/hw-sw-partition-metaheur/BatchExperiments/Ablation/diff_gnn_order_lssp_trace/squeeze_net_tosa/seed-42/run-20260412-143138/config/squeeze_net_tosa_seed-42_ablation.yaml,postprocess,accepted,stage2,placement,static,1515,1526.25,11,10,True,False,nan,nan,nan,6879.7067085446715,-135.32553173869746,True,122,4819.406571807122,4831.909135635894,nan,nan,nan,nan,nan,queue,queue,postprocess_trace
squeeze_net_tosa,inputs/task_graph_topology/soda-benchmark-graphs/pytorch-graphs/squeeze_net_tosa.dot,/qfs/people/dass304/dass304/HWSWpartition/hw-sw-partition-metaheur/BatchExperiments/Ablation/diff_gnn_order_lssp_trace/squeeze_net_tosa/seed-42/run-20260412-143138/config/squeeze_net_tosa_seed-42_ablation.yaml,postprocess,accepted,stage2,placement,static,1515,1527.25,12,11,True,False,nan,nan,nan,6712.83143137427,-166.8752771704012,True,122,4831.595653141675,4831.909135635894,nan,nan,nan,nan,nan,queue,queue,postprocess_trace
squeeze_net_tosa,inputs/task_graph_topology/soda-benchmark-graphs/pytorch-graphs/squeeze_net_tosa.dot,/qfs/people/dass304/dass304/HWSWpartition/hw-sw-partition-metaheur/BatchExperiments/Ablation/diff_gnn_order_lssp_trace/squeeze_net_tosa/seed-42/run-20260412-143138/config/squeeze_net_tosa_seed-42_ablation.yaml,postprocess,accepted,stage2,placement,static,1515,1528.25,13,12,True,False,nan,nan,nan,6584.159203587948,-128.67222778632276,True,121,4794.012471356526,4831.909135635894,nan,nan,nan,nan,nan,queue,queue,postprocess_trace
squeeze_net_tosa,inputs/task_graph_topology/soda-benchmark-graphs/pytorch-graphs/squeeze_net_tosa.dot,/qfs/people/dass304/dass304/HWSWpartition/hw-sw-partition-metaheur/BatchExperiments/Ablation/diff_gnn_order_lssp_trace/squeeze_net_tosa/seed-42/run-20260412-143138/config/squeeze_net_tosa_seed-42_ablation.yaml,postprocess,accepted,stage2,placement,static,1515,1529.25,14,13,True,False,nan,nan,nan,6409.794686187823,-174.3645174001249,True,121,4826.402634935791,4831.909135635894,nan,nan,nan,nan,nan,queue,queue,postprocess_trace
squeeze_net_tosa,inputs/task_graph_topology/soda-benchmark-graphs/pytorch-graphs/squeeze_net_tosa.dot,/qfs/people/dass304/dass304/HWSWpartition/hw-sw-partition-metaheur/BatchExperiments/Ablation/diff_gnn_order_lssp_trace/squeeze_net_tosa/seed-42/run-20260412-143138/config/squeeze_net_tosa_seed-42_ablation.yaml,postprocess,accepted,stage2,placement,static,1515,1530.25,15,14,True,False,nan,nan,nan,6190.621447678623,-219.17323850920002,True,120,4824.628147327727,4831.909135635894,nan,nan,nan,nan,nan,queue,queue,postprocess_trace
squeeze_net_tosa,inputs/task_graph_topology/soda-benchmark-graphs/pytorch-graphs/squeeze_net_tosa.dot,/qfs/people/dass304/dass304/HWSWpartition/hw-sw-partition-metaheur/BatchExperiments/Ablation/diff_gnn_order_lssp_trace/squeeze_net_tosa/seed-42/run-20260412-143138/config/squeeze_net_tosa_seed-42_ablation.yaml,postprocess,accepted,stage2,placement,static,1515,1531.25,16,15,True,False,nan,nan,nan,6071.9947186645795,-118.62672901404312,True,119,4813.45157878222,4831.909135635894,nan,nan,nan,nan,nan,queue,queue,postprocess_trace
squeeze_net_tosa,inputs/task_graph_topology/soda-benchmark-graphs/pytorch-graphs/squeeze_net_tosa.dot,/qfs/people/dass304/dass304/HWSWpartition/hw-sw-partition-metaheur/BatchExperiments/Ablation/diff_gnn_order_lssp_trace/squeeze_net_tosa/seed-42/run-20260412-143138/config/squeeze_net_tosa_seed-42_ablation.yaml,postprocess,accepted,stage2,placement,static,1515,1532.25,17,16,True,False,nan,nan,nan,6012.263153474528,-59.7315651900517,True,118,4791.349301867784,4831.909135635894,nan,nan,nan,nan,nan,queue,queue,postprocess_trace
squeeze_net_tosa,inputs/task_graph_topology/soda-benchmark-graphs/pytorch-graphs/squeeze_net_tosa.dot,/qfs/people/dass304/dass304/HWSWpartition/hw-sw-partition-metaheur/BatchExperiments/Ablation/diff_gnn_order_lssp_trace/squeeze_net_tosa/seed-42/run-20260412-143138/config/squeeze_net_tosa_seed-42_ablation.yaml,postprocess,accepted,stage2,placement,static,1515,1533.25,18,17,True,False,nan,nan,nan,5906.980159730954,-105.28299374357357,True,118,4819.360895054989,4831.909135635894,nan,nan,nan,nan,nan,queue,queue,postprocess_trace
squeeze_net_tosa,inputs/task_graph_topology/soda-benchmark-graphs/pytorch-graphs/squeeze_net_tosa.dot,/qfs/people/dass304/dass304/HWSWpartition/hw-sw-partition-metaheur/BatchExperiments/Ablation/diff_gnn_order_lssp_trace/squeeze_net_tosa/seed-42/run-20260412-143138/config/squeeze_net_tosa_seed-42_ablation.yaml,postprocess,accepted,stage2,placement,static,1515,1534.25,19,18,True,False,nan,nan,nan,5871.193551348497,-35.786608382457416,True,117,4802.77505498898,4831.909135635894,nan,nan,nan,nan,nan,queue,queue,postprocess_trace
squeeze_net_tosa,inputs/task_graph_topology/soda-benchmark-graphs/pytorch-graphs/squeeze_net_tosa.dot,/qfs/people/dass304/dass304/HWSWpartition/hw-sw-partition-metaheur/BatchExperiments/Ablation/diff_gnn_order_lssp_trace/squeeze_net_tosa/seed-42/run-20260412-143138/config/squeeze_net_tosa_seed-42_ablation.yaml,postprocess,accepted,stage2,placement,static,1515,1535.25,20,19,True,False,nan,nan,nan,5779.0956444689955,-92.09790687950135,True,117,4827.940041322314,4831.909135635894,nan,nan,nan,nan,nan,queue,queue,postprocess_trace
squeeze_net_tosa,inputs/task_graph_topology/soda-benchmark-graphs/pytorch-graphs/squeeze_net_tosa.dot,/qfs/people/dass304/dass304/HWSWpartition/hw-sw-partition-metaheur/BatchExperiments/Ablation/diff_gnn_order_lssp_trace/squeeze_net_tosa/seed-42/run-20260412-143138/config/squeeze_net_tosa_seed-42_ablation.yaml,postprocess,accepted,stage2,placement,static,1515,1536.25,21,20,True,False,nan,nan,nan,5658.231597904048,-120.86404656494778,True,117,4825.580668734794,4831.909135635894,nan,nan,nan,nan,nan,queue,queue,postprocess_trace
squeeze_net_tosa,inputs/task_graph_topology/soda-benchmark-graphs/pytorch-graphs/squeeze_net_tosa.dot,/qfs/people/dass304/dass304/HWSWpartition/hw-sw-partition-metaheur/BatchExperiments/Ablation/diff_gnn_order_lssp_trace/squeeze_net_tosa/seed-42/run-20260412-143138/config/squeeze_net_tosa_seed-42_ablation.yaml,postprocess,accepted,stage2,placement,static,1515,1537.25,22,21,True,False,nan,nan,nan,5639.07064696173,-19.160950942317868,True,116,4798.325565975751,4831.909135635894,nan,nan,nan,nan,nan,queue,queue,postprocess_trace
squeeze_net_tosa,inputs/task_graph_topology/soda-benchmark-graphs/pytorch-graphs/squeeze_net_tosa.dot,/qfs/people/dass304/dass304/HWSWpartition/hw-sw-partition-metaheur/BatchExperiments/Ablation/diff_gnn_order_lssp_trace/squeeze_net_tosa/seed-42/run-20260412-143138/config/squeeze_net_tosa_seed-42_ablation.yaml,postprocess,accepted,stage2,placement,static,1515,1538.25,23,22,True,False,nan,nan,nan,5581.124004743584,-57.946642218145826,True,116,4829.82968478917,4831.909135635894,nan,nan,nan,nan,nan,queue,queue,postprocess_trace
squeeze_net_tosa,inputs/task_graph_topology/soda-benchmark-graphs/pytorch-graphs/squeeze_net_tosa.dot,/qfs/people/dass304/dass304/HWSWpartition/hw-sw-partition-metaheur/BatchExperiments/Ablation/diff_gnn_order_lssp_trace/squeeze_net_tosa/seed-42/run-20260412-143138/config/squeeze_net_tosa_seed-42_ablation.yaml,postprocess,accepted,stage2,placement,static,1515,1539.25,24,23,True,False,nan,nan,nan,5479.816402199499,-101.30760254408506,True,116,4824.544166928491,4831.909135635894,nan,nan,nan,nan,nan,queue,queue,postprocess_trace
squeeze_net_tosa,inputs/task_graph_topology/soda-benchmark-graphs/pytorch-graphs/squeeze_net_tosa.dot,/qfs/people/dass304/dass304/HWSWpartition/hw-sw-partition-metaheur/BatchExperiments/Ablation/diff_gnn_order_lssp_trace/squeeze_net_tosa/seed-42/run-20260412-143138/config/squeeze_net_tosa_seed-42_ablation.yaml,postprocess,accepted,stage2,placement,static,1515,1540.25,25,24,True,False,nan,nan,nan,5468.493777648439,-11.322624551059562,True,116,4823.13113970134,4831.909135635894,nan,nan,nan,nan,nan,queue,queue,postprocess_trace
squeeze_net_tosa,inputs/task_graph_topology/soda-benchmark-graphs/pytorch-graphs/squeeze_net_tosa.dot,/qfs/people/dass304/dass304/HWSWpartition/hw-sw-partition-metaheur/BatchExperiments/Ablation/diff_gnn_order_lssp_trace/squeeze_net_tosa/seed-42/run-20260412-143138/config/squeeze_net_tosa_seed-42_ablation.yaml,postprocess,accepted,stage2,placement,static,1515,1541.25,26,25,True,False,nan,nan,nan,5447.120737060313,-21.37304058812606,True,116,4820.125165750554,4831.909135635894,nan,nan,nan,nan,nan,queue,queue,postprocess_trace
squeeze_net_tosa,inputs/task_graph_topology/soda-benchmark-graphs/pytorch-graphs/squeeze_net_tosa.dot,/qfs/people/dass304/dass304/HWSWpartition/hw-sw-partition-metaheur/BatchExperiments/Ablation/diff_gnn_order_lssp_trace/squeeze_net_tosa/seed-42/run-20260412-143138/config/squeeze_net_tosa_seed-42_ablation.yaml,postprocess,accepted,stage2,placement,static,1515,1542.25,27,26,True,False,nan,nan,nan,5407.269089987041,-39.851647073272034,True,115,4813.465803732713,4831.909135635894,nan,nan,nan,nan,nan,queue,queue,postprocess_trace
squeeze_net_tosa,inputs/task_graph_topology/soda-benchmark-graphs/pytorch-graphs/squeeze_net_tosa.dot,/qfs/people/dass304/dass304/HWSWpartition/hw-sw-partition-metaheur/BatchExperiments/Ablation/diff_gnn_order_lssp_trace/squeeze_net_tosa/seed-42/run-20260412-143138/config/squeeze_net_tosa_seed-42_ablation.yaml,postprocess,done,done,placement,static,1515,1543.25,28,28,False,False,nan,nan,nan,5407.269089987041,nan,True,115,4813.465803732713,4831.909135635894,nan,nan,nan,nan,nan,queue,queue,postprocess_trace
squeeze_net_tosa,inputs/task_graph_topology/soda-benchmark-graphs/pytorch-graphs/squeeze_net_tosa.dot,/qfs/people/dass304/dass304/HWSWpartition/hw-sw-partition-metaheur/BatchExperiments/Ablation/diff_gnn_order_lssp_trace/squeeze_net_tosa/seed-42/run-20260412-143138/config/squeeze_net_tosa_seed-42_ablation.yaml,final,selected_final,final,placement,final,1515,1544.25,29,0,False,False,nan,4197.2881378634,nan,4197.2881378634,nan,True,115,4813.465803732713,4831.909135635894,nan,nan,nan,nan,nan,queue,queue,selected_final_solution
