SimTime,Config,GraphName,N,HW_Scale_Factor,HW_Scale_Var,Comm_Scale_Var,Area_Percentage,Seed,LB_Naive,greedy_opt_cost,greedy_opt_ratio,greedy_partition_cost,greedy_bb,greedy_makespan,greedy_time,random_opt_cost,random_opt_ratio,random_partition_cost,random_bb,random_makespan,random_time,pso_opt_cost,pso_opt_ratio,pso_partition_cost,pso_bb,pso_makespan,pso_time,dbpso_opt_cost,dbpso_opt_ratio,dbpso_partition_cost,dbpso_bb,dbpso_makespan,dbpso_time,clpso_opt_cost,clpso_opt_ratio,clpso_partition_cost,clpso_bb,clpso_makespan,clpso_time,ccpso_opt_cost,ccpso_opt_ratio,ccpso_partition_cost,ccpso_bb,ccpso_makespan,ccpso_time,esa_opt_cost,esa_opt_ratio,esa_partition_cost,esa_bb,esa_makespan,esa_time,shade_opt_cost,shade_opt_ratio,shade_partition_cost,shade_bb,shade_makespan,shade_time,jade_opt_cost,jade_opt_ratio,jade_partition_cost,jade_bb,jade_makespan,jade_time,gl25_opt_cost,gl25_opt_ratio,gl25_partition_cost,gl25_bb,gl25_makespan,gl25_time
2025-11-06 12:08:51,config_arato_area_0.1_hw_0.3_seed_0,inputs/task_graph_topology/soda-benchmark-graphs/pytorch-graphs/squeeze_net_tosa.dot,179,0.3,0.5,1.0,0.1,0,3016.369355489379,14216.288818648964,4.713046428739659,14216.288818648964,None,9700.798076049545,0.0,9466.813815823472,3.138479642287563,9466.813815823472,optimize_random,9466.813815823469,0.4894707202911377,9466.813815823472,3.138479642287563,9466.813815823472,optimize_swarm,9466.813815823469,133.15623331069946,9466.813815823472,3.138479642287563,9466.813815823472,optimize_random,9466.813815823469,495.9032027721405,9466.813815823472,3.138479642287563,9466.813815823472,optimize_single_point,9466.813815823469,0.27589893341064453,9466.813815823472,3.138479642287563,9466.813815823472,optimize_single_point,9466.813815823469,0.2709541320800781,9466.813815823472,3.138479642287563,9466.813815823472,optimize_single_point,9466.813815823469,2.8563177585601807,9466.813815823472,3.138479642287563,9466.813815823472,optimize_single_point,9466.813815823469,5.400526762008667,9466.813815823472,3.138479642287563,9466.813815823472,optimize_single_point,9466.813815823469,5.2722392082214355,9466.813815823472,3.138479642287563,9466.813815823472,optimize_single_point,9466.813815823469,4.197643518447876
2025-11-06 12:08:54,config_arato_area_0.3_hw_0.1_seed_0,inputs/task_graph_topology/soda-benchmark-graphs/pytorch-graphs/squeeze_net_tosa.dot,179,0.1,0.5,1.0,0.3,0,1005.5926797560742,16177.672377649415,16.087699028968288,16177.672377649415,None,8369.702674639831,0.0,9466.813815823472,9.414163414673851,9466.813815823472,optimize_random,9466.813815823469,0.4746417999267578,9131.167908927946,9.08038422787931,9131.167908927946,optimize_swarm,9055.3498447393,132.9104359149933,9466.813815823472,9.414163414673851,9466.813815823472,optimize_random,9466.813815823469,498.9860665798187,9466.813815823472,9.414163414673851,9466.813815823472,optimize_single_point,9466.813815823469,0.27899885177612305,9466.813815823472,9.414163414673851,9466.813815823472,optimize_single_point,9466.813815823469,0.2721071243286133,9466.813815823472,9.414163414673851,9466.813815823472,optimize_single_point,9466.813815823469,2.866292953491211,9466.813815823472,9.414163414673851,9466.813815823472,optimize_single_point,9466.813815823469,5.4469921588897705,9466.813815823472,9.414163414673851,9466.813815823472,optimize_single_point,9466.813815823469,5.367319583892822,9466.813815823472,9.414163414673851,9466.813815823472,optimize_single_point,9466.813815823469,4.214832067489624
2025-11-06 12:08:57,config_arato_area_0.1_hw_0.7_seed_3,inputs/task_graph_topology/soda-benchmark-graphs/pytorch-graphs/squeeze_net_tosa.dot,179,0.7,0.5,1.0,0.1,3,5877.451285254198,16012.943943698498,2.7244707214967483,16012.943943698498,None,10224.145405514522,0.0,9214.5581241026,1.5677812842482917,9214.5581241026,optimize_random,9214.558124102598,0.4741809368133545,9214.5581241026,1.5677812842482917,9214.5581241026,optimize_swarm,9214.558124102598,134.42679023742676,9214.5581241026,1.5677812842482917,9214.5581241026,optimize_random,9214.558124102598,499.8112835884094,9214.5581241026,1.5677812842482917,9214.5581241026,optimize_single_point,9214.558124102598,0.2789428234100342,9214.5581241026,1.5677812842482917,9214.5581241026,optimize_single_point,9214.558124102598,0.27237987518310547,9214.5581241026,1.5677812842482917,9214.5581241026,optimize_single_point,9214.558124102598,2.8946638107299805,9214.5581241026,1.5677812842482917,9214.5581241026,optimize_single_point,9214.558124102598,5.406297445297241,9214.5581241026,1.5677812842482917,9214.5581241026,optimize_single_point,9214.558124102598,5.303073406219482,9214.5581241026,1.5677812842482917,9214.5581241026,optimize_single_point,9214.558124102598,4.292398452758789
2025-11-06 12:08:59,config_arato_area_0.1_hw_0.7_seed_2,inputs/task_graph_topology/soda-benchmark-graphs/pytorch-graphs/squeeze_net_tosa.dot,179,0.7,0.5,1.0,0.1,2,5858.939212615281,14802.876310313306,2.5265454672136256,14802.876310313306,None,9878.191248628335,0.0,8942.015456463532,1.5262174827159616,8942.015456463532,optimize_random,8942.015456463534,0.48229122161865234,8942.015456463532,1.5262174827159616,8942.015456463532,optimize_swarm,8942.015456463534,135.4905457496643,8942.015456463532,1.5262174827159616,8942.015456463532,optimize_random,8942.015456463534,500.83206057548523,8942.015456463532,1.5262174827159616,8942.015456463532,optimize_single_point,8942.015456463534,0.28211069107055664,8942.015456463532,1.5262174827159616,8942.015456463532,optimize_single_point,8942.015456463534,0.2762877941131592,8942.015456463532,1.5262174827159616,8942.015456463532,optimize_single_point,8942.015456463534,2.905726909637451,8942.015456463532,1.5262174827159616,8942.015456463532,optimize_single_point,8942.015456463534,5.503710746765137,8942.015456463532,1.5262174827159616,8942.015456463532,optimize_single_point,8942.015456463534,5.402476787567139,8942.015456463532,1.5262174827159616,8942.015456463532,optimize_single_point,8942.015456463534,4.29897403717041
2025-11-06 12:09:01,config_arato_area_0.1_hw_0.1_seed_3,inputs/task_graph_topology/soda-benchmark-graphs/pytorch-graphs/squeeze_net_tosa.dot,179,0.1,0.5,1.0,0.1,3,886.513608108352,15754.563150649039,17.771372042744183,15754.563150649039,None,9709.067241861962,0.0,9214.5581241026,10.394153050582808,9214.5581241026,optimize_random,9214.558124102598,0.4957699775695801,9214.5581241026,10.394153050582808,9214.5581241026,optimize_swarm,9214.558124102598,135.99086833000183,9214.5581241026,10.394153050582808,9214.5581241026,optimize_random,9214.558124102598,502.19586658477783,9214.5581241026,10.394153050582808,9214.5581241026,optimize_single_point,9214.558124102598,0.27977728843688965,9214.5581241026,10.394153050582808,9214.5581241026,optimize_single_point,9214.558124102598,0.29047679901123047,9214.5581241026,10.394153050582808,9214.5581241026,optimize_single_point,9214.558124102598,2.907255172729492,9214.5581241026,10.394153050582808,9214.5581241026,optimize_single_point,9214.558124102598,5.535236120223999,9214.5581241026,10.394153050582808,9214.5581241026,optimize_single_point,9214.558124102598,5.356871128082275,9214.5581241026,10.394153050582808,9214.5581241026,optimize_single_point,9214.558124102598,4.236752986907959
2025-11-06 12:09:02,config_arato_area_0.1_hw_0.1_seed_2,inputs/task_graph_topology/soda-benchmark-graphs/pytorch-graphs/squeeze_net_tosa.dot,179,0.1,0.5,1.0,0.1,2,896.9223739196549,16474.058299079632,18.36731781713292,16474.058299079632,None,8856.530897172122,0.0,8942.015456463532,9.969664841100894,8942.015456463532,optimize_random,8942.015456463534,0.49529242515563965,8942.015456463532,9.969664841100894,8942.015456463532,optimize_swarm,8942.015456463534,134.42637181282043,8942.015456463532,9.969664841100894,8942.015456463532,optimize_random,8942.015456463534,505.0845718383789,8942.015456463532,9.969664841100894,8942.015456463532,optimize_single_point,8942.015456463534,0.2836344242095947,8942.015456463532,9.969664841100894,8942.015456463532,optimize_single_point,8942.015456463534,0.27597951889038086,8942.015456463532,9.969664841100894,8942.015456463532,optimize_single_point,8942.015456463534,2.898437261581421,8942.015456463532,9.969664841100894,8942.015456463532,optimize_single_point,8942.015456463534,5.470017910003662,8942.015456463532,9.969664841100894,8942.015456463532,optimize_single_point,8942.015456463534,5.349454879760742,8942.015456463532,9.969664841100894,8942.015456463532,optimize_single_point,8942.015456463534,4.257363796234131
2025-11-06 12:09:03,config_arato_area_0.1_hw_0.5_seed_1,inputs/task_graph_topology/soda-benchmark-graphs/pytorch-graphs/squeeze_net_tosa.dot,179,0.5,0.5,1.0,0.1,1,4559.116995953398,16902.530111907447,3.707413108044797,16902.530111907447,None,10145.697951348538,0.0,8769.553212251989,1.9235201070811978,8769.553212251989,optimize_random,8769.553212251989,0.48140931129455566,8769.553212251989,1.9235201070811978,8769.553212251989,optimize_swarm,8769.553212251989,135.70481371879578,8769.553212251989,1.9235201070811978,8769.553212251989,optimize_random,8769.553212251989,504.91112208366394,8769.553212251989,1.9235201070811978,8769.553212251989,optimize_single_point,8769.553212251989,0.28472185134887695,8769.553212251989,1.9235201070811978,8769.553212251989,optimize_single_point,8769.553212251989,0.27503108978271484,8769.553212251989,1.9235201070811978,8769.553212251989,optimize_single_point,8769.553212251989,2.906581401824951,8769.553212251989,1.9235201070811978,8769.553212251989,optimize_single_point,8769.553212251989,5.512683629989624,8769.553212251989,1.9235201070811978,8769.553212251989,optimize_single_point,8769.553212251989,5.408986330032349,8769.553212251989,1.9235201070811978,8769.553212251989,optimize_single_point,8769.553212251989,4.254026889801025
2025-11-06 12:09:03,config_arato_area_0.1_hw_0.9_seed_2,inputs/task_graph_topology/soda-benchmark-graphs/pytorch-graphs/squeeze_net_tosa.dot,179,0.9,0.5,1.0,0.1,2,6779.073175355862,14397.680024199157,2.1238419547585665,14397.680024199157,None,10023.297782868129,0.0,8942.015456463532,1.31906165122552,8942.015456463532,optimize_random,8942.015456463534,0.4798929691314697,8942.015456463532,1.31906165122552,8942.015456463532,optimize_swarm,8942.015456463534,134.89400696754456,8942.015456463532,1.31906165122552,8942.015456463532,optimize_random,8942.015456463534,505.3742322921753,8942.015456463532,1.31906165122552,8942.015456463532,optimize_single_point,8942.015456463534,0.2807905673980713,8942.015456463532,1.31906165122552,8942.015456463532,optimize_single_point,8942.015456463534,0.27485203742980957,8942.015456463532,1.31906165122552,8942.015456463532,optimize_single_point,8942.015456463534,2.901008367538452,8942.015456463532,1.31906165122552,8942.015456463532,optimize_single_point,8942.015456463534,5.52488899230957,8942.015456463532,1.31906165122552,8942.015456463532,optimize_single_point,8942.015456463534,5.404093503952026,8942.015456463532,1.31906165122552,8942.015456463532,optimize_single_point,8942.015456463534,4.253362417221069
2025-11-06 12:09:03,config_arato_area_0.3_hw_0.1_seed_1,inputs/task_graph_topology/soda-benchmark-graphs/pytorch-graphs/squeeze_net_tosa.dot,179,0.1,0.5,1.0,0.3,1,914.495431384477,15185.992025845364,16.60586975580066,15185.992025845364,None,8209.232138212055,0.0,8769.553212251989,9.589499205015763,8769.553212251989,optimize_random,8769.553212251989,0.4739573001861572,8565.445205675247,9.366307268159678,8565.445205675247,optimize_swarm,8458.721869760446,136.2773153781891,8769.553212251989,9.589499205015763,8769.553212251989,optimize_random,8769.553212251989,505.1569895744324,8769.553212251989,9.589499205015763,8769.553212251989,optimize_single_point,8769.553212251989,0.2883138656616211,8769.553212251989,9.589499205015763,8769.553212251989,optimize_single_point,8769.553212251989,0.27439188957214355,8769.553212251989,9.589499205015763,8769.553212251989,optimize_single_point,8769.553212251989,2.928405284881592,8769.553212251989,9.589499205015763,8769.553212251989,optimize_single_point,8769.553212251989,5.527793645858765,8769.553212251989,9.589499205015763,8769.553212251989,optimize_single_point,8769.553212251989,5.419486045837402,8769.553212251989,9.589499205015763,8769.553212251989,optimize_single_point,8769.553212251989,4.297941446304321
2025-11-06 12:09:04,config_arato_area_0.1_hw_0.9_seed_3,inputs/task_graph_topology/soda-benchmark-graphs/pytorch-graphs/squeeze_net_tosa.dot,179,0.9,0.5,1.0,0.1,3,6781.9286707166075,14908.916045009204,2.1983298216307934,14908.916045009204,None,9596.790298780641,0.0,9214.5581241026,1.3586928691671052,9214.5581241026,optimize_random,9214.558124102598,0.4804964065551758,9214.5581241026,1.3586928691671052,9214.5581241026,optimize_swarm,9214.558124102598,135.77656769752502,9214.5581241026,1.3586928691671052,9214.5581241026,optimize_random,9214.558124102598,505.24046182632446,9214.5581241026,1.3586928691671052,9214.5581241026,optimize_single_point,9214.558124102598,0.2839329242706299,9214.5581241026,1.3586928691671052,9214.5581241026,optimize_single_point,9214.558124102598,0.27701449394226074,9214.5581241026,1.3586928691671052,9214.5581241026,optimize_single_point,9214.558124102598,2.919917583465576,9214.5581241026,1.3586928691671052,9214.5581241026,optimize_single_point,9214.558124102598,5.478850841522217,9214.5581241026,1.3586928691671052,9214.5581241026,optimize_single_point,9214.558124102598,5.40279221534729,9214.5581241026,1.3586928691671052,9214.5581241026,optimize_single_point,9214.558124102598,4.281345844268799
2025-11-06 12:09:05,config_arato_area_0.1_hw_0.5_seed_2,inputs/task_graph_topology/soda-benchmark-graphs/pytorch-graphs/squeeze_net_tosa.dot,179,0.5,0.5,1.0,0.1,2,4411.024222327901,18154.990651444754,4.115822025992759,18154.990651444754,None,10043.41227970307,0.0,8942.015456463532,2.02719708751552,8942.015456463532,optimize_random,8942.015456463534,0.47829532623291016,8942.015456463532,2.02719708751552,8942.015456463532,optimize_swarm,8942.015456463534,134.988787651062,8942.015456463532,2.02719708751552,8942.015456463532,optimize_random,8942.015456463534,507.14177656173706,8942.015456463532,2.02719708751552,8942.015456463532,optimize_single_point,8942.015456463534,0.2793762683868408,8942.015456463532,2.02719708751552,8942.015456463532,optimize_single_point,8942.015456463534,0.27829551696777344,8942.015456463532,2.02719708751552,8942.015456463532,optimize_single_point,8942.015456463534,2.957119941711426,8942.015456463532,2.02719708751552,8942.015456463532,optimize_single_point,8942.015456463534,5.468347787857056,8942.015456463532,2.02719708751552,8942.015456463532,optimize_single_point,8942.015456463534,5.370766878128052,8942.015456463532,2.02719708751552,8942.015456463532,optimize_single_point,8942.015456463534,4.292224645614624
2025-11-06 12:09:05,config_arato_area_0.1_hw_0.7_seed_0,inputs/task_graph_topology/soda-benchmark-graphs/pytorch-graphs/squeeze_net_tosa.dot,179,0.7,0.5,1.0,0.1,0,6596.241530654771,16452.642395124465,2.4942449906759716,16452.642395124465,None,9490.004087451922,0.0,9466.813815823472,1.435183016241638,9466.813815823472,optimize_random,9466.813815823469,0.4832627773284912,9466.813815823472,1.435183016241638,9466.813815823472,optimize_swarm,9466.813815823469,135.5506410598755,9466.813815823472,1.435183016241638,9466.813815823472,optimize_random,9466.813815823469,507.01932096481323,9466.813815823472,1.435183016241638,9466.813815823472,optimize_single_point,9466.813815823469,0.28275299072265625,9466.813815823472,1.435183016241638,9466.813815823472,optimize_single_point,9466.813815823469,0.27440619468688965,9466.813815823472,1.435183016241638,9466.813815823472,optimize_single_point,9466.813815823469,2.911740303039551,9466.813815823472,1.435183016241638,9466.813815823472,optimize_single_point,9466.813815823469,5.533770799636841,9466.813815823472,1.435183016241638,9466.813815823472,optimize_single_point,9466.813815823469,5.427025318145752,9466.813815823472,1.435183016241638,9466.813815823472,optimize_single_point,9466.813815823469,4.235330104827881
2025-11-06 12:09:06,config_arato_area_0.1_hw_0.7_seed_1,inputs/task_graph_topology/soda-benchmark-graphs/pytorch-graphs/squeeze_net_tosa.dot,179,0.7,0.5,1.0,0.1,1,6100.224451734148,16393.90537166825,2.687426585919778,16393.90537166825,None,10329.529386350652,0.0,8769.553212251989,1.4375787779020188,8769.553212251989,optimize_random,8769.553212251989,0.4847860336303711,8769.553212251989,1.4375787779020188,8769.553212251989,optimize_swarm,8769.553212251989,135.61726474761963,8769.553212251989,1.4375787779020188,8769.553212251989,optimize_random,8769.553212251989,507.4811556339264,8769.553212251989,1.4375787779020188,8769.553212251989,optimize_single_point,8769.553212251989,0.28423428535461426,8769.553212251989,1.4375787779020188,8769.553212251989,optimize_single_point,8769.553212251989,0.27664613723754883,8769.553212251989,1.4375787779020188,8769.553212251989,optimize_single_point,8769.553212251989,2.9176409244537354,8769.553212251989,1.4375787779020188,8769.553212251989,optimize_single_point,8769.553212251989,5.489928960800171,8769.553212251989,1.4375787779020188,8769.553212251989,optimize_single_point,8769.553212251989,5.369673252105713,8769.553212251989,1.4375787779020188,8769.553212251989,optimize_single_point,8769.553212251989,4.274317502975464
2025-11-06 12:09:06,config_arato_area_0.1_hw_0.1_seed_0,inputs/task_graph_topology/soda-benchmark-graphs/pytorch-graphs/squeeze_net_tosa.dot,179,0.1,0.5,1.0,0.1,0,1005.5926797560742,14423.118730564303,14.342903464713872,14423.118730564303,None,9633.20789788403,0.0,9466.813815823472,9.414163414673851,9466.813815823472,optimize_random,9466.813815823469,0.4972670078277588,9466.813815823472,9.414163414673851,9466.813815823472,optimize_swarm,9466.813815823469,136.73571491241455,9466.813815823472,9.414163414673851,9466.813815823472,optimize_random,9466.813815823469,507.0710492134094,9466.813815823472,9.414163414673851,9466.813815823472,optimize_single_point,9466.813815823469,0.28597569465637207,9466.813815823472,9.414163414673851,9466.813815823472,optimize_single_point,9466.813815823469,0.2765355110168457,9466.813815823472,9.414163414673851,9466.813815823472,optimize_single_point,9466.813815823469,2.9385550022125244,9466.813815823472,9.414163414673851,9466.813815823472,optimize_single_point,9466.813815823469,5.562314033508301,9466.813815823472,9.414163414673851,9466.813815823472,optimize_single_point,9466.813815823469,5.451321601867676,9466.813815823472,9.414163414673851,9466.813815823472,optimize_single_point,9466.813815823469,4.1917314529418945
2025-11-06 12:09:06,config_arato_area_0.1_hw_0.3_seed_3,inputs/task_graph_topology/soda-benchmark-graphs/pytorch-graphs/squeeze_net_tosa.dot,179,0.3,0.5,1.0,0.1,3,2658.940824325056,15869.870299355976,5.968493226390014,15869.870299355976,None,9953.53852152608,0.0,9214.5581241026,3.4654995101072315,9214.5581241026,optimize_random,9214.558124102598,0.48264575004577637,9214.5581241026,3.4654995101072315,9214.5581241026,optimize_swarm,9214.558124102598,136.9281759262085,9214.5581241026,3.4654995101072315,9214.5581241026,optimize_random,9214.558124102598,507.3484284877777,9214.5581241026,3.4654995101072315,9214.5581241026,optimize_single_point,9214.558124102598,0.28201866149902344,9214.5581241026,3.4654995101072315,9214.5581241026,optimize_single_point,9214.558124102598,0.27815723419189453,9214.5581241026,3.4654995101072315,9214.5581241026,optimize_single_point,9214.558124102598,2.9267661571502686,9214.5581241026,3.4654995101072315,9214.5581241026,optimize_single_point,9214.558124102598,5.489318609237671,9214.5581241026,3.4654995101072315,9214.5581241026,optimize_single_point,9214.558124102598,5.403696060180664,9214.5581241026,3.4654995101072315,9214.5581241026,optimize_single_point,9214.558124102598,4.22344970703125
2025-11-06 12:09:10,config_arato_area_0.1_hw_0.9_seed_1,inputs/task_graph_topology/soda-benchmark-graphs/pytorch-graphs/squeeze_net_tosa.dot,179,0.9,0.5,1.0,0.1,1,7103.137687612537,15187.560211465021,2.1381480803830186,15187.560211465021,None,9530.3065795946,0.0,8769.553212251989,1.2346027344430595,8769.553212251989,optimize_random,8769.553212251989,0.4870617389678955,8769.553212251989,1.2346027344430595,8769.553212251989,optimize_swarm,8769.553212251989,137.10296273231506,8769.553212251989,1.2346027344430595,8769.553212251989,optimize_random,8769.553212251989,509.6420385837555,8769.553212251989,1.2346027344430595,8769.553212251989,optimize_single_point,8769.553212251989,0.2853858470916748,8769.553212251989,1.2346027344430595,8769.553212251989,optimize_single_point,8769.553212251989,0.2796361446380615,8769.553212251989,1.2346027344430595,8769.553212251989,optimize_single_point,8769.553212251989,2.9955952167510986,8769.553212251989,1.2346027344430595,8769.553212251989,optimize_single_point,8769.553212251989,5.570296049118042,8769.553212251989,1.2346027344430595,8769.553212251989,optimize_single_point,8769.553212251989,5.450735569000244,8769.553212251989,1.2346027344430595,8769.553212251989,optimize_single_point,8769.553212251989,4.218289613723755
2025-11-06 12:09:13,config_arato_area_0.1_hw_0.5_seed_0,inputs/task_graph_topology/soda-benchmark-graphs/pytorch-graphs/squeeze_net_tosa.dot,179,0.5,0.5,1.0,0.1,0,5020.405770995477,16795.892423506713,3.3455248817818806,16795.892423506713,None,9697.030338332283,0.0,9466.813815823472,1.88566706510385,9466.813815823472,optimize_random,9466.813815823469,0.4975106716156006,9466.813815823472,1.88566706510385,9466.813815823472,optimize_swarm,9466.813815823469,138.4875214099884,9466.813815823472,1.88566706510385,9466.813815823472,optimize_random,9466.813815823469,512.62544465065,9466.813815823472,1.88566706510385,9466.813815823472,optimize_single_point,9466.813815823469,0.29022812843322754,9466.813815823472,1.88566706510385,9466.813815823472,optimize_single_point,9466.813815823469,0.28136754035949707,9466.813815823472,1.88566706510385,9466.813815823472,optimize_single_point,9466.813815823469,2.992769479751587,9466.813815823472,1.88566706510385,9466.813815823472,optimize_single_point,9466.813815823469,5.570729732513428,9466.813815823472,1.88566706510385,9466.813815823472,optimize_single_point,9466.813815823469,5.313477993011475,9466.813815823472,1.88566706510385,9466.813815823472,optimize_single_point,9466.813815823469,4.217584133148193
2025-11-06 12:09:17,config_arato_area_0.1_hw_0.5_seed_3,inputs/task_graph_topology/soda-benchmark-graphs/pytorch-graphs/squeeze_net_tosa.dot,179,0.5,0.5,1.0,0.1,3,4420.261133273895,16286.794021236668,3.6845773428715396,16286.794021236668,None,10320.549607810652,0.0,9214.5581241026,2.0846184979297315,9214.5581241026,optimize_random,9214.558124102598,0.4846677780151367,9214.5581241026,2.0846184979297315,9214.5581241026,optimize_swarm,9214.558124102598,138.5286419391632,9214.5581241026,2.0846184979297315,9214.5581241026,optimize_random,9214.558124102598,515.4374098777771,9214.5581241026,2.0846184979297315,9214.5581241026,optimize_single_point,9214.558124102598,0.2851407527923584,9214.5581241026,2.0846184979297315,9214.5581241026,optimize_single_point,9214.558124102598,0.280423641204834,9214.5581241026,2.0846184979297315,9214.5581241026,optimize_single_point,9214.558124102598,3.0007011890411377,9214.5581241026,2.0846184979297315,9214.5581241026,optimize_single_point,9214.558124102598,5.488552570343018,9214.5581241026,2.0846184979297315,9214.5581241026,optimize_single_point,9214.558124102598,5.3230719566345215,9214.5581241026,2.0846184979297315,9214.5581241026,optimize_single_point,9214.558124102598,4.310932159423828
2025-11-06 12:09:19,config_arato_area_0.1_hw_0.9_seed_0,inputs/task_graph_topology/soda-benchmark-graphs/pytorch-graphs/squeeze_net_tosa.dot,179,0.9,0.5,1.0,0.1,0,7512.781340436409,16387.61783761527,2.181298389374305,16387.61783761527,None,9970.500578737467,0.0,9466.813815823472,1.260094416014716,9466.813815823472,optimize_random,9466.813815823469,0.4941258430480957,9466.813815823472,1.260094416014716,9466.813815823472,optimize_swarm,9466.813815823469,140.07497549057007,9466.813815823472,1.260094416014716,9466.813815823472,optimize_random,9466.813815823469,516.5350461006165,9466.813815823472,1.260094416014716,9466.813815823472,optimize_single_point,9466.813815823469,0.28801703453063965,9466.813815823472,1.260094416014716,9466.813815823472,optimize_single_point,9466.813815823469,0.28257298469543457,9466.813815823472,1.260094416014716,9466.813815823472,optimize_single_point,9466.813815823469,2.9447078704833984,9466.813815823472,1.260094416014716,9466.813815823472,optimize_single_point,9466.813815823469,5.50621223449707,9466.813815823472,1.260094416014716,9466.813815823472,optimize_single_point,9466.813815823469,5.343918800354004,9466.813815823472,1.260094416014716,9466.813815823472,optimize_single_point,9466.813815823469,4.255341291427612
2025-11-06 12:09:28,config_arato_area_0.1_hw_0.3_seed_1,inputs/task_graph_topology/soda-benchmark-graphs/pytorch-graphs/squeeze_net_tosa.dot,179,0.3,0.5,1.0,0.1,1,2742.479224526191,16880.045835254914,6.155031434439115,16880.045835254914,None,9531.253545214196,0.0,8769.553212251989,3.197673526138407,8769.553212251989,optimize_random,8769.553212251989,0.5021955966949463,8769.553212251989,3.197673526138407,8769.553212251989,optimize_swarm,8769.553212251989,140.27186346054077,8769.553212251989,3.197673526138407,8769.553212251989,optimize_random,8769.553212251989,526.137770652771,8769.553212251989,3.197673526138407,8769.553212251989,optimize_single_point,8769.553212251989,0.2829437255859375,8769.553212251989,3.197673526138407,8769.553212251989,optimize_single_point,8769.553212251989,0.27956724166870117,8769.553212251989,3.197673526138407,8769.553212251989,optimize_single_point,8769.553212251989,2.9531145095825195,8769.553212251989,3.197673526138407,8769.553212251989,optimize_single_point,8769.553212251989,5.4507975578308105,8769.553212251989,3.197673526138407,8769.553212251989,optimize_single_point,8769.553212251989,5.3253278732299805,8769.553212251989,3.197673526138407,8769.553212251989,optimize_single_point,8769.553212251989,4.271457195281982
2025-11-06 12:09:29,config_arato_area_0.1_hw_0.1_seed_1,inputs/task_graph_topology/soda-benchmark-graphs/pytorch-graphs/squeeze_net_tosa.dot,179,0.1,0.5,1.0,0.1,1,914.495431384477,16433.55070118445,17.970074138375185,16433.55070118445,None,9261.424686175536,0.0,8769.553212251989,9.589499205015763,8769.553212251989,optimize_random,8769.553212251989,0.5186672210693359,8769.553212251989,9.589499205015763,8769.553212251989,optimize_swarm,8769.553212251989,138.8549361228943,8769.553212251989,9.589499205015763,8769.553212251989,optimize_random,8769.553212251989,527.5442833900452,8769.553212251989,9.589499205015763,8769.553212251989,optimize_single_point,8769.553212251989,0.27459716796875,8769.553212251989,9.589499205015763,8769.553212251989,optimize_single_point,8769.553212251989,0.271129846572876,8769.553212251989,9.589499205015763,8769.553212251989,optimize_single_point,8769.553212251989,2.8561806678771973,8769.553212251989,9.589499205015763,8769.553212251989,optimize_single_point,8769.553212251989,5.29102087020874,8769.553212251989,9.589499205015763,8769.553212251989,optimize_single_point,8769.553212251989,5.218659162521362,8769.553212251989,9.589499205015763,8769.553212251989,optimize_single_point,8769.553212251989,4.187228202819824
2025-11-06 12:09:46,config_arato_area_0.1_hw_0.3_seed_2,inputs/task_graph_topology/soda-benchmark-graphs/pytorch-graphs/squeeze_net_tosa.dot,179,0.3,0.5,1.0,0.1,2,2688.9671217589616,17857.13007901792,6.64088821857251,17857.13007901792,None,9585.149287423177,0.0,8942.015456463532,3.3254461849329715,8942.015456463532,optimize_random,8942.015456463534,0.5246682167053223,8942.015456463532,3.3254461849329715,8942.015456463532,optimize_swarm,8942.015456463534,140.6232099533081,8942.015456463532,3.3254461849329715,8942.015456463532,optimize_random,8942.015456463534,543.0793399810791,8942.015456463532,3.3254461849329715,8942.015456463532,optimize_single_point,8942.015456463534,0.28708362579345703,8942.015456463532,3.3254461849329715,8942.015456463532,optimize_single_point,8942.015456463534,0.291473388671875,8942.015456463532,3.3254461849329715,8942.015456463532,optimize_single_point,8942.015456463534,2.950819730758667,8942.015456463532,3.3254461849329715,8942.015456463532,optimize_single_point,8942.015456463534,5.612085819244385,8942.015456463532,3.3254461849329715,8942.015456463532,optimize_single_point,8942.015456463534,5.471813440322876,8942.015456463532,3.3254461849329715,8942.015456463532,optimize_single_point,8942.015456463534,4.353939056396484
2025-11-06 12:09:46,config_arato_area_0.3_hw_0.3_seed_3,inputs/task_graph_topology/soda-benchmark-graphs/pytorch-graphs/squeeze_net_tosa.dot,179,0.3,0.5,1.0,0.3,3,2658.940824325056,17095.657764802203,6.429499148083431,17095.657764802203,None,9301.006921663533,0.0,9214.5581241026,3.4654995101072315,9214.5581241026,optimize_random,9214.558124102598,0.5020177364349365,9074.825315697044,3.4129474536164577,9074.825315697044,optimize_swarm,8862.417615993403,145.94724440574646,9214.5581241026,3.4654995101072315,9214.5581241026,optimize_random,9214.558124102598,536.2009975910187,9214.5581241026,3.4654995101072315,9214.5581241026,optimize_single_point,9214.558124102598,0.29845380783081055,9214.5581241026,3.4654995101072315,9214.5581241026,optimize_single_point,9214.558124102598,0.2899792194366455,9214.5581241026,3.4654995101072315,9214.5581241026,optimize_single_point,9214.558124102598,3.103438138961792,9214.5581241026,3.4654995101072315,9214.5581241026,optimize_single_point,9214.558124102598,5.807264566421509,9214.5581241026,3.4654995101072315,9214.5581241026,optimize_single_point,9214.558124102598,5.681548595428467,9214.5581241026,3.4654995101072315,9214.5581241026,optimize_single_point,9214.558124102598,4.519557952880859
2025-11-06 12:09:50,config_arato_area_0.5_hw_0.7_seed_3,inputs/task_graph_topology/soda-benchmark-graphs/pytorch-graphs/squeeze_net_tosa.dot,179,0.7,0.5,1.0,0.5,3,5877.451285254198,18114.015544624428,3.0819507751719293,18114.015544624428,None,9865.975914240227,0.0,9214.5581241026,1.5677812842482917,9214.5581241026,optimize_random,9214.558124102598,0.5005993843078613,9146.657447778061,1.5562285425871412,9146.657447778061,optimize_swarm,9116.144478793314,146.58205795288086,9214.5581241026,1.5677812842482917,9214.5581241026,optimize_random,9214.558124102598,538.2083504199982,9214.5581241026,1.5677812842482917,9214.5581241026,optimize_single_point,9214.558124102598,0.30402350425720215,9214.5581241026,1.5677812842482917,9214.5581241026,optimize_single_point,9214.558124102598,0.2975895404815674,9214.5581241026,1.5677812842482917,9214.5581241026,optimize_single_point,9214.558124102598,3.1313436031341553,9214.5581241026,1.5677812842482917,9214.5581241026,optimize_single_point,9214.558124102598,6.650952577590942,9214.5581241026,1.5677812842482917,9214.5581241026,optimize_single_point,9214.558124102598,6.518611192703247,9214.5581241026,1.5677812842482917,9214.5581241026,optimize_single_point,9214.558124102598,4.567830324172974
2025-11-06 12:09:51,config_arato_area_0.3_hw_0.7_seed_0,inputs/task_graph_topology/soda-benchmark-graphs/pytorch-graphs/squeeze_net_tosa.dot,179,0.7,0.5,1.0,0.3,0,6596.241530654771,18310.586583692744,2.7759120854804658,18310.586583692744,None,9579.262338428754,0.0,9466.813815823472,1.435183016241638,9466.813815823472,optimize_random,9466.813815823469,0.5006091594696045,9408.655963095911,1.4263661995048214,9408.655963095911,optimize_swarm,9300.461900838864,145.49350547790527,9466.813815823472,1.435183016241638,9466.813815823472,optimize_random,9466.813815823469,541.3858511447906,9466.813815823472,1.435183016241638,9466.813815823472,optimize_single_point,9466.813815823469,0.3038933277130127,9466.813815823472,1.435183016241638,9466.813815823472,optimize_single_point,9466.813815823469,0.2981874942779541,9466.813815823472,1.435183016241638,9466.813815823472,optimize_single_point,9466.813815823469,3.137392282485962,9466.813815823472,1.435183016241638,9466.813815823472,optimize_single_point,9466.813815823469,5.820098400115967,9466.813815823472,1.435183016241638,9466.813815823472,optimize_single_point,9466.813815823469,5.698614120483398,9466.813815823472,1.435183016241638,9466.813815823472,optimize_single_point,9466.813815823469,4.638120412826538
2025-11-06 12:09:52,config_arato_area_0.3_hw_0.3_seed_0,inputs/task_graph_topology/soda-benchmark-graphs/pytorch-graphs/squeeze_net_tosa.dot,179,0.3,0.5,1.0,0.3,0,3016.369355489379,17749.56380988411,5.884413252502494,17749.56380988411,None,9325.564737080844,0.0,9466.813815823472,3.138479642287563,9466.813815823472,optimize_random,9466.813815823469,0.5030555725097656,9325.269405111538,3.091554218365475,9325.269405111538,optimize_swarm,9238.243370168006,146.37831115722656,9466.813815823472,3.138479642287563,9466.813815823472,optimize_random,9466.813815823469,541.4430882930756,9466.813815823472,3.138479642287563,9466.813815823472,optimize_single_point,9466.813815823469,0.30165600776672363,9466.813815823472,3.138479642287563,9466.813815823472,optimize_single_point,9466.813815823469,0.3001096248626709,9466.813815823472,3.138479642287563,9466.813815823472,optimize_single_point,9466.813815823469,3.1493537425994873,9466.813815823472,3.138479642287563,9466.813815823472,optimize_single_point,9466.813815823469,5.8725550174713135,9466.813815823472,3.138479642287563,9466.813815823472,optimize_single_point,9466.813815823469,5.747496843338013,9466.813815823472,3.138479642287563,9466.813815823472,optimize_single_point,9466.813815823469,4.658627986907959
2025-11-06 12:09:57,config_arato_area_0.5_hw_0.5_seed_1,inputs/task_graph_topology/soda-benchmark-graphs/pytorch-graphs/squeeze_net_tosa.dot,179,0.5,0.5,1.0,0.5,1,4559.116995953398,15522.361843160523,3.404686007605844,15522.361843160523,None,7957.975661841212,0.0,8769.553212251989,1.9235201070811978,8769.553212251989,optimize_random,8769.553212251989,0.5043587684631348,8680.398948547205,1.9039649467762711,8680.398948547205,optimize_swarm,8599.417309656035,146.76068472862244,8769.553212251989,1.9235201070811978,8769.553212251989,optimize_random,8769.553212251989,544.2156131267548,8769.553212251989,1.9235201070811978,8769.553212251989,optimize_single_point,8769.553212251989,0.3021564483642578,8769.553212251989,1.9235201070811978,8769.553212251989,optimize_single_point,8769.553212251989,0.29749536514282227,8769.553212251989,1.9235201070811978,8769.553212251989,optimize_single_point,8769.553212251989,3.16581654548645,8769.553212251989,1.9235201070811978,8769.553212251989,optimize_single_point,8769.553212251989,6.705344200134277,8769.553212251989,1.9235201070811978,8769.553212251989,optimize_single_point,8769.553212251989,6.5272603034973145,8769.553212251989,1.9235201070811978,8769.553212251989,optimize_single_point,8769.553212251989,4.621403217315674
2025-11-06 12:09:59,config_arato_area_0.3_hw_0.5_seed_2,inputs/task_graph_topology/soda-benchmark-graphs/pytorch-graphs/squeeze_net_tosa.dot,179,0.5,0.5,1.0,0.3,2,4411.024222327901,16995.30690204205,3.852916249249895,16995.30690204205,None,8530.896631583957,0.0,8942.015456463532,2.02719708751552,8942.015456463532,optimize_random,8942.015456463534,0.5050475597381592,8836.42090779928,2.003258305196042,8836.42090779928,optimize_swarm,8738.621247181609,146.93429946899414,8942.015456463532,2.02719708751552,8942.015456463532,optimize_random,8942.015456463534,547.300098657608,8942.015456463532,2.02719708751552,8942.015456463532,optimize_single_point,8942.015456463534,0.2991156578063965,8942.015456463532,2.02719708751552,8942.015456463532,optimize_single_point,8942.015456463534,0.2983858585357666,8942.015456463532,2.02719708751552,8942.015456463532,optimize_single_point,8942.015456463534,3.1695477962493896,8942.015456463532,2.02719708751552,8942.015456463532,optimize_single_point,8942.015456463534,5.849687337875366,8942.015456463532,2.02719708751552,8942.015456463532,optimize_single_point,8942.015456463534,5.71913480758667,8942.015456463532,2.02719708751552,8942.015456463532,optimize_single_point,8942.015456463534,4.64039158821106
2025-11-06 12:09:59,config_arato_area_0.5_hw_0.7_seed_2,inputs/task_graph_topology/soda-benchmark-graphs/pytorch-graphs/squeeze_net_tosa.dot,179,0.7,0.5,1.0,0.5,2,5858.939212615281,16691.630069719642,2.848916751650155,16691.630069719642,None,8295.417503966122,0.0,8942.015456463532,1.5262174827159616,8942.015456463532,optimize_random,8942.015456463534,0.5054206848144531,8871.992332589538,1.5142659806892427,8871.992332589538,optimize_swarm,8763.310915692486,146.62042832374573,8942.015456463532,1.5262174827159616,8942.015456463532,optimize_random,8942.015456463534,546.394862651825,8942.015456463532,1.5262174827159616,8942.015456463532,optimize_single_point,8942.015456463534,0.30361437797546387,8942.015456463532,1.5262174827159616,8942.015456463532,optimize_single_point,8942.015456463534,0.29690027236938477,8942.015456463532,1.5262174827159616,8942.015456463532,optimize_single_point,8942.015456463534,3.1461877822875977,8942.015456463532,1.5262174827159616,8942.015456463532,optimize_single_point,8942.015456463534,6.705041408538818,8942.015456463532,1.5262174827159616,8942.015456463532,optimize_single_point,8942.015456463534,6.549973011016846,8942.015456463532,1.5262174827159616,8942.015456463532,optimize_single_point,8942.015456463534,4.597875118255615
2025-11-06 12:10:00,config_arato_area_0.3_hw_0.9_seed_1,inputs/task_graph_topology/soda-benchmark-graphs/pytorch-graphs/squeeze_net_tosa.dot,179,0.9,0.5,1.0,0.3,1,7103.137687612537,19752.55729822743,2.78082140131885,19752.55729822743,None,10355.820045087148,0.0,8769.553212251989,1.2346027344430595,8769.553212251989,optimize_random,8769.553212251989,0.5082650184631348,8716.840692446242,1.2271817154337175,8716.840692446242,optimize_swarm,8638.156529187167,147.5358350276947,8769.553212251989,1.2346027344430595,8769.553212251989,optimize_random,8769.553212251989,548.250757932663,8769.553212251989,1.2346027344430595,8769.553212251989,optimize_single_point,8769.553212251989,0.3062877655029297,8769.553212251989,1.2346027344430595,8769.553212251989,optimize_single_point,8769.553212251989,0.3041350841522217,8769.553212251989,1.2346027344430595,8769.553212251989,optimize_single_point,8769.553212251989,3.1927218437194824,8769.553212251989,1.2346027344430595,8769.553212251989,optimize_single_point,8769.553212251989,5.914580345153809,8769.553212251989,1.2346027344430595,8769.553212251989,optimize_single_point,8769.553212251989,5.790433168411255,8769.553212251989,1.2346027344430595,8769.553212251989,optimize_single_point,8769.553212251989,4.694758415222168
2025-11-06 12:10:00,config_arato_area_0.5_hw_0.3_seed_1,inputs/task_graph_topology/soda-benchmark-graphs/pytorch-graphs/squeeze_net_tosa.dot,179,0.3,0.5,1.0,0.5,1,2742.479224526191,13774.970303025246,5.022816647008548,13774.970303025246,None,6932.55067451224,0.0,8769.553212251989,3.197673526138407,8769.553212251989,optimize_random,8769.553212251989,0.506906270980835,8650.596073923094,3.1542977596913713,8650.596073923094,optimize_swarm,8604.714251787327,146.8291153907776,8769.553212251989,3.197673526138407,8769.553212251989,optimize_random,8769.553212251989,547.2967803478241,8769.553212251989,3.197673526138407,8769.553212251989,optimize_single_point,8769.553212251989,0.30709266662597656,8769.553212251989,3.197673526138407,8769.553212251989,optimize_single_point,8769.553212251989,0.30034399032592773,8769.553212251989,3.197673526138407,8769.553212251989,optimize_single_point,8769.553212251989,3.1284565925598145,8769.553212251989,3.197673526138407,8769.553212251989,optimize_single_point,8769.553212251989,6.741035461425781,8769.553212251989,3.197673526138407,8769.553212251989,optimize_single_point,8769.553212251989,6.568355560302734,8769.553212251989,3.197673526138407,8769.553212251989,optimize_single_point,8769.553212251989,4.644537687301636
2025-11-06 12:10:01,config_arato_area_0.3_hw_0.7_seed_1,inputs/task_graph_topology/soda-benchmark-graphs/pytorch-graphs/squeeze_net_tosa.dot,179,0.7,0.5,1.0,0.3,1,6100.224451734148,19266.527860032118,3.1583309782241056,19266.527860032118,None,9973.956452413617,0.0,8769.553212251989,1.4375787779020188,8769.553212251989,optimize_random,8769.553212251989,0.5056130886077881,8662.538267356622,1.4200359898059274,8662.538267356622,optimize_swarm,8561.542841908484,146.33216834068298,8769.553212251989,1.4375787779020188,8769.553212251989,optimize_random,8769.553212251989,549.4377431869507,8769.553212251989,1.4375787779020188,8769.553212251989,optimize_single_point,8769.553212251989,0.3029592037200928,8769.553212251989,1.4375787779020188,8769.553212251989,optimize_single_point,8769.553212251989,0.30078816413879395,8769.553212251989,1.4375787779020188,8769.553212251989,optimize_single_point,8769.553212251989,3.2078397274017334,8769.553212251989,1.4375787779020188,8769.553212251989,optimize_single_point,8769.553212251989,5.947934150695801,8769.553212251989,1.4375787779020188,8769.553212251989,optimize_single_point,8769.553212251989,5.804651975631714,8769.553212251989,1.4375787779020188,8769.553212251989,optimize_single_point,8769.553212251989,4.6093292236328125
2025-11-06 12:10:02,config_arato_area_0.5_hw_0.9_seed_0,inputs/task_graph_topology/soda-benchmark-graphs/pytorch-graphs/squeeze_net_tosa.dot,179,0.9,0.5,1.0,0.5,0,7512.781340436409,18281.8874765268,2.4334379836302844,18281.8874765268,None,9394.641284739842,0.0,9466.813815823472,1.260094416014716,9466.813815823472,optimize_random,9466.813815823469,0.5169692039489746,9431.166945943414,1.255349586068955,9431.166945943414,optimize_swarm,9376.49938672995,147.3854308128357,9466.813815823472,1.260094416014716,9466.813815823472,optimize_random,9466.813815823469,548.456404209137,9466.813815823472,1.260094416014716,9466.813815823472,optimize_single_point,9466.813815823469,0.30890846252441406,9466.813815823472,1.260094416014716,9466.813815823472,optimize_single_point,9466.813815823469,0.3007340431213379,9466.813815823472,1.260094416014716,9466.813815823472,optimize_single_point,9466.813815823469,3.2048587799072266,9466.813815823472,1.260094416014716,9466.813815823472,optimize_single_point,9466.813815823469,6.738475322723389,9466.813815823472,1.260094416014716,9466.813815823472,optimize_single_point,9466.813815823469,6.561615228652954,9466.813815823472,1.260094416014716,9466.813815823472,optimize_single_point,9466.813815823469,4.684039831161499
2025-11-06 12:10:02,config_arato_area_0.5_hw_0.3_seed_0,inputs/task_graph_topology/soda-benchmark-graphs/pytorch-graphs/squeeze_net_tosa.dot,179,0.3,0.5,1.0,0.5,0,3016.369355489379,16244.671407184193,5.385504721966862,16244.671407184193,None,7523.953727482756,0.0,9466.813815823472,3.138479642287563,9466.813815823472,optimize_random,9466.813815823469,0.5064027309417725,9333.583486343463,3.0943105390451007,9333.583486343463,optimize_swarm,9192.617636196199,147.93417406082153,9466.813815823472,3.138479642287563,9466.813815823472,optimize_random,9466.813815823469,547.7695412635803,9466.813815823472,3.138479642287563,9466.813815823472,optimize_single_point,9466.813815823469,0.3036010265350342,9466.813815823472,3.138479642287563,9466.813815823472,optimize_single_point,9466.813815823469,0.2962665557861328,8982.088836974885,2.977781491059347,8982.088836974885,optimize_single_point,5582.340367014471,3.1343953609466553,9466.813815823472,3.138479642287563,9466.813815823472,optimize_single_point,9466.813815823469,6.662530899047852,9466.813815823472,3.138479642287563,9466.813815823472,optimize_single_point,9466.813815823469,6.545850992202759,8911.77697431879,2.9544713939294525,8911.77697431879,optimize_single_point,6127.445510042446,4.697618007659912
2025-11-06 12:10:03,config_arato_area_0.5_hw_0.1_seed_0,inputs/task_graph_topology/soda-benchmark-graphs/pytorch-graphs/squeeze_net_tosa.dot,179,0.1,0.5,1.0,0.5,0,1005.5926797560742,14269.10213174579,14.189743440860205,14269.10213174579,None,6357.8414945450995,0.0,9466.813815823472,9.414163414673851,9466.813815823472,optimize_random,9466.813815823469,0.508652925491333,9252.056536413718,9.200600524118753,9252.056536413718,optimize_swarm,9131.108529666613,148.48678183555603,9466.813815823472,9.414163414673851,9466.813815823472,optimize_random,9466.813815823469,547.8441848754883,9466.813815823472,9.414163414673851,9466.813815823472,optimize_single_point,9466.813815823469,0.3100745677947998,9466.813815823472,9.414163414673851,9466.813815823472,optimize_single_point,9466.813815823469,0.3016026020050049,8006.998867730432,7.962467337841683,8006.998867730432,optimize_single_point,5822.208117679671,3.194526433944702,9466.813815823472,9.414163414673851,9466.813815823472,optimize_single_point,9466.813815823469,6.766704559326172,9466.813815823472,9.414163414673851,9466.813815823472,optimize_single_point,9466.813815823469,6.680457830429077,8581.199194055698,8.533474205616963,8581.199194055698,optimize_single_point,5964.562374314185,4.861685752868652
2025-11-06 12:10:04,config_arato_area_0.3_hw_0.7_seed_2,inputs/task_graph_topology/soda-benchmark-graphs/pytorch-graphs/squeeze_net_tosa.dot,179,0.7,0.5,1.0,0.3,2,5858.939212615281,16470.520413773585,2.8111778968980916,16470.520413773585,None,9451.852047837383,0.0,8942.015456463532,1.5262174827159616,8942.015456463532,optimize_random,8942.015456463534,0.5106301307678223,8829.346484160713,1.5069872145370011,8829.346484160713,optimize_swarm,8667.663522775454,149.20834374427795,8942.015456463532,1.5262174827159616,8942.015456463532,optimize_random,8942.015456463534,549.7741560935974,8942.015456463532,1.5262174827159616,8942.015456463532,optimize_single_point,8942.015456463534,0.3055911064147949,8942.015456463532,1.5262174827159616,8942.015456463532,optimize_single_point,8942.015456463534,0.29755687713623047,8942.015456463532,1.5262174827159616,8942.015456463532,optimize_single_point,8942.015456463534,3.2077863216400146,8942.015456463532,1.5262174827159616,8942.015456463532,optimize_single_point,8942.015456463534,5.93563985824585,8942.015456463532,1.5262174827159616,8942.015456463532,optimize_single_point,8942.015456463534,5.770277738571167,8942.015456463532,1.5262174827159616,8942.015456463532,optimize_single_point,8942.015456463534,4.6992270946502686
2025-11-06 12:10:04,config_arato_area_0.5_hw_0.5_seed_2,inputs/task_graph_topology/soda-benchmark-graphs/pytorch-graphs/squeeze_net_tosa.dot,179,0.5,0.5,1.0,0.5,2,4411.024222327901,16188.646316669081,3.670042489162661,16188.646316669081,None,7974.739083045544,0.0,8942.015456463532,2.02719708751552,8942.015456463532,optimize_random,8942.015456463534,0.5113134384155273,8835.474833968252,2.0030438257954892,8835.474833968252,optimize_swarm,8751.533142327624,147.8332200050354,8942.015456463532,2.02719708751552,8942.015456463532,optimize_random,8942.015456463534,550.0279676914215,8942.015456463532,2.02719708751552,8942.015456463532,optimize_single_point,8942.015456463534,0.3060646057128906,8942.015456463532,2.02719708751552,8942.015456463532,optimize_single_point,8942.015456463534,0.2941551208496094,8942.015456463532,2.02719708751552,8942.015456463532,optimize_single_point,8942.015456463534,3.148075580596924,8942.015456463532,2.02719708751552,8942.015456463532,optimize_single_point,8942.015456463534,6.774259090423584,8942.015456463532,2.02719708751552,8942.015456463532,optimize_single_point,8942.015456463534,6.545157432556152,8942.015456463532,2.02719708751552,8942.015456463532,optimize_single_point,8942.015456463534,4.762888193130493
2025-11-06 12:10:04,config_arato_area_0.3_hw_0.9_seed_2,inputs/task_graph_topology/soda-benchmark-graphs/pytorch-graphs/squeeze_net_tosa.dot,179,0.9,0.5,1.0,0.3,2,6779.073175355862,16467.98699318543,2.429238712609258,16467.98699318543,None,9293.634705563594,0.0,8942.015456463532,1.31906165122552,8942.015456463532,optimize_random,8942.015456463534,0.5170037746429443,8865.035333452342,1.3077060984796023,8865.035333452342,optimize_swarm,8667.663522775454,146.60447216033936,8942.015456463532,1.31906165122552,8942.015456463532,optimize_random,8942.015456463534,553.2876060009003,8942.015456463532,1.31906165122552,8942.015456463532,optimize_single_point,8942.015456463534,0.30301642417907715,8942.015456463532,1.31906165122552,8942.015456463532,optimize_single_point,8942.015456463534,0.3020620346069336,8942.015456463532,1.31906165122552,8942.015456463532,optimize_single_point,8942.015456463534,3.1772682666778564,8942.015456463532,1.31906165122552,8942.015456463532,optimize_single_point,8942.015456463534,5.95977258682251,8942.015456463532,1.31906165122552,8942.015456463532,optimize_single_point,8942.015456463534,5.768519639968872,8942.015456463532,1.31906165122552,8942.015456463532,optimize_single_point,8942.015456463534,4.819023370742798
2025-11-06 12:10:05,config_arato_area_0.5_hw_0.9_seed_1,inputs/task_graph_topology/soda-benchmark-graphs/pytorch-graphs/squeeze_net_tosa.dot,179,0.9,0.5,1.0,0.5,1,7103.137687612537,21308.14918963035,2.9998220683220786,21308.14918963035,None,10608.057441812525,0.0,8769.553212251989,1.2346027344430595,8769.553212251989,optimize_random,8769.553212251989,0.5149245262145996,8716.840692446242,1.2271817154337175,8716.840692446242,optimize_swarm,8638.156529187167,147.70995831489563,8769.553212251989,1.2346027344430595,8769.553212251989,optimize_random,8769.553212251989,551.6205055713654,8769.553212251989,1.2346027344430595,8769.553212251989,optimize_single_point,8769.553212251989,0.3015553951263428,8769.553212251989,1.2346027344430595,8769.553212251989,optimize_single_point,8769.553212251989,0.298736572265625,8769.553212251989,1.2346027344430595,8769.553212251989,optimize_single_point,8769.553212251989,3.152576446533203,8769.553212251989,1.2346027344430595,8769.553212251989,optimize_single_point,8769.553212251989,6.650288105010986,8769.553212251989,1.2346027344430595,8769.553212251989,optimize_single_point,8769.553212251989,6.527693033218384,8769.553212251989,1.2346027344430595,8769.553212251989,optimize_single_point,8769.553212251989,4.763733863830566
2025-11-06 12:10:05,config_arato_area_0.3_hw_0.5_seed_1,inputs/task_graph_topology/soda-benchmark-graphs/pytorch-graphs/squeeze_net_tosa.dot,179,0.5,0.5,1.0,0.3,1,4559.116995953398,17004.18532297155,3.7297102351319786,17004.18532297155,None,9310.196019697378,0.0,8769.553212251989,1.9235201070811978,8769.553212251989,optimize_random,8769.553212251989,0.5258574485778809,8589.504025434537,1.884027988985246,8589.504025434537,optimize_swarm,8422.429341392393,146.94924116134644,8769.553212251989,1.9235201070811978,8769.553212251989,optimize_random,8769.553212251989,554.5670449733734,8769.553212251989,1.9235201070811978,8769.553212251989,optimize_single_point,8769.553212251989,0.30671238899230957,8769.553212251989,1.9235201070811978,8769.553212251989,optimize_single_point,8769.553212251989,0.3002488613128662,8769.553212251989,1.9235201070811978,8769.553212251989,optimize_single_point,8769.553212251989,3.183422327041626,8769.553212251989,1.9235201070811978,8769.553212251989,optimize_single_point,8769.553212251989,5.821462392807007,8769.553212251989,1.9235201070811978,8769.553212251989,optimize_single_point,8769.553212251989,5.755621433258057,8769.553212251989,1.9235201070811978,8769.553212251989,optimize_single_point,8769.553212251989,4.767593622207642
2025-11-06 12:10:07,config_arato_area_0.5_hw_0.5_seed_3,inputs/task_graph_topology/soda-benchmark-graphs/pytorch-graphs/squeeze_net_tosa.dot,179,0.5,0.5,1.0,0.5,3,4420.261133273895,16224.388012001416,3.6704591703578195,16224.388012001416,None,8644.460609277863,0.0,9214.5581241026,2.0846184979297315,9214.5581241026,optimize_random,9214.558124102598,0.5148780345916748,9134.39397042958,2.06648288302916,9134.39397042958,optimize_swarm,9098.891346977276,150.0618600845337,9214.5581241026,2.0846184979297315,9214.5581241026,optimize_random,9214.558124102598,550.0069017410278,9214.5581241026,2.0846184979297315,9214.5581241026,optimize_single_point,9214.558124102598,0.31122422218322754,9214.5581241026,2.0846184979297315,9214.5581241026,optimize_single_point,9214.558124102598,0.30944061279296875,9214.5581241026,2.0846184979297315,9214.5581241026,optimize_single_point,9214.558124102598,3.212585210800171,9214.5581241026,2.0846184979297315,9214.5581241026,optimize_single_point,9214.558124102598,6.826506614685059,9214.5581241026,2.0846184979297315,9214.5581241026,optimize_single_point,9214.558124102598,6.7327094078063965,9214.5581241026,2.0846184979297315,9214.5581241026,optimize_single_point,9214.558124102598,4.721932411193848
2025-11-06 12:10:10,config_arato_area_0.5_hw_0.7_seed_0,inputs/task_graph_topology/soda-benchmark-graphs/pytorch-graphs/squeeze_net_tosa.dot,179,0.7,0.5,1.0,0.5,0,6596.241530654771,17245.472320611072,2.6144391833540417,17245.472320611072,None,7963.53047053613,0.0,9466.813815823472,1.435183016241638,9466.813815823472,optimize_random,9466.813815823469,0.5118579864501953,9392.124843435462,1.4238600572443199,9392.124843435462,optimize_swarm,9278.203624602225,149.24687600135803,9466.813815823472,1.435183016241638,9466.813815823472,optimize_random,9466.813815823469,553.9674305915833,9466.813815823472,1.435183016241638,9466.813815823472,optimize_single_point,9466.813815823469,0.31144261360168457,9466.813815823472,1.435183016241638,9466.813815823472,optimize_single_point,9466.813815823469,0.3006739616394043,9466.813815823472,1.435183016241638,9466.813815823472,optimize_single_point,9466.813815823469,3.174792766571045,9466.813815823472,1.435183016241638,9466.813815823472,optimize_single_point,9466.813815823469,6.794621467590332,9466.813815823472,1.435183016241638,9466.813815823472,optimize_single_point,9466.813815823469,6.701030254364014,9466.813815823472,1.435183016241638,9466.813815823472,optimize_single_point,9466.813815823469,4.6394548416137695
2025-11-06 12:10:10,config_arato_area_0.5_hw_0.1_seed_2,inputs/task_graph_topology/soda-benchmark-graphs/pytorch-graphs/squeeze_net_tosa.dot,179,0.1,0.5,1.0,0.5,2,896.9223739196549,14046.7490341023,15.66105322216055,14046.7490341023,None,6989.063712665402,0.0,8942.015456463532,9.969664841100894,8942.015456463532,optimize_random,8942.015456463534,0.5133199691772461,8717.998738888818,9.71990329641366,8717.998738888818,optimize_swarm,8602.534627332432,149.99589443206787,8942.015456463532,9.969664841100894,8942.015456463532,optimize_random,8942.015456463534,554.0207715034485,8942.015456463532,9.969664841100894,8942.015456463532,optimize_single_point,8942.015456463534,0.3088109493255615,8942.015456463532,9.969664841100894,8942.015456463532,optimize_single_point,8942.015456463534,0.29970765113830566,8485.662900463174,9.46086656683548,8485.662900463174,optimize_single_point,5504.68213590983,3.197824239730835,8942.015456463532,9.969664841100894,8942.015456463532,optimize_single_point,8942.015456463534,6.830504894256592,8942.015456463532,9.969664841100894,8942.015456463532,optimize_single_point,8942.015456463534,6.843571186065674,8231.807103472558,9.177836725711954,8231.807103472558,optimize_single_point,5556.053091817684,4.7217113971710205
2025-11-06 12:10:13,config_arato_area_0.5_hw_0.7_seed_1,inputs/task_graph_topology/soda-benchmark-graphs/pytorch-graphs/squeeze_net_tosa.dot,179,0.7,0.5,1.0,0.5,1,6100.224451734148,18007.93311261911,2.9520115620499645,18007.93311261911,None,9422.928136831764,0.0,8769.553212251989,1.4375787779020188,8769.553212251989,optimize_random,8769.553212251989,0.5145337581634521,8699.6851884503,1.4261254249386164,8699.6851884503,optimize_swarm,8638.156529187167,149.86221623420715,8769.553212251989,1.4375787779020188,8769.553212251989,optimize_random,8769.553212251989,556.4375357627869,8769.553212251989,1.4375787779020188,8769.553212251989,optimize_single_point,8769.553212251989,0.3096635341644287,8769.553212251989,1.4375787779020188,8769.553212251989,optimize_single_point,8769.553212251989,0.3022785186767578,8769.553212251989,1.4375787779020188,8769.553212251989,optimize_single_point,8769.553212251989,3.207505941390991,8769.553212251989,1.4375787779020188,8769.553212251989,optimize_single_point,8769.553212251989,6.759503126144409,8769.553212251989,1.4375787779020188,8769.553212251989,optimize_single_point,8769.553212251989,6.647942066192627,8769.553212251989,1.4375787779020188,8769.553212251989,optimize_single_point,8769.553212251989,4.5321080684661865
2025-11-06 12:10:13,config_arato_area_0.3_hw_0.9_seed_3,inputs/task_graph_topology/soda-benchmark-graphs/pytorch-graphs/squeeze_net_tosa.dot,179,0.9,0.5,1.0,0.3,3,6781.9286707166075,17770.698626886493,2.6203016117845377,17770.698626886493,None,11002.222743045671,0.0,9214.5581241026,1.3586928691671052,9214.5581241026,optimize_random,9214.558124102598,0.5171675682067871,9091.636087110212,1.340567931120625,9091.636087110212,optimize_swarm,9057.271378497979,148.60940551757812,9214.5581241026,1.3586928691671052,9214.5581241026,optimize_random,9214.558124102598,560.2398924827576,9214.5581241026,1.3586928691671052,9214.5581241026,optimize_single_point,9214.558124102598,0.30798912048339844,9214.5581241026,1.3586928691671052,9214.5581241026,optimize_single_point,9214.558124102598,0.3008553981781006,9214.5581241026,1.3586928691671052,9214.5581241026,optimize_single_point,9214.558124102598,3.2206175327301025,9214.5581241026,1.3586928691671052,9214.5581241026,optimize_single_point,9214.558124102598,5.983238458633423,9214.5581241026,1.3586928691671052,9214.5581241026,optimize_single_point,9214.558124102598,5.767455101013184,9214.5581241026,1.3586928691671052,9214.5581241026,optimize_single_point,9214.558124102598,4.487994194030762
2025-11-06 12:10:15,config_arato_area_0.5_hw_0.3_seed_3,inputs/task_graph_topology/soda-benchmark-graphs/pytorch-graphs/squeeze_net_tosa.dot,179,0.3,0.5,1.0,0.5,3,2658.940824325056,15072.823262105107,5.668732122284513,15072.823262105107,None,8079.000848048331,0.0,9214.5581241026,3.4654995101072315,9214.5581241026,optimize_random,9214.558124102598,0.5153722763061523,9120.19292104866,3.4300097383189128,9120.19292104866,optimize_swarm,9098.891346977276,147.95547890663147,9214.5581241026,3.4654995101072315,9214.5581241026,optimize_random,9214.558124102598,560.3880476951599,9214.5581241026,3.4654995101072315,9214.5581241026,optimize_single_point,9214.558124102598,0.3062167167663574,9214.5581241026,3.4654995101072315,9214.5581241026,optimize_single_point,9214.558124102598,0.2986435890197754,9043.069721953607,3.4010045049607656,9043.069721953607,optimize_single_point,5906.378203316182,3.170240879058838,9214.5581241026,3.4654995101072315,9214.5581241026,optimize_single_point,9214.558124102598,6.747405290603638,9214.5581241026,3.4654995101072315,9214.5581241026,optimize_single_point,9214.558124102598,6.566268444061279,9214.5581241026,3.4654995101072315,9214.5581241026,optimize_single_point,9214.558124102598,4.560163974761963
2025-11-06 12:10:15,config_arato_area_0.5_hw_0.5_seed_0,inputs/task_graph_topology/soda-benchmark-graphs/pytorch-graphs/squeeze_net_tosa.dot,179,0.5,0.5,1.0,0.5,0,5020.405770995477,17363.770636179088,3.4586388886124024,17363.770636179088,None,7765.496317247366,0.0,9466.813815823472,1.88566706510385,9466.813815823472,optimize_random,9466.813815823469,0.5208675861358643,9380.056602199069,1.8683861484644764,9380.056602199069,optimize_swarm,9300.461900838864,151.36490964889526,9466.813815823472,1.88566706510385,9466.813815823472,optimize_random,9466.813815823469,556.9073235988617,9466.813815823472,1.88566706510385,9466.813815823472,optimize_single_point,9466.813815823469,0.3144683837890625,9466.813815823472,1.88566706510385,9466.813815823472,optimize_single_point,9466.813815823469,0.3069186210632324,9466.813815823472,1.88566706510385,9466.813815823472,optimize_single_point,9466.813815823469,3.2526493072509766,9466.813815823472,1.88566706510385,9466.813815823472,optimize_single_point,9466.813815823469,6.839903354644775,9466.813815823472,1.88566706510385,9466.813815823472,optimize_single_point,9466.813815823469,6.642913579940796,9466.813815823472,1.88566706510385,9466.813815823472,optimize_single_point,9466.813815823469,4.661484956741333
2025-11-06 12:10:17,config_arato_area_0.3_hw_0.3_seed_2,inputs/task_graph_topology/soda-benchmark-graphs/pytorch-graphs/squeeze_net_tosa.dot,179,0.3,0.5,1.0,0.3,2,2688.9671217589616,16342.336786852147,6.07755173152209,16342.336786852147,None,8234.877413072467,0.0,8942.015456463532,3.3254461849329715,8942.015456463532,optimize_random,8942.015456463534,0.5292458534240723,8803.643666278955,3.273987099001842,8803.643666278955,optimize_swarm,8745.591798003474,150.49512720108032,8942.015456463532,3.3254461849329715,8942.015456463532,optimize_random,8942.015456463534,561.5665440559387,8942.015456463532,3.3254461849329715,8942.015456463532,optimize_single_point,8942.015456463534,0.30997753143310547,8942.015456463532,3.3254461849329715,8942.015456463532,optimize_single_point,8942.015456463534,0.29910707473754883,8942.015456463532,3.3254461849329715,8942.015456463532,optimize_single_point,8942.015456463534,3.2160630226135254,8942.015456463532,3.3254461849329715,8942.015456463532,optimize_single_point,8942.015456463534,6.074184417724609,8942.015456463532,3.3254461849329715,8942.015456463532,optimize_single_point,8942.015456463534,5.810919284820557,8942.015456463532,3.3254461849329715,8942.015456463532,optimize_single_point,8942.015456463534,4.653217554092407
2025-11-06 12:10:17,config_arato_area_0.5_hw_0.3_seed_2,inputs/task_graph_topology/soda-benchmark-graphs/pytorch-graphs/squeeze_net_tosa.dot,179,0.3,0.5,1.0,0.5,2,2688.9671217589616,15284.85411853263,5.684284495280178,15284.85411853263,None,7539.2500158792645,0.0,8942.015456463532,3.3254461849329715,8942.015456463532,optimize_random,8942.015456463534,0.521367073059082,8690.624041196326,3.231956229911595,8690.624041196326,optimize_swarm,8423.557154506121,150.1142110824585,8942.015456463532,3.3254461849329715,8942.015456463532,optimize_random,8942.015456463534,560.3851642608643,8942.015456463532,3.3254461849329715,8942.015456463532,optimize_single_point,8942.015456463534,0.3081514835357666,8942.015456463532,3.3254461849329715,8942.015456463532,optimize_single_point,8942.015456463534,0.30535268783569336,8705.024047291221,3.237311448269741,8705.024047291221,optimize_single_point,6199.327933869555,3.2321410179138184,8942.015456463532,3.3254461849329715,8942.015456463532,optimize_single_point,8942.015456463534,6.816987752914429,8942.015456463532,3.3254461849329715,8942.015456463532,optimize_single_point,8942.015456463534,6.6315271854400635,8942.015456463532,3.3254461849329715,8942.015456463532,optimize_single_point,8942.015456463534,4.627061605453491
2025-11-06 12:10:18,config_arato_area_0.3_hw_0.5_seed_3,inputs/task_graph_topology/soda-benchmark-graphs/pytorch-graphs/squeeze_net_tosa.dot,179,0.5,0.5,1.0,0.3,3,4420.261133273895,18356.465375784806,4.152801117926028,18356.465375784806,None,10154.217077276555,0.0,9214.5581241026,2.0846184979297315,9214.5581241026,optimize_random,9214.558124102598,0.5226755142211914,9134.39397042958,2.06648288302916,9134.39397042958,optimize_swarm,9098.891346977276,151.3407793045044,9214.5581241026,2.0846184979297315,9214.5581241026,optimize_random,9214.558124102598,562.3502767086029,9214.5581241026,2.0846184979297315,9214.5581241026,optimize_single_point,9214.558124102598,0.310300350189209,9214.5581241026,2.0846184979297315,9214.5581241026,optimize_single_point,9214.558124102598,0.30196475982666016,9214.5581241026,2.0846184979297315,9214.5581241026,optimize_single_point,9214.558124102598,3.1933960914611816,9214.5581241026,2.0846184979297315,9214.5581241026,optimize_single_point,9214.558124102598,5.960593223571777,9214.5581241026,2.0846184979297315,9214.5581241026,optimize_single_point,9214.558124102598,5.723389148712158,9214.5581241026,2.0846184979297315,9214.5581241026,optimize_single_point,9214.558124102598,4.583393812179565
2025-11-06 12:10:19,config_arato_area_0.3_hw_0.7_seed_3,inputs/task_graph_topology/soda-benchmark-graphs/pytorch-graphs/squeeze_net_tosa.dot,179,0.7,0.5,1.0,0.3,3,5877.451285254198,17993.191589037888,3.0613935727856374,17993.191589037888,None,10560.249231520542,0.0,9214.5581241026,1.5677812842482917,9214.5581241026,optimize_random,9214.558124102598,0.5178959369659424,9129.7982119479,1.5533600822610711,9129.7982119479,optimize_swarm,8951.020887541876,151.77145147323608,9214.5581241026,1.5677812842482917,9214.5581241026,optimize_random,9214.558124102598,562.8594884872437,9214.5581241026,1.5677812842482917,9214.5581241026,optimize_single_point,9214.558124102598,0.30904722213745117,9214.5581241026,1.5677812842482917,9214.5581241026,optimize_single_point,9214.558124102598,0.3012278079986572,9214.5581241026,1.5677812842482917,9214.5581241026,optimize_single_point,9214.558124102598,3.301628351211548,9214.5581241026,1.5677812842482917,9214.5581241026,optimize_single_point,9214.558124102598,5.885383129119873,9214.5581241026,1.5677812842482917,9214.5581241026,optimize_single_point,9214.558124102598,5.736988544464111,9214.5581241026,1.5677812842482917,9214.5581241026,optimize_single_point,9214.558124102598,4.51143217086792
2025-11-06 12:10:20,config_arato_area_0.3_hw_0.1_seed_3,inputs/task_graph_topology/soda-benchmark-graphs/pytorch-graphs/squeeze_net_tosa.dot,179,0.1,0.5,1.0,0.3,3,886.513608108352,15890.125288495134,17.924288068630528,15890.125288495134,None,8356.821328919355,0.0,9214.5581241026,10.394153050582808,9214.5581241026,optimize_random,9214.558124102598,0.5228865146636963,9022.004743654494,10.17695008980821,9022.004743654494,optimize_swarm,8801.21225113549,150.76249527931213,9214.5581241026,10.394153050582808,9214.5581241026,optimize_random,9214.558124102598,563.8838708400726,9214.5581241026,10.394153050582808,9214.5581241026,optimize_single_point,9214.558124102598,0.3055837154388428,9214.5581241026,10.394153050582808,9214.5581241026,optimize_single_point,9214.558124102598,0.30524659156799316,9214.5581241026,10.394153050582808,9214.5581241026,optimize_single_point,9214.558124102598,3.1572999954223633,9214.5581241026,10.394153050582808,9214.5581241026,optimize_single_point,9214.558124102598,6.0152294635772705,9214.5581241026,10.394153050582808,9214.5581241026,optimize_single_point,9214.558124102598,5.855145692825317,9214.5581241026,10.394153050582808,9214.5581241026,optimize_single_point,9214.558124102598,4.74494194984436
2025-11-06 12:10:34,config_arato_area_0.5_hw_0.1_seed_3,inputs/task_graph_topology/soda-benchmark-graphs/pytorch-graphs/squeeze_net_tosa.dot,179,0.1,0.5,1.0,0.5,3,886.513608108352,13040.762561547484,14.710166253819771,13040.762561547484,None,6876.865303495179,0.0,9214.5581241026,10.394153050582808,9214.5581241026,optimize_random,9214.558124102598,0.532703161239624,9075.201178049621,10.236956426889307,9075.201178049621,optimize_swarm,8941.18440867265,152.21642971038818,9214.5581241026,10.394153050582808,9214.5581241026,optimize_random,9214.558124102598,575.5567984580994,9214.5581241026,10.394153050582808,9214.5581241026,optimize_single_point,9214.558124102598,0.31500935554504395,9214.5581241026,10.394153050582808,9214.5581241026,optimize_single_point,9214.558124102598,0.303790807723999,8049.736973150928,9.080218170962434,8049.736973150928,optimize_single_point,5626.97433210845,3.277021646499634,9214.5581241026,10.394153050582808,9214.5581241026,optimize_single_point,9214.558124102598,6.680730819702148,9214.5581241026,10.394153050582808,9214.5581241026,optimize_single_point,9214.558124102598,6.530243635177612,7875.371669284326,8.883531620105462,7875.371669284326,optimize_single_point,5665.807547810021,4.6662070751190186
2025-11-06 12:10:35,config_arato_area_0.3_hw_0.5_seed_0,inputs/task_graph_topology/soda-benchmark-graphs/pytorch-graphs/squeeze_net_tosa.dot,179,0.5,0.5,1.0,0.3,0,5020.405770995477,18373.1465116248,3.6596935287128516,18373.1465116248,None,9655.038345565103,0.0,9466.813815823472,1.88566706510385,9466.813815823472,optimize_random,9466.813815823469,0.5474638938903809,9380.056602199069,1.8683861484644764,9380.056602199069,optimize_swarm,9300.461900838864,151.1507444381714,9466.813815823472,1.88566706510385,9466.813815823472,optimize_random,9466.813815823469,579.7377119064331,9466.813815823472,1.88566706510385,9466.813815823472,optimize_single_point,9466.813815823469,0.30065464973449707,9466.813815823472,1.88566706510385,9466.813815823472,optimize_single_point,9466.813815823469,0.3026304244995117,9466.813815823472,1.88566706510385,9466.813815823472,optimize_single_point,9466.813815823469,3.1963672637939453,9466.813815823472,1.88566706510385,9466.813815823472,optimize_single_point,9466.813815823469,5.85613489151001,9466.813815823472,1.88566706510385,9466.813815823472,optimize_single_point,9466.813815823469,5.747995138168335,9466.813815823472,1.88566706510385,9466.813815823472,optimize_single_point,9466.813815823469,4.607051849365234
2025-11-06 12:10:35,config_arato_area_0.3_hw_0.3_seed_1,inputs/task_graph_topology/soda-benchmark-graphs/pytorch-graphs/squeeze_net_tosa.dot,179,0.3,0.5,1.0,0.3,1,2742.479224526191,16994.917440934125,6.196917478516279,16994.917440934125,None,8811.361534107938,0.0,8769.553212251989,3.197673526138407,8769.553212251989,optimize_random,8769.553212251989,0.5314445495605469,8591.62147514029,3.1327936409890706,8591.62147514029,optimize_swarm,8516.043226494397,152.2303774356842,8769.553212251989,3.197673526138407,8769.553212251989,optimize_random,8769.553212251989,578.802197933197,8769.553212251989,3.197673526138407,8769.553212251989,optimize_single_point,8769.553212251989,0.31252384185791016,8769.553212251989,3.197673526138407,8769.553212251989,optimize_single_point,8769.553212251989,0.30205273628234863,8769.553212251989,3.197673526138407,8769.553212251989,optimize_single_point,8769.553212251989,3.2311079502105713,8769.553212251989,3.197673526138407,8769.553212251989,optimize_single_point,8769.553212251989,5.8718461990356445,8769.553212251989,3.197673526138407,8769.553212251989,optimize_single_point,8769.553212251989,5.772956132888794,8769.553212251989,3.197673526138407,8769.553212251989,optimize_single_point,8769.553212251989,4.580636262893677
2025-11-06 12:10:38,config_arato_area_0.5_hw_0.1_seed_1,inputs/task_graph_topology/soda-benchmark-graphs/pytorch-graphs/squeeze_net_tosa.dot,179,0.1,0.5,1.0,0.5,1,914.495431384477,11595.970002230093,12.68018363380413,11595.970002230093,None,5849.70166156275,0.0,8769.553212251989,9.589499205015763,8769.553212251989,optimize_random,8769.553212251989,0.5348150730133057,8626.69900504129,9.433288247248123,8626.69900504129,optimize_swarm,8599.417309656035,158.67406606674194,8769.553212251989,9.589499205015763,8769.553212251989,optimize_random,8769.553212251989,572.5072569847107,8769.553212251989,9.589499205015763,8769.553212251989,optimize_single_point,8769.553212251989,0.3276817798614502,8769.553212251989,9.589499205015763,8769.553212251989,optimize_single_point,8769.553212251989,0.31818246841430664,8326.039263955894,9.104517068336689,8326.039263955894,optimize_single_point,5396.450795344313,3.3874826431274414,8769.553212251989,9.589499205015763,8769.553212251989,optimize_single_point,8769.553212251989,6.899712562561035,8769.553212251989,9.589499205015763,8769.553212251989,optimize_single_point,8769.553212251989,6.783917427062988,8048.24533130783,8.800749632093181,8048.24533130783,optimize_single_point,5339.577402950183,4.790076732635498
2025-11-06 12:10:51,config_arato_area_0.3_hw_0.9_seed_0,inputs/task_graph_topology/soda-benchmark-graphs/pytorch-graphs/squeeze_net_tosa.dot,179,0.9,0.5,1.0,0.3,0,7512.781340436409,19269.95858428839,2.5649566666569616,19269.95858428839,None,10365.862907145185,0.0,9466.813815823472,1.260094416014716,9466.813815823472,optimize_random,9466.813815823469,0.5465488433837891,9420.11654598172,1.253878706049831,9420.11654598172,optimize_swarm,9278.203624602225,160.61651492118835,9466.813815823472,1.260094416014716,9466.813815823472,optimize_random,9466.813815823469,585.9093008041382,9466.813815823472,1.260094416014716,9466.813815823472,optimize_single_point,9466.813815823469,0.3172128200531006,9466.813815823472,1.260094416014716,9466.813815823472,optimize_single_point,9466.813815823469,0.30899691581726074,9466.813815823472,1.260094416014716,9466.813815823472,optimize_single_point,9466.813815823469,3.250149965286255,9466.813815823472,1.260094416014716,9466.813815823472,optimize_single_point,9466.813815823469,6.017489910125732,9466.813815823472,1.260094416014716,9466.813815823472,optimize_single_point,9466.813815823469,5.925325393676758,9466.813815823472,1.260094416014716,9466.813815823472,optimize_single_point,9466.813815823469,4.783181190490723
2025-11-06 12:11:22,config_arato_area_0.3_hw_0.1_seed_2,inputs/task_graph_topology/soda-benchmark-graphs/pytorch-graphs/squeeze_net_tosa.dot,179,0.1,0.5,1.0,0.3,2,896.9223739196549,15283.413241454895,17.03983943968819,15283.413241454895,None,7324.7122296030975,0.0,8942.015456463532,9.969664841100894,8942.015456463532,optimize_random,8942.015456463534,0.5767014026641846,8672.359797244091,9.66901935932858,8672.359797244091,optimize_swarm,8552.330703735099,160.93768882751465,8942.015456463532,9.969664841100894,8942.015456463532,optimize_random,8942.015456463534,616.3223061561584,8942.015456463532,9.969664841100894,8942.015456463532,optimize_single_point,8942.015456463534,0.3203890323638916,8942.015456463532,9.969664841100894,8942.015456463532,optimize_single_point,8942.015456463534,0.31549549102783203,8942.015456463532,9.969664841100894,8942.015456463532,optimize_single_point,8942.015456463534,3.346031427383423,8942.015456463532,9.969664841100894,8942.015456463532,optimize_single_point,8942.015456463534,6.010867357254028,8942.015456463532,9.969664841100894,8942.015456463532,optimize_single_point,8942.015456463534,5.881176710128784,8942.015456463532,9.969664841100894,8942.015456463532,optimize_single_point,8942.015456463534,4.787943363189697
2025-11-06 12:22:39,config_arato_area_0.7_hw_0.1_seed_0,inputs/task_graph_topology/soda-benchmark-graphs/pytorch-graphs/squeeze_net_tosa.dot,179,0.1,0.5,1.0,0.7,0,1005.5926797560742,11730.990005268242,11.665747216968425,11730.990005268242,None,4686.571275051793,0.0,9466.813815823472,9.414163414673851,9466.813815823472,optimize_random,9466.813815823469,0.47414064407348633,9325.85162010431,9.273985190869203,9325.85162010431,optimize_swarm,9218.592138072454,133.7950463294983,8635.323734984375,8.587297728817038,8635.323734984375,optimize_random,4973.104856656641,501.0209233760834,9466.813815823472,9.414163414673851,9466.813815823472,optimize_single_point,9466.813815823469,0.2784602642059326,9466.813815823472,9.414163414673851,9466.813815823472,optimize_single_point,9466.813815823469,0.27212977409362793,9466.813815823472,9.414163414673851,9466.813815823472,optimize_single_point,9466.813815823469,2.970503807067871,9466.813815823472,9.414163414673851,9466.813815823472,optimize_single_point,9466.813815823469,6.314903497695923,9313.662363413405,9.261863725651436,9313.662363413405,optimize_single_point,5635.7120473982395,6.225037336349487,5512.069939809646,5.481414145881317,5512.069939809646,optimize_single_point,3492.623096474674,4.241258859634399
2025-11-06 12:22:41,config_arato_area_0.7_hw_0.3_seed_1,inputs/task_graph_topology/soda-benchmark-graphs/pytorch-graphs/squeeze_net_tosa.dot,179,0.3,0.5,1.0,0.7,1,2742.479224526191,9648.530343641823,3.5181780986175997,9648.530343641823,None,4781.283028964207,0.0,8769.553212251989,3.197673526138407,8769.553212251989,optimize_random,8769.553212251989,0.47304701805114746,8605.586975976417,3.137885931465233,8605.586975976417,optimize_swarm,8470.652490823059,134.52092742919922,8769.553212251989,3.197673526138407,8769.553212251989,optimize_random,8769.553212251989,501.48230361938477,8769.553212251989,3.197673526138407,8769.553212251989,optimize_single_point,8769.553212251989,0.28162622451782227,8769.553212251989,3.197673526138407,8769.553212251989,optimize_single_point,8769.553212251989,0.27643346786499023,8769.553212251989,3.197673526138407,8769.553212251989,optimize_single_point,8769.553212251989,3.0016400814056396,8769.553212251989,3.197673526138407,8769.553212251989,optimize_single_point,8769.553212251989,6.330144882202148,8769.553212251989,3.197673526138407,8769.553212251989,optimize_single_point,8769.553212251989,6.235341787338257,6986.72607205959,2.547594895004779,6986.72607205959,optimize_single_point,4123.017803637887,4.227688789367676
2025-11-06 12:22:45,config_arato_area_0.5_hw_0.9_seed_3,inputs/task_graph_topology/soda-benchmark-graphs/pytorch-graphs/squeeze_net_tosa.dot,179,0.9,0.5,1.0,0.5,3,6781.9286707166075,19128.658703862315,2.8205337497070873,19128.658703862315,None,11216.473376696309,0.0,9214.5581241026,1.3586928691671052,9214.5581241026,optimize_random,9214.558124102598,0.47989344596862793,9091.636087110212,1.340567931120625,9091.636087110212,optimize_swarm,9057.271378497979,135.8861882686615,9214.5581241026,1.3586928691671052,9214.5581241026,optimize_random,9214.558124102598,504.85802364349365,9214.5581241026,1.3586928691671052,9214.5581241026,optimize_single_point,9214.558124102598,0.28167104721069336,9214.5581241026,1.3586928691671052,9214.5581241026,optimize_single_point,9214.558124102598,0.2760181427001953,9214.5581241026,1.3586928691671052,9214.5581241026,optimize_single_point,9214.558124102598,2.9674532413482666,9214.5581241026,1.3586928691671052,9214.5581241026,optimize_single_point,9214.558124102598,6.203154563903809,9214.5581241026,1.3586928691671052,9214.5581241026,optimize_single_point,9214.558124102598,6.070987939834595,9214.5581241026,1.3586928691671052,9214.5581241026,optimize_single_point,9214.558124102598,4.1509459018707275
2025-11-06 12:22:47,config_arato_area_0.7_hw_0.9_seed_1,inputs/task_graph_topology/soda-benchmark-graphs/pytorch-graphs/squeeze_net_tosa.dot,179,0.9,0.5,1.0,0.7,1,7103.137687612537,19401.591312278022,2.731411407963171,19401.591312278022,None,10231.759325187502,0.0,8769.553212251989,1.2346027344430595,8769.553212251989,optimize_random,8769.553212251989,0.48421192169189453,8737.692582163672,1.2301173039911228,8737.692582163672,optimize_swarm,8684.657272295202,136.6800193786621,8769.553212251989,1.2346027344430595,8769.553212251989,optimize_random,8769.553212251989,504.7455048561096,8769.553212251989,1.2346027344430595,8769.553212251989,optimize_single_point,8769.553212251989,0.28276634216308594,8769.553212251989,1.2346027344430595,8769.553212251989,optimize_single_point,8769.553212251989,0.27505946159362793,8769.553212251989,1.2346027344430595,8769.553212251989,optimize_single_point,8769.553212251989,2.9994428157806396,8769.553212251989,1.2346027344430595,8769.553212251989,optimize_single_point,8769.553212251989,6.248091697692871,8769.553212251989,1.2346027344430595,8769.553212251989,optimize_single_point,8769.553212251989,6.204648494720459,8769.553212251989,1.2346027344430595,8769.553212251989,optimize_single_point,8769.553212251989,4.36735725402832
2025-11-06 12:22:48,config_arato_area_0.7_hw_0.5_seed_3,inputs/task_graph_topology/soda-benchmark-graphs/pytorch-graphs/squeeze_net_tosa.dot,179,0.5,0.5,1.0,0.7,3,4420.261133273895,13055.097811941825,2.9534675482560195,13055.097811941825,None,7226.946045282834,0.0,9214.5581241026,2.0846184979297315,9214.5581241026,optimize_random,9214.558124102598,0.4793076515197754,9144.707526618806,2.0688161289343823,9144.707526618806,optimize_swarm,9093.500964236906,135.91899299621582,9214.5581241026,2.0846184979297315,9214.5581241026,optimize_random,9214.558124102598,506.9269378185272,9214.5581241026,2.0846184979297315,9214.5581241026,optimize_single_point,9214.558124102598,0.28278374671936035,9214.5581241026,2.0846184979297315,9214.5581241026,optimize_single_point,9214.558124102598,0.2777855396270752,9214.5581241026,2.0846184979297315,9214.5581241026,optimize_single_point,9214.558124102598,3.0136780738830566,9214.5581241026,2.0846184979297315,9214.5581241026,optimize_single_point,9214.558124102598,6.260175704956055,9214.5581241026,2.0846184979297315,9214.5581241026,optimize_single_point,9214.558124102598,6.1323561668396,8853.41992320202,2.0029178494811406,8853.41992320202,optimize_single_point,5564.676029997043,4.184868097305298
2025-11-06 12:22:48,config_arato_area_0.7_hw_0.9_seed_2,inputs/task_graph_topology/soda-benchmark-graphs/pytorch-graphs/squeeze_net_tosa.dot,179,0.9,0.5,1.0,0.7,2,6779.073175355862,19001.285374570612,2.802932625605292,19001.285374570612,None,9233.464950602158,0.0,8942.015456463532,1.31906165122552,8942.015456463532,optimize_random,8942.015456463534,0.4864382743835449,8865.035333452342,1.3077060984796023,8865.035333452342,optimize_swarm,8667.663522775454,135.78871488571167,8942.015456463532,1.31906165122552,8942.015456463532,optimize_random,8942.015456463534,506.7548544406891,8942.015456463532,1.31906165122552,8942.015456463532,optimize_single_point,8942.015456463534,0.2825953960418701,8942.015456463532,1.31906165122552,8942.015456463532,optimize_single_point,8942.015456463534,0.2770211696624756,8942.015456463532,1.31906165122552,8942.015456463532,optimize_single_point,8942.015456463534,3.02872896194458,8942.015456463532,1.31906165122552,8942.015456463532,optimize_single_point,8942.015456463534,6.271027326583862,8942.015456463532,1.31906165122552,8942.015456463532,optimize_single_point,8942.015456463534,6.1690943241119385,8942.015456463532,1.31906165122552,8942.015456463532,optimize_single_point,8942.015456463534,4.353734970092773
2025-11-06 12:22:48,config_arato_area_0.7_hw_0.5_seed_1,inputs/task_graph_topology/soda-benchmark-graphs/pytorch-graphs/squeeze_net_tosa.dot,179,0.5,0.5,1.0,0.7,1,4559.116995953398,11146.903229857247,2.4449697693108265,11146.903229857247,None,5657.17252713458,0.0,8769.553212251989,1.9235201070811978,8769.553212251989,optimize_random,8769.553212251989,0.479764461517334,8694.973596464391,1.9071617605299263,8694.973596464391,optimize_swarm,8572.875052205032,137.95899295806885,8769.553212251989,1.9235201070811978,8769.553212251989,optimize_random,8769.553212251989,504.55517053604126,8769.553212251989,1.9235201070811978,8769.553212251989,optimize_single_point,8769.553212251989,0.2874867916107178,8769.553212251989,1.9235201070811978,8769.553212251989,optimize_single_point,8769.553212251989,0.2841758728027344,8769.553212251989,1.9235201070811978,8769.553212251989,optimize_single_point,8769.553212251989,3.072340250015259,8769.553212251989,1.9235201070811978,8769.553212251989,optimize_single_point,8769.553212251989,6.386012077331543,8769.553212251989,1.9235201070811978,8769.553212251989,optimize_single_point,8769.553212251989,6.250038146972656,8769.553212251989,1.9235201070811978,8769.553212251989,optimize_single_point,8769.553212251989,4.347428560256958
2025-11-06 12:22:49,config_arato_area_0.7_hw_0.9_seed_0,inputs/task_graph_topology/soda-benchmark-graphs/pytorch-graphs/squeeze_net_tosa.dot,179,0.9,0.5,1.0,0.7,0,7512.781340436409,16085.967814280088,2.1411468117273427,16085.967814280088,None,8674.077223645922,0.0,9466.813815823472,1.260094416014716,9466.813815823472,optimize_random,9466.813815823469,0.4906141757965088,9431.166945943414,1.255349586068955,9431.166945943414,optimize_swarm,9376.49938672995,136.56883263587952,9466.813815823472,1.260094416014716,9466.813815823472,optimize_random,9466.813815823469,507.01953196525574,9466.813815823472,1.260094416014716,9466.813815823472,optimize_single_point,9466.813815823469,0.28208041191101074,9466.813815823472,1.260094416014716,9466.813815823472,optimize_single_point,9466.813815823469,0.2767672538757324,9466.813815823472,1.260094416014716,9466.813815823472,optimize_single_point,9466.813815823469,3.0301904678344727,9466.813815823472,1.260094416014716,9466.813815823472,optimize_single_point,9466.813815823469,6.2798614501953125,9466.813815823472,1.260094416014716,9466.813815823472,optimize_single_point,9466.813815823469,6.1387293338775635,9466.813815823472,1.260094416014716,9466.813815823472,optimize_single_point,9466.813815823469,4.350857734680176
2025-11-06 12:22:49,config_arato_area_0.7_hw_0.3_seed_3,inputs/task_graph_topology/soda-benchmark-graphs/pytorch-graphs/squeeze_net_tosa.dot,179,0.3,0.5,1.0,0.7,3,2658.940824325056,11365.653998581032,4.274504304346857,11365.653998581032,None,6274.707552599699,0.0,9214.5581241026,3.4654995101072315,9214.5581241026,optimize_random,9214.558124102598,0.4781198501586914,9085.611373001273,3.417003977629912,9085.611373001273,optimize_swarm,8858.055273023076,134.48596620559692,9214.5581241026,3.4654995101072315,9214.5581241026,optimize_random,9214.558124102598,509.8842315673828,9214.5581241026,3.4654995101072315,9214.5581241026,optimize_single_point,9214.558124102598,0.2811105251312256,9214.5581241026,3.4654995101072315,9214.5581241026,optimize_single_point,9214.558124102598,0.27483415603637695,9214.5581241026,3.4654995101072315,9214.5581241026,optimize_single_point,9214.558124102598,2.990288257598877,9214.5581241026,3.4654995101072315,9214.5581241026,optimize_single_point,9214.558124102598,6.282453298568726,9214.5581241026,3.4654995101072315,9214.5581241026,optimize_single_point,9214.558124102598,6.181888103485107,6114.086010012422,2.2994441824648044,6114.086010012422,optimize_single_point,4094.5595189668843,4.185572385787964
2025-11-06 12:22:50,config_arato_area_0.7_hw_0.1_seed_2,inputs/task_graph_topology/soda-benchmark-graphs/pytorch-graphs/squeeze_net_tosa.dot,179,0.1,0.5,1.0,0.7,2,896.9223739196549,9429.1014306434,10.512728531274265,9429.1014306434,None,5017.5009789138585,0.0,8942.015456463532,9.969664841100894,8942.015456463532,optimize_random,8942.015456463534,0.48328709602355957,8636.661704182467,9.62921870979676,8636.661704182467,optimize_swarm,8572.828601556579,134.3254644870758,8596.39283839267,9.584321997482832,8596.39283839267,optimize_random,4787.1382085906225,511.5681073665619,8942.015456463532,9.969664841100894,8942.015456463532,optimize_single_point,8942.015456463534,0.2809178829193115,8942.015456463532,9.969664841100894,8942.015456463532,optimize_single_point,8942.015456463534,0.2742888927459717,8942.015456463532,9.969664841100894,8942.015456463532,optimize_single_point,8942.015456463534,2.974691390991211,8942.015456463532,9.969664841100894,8942.015456463532,optimize_single_point,8942.015456463534,6.283373117446899,8942.015456463532,9.969664841100894,8942.015456463532,optimize_single_point,8942.015456463534,6.201810121536255,6131.715360722018,6.836394697041294,6131.715360722018,optimize_single_point,4131.989319653272,4.164933681488037
2025-11-06 12:22:51,config_arato_area_0.7_hw_0.7_seed_2,inputs/task_graph_topology/soda-benchmark-graphs/pytorch-graphs/squeeze_net_tosa.dot,179,0.7,0.5,1.0,0.7,2,5858.939212615281,14320.116018914863,2.444148249239597,14320.116018914863,None,7307.969581678162,0.0,8942.015456463532,1.5262174827159616,8942.015456463532,optimize_random,8942.015456463534,0.4879271984100342,8868.729967106023,1.5137091622336953,8868.729967106023,optimize_swarm,8763.466146309842,137.2146213054657,8942.015456463532,1.5262174827159616,8942.015456463532,optimize_random,8942.015456463534,508.03203868865967,8942.015456463532,1.5262174827159616,8942.015456463532,optimize_single_point,8942.015456463534,0.2855837345123291,8942.015456463532,1.5262174827159616,8942.015456463532,optimize_single_point,8942.015456463534,0.2795228958129883,8942.015456463532,1.5262174827159616,8942.015456463532,optimize_single_point,8942.015456463534,3.0441393852233887,8942.015456463532,1.5262174827159616,8942.015456463532,optimize_single_point,8942.015456463534,6.302319288253784,8942.015456463532,1.5262174827159616,8942.015456463532,optimize_single_point,8942.015456463534,6.202058792114258,8942.015456463532,1.5262174827159616,8942.015456463532,optimize_single_point,8942.015456463534,4.321448564529419
2025-11-06 12:22:52,config_arato_area_0.5_hw_0.9_seed_2,inputs/task_graph_topology/soda-benchmark-graphs/pytorch-graphs/squeeze_net_tosa.dot,179,0.9,0.5,1.0,0.5,2,6779.073175355862,18012.188139672126,2.6570281325701415,18012.188139672126,None,8973.5275404244,0.0,8942.015456463532,1.31906165122552,8942.015456463532,optimize_random,8942.015456463534,0.49761128425598145,8892.537883455969,1.3117630763720385,8892.537883455969,optimize_swarm,8763.310915692486,136.98089909553528,8942.015456463532,1.31906165122552,8942.015456463532,optimize_random,8942.015456463534,509.9934968948364,8942.015456463532,1.31906165122552,8942.015456463532,optimize_single_point,8942.015456463534,0.30002307891845703,8942.015456463532,1.31906165122552,8942.015456463532,optimize_single_point,8942.015456463534,0.2818949222564697,8942.015456463532,1.31906165122552,8942.015456463532,optimize_single_point,8942.015456463534,3.040672779083252,8942.015456463532,1.31906165122552,8942.015456463532,optimize_single_point,8942.015456463534,6.40235161781311,8942.015456463532,1.31906165122552,8942.015456463532,optimize_single_point,8942.015456463534,6.26361346244812,8942.015456463532,1.31906165122552,8942.015456463532,optimize_single_point,8942.015456463534,4.220674991607666
2025-11-06 12:22:52,config_arato_area_0.7_hw_0.5_seed_0,inputs/task_graph_topology/soda-benchmark-graphs/pytorch-graphs/squeeze_net_tosa.dot,179,0.5,0.5,1.0,0.7,0,5020.405770995477,14583.027363862373,2.9047507371044157,14583.027363862373,None,6414.968278448389,0.0,9466.813815823472,1.88566706510385,9466.813815823472,optimize_random,9466.813815823469,0.4835093021392822,9359.14297994239,1.8642204249730598,9359.14297994239,optimize_swarm,9193.605861301246,137.4502658843994,9466.813815823472,1.88566706510385,9466.813815823472,optimize_random,9466.813815823469,509.70531940460205,9466.813815823472,1.88566706510385,9466.813815823472,optimize_single_point,9466.813815823469,0.2854146957397461,9466.813815823472,1.88566706510385,9466.813815823472,optimize_single_point,9466.813815823469,0.27854037284851074,9466.813815823472,1.88566706510385,9466.813815823472,optimize_single_point,9466.813815823469,3.0315093994140625,9466.813815823472,1.88566706510385,9466.813815823472,optimize_single_point,9466.813815823469,6.3123462200164795,9466.813815823472,1.88566706510385,9466.813815823472,optimize_single_point,9466.813815823469,6.1309380531311035,8836.056214973598,1.7600282961234686,8836.056214973598,optimize_single_point,4801.794432276011,4.279288053512573
2025-11-06 12:22:53,config_arato_area_0.7_hw_0.7_seed_1,inputs/task_graph_topology/soda-benchmark-graphs/pytorch-graphs/squeeze_net_tosa.dot,179,0.7,0.5,1.0,0.7,1,6100.224451734148,14575.52030690452,2.389341641808122,14575.52030690452,None,7532.14401291471,0.0,8769.553212251989,1.4375787779020188,8769.553212251989,optimize_random,8769.553212251989,0.4879317283630371,8706.184521860154,1.4271908502293214,8706.184521860154,optimize_swarm,8646.438781865269,136.16397881507874,8769.553212251989,1.4375787779020188,8769.553212251989,optimize_random,8769.553212251989,511.82294964790344,8769.553212251989,1.4375787779020188,8769.553212251989,optimize_single_point,8769.553212251989,0.28299641609191895,8769.553212251989,1.4375787779020188,8769.553212251989,optimize_single_point,8769.553212251989,0.2755908966064453,8769.553212251989,1.4375787779020188,8769.553212251989,optimize_single_point,8769.553212251989,3.00020170211792,8769.553212251989,1.4375787779020188,8769.553212251989,optimize_single_point,8769.553212251989,6.231609344482422,8769.553212251989,1.4375787779020188,8769.553212251989,optimize_single_point,8769.553212251989,6.137916803359985,8769.553212251989,1.4375787779020188,8769.553212251989,optimize_single_point,8769.553212251989,4.186591625213623
2025-11-06 12:22:54,config_arato_area_0.7_hw_0.1_seed_1,inputs/task_graph_topology/soda-benchmark-graphs/pytorch-graphs/squeeze_net_tosa.dot,179,0.1,0.5,1.0,0.7,1,914.495431384477,8234.107875183927,9.00399017053383,8234.107875183927,None,3851.1107750173724,0.0,8769.553212251989,9.589499205015763,8769.553212251989,optimize_random,8769.553212251989,0.4908919334411621,8528.793039882778,9.326228155094038,8528.793039882778,optimize_swarm,8302.388271029406,136.58357286453247,8008.429422526945,8.757210968678967,8008.429422526945,optimize_random,4549.480235485539,513.1181261539459,8769.553212251989,9.589499205015763,8769.553212251989,optimize_single_point,8769.553212251989,0.28200531005859375,8769.553212251989,9.589499205015763,8769.553212251989,optimize_single_point,8769.553212251989,0.276721715927124,8769.553212251989,9.589499205015763,8769.553212251989,optimize_single_point,8769.553212251989,3.0023837089538574,8769.553212251989,9.589499205015763,8769.553212251989,optimize_single_point,8769.553212251989,6.33299708366394,8769.553212251989,9.589499205015763,8769.553212251989,optimize_single_point,8769.553212251989,6.213290452957153,5150.083864361433,5.63161245821053,5150.083864361433,optimize_single_point,3258.9369235148692,4.112617492675781
2025-11-06 12:22:57,config_arato_area_0.7_hw_0.1_seed_3,inputs/task_graph_topology/soda-benchmark-graphs/pytorch-graphs/squeeze_net_tosa.dot,179,0.1,0.5,1.0,0.7,3,886.513608108352,9296.802944482066,10.486926381558474,9296.802944482066,None,4838.264935781771,0.0,9214.5581241026,10.394153050582808,9214.5581241026,optimize_random,9214.558124102598,0.48786234855651855,9041.77717483314,10.199253674319268,9041.77717483314,optimize_swarm,8965.243144354292,137.89388966560364,8598.432267420952,9.699154292474246,8598.432267420952,optimize_random,4464.346840806683,514.551953792572,9214.5581241026,10.394153050582808,9214.5581241026,optimize_single_point,9214.558124102598,0.2858901023864746,9214.5581241026,10.394153050582808,9214.5581241026,optimize_single_point,9214.558124102598,0.28130602836608887,9214.5581241026,10.394153050582808,9214.5581241026,optimize_single_point,9214.558124102598,3.05906343460083,9214.5581241026,10.394153050582808,9214.5581241026,optimize_single_point,9214.558124102598,6.417963266372681,9214.5581241026,10.394153050582808,9214.5581241026,optimize_single_point,9214.558124102598,6.274215221405029,5562.753989075649,6.274865877068133,5562.753989075649,optimize_single_point,3233.5071500284234,4.262386083602905
2025-11-06 12:22:58,config_arato_area_0.7_hw_0.9_seed_3,inputs/task_graph_topology/soda-benchmark-graphs/pytorch-graphs/squeeze_net_tosa.dot,179,0.9,0.5,1.0,0.7,3,6781.9286707166075,18093.638278666698,2.667919283314262,18093.638278666698,None,9677.074915131578,0.0,9214.5581241026,1.3586928691671052,9214.5581241026,optimize_random,9214.558124102598,0.46938610076904297,9148.690063285707,1.348980578753126,9148.690063285707,optimize_swarm,9118.059462319,137.35418176651,9214.5581241026,1.3586928691671052,9214.5581241026,optimize_random,9214.558124102598,516.533371925354,9214.5581241026,1.3586928691671052,9214.5581241026,optimize_single_point,9214.558124102598,0.29047727584838867,9214.5581241026,1.3586928691671052,9214.5581241026,optimize_single_point,9214.558124102598,0.2841489315032959,9214.5581241026,1.3586928691671052,9214.5581241026,optimize_single_point,9214.558124102598,3.0016634464263916,9214.5581241026,1.3586928691671052,9214.5581241026,optimize_single_point,9214.558124102598,6.391629695892334,9214.5581241026,1.3586928691671052,9214.5581241026,optimize_single_point,9214.558124102598,6.25221061706543,9214.5581241026,1.3586928691671052,9214.5581241026,optimize_single_point,9214.558124102598,4.320084095001221
2025-11-06 12:23:06,config_arato_area_0.7_hw_0.5_seed_2,inputs/task_graph_topology/soda-benchmark-graphs/pytorch-graphs/squeeze_net_tosa.dot,179,0.5,0.5,1.0,0.7,2,4411.024222327901,12039.360981367863,2.7293799295924375,12039.360981367863,None,6408.744194511981,0.0,8942.015456463532,2.02719708751552,8942.015456463532,optimize_random,8942.015456463534,0.5030195713043213,8843.765066123771,2.004923260533924,8843.765066123771,optimize_swarm,8754.622160107296,141.19748425483704,8942.015456463532,2.02719708751552,8942.015456463532,optimize_random,8942.015456463534,519.0373961925507,8942.015456463532,2.02719708751552,8942.015456463532,optimize_single_point,8942.015456463534,0.29486608505249023,8942.015456463532,2.02719708751552,8942.015456463532,optimize_single_point,8942.015456463534,0.28913402557373047,8942.015456463532,2.02719708751552,8942.015456463532,optimize_single_point,8942.015456463534,3.1178245544433594,8942.015456463532,2.02719708751552,8942.015456463532,optimize_single_point,8942.015456463534,6.559606552124023,8942.015456463532,2.02719708751552,8942.015456463532,optimize_single_point,8942.015456463534,6.363587141036987,8450.687458805225,1.9158107126297772,8450.687458805225,optimize_single_point,5091.035374791121,4.296891689300537
2025-11-06 12:23:09,config_arato_area_0.7_hw_0.3_seed_2,inputs/task_graph_topology/soda-benchmark-graphs/pytorch-graphs/squeeze_net_tosa.dot,179,0.3,0.5,1.0,0.7,2,2688.9671217589616,11143.281473351699,4.144075017943109,11143.281473351699,None,5801.952166520275,0.0,8942.015456463532,3.3254461849329715,8942.015456463532,optimize_random,8942.015456463534,0.4974644184112549,8782.403069891405,3.2660879334762862,8782.403069891405,optimize_swarm,8557.018342641133,141.0754735469818,8942.015456463532,3.3254461849329715,8942.015456463532,optimize_random,8942.015456463534,522.7775628566742,8942.015456463532,3.3254461849329715,8942.015456463532,optimize_single_point,8942.015456463534,0.2941761016845703,8942.015456463532,3.3254461849329715,8942.015456463532,optimize_single_point,8942.015456463534,0.2881603240966797,8942.015456463532,3.3254461849329715,8942.015456463532,optimize_single_point,8942.015456463534,3.1106772422790527,8942.015456463532,3.3254461849329715,8942.015456463532,optimize_single_point,8942.015456463534,6.342318534851074,8942.015456463532,3.3254461849329715,8942.015456463532,optimize_single_point,8942.015456463534,6.1913580894470215,7012.713003745268,2.607957883530376,7012.713003745268,optimize_single_point,3857.8918937589,4.255557060241699
2025-11-06 12:23:16,config_arato_area_0.7_hw_0.7_seed_0,inputs/task_graph_topology/soda-benchmark-graphs/pytorch-graphs/squeeze_net_tosa.dot,179,0.7,0.5,1.0,0.7,0,6596.241530654771,15810.669098067401,2.3969208866276865,15810.669098067401,None,7608.041740434241,0.0,9466.813815823472,1.435183016241638,9466.813815823472,optimize_random,9466.813815823469,0.5022280216217041,9392.25887017371,1.423880375896635,9392.25887017371,optimize_swarm,9344.79477736734,144.06906056404114,9466.813815823472,1.435183016241638,9466.813815823472,optimize_random,9466.813815823469,526.318338394165,9466.813815823472,1.435183016241638,9466.813815823472,optimize_single_point,9466.813815823469,0.29100561141967773,9466.813815823472,1.435183016241638,9466.813815823472,optimize_single_point,9466.813815823469,0.2865760326385498,9466.813815823472,1.435183016241638,9466.813815823472,optimize_single_point,9466.813815823469,3.1199889183044434,9466.813815823472,1.435183016241638,9466.813815823472,optimize_single_point,9466.813815823469,6.3296217918396,9466.813815823472,1.435183016241638,9466.813815823472,optimize_single_point,9466.813815823469,6.191829681396484,9466.813815823472,1.435183016241638,9466.813815823472,optimize_single_point,9466.813815823469,4.301000595092773
2025-11-06 12:23:18,config_arato_area_0.7_hw_0.7_seed_3,inputs/task_graph_topology/soda-benchmark-graphs/pytorch-graphs/squeeze_net_tosa.dot,179,0.7,0.5,1.0,0.7,3,5877.451285254198,15477.506697587,2.6333704775092155,15477.506697587,None,8851.071801048203,0.0,9214.5581241026,1.5677812842482917,9214.5581241026,optimize_random,9214.558124102598,0.5114080905914307,9134.95953242373,1.5542382384933107,9134.95953242373,optimize_swarm,9045.895893836487,141.60122966766357,9214.5581241026,1.5677812842482917,9214.5581241026,optimize_random,9214.558124102598,530.8618574142456,9214.5581241026,1.5677812842482917,9214.5581241026,optimize_single_point,9214.558124102598,0.29242444038391113,9214.5581241026,1.5677812842482917,9214.5581241026,optimize_single_point,9214.558124102598,0.2869148254394531,9214.5581241026,1.5677812842482917,9214.5581241026,optimize_single_point,9214.558124102598,3.1022839546203613,9214.5581241026,1.5677812842482917,9214.5581241026,optimize_single_point,9214.558124102598,6.347013711929321,9214.5581241026,1.5677812842482917,9214.5581241026,optimize_single_point,9214.558124102598,6.252973794937134,9214.5581241026,1.5677812842482917,9214.5581241026,optimize_single_point,9214.558124102598,4.35953950881958
2025-11-06 12:23:24,config_arato_area_0.9_hw_0.1_seed_0,inputs/task_graph_topology/soda-benchmark-graphs/pytorch-graphs/squeeze_net_tosa.dot,179,0.1,0.5,1.0,0.9,0,1005.5926797560742,6191.152865053097,6.156720300067101,6191.152865053097,None,1956.4413379118034,0.0,9466.813815823472,9.414163414673851,9466.813815823472,optimize_random,9466.813815823469,0.5027356147766113,3671.9302577174453,3.6515085398276192,3671.9302577174453,optimize_swarm,2141.133621283378,143.91414141654968,4306.530470455325,4.282579375478306,4306.530470455325,optimize_random,2222.75562449138,534.4453661441803,9466.813815823472,9.414163414673851,9466.813815823472,optimize_single_point,9466.813815823469,0.29526543617248535,9466.813815823472,9.414163414673851,9466.813815823472,optimize_single_point,9466.813815823469,0.2880055904388428,9466.813815823472,9.414163414673851,9466.813815823472,optimize_single_point,9466.813815823469,3.092435359954834,9466.813815823472,9.414163414673851,9466.813815823472,optimize_single_point,9466.813815823469,6.621425628662109,8876.985858712513,8.827615830363639,8876.985858712513,optimize_single_point,4842.979050385886,6.532431364059448,2692.1368112597934,2.677164288738481,2692.1368112597934,optimize_single_point,1677.1026577211212,4.506565809249878
2025-11-06 12:23:30,config_arato_area_0.9_hw_0.9_seed_2,inputs/task_graph_topology/soda-benchmark-graphs/pytorch-graphs/squeeze_net_tosa.dot,179,0.9,0.5,1.0,0.9,2,6779.073175355862,15532.604595577559,2.29125784510538,15532.604595577559,None,5916.140250351617,0.0,8942.015456463532,1.31906165122552,8942.015456463532,optimize_random,8942.015456463534,0.517949104309082,8942.015456463532,1.31906165122552,8942.015456463532,optimize_swarm,8942.015456463534,144.07889103889465,8942.015456463532,1.31906165122552,8942.015456463532,optimize_random,8942.015456463534,540.2939500808716,8942.015456463532,1.31906165122552,8942.015456463532,optimize_single_point,8942.015456463534,0.29372382164001465,8942.015456463532,1.31906165122552,8942.015456463532,optimize_single_point,8942.015456463534,0.2886693477630615,8942.015456463532,1.31906165122552,8942.015456463532,optimize_single_point,8942.015456463534,3.064817190170288,8942.015456463532,1.31906165122552,8942.015456463532,optimize_single_point,8942.015456463534,6.370994329452515,8942.015456463532,1.31906165122552,8942.015456463532,optimize_single_point,8942.015456463534,6.277454137802124,8942.015456463532,1.31906165122552,8942.015456463532,optimize_single_point,8942.015456463534,4.376848936080933
2025-11-06 12:23:31,config_arato_area_0.9_hw_0.1_seed_2,inputs/task_graph_topology/soda-benchmark-graphs/pytorch-graphs/squeeze_net_tosa.dot,179,0.1,0.5,1.0,0.9,2,896.9223739196549,4181.5752410475225,4.6621372848282885,4181.5752410475225,None,2475.1301909039457,0.0,8942.015456463532,9.969664841100894,8942.015456463532,optimize_random,8942.015456463534,0.5038154125213623,3057.799687574753,3.409213301494324,3057.799687574753,optimize_swarm,1426.3609676061355,145.93729662895203,4399.758899254008,4.9053954134587485,4399.758899254008,optimize_random,2263.392148135531,539.110479593277,8942.015456463532,9.969664841100894,8942.015456463532,optimize_single_point,8942.015456463534,0.2997901439666748,8942.015456463532,9.969664841100894,8942.015456463532,optimize_single_point,8942.015456463534,0.29424285888671875,8942.015456463532,9.969664841100894,8942.015456463532,optimize_single_point,8942.015456463534,3.1200666427612305,8942.015456463532,9.969664841100894,8942.015456463532,optimize_single_point,8942.015456463534,6.646104097366333,8942.015456463532,9.969664841100894,8942.015456463532,optimize_single_point,8942.015456463534,6.5231101512908936,2955.0480157694024,3.2946530287292304,2955.0480157694024,optimize_single_point,1910.3210508643922,4.495413064956665
2025-11-06 12:23:32,config_arato_area_0.7_hw_0.3_seed_0,inputs/task_graph_topology/soda-benchmark-graphs/pytorch-graphs/squeeze_net_tosa.dot,179,0.3,0.5,1.0,0.7,0,3016.369355489379,13052.426575408826,4.327197712592856,13052.426575408826,None,5310.3144429237,0.0,9466.813815823472,3.138479642287563,9466.813815823472,optimize_random,9466.813815823469,0.5162076950073242,9347.917561470793,3.0990626345075625,9347.917561470793,optimize_swarm,9184.87626153362,146.49491810798645,9466.813815823472,3.138479642287563,9466.813815823472,optimize_random,9466.813815823469,541.149739742279,9466.813815823472,3.138479642287563,9466.813815823472,optimize_single_point,9466.813815823469,0.30133938789367676,9466.813815823472,3.138479642287563,9466.813815823472,optimize_single_point,9466.813815823469,0.2938110828399658,9466.813815823472,3.138479642287563,9466.813815823472,optimize_single_point,9466.813815823469,3.192538022994995,9466.813815823472,3.138479642287563,9466.813815823472,optimize_single_point,9466.813815823469,6.53076171875,9466.813815823472,3.138479642287563,9466.813815823472,optimize_single_point,9466.813815823469,6.3619349002838135,6437.0032476311935,2.1340235524925784,6437.0032476311935,optimize_single_point,3951.6215585087457,4.487795352935791
2025-11-06 12:23:35,config_arato_area_0.9_hw_0.5_seed_2,inputs/task_graph_topology/soda-benchmark-graphs/pytorch-graphs/squeeze_net_tosa.dot,179,0.5,0.5,1.0,0.9,2,4411.024222327901,7541.404326002426,1.7096719369231845,7541.404326002426,None,3844.116354881903,0.0,8942.015456463532,2.02719708751552,8942.015456463532,optimize_random,8942.015456463534,0.4998464584350586,7131.987458879405,1.6168552017416775,7131.987458879405,optimize_swarm,3099.6265017727856,145.84734916687012,7674.778938978507,1.739908590873294,7674.778938978507,optimize_random,3635.4156636937123,543.4134531021118,8942.015456463532,2.02719708751552,8942.015456463532,optimize_single_point,8942.015456463534,0.30142998695373535,8942.015456463532,2.02719708751552,8942.015456463532,optimize_single_point,8942.015456463534,0.2928752899169922,8942.015456463532,2.02719708751552,8942.015456463532,optimize_single_point,8942.015456463534,3.1211905479431152,8942.015456463532,2.02719708751552,8942.015456463532,optimize_single_point,8942.015456463534,6.6876444816589355,8942.015456463532,2.02719708751552,8942.015456463532,optimize_single_point,8942.015456463534,6.5944037437438965,6232.7714118116155,1.4129986818622127,6232.7714118116155,optimize_single_point,3077.3545153010136,4.635821104049683
2025-11-06 12:23:43,config_arato_area_0.9_hw_0.5_seed_0,inputs/task_graph_topology/soda-benchmark-graphs/pytorch-graphs/squeeze_net_tosa.dot,179,0.5,0.5,1.0,0.9,0,5020.405770995477,11287.112663430578,2.2482470896356452,11287.112663430578,None,4884.15317313707,0.0,9466.813815823472,1.88566706510385,9466.813815823472,optimize_random,9466.813815823469,0.5059323310852051,7278.150638029705,1.4497136227669,7278.150638029705,optimize_swarm,3718.145585338539,147.80682492256165,8569.009202849527,1.7068359797440062,8569.009202849527,optimize_random,4918.623473454462,549.0892281532288,9466.813815823472,1.88566706510385,9466.813815823472,optimize_single_point,9466.813815823469,0.30057287216186523,9466.813815823472,1.88566706510385,9466.813815823472,optimize_single_point,9466.813815823469,0.29607653617858887,9466.813815823472,1.88566706510385,9466.813815823472,optimize_single_point,9466.813815823469,3.1687633991241455,9466.813815823472,1.88566706510385,9466.813815823472,optimize_single_point,9466.813815823469,6.7045440673828125,9466.813815823472,1.88566706510385,9466.813815823472,optimize_single_point,9466.813815823469,6.536632299423218,7068.66482985238,1.4079867549133904,7068.66482985238,optimize_single_point,3661.2113071825706,4.6184608936309814
2025-11-06 12:23:45,config_arato_area_0.9_hw_0.9_seed_1,inputs/task_graph_topology/soda-benchmark-graphs/pytorch-graphs/squeeze_net_tosa.dot,179,0.9,0.5,1.0,0.9,1,7103.137687612537,13369.617092361264,1.8822128586465536,13369.617092361264,None,7449.6836600951265,0.0,8769.553212251989,1.2346027344430595,8769.553212251989,optimize_random,8769.553212251989,0.508469820022583,8722.830620350884,1.228024994582746,8722.830620350884,optimize_swarm,8646.438781865269,149.08577156066895,8769.553212251989,1.2346027344430595,8769.553212251989,optimize_random,8769.553212251989,548.6023099422455,8769.553212251989,1.2346027344430595,8769.553212251989,optimize_single_point,8769.553212251989,0.3079555034637451,8769.553212251989,1.2346027344430595,8769.553212251989,optimize_single_point,8769.553212251989,0.3010447025299072,8769.553212251989,1.2346027344430595,8769.553212251989,optimize_single_point,8769.553212251989,3.2327356338500977,8769.553212251989,1.2346027344430595,8769.553212251989,optimize_single_point,8769.553212251989,6.828522205352783,8769.553212251989,1.2346027344430595,8769.553212251989,optimize_single_point,8769.553212251989,6.648714065551758,8769.553212251989,1.2346027344430595,8769.553212251989,optimize_single_point,8769.553212251989,4.687728404998779
2025-11-06 12:23:46,config_arato_area_0.9_hw_0.1_seed_3,inputs/task_graph_topology/soda-benchmark-graphs/pytorch-graphs/squeeze_net_tosa.dot,179,0.1,0.5,1.0,0.9,3,886.513608108352,4095.277186308006,4.619531103472323,4095.277186308006,None,2307.147635138493,0.0,9214.5581241026,10.394153050582808,9214.5581241026,optimize_random,9214.558124102598,0.5071184635162354,2896.0940778036547,3.266835445406594,2896.0940778036547,optimize_swarm,2008.0176713841406,147.39502382278442,5098.363289073526,5.751026540869964,5098.363289073526,optimize_random,2839.8377123280834,551.0503470897675,9214.5581241026,10.394153050582808,9214.5581241026,optimize_single_point,9214.558124102598,0.3056817054748535,9214.5581241026,10.394153050582808,9214.5581241026,optimize_single_point,9214.558124102598,0.30522942543029785,9214.5581241026,10.394153050582808,9214.5581241026,optimize_single_point,9214.558124102598,3.1928133964538574,9214.5581241026,10.394153050582808,9214.5581241026,optimize_single_point,9214.558124102598,6.833765268325806,9214.5581241026,10.394153050582808,9214.5581241026,optimize_single_point,9214.558124102598,6.6968793869018555,2808.7599813911484,3.1683213384445357,2808.7599813911484,optimize_single_point,1833.4726541929826,4.720136404037476
2025-11-06 12:23:47,config_arato_area_0.9_hw_0.3_seed_1,inputs/task_graph_topology/soda-benchmark-graphs/pytorch-graphs/squeeze_net_tosa.dot,179,0.3,0.5,1.0,0.9,1,2742.479224526191,5211.292317855867,1.9002121406247678,5211.292317855867,None,2282.003325720519,0.0,8769.553212251989,3.197673526138407,8769.553212251989,optimize_random,8769.553212251989,0.5187132358551025,4253.923334026293,1.551123266854001,4253.923334026293,optimize_swarm,2262.9752989951076,147.88156247138977,6166.715333836774,2.24859144918488,6166.715333836774,optimize_random,3794.5047355329425,551.4478735923767,8769.553212251989,3.197673526138407,8769.553212251989,optimize_single_point,8769.553212251989,0.3048713207244873,8769.553212251989,3.197673526138407,8769.553212251989,optimize_single_point,8769.553212251989,0.30269956588745117,8769.553212251989,3.197673526138407,8769.553212251989,optimize_single_point,8769.553212251989,3.1913485527038574,8769.553212251989,3.197673526138407,8769.553212251989,optimize_single_point,8769.553212251989,6.850601673126221,8769.553212251989,3.197673526138407,8769.553212251989,optimize_single_point,8769.553212251989,6.7525293827056885,4693.0204304830395,1.7112328102663519,4693.0204304830395,optimize_single_point,3113.0371502571634,4.73858642578125
2025-11-06 12:23:48,config_arato_area_0.9_hw_0.9_seed_0,inputs/task_graph_topology/soda-benchmark-graphs/pytorch-graphs/squeeze_net_tosa.dot,179,0.9,0.5,1.0,0.9,0,7512.781340436409,13344.476563045651,1.776236517256402,13344.476563045651,None,6654.331464467778,0.0,9466.813815823472,1.260094416014716,9466.813815823472,optimize_random,9466.813815823469,0.5158300399780273,9466.813815823472,1.260094416014716,9466.813815823472,optimize_swarm,9466.813815823469,148.24503540992737,9466.813815823472,1.260094416014716,9466.813815823472,optimize_random,9466.813815823469,553.025960445404,9466.813815823472,1.260094416014716,9466.813815823472,optimize_single_point,9466.813815823469,0.3093869686126709,9466.813815823472,1.260094416014716,9466.813815823472,optimize_single_point,9466.813815823469,0.2966277599334717,9466.813815823472,1.260094416014716,9466.813815823472,optimize_single_point,9466.813815823469,3.195436716079712,9466.813815823472,1.260094416014716,9466.813815823472,optimize_single_point,9466.813815823469,6.757405996322632,9466.813815823472,1.260094416014716,9466.813815823472,optimize_single_point,9466.813815823469,6.625450134277344,9466.813815823472,1.260094416014716,9466.813815823472,optimize_single_point,9466.813815823469,4.595657587051392
2025-11-06 12:23:50,config_arato_area_0.9_hw_0.3_seed_2,inputs/task_graph_topology/soda-benchmark-graphs/pytorch-graphs/squeeze_net_tosa.dot,179,0.3,0.5,1.0,0.9,2,2688.9671217589616,6212.31654092338,2.310298437884824,6212.31654092338,None,3410.104088394942,0.0,8942.015456463532,3.3254461849329715,8942.015456463532,optimize_random,8942.015456463534,0.5133638381958008,5047.569551772593,1.8771406726872786,5047.569551772593,optimize_swarm,2391.871987445533,149.68363046646118,5477.763428111827,2.0371254760930664,5477.763428111827,optimize_random,2997.040747486758,552.5695416927338,8942.015456463532,3.3254461849329715,8942.015456463532,optimize_single_point,8942.015456463534,0.3098788261413574,8942.015456463532,3.3254461849329715,8942.015456463532,optimize_single_point,8942.015456463534,0.3013916015625,8942.015456463532,3.3254461849329715,8942.015456463532,optimize_single_point,8942.015456463534,3.2366490364074707,8942.015456463532,3.3254461849329715,8942.015456463532,optimize_single_point,8942.015456463534,6.995493412017822,8942.015456463532,3.3254461849329715,8942.015456463532,optimize_single_point,8942.015456463534,6.87078857421875,5294.5042626012655,1.9689732238666857,5294.5042626012655,optimize_single_point,2882.502365290488,4.682323455810547
2025-11-06 12:23:51,config_arato_area_0.9_hw_0.3_seed_0,inputs/task_graph_topology/soda-benchmark-graphs/pytorch-graphs/squeeze_net_tosa.dot,179,0.3,0.5,1.0,0.9,0,3016.369355489379,8139.185535322395,2.6983384911102455,8139.185535322395,None,2707.3773352688013,0.0,9466.813815823472,3.138479642287563,9466.813815823472,optimize_random,9466.813815823469,0.5147049427032471,5475.005667243765,1.8150978948516383,5475.005667243765,optimize_swarm,2918.599377899955,148.94312191009521,6317.2273742108655,2.0943149295408325,6317.2273742108655,optimize_random,3901.2822546713496,554.0605845451355,9466.813815823472,3.138479642287563,9466.813815823472,optimize_single_point,9466.813815823469,0.3084862232208252,9466.813815823472,3.138479642287563,9466.813815823472,optimize_single_point,9466.813815823469,0.2981266975402832,9466.813815823472,3.138479642287563,9466.813815823472,optimize_single_point,9466.813815823469,3.227250576019287,9466.813815823472,3.138479642287563,9466.813815823472,optimize_single_point,9466.813815823469,6.845218658447266,9466.813815823472,3.138479642287563,9466.813815823472,optimize_single_point,9466.813815823469,6.71435284614563,5303.578606042149,1.7582656435593216,5303.578606042149,optimize_single_point,3228.5311381424126,4.766883611679077
2025-11-06 12:23:53,config_arato_area_0.9_hw_0.5_seed_1,inputs/task_graph_topology/soda-benchmark-graphs/pytorch-graphs/squeeze_net_tosa.dot,179,0.5,0.5,1.0,0.9,1,4559.116995953398,8091.702120370573,1.7748397611977589,8091.702120370573,None,3905.3452750106394,0.0,8769.553212251989,1.9235201070811978,8769.553212251989,optimize_random,8769.553212251989,0.5233461856842041,6894.146517207149,1.512167054130501,6894.146517207149,optimize_swarm,3925.3956767341538,149.33862376213074,7436.825809864694,1.6311987203806144,7436.825809864694,optimize_random,3793.0595589466657,557.021427154541,8769.553212251989,1.9235201070811978,8769.553212251989,optimize_single_point,8769.553212251989,0.3073086738586426,8769.553212251989,1.9235201070811978,8769.553212251989,optimize_single_point,8769.553212251989,0.30843186378479004,8769.553212251989,1.9235201070811978,8769.553212251989,optimize_single_point,8769.553212251989,3.2081096172332764,8769.553212251989,1.9235201070811978,8769.553212251989,optimize_single_point,8769.553212251989,6.810580015182495,8769.553212251989,1.9235201070811978,8769.553212251989,optimize_single_point,8769.553212251989,6.6743247509002686,6409.6919022243055,1.4059064305464082,6409.6919022243055,optimize_single_point,3333.657568559172,4.601059436798096
2025-11-06 12:23:59,config_arato_area_0.9_hw_0.7_seed_1,inputs/task_graph_topology/soda-benchmark-graphs/pytorch-graphs/squeeze_net_tosa.dot,179,0.7,0.5,1.0,0.9,1,6100.224451734148,9605.50812196661,1.5746155240625603,9605.50812196661,None,5551.375392521375,0.0,8769.553212251989,1.4375787779020188,8769.553212251989,optimize_random,8769.553212251989,0.5223958492279053,8130.3612057198025,1.3327970585424174,8130.3612057198025,optimize_swarm,4622.07487024186,149.1636221408844,8769.553212251989,1.4375787779020188,8769.553212251989,optimize_random,8769.553212251989,562.387368440628,8769.553212251989,1.4375787779020188,8769.553212251989,optimize_single_point,8769.553212251989,0.3112661838531494,8769.553212251989,1.4375787779020188,8769.553212251989,optimize_single_point,8769.553212251989,0.30748939514160156,8769.553212251989,1.4375787779020188,8769.553212251989,optimize_single_point,8769.553212251989,3.456505060195923,8769.553212251989,1.4375787779020188,8769.553212251989,optimize_single_point,8769.553212251989,6.7667152881622314,8769.553212251989,1.4375787779020188,8769.553212251989,optimize_single_point,8769.553212251989,6.590980529785156,8769.553212251989,1.4375787779020188,8769.553212251989,optimize_single_point,8769.553212251989,4.649954795837402
2025-11-06 12:24:00,config_arato_area_0.9_hw_0.7_seed_2,inputs/task_graph_topology/soda-benchmark-graphs/pytorch-graphs/squeeze_net_tosa.dot,179,0.7,0.5,1.0,0.9,2,5858.939212615281,10119.796439662983,1.7272403881360232,10119.796439662983,None,4711.29041752041,0.0,8942.015456463532,1.5262174827159616,8942.015456463532,optimize_random,8942.015456463534,0.5217792987823486,8537.604213357215,1.4571928302267276,8537.604213357215,optimize_swarm,4149.566046097894,151.6109116077423,8942.015456463532,1.5262174827159616,8942.015456463532,optimize_random,8942.015456463534,561.0655233860016,8942.015456463532,1.5262174827159616,8942.015456463532,optimize_single_point,8942.015456463534,0.3103444576263428,8942.015456463532,1.5262174827159616,8942.015456463532,optimize_single_point,8942.015456463534,0.30439281463623047,8942.015456463532,1.5262174827159616,8942.015456463532,optimize_single_point,8942.015456463534,3.2941782474517822,8942.015456463532,1.5262174827159616,8942.015456463532,optimize_single_point,8942.015456463534,6.8349995613098145,8942.015456463532,1.5262174827159616,8942.015456463532,optimize_single_point,8942.015456463534,6.614208936691284,8171.5557168606665,1.3947159068088526,8171.5557168606665,optimize_single_point,4549.42281719166,4.6910622119903564
2025-11-06 12:24:07,config_arato_area_0.9_hw_0.7_seed_3,inputs/task_graph_topology/soda-benchmark-graphs/pytorch-graphs/squeeze_net_tosa.dot,179,0.7,0.5,1.0,0.9,3,5877.451285254198,10220.53482687926,1.7389399470687785,10220.53482687926,None,5277.487911195992,0.0,9214.5581241026,1.5677812842482917,9214.5581241026,optimize_random,9214.558124102598,0.5257487297058105,8107.554534323817,1.3794337274499702,8107.554534323817,optimize_swarm,4198.315800376082,150.86522340774536,9214.5581241026,1.5677812842482917,9214.5581241026,optimize_random,9214.558124102598,569.1105401515961,9214.5581241026,1.5677812842482917,9214.5581241026,optimize_single_point,9214.558124102598,0.31453704833984375,9214.5581241026,1.5677812842482917,9214.5581241026,optimize_single_point,9214.558124102598,0.30819225311279297,9214.5581241026,1.5677812842482917,9214.5581241026,optimize_single_point,9214.558124102598,3.2370734214782715,9214.5581241026,1.5677812842482917,9214.5581241026,optimize_single_point,9214.558124102598,6.636411905288696,9214.5581241026,1.5677812842482917,9214.5581241026,optimize_single_point,9214.558124102598,6.491105318069458,9214.5581241026,1.5677812842482917,9214.5581241026,optimize_single_point,9214.558124102598,4.513164520263672
2025-11-06 12:24:08,config_arato_area_0.9_hw_0.3_seed_3,inputs/task_graph_topology/soda-benchmark-graphs/pytorch-graphs/squeeze_net_tosa.dot,179,0.3,0.5,1.0,0.9,3,2658.940824325056,5849.367871293677,2.1998864426696962,5849.367871293677,None,3168.7139214034883,0.0,9214.5581241026,3.4654995101072315,9214.5581241026,optimize_random,9214.558124102598,0.5314309597015381,4540.0024423976565,1.707447717852122,4540.0024423976565,optimize_swarm,2242.166478552828,149.88092303276062,5914.498178053084,2.2243812739060926,5914.498178053084,optimize_random,3171.443434861339,571.3454501628876,9214.5581241026,3.4654995101072315,9214.5581241026,optimize_single_point,9214.558124102598,0.3116493225097656,9214.5581241026,3.4654995101072315,9214.5581241026,optimize_single_point,9214.558124102598,0.3089869022369385,9214.5581241026,3.4654995101072315,9214.5581241026,optimize_single_point,9214.558124102598,3.272951364517212,9214.5581241026,3.4654995101072315,9214.5581241026,optimize_single_point,9214.558124102598,6.627262830734253,9214.5581241026,3.4654995101072315,9214.5581241026,optimize_single_point,9214.558124102598,6.506679534912109,5497.157887734573,2.0674239296506225,5497.157887734573,optimize_single_point,2922.149946715547,4.496067762374878
2025-11-06 12:24:15,config_arato_area_0.9_hw_0.7_seed_0,inputs/task_graph_topology/soda-benchmark-graphs/pytorch-graphs/squeeze_net_tosa.dot,179,0.7,0.5,1.0,0.9,0,6596.241530654771,10549.923894592986,1.5993841107188438,10549.923894592986,None,5096.007208632061,0.0,9466.813815823472,1.435183016241638,9466.813815823472,optimize_random,9466.813815823469,0.534876823425293,9081.295608815644,1.376737884234842,9081.295608815644,optimize_swarm,4568.960667605228,157.13616275787354,9466.813815823472,1.435183016241638,9466.813815823472,optimize_random,9466.813815823469,571.0347366333008,9466.813815823472,1.435183016241638,9466.813815823472,optimize_single_point,9466.813815823469,0.32264280319213867,9466.813815823472,1.435183016241638,9466.813815823472,optimize_single_point,9466.813815823469,0.3206353187561035,9466.813815823472,1.435183016241638,9466.813815823472,optimize_single_point,9466.813815823469,3.3638269901275635,9466.813815823472,1.435183016241638,9466.813815823472,optimize_single_point,9466.813815823469,6.893542766571045,9466.813815823472,1.435183016241638,9466.813815823472,optimize_single_point,9466.813815823469,6.786510467529297,9466.813815823472,1.435183016241638,9466.813815823472,optimize_single_point,9466.813815823469,4.790199279785156
2025-11-06 12:24:15,config_arato_area_0.9_hw_0.9_seed_3,inputs/task_graph_topology/soda-benchmark-graphs/pytorch-graphs/squeeze_net_tosa.dot,179,0.9,0.5,1.0,0.9,3,6781.9286707166075,12180.457442526407,1.7960167430129235,12180.457442526407,None,6146.583615124041,0.0,9214.5581241026,1.3586928691671052,9214.5581241026,optimize_random,9214.558124102598,0.5523693561553955,9214.5581241026,1.3586928691671052,9214.5581241026,optimize_swarm,9214.558124102598,151.47795128822327,9214.5581241026,1.3586928691671052,9214.5581241026,optimize_random,9214.558124102598,577.6923563480377,9214.5581241026,1.3586928691671052,9214.5581241026,optimize_single_point,9214.558124102598,0.30629634857177734,9214.5581241026,1.3586928691671052,9214.5581241026,optimize_single_point,9214.558124102598,0.3004903793334961,9214.5581241026,1.3586928691671052,9214.5581241026,optimize_single_point,9214.558124102598,3.2248919010162354,9214.5581241026,1.3586928691671052,9214.5581241026,optimize_single_point,9214.558124102598,6.630795240402222,9214.5581241026,1.3586928691671052,9214.5581241026,optimize_single_point,9214.558124102598,6.534501791000366,9214.5581241026,1.3586928691671052,9214.5581241026,optimize_single_point,9214.558124102598,4.615719556808472
2025-11-06 12:24:21,config_arato_area_0.9_hw_0.5_seed_3,inputs/task_graph_topology/soda-benchmark-graphs/pytorch-graphs/squeeze_net_tosa.dot,179,0.5,0.5,1.0,0.9,3,4420.261133273895,7080.15883707993,1.6017512593958367,7080.15883707993,None,3983.2055127656413,0.0,9214.5581241026,2.0846184979297315,9214.5581241026,optimize_random,9214.558124102598,0.5310287475585938,6688.048852399868,1.5130438340067753,6688.048852399868,optimize_swarm,3679.2480727552156,157.49321913719177,8290.99250780932,1.8756793451405307,8290.99250780932,optimize_random,4587.805911910856,576.067102432251,9214.5581241026,2.0846184979297315,9214.5581241026,optimize_single_point,9214.558124102598,0.31936120986938477,9214.5581241026,2.0846184979297315,9214.5581241026,optimize_single_point,9214.558124102598,0.3204977512359619,9214.5581241026,2.0846184979297315,9214.5581241026,optimize_single_point,9214.558124102598,3.3514106273651123,9214.5581241026,2.0846184979297315,9214.5581241026,optimize_single_point,9214.558124102598,7.004861116409302,9214.5581241026,2.0846184979297315,9214.5581241026,optimize_single_point,9214.558124102598,6.86894679069519,6415.464974960861,1.4513769167771327,6415.464974960861,optimize_single_point,3454.5923716193374,4.579657793045044
2025-11-06 12:24:36,config_arato_area_0.9_hw_0.1_seed_1,inputs/task_graph_topology/soda-benchmark-graphs/pytorch-graphs/squeeze_net_tosa.dot,179,0.1,0.5,1.0,0.9,1,914.495431384477,3176.2163236191686,3.473189930331983,3176.2163236191686,None,1209.0102899781987,0.0,8769.553212251989,9.589499205015763,8769.553212251989,optimize_random,8769.553212251989,0.5544571876525879,2595.3548106407916,2.8380183449485585,2595.3548106407916,optimize_swarm,1665.630062234134,159.11821699142456,4342.646476749692,4.7486803407812035,4342.646476749692,optimize_random,2640.8996912994103,588.9369406700134,8769.553212251989,9.589499205015763,8769.553212251989,optimize_single_point,8769.553212251989,0.33591485023498535,8769.553212251989,9.589499205015763,8769.553212251989,optimize_single_point,8769.553212251989,0.3126044273376465,8769.553212251989,9.589499205015763,8769.553212251989,optimize_single_point,8769.553212251989,3.3496758937835693,8769.553212251989,9.589499205015763,8769.553212251989,optimize_single_point,8769.553212251989,6.87160062789917,8769.553212251989,9.589499205015763,8769.553212251989,optimize_single_point,8769.553212251989,6.750407934188843,3278.713710979869,3.5852707388774423,3278.713710979869,optimize_single_point,1972.8023551584577,4.756858825683594
2026-03-12 09:37:42,config_resnet_arato_area_0.1_hw_0.1_seed_0,inputs/task_graph_topology/soda-benchmark-graphs/pytorch-graphs/rez_net_tosa.dot,362,0.1,0.5,1.0,0.1,42,1876.8712304770884,30594.28405324899,16.300683582577012,30594.28405324899,None,16202.945647811632,0.0,18496.710503963615,9.855077004543286,18496.710503963615,optimize_random,18496.71050396363,1.01265287399292,18496.710503963615,9.855077004543286,18496.710503963615,optimize_swarm,18496.71050396363,277.02295994758606,18496.710503963615,9.855077004543286,18496.710503963615,optimize_random,18496.71050396363,1047.3773427009583,18496.710503963615,9.855077004543286,18496.710503963615,optimize_single_point,18496.71050396363,0.5758473873138428,18496.710503963615,9.855077004543286,18496.710503963615,optimize_single_point,18496.71050396363,0.5719435214996338,18496.710503963615,9.855077004543286,18496.710503963615,optimize_single_point,18496.71050396363,5.959077596664429,18496.710503963615,9.855077004543286,18496.710503963615,optimize_single_point,18496.71050396363,9.848653554916382,18496.710503963615,9.855077004543286,18496.710503963615,optimize_single_point,18496.71050396363,9.436929941177368,18496.710503963615,9.855077004543286,18496.710503963615,optimize_single_point,18496.71050396363,8.00373649597168
2026-03-12 11:25:03,config_resnet_arato_area_0.1_hw_0.9_seed_1,inputs/task_graph_topology/soda-benchmark-graphs/pytorch-graphs/rez_net_tosa.dot,362,0.9,0.5,1.0,0.1,42,14476.759981256146,27985.767379952402,1.9331513001657215,27985.767379952402,None,17604.860229538426,0.0,18496.710503963615,1.277683026306461,18496.710503963615,optimize_random,18496.71050396363,0.9271981716156006,18496.710503963615,1.277683026306461,18496.710503963615,optimize_swarm,18496.71050396363,265.5843150615692,18496.710503963615,1.277683026306461,18496.710503963615,optimize_random,18496.71050396363,988.2615873813629,18496.710503963615,1.277683026306461,18496.710503963615,optimize_single_point,18496.71050396363,0.5453009605407715,18496.710503963615,1.277683026306461,18496.710503963615,optimize_single_point,18496.71050396363,0.5361411571502686,18496.710503963615,1.277683026306461,18496.710503963615,optimize_single_point,18496.71050396363,5.451259136199951,18496.710503963615,1.277683026306461,18496.710503963615,optimize_single_point,18496.71050396363,9.208317995071411,18496.710503963615,1.277683026306461,18496.710503963615,optimize_single_point,18496.71050396363,9.079090595245361,18496.710503963615,1.277683026306461,18496.710503963615,optimize_single_point,18496.71050396363,7.433729648590088
2026-03-12 11:25:08,config_resnet_arato_area_0.3_hw_0.3_seed_2,inputs/task_graph_topology/soda-benchmark-graphs/pytorch-graphs/rez_net_tosa.dot,362,0.3,0.5,1.0,0.3,42,5629.515000900963,35167.262427798014,6.246943550584686,35167.262427798014,None,15932.151430781709,0.0,18496.710503963615,3.285666793854062,18496.710503963615,optimize_random,18496.71050396363,0.9301259517669678,18293.27956171136,3.2495302985752152,18293.27956171136,optimize_swarm,18150.517311806027,265.6815459728241,18496.710503963615,3.285666793854062,18496.710503963615,optimize_random,18496.71050396363,992.5728499889374,18496.710503963615,3.285666793854062,18496.710503963615,optimize_single_point,18496.71050396363,0.546363115310669,18496.710503963615,3.285666793854062,18496.710503963615,optimize_single_point,18496.71050396363,0.5641765594482422,18496.710503963615,3.285666793854062,18496.710503963615,optimize_single_point,18496.71050396363,5.544156789779663,18496.710503963615,3.285666793854062,18496.710503963615,optimize_single_point,18496.71050396363,9.081631660461426,18496.710503963615,3.285666793854062,18496.710503963615,optimize_single_point,18496.71050396363,9.007696390151978,18496.710503963615,3.285666793854062,18496.710503963615,optimize_single_point,18496.71050396363,7.533707141876221
2026-03-12 11:25:09,config_resnet_arato_area_0.1_hw_0.9_seed_0,inputs/task_graph_topology/soda-benchmark-graphs/pytorch-graphs/rez_net_tosa.dot,362,0.9,0.5,1.0,0.1,42,14476.759981256146,27985.767379952402,1.9331513001657215,27985.767379952402,None,17604.860229538426,0.0,18496.710503963615,1.277683026306461,18496.710503963615,optimize_random,18496.71050396363,0.9255106449127197,18496.710503963615,1.277683026306461,18496.710503963615,optimize_swarm,18496.71050396363,267.67944717407227,18496.710503963615,1.277683026306461,18496.710503963615,optimize_random,18496.71050396363,990.9309754371643,18496.710503963615,1.277683026306461,18496.710503963615,optimize_single_point,18496.71050396363,0.5467474460601807,18496.710503963615,1.277683026306461,18496.710503963615,optimize_single_point,18496.71050396363,0.5375990867614746,18496.710503963615,1.277683026306461,18496.710503963615,optimize_single_point,18496.71050396363,5.5263144969940186,18496.710503963615,1.277683026306461,18496.710503963615,optimize_single_point,18496.71050396363,9.154795408248901,18496.710503963615,1.277683026306461,18496.710503963615,optimize_single_point,18496.71050396363,9.038012742996216,18496.710503963615,1.277683026306461,18496.710503963615,optimize_single_point,18496.71050396363,7.443118333816528
2026-03-12 11:25:10,config_resnet_arato_area_0.1_hw_0.7_seed_3,inputs/task_graph_topology/soda-benchmark-graphs/pytorch-graphs/rez_net_tosa.dot,362,0.7,0.5,1.0,0.1,42,12459.889958209249,29220.939136421268,2.34520041785513,29220.939136421268,None,17838.26283700595,0.0,18496.710503963615,1.4845003098744851,18496.710503963615,optimize_random,18496.71050396363,0.9282047748565674,18496.710503963615,1.4845003098744851,18496.710503963615,optimize_swarm,18496.71050396363,267.47850227355957,18496.710503963615,1.4845003098744851,18496.710503963615,optimize_random,18496.71050396363,992.1549248695374,18496.710503963615,1.4845003098744851,18496.710503963615,optimize_single_point,18496.71050396363,0.5433247089385986,18496.710503963615,1.4845003098744851,18496.710503963615,optimize_single_point,18496.71050396363,0.5313875675201416,18496.710503963615,1.4845003098744851,18496.710503963615,optimize_single_point,18496.71050396363,5.477758884429932,18496.710503963615,1.4845003098744851,18496.710503963615,optimize_single_point,18496.71050396363,9.157423734664917,18496.710503963615,1.4845003098744851,18496.710503963615,optimize_single_point,18496.71050396363,9.066170454025269,18496.710503963615,1.4845003098744851,18496.710503963615,optimize_single_point,18496.71050396363,7.415923118591309
2026-03-12 11:25:12,config_resnet_arato_area_0.3_hw_0.5_seed_2,inputs/task_graph_topology/soda-benchmark-graphs/pytorch-graphs/rez_net_tosa.dot,362,0.5,0.5,1.0,0.3,42,9311.942737816993,34761.444632615894,3.732995961352427,34761.444632615894,None,16006.478586912192,0.0,18496.710503963615,1.986342809953728,18496.710503963615,optimize_random,18496.71050396363,0.9281468391418457,18389.560894668855,1.9748361230773566,18389.560894668855,optimize_swarm,18301.851148627866,265.9746754169464,18496.710503963615,1.986342809953728,18496.710503963615,optimize_random,18496.71050396363,996.6538438796997,18496.710503963615,1.986342809953728,18496.710503963615,optimize_single_point,18496.71050396363,0.5495016574859619,18496.710503963615,1.986342809953728,18496.710503963615,optimize_single_point,18496.71050396363,0.534461498260498,18496.710503963615,1.986342809953728,18496.710503963615,optimize_single_point,18496.71050396363,5.495080471038818,18496.710503963615,1.986342809953728,18496.710503963615,optimize_single_point,18496.71050396363,9.074739456176758,18496.710503963615,1.986342809953728,18496.710503963615,optimize_single_point,18496.71050396363,9.005935907363892,18496.710503963615,1.986342809953728,18496.710503963615,optimize_single_point,18496.71050396363,7.3986945152282715
2026-03-12 11:25:18,config_resnet_arato_area_0.1_hw_0.9_seed_3,inputs/task_graph_topology/soda-benchmark-graphs/pytorch-graphs/rez_net_tosa.dot,362,0.9,0.5,1.0,0.1,42,14476.759981256146,27985.767379952402,1.9331513001657215,27985.767379952402,None,17604.860229538426,0.0,18496.710503963615,1.277683026306461,18496.710503963615,optimize_random,18496.71050396363,0.9376587867736816,18496.710503963615,1.277683026306461,18496.710503963615,optimize_swarm,18496.71050396363,271.9202916622162,18496.710503963615,1.277683026306461,18496.710503963615,optimize_random,18496.71050396363,996.7364771366119,18496.710503963615,1.277683026306461,18496.710503963615,optimize_single_point,18496.71050396363,0.5509552955627441,18496.710503963615,1.277683026306461,18496.710503963615,optimize_single_point,18496.71050396363,0.5386278629302979,18496.710503963615,1.277683026306461,18496.710503963615,optimize_single_point,18496.71050396363,5.554758787155151,18496.710503963615,1.277683026306461,18496.710503963615,optimize_single_point,18496.71050396363,9.237338542938232,18496.710503963615,1.277683026306461,18496.710503963615,optimize_single_point,18496.71050396363,9.105077266693115,18496.710503963615,1.277683026306461,18496.710503963615,optimize_single_point,18496.71050396363,7.44845175743103
2026-03-12 11:25:23,config_resnet_arato_area_0.1_hw_0.7_seed_1,inputs/task_graph_topology/soda-benchmark-graphs/pytorch-graphs/rez_net_tosa.dot,362,0.7,0.5,1.0,0.1,42,12459.889958209249,29220.939136421268,2.34520041785513,29220.939136421268,None,17838.26283700595,0.0,18496.710503963615,1.4845003098744851,18496.710503963615,optimize_random,18496.71050396363,0.9373631477355957,18496.710503963615,1.4845003098744851,18496.710503963615,optimize_swarm,18496.71050396363,271.3969690799713,18496.710503963615,1.4845003098744851,18496.710503963615,optimize_random,18496.71050396363,1001.0224330425262,18496.710503963615,1.4845003098744851,18496.710503963615,optimize_single_point,18496.71050396363,0.5557563304901123,18496.710503963615,1.4845003098744851,18496.710503963615,optimize_single_point,18496.71050396363,0.5482628345489502,18496.710503963615,1.4845003098744851,18496.710503963615,optimize_single_point,18496.71050396363,5.614568710327148,18496.710503963615,1.4845003098744851,18496.710503963615,optimize_single_point,18496.71050396363,9.30335807800293,18496.710503963615,1.4845003098744851,18496.710503963615,optimize_single_point,18496.71050396363,9.050435781478882,18496.710503963615,1.4845003098744851,18496.710503963615,optimize_single_point,18496.71050396363,7.448936700820923
2026-03-12 11:25:30,config_resnet_arato_area_0.1_hw_0.9_seed_2,inputs/task_graph_topology/soda-benchmark-graphs/pytorch-graphs/rez_net_tosa.dot,362,0.9,0.5,1.0,0.1,42,14476.759981256146,27985.767379952402,1.9331513001657215,27985.767379952402,None,17604.860229538426,0.0,18496.710503963615,1.277683026306461,18496.710503963615,optimize_random,18496.71050396363,0.9374485015869141,18496.710503963615,1.277683026306461,18496.710503963615,optimize_swarm,18496.71050396363,275.0485532283783,18496.710503963615,1.277683026306461,18496.710503963615,optimize_random,18496.71050396363,1004.1184096336365,18496.710503963615,1.277683026306461,18496.710503963615,optimize_single_point,18496.71050396363,0.5549638271331787,18496.710503963615,1.277683026306461,18496.710503963615,optimize_single_point,18496.71050396363,0.5428369045257568,18496.710503963615,1.277683026306461,18496.710503963615,optimize_single_point,18496.71050396363,5.575724840164185,18496.710503963615,1.277683026306461,18496.710503963615,optimize_single_point,18496.71050396363,9.353410959243774,18496.710503963615,1.277683026306461,18496.710503963615,optimize_single_point,18496.71050396363,9.19998288154602,18496.710503963615,1.277683026306461,18496.710503963615,optimize_single_point,18496.71050396363,7.888714551925659
2026-03-12 11:25:35,config_resnet_arato_area_0.3_hw_0.3_seed_0,inputs/task_graph_topology/soda-benchmark-graphs/pytorch-graphs/rez_net_tosa.dot,362,0.3,0.5,1.0,0.3,42,5629.515000900963,35167.262427798014,6.246943550584686,35167.262427798014,None,15932.151430781709,0.0,18496.710503963615,3.285666793854062,18496.710503963615,optimize_random,18496.71050396363,0.9501659870147705,18293.27956171136,3.2495302985752152,18293.27956171136,optimize_swarm,18150.517311806027,271.1356110572815,18496.710503963615,3.285666793854062,18496.710503963615,optimize_random,18496.71050396363,1010.6945724487305,18496.710503963615,3.285666793854062,18496.710503963615,optimize_single_point,18496.71050396363,0.555753231048584,18496.710503963615,3.285666793854062,18496.710503963615,optimize_single_point,18496.71050396363,0.5425033569335938,18496.710503963615,3.285666793854062,18496.710503963615,optimize_single_point,18496.71050396363,5.598552703857422,18496.710503963615,3.285666793854062,18496.710503963615,optimize_single_point,18496.71050396363,9.419032096862793,18496.710503963615,3.285666793854062,18496.710503963615,optimize_single_point,18496.71050396363,9.364283323287964,18496.710503963615,3.285666793854062,18496.710503963615,optimize_single_point,18496.71050396363,7.601667165756226
2026-03-12 11:25:34,config_resnet_arato_area_0.3_hw_0.5_seed_0,inputs/task_graph_topology/soda-benchmark-graphs/pytorch-graphs/rez_net_tosa.dot,362,0.5,0.5,1.0,0.3,42,9311.942737816993,34761.444632615894,3.732995961352427,34761.444632615894,None,16006.478586912192,0.0,18496.710503963615,1.986342809953728,18496.710503963615,optimize_random,18496.71050396363,0.9502561092376709,18389.560894668855,1.9748361230773566,18389.560894668855,optimize_swarm,18301.851148627866,274.35432529449463,18496.710503963615,1.986342809953728,18496.710503963615,optimize_random,18496.71050396363,1010.6105360984802,18496.710503963615,1.986342809953728,18496.710503963615,optimize_single_point,18496.71050396363,0.549513578414917,18496.710503963615,1.986342809953728,18496.710503963615,optimize_single_point,18496.71050396363,0.532365083694458,18496.710503963615,1.986342809953728,18496.710503963615,optimize_single_point,18496.71050396363,5.46474027633667,18496.710503963615,1.986342809953728,18496.710503963615,optimize_single_point,18496.71050396363,9.052458047866821,18496.710503963615,1.986342809953728,18496.710503963615,optimize_single_point,18496.71050396363,9.011831760406494,18496.710503963615,1.986342809953728,18496.710503963615,optimize_single_point,18496.71050396363,7.736392498016357
2026-03-12 11:25:34,config_resnet_arato_area_0.3_hw_0.3_seed_3,inputs/task_graph_topology/soda-benchmark-graphs/pytorch-graphs/rez_net_tosa.dot,362,0.3,0.5,1.0,0.3,42,5629.515000900963,35167.262427798014,6.246943550584686,35167.262427798014,None,15932.151430781709,0.0,18496.710503963615,3.285666793854062,18496.710503963615,optimize_random,18496.71050396363,0.9433603286743164,18293.27956171136,3.2495302985752152,18293.27956171136,optimize_swarm,18150.517311806027,273.8735866546631,18496.710503963615,3.285666793854062,18496.710503963615,optimize_random,18496.71050396363,1010.1099004745483,18496.710503963615,3.285666793854062,18496.710503963615,optimize_single_point,18496.71050396363,0.5560958385467529,18496.710503963615,3.285666793854062,18496.710503963615,optimize_single_point,18496.71050396363,0.5463094711303711,18496.710503963615,3.285666793854062,18496.710503963615,optimize_single_point,18496.71050396363,5.63276743888855,18496.710503963615,3.285666793854062,18496.710503963615,optimize_single_point,18496.71050396363,9.346681833267212,18496.710503963615,3.285666793854062,18496.710503963615,optimize_single_point,18496.71050396363,9.337121486663818,18496.710503963615,3.285666793854062,18496.710503963615,optimize_single_point,18496.71050396363,7.914039373397827
2026-03-12 11:25:42,config_resnet_arato_area_0.3_hw_0.1_seed_3,inputs/task_graph_topology/soda-benchmark-graphs/pytorch-graphs/rez_net_tosa.dot,362,0.1,0.5,1.0,0.3,42,1876.8712304770884,31378.775410438444,16.718661835134082,31378.775410438444,None,14289.160633129684,0.0,18496.710503963615,9.855077004543286,18496.710503963615,optimize_random,18496.71050396363,0.940222978591919,18300.24530208685,9.750400030072946,18300.24530208685,optimize_swarm,18263.69131901887,278.6972062587738,18496.710503963615,9.855077004543286,18496.710503963615,optimize_random,18496.71050396363,1010.8170940876007,18496.710503963615,9.855077004543286,18496.710503963615,optimize_single_point,18496.71050396363,0.5446746349334717,18496.710503963615,9.855077004543286,18496.710503963615,optimize_single_point,18496.71050396363,0.5638096332550049,18496.710503963615,9.855077004543286,18496.710503963615,optimize_single_point,18496.71050396363,5.500097036361694,18496.710503963615,9.855077004543286,18496.710503963615,optimize_single_point,18496.71050396363,9.074060201644897,18496.710503963615,9.855077004543286,18496.710503963615,optimize_single_point,18496.71050396363,8.984190940856934,18496.710503963615,9.855077004543286,18496.710503963615,optimize_single_point,18496.71050396363,7.426768779754639
2026-03-12 11:25:50,config_resnet_arato_area_0.1_hw_0.7_seed_2,inputs/task_graph_topology/soda-benchmark-graphs/pytorch-graphs/rez_net_tosa.dot,362,0.7,0.5,1.0,0.1,42,12459.889958209249,29220.939136421268,2.34520041785513,29220.939136421268,None,17838.26283700595,0.0,18496.710503963615,1.4845003098744851,18496.710503963615,optimize_random,18496.71050396363,0.9414925575256348,18496.710503963615,1.4845003098744851,18496.710503963615,optimize_swarm,18496.71050396363,296.2256348133087,18496.710503963615,1.4845003098744851,18496.710503963615,optimize_random,18496.71050396363,1003.3687155246735,18496.710503963615,1.4845003098744851,18496.710503963615,optimize_single_point,18496.71050396363,0.5289702415466309,18496.710503963615,1.4845003098744851,18496.710503963615,optimize_single_point,18496.71050396363,0.5205423831939697,18496.710503963615,1.4845003098744851,18496.710503963615,optimize_single_point,18496.71050396363,5.447141885757446,18496.710503963615,1.4845003098744851,18496.710503963615,optimize_single_point,18496.71050396363,9.36494779586792,18496.710503963615,1.4845003098744851,18496.710503963615,optimize_single_point,18496.71050396363,9.300706148147583,18496.710503963615,1.4845003098744851,18496.710503963615,optimize_single_point,18496.71050396363,7.47806715965271
2026-03-12 11:26:05,config_resnet_arato_area_0.3_hw_0.3_seed_1,inputs/task_graph_topology/soda-benchmark-graphs/pytorch-graphs/rez_net_tosa.dot,362,0.3,0.5,1.0,0.3,42,5629.515000900963,35167.262427798014,6.246943550584686,35167.262427798014,None,15932.151430781709,0.0,18496.710503963615,3.285666793854062,18496.710503963615,optimize_random,18496.71050396363,0.9751362800598145,18293.27956171136,3.2495302985752152,18293.27956171136,optimize_swarm,18150.517311806027,275.5080759525299,18496.710503963615,3.285666793854062,18496.710503963615,optimize_random,18496.71050396363,1036.4663729667664,18496.710503963615,3.285666793854062,18496.710503963615,optimize_single_point,18496.71050396363,0.565192699432373,18496.710503963615,3.285666793854062,18496.710503963615,optimize_single_point,18496.71050396363,0.5527734756469727,18496.710503963615,3.285666793854062,18496.710503963615,optimize_single_point,18496.71050396363,5.667864084243774,18496.710503963615,3.285666793854062,18496.710503963615,optimize_single_point,18496.71050396363,9.140860795974731,18496.710503963615,3.285666793854062,18496.710503963615,optimize_single_point,18496.71050396363,8.988364219665527,18496.710503963615,3.285666793854062,18496.710503963615,optimize_single_point,18496.71050396363,7.596746921539307
2026-03-12 11:26:05,config_resnet_arato_area_0.3_hw_0.1_seed_1,inputs/task_graph_topology/soda-benchmark-graphs/pytorch-graphs/rez_net_tosa.dot,362,0.1,0.5,1.0,0.3,42,1876.8712304770884,31378.775410438444,16.718661835134082,31378.775410438444,None,14289.160633129684,0.0,18496.710503963615,9.855077004543286,18496.710503963615,optimize_random,18496.71050396363,0.9599113464355469,18300.24530208685,9.750400030072946,18300.24530208685,optimize_swarm,18263.69131901887,288.5618817806244,18496.710503963615,9.855077004543286,18496.710503963615,optimize_random,18496.71050396363,1023.5299527645111,18496.710503963615,9.855077004543286,18496.710503963615,optimize_single_point,18496.71050396363,0.5635416507720947,18496.710503963615,9.855077004543286,18496.710503963615,optimize_single_point,18496.71050396363,0.5473124980926514,18496.710503963615,9.855077004543286,18496.710503963615,optimize_single_point,18496.71050396363,5.615792989730835,18496.710503963615,9.855077004543286,18496.710503963615,optimize_single_point,18496.71050396363,9.289638042449951,18496.710503963615,9.855077004543286,18496.710503963615,optimize_single_point,18496.71050396363,9.105185270309448,18496.710503963615,9.855077004543286,18496.710503963615,optimize_single_point,18496.71050396363,7.689362287521362
2026-03-12 11:26:24,config_resnet_arato_area_0.5_hw_0.1_seed_0,inputs/task_graph_topology/soda-benchmark-graphs/pytorch-graphs/rez_net_tosa.dot,362,0.1,0.5,1.0,0.5,42,1876.8712304770884,27091.396431290876,14.434339442884646,27091.396431290876,None,11726.626114450048,0.0,18496.710503963615,9.855077004543286,18496.710503963615,optimize_random,18496.71050396363,0.9950859546661377,18392.9978006625,9.799818709985297,18392.9978006625,optimize_swarm,18301.314161479982,281.47453236579895,18496.710503963615,9.855077004543286,18496.710503963615,optimize_random,18496.71050396363,1049.7800092697144,18496.710503963615,9.855077004543286,18496.710503963615,optimize_single_point,18496.71050396363,0.5568058490753174,18496.710503963615,9.855077004543286,18496.710503963615,optimize_single_point,18496.71050396363,0.553210973739624,18496.710503963615,9.855077004543286,18496.710503963615,optimize_single_point,18496.71050396363,5.745041847229004,18496.710503963615,9.855077004543286,18496.710503963615,optimize_single_point,18496.71050396363,10.422239065170288,18496.710503963615,9.855077004543286,18496.710503963615,optimize_single_point,18496.71050396363,10.330697536468506,18494.00523220626,9.853635631414736,18494.00523220626,optimize_single_point,10896.113237548801,7.716986656188965
2026-03-12 11:26:36,config_resnet_arato_area_0.3_hw_0.7_seed_1,inputs/task_graph_topology/soda-benchmark-graphs/pytorch-graphs/rez_net_tosa.dot,362,0.7,0.5,1.0,0.3,42,12459.889958209249,35710.06410167901,2.8660015635331746,35710.06410167901,None,17380.287117038904,0.0,18496.710503963615,1.4845003098744851,18496.710503963615,optimize_random,18496.71050396363,0.972156286239624,18414.757590146197,1.4779229713833515,18414.757590146197,optimize_swarm,18214.820564853355,283.7878029346466,18496.710503963615,1.4845003098744851,18496.710503963615,optimize_random,18496.71050396363,1059.6674008369446,18496.710503963615,1.4845003098744851,18496.710503963615,optimize_single_point,18496.71050396363,0.5702352523803711,18496.710503963615,1.4845003098744851,18496.710503963615,optimize_single_point,18496.71050396363,0.5677003860473633,18496.710503963615,1.4845003098744851,18496.710503963615,optimize_single_point,18496.71050396363,5.889714002609253,18496.710503963615,1.4845003098744851,18496.710503963615,optimize_single_point,18496.71050396363,9.869752168655396,18496.710503963615,1.4845003098744851,18496.710503963615,optimize_single_point,18496.71050396363,9.764315605163574,18496.710503963615,1.4845003098744851,18496.710503963615,optimize_single_point,18496.71050396363,7.968105316162109
2026-03-12 11:26:36,config_resnet_arato_area_0.3_hw_0.5_seed_1,inputs/task_graph_topology/soda-benchmark-graphs/pytorch-graphs/rez_net_tosa.dot,362,0.5,0.5,1.0,0.3,42,9311.942737816993,34761.444632615894,3.732995961352427,34761.444632615894,None,16006.478586912192,0.0,18496.710503963615,1.986342809953728,18496.710503963615,optimize_random,18496.71050396363,0.9955580234527588,18389.560894668855,1.9748361230773566,18389.560894668855,optimize_swarm,18301.851148627866,286.0989201068878,18496.710503963615,1.986342809953728,18496.710503963615,optimize_random,18496.71050396363,1058.1699769496918,18496.710503963615,1.986342809953728,18496.710503963615,optimize_single_point,18496.71050396363,0.599346399307251,18496.710503963615,1.986342809953728,18496.710503963615,optimize_single_point,18496.71050396363,0.6092941761016846,18496.710503963615,1.986342809953728,18496.710503963615,optimize_single_point,18496.71050396363,6.045108318328857,18496.710503963615,1.986342809953728,18496.710503963615,optimize_single_point,18496.71050396363,9.573919534683228,18496.710503963615,1.986342809953728,18496.710503963615,optimize_single_point,18496.71050396363,9.385787725448608,18496.710503963615,1.986342809953728,18496.710503963615,optimize_single_point,18496.71050396363,7.916917324066162
2026-03-12 11:26:46,config_resnet_arato_area_0.3_hw_0.5_seed_3,inputs/task_graph_topology/soda-benchmark-graphs/pytorch-graphs/rez_net_tosa.dot,362,0.5,0.5,1.0,0.3,42,9311.942737816993,34761.444632615894,3.732995961352427,34761.444632615894,None,16006.478586912192,0.0,18496.710503963615,1.986342809953728,18496.710503963615,optimize_random,18496.71050396363,0.9761066436767578,18389.560894668855,1.9748361230773566,18389.560894668855,optimize_swarm,18301.851148627866,284.9411869049072,18496.710503963615,1.986342809953728,18496.710503963615,optimize_random,18496.71050396363,1068.5628128051758,18496.710503963615,1.986342809953728,18496.710503963615,optimize_single_point,18496.71050396363,0.5801103115081787,18496.710503963615,1.986342809953728,18496.710503963615,optimize_single_point,18496.71050396363,0.566542387008667,18496.710503963615,1.986342809953728,18496.710503963615,optimize_single_point,18496.71050396363,5.9076714515686035,18496.710503963615,1.986342809953728,18496.710503963615,optimize_single_point,18496.71050396363,9.833903789520264,18496.710503963615,1.986342809953728,18496.710503963615,optimize_single_point,18496.71050396363,9.716107368469238,18496.710503963615,1.986342809953728,18496.710503963615,optimize_single_point,18496.71050396363,8.023155212402344
2026-03-12 11:26:50,config_resnet_arato_area_0.3_hw_0.9_seed_0,inputs/task_graph_topology/soda-benchmark-graphs/pytorch-graphs/rez_net_tosa.dot,362,0.9,0.5,1.0,0.3,42,14476.759981256146,35670.03868636114,2.4639517911842908,35670.03868636114,None,18482.907632920924,0.0,18496.710503963615,1.277683026306461,18496.710503963615,optimize_random,18496.71050396363,1.0028183460235596,18446.13788918236,1.2741896607435355,18446.13788918236,optimize_swarm,18371.941238946805,284.7144408226013,18496.710503963615,1.277683026306461,18496.710503963615,optimize_random,18496.71050396363,1073.1806874275208,18496.710503963615,1.277683026306461,18496.710503963615,optimize_single_point,18496.71050396363,0.5727899074554443,18496.710503963615,1.277683026306461,18496.710503963615,optimize_single_point,18496.71050396363,0.5634591579437256,18496.710503963615,1.277683026306461,18496.710503963615,optimize_single_point,18496.71050396363,5.932530403137207,18496.710503963615,1.277683026306461,18496.710503963615,optimize_single_point,18496.71050396363,9.57851266860962,18496.710503963615,1.277683026306461,18496.710503963615,optimize_single_point,18496.71050396363,9.494117975234985,18496.710503963615,1.277683026306461,18496.710503963615,optimize_single_point,18496.71050396363,7.99039626121521
2026-03-12 11:26:51,config_resnet_arato_area_0.3_hw_0.1_seed_0,inputs/task_graph_topology/soda-benchmark-graphs/pytorch-graphs/rez_net_tosa.dot,362,0.1,0.5,1.0,0.3,42,1876.8712304770884,31378.775410438444,16.718661835134082,31378.775410438444,None,14289.160633129684,0.0,18496.710503963615,9.855077004543286,18496.710503963615,optimize_random,18496.71050396363,1.018667459487915,18300.24530208685,9.750400030072946,18300.24530208685,optimize_swarm,18263.69131901887,275.4519999027252,18496.710503963615,9.855077004543286,18496.710503963615,optimize_random,18496.71050396363,1085.7045979499817,18496.710503963615,9.855077004543286,18496.710503963615,optimize_single_point,18496.71050396363,0.5670607089996338,18496.710503963615,9.855077004543286,18496.710503963615,optimize_single_point,18496.71050396363,0.5494561195373535,18496.710503963615,9.855077004543286,18496.710503963615,optimize_single_point,18496.71050396363,5.655259609222412,18496.710503963615,9.855077004543286,18496.710503963615,optimize_single_point,18496.71050396363,9.278747081756592,18496.710503963615,9.855077004543286,18496.710503963615,optimize_single_point,18496.71050396363,9.203958511352539,18496.710503963615,9.855077004543286,18496.710503963615,optimize_single_point,18496.71050396363,7.667710304260254
2026-03-12 11:26:53,config_resnet_arato_area_0.1_hw_0.5_seed_2,inputs/task_graph_topology/soda-benchmark-graphs/pytorch-graphs/rez_net_tosa.dot,362,0.5,0.5,1.0,0.1,42,9311.942737816993,30778.248632303465,3.3052446196118725,30778.248632303465,None,17518.601204738097,0.0,18496.710503963615,1.986342809953728,18496.710503963615,optimize_random,18496.71050396363,1.022291660308838,18496.710503963615,1.986342809953728,18496.710503963615,optimize_swarm,18496.71050396363,289.9674770832062,18496.710503963615,1.986342809953728,18496.710503963615,optimize_random,18496.71050396363,1069.7911694049835,18496.710503963615,1.986342809953728,18496.710503963615,optimize_single_point,18496.71050396363,0.5812735557556152,18496.710503963615,1.986342809953728,18496.710503963615,optimize_single_point,18496.71050396363,0.5669875144958496,18496.710503963615,1.986342809953728,18496.710503963615,optimize_single_point,18496.71050396363,5.773344993591309,18496.710503963615,1.986342809953728,18496.710503963615,optimize_single_point,18496.71050396363,9.596731901168823,18496.710503963615,1.986342809953728,18496.710503963615,optimize_single_point,18496.71050396363,9.894948244094849,18496.710503963615,1.986342809953728,18496.710503963615,optimize_single_point,18496.71050396363,7.93609881401062
2026-03-12 11:26:54,config_resnet_arato_area_0.3_hw_0.9_seed_1,inputs/task_graph_topology/soda-benchmark-graphs/pytorch-graphs/rez_net_tosa.dot,362,0.9,0.5,1.0,0.3,42,14476.759981256146,35670.03868636114,2.4639517911842908,35670.03868636114,None,18482.907632920924,0.0,18496.710503963615,1.277683026306461,18496.710503963615,optimize_random,18496.71050396363,1.003974437713623,18446.13788918236,1.2741896607435355,18446.13788918236,optimize_swarm,18371.941238946805,282.73366117477417,18496.710503963615,1.277683026306461,18496.710503963615,optimize_random,18496.71050396363,1079.5424139499664,18496.710503963615,1.277683026306461,18496.710503963615,optimize_single_point,18496.71050396363,0.5664718151092529,18496.710503963615,1.277683026306461,18496.710503963615,optimize_single_point,18496.71050396363,0.5578851699829102,18496.710503963615,1.277683026306461,18496.710503963615,optimize_single_point,18496.71050396363,5.854121446609497,18496.710503963615,1.277683026306461,18496.710503963615,optimize_single_point,18496.71050396363,9.63507080078125,18496.710503963615,1.277683026306461,18496.710503963615,optimize_single_point,18496.71050396363,9.528317928314209,18496.710503963615,1.277683026306461,18496.710503963615,optimize_single_point,18496.71050396363,7.68094801902771
2026-03-12 11:26:57,config_resnet_arato_area_0.5_hw_0.3_seed_2,inputs/task_graph_topology/soda-benchmark-graphs/pytorch-graphs/rez_net_tosa.dot,362,0.3,0.5,1.0,0.5,42,5629.515000900963,31525.940186825334,5.600116560979025,31525.940186825334,None,12758.347233287916,0.0,18496.710503963615,3.285666793854062,18496.710503963615,optimize_random,18496.71050396363,0.9794943332672119,18335.900604445214,3.2571012958506524,18335.900604445214,optimize_swarm,18269.730230942158,290.01831912994385,18496.710503963615,3.285666793854062,18496.710503963615,optimize_random,18496.71050396363,1072.5227155685425,18496.710503963615,3.285666793854062,18496.710503963615,optimize_single_point,18496.71050396363,0.5842664241790771,18496.710503963615,3.285666793854062,18496.710503963615,optimize_single_point,18496.71050396363,0.5766909122467041,18496.710503963615,3.285666793854062,18496.710503963615,optimize_single_point,18496.71050396363,6.083203077316284,18496.710503963615,3.285666793854062,18496.710503963615,optimize_single_point,18496.71050396363,10.8655846118927,18496.710503963615,3.285666793854062,18496.710503963615,optimize_single_point,18496.71050396363,10.782864332199097,18496.710503963615,3.285666793854062,18496.710503963615,optimize_single_point,18496.71050396363,8.07826042175293
2026-03-12 11:27:01,config_resnet_arato_area_0.3_hw_0.7_seed_3,inputs/task_graph_topology/soda-benchmark-graphs/pytorch-graphs/rez_net_tosa.dot,362,0.7,0.5,1.0,0.3,42,12459.889958209249,35710.06410167901,2.8660015635331746,35710.06410167901,None,17380.287117038904,0.0,18496.710503963615,1.4845003098744851,18496.710503963615,optimize_random,18496.71050396363,0.9921531677246094,18414.757590146197,1.4779229713833515,18414.757590146197,optimize_swarm,18214.820564853355,286.17536997795105,18496.710503963615,1.4845003098744851,18496.710503963615,optimize_random,18496.71050396363,1082.8416357040405,18496.710503963615,1.4845003098744851,18496.710503963615,optimize_single_point,18496.71050396363,0.5650684833526611,18496.710503963615,1.4845003098744851,18496.710503963615,optimize_single_point,18496.71050396363,0.5592799186706543,18496.710503963615,1.4845003098744851,18496.710503963615,optimize_single_point,18496.71050396363,5.885657787322998,18496.710503963615,1.4845003098744851,18496.710503963615,optimize_single_point,18496.71050396363,9.69951343536377,18496.710503963615,1.4845003098744851,18496.710503963615,optimize_single_point,18496.71050396363,9.674560785293579,18496.710503963615,1.4845003098744851,18496.710503963615,optimize_single_point,18496.71050396363,7.825860261917114
2026-03-12 11:27:02,config_resnet_arato_area_0.3_hw_0.9_seed_3,inputs/task_graph_topology/soda-benchmark-graphs/pytorch-graphs/rez_net_tosa.dot,362,0.9,0.5,1.0,0.3,42,14476.759981256146,35670.03868636114,2.4639517911842908,35670.03868636114,None,18482.907632920924,0.0,18496.710503963615,1.277683026306461,18496.710503963615,optimize_random,18496.71050396363,1.0150103569030762,18446.13788918236,1.2741896607435355,18446.13788918236,optimize_swarm,18371.941238946805,287.442955493927,18496.710503963615,1.277683026306461,18496.710503963615,optimize_random,18496.71050396363,1082.5417523384094,18496.710503963615,1.277683026306461,18496.710503963615,optimize_single_point,18496.71050396363,0.581242561340332,18496.710503963615,1.277683026306461,18496.710503963615,optimize_single_point,18496.71050396363,0.5656800270080566,18496.710503963615,1.277683026306461,18496.710503963615,optimize_single_point,18496.71050396363,5.959430456161499,18496.710503963615,1.277683026306461,18496.710503963615,optimize_single_point,18496.71050396363,9.790064096450806,18496.710503963615,1.277683026306461,18496.710503963615,optimize_single_point,18496.71050396363,9.677103519439697,18496.710503963615,1.277683026306461,18496.710503963615,optimize_single_point,18496.71050396363,7.977265119552612
2026-03-12 11:27:04,config_resnet_arato_area_0.5_hw_0.7_seed_1,inputs/task_graph_topology/soda-benchmark-graphs/pytorch-graphs/rez_net_tosa.dot,362,0.7,0.5,1.0,0.5,42,12459.889958209249,35018.604906863926,2.810506756024099,35018.604906863926,None,15652.672074748769,0.0,18496.710503963615,1.4845003098744851,18496.710503963615,optimize_random,18496.71050396363,0.9925384521484375,18438.873044852826,1.4798584182281882,18438.873044852826,optimize_swarm,18399.372043329662,290.1394634246826,18496.710503963615,1.4845003098744851,18496.710503963615,optimize_random,18496.71050396363,1079.2620651721954,18496.710503963615,1.4845003098744851,18496.710503963615,optimize_single_point,18496.71050396363,0.5701596736907959,18496.710503963615,1.4845003098744851,18496.710503963615,optimize_single_point,18496.71050396363,0.5640261173248291,18496.710503963615,1.4845003098744851,18496.710503963615,optimize_single_point,18496.71050396363,5.920469045639038,18496.710503963615,1.4845003098744851,18496.710503963615,optimize_single_point,18496.71050396363,10.66533613204956,18496.710503963615,1.4845003098744851,18496.710503963615,optimize_single_point,18496.71050396363,10.570202589035034,18496.710503963615,1.4845003098744851,18496.710503963615,optimize_single_point,18496.71050396363,7.912646532058716
2026-03-12 11:27:07,config_resnet_arato_area_0.3_hw_0.9_seed_2,inputs/task_graph_topology/soda-benchmark-graphs/pytorch-graphs/rez_net_tosa.dot,362,0.9,0.5,1.0,0.3,42,14476.759981256146,35670.03868636114,2.4639517911842908,35670.03868636114,None,18482.907632920924,0.0,18496.710503963615,1.277683026306461,18496.710503963615,optimize_random,18496.71050396363,1.0081005096435547,18446.13788918236,1.2741896607435355,18446.13788918236,optimize_swarm,18371.941238946805,293.6516788005829,18496.710503963615,1.277683026306461,18496.710503963615,optimize_random,18496.71050396363,1080.925128698349,18496.710503963615,1.277683026306461,18496.710503963615,optimize_single_point,18496.71050396363,0.5876815319061279,18496.710503963615,1.277683026306461,18496.710503963615,optimize_single_point,18496.71050396363,0.5891001224517822,18496.710503963615,1.277683026306461,18496.710503963615,optimize_single_point,18496.71050396363,6.020536184310913,18496.710503963615,1.277683026306461,18496.710503963615,optimize_single_point,18496.71050396363,10.026368856430054,18496.710503963615,1.277683026306461,18496.710503963615,optimize_single_point,18496.71050396363,9.803021907806396,18496.710503963615,1.277683026306461,18496.710503963615,optimize_single_point,18496.71050396363,7.923062324523926
2026-03-12 11:27:08,config_resnet_arato_area_0.5_hw_0.5_seed_0,inputs/task_graph_topology/soda-benchmark-graphs/pytorch-graphs/rez_net_tosa.dot,362,0.5,0.5,1.0,0.5,42,9311.942737816993,33103.829961925556,3.554986418407263,33103.829961925556,None,13322.5504469303,0.0,18496.710503963615,1.986342809953728,18496.710503963615,optimize_random,18496.71050396363,0.9810247421264648,18419.885083845435,1.9780926067167401,18419.885083845435,optimize_swarm,18365.483516759254,288.55658626556396,18496.710503963615,1.986342809953728,18496.710503963615,optimize_random,18496.71050396363,1084.023913383484,18496.710503963615,1.986342809953728,18496.710503963615,optimize_single_point,18496.71050396363,0.5819590091705322,18496.710503963615,1.986342809953728,18496.710503963615,optimize_single_point,18496.71050396363,0.5716238021850586,18496.710503963615,1.986342809953728,18496.710503963615,optimize_single_point,18496.71050396363,5.966369390487671,18496.710503963615,1.986342809953728,18496.710503963615,optimize_single_point,18496.71050396363,10.85109829902649,18496.710503963615,1.986342809953728,18496.710503963615,optimize_single_point,18496.71050396363,10.739179134368896,18496.710503963615,1.986342809953728,18496.710503963615,optimize_single_point,18496.71050396363,8.099763870239258
2026-03-12 11:27:08,config_resnet_arato_area_0.3_hw_0.7_seed_0,inputs/task_graph_topology/soda-benchmark-graphs/pytorch-graphs/rez_net_tosa.dot,362,0.7,0.5,1.0,0.3,42,12459.889958209249,35710.06410167901,2.8660015635331746,35710.06410167901,None,17380.287117038904,0.0,18496.710503963615,1.4845003098744851,18496.710503963615,optimize_random,18496.71050396363,1.011040449142456,18414.757590146197,1.4779229713833515,18414.757590146197,optimize_swarm,18214.820564853355,289.6174376010895,18496.710503963615,1.4845003098744851,18496.710503963615,optimize_random,18496.71050396363,1086.8439464569092,18496.710503963615,1.4845003098744851,18496.710503963615,optimize_single_point,18496.71050396363,0.581491231918335,18496.710503963615,1.4845003098744851,18496.710503963615,optimize_single_point,18496.71050396363,0.5770106315612793,18496.710503963615,1.4845003098744851,18496.710503963615,optimize_single_point,18496.71050396363,5.833891153335571,18496.710503963615,1.4845003098744851,18496.710503963615,optimize_single_point,18496.71050396363,9.602975606918335,18496.710503963615,1.4845003098744851,18496.710503963615,optimize_single_point,18496.71050396363,9.403355836868286,18496.710503963615,1.4845003098744851,18496.710503963615,optimize_single_point,18496.71050396363,7.86736273765564
2026-03-12 11:27:09,config_resnet_arato_area_0.5_hw_0.3_seed_3,inputs/task_graph_topology/soda-benchmark-graphs/pytorch-graphs/rez_net_tosa.dot,362,0.3,0.5,1.0,0.5,42,5629.515000900963,31525.940186825334,5.600116560979025,31525.940186825334,None,12758.347233287916,0.0,18496.710503963615,3.285666793854062,18496.710503963615,optimize_random,18496.71050396363,0.9843635559082031,18335.900604445214,3.2571012958506524,18335.900604445214,optimize_swarm,18269.730230942158,290.2861828804016,18496.710503963615,3.285666793854062,18496.710503963615,optimize_random,18496.71050396363,1083.390504360199,18496.710503963615,3.285666793854062,18496.710503963615,optimize_single_point,18496.71050396363,0.593355655670166,18496.710503963615,3.285666793854062,18496.710503963615,optimize_single_point,18496.71050396363,0.5742001533508301,18496.710503963615,3.285666793854062,18496.710503963615,optimize_single_point,18496.71050396363,6.06881856918335,18496.710503963615,3.285666793854062,18496.710503963615,optimize_single_point,18496.71050396363,10.9679434299469,18496.710503963615,3.285666793854062,18496.710503963615,optimize_single_point,18496.71050396363,10.835482120513916,18496.710503963615,3.285666793854062,18496.710503963615,optimize_single_point,18496.71050396363,7.943485975265503
2026-03-12 11:27:10,config_resnet_arato_area_0.3_hw_0.7_seed_2,inputs/task_graph_topology/soda-benchmark-graphs/pytorch-graphs/rez_net_tosa.dot,362,0.7,0.5,1.0,0.3,42,12459.889958209249,35710.06410167901,2.8660015635331746,35710.06410167901,None,17380.287117038904,0.0,18496.710503963615,1.4845003098744851,18496.710503963615,optimize_random,18496.71050396363,0.9980998039245605,18414.757590146197,1.4779229713833515,18414.757590146197,optimize_swarm,18214.820564853355,302.87778401374817,18496.710503963615,1.4845003098744851,18496.710503963615,optimize_random,18496.71050396363,1074.997888326645,18496.710503963615,1.4845003098744851,18496.710503963615,optimize_single_point,18496.71050396363,0.5732440948486328,18496.710503963615,1.4845003098744851,18496.710503963615,optimize_single_point,18496.71050396363,0.5694682598114014,18496.710503963615,1.4845003098744851,18496.710503963615,optimize_single_point,18496.71050396363,6.253783464431763,18496.710503963615,1.4845003098744851,18496.710503963615,optimize_single_point,18496.71050396363,9.893577575683594,18496.710503963615,1.4845003098744851,18496.710503963615,optimize_single_point,18496.71050396363,9.648988723754883,18496.710503963615,1.4845003098744851,18496.710503963615,optimize_single_point,18496.71050396363,7.7798614501953125
2026-03-12 11:27:11,config_resnet_arato_area_0.1_hw_0.5_seed_0,inputs/task_graph_topology/soda-benchmark-graphs/pytorch-graphs/rez_net_tosa.dot,362,0.5,0.5,1.0,0.1,42,9311.942737816993,30778.248632303465,3.3052446196118725,30778.248632303465,None,17518.601204738097,0.0,18496.710503963615,1.986342809953728,18496.710503963615,optimize_random,18496.71050396363,1.0226223468780518,18496.710503963615,1.986342809953728,18496.710503963615,optimize_swarm,18496.71050396363,295.3861904144287,18496.710503963615,1.986342809953728,18496.710503963615,optimize_random,18496.71050396363,1083.257495880127,18496.710503963615,1.986342809953728,18496.710503963615,optimize_single_point,18496.71050396363,0.6222038269042969,18496.710503963615,1.986342809953728,18496.710503963615,optimize_single_point,18496.71050396363,0.6067206859588623,18496.710503963615,1.986342809953728,18496.710503963615,optimize_single_point,18496.71050396363,6.116520643234253,18496.710503963615,1.986342809953728,18496.710503963615,optimize_single_point,18496.71050396363,10.028312921524048,18496.710503963615,1.986342809953728,18496.710503963615,optimize_single_point,18496.71050396363,9.151766300201416,18496.710503963615,1.986342809953728,18496.710503963615,optimize_single_point,18496.71050396363,7.753827810287476
2026-03-12 11:27:14,config_resnet_arato_area_0.3_hw_0.1_seed_2,inputs/task_graph_topology/soda-benchmark-graphs/pytorch-graphs/rez_net_tosa.dot,362,0.1,0.5,1.0,0.3,42,1876.8712304770884,31378.775410438444,16.718661835134082,31378.775410438444,None,14289.160633129684,0.0,18496.710503963615,9.855077004543286,18496.710503963615,optimize_random,18496.71050396363,1.027034044265747,18300.24530208685,9.750400030072946,18300.24530208685,optimize_swarm,18263.69131901887,289.280419588089,18496.710503963615,9.855077004543286,18496.710503963615,optimize_random,18496.71050396363,1089.8730652332306,18496.710503963615,9.855077004543286,18496.710503963615,optimize_single_point,18496.71050396363,0.5786638259887695,18496.710503963615,9.855077004543286,18496.710503963615,optimize_single_point,18496.71050396363,0.5704207420349121,18496.710503963615,9.855077004543286,18496.710503963615,optimize_single_point,18496.71050396363,5.985834121704102,18496.710503963615,9.855077004543286,18496.710503963615,optimize_single_point,18496.71050396363,9.796867370605469,18496.710503963615,9.855077004543286,18496.710503963615,optimize_single_point,18496.71050396363,9.65983271598816,18496.710503963615,9.855077004543286,18496.710503963615,optimize_single_point,18496.71050396363,7.867642164230347
2026-03-12 11:27:19,config_resnet_arato_area_0.5_hw_0.7_seed_2,inputs/task_graph_topology/soda-benchmark-graphs/pytorch-graphs/rez_net_tosa.dot,362,0.7,0.5,1.0,0.5,42,12459.889958209249,35018.604906863926,2.810506756024099,35018.604906863926,None,15652.672074748769,0.0,18496.710503963615,1.4845003098744851,18496.710503963615,optimize_random,18496.71050396363,1.0004370212554932,18438.873044852826,1.4798584182281882,18438.873044852826,optimize_swarm,18399.372043329662,295.3630266189575,18496.710503963615,1.4845003098744851,18496.710503963615,optimize_random,18496.71050396363,1087.8701202869415,18496.710503963615,1.4845003098744851,18496.710503963615,optimize_single_point,18496.71050396363,0.5843088626861572,18496.710503963615,1.4845003098744851,18496.710503963615,optimize_single_point,18496.71050396363,0.5838773250579834,18496.710503963615,1.4845003098744851,18496.710503963615,optimize_single_point,18496.71050396363,6.065439224243164,18496.710503963615,1.4845003098744851,18496.710503963615,optimize_single_point,18496.71050396363,11.078919410705566,18496.710503963615,1.4845003098744851,18496.710503963615,optimize_single_point,18496.71050396363,11.01569390296936,18496.710503963615,1.4845003098744851,18496.710503963615,optimize_single_point,18496.71050396363,8.329227924346924
2026-03-12 11:27:20,config_resnet_arato_area_0.5_hw_0.7_seed_3,inputs/task_graph_topology/soda-benchmark-graphs/pytorch-graphs/rez_net_tosa.dot,362,0.7,0.5,1.0,0.5,42,12459.889958209249,35018.604906863926,2.810506756024099,35018.604906863926,None,15652.672074748769,0.0,18496.710503963615,1.4845003098744851,18496.710503963615,optimize_random,18496.71050396363,0.989168643951416,18438.873044852826,1.4798584182281882,18438.873044852826,optimize_swarm,18399.372043329662,293.30357027053833,18496.710503963615,1.4845003098744851,18496.710503963615,optimize_random,18496.71050396363,1091.4562397003174,18496.710503963615,1.4845003098744851,18496.710503963615,optimize_single_point,18496.71050396363,0.5762221813201904,18496.710503963615,1.4845003098744851,18496.710503963615,optimize_single_point,18496.71050396363,0.568955659866333,18496.710503963615,1.4845003098744851,18496.710503963615,optimize_single_point,18496.71050396363,6.023527145385742,18496.710503963615,1.4845003098744851,18496.710503963615,optimize_single_point,18496.71050396363,10.902153491973877,18496.710503963615,1.4845003098744851,18496.710503963615,optimize_single_point,18496.71050396363,10.845124959945679,18496.710503963615,1.4845003098744851,18496.710503963615,optimize_single_point,18496.71050396363,8.183218479156494
2026-03-12 11:27:22,config_resnet_arato_area_0.5_hw_0.1_seed_3,inputs/task_graph_topology/soda-benchmark-graphs/pytorch-graphs/rez_net_tosa.dot,362,0.1,0.5,1.0,0.5,42,1876.8712304770884,27091.396431290876,14.434339442884646,27091.396431290876,None,11726.626114450048,0.0,18496.710503963615,9.855077004543286,18496.710503963615,optimize_random,18496.71050396363,0.9961059093475342,18392.9978006625,9.799818709985297,18392.9978006625,optimize_swarm,18301.314161479982,292.1563768386841,18496.710503963615,9.855077004543286,18496.710503963615,optimize_random,18496.71050396363,1095.245965719223,18496.710503963615,9.855077004543286,18496.710503963615,optimize_single_point,18496.71050396363,0.5928068161010742,18496.710503963615,9.855077004543286,18496.710503963615,optimize_single_point,18496.71050396363,0.5866856575012207,18496.710503963615,9.855077004543286,18496.710503963615,optimize_single_point,18496.71050396363,6.136919975280762,18496.710503963615,9.855077004543286,18496.710503963615,optimize_single_point,18496.71050396363,10.943847894668579,18496.710503963615,9.855077004543286,18496.710503963615,optimize_single_point,18496.71050396363,10.658390283584595,18494.00523220626,9.853635631414736,18494.00523220626,optimize_single_point,10896.113237548801,8.018282413482666
2026-03-12 11:27:24,config_resnet_arato_area_0.5_hw_0.5_seed_2,inputs/task_graph_topology/soda-benchmark-graphs/pytorch-graphs/rez_net_tosa.dot,362,0.5,0.5,1.0,0.5,42,9311.942737816993,33103.829961925556,3.554986418407263,33103.829961925556,None,13322.5504469303,0.0,18496.710503963615,1.986342809953728,18496.710503963615,optimize_random,18496.71050396363,0.9936439990997314,18419.885083845435,1.9780926067167401,18419.885083845435,optimize_swarm,18365.483516759254,294.24120569229126,18496.710503963615,1.986342809953728,18496.710503963615,optimize_random,18496.71050396363,1094.3536393642426,18496.710503963615,1.986342809953728,18496.710503963615,optimize_single_point,18496.71050396363,0.582061767578125,18496.710503963615,1.986342809953728,18496.710503963615,optimize_single_point,18496.71050396363,0.5778870582580566,18496.710503963615,1.986342809953728,18496.710503963615,optimize_single_point,18496.71050396363,6.003122329711914,18496.710503963615,1.986342809953728,18496.710503963615,optimize_single_point,18496.71050396363,10.80674958229065,18496.710503963615,1.986342809953728,18496.710503963615,optimize_single_point,18496.71050396363,10.711497783660889,18496.710503963615,1.986342809953728,18496.710503963615,optimize_single_point,18496.71050396363,8.182369232177734
2026-03-12 11:27:30,config_resnet_arato_area_0.5_hw_0.7_seed_0,inputs/task_graph_topology/soda-benchmark-graphs/pytorch-graphs/rez_net_tosa.dot,362,0.7,0.5,1.0,0.5,42,12459.889958209249,35018.604906863926,2.810506756024099,35018.604906863926,None,15652.672074748769,0.0,18496.710503963615,1.4845003098744851,18496.710503963615,optimize_random,18496.71050396363,1.001361608505249,18438.873044852826,1.4798584182281882,18438.873044852826,optimize_swarm,18399.372043329662,293.0991530418396,18496.710503963615,1.4845003098744851,18496.710503963615,optimize_random,18496.71050396363,1101.4800689220428,18496.710503963615,1.4845003098744851,18496.710503963615,optimize_single_point,18496.71050396363,0.5843758583068848,18496.710503963615,1.4845003098744851,18496.710503963615,optimize_single_point,18496.71050396363,0.5802047252655029,18496.710503963615,1.4845003098744851,18496.710503963615,optimize_single_point,18496.71050396363,6.063894987106323,18496.710503963615,1.4845003098744851,18496.710503963615,optimize_single_point,18496.71050396363,10.836033582687378,18496.710503963615,1.4845003098744851,18496.710503963615,optimize_single_point,18496.71050396363,10.804149627685547,18496.710503963615,1.4845003098744851,18496.710503963615,optimize_single_point,18496.71050396363,8.266637563705444
2026-03-12 11:27:35,config_resnet_arato_area_0.1_hw_0.5_seed_1,inputs/task_graph_topology/soda-benchmark-graphs/pytorch-graphs/rez_net_tosa.dot,362,0.5,0.5,1.0,0.1,42,9311.942737816993,30778.248632303465,3.3052446196118725,30778.248632303465,None,17518.601204738097,0.0,18496.710503963615,1.986342809953728,18496.710503963615,optimize_random,18496.71050396363,1.0379586219787598,18496.710503963615,1.986342809953728,18496.710503963615,optimize_swarm,18496.71050396363,298.4462332725525,18496.710503963615,1.986342809953728,18496.710503963615,optimize_random,18496.71050396363,1101.6699068546295,18496.710503963615,1.986342809953728,18496.710503963615,optimize_single_point,18496.71050396363,0.5665793418884277,18496.710503963615,1.986342809953728,18496.710503963615,optimize_single_point,18496.71050396363,0.5566866397857666,18496.710503963615,1.986342809953728,18496.710503963615,optimize_single_point,18496.71050396363,5.692088603973389,18496.710503963615,1.986342809953728,18496.710503963615,optimize_single_point,18496.71050396363,9.657959461212158,18496.710503963615,1.986342809953728,18496.710503963615,optimize_single_point,18496.71050396363,10.386743307113647,18496.710503963615,1.986342809953728,18496.710503963615,optimize_single_point,18496.71050396363,9.207074880599976
2026-03-12 11:27:38,config_resnet_arato_area_0.5_hw_0.9_seed_0,inputs/task_graph_topology/soda-benchmark-graphs/pytorch-graphs/rez_net_tosa.dot,362,0.9,0.5,1.0,0.5,42,14476.759981256146,36964.18800115859,2.5533467467180606,36964.18800115859,None,18285.066572794603,0.0,18496.710503963615,1.277683026306461,18496.710503963615,optimize_random,18496.71050396363,0.9998421669006348,18448.04514161759,1.2743214065511401,18448.04514161759,optimize_swarm,18399.372043329662,299.2913303375244,18496.710503963615,1.277683026306461,18496.710503963615,optimize_random,18496.71050396363,1103.7781336307526,18496.710503963615,1.277683026306461,18496.710503963615,optimize_single_point,18496.71050396363,0.5833892822265625,18496.710503963615,1.277683026306461,18496.710503963615,optimize_single_point,18496.71050396363,0.5752627849578857,18496.710503963615,1.277683026306461,18496.710503963615,optimize_single_point,18496.71050396363,6.113842487335205,18496.710503963615,1.277683026306461,18496.710503963615,optimize_single_point,18496.71050396363,10.965972661972046,18496.710503963615,1.277683026306461,18496.710503963615,optimize_single_point,18496.71050396363,11.03500747680664,18496.710503963615,1.277683026306461,18496.710503963615,optimize_single_point,18496.71050396363,7.843905925750732
2026-03-12 11:27:41,config_resnet_arato_area_0.5_hw_0.1_seed_1,inputs/task_graph_topology/soda-benchmark-graphs/pytorch-graphs/rez_net_tosa.dot,362,0.1,0.5,1.0,0.5,42,1876.8712304770884,27091.396431290876,14.434339442884646,27091.396431290876,None,11726.626114450048,0.0,18496.710503963615,9.855077004543286,18496.710503963615,optimize_random,18496.71050396363,1.021651029586792,18392.9978006625,9.799818709985297,18392.9978006625,optimize_swarm,18301.314161479982,298.26492404937744,18496.710503963615,9.855077004543286,18496.710503963615,optimize_random,18496.71050396363,1106.7435729503632,18496.710503963615,9.855077004543286,18496.710503963615,optimize_single_point,18496.71050396363,0.5975711345672607,18496.710503963615,9.855077004543286,18496.710503963615,optimize_single_point,18496.71050396363,0.5863950252532959,18496.710503963615,9.855077004543286,18496.710503963615,optimize_single_point,18496.71050396363,6.223048210144043,18496.710503963615,9.855077004543286,18496.710503963615,optimize_single_point,18496.71050396363,11.11265778541565,18496.710503963615,9.855077004543286,18496.710503963615,optimize_single_point,18496.71050396363,11.128910303115845,18494.00523220626,9.853635631414736,18494.00523220626,optimize_single_point,10896.113237548801,8.205225467681885
2026-03-12 11:27:41,config_resnet_arato_area_0.5_hw_0.3_seed_1,inputs/task_graph_topology/soda-benchmark-graphs/pytorch-graphs/rez_net_tosa.dot,362,0.3,0.5,1.0,0.5,42,5629.515000900963,31525.940186825334,5.600116560979025,31525.940186825334,None,12758.347233287916,0.0,18496.710503963615,3.285666793854062,18496.710503963615,optimize_random,18496.71050396363,1.0090973377227783,18335.900604445214,3.2571012958506524,18335.900604445214,optimize_swarm,18269.730230942158,295.75678515434265,18496.710503963615,3.285666793854062,18496.710503963615,optimize_random,18496.71050396363,1109.8209838867188,18496.710503963615,3.285666793854062,18496.710503963615,optimize_single_point,18496.71050396363,0.5851728916168213,18496.710503963615,3.285666793854062,18496.710503963615,optimize_single_point,18496.71050396363,0.5810213088989258,18496.710503963615,3.285666793854062,18496.710503963615,optimize_single_point,18496.71050396363,6.08662486076355,18496.710503963615,3.285666793854062,18496.710503963615,optimize_single_point,18496.71050396363,10.73413872718811,18496.710503963615,3.285666793854062,18496.710503963615,optimize_single_point,18496.71050396363,11.248099565505981,18496.710503963615,3.285666793854062,18496.710503963615,optimize_single_point,18496.71050396363,8.224300384521484
2026-03-12 11:27:43,config_resnet_arato_area_0.1_hw_0.7_seed_0,inputs/task_graph_topology/soda-benchmark-graphs/pytorch-graphs/rez_net_tosa.dot,362,0.7,0.5,1.0,0.1,42,12459.889958209249,29220.939136421268,2.34520041785513,29220.939136421268,None,17838.26283700595,0.0,18496.710503963615,1.4845003098744851,18496.710503963615,optimize_random,18496.71050396363,1.0642611980438232,18496.710503963615,1.4845003098744851,18496.710503963615,optimize_swarm,18496.71050396363,297.8856997489929,18496.710503963615,1.4845003098744851,18496.710503963615,optimize_random,18496.71050396363,1109.3637237548828,18496.710503963615,1.4845003098744851,18496.710503963615,optimize_single_point,18496.71050396363,0.5739619731903076,18496.710503963615,1.4845003098744851,18496.710503963615,optimize_single_point,18496.71050396363,0.5754880905151367,18496.710503963615,1.4845003098744851,18496.710503963615,optimize_single_point,18496.71050396363,6.008968114852905,18496.710503963615,1.4845003098744851,18496.710503963615,optimize_single_point,18496.71050396363,9.700427293777466,18496.710503963615,1.4845003098744851,18496.710503963615,optimize_single_point,18496.71050396363,11.797465324401855,18496.710503963615,1.4845003098744851,18496.710503963615,optimize_single_point,18496.71050396363,8.586214303970337
2026-03-12 11:27:44,config_resnet_arato_area_0.5_hw_0.3_seed_0,inputs/task_graph_topology/soda-benchmark-graphs/pytorch-graphs/rez_net_tosa.dot,362,0.3,0.5,1.0,0.5,42,5629.515000900963,31525.940186825334,5.600116560979025,31525.940186825334,None,12758.347233287916,0.0,18496.710503963615,3.285666793854062,18496.710503963615,optimize_random,18496.71050396363,1.0015487670898438,18335.900604445214,3.2571012958506524,18335.900604445214,optimize_swarm,18269.730230942158,314.5636155605316,18496.710503963615,3.285666793854062,18496.710503963615,optimize_random,18496.71050396363,1093.5673325061798,18496.710503963615,3.285666793854062,18496.710503963615,optimize_single_point,18496.71050396363,0.58919358253479,18496.710503963615,3.285666793854062,18496.710503963615,optimize_single_point,18496.71050396363,0.5799441337585449,18496.710503963615,3.285666793854062,18496.710503963615,optimize_single_point,18496.71050396363,6.023538589477539,18496.710503963615,3.285666793854062,18496.710503963615,optimize_single_point,18496.71050396363,11.026077032089233,18496.710503963615,3.285666793854062,18496.710503963615,optimize_single_point,18496.71050396363,11.122970342636108,18496.710503963615,3.285666793854062,18496.710503963615,optimize_single_point,18496.71050396363,8.278302669525146
2026-03-12 11:27:50,config_resnet_arato_area_0.5_hw_0.5_seed_1,inputs/task_graph_topology/soda-benchmark-graphs/pytorch-graphs/rez_net_tosa.dot,362,0.5,0.5,1.0,0.5,42,9311.942737816993,33103.829961925556,3.554986418407263,33103.829961925556,None,13322.5504469303,0.0,18496.710503963615,1.986342809953728,18496.710503963615,optimize_random,18496.71050396363,1.0147626399993896,18419.885083845435,1.9780926067167401,18419.885083845435,optimize_swarm,18365.483516759254,311.38749289512634,18496.710503963615,1.986342809953728,18496.710503963615,optimize_random,18496.71050396363,1103.1360988616943,18496.710503963615,1.986342809953728,18496.710503963615,optimize_single_point,18496.71050396363,0.5942783355712891,18496.710503963615,1.986342809953728,18496.710503963615,optimize_single_point,18496.71050396363,0.5784199237823486,18496.710503963615,1.986342809953728,18496.710503963615,optimize_single_point,18496.71050396363,6.15205454826355,18496.710503963615,1.986342809953728,18496.710503963615,optimize_single_point,18496.71050396363,11.237923383712769,18496.710503963615,1.986342809953728,18496.710503963615,optimize_single_point,18496.71050396363,10.775243759155273,18496.710503963615,1.986342809953728,18496.710503963615,optimize_single_point,18496.71050396363,8.115060806274414
2026-03-12 11:28:02,config_resnet_arato_area_0.5_hw_0.9_seed_1,inputs/task_graph_topology/soda-benchmark-graphs/pytorch-graphs/rez_net_tosa.dot,362,0.9,0.5,1.0,0.5,42,14476.759981256146,36964.18800115859,2.5533467467180606,36964.18800115859,None,18285.066572794603,0.0,18496.710503963615,1.277683026306461,18496.710503963615,optimize_random,18496.71050396363,1.0328369140625,18448.04514161759,1.2743214065511401,18448.04514161759,optimize_swarm,18399.372043329662,296.3405454158783,18496.710503963615,1.277683026306461,18496.710503963615,optimize_random,18496.71050396363,1129.926059961319,18496.710503963615,1.277683026306461,18496.710503963615,optimize_single_point,18496.71050396363,0.5911123752593994,18496.710503963615,1.277683026306461,18496.710503963615,optimize_single_point,18496.71050396363,0.5758893489837646,18496.710503963615,1.277683026306461,18496.710503963615,optimize_single_point,18496.71050396363,6.104851245880127,18496.710503963615,1.277683026306461,18496.710503963615,optimize_single_point,18496.71050396363,10.76448392868042,18496.710503963615,1.277683026306461,18496.710503963615,optimize_single_point,18496.71050396363,10.666140794754028,18496.710503963615,1.277683026306461,18496.710503963615,optimize_single_point,18496.71050396363,8.465137720108032
2026-03-12 11:28:53,config_resnet_arato_area_0.1_hw_0.1_seed_2,inputs/task_graph_topology/soda-benchmark-graphs/pytorch-graphs/rez_net_tosa.dot,362,0.1,0.5,1.0,0.1,42,1876.8712304770884,30594.28405324899,16.300683582577012,30594.28405324899,None,16202.945647811632,0.0,18496.710503963615,9.855077004543286,18496.710503963615,optimize_random,18496.71050396363,1.1892707347869873,18496.710503963615,9.855077004543286,18496.710503963615,optimize_swarm,18496.71050396363,310.2291922569275,18496.710503963615,9.855077004543286,18496.710503963615,optimize_random,18496.71050396363,1166.1265797615051,18496.710503963615,9.855077004543286,18496.710503963615,optimize_single_point,18496.71050396363,0.6335976123809814,18496.710503963615,9.855077004543286,18496.710503963615,optimize_single_point,18496.71050396363,0.6163427829742432,18496.710503963615,9.855077004543286,18496.710503963615,optimize_single_point,18496.71050396363,6.3516480922698975,18496.710503963615,9.855077004543286,18496.710503963615,optimize_single_point,18496.71050396363,10.620970726013184,18496.710503963615,9.855077004543286,18496.710503963615,optimize_single_point,18496.71050396363,10.309845924377441,18496.710503963615,9.855077004543286,18496.710503963615,optimize_single_point,18496.71050396363,8.794593811035156
2026-03-12 11:29:01,config_resnet_arato_area_0.1_hw_0.5_seed_3,inputs/task_graph_topology/soda-benchmark-graphs/pytorch-graphs/rez_net_tosa.dot,362,0.5,0.5,1.0,0.1,42,9311.942737816993,30778.248632303465,3.3052446196118725,30778.248632303465,None,17518.601204738097,0.0,18496.710503963615,1.986342809953728,18496.710503963615,optimize_random,18496.71050396363,1.128791093826294,18496.710503963615,1.986342809953728,18496.710503963615,optimize_swarm,18496.71050396363,303.26264786720276,18496.710503963615,1.986342809953728,18496.710503963615,optimize_random,18496.71050396363,1183.7413618564606,18496.710503963615,1.986342809953728,18496.710503963615,optimize_single_point,18496.71050396363,0.6031234264373779,18496.710503963615,1.986342809953728,18496.710503963615,optimize_single_point,18496.71050396363,0.5900442600250244,18496.710503963615,1.986342809953728,18496.710503963615,optimize_single_point,18496.71050396363,6.329692602157593,18496.710503963615,1.986342809953728,18496.710503963615,optimize_single_point,18496.71050396363,9.992821216583252,18496.710503963615,1.986342809953728,18496.710503963615,optimize_single_point,18496.71050396363,9.920052289962769,18496.710503963615,1.986342809953728,18496.710503963615,optimize_single_point,18496.71050396363,8.375369310379028
2026-03-12 11:29:12,config_resnet_arato_area_0.5_hw_0.1_seed_2,inputs/task_graph_topology/soda-benchmark-graphs/pytorch-graphs/rez_net_tosa.dot,362,0.1,0.5,1.0,0.5,42,1876.8712304770884,27091.396431290876,14.434339442884646,27091.396431290876,None,11726.626114450048,0.0,18496.710503963615,9.855077004543286,18496.710503963615,optimize_random,18496.71050396363,1.0862364768981934,18392.9978006625,9.799818709985297,18392.9978006625,optimize_swarm,18301.314161479982,307.2421612739563,18496.710503963615,9.855077004543286,18496.710503963615,optimize_random,18496.71050396363,1187.93039894104,18496.710503963615,9.855077004543286,18496.710503963615,optimize_single_point,18496.71050396363,0.6135504245758057,18496.710503963615,9.855077004543286,18496.710503963615,optimize_single_point,18496.71050396363,0.6015896797180176,18496.710503963615,9.855077004543286,18496.710503963615,optimize_single_point,18496.71050396363,6.5640270709991455,18496.710503963615,9.855077004543286,18496.710503963615,optimize_single_point,18496.71050396363,11.148636817932129,18496.710503963615,9.855077004543286,18496.710503963615,optimize_single_point,18496.71050396363,11.21371603012085,18494.00523220626,9.853635631414736,18494.00523220626,optimize_single_point,10896.113237548801,8.416912317276001
2026-03-12 11:29:45,config_resnet_arato_area_0.1_hw_0.1_seed_1,inputs/task_graph_topology/soda-benchmark-graphs/pytorch-graphs/rez_net_tosa.dot,362,0.1,0.5,1.0,0.1,42,1876.8712304770884,30594.28405324899,16.300683582577012,30594.28405324899,None,16202.945647811632,0.0,18496.710503963615,9.855077004543286,18496.710503963615,optimize_random,18496.71050396363,1.225128412246704,18496.710503963615,9.855077004543286,18496.710503963615,optimize_swarm,18496.71050396363,321.64243817329407,18496.710503963615,9.855077004543286,18496.710503963615,optimize_random,18496.71050396363,1205.4464740753174,18496.710503963615,9.855077004543286,18496.710503963615,optimize_single_point,18496.71050396363,0.7756752967834473,18496.710503963615,9.855077004543286,18496.710503963615,optimize_single_point,18496.71050396363,0.7805829048156738,18496.710503963615,9.855077004543286,18496.710503963615,optimize_single_point,18496.71050396363,6.908432960510254,18496.710503963615,9.855077004543286,18496.710503963615,optimize_single_point,18496.71050396363,10.507102012634277,18496.710503963615,9.855077004543286,18496.710503963615,optimize_single_point,18496.71050396363,10.548852682113647,18496.710503963615,9.855077004543286,18496.710503963615,optimize_single_point,18496.71050396363,9.002943754196167
2026-03-12 11:30:07,config_resnet_arato_area_0.1_hw_0.3_seed_2,inputs/task_graph_topology/soda-benchmark-graphs/pytorch-graphs/rez_net_tosa.dot,362,0.3,0.5,1.0,0.1,42,5629.515000900963,30835.508131350318,5.477471527549943,30835.508131350318,None,16271.662241678145,0.0,18496.710503963615,3.285666793854062,18496.710503963615,optimize_random,18496.71050396363,1.2088136672973633,18496.710503963615,3.285666793854062,18496.710503963615,optimize_swarm,18496.71050396363,341.3724293708801,18496.710503963615,3.285666793854062,18496.710503963615,optimize_random,18496.71050396363,1205.4241585731506,18496.710503963615,3.285666793854062,18496.710503963615,optimize_single_point,18496.71050396363,0.6434216499328613,18496.710503963615,3.285666793854062,18496.710503963615,optimize_single_point,18496.71050396363,0.6353664398193359,18496.710503963615,3.285666793854062,18496.710503963615,optimize_single_point,18496.71050396363,6.69976019859314,18496.710503963615,3.285666793854062,18496.710503963615,optimize_single_point,18496.71050396363,10.888059854507446,18496.710503963615,3.285666793854062,18496.710503963615,optimize_single_point,18496.71050396363,10.717955350875854,18496.710503963615,3.285666793854062,18496.710503963615,optimize_single_point,18496.71050396363,9.273274660110474
2026-03-12 11:30:08,config_resnet_arato_area_0.1_hw_0.3_seed_0,inputs/task_graph_topology/soda-benchmark-graphs/pytorch-graphs/rez_net_tosa.dot,362,0.3,0.5,1.0,0.1,42,5629.515000900963,30835.508131350318,5.477471527549943,30835.508131350318,None,16271.662241678145,0.0,18496.710503963615,3.285666793854062,18496.710503963615,optimize_random,18496.71050396363,1.2158019542694092,18496.710503963615,3.285666793854062,18496.710503963615,optimize_swarm,18496.71050396363,337.4332015514374,18496.710503963615,3.285666793854062,18496.710503963615,optimize_random,18496.71050396363,1211.0474359989166,18496.710503963615,3.285666793854062,18496.710503963615,optimize_single_point,18496.71050396363,0.64988112449646,18496.710503963615,3.285666793854062,18496.710503963615,optimize_single_point,18496.71050396363,0.6462693214416504,18496.710503963615,3.285666793854062,18496.710503963615,optimize_single_point,18496.71050396363,6.558999061584473,18496.710503963615,3.285666793854062,18496.710503963615,optimize_single_point,18496.71050396363,10.909892320632935,18496.710503963615,3.285666793854062,18496.710503963615,optimize_single_point,18496.71050396363,10.805866956710815,18496.710503963615,3.285666793854062,18496.710503963615,optimize_single_point,18496.71050396363,9.25235104560852
2026-03-12 11:30:10,config_resnet_arato_area_0.5_hw_0.5_seed_3,inputs/task_graph_topology/soda-benchmark-graphs/pytorch-graphs/rez_net_tosa.dot,362,0.5,0.5,1.0,0.5,42,9311.942737816993,33103.829961925556,3.554986418407263,33103.829961925556,None,13322.5504469303,0.0,18496.710503963615,1.986342809953728,18496.710503963615,optimize_random,18496.71050396363,1.1381595134735107,18419.885083845435,1.9780926067167401,18419.885083845435,optimize_swarm,18365.483516759254,319.1358561515808,18496.710503963615,1.986342809953728,18496.710503963615,optimize_random,18496.71050396363,1232.8156802654266,18496.710503963615,1.986342809953728,18496.710503963615,optimize_single_point,18496.71050396363,0.6373329162597656,18496.710503963615,1.986342809953728,18496.710503963615,optimize_single_point,18496.71050396363,0.6302752494812012,18496.710503963615,1.986342809953728,18496.710503963615,optimize_single_point,18496.71050396363,6.57144570350647,18496.710503963615,1.986342809953728,18496.710503963615,optimize_single_point,18496.71050396363,11.620261430740356,18496.710503963615,1.986342809953728,18496.710503963615,optimize_single_point,18496.71050396363,11.513972520828247,18496.710503963615,1.986342809953728,18496.710503963615,optimize_single_point,18496.71050396363,8.631952047348022
2026-03-12 11:30:25,config_resnet_arato_area_0.1_hw_0.3_seed_3,inputs/task_graph_topology/soda-benchmark-graphs/pytorch-graphs/rez_net_tosa.dot,362,0.3,0.5,1.0,0.1,42,5629.515000900963,30835.508131350318,5.477471527549943,30835.508131350318,None,16271.662241678145,0.0,18496.710503963615,3.285666793854062,18496.710503963615,optimize_random,18496.71050396363,1.214770793914795,18496.710503963615,3.285666793854062,18496.710503963615,optimize_swarm,18496.71050396363,343.2457311153412,18496.710503963615,3.285666793854062,18496.710503963615,optimize_random,18496.71050396363,1220.6717948913574,18496.710503963615,3.285666793854062,18496.710503963615,optimize_single_point,18496.71050396363,0.6517236232757568,18496.710503963615,3.285666793854062,18496.710503963615,optimize_single_point,18496.71050396363,0.6441988945007324,18496.710503963615,3.285666793854062,18496.710503963615,optimize_single_point,18496.71050396363,6.740180730819702,18496.710503963615,3.285666793854062,18496.710503963615,optimize_single_point,18496.71050396363,11.576786994934082,18496.710503963615,3.285666793854062,18496.710503963615,optimize_single_point,18496.71050396363,10.750574588775635,18496.710503963615,3.285666793854062,18496.710503963615,optimize_single_point,18496.71050396363,9.29656195640564
2026-03-12 11:30:24,config_resnet_arato_area_0.1_hw_0.1_seed_3,inputs/task_graph_topology/soda-benchmark-graphs/pytorch-graphs/rez_net_tosa.dot,362,0.1,0.5,1.0,0.1,42,1876.8712304770884,30594.28405324899,16.300683582577012,30594.28405324899,None,16202.945647811632,0.0,18496.710503963615,9.855077004543286,18496.710503963615,optimize_random,18496.71050396363,1.2419896125793457,18496.710503963615,9.855077004543286,18496.710503963615,optimize_swarm,18496.71050396363,334.38104915618896,18496.710503963615,9.855077004543286,18496.710503963615,optimize_random,18496.71050396363,1229.9733283519745,18496.710503963615,9.855077004543286,18496.710503963615,optimize_single_point,18496.71050396363,0.7235400676727295,18496.710503963615,9.855077004543286,18496.710503963615,optimize_single_point,18496.71050396363,0.6936547756195068,18496.710503963615,9.855077004543286,18496.710503963615,optimize_single_point,18496.71050396363,7.04403281211853,18496.710503963615,9.855077004543286,18496.710503963615,optimize_single_point,18496.71050396363,11.385417699813843,18496.710503963615,9.855077004543286,18496.710503963615,optimize_single_point,18496.71050396363,11.045215845108032,18496.710503963615,9.855077004543286,18496.710503963615,optimize_single_point,18496.71050396363,9.887674331665039
2026-03-12 11:30:27,config_resnet_arato_area_0.1_hw_0.3_seed_1,inputs/task_graph_topology/soda-benchmark-graphs/pytorch-graphs/rez_net_tosa.dot,362,0.3,0.5,1.0,0.1,42,5629.515000900963,30835.508131350318,5.477471527549943,30835.508131350318,None,16271.662241678145,0.0,18496.710503963615,3.285666793854062,18496.710503963615,optimize_random,18496.71050396363,1.2299768924713135,18496.710503963615,3.285666793854062,18496.710503963615,optimize_swarm,18496.71050396363,344.2642102241516,18496.710503963615,3.285666793854062,18496.710503963615,optimize_random,18496.71050396363,1222.0284836292267,18496.710503963615,3.285666793854062,18496.710503963615,optimize_single_point,18496.71050396363,0.668393611907959,18496.710503963615,3.285666793854062,18496.710503963615,optimize_single_point,18496.71050396363,0.6378419399261475,18496.710503963615,3.285666793854062,18496.710503963615,optimize_single_point,18496.71050396363,6.731196165084839,18496.710503963615,3.285666793854062,18496.710503963615,optimize_single_point,18496.71050396363,11.703186511993408,18496.710503963615,3.285666793854062,18496.710503963615,optimize_single_point,18496.71050396363,10.57542896270752,18496.710503963615,3.285666793854062,18496.710503963615,optimize_single_point,18496.71050396363,9.909862518310547
2026-03-12 11:47:21,config_resnet_arato_area_0.7_hw_0.1_seed_0,inputs/task_graph_topology/soda-benchmark-graphs/pytorch-graphs/rez_net_tosa.dot,362,0.1,0.5,1.0,0.7,42,1876.8712304770884,20695.777558494166,11.026743456040634,20695.777558494166,None,7879.012729836811,0.0,18496.710503963615,9.855077004543286,18496.710503963615,optimize_random,18496.71050396363,0.9174118041992188,18354.633041615038,9.779377904870655,18354.633041615038,optimize_swarm,18317.707972250413,265.91707825660706,18496.710503963615,9.855077004543286,18496.710503963615,optimize_random,18496.71050396363,996.2893173694611,18496.710503963615,9.855077004543286,18496.710503963615,optimize_single_point,18496.71050396363,0.5447232723236084,18496.710503963615,9.855077004543286,18496.710503963615,optimize_single_point,18496.71050396363,0.5286045074462891,18496.710503963615,9.855077004543286,18496.710503963615,optimize_single_point,18496.71050396363,5.53864598274231,18496.710503963615,9.855077004543286,18496.710503963615,optimize_single_point,18496.71050396363,10.236561298370361,18496.710503963615,9.855077004543286,18496.710503963615,optimize_single_point,18496.71050396363,10.195861577987671,11647.566535433236,6.205842119745477,11647.566535433236,optimize_single_point,6696.2191502915675,7.43426251411438
2026-03-12 11:47:28,config_resnet_arato_area_0.5_hw_0.9_seed_2,inputs/task_graph_topology/soda-benchmark-graphs/pytorch-graphs/rez_net_tosa.dot,362,0.9,0.5,1.0,0.5,42,14476.759981256146,36964.18800115859,2.5533467467180606,36964.18800115859,None,18285.066572794603,0.0,18496.710503963615,1.277683026306461,18496.710503963615,optimize_random,18496.71050396363,0.9209954738616943,18448.04514161759,1.2743214065511401,18448.04514161759,optimize_swarm,18399.372043329662,265.58641171455383,18496.710503963615,1.277683026306461,18496.710503963615,optimize_random,18496.71050396363,1004.1965515613556,18496.710503963615,1.277683026306461,18496.710503963615,optimize_single_point,18496.71050396363,0.5493142604827881,18496.710503963615,1.277683026306461,18496.710503963615,optimize_single_point,18496.71050396363,0.531303882598877,18496.710503963615,1.277683026306461,18496.710503963615,optimize_single_point,18496.71050396363,5.61929178237915,18496.710503963615,1.277683026306461,18496.710503963615,optimize_single_point,18496.71050396363,10.093709945678711,18496.710503963615,1.277683026306461,18496.710503963615,optimize_single_point,18496.71050396363,9.997690916061401,18496.710503963615,1.277683026306461,18496.710503963615,optimize_single_point,18496.71050396363,7.461756229400635
2026-03-12 11:47:40,config_resnet_arato_area_0.7_hw_0.1_seed_1,inputs/task_graph_topology/soda-benchmark-graphs/pytorch-graphs/rez_net_tosa.dot,362,0.1,0.5,1.0,0.7,42,1876.8712304770884,20695.777558494166,11.026743456040634,20695.777558494166,None,7879.012729836811,0.0,18496.710503963615,9.855077004543286,18496.710503963615,optimize_random,18496.71050396363,0.9385542869567871,18354.633041615038,9.779377904870655,18354.633041615038,optimize_swarm,18317.707972250413,271.150545835495,18496.710503963615,9.855077004543286,18496.710503963615,optimize_random,18496.71050396363,1009.5536561012268,18496.710503963615,9.855077004543286,18496.710503963615,optimize_single_point,18496.71050396363,0.5508711338043213,18496.710503963615,9.855077004543286,18496.710503963615,optimize_single_point,18496.71050396363,0.5380964279174805,18496.710503963615,9.855077004543286,18496.710503963615,optimize_single_point,18496.71050396363,5.665238857269287,18496.710503963615,9.855077004543286,18496.710503963615,optimize_single_point,18496.71050396363,10.15717887878418,18496.710503963615,9.855077004543286,18496.710503963615,optimize_single_point,18496.71050396363,10.114503145217896,11647.566535433236,6.205842119745477,11647.566535433236,optimize_single_point,6696.2191502915675,7.474809169769287
2026-03-12 11:47:54,config_resnet_arato_area_0.7_hw_0.3_seed_3,inputs/task_graph_topology/soda-benchmark-graphs/pytorch-graphs/rez_net_tosa.dot,362,0.3,0.5,1.0,0.7,42,5629.515000900963,24136.994087574298,4.287579673153255,24136.994087574298,None,9343.869573768468,0.0,18496.710503963615,3.285666793854062,18496.710503963615,optimize_random,18496.71050396363,0.9150633811950684,18420.5288513233,3.272134251063409,18420.5288513233,optimize_swarm,18399.372043329662,267.49152970314026,18496.710503963615,3.285666793854062,18496.710503963615,optimize_random,18496.71050396363,996.6373641490936,18496.710503963615,3.285666793854062,18496.710503963615,optimize_single_point,18496.71050396363,0.5454537868499756,18496.710503963615,3.285666793854062,18496.710503963615,optimize_single_point,18496.71050396363,0.5312325954437256,18496.710503963615,3.285666793854062,18496.710503963615,optimize_single_point,18496.71050396363,5.550966262817383,18496.710503963615,3.285666793854062,18496.710503963615,optimize_single_point,18496.71050396363,10.175716638565063,18496.710503963615,3.285666793854062,18496.710503963615,optimize_single_point,18496.71050396363,10.049298286437988,15897.038778159751,2.823873597568449,15897.038778159751,optimize_single_point,8291.50021281647,7.372133731842041
2026-03-12 11:47:52,config_resnet_arato_area_0.5_hw_0.9_seed_3,inputs/task_graph_topology/soda-benchmark-graphs/pytorch-graphs/rez_net_tosa.dot,362,0.9,0.5,1.0,0.5,42,14476.759981256146,36964.18800115859,2.5533467467180606,36964.18800115859,None,18285.066572794603,0.0,18496.710503963615,1.277683026306461,18496.710503963615,optimize_random,18496.71050396363,0.9444136619567871,18448.04514161759,1.2743214065511401,18448.04514161759,optimize_swarm,18399.372043329662,269.26484084129333,18496.710503963615,1.277683026306461,18496.710503963615,optimize_random,18496.71050396363,1024.3527464866638,18496.710503963615,1.277683026306461,18496.710503963615,optimize_single_point,18496.71050396363,0.5507862567901611,18496.710503963615,1.277683026306461,18496.710503963615,optimize_single_point,18496.71050396363,0.5366182327270508,18496.710503963615,1.277683026306461,18496.710503963615,optimize_single_point,18496.71050396363,5.6646645069122314,18496.710503963615,1.277683026306461,18496.710503963615,optimize_single_point,18496.71050396363,10.083879947662354,18496.710503963615,1.277683026306461,18496.710503963615,optimize_single_point,18496.71050396363,9.950491428375244,18496.710503963615,1.277683026306461,18496.710503963615,optimize_single_point,18496.71050396363,7.383718729019165
2026-03-12 11:48:03,config_resnet_arato_area_0.7_hw_0.5_seed_0,inputs/task_graph_topology/soda-benchmark-graphs/pytorch-graphs/rez_net_tosa.dot,362,0.5,0.5,1.0,0.7,42,9311.942737816993,27806.910889348575,2.9861557005093196,27806.910889348575,None,10581.937429858372,0.0,18496.710503963615,1.986342809953728,18496.710503963615,optimize_random,18496.71050396363,0.9205944538116455,18421.061180823064,1.9782189065674527,18421.061180823064,optimize_swarm,18328.619431544386,265.0064437389374,18496.710503963615,1.986342809953728,18496.710503963615,optimize_random,18496.71050396363,1007.5630490779877,18496.710503963615,1.986342809953728,18496.710503963615,optimize_single_point,18496.71050396363,0.5492706298828125,18496.710503963615,1.986342809953728,18496.710503963615,optimize_single_point,18496.71050396363,0.5327603816986084,18496.710503963615,1.986342809953728,18496.710503963615,optimize_single_point,18496.71050396363,5.646743059158325,18496.710503963615,1.986342809953728,18496.710503963615,optimize_single_point,18496.71050396363,10.2368004322052,18496.710503963615,1.986342809953728,18496.710503963615,optimize_single_point,18496.71050396363,10.0733003616333,18496.710503963615,1.986342809953728,18496.710503963615,optimize_single_point,18496.71050396363,7.37610387802124
2026-03-12 11:48:03,config_resnet_arato_area_0.7_hw_0.5_seed_2,inputs/task_graph_topology/soda-benchmark-graphs/pytorch-graphs/rez_net_tosa.dot,362,0.5,0.5,1.0,0.7,42,9311.942737816993,27806.910889348575,2.9861557005093196,27806.910889348575,None,10581.937429858372,0.0,18496.710503963615,1.986342809953728,18496.710503963615,optimize_random,18496.71050396363,0.9301614761352539,18421.061180823064,1.9782189065674527,18421.061180823064,optimize_swarm,18328.619431544386,271.18928027153015,18496.710503963615,1.986342809953728,18496.710503963615,optimize_random,18496.71050396363,1005.361979007721,18496.710503963615,1.986342809953728,18496.710503963615,optimize_single_point,18496.71050396363,0.5546054840087891,18496.710503963615,1.986342809953728,18496.710503963615,optimize_single_point,18496.71050396363,0.5414674282073975,18496.710503963615,1.986342809953728,18496.710503963615,optimize_single_point,18496.71050396363,5.67996621131897,18496.710503963615,1.986342809953728,18496.710503963615,optimize_single_point,18496.71050396363,10.280728340148926,18496.710503963615,1.986342809953728,18496.710503963615,optimize_single_point,18496.71050396363,10.116501808166504,18496.710503963615,1.986342809953728,18496.710503963615,optimize_single_point,18496.71050396363,7.445850372314453
2026-03-12 11:48:06,config_resnet_arato_area_0.7_hw_0.1_seed_2,inputs/task_graph_topology/soda-benchmark-graphs/pytorch-graphs/rez_net_tosa.dot,362,0.1,0.5,1.0,0.7,42,1876.8712304770884,20695.777558494166,11.026743456040634,20695.777558494166,None,7879.012729836811,0.0,18496.710503963615,9.855077004543286,18496.710503963615,optimize_random,18496.71050396363,0.9657738208770752,18354.633041615038,9.779377904870655,18354.633041615038,optimize_swarm,18317.707972250413,275.54382276535034,18496.710503963615,9.855077004543286,18496.710503963615,optimize_random,18496.71050396363,1031.1552526950836,18496.710503963615,9.855077004543286,18496.710503963615,optimize_single_point,18496.71050396363,0.5596559047698975,18496.710503963615,9.855077004543286,18496.710503963615,optimize_single_point,18496.71050396363,0.5435740947723389,18496.710503963615,9.855077004543286,18496.710503963615,optimize_single_point,18496.71050396363,5.74250864982605,18496.710503963615,9.855077004543286,18496.710503963615,optimize_single_point,18496.71050396363,10.238970041275024,18496.710503963615,9.855077004543286,18496.710503963615,optimize_single_point,18496.71050396363,10.214956521987915,11647.566535433236,6.205842119745477,11647.566535433236,optimize_single_point,6696.2191502915675,7.577540159225464
2026-03-12 11:48:10,config_resnet_arato_area_0.7_hw_0.5_seed_1,inputs/task_graph_topology/soda-benchmark-graphs/pytorch-graphs/rez_net_tosa.dot,362,0.5,0.5,1.0,0.7,42,9311.942737816993,27806.910889348575,2.9861557005093196,27806.910889348575,None,10581.937429858372,0.0,18496.710503963615,1.986342809953728,18496.710503963615,optimize_random,18496.71050396363,0.9377450942993164,18421.061180823064,1.9782189065674527,18421.061180823064,optimize_swarm,18328.619431544386,267.6083834171295,18496.710503963615,1.986342809953728,18496.710503963615,optimize_random,18496.71050396363,1015.5772867202759,18496.710503963615,1.986342809953728,18496.710503963615,optimize_single_point,18496.71050396363,0.5452051162719727,18496.710503963615,1.986342809953728,18496.710503963615,optimize_single_point,18496.71050396363,0.5309889316558838,18496.710503963615,1.986342809953728,18496.710503963615,optimize_single_point,18496.71050396363,5.5593719482421875,18496.710503963615,1.986342809953728,18496.710503963615,optimize_single_point,18496.71050396363,10.271796703338623,18496.710503963615,1.986342809953728,18496.710503963615,optimize_single_point,18496.71050396363,10.061441898345947,18496.710503963615,1.986342809953728,18496.710503963615,optimize_single_point,18496.71050396363,7.856727361679077
2026-03-12 11:48:15,config_resnet_arato_area_0.7_hw_0.1_seed_3,inputs/task_graph_topology/soda-benchmark-graphs/pytorch-graphs/rez_net_tosa.dot,362,0.1,0.5,1.0,0.7,42,1876.8712304770884,20695.777558494166,11.026743456040634,20695.777558494166,None,7879.012729836811,0.0,18496.710503963615,9.855077004543286,18496.710503963615,optimize_random,18496.71050396363,0.938058614730835,18354.633041615038,9.779377904870655,18354.633041615038,optimize_swarm,18317.707972250413,272.5182981491089,18496.710503963615,9.855077004543286,18496.710503963615,optimize_random,18496.71050396363,1015.2461223602295,18496.710503963615,9.855077004543286,18496.710503963615,optimize_single_point,18496.71050396363,0.5526354312896729,18496.710503963615,9.855077004543286,18496.710503963615,optimize_single_point,18496.71050396363,0.5394191741943359,18496.710503963615,9.855077004543286,18496.710503963615,optimize_single_point,18496.71050396363,5.602627754211426,18496.710503963615,9.855077004543286,18496.710503963615,optimize_single_point,18496.71050396363,10.25196385383606,18496.710503963615,9.855077004543286,18496.710503963615,optimize_single_point,18496.71050396363,10.254344463348389,11647.566535433236,6.205842119745477,11647.566535433236,optimize_single_point,6696.2191502915675,7.729576349258423
2026-03-12 11:48:19,config_resnet_arato_area_0.7_hw_0.3_seed_0,inputs/task_graph_topology/soda-benchmark-graphs/pytorch-graphs/rez_net_tosa.dot,362,0.3,0.5,1.0,0.7,42,5629.515000900963,24136.994087574298,4.287579673153255,24136.994087574298,None,9343.869573768468,0.0,18496.710503963615,3.285666793854062,18496.710503963615,optimize_random,18496.71050396363,0.9419505596160889,18420.5288513233,3.272134251063409,18420.5288513233,optimize_swarm,18399.372043329662,269.1632649898529,18496.710503963615,3.285666793854062,18496.710503963615,optimize_random,18496.71050396363,1022.7604429721832,18496.710503963615,3.285666793854062,18496.710503963615,optimize_single_point,18496.71050396363,0.5526163578033447,18496.710503963615,3.285666793854062,18496.710503963615,optimize_single_point,18496.71050396363,0.5312168598175049,18496.710503963615,3.285666793854062,18496.710503963615,optimize_single_point,18496.71050396363,5.583361864089966,18496.710503963615,3.285666793854062,18496.710503963615,optimize_single_point,18496.71050396363,10.122941255569458,18496.710503963615,3.285666793854062,18496.710503963615,optimize_single_point,18496.71050396363,10.287708282470703,15897.038778159751,2.823873597568449,15897.038778159751,optimize_single_point,8291.50021281647,7.411264419555664
2026-03-12 11:48:41,config_resnet_arato_area_0.7_hw_0.7_seed_0,inputs/task_graph_topology/soda-benchmark-graphs/pytorch-graphs/rez_net_tosa.dot,362,0.7,0.5,1.0,0.7,42,12459.889958209249,30387.426351701426,2.438819801268032,30387.426351701426,None,13248.824127957305,0.0,18496.710503963615,1.4845003098744851,18496.710503963615,optimize_random,18496.71050396363,0.9361364841461182,18455.898178342417,1.4812248134007535,18455.898178342417,optimize_swarm,18431.371944623454,268.9170980453491,18496.710503963615,1.4845003098744851,18496.710503963615,optimize_random,18496.71050396363,1003.8009696006775,18496.710503963615,1.4845003098744851,18496.710503963615,optimize_single_point,18496.71050396363,0.5457000732421875,18496.710503963615,1.4845003098744851,18496.710503963615,optimize_single_point,18496.71050396363,0.532027006149292,18496.710503963615,1.4845003098744851,18496.710503963615,optimize_single_point,18496.71050396363,5.682873487472534,18496.710503963615,1.4845003098744851,18496.710503963615,optimize_single_point,18496.71050396363,10.23582935333252,18496.710503963615,1.4845003098744851,18496.710503963615,optimize_single_point,18496.71050396363,10.089466333389282,18496.710503963615,1.4845003098744851,18496.710503963615,optimize_single_point,18496.71050396363,7.488710165023804
2026-03-12 11:48:39,config_resnet_arato_area_0.7_hw_0.3_seed_1,inputs/task_graph_topology/soda-benchmark-graphs/pytorch-graphs/rez_net_tosa.dot,362,0.3,0.5,1.0,0.7,42,5629.515000900963,24136.994087574298,4.287579673153255,24136.994087574298,None,9343.869573768468,0.0,18496.710503963615,3.285666793854062,18496.710503963615,optimize_random,18496.71050396363,0.9580917358398438,18420.5288513233,3.272134251063409,18420.5288513233,optimize_swarm,18399.372043329662,273.70226097106934,18496.710503963615,3.285666793854062,18496.710503963615,optimize_random,18496.71050396363,1037.9652707576752,18496.710503963615,3.285666793854062,18496.710503963615,optimize_single_point,18496.71050396363,0.5779190063476562,18496.710503963615,3.285666793854062,18496.710503963615,optimize_single_point,18496.71050396363,0.5488708019256592,18496.710503963615,3.285666793854062,18496.710503963615,optimize_single_point,18496.71050396363,6.050538778305054,18496.710503963615,3.285666793854062,18496.710503963615,optimize_single_point,18496.71050396363,10.487474203109741,18496.710503963615,3.285666793854062,18496.710503963615,optimize_single_point,18496.71050396363,10.35770583152771,15897.038778159751,2.823873597568449,15897.038778159751,optimize_single_point,8291.50021281647,7.582234144210815
2026-03-12 11:48:44,config_resnet_arato_area_0.7_hw_0.7_seed_1,inputs/task_graph_topology/soda-benchmark-graphs/pytorch-graphs/rez_net_tosa.dot,362,0.7,0.5,1.0,0.7,42,12459.889958209249,30387.426351701426,2.438819801268032,30387.426351701426,None,13248.824127957305,0.0,18496.710503963615,1.4845003098744851,18496.710503963615,optimize_random,18496.71050396363,0.9384140968322754,18455.898178342417,1.4812248134007535,18455.898178342417,optimize_swarm,18431.371944623454,268.52193093299866,18496.710503963615,1.4845003098744851,18496.710503963615,optimize_random,18496.71050396363,1007.8137307167053,18496.710503963615,1.4845003098744851,18496.710503963615,optimize_single_point,18496.71050396363,0.5507094860076904,18496.710503963615,1.4845003098744851,18496.710503963615,optimize_single_point,18496.71050396363,0.5319874286651611,18496.710503963615,1.4845003098744851,18496.710503963615,optimize_single_point,18496.71050396363,5.592700242996216,18496.710503963615,1.4845003098744851,18496.710503963615,optimize_single_point,18496.71050396363,10.043377161026001,18496.710503963615,1.4845003098744851,18496.710503963615,optimize_single_point,18496.71050396363,9.919772148132324,18496.710503963615,1.4845003098744851,18496.710503963615,optimize_single_point,18496.71050396363,7.582206726074219
2026-03-12 11:49:05,config_resnet_arato_area_0.9_hw_0.1_seed_0,inputs/task_graph_topology/soda-benchmark-graphs/pytorch-graphs/rez_net_tosa.dot,362,0.1,0.5,1.0,0.9,42,1876.8712304770884,11274.035663724435,6.006824272573377,11274.035663724435,None,3298.991959019001,0.0,18496.710503963615,9.855077004543286,18496.710503963615,optimize_random,18496.71050396363,0.9229812622070312,6819.275017401462,3.633320659759938,6819.275017401462,optimize_swarm,3464.5391477013204,265.8689968585968,10698.249323501084,5.700044387585215,10698.249323501084,optimize_random,5413.631935230404,992.046952009201,18496.710503963615,9.855077004543286,18496.710503963615,optimize_single_point,18496.71050396363,0.5540506839752197,18496.710503963615,9.855077004543286,18496.710503963615,optimize_single_point,18496.71050396363,0.533177375793457,18496.710503963615,9.855077004543286,18496.710503963615,optimize_single_point,18496.71050396363,5.6730358600616455,18496.710503963615,9.855077004543286,18496.710503963615,optimize_single_point,18496.71050396363,10.385056972503662,18496.710503963615,9.855077004543286,18496.710503963615,optimize_single_point,18496.71050396363,10.254773616790771,9730.377279456508,5.18436061113426,9730.377279456508,optimize_single_point,5125.677762670165,7.422069311141968
2026-03-12 11:49:12,config_resnet_arato_area_0.7_hw_0.3_seed_2,inputs/task_graph_topology/soda-benchmark-graphs/pytorch-graphs/rez_net_tosa.dot,362,0.3,0.5,1.0,0.7,42,5629.515000900963,24136.994087574298,4.287579673153255,24136.994087574298,None,9343.869573768468,0.0,18496.710503963615,3.285666793854062,18496.710503963615,optimize_random,18496.71050396363,0.9787924289703369,18420.5288513233,3.272134251063409,18420.5288513233,optimize_swarm,18399.372043329662,283.9409086704254,18496.710503963615,3.285666793854062,18496.710503963615,optimize_random,18496.71050396363,1060.2623047828674,18496.710503963615,3.285666793854062,18496.710503963615,optimize_single_point,18496.71050396363,0.5841469764709473,18496.710503963615,3.285666793854062,18496.710503963615,optimize_single_point,18496.71050396363,0.5656545162200928,18496.710503963615,3.285666793854062,18496.710503963615,optimize_single_point,18496.71050396363,5.979175567626953,18496.710503963615,3.285666793854062,18496.710503963615,optimize_single_point,18496.71050396363,10.448191165924072,18496.710503963615,3.285666793854062,18496.710503963615,optimize_single_point,18496.71050396363,10.380034923553467,15897.038778159751,2.823873597568449,15897.038778159751,optimize_single_point,8291.50021281647,7.751201391220093
2026-03-12 11:49:31,config_resnet_arato_area_0.9_hw_0.1_seed_2,inputs/task_graph_topology/soda-benchmark-graphs/pytorch-graphs/rez_net_tosa.dot,362,0.1,0.5,1.0,0.9,42,1876.8712304770884,11274.035663724435,6.006824272573377,11274.035663724435,None,3298.991959019001,0.0,18496.710503963615,9.855077004543286,18496.710503963615,optimize_random,18496.71050396363,0.9454059600830078,6819.275017401462,3.633320659759938,6819.275017401462,optimize_swarm,3464.5391477013204,270.2173957824707,10698.249323501084,5.700044387585215,10698.249323501084,optimize_random,5413.631935230404,1014.2373480796814,18496.710503963615,9.855077004543286,18496.710503963615,optimize_single_point,18496.71050396363,0.5541238784790039,18496.710503963615,9.855077004543286,18496.710503963615,optimize_single_point,18496.71050396363,0.5396397113800049,18496.710503963615,9.855077004543286,18496.710503963615,optimize_single_point,18496.71050396363,5.677853345870972,18496.710503963615,9.855077004543286,18496.710503963615,optimize_single_point,18496.71050396363,10.235215425491333,18496.710503963615,9.855077004543286,18496.710503963615,optimize_single_point,18496.71050396363,10.132323980331421,9730.377279456508,5.18436061113426,9730.377279456508,optimize_single_point,5125.677762670165,7.496727228164673
2026-03-12 11:49:42,config_resnet_arato_area_0.7_hw_0.5_seed_3,inputs/task_graph_topology/soda-benchmark-graphs/pytorch-graphs/rez_net_tosa.dot,362,0.5,0.5,1.0,0.7,42,9311.942737816993,27806.910889348575,2.9861557005093196,27806.910889348575,None,10581.937429858372,0.0,18496.710503963615,1.986342809953728,18496.710503963615,optimize_random,18496.71050396363,0.9737725257873535,18421.061180823064,1.9782189065674527,18421.061180823064,optimize_swarm,18328.619431544386,280.81598138809204,18496.710503963615,1.986342809953728,18496.710503963615,optimize_random,18496.71050396363,1052.4401495456696,18496.710503963615,1.986342809953728,18496.710503963615,optimize_single_point,18496.71050396363,0.5575525760650635,18496.710503963615,1.986342809953728,18496.710503963615,optimize_single_point,18496.71050396363,0.5534541606903076,18496.710503963615,1.986342809953728,18496.710503963615,optimize_single_point,18496.71050396363,5.816002607345581,18496.710503963615,1.986342809953728,18496.710503963615,optimize_single_point,18496.71050396363,10.45351529121399,18496.710503963615,1.986342809953728,18496.710503963615,optimize_single_point,18496.71050396363,10.440910339355469,18496.710503963615,1.986342809953728,18496.710503963615,optimize_single_point,18496.71050396363,7.783709526062012
2026-03-12 11:49:54,config_resnet_arato_area_0.9_hw_0.1_seed_1,inputs/task_graph_topology/soda-benchmark-graphs/pytorch-graphs/rez_net_tosa.dot,362,0.1,0.5,1.0,0.9,42,1876.8712304770884,11274.035663724435,6.006824272573377,11274.035663724435,None,3298.991959019001,0.0,18496.710503963615,9.855077004543286,18496.710503963615,optimize_random,18496.71050396363,0.9492285251617432,6819.275017401462,3.633320659759938,6819.275017401462,optimize_swarm,3464.5391477013204,274.41201663017273,10698.249323501084,5.700044387585215,10698.249323501084,optimize_random,5413.631935230404,1027.5747656822205,18496.710503963615,9.855077004543286,18496.710503963615,optimize_single_point,18496.71050396363,0.5624995231628418,18496.710503963615,9.855077004543286,18496.710503963615,optimize_single_point,18496.71050396363,0.5423130989074707,18496.710503963615,9.855077004543286,18496.710503963615,optimize_single_point,18496.71050396363,5.762685298919678,18496.710503963615,9.855077004543286,18496.710503963615,optimize_single_point,18496.71050396363,10.311420440673828,18496.710503963615,9.855077004543286,18496.710503963615,optimize_single_point,18496.71050396363,10.308009624481201,9730.377279456508,5.18436061113426,9730.377279456508,optimize_single_point,5125.677762670165,9.6177396774292
2026-03-12 11:50:28,config_resnet_arato_area_0.7_hw_0.9_seed_1,inputs/task_graph_topology/soda-benchmark-graphs/pytorch-graphs/rez_net_tosa.dot,362,0.9,0.5,1.0,0.7,42,14476.759981256146,34435.97424728404,2.378707272336502,34435.97424728404,None,15459.708042985432,0.0,18496.710503963615,1.277683026306461,18496.710503963615,optimize_random,18496.71050396363,0.9556066989898682,18448.04514161759,1.2743214065511401,18448.04514161759,optimize_swarm,18399.372043329662,279.46961212158203,18496.710503963615,1.277683026306461,18496.710503963615,optimize_random,18496.71050396363,1056.0816507339478,18496.710503963615,1.277683026306461,18496.710503963615,optimize_single_point,18496.71050396363,0.5759711265563965,18496.710503963615,1.277683026306461,18496.710503963615,optimize_single_point,18496.71050396363,0.5585458278656006,18496.710503963615,1.277683026306461,18496.710503963615,optimize_single_point,18496.71050396363,5.877827882766724,18496.710503963615,1.277683026306461,18496.710503963615,optimize_single_point,18496.71050396363,10.493272066116333,18496.710503963615,1.277683026306461,18496.710503963615,optimize_single_point,18496.71050396363,10.458895206451416,18496.710503963615,1.277683026306461,18496.710503963615,optimize_single_point,18496.71050396363,7.766913175582886
2026-03-12 11:50:37,config_resnet_arato_area_0.9_hw_0.3_seed_3,inputs/task_graph_topology/soda-benchmark-graphs/pytorch-graphs/rez_net_tosa.dot,362,0.3,0.5,1.0,0.9,42,5629.515000900963,14417.969443707758,2.5611388265952337,14417.969443707758,None,4404.222246279361,0.0,18496.710503963615,3.285666793854062,18496.710503963615,optimize_random,18496.71050396363,0.9669094085693359,11414.174934178465,2.027559200455405,11414.174934178465,optimize_swarm,4479.784707617822,285.7625653743744,13834.685616141904,2.4575270896209997,13834.685616141904,optimize_random,5455.310431683285,1060.0104610919952,18496.710503963615,3.285666793854062,18496.710503963615,optimize_single_point,18496.71050396363,0.5810141563415527,18496.710503963615,3.285666793854062,18496.710503963615,optimize_single_point,18496.71050396363,0.5717754364013672,18496.710503963615,3.285666793854062,18496.710503963615,optimize_single_point,18496.71050396363,6.070842742919922,18496.710503963615,3.285666793854062,18496.710503963615,optimize_single_point,18496.71050396363,11.006028652191162,18496.710503963615,3.285666793854062,18496.710503963615,optimize_single_point,18496.71050396363,10.84451150894165,14284.965038588389,2.5375125630364574,14284.965038588389,optimize_single_point,7299.137585488648,7.905456304550171
2026-03-12 11:50:40,config_resnet_arato_area_0.9_hw_0.3_seed_1,inputs/task_graph_topology/soda-benchmark-graphs/pytorch-graphs/rez_net_tosa.dot,362,0.3,0.5,1.0,0.9,42,5629.515000900963,14417.969443707758,2.5611388265952337,14417.969443707758,None,4404.222246279361,0.0,18496.710503963615,3.285666793854062,18496.710503963615,optimize_random,18496.71050396363,0.9608619213104248,11414.174934178465,2.027559200455405,11414.174934178465,optimize_swarm,4479.784707617822,286.0145745277405,13834.685616141904,2.4575270896209997,13834.685616141904,optimize_random,5455.310431683285,1058.9027609825134,18496.710503963615,3.285666793854062,18496.710503963615,optimize_single_point,18496.71050396363,0.5927877426147461,18496.710503963615,3.285666793854062,18496.710503963615,optimize_single_point,18496.71050396363,0.584911584854126,18496.710503963615,3.285666793854062,18496.710503963615,optimize_single_point,18496.71050396363,5.966598749160767,18496.710503963615,3.285666793854062,18496.710503963615,optimize_single_point,18496.71050396363,10.857399702072144,18496.710503963615,3.285666793854062,18496.710503963615,optimize_single_point,18496.71050396363,10.741578578948975,14284.965038588389,2.5375125630364574,14284.965038588389,optimize_single_point,7299.137585488648,7.902584075927734
2026-03-12 11:50:56,config_resnet_arato_area_0.7_hw_0.9_seed_0,inputs/task_graph_topology/soda-benchmark-graphs/pytorch-graphs/rez_net_tosa.dot,362,0.9,0.5,1.0,0.7,42,14476.759981256146,34435.97424728404,2.378707272336502,34435.97424728404,None,15459.708042985432,0.0,18496.710503963615,1.277683026306461,18496.710503963615,optimize_random,18496.71050396363,0.9752905368804932,18448.04514161759,1.2743214065511401,18448.04514161759,optimize_swarm,18399.372043329662,285.4641435146332,18496.710503963615,1.277683026306461,18496.710503963615,optimize_random,18496.71050396363,1080.8233706951141,18496.710503963615,1.277683026306461,18496.710503963615,optimize_single_point,18496.71050396363,0.571880578994751,18496.710503963615,1.277683026306461,18496.710503963615,optimize_single_point,18496.71050396363,0.5726039409637451,18496.710503963615,1.277683026306461,18496.710503963615,optimize_single_point,18496.71050396363,5.930573225021362,18496.710503963615,1.277683026306461,18496.710503963615,optimize_single_point,18496.71050396363,10.352103233337402,18496.710503963615,1.277683026306461,18496.710503963615,optimize_single_point,18496.71050396363,10.318532943725586,18496.710503963615,1.277683026306461,18496.710503963615,optimize_single_point,18496.71050396363,7.79451060295105
2026-03-12 11:50:57,config_resnet_arato_area_0.9_hw_0.1_seed_3,inputs/task_graph_topology/soda-benchmark-graphs/pytorch-graphs/rez_net_tosa.dot,362,0.1,0.5,1.0,0.9,42,1876.8712304770884,11274.035663724435,6.006824272573377,11274.035663724435,None,3298.991959019001,0.0,18496.710503963615,9.855077004543286,18496.710503963615,optimize_random,18496.71050396363,0.9854066371917725,6819.275017401462,3.633320659759938,6819.275017401462,optimize_swarm,3464.5391477013204,290.3546805381775,10698.249323501084,5.700044387585215,10698.249323501084,optimize_random,5413.631935230404,1074.7977151870728,18496.710503963615,9.855077004543286,18496.710503963615,optimize_single_point,18496.71050396363,0.5813496112823486,18496.710503963615,9.855077004543286,18496.710503963615,optimize_single_point,18496.71050396363,0.5744946002960205,18496.710503963615,9.855077004543286,18496.710503963615,optimize_single_point,18496.71050396363,6.0294482707977295,18496.710503963615,9.855077004543286,18496.710503963615,optimize_single_point,18496.71050396363,10.97877550125122,18496.710503963615,9.855077004543286,18496.710503963615,optimize_single_point,18496.71050396363,10.917294979095459,9730.377279456508,5.18436061113426,9730.377279456508,optimize_single_point,5125.677762670165,8.082537412643433
2026-03-12 11:50:59,config_resnet_arato_area_0.9_hw_0.5_seed_2,inputs/task_graph_topology/soda-benchmark-graphs/pytorch-graphs/rez_net_tosa.dot,362,0.5,0.5,1.0,0.9,42,9311.942737816993,14871.98502040613,1.5970872501190425,14871.98502040613,None,6260.566999633739,0.0,18496.710503963615,1.986342809953728,18496.710503963615,optimize_random,18496.71050396363,0.9798777103424072,14928.39063858503,1.6031445917250888,14928.39063858503,optimize_swarm,5938.989166677118,287.2906391620636,17265.188169339373,1.8540908868804822,17265.188169339373,optimize_random,7378.403466561554,1080.5818510055542,18496.710503963615,1.986342809953728,18496.710503963615,optimize_single_point,18496.71050396363,0.5772497653961182,18496.710503963615,1.986342809953728,18496.710503963615,optimize_single_point,18496.71050396363,0.5672817230224609,18496.710503963615,1.986342809953728,18496.710503963615,optimize_single_point,18496.71050396363,5.933444023132324,18496.710503963615,1.986342809953728,18496.710503963615,optimize_single_point,18496.71050396363,10.970829248428345,18496.710503963615,1.986342809953728,18496.710503963615,optimize_single_point,18496.71050396363,10.909396409988403,18186.069630534672,1.952983404491816,18186.069630534672,optimize_single_point,9303.529049980123,8.115060806274414
2026-03-12 11:51:05,config_resnet_arato_area_0.9_hw_0.5_seed_3,inputs/task_graph_topology/soda-benchmark-graphs/pytorch-graphs/rez_net_tosa.dot,362,0.5,0.5,1.0,0.9,42,9311.942737816993,14871.98502040613,1.5970872501190425,14871.98502040613,None,6260.566999633739,0.0,18496.710503963615,1.986342809953728,18496.710503963615,optimize_random,18496.71050396363,0.9906861782073975,14928.39063858503,1.6031445917250888,14928.39063858503,optimize_swarm,5938.989166677118,294.5809350013733,17265.188169339373,1.8540908868804822,17265.188169339373,optimize_random,7378.403466561554,1079.0876891613007,18496.710503963615,1.986342809953728,18496.710503963615,optimize_single_point,18496.71050396363,0.5785791873931885,18496.710503963615,1.986342809953728,18496.710503963615,optimize_single_point,18496.71050396363,0.5707578659057617,18496.710503963615,1.986342809953728,18496.710503963615,optimize_single_point,18496.71050396363,5.977148056030273,18496.710503963615,1.986342809953728,18496.710503963615,optimize_single_point,18496.71050396363,10.909749269485474,18496.710503963615,1.986342809953728,18496.710503963615,optimize_single_point,18496.71050396363,10.87559700012207,18186.069630534672,1.952983404491816,18186.069630534672,optimize_single_point,9303.529049980123,7.90067195892334
2026-03-12 11:51:11,config_resnet_arato_area_0.9_hw_0.5_seed_1,inputs/task_graph_topology/soda-benchmark-graphs/pytorch-graphs/rez_net_tosa.dot,362,0.5,0.5,1.0,0.9,42,9311.942737816993,14871.98502040613,1.5970872501190425,14871.98502040613,None,6260.566999633739,0.0,18496.710503963615,1.986342809953728,18496.710503963615,optimize_random,18496.71050396363,0.999725341796875,14928.39063858503,1.6031445917250888,14928.39063858503,optimize_swarm,5938.989166677118,288.67308259010315,17265.188169339373,1.8540908868804822,17265.188169339373,optimize_random,7378.403466561554,1091.7207524776459,18496.710503963615,1.986342809953728,18496.710503963615,optimize_single_point,18496.71050396363,0.5739278793334961,18496.710503963615,1.986342809953728,18496.710503963615,optimize_single_point,18496.71050396363,0.566394567489624,18496.710503963615,1.986342809953728,18496.710503963615,optimize_single_point,18496.71050396363,5.906559944152832,18496.710503963615,1.986342809953728,18496.710503963615,optimize_single_point,18496.71050396363,10.985766172409058,18496.710503963615,1.986342809953728,18496.710503963615,optimize_single_point,18496.71050396363,10.78578495979309,18186.069630534672,1.952983404491816,18186.069630534672,optimize_single_point,9303.529049980123,8.053938627243042
2026-03-12 11:51:19,config_resnet_arato_area_0.7_hw_0.9_seed_3,inputs/task_graph_topology/soda-benchmark-graphs/pytorch-graphs/rez_net_tosa.dot,362,0.9,0.5,1.0,0.7,42,14476.759981256146,34435.97424728404,2.378707272336502,34435.97424728404,None,15459.708042985432,0.0,18496.710503963615,1.277683026306461,18496.710503963615,optimize_random,18496.71050396363,0.978661060333252,18448.04514161759,1.2743214065511401,18448.04514161759,optimize_swarm,18399.372043329662,306.50287222862244,18496.710503963615,1.277683026306461,18496.710503963615,optimize_random,18496.71050396363,1081.498524904251,18496.710503963615,1.277683026306461,18496.710503963615,optimize_single_point,18496.71050396363,0.5703105926513672,18496.710503963615,1.277683026306461,18496.710503963615,optimize_single_point,18496.71050396363,0.5641076564788818,18496.710503963615,1.277683026306461,18496.710503963615,optimize_single_point,18496.71050396363,5.8959059715271,18496.710503963615,1.277683026306461,18496.710503963615,optimize_single_point,18496.71050396363,10.754714965820312,18496.710503963615,1.277683026306461,18496.710503963615,optimize_single_point,18496.71050396363,10.6604642868042,18496.710503963615,1.277683026306461,18496.710503963615,optimize_single_point,18496.71050396363,7.737218618392944
2026-03-12 11:51:19,config_resnet_arato_area_0.9_hw_0.3_seed_2,inputs/task_graph_topology/soda-benchmark-graphs/pytorch-graphs/rez_net_tosa.dot,362,0.3,0.5,1.0,0.9,42,5629.515000900963,14417.969443707758,2.5611388265952337,14417.969443707758,None,4404.222246279361,0.0,18496.710503963615,3.285666793854062,18496.710503963615,optimize_random,18496.71050396363,0.9952728748321533,11414.174934178465,2.027559200455405,11414.174934178465,optimize_swarm,4479.784707617822,290.5413706302643,13834.685616141904,2.4575270896209997,13834.685616141904,optimize_random,5455.310431683285,1097.3427255153656,18496.710503963615,3.285666793854062,18496.710503963615,optimize_single_point,18496.71050396363,0.5751731395721436,18496.710503963615,3.285666793854062,18496.710503963615,optimize_single_point,18496.71050396363,0.5722486972808838,18496.710503963615,3.285666793854062,18496.710503963615,optimize_single_point,18496.71050396363,5.932828664779663,18496.710503963615,3.285666793854062,18496.710503963615,optimize_single_point,18496.71050396363,10.855054140090942,18496.710503963615,3.285666793854062,18496.710503963615,optimize_single_point,18496.71050396363,10.732981204986572,14284.965038588389,2.5375125630364574,14284.965038588389,optimize_single_point,7299.137585488648,7.827849864959717
2026-03-12 11:51:23,config_resnet_arato_area_0.7_hw_0.7_seed_3,inputs/task_graph_topology/soda-benchmark-graphs/pytorch-graphs/rez_net_tosa.dot,362,0.7,0.5,1.0,0.7,42,12459.889958209249,30387.426351701426,2.438819801268032,30387.426351701426,None,13248.824127957305,0.0,18496.710503963615,1.4845003098744851,18496.710503963615,optimize_random,18496.71050396363,1.0736441612243652,18455.898178342417,1.4812248134007535,18455.898178342417,optimize_swarm,18431.371944623454,290.4177918434143,18496.710503963615,1.4845003098744851,18496.710503963615,optimize_random,18496.71050396363,1097.309829711914,18496.710503963615,1.4845003098744851,18496.710503963615,optimize_single_point,18496.71050396363,0.5924582481384277,18496.710503963615,1.4845003098744851,18496.710503963615,optimize_single_point,18496.71050396363,0.577887773513794,18496.710503963615,1.4845003098744851,18496.710503963615,optimize_single_point,18496.71050396363,6.4936511516571045,18496.710503963615,1.4845003098744851,18496.710503963615,optimize_single_point,18496.71050396363,11.25995683670044,18496.710503963615,1.4845003098744851,18496.710503963615,optimize_single_point,18496.71050396363,11.525587320327759,18496.710503963615,1.4845003098744851,18496.710503963615,optimize_single_point,18496.71050396363,8.427134037017822
2026-03-12 11:51:31,config_resnet_arato_area_0.7_hw_0.9_seed_2,inputs/task_graph_topology/soda-benchmark-graphs/pytorch-graphs/rez_net_tosa.dot,362,0.9,0.5,1.0,0.7,42,14476.759981256146,34435.97424728404,2.378707272336502,34435.97424728404,None,15459.708042985432,0.0,18496.710503963615,1.277683026306461,18496.710503963615,optimize_random,18496.71050396363,0.9914674758911133,18448.04514161759,1.2743214065511401,18448.04514161759,optimize_swarm,18399.372043329662,291.6722710132599,18496.710503963615,1.277683026306461,18496.710503963615,optimize_random,18496.71050396363,1108.08025431633,18496.710503963615,1.277683026306461,18496.710503963615,optimize_single_point,18496.71050396363,0.5941042900085449,18496.710503963615,1.277683026306461,18496.710503963615,optimize_single_point,18496.71050396363,0.5792117118835449,18496.710503963615,1.277683026306461,18496.710503963615,optimize_single_point,18496.71050396363,6.08545708656311,18496.710503963615,1.277683026306461,18496.710503963615,optimize_single_point,18496.71050396363,11.02004885673523,18496.710503963615,1.277683026306461,18496.710503963615,optimize_single_point,18496.71050396363,10.821295022964478,18496.710503963615,1.277683026306461,18496.710503963615,optimize_single_point,18496.71050396363,7.92599081993103
2026-03-12 11:51:35,config_resnet_arato_area_0.9_hw_0.9_seed_0,inputs/task_graph_topology/soda-benchmark-graphs/pytorch-graphs/rez_net_tosa.dot,362,0.9,0.5,1.0,0.9,42,14476.759981256146,26216.0165438757,1.8109035846293655,26216.0165438757,None,10921.381696028191,0.0,18496.710503963615,1.277683026306461,18496.710503963615,optimize_random,18496.71050396363,0.9870514869689941,18496.710503963615,1.277683026306461,18496.710503963615,optimize_swarm,18496.71050396363,292.57363986968994,18496.710503963615,1.277683026306461,18496.710503963615,optimize_random,18496.71050396363,1078.9666793346405,18496.710503963615,1.277683026306461,18496.710503963615,optimize_single_point,18496.71050396363,0.5815794467926025,18496.710503963615,1.277683026306461,18496.710503963615,optimize_single_point,18496.71050396363,0.5747284889221191,18496.710503963615,1.277683026306461,18496.710503963615,optimize_single_point,18496.71050396363,5.990009784698486,18496.710503963615,1.277683026306461,18496.710503963615,optimize_single_point,18496.71050396363,11.102246046066284,18496.710503963615,1.277683026306461,18496.710503963615,optimize_single_point,18496.71050396363,10.97707200050354,18496.710503963615,1.277683026306461,18496.710503963615,optimize_single_point,18496.71050396363,8.051810264587402
2026-03-12 11:51:51,config_resnet_arato_area_0.9_hw_0.7_seed_3,inputs/task_graph_topology/soda-benchmark-graphs/pytorch-graphs/rez_net_tosa.dot,362,0.7,0.5,1.0,0.9,42,12459.889958209249,21335.557149057477,1.712339131454404,21335.557149057477,None,9472.735801156185,0.0,18496.710503963615,1.4845003098744851,18496.710503963615,optimize_random,18496.71050396363,0.9994091987609863,18496.710503963615,1.4845003098744851,18496.710503963615,optimize_swarm,18496.71050396363,295.924941778183,18496.710503963615,1.4845003098744851,18496.710503963615,optimize_random,18496.71050396363,1090.2492554187775,18496.710503963615,1.4845003098744851,18496.710503963615,optimize_single_point,18496.71050396363,0.5973191261291504,18496.710503963615,1.4845003098744851,18496.710503963615,optimize_single_point,18496.71050396363,0.5933060646057129,18496.710503963615,1.4845003098744851,18496.710503963615,optimize_single_point,18496.71050396363,6.114070653915405,18496.710503963615,1.4845003098744851,18496.710503963615,optimize_single_point,18496.71050396363,11.306739091873169,18496.710503963615,1.4845003098744851,18496.710503963615,optimize_single_point,18496.71050396363,11.188780784606934,18496.710503963615,1.4845003098744851,18496.710503963615,optimize_single_point,18496.71050396363,8.082557916641235
2026-03-12 11:51:51,config_resnet_arato_area_0.9_hw_0.7_seed_1,inputs/task_graph_topology/soda-benchmark-graphs/pytorch-graphs/rez_net_tosa.dot,362,0.7,0.5,1.0,0.9,42,12459.889958209249,21335.557149057477,1.712339131454404,21335.557149057477,None,9472.735801156185,0.0,18496.710503963615,1.4845003098744851,18496.710503963615,optimize_random,18496.71050396363,0.9945759773254395,18496.710503963615,1.4845003098744851,18496.710503963615,optimize_swarm,18496.71050396363,288.24851751327515,18496.710503963615,1.4845003098744851,18496.710503963615,optimize_random,18496.71050396363,1097.3394963741302,18496.710503963615,1.4845003098744851,18496.710503963615,optimize_single_point,18496.71050396363,0.6219933032989502,18496.710503963615,1.4845003098744851,18496.710503963615,optimize_single_point,18496.71050396363,0.6121363639831543,18496.710503963615,1.4845003098744851,18496.710503963615,optimize_single_point,18496.71050396363,6.562507152557373,18496.710503963615,1.4845003098744851,18496.710503963615,optimize_single_point,18496.71050396363,10.845221757888794,18496.710503963615,1.4845003098744851,18496.710503963615,optimize_single_point,18496.71050396363,12.325178384780884,18496.710503963615,1.4845003098744851,18496.710503963615,optimize_single_point,18496.71050396363,8.058050394058228
2026-03-12 11:51:52,config_resnet_arato_area_0.9_hw_0.5_seed_0,inputs/task_graph_topology/soda-benchmark-graphs/pytorch-graphs/rez_net_tosa.dot,362,0.5,0.5,1.0,0.9,42,9311.942737816993,14871.98502040613,1.5970872501190425,14871.98502040613,None,6260.566999633739,0.0,18496.710503963615,1.986342809953728,18496.710503963615,optimize_random,18496.71050396363,1.0082941055297852,14928.39063858503,1.6031445917250888,14928.39063858503,optimize_swarm,5938.989166677118,300.5799467563629,17265.188169339373,1.8540908868804822,17265.188169339373,optimize_random,7378.403466561554,1120.716780424118,18496.710503963615,1.986342809953728,18496.710503963615,optimize_single_point,18496.71050396363,0.5909435749053955,18496.710503963615,1.986342809953728,18496.710503963615,optimize_single_point,18496.71050396363,0.5826311111450195,18496.710503963615,1.986342809953728,18496.710503963615,optimize_single_point,18496.71050396363,6.072896480560303,18496.710503963615,1.986342809953728,18496.710503963615,optimize_single_point,18496.71050396363,10.905757904052734,18496.710503963615,1.986342809953728,18496.710503963615,optimize_single_point,18496.71050396363,10.759664058685303,18186.069630534672,1.952983404491816,18186.069630534672,optimize_single_point,9303.529049980123,7.952605247497559
2026-03-12 11:52:01,config_resnet_arato_area_0.9_hw_0.7_seed_2,inputs/task_graph_topology/soda-benchmark-graphs/pytorch-graphs/rez_net_tosa.dot,362,0.7,0.5,1.0,0.9,42,12459.889958209249,21335.557149057477,1.712339131454404,21335.557149057477,None,9472.735801156185,0.0,18496.710503963615,1.4845003098744851,18496.710503963615,optimize_random,18496.71050396363,0.9964265823364258,18496.710503963615,1.4845003098744851,18496.710503963615,optimize_swarm,18496.71050396363,292.7363348007202,18496.710503963615,1.4845003098744851,18496.710503963615,optimize_random,18496.71050396363,1103.9471082687378,18496.710503963615,1.4845003098744851,18496.710503963615,optimize_single_point,18496.71050396363,0.5933129787445068,18496.710503963615,1.4845003098744851,18496.710503963615,optimize_single_point,18496.71050396363,0.5822849273681641,18496.710503963615,1.4845003098744851,18496.710503963615,optimize_single_point,18496.71050396363,6.092529296875,18496.710503963615,1.4845003098744851,18496.710503963615,optimize_single_point,18496.71050396363,11.17885136604309,18496.710503963615,1.4845003098744851,18496.710503963615,optimize_single_point,18496.71050396363,11.038855791091919,18496.710503963615,1.4845003098744851,18496.710503963615,optimize_single_point,18496.71050396363,8.156064748764038
2026-03-12 11:52:16,config_resnet_arato_area_0.9_hw_0.9_seed_1,inputs/task_graph_topology/soda-benchmark-graphs/pytorch-graphs/rez_net_tosa.dot,362,0.9,0.5,1.0,0.9,42,14476.759981256146,26216.0165438757,1.8109035846293655,26216.0165438757,None,10921.381696028191,0.0,18496.710503963615,1.277683026306461,18496.710503963615,optimize_random,18496.71050396363,1.0144286155700684,18496.710503963615,1.277683026306461,18496.710503963615,optimize_swarm,18496.71050396363,291.5457844734192,18496.710503963615,1.277683026306461,18496.710503963615,optimize_random,18496.71050396363,1120.5844185352325,18496.710503963615,1.277683026306461,18496.710503963615,optimize_single_point,18496.71050396363,0.6113166809082031,18496.710503963615,1.277683026306461,18496.710503963615,optimize_single_point,18496.71050396363,0.6053664684295654,18496.710503963615,1.277683026306461,18496.710503963615,optimize_single_point,18496.71050396363,6.189452648162842,18496.710503963615,1.277683026306461,18496.710503963615,optimize_single_point,18496.71050396363,10.933809995651245,18496.710503963615,1.277683026306461,18496.710503963615,optimize_single_point,18496.71050396363,10.909164905548096,18496.710503963615,1.277683026306461,18496.710503963615,optimize_single_point,18496.71050396363,8.39063572883606
2026-03-12 11:52:18,config_resnet_arato_area_0.9_hw_0.9_seed_3,inputs/task_graph_topology/soda-benchmark-graphs/pytorch-graphs/rez_net_tosa.dot,362,0.9,0.5,1.0,0.9,42,14476.759981256146,26216.0165438757,1.8109035846293655,26216.0165438757,None,10921.381696028191,0.0,18496.710503963615,1.277683026306461,18496.710503963615,optimize_random,18496.71050396363,1.0055975914001465,18496.710503963615,1.277683026306461,18496.710503963615,optimize_swarm,18496.71050396363,313.3732736110687,18496.710503963615,1.277683026306461,18496.710503963615,optimize_random,18496.71050396363,1100.352510213852,18496.710503963615,1.277683026306461,18496.710503963615,optimize_single_point,18496.71050396363,0.6177051067352295,18496.710503963615,1.277683026306461,18496.710503963615,optimize_single_point,18496.71050396363,0.6115097999572754,18496.710503963615,1.277683026306461,18496.710503963615,optimize_single_point,18496.71050396363,6.1633460521698,18496.710503963615,1.277683026306461,18496.710503963615,optimize_single_point,18496.71050396363,11.091487407684326,18496.710503963615,1.277683026306461,18496.710503963615,optimize_single_point,18496.71050396363,10.983538389205933,18496.710503963615,1.277683026306461,18496.710503963615,optimize_single_point,18496.71050396363,8.292227506637573
2026-03-12 11:52:24,config_resnet_arato_area_0.9_hw_0.3_seed_0,inputs/task_graph_topology/soda-benchmark-graphs/pytorch-graphs/rez_net_tosa.dot,362,0.3,0.5,1.0,0.9,42,5629.515000900963,14417.969443707758,2.5611388265952337,14417.969443707758,None,4404.222246279361,0.0,18496.710503963615,3.285666793854062,18496.710503963615,optimize_random,18496.71050396363,1.0429332256317139,11414.174934178465,2.027559200455405,11414.174934178465,optimize_swarm,4479.784707617822,299.83915662765503,13834.685616141904,2.4575270896209997,13834.685616141904,optimize_random,5455.310431683285,1148.8660688400269,18496.710503963615,3.285666793854062,18496.710503963615,optimize_single_point,18496.71050396363,0.5828402042388916,18496.710503963615,3.285666793854062,18496.710503963615,optimize_single_point,18496.71050396363,0.5696244239807129,18496.710503963615,3.285666793854062,18496.710503963615,optimize_single_point,18496.71050396363,6.368711233139038,18496.710503963615,3.285666793854062,18496.710503963615,optimize_single_point,18496.71050396363,10.88327169418335,18496.710503963615,3.285666793854062,18496.710503963615,optimize_single_point,18496.71050396363,10.790260791778564,14284.965038588389,2.5375125630364574,14284.965038588389,optimize_single_point,7299.137585488648,7.98950719833374
2026-03-12 11:52:37,config_resnet_arato_area_0.7_hw_0.7_seed_2,inputs/task_graph_topology/soda-benchmark-graphs/pytorch-graphs/rez_net_tosa.dot,362,0.7,0.5,1.0,0.7,42,12459.889958209249,30387.426351701426,2.438819801268032,30387.426351701426,None,13248.824127957305,0.0,18496.710503963615,1.4845003098744851,18496.710503963615,optimize_random,18496.71050396363,1.1229591369628906,18455.898178342417,1.4812248134007535,18455.898178342417,optimize_swarm,18431.371944623454,307.32485795021057,18496.710503963615,1.4845003098744851,18496.710503963615,optimize_random,18496.71050396363,1156.5641598701477,18496.710503963615,1.4845003098744851,18496.710503963615,optimize_single_point,18496.71050396363,0.593317985534668,18496.710503963615,1.4845003098744851,18496.710503963615,optimize_single_point,18496.71050396363,0.5774188041687012,18496.710503963615,1.4845003098744851,18496.710503963615,optimize_single_point,18496.71050396363,6.095617294311523,18496.710503963615,1.4845003098744851,18496.710503963615,optimize_single_point,18496.71050396363,10.856039762496948,18496.710503963615,1.4845003098744851,18496.710503963615,optimize_single_point,18496.71050396363,10.646151781082153,18496.710503963615,1.4845003098744851,18496.710503963615,optimize_single_point,18496.71050396363,8.131001710891724
2026-03-12 11:52:43,config_resnet_arato_area_0.9_hw_0.7_seed_0,inputs/task_graph_topology/soda-benchmark-graphs/pytorch-graphs/rez_net_tosa.dot,362,0.7,0.5,1.0,0.9,42,12459.889958209249,21335.557149057477,1.712339131454404,21335.557149057477,None,9472.735801156185,0.0,18496.710503963615,1.4845003098744851,18496.710503963615,optimize_random,18496.71050396363,1.0299460887908936,18496.710503963615,1.4845003098744851,18496.710503963615,optimize_swarm,18496.71050396363,298.08907651901245,18496.710503963615,1.4845003098744851,18496.710503963615,optimize_random,18496.71050396363,1141.266372680664,18496.710503963615,1.4845003098744851,18496.710503963615,optimize_single_point,18496.71050396363,0.586442232131958,18496.710503963615,1.4845003098744851,18496.710503963615,optimize_single_point,18496.71050396363,0.5648636817932129,18496.710503963615,1.4845003098744851,18496.710503963615,optimize_single_point,18496.71050396363,6.006285905838013,18496.710503963615,1.4845003098744851,18496.710503963615,optimize_single_point,18496.71050396363,10.661433935165405,18496.710503963615,1.4845003098744851,18496.710503963615,optimize_single_point,18496.71050396363,10.843597173690796,18496.710503963615,1.4845003098744851,18496.710503963615,optimize_single_point,18496.71050396363,7.966651678085327
2026-03-12 11:52:56,config_resnet_arato_area_0.9_hw_0.9_seed_2,inputs/task_graph_topology/soda-benchmark-graphs/pytorch-graphs/rez_net_tosa.dot,362,0.9,0.5,1.0,0.9,42,14476.759981256146,26216.0165438757,1.8109035846293655,26216.0165438757,None,10921.381696028191,0.0,18496.710503963615,1.277683026306461,18496.710503963615,optimize_random,18496.71050396363,1.0354363918304443,18496.710503963615,1.277683026306461,18496.710503963615,optimize_swarm,18496.71050396363,300.9494926929474,18496.710503963615,1.277683026306461,18496.710503963615,optimize_random,18496.71050396363,1150.2528591156006,18496.710503963615,1.277683026306461,18496.710503963615,optimize_single_point,18496.71050396363,0.6090505123138428,18496.710503963615,1.277683026306461,18496.710503963615,optimize_single_point,18496.71050396363,0.5903356075286865,18496.710503963615,1.277683026306461,18496.710503963615,optimize_single_point,18496.71050396363,6.174585342407227,18496.710503963615,1.277683026306461,18496.710503963615,optimize_single_point,18496.71050396363,10.898721933364868,18496.710503963615,1.277683026306461,18496.710503963615,optimize_single_point,18496.71050396363,11.233838081359863,18496.710503963615,1.277683026306461,18496.710503963615,optimize_single_point,18496.71050396363,8.408479928970337
2026-04-09 19:28:42,config_resnet_arato_area_0.1_hw_0.1_seed_0,inputs/task_graph_topology/soda-benchmark-graphs/pytorch-graphs/rez_net_tosa.dot,362,0.1,0.5,1.0,0.1,42,1876.8712304770884,30594.28405324899,16.300683582577012,30594.28405324899,None,16202.945647811632,0.0,18496.710503963615,9.855077004543286,18496.710503963615,optimize_random,18496.71050396363,1.2624101638793945,18496.710503963615,9.855077004543286,18496.710503963615,optimize_swarm,18496.71050396363,1037.5504024028778,18496.710503963615,9.855077004543286,18496.710503963615,optimize_random,18496.71050396363,4321.4489459991455,18496.710503963615,9.855077004543286,18496.710503963615,optimize_single_point,18496.71050396363,0.6367716789245605,18496.710503963615,9.855077004543286,18496.710503963615,optimize_single_point,18496.71050396363,0.6232779026031494,18496.710503963615,9.855077004543286,18496.710503963615,optimize_single_point,18496.71050396363,6.435525894165039,18496.710503963615,9.855077004543286,18496.710503963615,optimize_single_point,18496.71050396363,12.693527221679688,18496.710503963615,9.855077004543286,18496.710503963615,optimize_single_point,18496.71050396363,15.105737924575806,18496.710503963615,9.855077004543286,18496.710503963615,optimize_single_point,18496.71050396363,11.463521242141724
2026-04-09 20:22:42,config_resnet_arato_area_0.3_hw_0.3_seed_2,inputs/task_graph_topology/soda-benchmark-graphs/pytorch-graphs/rez_net_tosa.dot,362,0.3,0.5,1.0,0.3,42,5629.515000900963,35167.262427798014,6.246943550584686,35167.262427798014,None,15932.151430781709,0.0,18496.710503963615,3.285666793854062,18496.710503963615,optimize_random,18496.71050396363,0.9178128242492676,18320.94937710076,3.2544454316523934,18320.94937710076,optimize_swarm,18219.71086279043,788.8486289978027,18496.710503963615,3.285666793854062,18496.710503963615,optimize_random,18496.71050396363,3438.9320006370544,18496.710503963615,3.285666793854062,18496.710503963615,optimize_single_point,18496.71050396363,0.53025221824646,18496.710503963615,3.285666793854062,18496.710503963615,optimize_single_point,18496.71050396363,0.5283670425415039,18496.710503963615,3.285666793854062,18496.710503963615,optimize_single_point,18496.71050396363,5.427960157394409,18496.710503963615,3.285666793854062,18496.710503963615,optimize_single_point,18496.71050396363,10.935984373092651,18496.710503963615,3.285666793854062,18496.710503963615,optimize_single_point,18496.71050396363,10.734538793563843,18496.710503963615,3.285666793854062,18496.710503963615,optimize_single_point,18496.71050396363,7.483580112457275
2026-04-09 20:23:22,config_resnet_arato_area_0.3_hw_0.5_seed_1,inputs/task_graph_topology/soda-benchmark-graphs/pytorch-graphs/rez_net_tosa.dot,362,0.5,0.5,1.0,0.3,42,9311.942737816993,34761.444632615894,3.732995961352427,34761.444632615894,None,16006.478586912192,0.0,18496.710503963615,1.986342809953728,18496.710503963615,optimize_random,18496.71050396363,0.9315550327301025,18400.1610402362,1.9759744618607658,18400.1610402362,optimize_swarm,18266.985504396922,796.4330217838287,18496.710503963615,1.986342809953728,18496.710503963615,optimize_random,18496.71050396363,3471.234790086746,18496.710503963615,1.986342809953728,18496.710503963615,optimize_single_point,18496.71050396363,0.5454628467559814,18496.710503963615,1.986342809953728,18496.710503963615,optimize_single_point,18496.71050396363,0.5406873226165771,18496.710503963615,1.986342809953728,18496.710503963615,optimize_single_point,18496.71050396363,5.5394675731658936,18496.710503963615,1.986342809953728,18496.710503963615,optimize_single_point,18496.71050396363,11.009332656860352,18496.710503963615,1.986342809953728,18496.710503963615,optimize_single_point,18496.71050396363,10.889467477798462,18496.710503963615,1.986342809953728,18496.710503963615,optimize_single_point,18496.71050396363,7.552740573883057
2026-04-09 20:23:30,config_resnet_arato_area_0.3_hw_0.3_seed_0,inputs/task_graph_topology/soda-benchmark-graphs/pytorch-graphs/rez_net_tosa.dot,362,0.3,0.5,1.0,0.3,42,5629.515000900963,35167.262427798014,6.246943550584686,35167.262427798014,None,15932.151430781709,0.0,18496.710503963615,3.285666793854062,18496.710503963615,optimize_random,18496.71050396363,0.9322364330291748,18320.94937710076,3.2544454316523934,18320.94937710076,optimize_swarm,18219.71086279043,794.0822303295135,18496.710503963615,3.285666793854062,18496.710503963615,optimize_random,18496.71050396363,3480.1804580688477,18496.710503963615,3.285666793854062,18496.710503963615,optimize_single_point,18496.71050396363,0.5334780216217041,18496.710503963615,3.285666793854062,18496.710503963615,optimize_single_point,18496.71050396363,0.5301296710968018,18496.710503963615,3.285666793854062,18496.710503963615,optimize_single_point,18496.71050396363,5.488127946853638,18496.710503963615,3.285666793854062,18496.710503963615,optimize_single_point,18496.71050396363,10.981430053710938,18496.710503963615,3.285666793854062,18496.710503963615,optimize_single_point,18496.71050396363,10.883672714233398,18496.710503963615,3.285666793854062,18496.710503963615,optimize_single_point,18496.71050396363,7.6352152824401855
2026-04-09 20:23:34,config_resnet_arato_area_0.1_hw_0.9_seed_0,inputs/task_graph_topology/soda-benchmark-graphs/pytorch-graphs/rez_net_tosa.dot,362,0.9,0.5,1.0,0.1,42,14476.759981256146,27985.767379952402,1.9331513001657215,27985.767379952402,None,17604.860229538426,0.0,18496.710503963615,1.277683026306461,18496.710503963615,optimize_random,18496.71050396363,0.9268317222595215,18496.710503963615,1.277683026306461,18496.710503963615,optimize_swarm,18496.71050396363,805.3310179710388,18496.710503963615,1.277683026306461,18496.710503963615,optimize_random,18496.71050396363,3474.682822704315,18496.710503963615,1.277683026306461,18496.710503963615,optimize_single_point,18496.71050396363,0.5383188724517822,18496.710503963615,1.277683026306461,18496.710503963615,optimize_single_point,18496.71050396363,0.5324363708496094,18496.710503963615,1.277683026306461,18496.710503963615,optimize_single_point,18496.71050396363,5.572156667709351,18496.710503963615,1.277683026306461,18496.710503963615,optimize_single_point,18496.71050396363,10.950729608535767,18496.710503963615,1.277683026306461,18496.710503963615,optimize_single_point,18496.71050396363,10.809335708618164,18496.710503963615,1.277683026306461,18496.710503963615,optimize_single_point,18496.71050396363,7.548020839691162
2026-04-09 20:23:35,config_resnet_arato_area_0.1_hw_0.7_seed_3,inputs/task_graph_topology/soda-benchmark-graphs/pytorch-graphs/rez_net_tosa.dot,362,0.7,0.5,1.0,0.1,42,12459.889958209249,29220.939136421268,2.34520041785513,29220.939136421268,None,17838.26283700595,0.0,18496.710503963615,1.4845003098744851,18496.710503963615,optimize_random,18496.71050396363,0.9368507862091064,18496.710503963615,1.4845003098744851,18496.710503963615,optimize_swarm,18496.71050396363,803.0782315731049,18496.710503963615,1.4845003098744851,18496.710503963615,optimize_random,18496.71050396363,3476.443516731262,18496.710503963615,1.4845003098744851,18496.710503963615,optimize_single_point,18496.71050396363,0.5380458831787109,18496.710503963615,1.4845003098744851,18496.710503963615,optimize_single_point,18496.71050396363,0.5343544483184814,18496.710503963615,1.4845003098744851,18496.710503963615,optimize_single_point,18496.71050396363,5.5106236934661865,18496.710503963615,1.4845003098744851,18496.710503963615,optimize_single_point,18496.71050396363,11.11624789237976,18496.710503963615,1.4845003098744851,18496.710503963615,optimize_single_point,18496.71050396363,10.95452880859375,18496.710503963615,1.4845003098744851,18496.710503963615,optimize_single_point,18496.71050396363,7.735888719558716
2026-04-09 20:23:39,config_resnet_arato_area_0.3_hw_0.5_seed_2,inputs/task_graph_topology/soda-benchmark-graphs/pytorch-graphs/rez_net_tosa.dot,362,0.5,0.5,1.0,0.3,42,9311.942737816993,34761.444632615894,3.732995961352427,34761.444632615894,None,16006.478586912192,0.0,18496.710503963615,1.986342809953728,18496.710503963615,optimize_random,18496.71050396363,0.9410948753356934,18400.1610402362,1.9759744618607658,18400.1610402362,optimize_swarm,18266.985504396922,799.874315738678,18496.710503963615,1.986342809953728,18496.710503963615,optimize_random,18496.71050396363,3485.342344045639,18496.710503963615,1.986342809953728,18496.710503963615,optimize_single_point,18496.71050396363,0.5401625633239746,18496.710503963615,1.986342809953728,18496.710503963615,optimize_single_point,18496.71050396363,0.5337023735046387,18496.710503963615,1.986342809953728,18496.710503963615,optimize_single_point,18496.71050396363,5.548694610595703,18496.710503963615,1.986342809953728,18496.710503963615,optimize_single_point,18496.71050396363,10.922197818756104,18496.710503963615,1.986342809953728,18496.710503963615,optimize_single_point,18496.71050396363,10.759405851364136,18496.710503963615,1.986342809953728,18496.710503963615,optimize_single_point,18496.71050396363,7.442374229431152
2026-04-09 20:23:43,config_resnet_arato_area_0.1_hw_0.9_seed_2,inputs/task_graph_topology/soda-benchmark-graphs/pytorch-graphs/rez_net_tosa.dot,362,0.9,0.5,1.0,0.1,42,14476.759981256146,27985.767379952402,1.9331513001657215,27985.767379952402,None,17604.860229538426,0.0,18496.710503963615,1.277683026306461,18496.710503963615,optimize_random,18496.71050396363,0.9264779090881348,18496.710503963615,1.277683026306461,18496.710503963615,optimize_swarm,18496.71050396363,803.1753554344177,18496.710503963615,1.277683026306461,18496.710503963615,optimize_random,18496.71050396363,3485.7980074882507,18496.710503963615,1.277683026306461,18496.710503963615,optimize_single_point,18496.71050396363,0.5380945205688477,18496.710503963615,1.277683026306461,18496.710503963615,optimize_single_point,18496.71050396363,0.5306644439697266,18496.710503963615,1.277683026306461,18496.710503963615,optimize_single_point,18496.71050396363,5.549038648605347,18496.710503963615,1.277683026306461,18496.710503963615,optimize_single_point,18496.71050396363,10.994989156723022,18496.710503963615,1.277683026306461,18496.710503963615,optimize_single_point,18496.71050396363,10.928983449935913,18496.710503963615,1.277683026306461,18496.710503963615,optimize_single_point,18496.71050396363,7.5372703075408936
2026-04-09 20:23:51,config_resnet_arato_area_0.1_hw_0.5_seed_3,inputs/task_graph_topology/soda-benchmark-graphs/pytorch-graphs/rez_net_tosa.dot,362,0.5,0.5,1.0,0.1,42,9311.942737816993,30778.248632303465,3.3052446196118725,30778.248632303465,None,17518.601204738097,0.0,18496.710503963615,1.986342809953728,18496.710503963615,optimize_random,18496.71050396363,0.9277048110961914,18496.710503963615,1.986342809953728,18496.710503963615,optimize_swarm,18496.71050396363,812.178923368454,18496.710503963615,1.986342809953728,18496.710503963615,optimize_random,18496.71050396363,3482.2068560123444,18496.710503963615,1.986342809953728,18496.710503963615,optimize_single_point,18496.71050396363,0.550424337387085,18496.710503963615,1.986342809953728,18496.710503963615,optimize_single_point,18496.71050396363,0.5454261302947998,18496.710503963615,1.986342809953728,18496.710503963615,optimize_single_point,18496.71050396363,5.6496827602386475,18496.710503963615,1.986342809953728,18496.710503963615,optimize_single_point,18496.71050396363,11.204622268676758,18496.710503963615,1.986342809953728,18496.710503963615,optimize_single_point,18496.71050396363,11.11893916130066,18496.710503963615,1.986342809953728,18496.710503963615,optimize_single_point,18496.71050396363,7.736778259277344
2026-04-09 20:23:53,config_resnet_arato_area_0.3_hw_0.3_seed_1,inputs/task_graph_topology/soda-benchmark-graphs/pytorch-graphs/rez_net_tosa.dot,362,0.3,0.5,1.0,0.3,42,5629.515000900963,35167.262427798014,6.246943550584686,35167.262427798014,None,15932.151430781709,0.0,18496.710503963615,3.285666793854062,18496.710503963615,optimize_random,18496.71050396363,0.9345870018005371,18320.94937710076,3.2544454316523934,18320.94937710076,optimize_swarm,18219.71086279043,813.0967347621918,18496.710503963615,3.285666793854062,18496.710503963615,optimize_random,18496.71050396363,3483.489557981491,18496.710503963615,3.285666793854062,18496.710503963615,optimize_single_point,18496.71050396363,0.5466618537902832,18496.710503963615,3.285666793854062,18496.710503963615,optimize_single_point,18496.71050396363,0.538546085357666,18496.710503963615,3.285666793854062,18496.710503963615,optimize_single_point,18496.71050396363,5.610528230667114,18496.710503963615,3.285666793854062,18496.710503963615,optimize_single_point,18496.71050396363,11.103230953216553,18496.710503963615,3.285666793854062,18496.710503963615,optimize_single_point,18496.71050396363,10.902878522872925,18496.710503963615,3.285666793854062,18496.710503963615,optimize_single_point,18496.71050396363,7.582146406173706
2026-04-09 20:23:58,config_resnet_arato_area_0.3_hw_0.1_seed_0,inputs/task_graph_topology/soda-benchmark-graphs/pytorch-graphs/rez_net_tosa.dot,362,0.1,0.5,1.0,0.3,42,1876.8712304770884,31378.775410438444,16.718661835134082,31378.775410438444,None,14289.160633129684,0.0,18496.710503963615,9.855077004543286,18496.710503963615,optimize_random,18496.71050396363,0.9367856979370117,18219.390653602688,9.707320543760181,18219.390653602688,optimize_swarm,18070.12099547238,815.0202684402466,18496.710503963615,9.855077004543286,18496.710503963615,optimize_random,18496.71050396363,3488.7704334259033,18496.710503963615,9.855077004543286,18496.710503963615,optimize_single_point,18496.71050396363,0.5426568984985352,18496.710503963615,9.855077004543286,18496.710503963615,optimize_single_point,18496.71050396363,0.5337569713592529,18496.710503963615,9.855077004543286,18496.710503963615,optimize_single_point,18496.71050396363,5.511880159378052,18496.710503963615,9.855077004543286,18496.710503963615,optimize_single_point,18496.71050396363,11.053789377212524,18496.710503963615,9.855077004543286,18496.710503963615,optimize_single_point,18496.71050396363,10.831612825393677,18496.710503963615,9.855077004543286,18496.710503963615,optimize_single_point,18496.71050396363,7.256711483001709
2026-04-09 20:24:40,config_resnet_arato_area_0.3_hw_0.1_seed_1,inputs/task_graph_topology/soda-benchmark-graphs/pytorch-graphs/rez_net_tosa.dot,362,0.1,0.5,1.0,0.3,42,1876.8712304770884,31378.775410438444,16.718661835134082,31378.775410438444,None,14289.160633129684,0.0,18496.710503963615,9.855077004543286,18496.710503963615,optimize_random,18496.71050396363,0.9515423774719238,18219.390653602688,9.707320543760181,18219.390653602688,optimize_swarm,18070.12099547238,817.6053214073181,18496.710503963615,9.855077004543286,18496.710503963615,optimize_random,18496.71050396363,3526.409385204315,18496.710503963615,9.855077004543286,18496.710503963615,optimize_single_point,18496.71050396363,0.5377681255340576,18496.710503963615,9.855077004543286,18496.710503963615,optimize_single_point,18496.71050396363,0.5317535400390625,18496.710503963615,9.855077004543286,18496.710503963615,optimize_single_point,18496.71050396363,5.479600191116333,18496.710503963615,9.855077004543286,18496.710503963615,optimize_single_point,18496.71050396363,10.957745790481567,18496.710503963615,9.855077004543286,18496.710503963615,optimize_single_point,18496.71050396363,11.001088619232178,18496.710503963615,9.855077004543286,18496.710503963615,optimize_single_point,18496.71050396363,7.479871988296509
2026-04-09 20:24:49,config_resnet_arato_area_0.3_hw_0.1_seed_2,inputs/task_graph_topology/soda-benchmark-graphs/pytorch-graphs/rez_net_tosa.dot,362,0.1,0.5,1.0,0.3,42,1876.8712304770884,31378.775410438444,16.718661835134082,31378.775410438444,None,14289.160633129684,0.0,18496.710503963615,9.855077004543286,18496.710503963615,optimize_random,18496.71050396363,0.9519097805023193,18219.390653602688,9.707320543760181,18219.390653602688,optimize_swarm,18070.12099547238,818.6741116046906,18496.710503963615,9.855077004543286,18496.710503963615,optimize_random,18496.71050396363,3533.186043739319,18496.710503963615,9.855077004543286,18496.710503963615,optimize_single_point,18496.71050396363,0.5400698184967041,18496.710503963615,9.855077004543286,18496.710503963615,optimize_single_point,18496.71050396363,0.5386552810668945,18496.710503963615,9.855077004543286,18496.710503963615,optimize_single_point,18496.71050396363,5.56278133392334,18496.710503963615,9.855077004543286,18496.710503963615,optimize_single_point,18496.71050396363,11.631952285766602,18496.710503963615,9.855077004543286,18496.710503963615,optimize_single_point,18496.71050396363,11.153814315795898,18496.710503963615,9.855077004543286,18496.710503963615,optimize_single_point,18496.71050396363,7.685990333557129
2026-04-09 20:24:54,config_resnet_arato_area_0.1_hw_0.7_seed_1,inputs/task_graph_topology/soda-benchmark-graphs/pytorch-graphs/rez_net_tosa.dot,362,0.7,0.5,1.0,0.1,42,12459.889958209249,29220.939136421268,2.34520041785513,29220.939136421268,None,17838.26283700595,0.0,18496.710503963615,1.4845003098744851,18496.710503963615,optimize_random,18496.71050396363,0.9529013633728027,18496.710503963615,1.4845003098744851,18496.710503963615,optimize_swarm,18496.71050396363,836.1365849971771,18496.710503963615,1.4845003098744851,18496.710503963615,optimize_random,18496.71050396363,3519.972169160843,18496.710503963615,1.4845003098744851,18496.710503963615,optimize_single_point,18496.71050396363,0.5638680458068848,18496.710503963615,1.4845003098744851,18496.710503963615,optimize_single_point,18496.71050396363,0.5566527843475342,18496.710503963615,1.4845003098744851,18496.710503963615,optimize_single_point,18496.71050396363,5.798810958862305,18496.710503963615,1.4845003098744851,18496.710503963615,optimize_single_point,18496.71050396363,11.400394916534424,18496.710503963615,1.4845003098744851,18496.710503963615,optimize_single_point,18496.71050396363,11.156546592712402,18496.710503963615,1.4845003098744851,18496.710503963615,optimize_single_point,18496.71050396363,7.828749418258667
2026-04-09 20:25:01,config_resnet_arato_area_0.1_hw_0.7_seed_0,inputs/task_graph_topology/soda-benchmark-graphs/pytorch-graphs/rez_net_tosa.dot,362,0.7,0.5,1.0,0.1,42,12459.889958209249,29220.939136421268,2.34520041785513,29220.939136421268,None,17838.26283700595,0.0,18496.710503963615,1.4845003098744851,18496.710503963615,optimize_random,18496.71050396363,0.9505279064178467,18496.710503963615,1.4845003098744851,18496.710503963615,optimize_swarm,18496.71050396363,819.8663108348846,18496.710503963615,1.4845003098744851,18496.710503963615,optimize_random,18496.71050396363,3544.635761499405,18496.710503963615,1.4845003098744851,18496.710503963615,optimize_single_point,18496.71050396363,0.5693767070770264,18496.710503963615,1.4845003098744851,18496.710503963615,optimize_single_point,18496.71050396363,0.5545837879180908,18496.710503963615,1.4845003098744851,18496.710503963615,optimize_single_point,18496.71050396363,5.688991546630859,18496.710503963615,1.4845003098744851,18496.710503963615,optimize_single_point,18496.71050396363,11.191333770751953,18496.710503963615,1.4845003098744851,18496.710503963615,optimize_single_point,18496.71050396363,11.076281547546387,18496.710503963615,1.4845003098744851,18496.710503963615,optimize_single_point,18496.71050396363,7.679814577102661
2026-04-09 20:25:40,config_resnet_arato_area_0.3_hw_0.3_seed_3,inputs/task_graph_topology/soda-benchmark-graphs/pytorch-graphs/rez_net_tosa.dot,362,0.3,0.5,1.0,0.3,42,5629.515000900963,35167.262427798014,6.246943550584686,35167.262427798014,None,15932.151430781709,0.0,18496.710503963615,3.285666793854062,18496.710503963615,optimize_random,18496.71050396363,0.9760408401489258,18320.94937710076,3.2544454316523934,18320.94937710076,optimize_swarm,18219.71086279043,803.6726930141449,18496.710503963615,3.285666793854062,18496.710503963615,optimize_random,18496.71050396363,3601.8922510147095,18496.710503963615,3.285666793854062,18496.710503963615,optimize_single_point,18496.71050396363,0.5427353382110596,18496.710503963615,3.285666793854062,18496.710503963615,optimize_single_point,18496.71050396363,0.5326178073883057,18496.710503963615,3.285666793854062,18496.710503963615,optimize_single_point,18496.71050396363,5.552858591079712,18496.710503963615,3.285666793854062,18496.710503963615,optimize_single_point,18496.71050396363,11.000017642974854,18496.710503963615,3.285666793854062,18496.710503963615,optimize_single_point,18496.71050396363,10.914351224899292,18496.710503963615,3.285666793854062,18496.710503963615,optimize_single_point,18496.71050396363,7.427795886993408
2026-04-09 20:25:55,config_resnet_arato_area_0.3_hw_0.5_seed_0,inputs/task_graph_topology/soda-benchmark-graphs/pytorch-graphs/rez_net_tosa.dot,362,0.5,0.5,1.0,0.3,42,9311.942737816993,34761.444632615894,3.732995961352427,34761.444632615894,None,16006.478586912192,0.0,18496.710503963615,1.986342809953728,18496.710503963615,optimize_random,18496.71050396363,0.972407341003418,18400.1610402362,1.9759744618607658,18400.1610402362,optimize_swarm,18266.985504396922,844.225921869278,18496.710503963615,1.986342809953728,18496.710503963615,optimize_random,18496.71050396363,3575.9663388729095,18496.710503963615,1.986342809953728,18496.710503963615,optimize_single_point,18496.71050396363,0.5599873065948486,18496.710503963615,1.986342809953728,18496.710503963615,optimize_single_point,18496.71050396363,0.5537116527557373,18496.710503963615,1.986342809953728,18496.710503963615,optimize_single_point,18496.71050396363,5.688394784927368,18496.710503963615,1.986342809953728,18496.710503963615,optimize_single_point,18496.71050396363,10.99099850654602,18496.710503963615,1.986342809953728,18496.710503963615,optimize_single_point,18496.71050396363,10.813261985778809,18496.710503963615,1.986342809953728,18496.710503963615,optimize_single_point,18496.71050396363,7.38966178894043
2026-04-09 20:26:11,config_resnet_arato_area_0.1_hw_0.9_seed_1,inputs/task_graph_topology/soda-benchmark-graphs/pytorch-graphs/rez_net_tosa.dot,362,0.9,0.5,1.0,0.1,42,14476.759981256146,27985.767379952402,1.9331513001657215,27985.767379952402,None,17604.860229538426,0.0,18496.710503963615,1.277683026306461,18496.710503963615,optimize_random,18496.71050396363,0.9726686477661133,18496.710503963615,1.277683026306461,18496.710503963615,optimize_swarm,18496.71050396363,833.2130739688873,18496.710503963615,1.277683026306461,18496.710503963615,optimize_random,18496.71050396363,3602.1406083106995,18496.710503963615,1.277683026306461,18496.710503963615,optimize_single_point,18496.71050396363,0.5641486644744873,18496.710503963615,1.277683026306461,18496.710503963615,optimize_single_point,18496.71050396363,0.5572495460510254,18496.710503963615,1.277683026306461,18496.710503963615,optimize_single_point,18496.71050396363,5.740987539291382,18496.710503963615,1.277683026306461,18496.710503963615,optimize_single_point,18496.71050396363,11.347475290298462,18496.710503963615,1.277683026306461,18496.710503963615,optimize_single_point,18496.71050396363,11.265800952911377,18496.710503963615,1.277683026306461,18496.710503963615,optimize_single_point,18496.71050396363,7.683785915374756
2026-04-09 20:26:38,config_resnet_arato_area_0.1_hw_0.9_seed_3,inputs/task_graph_topology/soda-benchmark-graphs/pytorch-graphs/rez_net_tosa.dot,362,0.9,0.5,1.0,0.1,42,14476.759981256146,27985.767379952402,1.9331513001657215,27985.767379952402,None,17604.860229538426,0.0,18496.710503963615,1.277683026306461,18496.710503963615,optimize_random,18496.71050396363,0.978400468826294,18496.710503963615,1.277683026306461,18496.710503963615,optimize_swarm,18496.71050396363,840.4108958244324,18496.710503963615,1.277683026306461,18496.710503963615,optimize_random,18496.71050396363,3622.5414369106293,18496.710503963615,1.277683026306461,18496.710503963615,optimize_single_point,18496.71050396363,0.5635471343994141,18496.710503963615,1.277683026306461,18496.710503963615,optimize_single_point,18496.71050396363,0.5605111122131348,18496.710503963615,1.277683026306461,18496.710503963615,optimize_single_point,18496.71050396363,5.697831392288208,18496.710503963615,1.277683026306461,18496.710503963615,optimize_single_point,18496.71050396363,11.159810543060303,18496.710503963615,1.277683026306461,18496.710503963615,optimize_single_point,18496.71050396363,10.988486766815186,18496.710503963615,1.277683026306461,18496.710503963615,optimize_single_point,18496.71050396363,7.56207275390625
2026-04-09 20:27:08,config_resnet_arato_area_0.5_hw_0.9_seed_1,inputs/task_graph_topology/soda-benchmark-graphs/pytorch-graphs/rez_net_tosa.dot,362,0.9,0.5,1.0,0.5,42,14476.759981256146,36964.18800115859,2.5533467467180606,36964.18800115859,None,18285.066572794603,0.0,18496.710503963615,1.277683026306461,18496.710503963615,optimize_random,18496.71050396363,0.9689297676086426,18446.13788918236,1.2741896607435355,18446.13788918236,optimize_swarm,18371.941238946805,862.0589444637299,18496.710503963615,1.277683026306461,18496.710503963615,optimize_random,18496.71050396363,3624.888067007065,18496.710503963615,1.277683026306461,18496.710503963615,optimize_single_point,18496.71050396363,0.5603570938110352,18496.710503963615,1.277683026306461,18496.710503963615,optimize_single_point,18496.71050396363,0.5522613525390625,18496.710503963615,1.277683026306461,18496.710503963615,optimize_single_point,18496.71050396363,5.858687877655029,18496.710503963615,1.277683026306461,18496.710503963615,optimize_single_point,18496.71050396363,13.653894901275635,18496.710503963615,1.277683026306461,18496.710503963615,optimize_single_point,18496.71050396363,13.612861633300781,18496.710503963615,1.277683026306461,18496.710503963615,optimize_single_point,18496.71050396363,7.811720132827759
2026-04-09 20:27:21,config_resnet_arato_area_0.5_hw_0.7_seed_3,inputs/task_graph_topology/soda-benchmark-graphs/pytorch-graphs/rez_net_tosa.dot,362,0.7,0.5,1.0,0.5,42,12459.889958209249,35018.604906863926,2.810506756024099,35018.604906863926,None,15652.672074748769,0.0,18496.710503963615,1.4845003098744851,18496.710503963615,optimize_random,18496.71050396363,0.9737718105316162,18438.873044852826,1.4798584182281882,18438.873044852826,optimize_swarm,18399.372043329662,858.601881980896,18496.710503963615,1.4845003098744851,18496.710503963615,optimize_random,18496.71050396363,3642.574121236801,18496.710503963615,1.4845003098744851,18496.710503963615,optimize_single_point,18496.71050396363,0.5597505569458008,18496.710503963615,1.4845003098744851,18496.710503963615,optimize_single_point,18496.71050396363,0.5553383827209473,18496.710503963615,1.4845003098744851,18496.710503963615,optimize_single_point,18496.71050396363,5.873281478881836,18496.710503963615,1.4845003098744851,18496.710503963615,optimize_single_point,18496.71050396363,13.676288366317749,18496.710503963615,1.4845003098744851,18496.710503963615,optimize_single_point,18496.71050396363,13.308818817138672,18496.710503963615,1.4845003098744851,18496.710503963615,optimize_single_point,18496.71050396363,7.577454090118408
2026-04-09 20:27:31,config_resnet_arato_area_0.5_hw_0.9_seed_0,inputs/task_graph_topology/soda-benchmark-graphs/pytorch-graphs/rez_net_tosa.dot,362,0.9,0.5,1.0,0.5,42,14476.759981256146,36964.18800115859,2.5533467467180606,36964.18800115859,None,18285.066572794603,0.0,18496.710503963615,1.277683026306461,18496.710503963615,optimize_random,18496.71050396363,0.9830052852630615,18446.13788918236,1.2741896607435355,18446.13788918236,optimize_swarm,18371.941238946805,863.4902606010437,18496.710503963615,1.277683026306461,18496.710503963615,optimize_random,18496.71050396363,3646.6778938770294,18496.710503963615,1.277683026306461,18496.710503963615,optimize_single_point,18496.71050396363,0.5699710845947266,18496.710503963615,1.277683026306461,18496.710503963615,optimize_single_point,18496.71050396363,0.5640058517456055,18496.710503963615,1.277683026306461,18496.710503963615,optimize_single_point,18496.71050396363,5.9688568115234375,18496.710503963615,1.277683026306461,18496.710503963615,optimize_single_point,18496.71050396363,13.927406072616577,18496.710503963615,1.277683026306461,18496.710503963615,optimize_single_point,18496.71050396363,13.423488855361938,18496.710503963615,1.277683026306461,18496.710503963615,optimize_single_point,18496.71050396363,7.861057281494141
2026-04-09 20:27:58,config_resnet_arato_area_0.1_hw_0.7_seed_2,inputs/task_graph_topology/soda-benchmark-graphs/pytorch-graphs/rez_net_tosa.dot,362,0.7,0.5,1.0,0.1,42,12459.889958209249,29220.939136421268,2.34520041785513,29220.939136421268,None,17838.26283700595,0.0,18496.710503963615,1.4845003098744851,18496.710503963615,optimize_random,18496.71050396363,0.9963350296020508,18496.710503963615,1.4845003098744851,18496.710503963615,optimize_swarm,18496.71050396363,849.1925880908966,18496.710503963615,1.4845003098744851,18496.710503963615,optimize_random,18496.71050396363,3691.9182221889496,18496.710503963615,1.4845003098744851,18496.710503963615,optimize_single_point,18496.71050396363,0.5629310607910156,18496.710503963615,1.4845003098744851,18496.710503963615,optimize_single_point,18496.71050396363,0.555819034576416,18496.710503963615,1.4845003098744851,18496.710503963615,optimize_single_point,18496.71050396363,5.731574296951294,18496.710503963615,1.4845003098744851,18496.710503963615,optimize_single_point,18496.71050396363,11.110886096954346,18496.710503963615,1.4845003098744851,18496.710503963615,optimize_single_point,18496.71050396363,10.983304977416992,18496.710503963615,1.4845003098744851,18496.710503963615,optimize_single_point,18496.71050396363,7.563013553619385
2026-04-09 20:28:03,config_resnet_arato_area_0.3_hw_0.1_seed_3,inputs/task_graph_topology/soda-benchmark-graphs/pytorch-graphs/rez_net_tosa.dot,362,0.1,0.5,1.0,0.3,42,1876.8712304770884,31378.775410438444,16.718661835134082,31378.775410438444,None,14289.160633129684,0.0,18496.710503963615,9.855077004543286,18496.710503963615,optimize_random,18496.71050396363,1.002971887588501,18219.390653602688,9.707320543760181,18219.390653602688,optimize_swarm,18070.12099547238,858.6559717655182,18496.710503963615,9.855077004543286,18496.710503963615,optimize_random,18496.71050396363,3688.1576104164124,18496.710503963615,9.855077004543286,18496.710503963615,optimize_single_point,18496.71050396363,0.57271409034729,18496.710503963615,9.855077004543286,18496.710503963615,optimize_single_point,18496.71050396363,0.5667037963867188,18496.710503963615,9.855077004543286,18496.710503963615,optimize_single_point,18496.71050396363,5.795734167098999,18496.710503963615,9.855077004543286,18496.710503963615,optimize_single_point,18496.71050396363,11.162817239761353,18496.710503963615,9.855077004543286,18496.710503963615,optimize_single_point,18496.71050396363,11.054880857467651,18496.710503963615,9.855077004543286,18496.710503963615,optimize_single_point,18496.71050396363,7.676244258880615
2026-04-09 20:28:10,config_resnet_arato_area_0.5_hw_0.3_seed_0,inputs/task_graph_topology/soda-benchmark-graphs/pytorch-graphs/rez_net_tosa.dot,362,0.3,0.5,1.0,0.5,42,5629.515000900963,31525.940186825334,5.600116560979025,31525.940186825334,None,12758.347233287916,0.0,18496.710503963615,3.285666793854062,18496.710503963615,optimize_random,18496.71050396363,0.9734578132629395,18368.051160884326,3.262812366241968,18368.051160884326,optimize_swarm,18313.181488767288,858.7844970226288,18496.710503963615,3.285666793854062,18496.710503963615,optimize_random,18496.71050396363,3689.002274274826,18496.710503963615,3.285666793854062,18496.710503963615,optimize_single_point,18496.71050396363,0.5561327934265137,18496.710503963615,3.285666793854062,18496.710503963615,optimize_single_point,18496.71050396363,0.5489706993103027,18496.710503963615,3.285666793854062,18496.710503963615,optimize_single_point,18496.71050396363,5.843031406402588,18496.710503963615,3.285666793854062,18496.710503963615,optimize_single_point,18496.71050396363,13.68262767791748,18496.710503963615,3.285666793854062,18496.710503963615,optimize_single_point,18496.71050396363,13.481984376907349,18496.710503963615,3.285666793854062,18496.710503963615,optimize_single_point,18496.71050396363,7.839124917984009
2026-04-09 20:28:13,config_resnet_arato_area_0.3_hw_0.7_seed_0,inputs/task_graph_topology/soda-benchmark-graphs/pytorch-graphs/rez_net_tosa.dot,362,0.7,0.5,1.0,0.3,42,12459.889958209249,35710.06410167901,2.8660015635331746,35710.06410167901,None,17380.287117038904,0.0,18496.710503963615,1.4845003098744851,18496.710503963615,optimize_random,18496.71050396363,0.9833512306213379,18396.47227049977,1.476455436781701,18396.47227049977,optimize_swarm,18253.43845157,866.4641251564026,18496.710503963615,1.4845003098744851,18496.710503963615,optimize_random,18496.71050396363,3688.7421901226044,18496.710503963615,1.4845003098744851,18496.710503963615,optimize_single_point,18496.71050396363,0.5795168876647949,18496.710503963615,1.4845003098744851,18496.710503963615,optimize_single_point,18496.71050396363,0.5722746849060059,18496.710503963615,1.4845003098744851,18496.710503963615,optimize_single_point,18496.71050396363,6.140464544296265,18496.710503963615,1.4845003098744851,18496.710503963615,optimize_single_point,18496.71050396363,11.770680665969849,18496.710503963615,1.4845003098744851,18496.710503963615,optimize_single_point,18496.71050396363,11.693359613418579,18496.710503963615,1.4845003098744851,18496.710503963615,optimize_single_point,18496.71050396363,8.055002212524414
2026-04-09 20:28:14,config_resnet_arato_area_0.3_hw_0.7_seed_2,inputs/task_graph_topology/soda-benchmark-graphs/pytorch-graphs/rez_net_tosa.dot,362,0.7,0.5,1.0,0.3,42,12459.889958209249,35710.06410167901,2.8660015635331746,35710.06410167901,None,17380.287117038904,0.0,18496.710503963615,1.4845003098744851,18496.710503963615,optimize_random,18496.71050396363,0.9824817180633545,18396.47227049977,1.476455436781701,18396.47227049977,optimize_swarm,18253.43845157,864.2884743213654,18496.710503963615,1.4845003098744851,18496.710503963615,optimize_random,18496.71050396363,3691.343014717102,18496.710503963615,1.4845003098744851,18496.710503963615,optimize_single_point,18496.71050396363,0.5725686550140381,18496.710503963615,1.4845003098744851,18496.710503963615,optimize_single_point,18496.71050396363,0.563725471496582,18496.710503963615,1.4845003098744851,18496.710503963615,optimize_single_point,18496.71050396363,6.058152675628662,18496.710503963615,1.4845003098744851,18496.710503963615,optimize_single_point,18496.71050396363,11.670604467391968,18496.710503963615,1.4845003098744851,18496.710503963615,optimize_single_point,18496.71050396363,11.532859086990356,18496.710503963615,1.4845003098744851,18496.710503963615,optimize_single_point,18496.71050396363,7.879581928253174
2026-04-09 20:28:22,config_resnet_arato_area_0.3_hw_0.9_seed_0,inputs/task_graph_topology/soda-benchmark-graphs/pytorch-graphs/rez_net_tosa.dot,362,0.9,0.5,1.0,0.3,42,14476.759981256146,35670.03868636114,2.4639517911842908,35670.03868636114,None,18482.907632920924,0.0,18496.710503963615,1.277683026306461,18496.710503963615,optimize_random,18496.71050396363,0.9929566383361816,18411.35825841142,1.2717872149741802,18411.35825841142,optimize_swarm,18302.576746315564,865.4629340171814,18496.710503963615,1.277683026306461,18496.710503963615,optimize_random,18496.71050396363,3698.0977721214294,18496.710503963615,1.277683026306461,18496.710503963615,optimize_single_point,18496.71050396363,0.5773975849151611,18496.710503963615,1.277683026306461,18496.710503963615,optimize_single_point,18496.71050396363,0.5699851512908936,18496.710503963615,1.277683026306461,18496.710503963615,optimize_single_point,18496.71050396363,5.947556257247925,18496.710503963615,1.277683026306461,18496.710503963615,optimize_single_point,18496.71050396363,11.83383321762085,18496.710503963615,1.277683026306461,18496.710503963615,optimize_single_point,18496.71050396363,11.777790069580078,18496.710503963615,1.277683026306461,18496.710503963615,optimize_single_point,18496.71050396363,8.136756420135498
2026-04-09 20:28:46,config_resnet_arato_area_0.5_hw_0.5_seed_1,inputs/task_graph_topology/soda-benchmark-graphs/pytorch-graphs/rez_net_tosa.dot,362,0.5,0.5,1.0,0.5,42,9311.942737816993,33103.829961925556,3.554986418407263,33103.829961925556,None,13322.5504469303,0.0,18496.710503963615,1.986342809953728,18496.710503963615,optimize_random,18496.71050396363,0.9841005802154541,18429.700948088062,1.9791467223313868,18429.700948088062,optimize_swarm,18399.372043329662,877.5108404159546,18496.710503963615,1.986342809953728,18496.710503963615,optimize_random,18496.71050396363,3706.6663348674774,18496.710503963615,1.986342809953728,18496.710503963615,optimize_single_point,18496.71050396363,0.5722873210906982,18496.710503963615,1.986342809953728,18496.710503963615,optimize_single_point,18496.71050396363,0.568122386932373,18496.710503963615,1.986342809953728,18496.710503963615,optimize_single_point,18496.71050396363,5.954617738723755,18496.710503963615,1.986342809953728,18496.710503963615,optimize_single_point,18496.71050396363,13.855076551437378,18496.710503963615,1.986342809953728,18496.710503963615,optimize_single_point,18496.71050396363,13.789733648300171,18496.710503963615,1.986342809953728,18496.710503963615,optimize_single_point,18496.71050396363,7.9721550941467285
2026-04-09 20:28:50,config_resnet_arato_area_0.3_hw_0.5_seed_3,inputs/task_graph_topology/soda-benchmark-graphs/pytorch-graphs/rez_net_tosa.dot,362,0.5,0.5,1.0,0.3,42,9311.942737816993,34761.444632615894,3.732995961352427,34761.444632615894,None,16006.478586912192,0.0,18496.710503963615,1.986342809953728,18496.710503963615,optimize_random,18496.71050396363,0.9913980960845947,18400.1610402362,1.9759744618607658,18400.1610402362,optimize_swarm,18266.985504396922,859.5778784751892,18496.710503963615,1.986342809953728,18496.710503963615,optimize_random,18496.71050396363,3732.038375377655,18496.710503963615,1.986342809953728,18496.710503963615,optimize_single_point,18496.71050396363,0.5677769184112549,18496.710503963615,1.986342809953728,18496.710503963615,optimize_single_point,18496.71050396363,0.5961990356445312,18496.710503963615,1.986342809953728,18496.710503963615,optimize_single_point,18496.71050396363,6.040423393249512,18496.710503963615,1.986342809953728,18496.710503963615,optimize_single_point,18496.71050396363,11.497950077056885,18496.710503963615,1.986342809953728,18496.710503963615,optimize_single_point,18496.71050396363,11.374098062515259,18496.710503963615,1.986342809953728,18496.710503963615,optimize_single_point,18496.71050396363,8.120334148406982
2026-04-09 20:28:56,config_resnet_arato_area_0.5_hw_0.7_seed_0,inputs/task_graph_topology/soda-benchmark-graphs/pytorch-graphs/rez_net_tosa.dot,362,0.7,0.5,1.0,0.5,42,12459.889958209249,35018.604906863926,2.810506756024099,35018.604906863926,None,15652.672074748769,0.0,18496.710503963615,1.4845003098744851,18496.710503963615,optimize_random,18496.71050396363,0.9865634441375732,18438.873044852826,1.4798584182281882,18438.873044852826,optimize_swarm,18399.372043329662,874.8803856372833,18496.710503963615,1.4845003098744851,18496.710503963615,optimize_random,18496.71050396363,3718.448555469513,18496.710503963615,1.4845003098744851,18496.710503963615,optimize_single_point,18496.71050396363,0.5734331607818604,18496.710503963615,1.4845003098744851,18496.710503963615,optimize_single_point,18496.71050396363,0.5643017292022705,18496.710503963615,1.4845003098744851,18496.710503963615,optimize_single_point,18496.71050396363,6.102351665496826,18496.710503963615,1.4845003098744851,18496.710503963615,optimize_single_point,18496.71050396363,14.281269073486328,18496.710503963615,1.4845003098744851,18496.710503963615,optimize_single_point,18496.71050396363,14.037912368774414,18496.710503963615,1.4845003098744851,18496.710503963615,optimize_single_point,18496.71050396363,8.219490766525269
2026-04-09 20:29:00,config_resnet_arato_area_0.5_hw_0.3_seed_2,inputs/task_graph_topology/soda-benchmark-graphs/pytorch-graphs/rez_net_tosa.dot,362,0.3,0.5,1.0,0.5,42,5629.515000900963,31525.940186825334,5.600116560979025,31525.940186825334,None,12758.347233287916,0.0,18496.710503963615,3.285666793854062,18496.710503963615,optimize_random,18496.71050396363,1.0055088996887207,18368.051160884326,3.262812366241968,18368.051160884326,optimize_swarm,18313.181488767288,868.64795088768,18496.710503963615,3.285666793854062,18496.710503963615,optimize_random,18496.71050396363,3728.5984008312225,18496.710503963615,3.285666793854062,18496.710503963615,optimize_single_point,18496.71050396363,0.5834474563598633,18496.710503963615,3.285666793854062,18496.710503963615,optimize_single_point,18496.71050396363,0.5755560398101807,18496.710503963615,3.285666793854062,18496.710503963615,optimize_single_point,18496.71050396363,6.110318899154663,18496.710503963615,3.285666793854062,18496.710503963615,optimize_single_point,18496.71050396363,14.06021785736084,18496.710503963615,3.285666793854062,18496.710503963615,optimize_single_point,18496.71050396363,13.859179258346558,18496.710503963615,3.285666793854062,18496.710503963615,optimize_single_point,18496.71050396363,8.107830047607422
2026-04-09 20:29:06,config_resnet_arato_area_0.3_hw_0.9_seed_1,inputs/task_graph_topology/soda-benchmark-graphs/pytorch-graphs/rez_net_tosa.dot,362,0.9,0.5,1.0,0.3,42,14476.759981256146,35670.03868636114,2.4639517911842908,35670.03868636114,None,18482.907632920924,0.0,18496.710503963615,1.277683026306461,18496.710503963615,optimize_random,18496.71050396363,0.9890005588531494,18411.35825841142,1.2717872149741802,18411.35825841142,optimize_swarm,18302.576746315564,880.9207060337067,18496.710503963615,1.277683026306461,18496.710503963615,optimize_random,18496.71050396363,3725.733271598816,18496.710503963615,1.277683026306461,18496.710503963615,optimize_single_point,18496.71050396363,0.5778648853302002,18496.710503963615,1.277683026306461,18496.710503963615,optimize_single_point,18496.71050396363,0.5710744857788086,18496.710503963615,1.277683026306461,18496.710503963615,optimize_single_point,18496.71050396363,6.067785739898682,18496.710503963615,1.277683026306461,18496.710503963615,optimize_single_point,18496.71050396363,11.784373044967651,18496.710503963615,1.277683026306461,18496.710503963615,optimize_single_point,18496.71050396363,11.788134574890137,18496.710503963615,1.277683026306461,18496.710503963615,optimize_single_point,18496.71050396363,8.100450992584229
2026-04-09 20:29:08,config_resnet_arato_area_0.5_hw_0.3_seed_3,inputs/task_graph_topology/soda-benchmark-graphs/pytorch-graphs/rez_net_tosa.dot,362,0.3,0.5,1.0,0.5,42,5629.515000900963,31525.940186825334,5.600116560979025,31525.940186825334,None,12758.347233287916,0.0,18496.710503963615,3.285666793854062,18496.710503963615,optimize_random,18496.71050396363,0.9951608180999756,18368.051160884326,3.262812366241968,18368.051160884326,optimize_swarm,18313.181488767288,869.547281742096,18496.710503963615,3.285666793854062,18496.710503963615,optimize_random,18496.71050396363,3736.0350284576416,18496.710503963615,3.285666793854062,18496.710503963615,optimize_single_point,18496.71050396363,0.575791597366333,18496.710503963615,3.285666793854062,18496.710503963615,optimize_single_point,18496.71050396363,0.5665490627288818,18496.710503963615,3.285666793854062,18496.710503963615,optimize_single_point,18496.71050396363,6.047370195388794,18496.710503963615,3.285666793854062,18496.710503963615,optimize_single_point,18496.71050396363,14.10650634765625,18496.710503963615,3.285666793854062,18496.710503963615,optimize_single_point,18496.71050396363,13.857939958572388,18496.710503963615,3.285666793854062,18496.710503963615,optimize_single_point,18496.71050396363,7.811284303665161
2026-04-09 20:29:08,config_resnet_arato_area_0.3_hw_0.9_seed_3,inputs/task_graph_topology/soda-benchmark-graphs/pytorch-graphs/rez_net_tosa.dot,362,0.9,0.5,1.0,0.3,42,14476.759981256146,35670.03868636114,2.4639517911842908,35670.03868636114,None,18482.907632920924,0.0,18496.710503963615,1.277683026306461,18496.710503963615,optimize_random,18496.71050396363,0.988837718963623,18411.35825841142,1.2717872149741802,18411.35825841142,optimize_swarm,18302.576746315564,873.61217212677,18496.710503963615,1.277683026306461,18496.710503963615,optimize_random,18496.71050396363,3735.401597261429,18496.710503963615,1.277683026306461,18496.710503963615,optimize_single_point,18496.71050396363,0.575981616973877,18496.710503963615,1.277683026306461,18496.710503963615,optimize_single_point,18496.71050396363,0.5684523582458496,18496.710503963615,1.277683026306461,18496.710503963615,optimize_single_point,18496.71050396363,6.044986248016357,18496.710503963615,1.277683026306461,18496.710503963615,optimize_single_point,18496.71050396363,11.891690731048584,18496.710503963615,1.277683026306461,18496.710503963615,optimize_single_point,18496.71050396363,11.91254997253418,18496.710503963615,1.277683026306461,18496.710503963615,optimize_single_point,18496.71050396363,8.068561315536499
2026-04-09 20:29:23,config_resnet_arato_area_0.3_hw_0.9_seed_2,inputs/task_graph_topology/soda-benchmark-graphs/pytorch-graphs/rez_net_tosa.dot,362,0.9,0.5,1.0,0.3,42,14476.759981256146,35670.03868636114,2.4639517911842908,35670.03868636114,None,18482.907632920924,0.0,18496.710503963615,1.277683026306461,18496.710503963615,optimize_random,18496.71050396363,0.997516393661499,18411.35825841142,1.2717872149741802,18411.35825841142,optimize_swarm,18302.576746315564,876.0514779090881,18496.710503963615,1.277683026306461,18496.710503963615,optimize_random,18496.71050396363,3748.0564119815826,18496.710503963615,1.277683026306461,18496.710503963615,optimize_single_point,18496.71050396363,0.5772111415863037,18496.710503963615,1.277683026306461,18496.710503963615,optimize_single_point,18496.71050396363,0.571321964263916,18496.710503963615,1.277683026306461,18496.710503963615,optimize_single_point,18496.71050396363,6.1106650829315186,18496.710503963615,1.277683026306461,18496.710503963615,optimize_single_point,18496.71050396363,12.03577184677124,18496.710503963615,1.277683026306461,18496.710503963615,optimize_single_point,18496.71050396363,11.638515710830688,18496.710503963615,1.277683026306461,18496.710503963615,optimize_single_point,18496.71050396363,7.886784315109253
2026-04-09 20:29:24,config_resnet_arato_area_0.5_hw_0.3_seed_1,inputs/task_graph_topology/soda-benchmark-graphs/pytorch-graphs/rez_net_tosa.dot,362,0.3,0.5,1.0,0.5,42,5629.515000900963,31525.940186825334,5.600116560979025,31525.940186825334,None,12758.347233287916,0.0,18496.710503963615,3.285666793854062,18496.710503963615,optimize_random,18496.71050396363,0.9889318943023682,18368.051160884326,3.262812366241968,18368.051160884326,optimize_swarm,18313.181488767288,872.5472936630249,18496.710503963615,3.285666793854062,18496.710503963615,optimize_random,18496.71050396363,3750.2043178081512,18496.710503963615,3.285666793854062,18496.710503963615,optimize_single_point,18496.71050396363,0.5737030506134033,18496.710503963615,3.285666793854062,18496.710503963615,optimize_single_point,18496.71050396363,0.5677289962768555,18496.710503963615,3.285666793854062,18496.710503963615,optimize_single_point,18496.71050396363,6.060314416885376,18496.710503963615,3.285666793854062,18496.710503963615,optimize_single_point,18496.71050396363,13.81087040901184,18496.710503963615,3.285666793854062,18496.710503963615,optimize_single_point,18496.71050396363,13.44034457206726,18496.710503963615,3.285666793854062,18496.710503963615,optimize_single_point,18496.71050396363,7.845806837081909
2026-04-09 20:29:55,config_resnet_arato_area_0.3_hw_0.7_seed_1,inputs/task_graph_topology/soda-benchmark-graphs/pytorch-graphs/rez_net_tosa.dot,362,0.7,0.5,1.0,0.3,42,12459.889958209249,35710.06410167901,2.8660015635331746,35710.06410167901,None,17380.287117038904,0.0,18496.710503963615,1.4845003098744851,18496.710503963615,optimize_random,18496.71050396363,1.0066430568695068,18396.47227049977,1.476455436781701,18396.47227049977,optimize_swarm,18253.43845157,904.1586763858795,18496.710503963615,1.4845003098744851,18496.710503963615,optimize_random,18496.71050396363,3751.900497198105,18496.710503963615,1.4845003098744851,18496.710503963615,optimize_single_point,18496.71050396363,0.5886218547821045,18496.710503963615,1.4845003098744851,18496.710503963615,optimize_single_point,18496.71050396363,0.5844416618347168,18496.710503963615,1.4845003098744851,18496.710503963615,optimize_single_point,18496.71050396363,6.205043315887451,18496.710503963615,1.4845003098744851,18496.710503963615,optimize_single_point,18496.71050396363,11.952333688735962,18496.710503963615,1.4845003098744851,18496.710503963615,optimize_single_point,18496.71050396363,11.96082329750061,18496.710503963615,1.4845003098744851,18496.710503963615,optimize_single_point,18496.71050396363,8.118957281112671
2026-04-09 20:29:58,config_resnet_arato_area_0.3_hw_0.7_seed_3,inputs/task_graph_topology/soda-benchmark-graphs/pytorch-graphs/rez_net_tosa.dot,362,0.7,0.5,1.0,0.3,42,12459.889958209249,35710.06410167901,2.8660015635331746,35710.06410167901,None,17380.287117038904,0.0,18496.710503963615,1.4845003098744851,18496.710503963615,optimize_random,18496.71050396363,1.0006182193756104,18396.47227049977,1.476455436781701,18396.47227049977,optimize_swarm,18253.43845157,876.1902439594269,18496.710503963615,1.4845003098744851,18496.710503963615,optimize_random,18496.71050396363,3783.8913283348083,18496.710503963615,1.4845003098744851,18496.710503963615,optimize_single_point,18496.71050396363,0.5627632141113281,18496.710503963615,1.4845003098744851,18496.710503963615,optimize_single_point,18496.71050396363,0.5562772750854492,18496.710503963615,1.4845003098744851,18496.710503963615,optimize_single_point,18496.71050396363,5.902929067611694,18496.710503963615,1.4845003098744851,18496.710503963615,optimize_single_point,18496.71050396363,11.77705430984497,18496.710503963615,1.4845003098744851,18496.710503963615,optimize_single_point,18496.71050396363,12.00328516960144,18496.710503963615,1.4845003098744851,18496.710503963615,optimize_single_point,18496.71050396363,8.403178930282593
2026-04-09 20:30:17,config_resnet_arato_area_0.1_hw_0.3_seed_1,inputs/task_graph_topology/soda-benchmark-graphs/pytorch-graphs/rez_net_tosa.dot,362,0.3,0.5,1.0,0.1,42,5629.515000900963,30835.508131350318,5.477471527549943,30835.508131350318,None,16271.662241678145,0.0,18496.710503963615,3.285666793854062,18496.710503963615,optimize_random,18496.71050396363,1.028182029724121,18496.710503963615,3.285666793854062,18496.710503963615,optimize_swarm,18496.71050396363,905.981187582016,18496.710503963615,3.285666793854062,18496.710503963615,optimize_random,18496.71050396363,3772.55398273468,18496.710503963615,3.285666793854062,18496.710503963615,optimize_single_point,18496.71050396363,0.5818965435028076,18496.710503963615,3.285666793854062,18496.710503963615,optimize_single_point,18496.71050396363,0.5648176670074463,18496.710503963615,3.285666793854062,18496.710503963615,optimize_single_point,18496.71050396363,5.7591166496276855,18496.710503963615,3.285666793854062,18496.710503963615,optimize_single_point,18496.71050396363,11.614164590835571,18496.710503963615,3.285666793854062,18496.710503963615,optimize_single_point,18496.71050396363,11.903035402297974,18496.710503963615,3.285666793854062,18496.710503963615,optimize_single_point,18496.71050396363,8.010175943374634
2026-04-09 20:30:24,config_resnet_arato_area_0.5_hw_0.5_seed_3,inputs/task_graph_topology/soda-benchmark-graphs/pytorch-graphs/rez_net_tosa.dot,362,0.5,0.5,1.0,0.5,42,9311.942737816993,33103.829961925556,3.554986418407263,33103.829961925556,None,13322.5504469303,0.0,18496.710503963615,1.986342809953728,18496.710503963615,optimize_random,18496.71050396363,1.019211769104004,18429.700948088062,1.9791467223313868,18429.700948088062,optimize_swarm,18399.372043329662,885.5997183322906,18496.710503963615,1.986342809953728,18496.710503963615,optimize_random,18496.71050396363,3794.180539369583,18496.710503963615,1.986342809953728,18496.710503963615,optimize_single_point,18496.71050396363,0.5929946899414062,18496.710503963615,1.986342809953728,18496.710503963615,optimize_single_point,18496.71050396363,0.5818142890930176,18496.710503963615,1.986342809953728,18496.710503963615,optimize_single_point,18496.71050396363,6.2367048263549805,18496.710503963615,1.986342809953728,18496.710503963615,optimize_single_point,18496.71050396363,14.129914999008179,18496.710503963615,1.986342809953728,18496.710503963615,optimize_single_point,18496.71050396363,14.107469320297241,18496.710503963615,1.986342809953728,18496.710503963615,optimize_single_point,18496.71050396363,8.396809816360474
2026-04-09 20:30:24,config_resnet_arato_area_0.5_hw_0.1_seed_1,inputs/task_graph_topology/soda-benchmark-graphs/pytorch-graphs/rez_net_tosa.dot,362,0.1,0.5,1.0,0.5,42,1876.8712304770884,27091.396431290876,14.434339442884646,27091.396431290876,None,11726.626114450048,0.0,18496.710503963615,9.855077004543286,18496.710503963615,optimize_random,18496.71050396363,1.0157077312469482,18366.15788758571,9.78551836127679,18366.15788758571,optimize_swarm,18219.96020312568,889.7164573669434,18496.710503963615,9.855077004543286,18496.710503963615,optimize_random,18496.71050396363,3790.0616188049316,18496.710503963615,9.855077004543286,18496.710503963615,optimize_single_point,18496.71050396363,0.5905914306640625,18496.710503963615,9.855077004543286,18496.710503963615,optimize_single_point,18496.71050396363,0.6179549694061279,18496.710503963615,9.855077004543286,18496.710503963615,optimize_single_point,18496.71050396363,6.2561023235321045,18496.710503963615,9.855077004543286,18496.710503963615,optimize_single_point,18496.71050396363,14.2016282081604,18496.710503963615,9.855077004543286,18496.710503963615,optimize_single_point,18496.71050396363,14.097679615020752,18494.00523220626,9.853635631414736,18494.00523220626,optimize_single_point,10896.113237548801,8.523981809616089
2026-04-09 20:31:04,config_resnet_arato_area_0.5_hw_0.1_seed_3,inputs/task_graph_topology/soda-benchmark-graphs/pytorch-graphs/rez_net_tosa.dot,362,0.1,0.5,1.0,0.5,42,1876.8712304770884,27091.396431290876,14.434339442884646,27091.396431290876,None,11726.626114450048,0.0,18496.710503963615,9.855077004543286,18496.710503963615,optimize_random,18496.71050396363,1.0292108058929443,18366.15788758571,9.78551836127679,18366.15788758571,optimize_swarm,18219.96020312568,887.7362258434296,18496.710503963615,9.855077004543286,18496.710503963615,optimize_random,18496.71050396363,3833.331371307373,18496.710503963615,9.855077004543286,18496.710503963615,optimize_single_point,18496.71050396363,0.5730316638946533,18496.710503963615,9.855077004543286,18496.710503963615,optimize_single_point,18496.71050396363,0.5665318965911865,18496.710503963615,9.855077004543286,18496.710503963615,optimize_single_point,18496.71050396363,6.079930782318115,18496.710503963615,9.855077004543286,18496.710503963615,optimize_single_point,18496.71050396363,13.922347068786621,18496.710503963615,9.855077004543286,18496.710503963615,optimize_single_point,18496.71050396363,13.715939044952393,18494.00523220626,9.853635631414736,18494.00523220626,optimize_single_point,10896.113237548801,7.888395547866821
2026-04-09 20:31:04,config_resnet_arato_area_0.5_hw_0.5_seed_2,inputs/task_graph_topology/soda-benchmark-graphs/pytorch-graphs/rez_net_tosa.dot,362,0.5,0.5,1.0,0.5,42,9311.942737816993,33103.829961925556,3.554986418407263,33103.829961925556,None,13322.5504469303,0.0,18496.710503963615,1.986342809953728,18496.710503963615,optimize_random,18496.71050396363,1.0206499099731445,18429.700948088062,1.9791467223313868,18429.700948088062,optimize_swarm,18399.372043329662,898.5497946739197,18496.710503963615,1.986342809953728,18496.710503963615,optimize_random,18496.71050396363,3821.0453045368195,18496.710503963615,1.986342809953728,18496.710503963615,optimize_single_point,18496.71050396363,0.5923295021057129,18496.710503963615,1.986342809953728,18496.710503963615,optimize_single_point,18496.71050396363,0.5854330062866211,18496.710503963615,1.986342809953728,18496.710503963615,optimize_single_point,18496.71050396363,6.262004852294922,18496.710503963615,1.986342809953728,18496.710503963615,optimize_single_point,18496.71050396363,14.545596837997437,18496.710503963615,1.986342809953728,18496.710503963615,optimize_single_point,18496.71050396363,14.48081374168396,18496.710503963615,1.986342809953728,18496.710503963615,optimize_single_point,18496.71050396363,8.457641124725342
2026-04-09 20:31:32,config_resnet_arato_area_0.1_hw_0.3_seed_0,inputs/task_graph_topology/soda-benchmark-graphs/pytorch-graphs/rez_net_tosa.dot,362,0.3,0.5,1.0,0.1,42,5629.515000900963,30835.508131350318,5.477471527549943,30835.508131350318,None,16271.662241678145,0.0,18496.710503963615,3.285666793854062,18496.710503963615,optimize_random,18496.71050396363,1.0489928722381592,18496.710503963615,3.285666793854062,18496.710503963615,optimize_swarm,18496.71050396363,921.4981913566589,18496.710503963615,3.285666793854062,18496.710503963615,optimize_random,18496.71050396363,3831.3011000156403,18496.710503963615,3.285666793854062,18496.710503963615,optimize_single_point,18496.71050396363,0.5887601375579834,18496.710503963615,3.285666793854062,18496.710503963615,optimize_single_point,18496.71050396363,0.5784027576446533,18496.710503963615,3.285666793854062,18496.710503963615,optimize_single_point,18496.71050396363,5.981757640838623,18496.710503963615,3.285666793854062,18496.710503963615,optimize_single_point,18496.71050396363,11.783469676971436,18496.710503963615,3.285666793854062,18496.710503963615,optimize_single_point,18496.71050396363,11.759013652801514,18496.710503963615,3.285666793854062,18496.710503963615,optimize_single_point,18496.71050396363,8.650069236755371
2026-04-09 20:31:35,config_resnet_arato_area_0.1_hw_0.1_seed_1,inputs/task_graph_topology/soda-benchmark-graphs/pytorch-graphs/rez_net_tosa.dot,362,0.1,0.5,1.0,0.1,42,1876.8712304770884,30594.28405324899,16.300683582577012,30594.28405324899,None,16202.945647811632,0.0,18496.710503963615,9.855077004543286,18496.710503963615,optimize_random,18496.71050396363,1.0677976608276367,18496.710503963615,9.855077004543286,18496.710503963615,optimize_swarm,18496.71050396363,911.5501012802124,18496.710503963615,9.855077004543286,18496.710503963615,optimize_random,18496.71050396363,3844.130546808243,18496.710503963615,9.855077004543286,18496.710503963615,optimize_single_point,18496.71050396363,0.5890951156616211,18496.710503963615,9.855077004543286,18496.710503963615,optimize_single_point,18496.71050396363,0.5758047103881836,18496.710503963615,9.855077004543286,18496.710503963615,optimize_single_point,18496.71050396363,6.0021679401397705,18496.710503963615,9.855077004543286,18496.710503963615,optimize_single_point,18496.71050396363,11.62552809715271,18496.710503963615,9.855077004543286,18496.710503963615,optimize_single_point,18496.71050396363,11.779160022735596,18496.710503963615,9.855077004543286,18496.710503963615,optimize_single_point,18496.71050396363,8.633291721343994
2026-04-09 20:31:40,config_resnet_arato_area_0.5_hw_0.7_seed_1,inputs/task_graph_topology/soda-benchmark-graphs/pytorch-graphs/rez_net_tosa.dot,362,0.7,0.5,1.0,0.5,42,12459.889958209249,35018.604906863926,2.810506756024099,35018.604906863926,None,15652.672074748769,0.0,18496.710503963615,1.4845003098744851,18496.710503963615,optimize_random,18496.71050396363,1.0275928974151611,18438.873044852826,1.4798584182281882,18438.873044852826,optimize_swarm,18399.372043329662,906.8379774093628,18496.710503963615,1.4845003098744851,18496.710503963615,optimize_random,18496.71050396363,3850.0163922309875,18496.710503963615,1.4845003098744851,18496.710503963615,optimize_single_point,18496.71050396363,0.5851294994354248,18496.710503963615,1.4845003098744851,18496.710503963615,optimize_single_point,18496.71050396363,0.5754661560058594,18496.710503963615,1.4845003098744851,18496.710503963615,optimize_single_point,18496.71050396363,6.149123668670654,18496.710503963615,1.4845003098744851,18496.710503963615,optimize_single_point,18496.71050396363,14.046998739242554,18496.710503963615,1.4845003098744851,18496.710503963615,optimize_single_point,18496.71050396363,13.865459442138672,18496.710503963615,1.4845003098744851,18496.710503963615,optimize_single_point,18496.71050396363,8.089463710784912
2026-04-09 20:31:47,config_resnet_arato_area_0.5_hw_0.5_seed_0,inputs/task_graph_topology/soda-benchmark-graphs/pytorch-graphs/rez_net_tosa.dot,362,0.5,0.5,1.0,0.5,42,9311.942737816993,33103.829961925556,3.554986418407263,33103.829961925556,None,13322.5504469303,0.0,18496.710503963615,1.986342809953728,18496.710503963615,optimize_random,18496.71050396363,1.0337204933166504,18429.700948088062,1.9791467223313868,18429.700948088062,optimize_swarm,18399.372043329662,894.6776950359344,18496.710503963615,1.986342809953728,18496.710503963615,optimize_random,18496.71050396363,3869.3625156879425,18496.710503963615,1.986342809953728,18496.710503963615,optimize_single_point,18496.71050396363,0.5832309722900391,18496.710503963615,1.986342809953728,18496.710503963615,optimize_single_point,18496.71050396363,0.5747270584106445,18496.710503963615,1.986342809953728,18496.710503963615,optimize_single_point,18496.71050396363,6.175718784332275,18496.710503963615,1.986342809953728,18496.710503963615,optimize_single_point,18496.71050396363,14.315590858459473,18496.710503963615,1.986342809953728,18496.710503963615,optimize_single_point,18496.71050396363,14.005274295806885,18496.710503963615,1.986342809953728,18496.710503963615,optimize_single_point,18496.71050396363,8.153295516967773
2026-04-09 20:32:11,config_resnet_arato_area_0.1_hw_0.1_seed_2,inputs/task_graph_topology/soda-benchmark-graphs/pytorch-graphs/rez_net_tosa.dot,362,0.1,0.5,1.0,0.1,42,1876.8712304770884,30594.28405324899,16.300683582577012,30594.28405324899,None,16202.945647811632,0.0,18496.710503963615,9.855077004543286,18496.710503963615,optimize_random,18496.71050396363,1.0611541271209717,18496.710503963615,9.855077004543286,18496.710503963615,optimize_swarm,18496.71050396363,930.1248128414154,18496.710503963615,9.855077004543286,18496.710503963615,optimize_random,18496.71050396363,3860.613688468933,18496.710503963615,9.855077004543286,18496.710503963615,optimize_single_point,18496.71050396363,0.6714117527008057,18496.710503963615,9.855077004543286,18496.710503963615,optimize_single_point,18496.71050396363,0.6629228591918945,18496.710503963615,9.855077004543286,18496.710503963615,optimize_single_point,18496.71050396363,6.074109315872192,18496.710503963615,9.855077004543286,18496.710503963615,optimize_single_point,18496.71050396363,11.348899364471436,18496.710503963615,9.855077004543286,18496.710503963615,optimize_single_point,18496.71050396363,11.475274085998535,18496.710503963615,9.855077004543286,18496.710503963615,optimize_single_point,18496.71050396363,9.933708190917969
2026-04-09 20:32:20,config_resnet_arato_area_0.5_hw_0.7_seed_2,inputs/task_graph_topology/soda-benchmark-graphs/pytorch-graphs/rez_net_tosa.dot,362,0.7,0.5,1.0,0.5,42,12459.889958209249,35018.604906863926,2.810506756024099,35018.604906863926,None,15652.672074748769,0.0,18496.710503963615,1.4845003098744851,18496.710503963615,optimize_random,18496.71050396363,1.0384914875030518,18438.873044852826,1.4798584182281882,18438.873044852826,optimize_swarm,18399.372043329662,903.8634197711945,18496.710503963615,1.4845003098744851,18496.710503963615,optimize_random,18496.71050396363,3892.6292037963867,18496.710503963615,1.4845003098744851,18496.710503963615,optimize_single_point,18496.71050396363,0.6120524406433105,18496.710503963615,1.4845003098744851,18496.710503963615,optimize_single_point,18496.71050396363,0.5866000652313232,18496.710503963615,1.4845003098744851,18496.710503963615,optimize_single_point,18496.71050396363,6.233723163604736,18496.710503963615,1.4845003098744851,18496.710503963615,optimize_single_point,18496.71050396363,14.157878160476685,18496.710503963615,1.4845003098744851,18496.710503963615,optimize_single_point,18496.71050396363,14.112625360488892,18496.710503963615,1.4845003098744851,18496.710503963615,optimize_single_point,18496.71050396363,8.164791584014893
2026-04-09 20:32:33,config_resnet_arato_area_0.1_hw_0.3_seed_2,inputs/task_graph_topology/soda-benchmark-graphs/pytorch-graphs/rez_net_tosa.dot,362,0.3,0.5,1.0,0.1,42,5629.515000900963,30835.508131350318,5.477471527549943,30835.508131350318,None,16271.662241678145,0.0,18496.710503963615,3.285666793854062,18496.710503963615,optimize_random,18496.71050396363,1.0887629985809326,18496.710503963615,3.285666793854062,18496.710503963615,optimize_swarm,18496.71050396363,880.2602097988129,18496.710503963615,3.285666793854062,18496.710503963615,optimize_random,18496.71050396363,3930.3480789661407,18496.710503963615,3.285666793854062,18496.710503963615,optimize_single_point,18496.71050396363,0.6024007797241211,18496.710503963615,3.285666793854062,18496.710503963615,optimize_single_point,18496.71050396363,0.5853955745697021,18496.710503963615,3.285666793854062,18496.710503963615,optimize_single_point,18496.71050396363,6.220022439956665,18496.710503963615,3.285666793854062,18496.710503963615,optimize_single_point,18496.71050396363,12.424442052841187,18496.710503963615,3.285666793854062,18496.710503963615,optimize_single_point,18496.71050396363,12.090209722518921,18496.710503963615,3.285666793854062,18496.710503963615,optimize_single_point,18496.71050396363,8.433138370513916
2026-04-09 20:33:38,config_resnet_arato_area_0.5_hw_0.1_seed_2,inputs/task_graph_topology/soda-benchmark-graphs/pytorch-graphs/rez_net_tosa.dot,362,0.1,0.5,1.0,0.5,42,1876.8712304770884,27091.396431290876,14.434339442884646,27091.396431290876,None,11726.626114450048,0.0,18496.710503963615,9.855077004543286,18496.710503963615,optimize_random,18496.71050396363,1.0661334991455078,18366.15788758571,9.78551836127679,18366.15788758571,optimize_swarm,18219.96020312568,933.3648879528046,18496.710503963615,9.855077004543286,18496.710503963615,optimize_random,18496.71050396363,3940.0862514972687,18496.710503963615,9.855077004543286,18496.710503963615,optimize_single_point,18496.71050396363,0.6029398441314697,18496.710503963615,9.855077004543286,18496.710503963615,optimize_single_point,18496.71050396363,0.602898359298706,18496.710503963615,9.855077004543286,18496.710503963615,optimize_single_point,18496.71050396363,6.382236003875732,18496.710503963615,9.855077004543286,18496.710503963615,optimize_single_point,18496.71050396363,14.278881072998047,18496.710503963615,9.855077004543286,18496.710503963615,optimize_single_point,18496.71050396363,14.147478103637695,18494.00523220626,9.853635631414736,18494.00523220626,optimize_single_point,10896.113237548801,8.474380731582642
2026-04-09 20:33:55,config_resnet_arato_area_0.1_hw_0.5_seed_1,inputs/task_graph_topology/soda-benchmark-graphs/pytorch-graphs/rez_net_tosa.dot,362,0.5,0.5,1.0,0.1,42,9311.942737816993,30778.248632303465,3.3052446196118725,30778.248632303465,None,17518.601204738097,0.0,18496.710503963615,1.986342809953728,18496.710503963615,optimize_random,18496.71050396363,1.0978217124938965,18496.710503963615,1.986342809953728,18496.710503963615,optimize_swarm,18496.71050396363,897.0669214725494,18496.710503963615,1.986342809953728,18496.710503963615,optimize_random,18496.71050396363,3993.843798160553,18496.710503963615,1.986342809953728,18496.710503963615,optimize_single_point,18496.71050396363,0.6267573833465576,18496.710503963615,1.986342809953728,18496.710503963615,optimize_single_point,18496.71050396363,0.6283130645751953,18496.710503963615,1.986342809953728,18496.710503963615,optimize_single_point,18496.71050396363,6.318603992462158,18496.710503963615,1.986342809953728,18496.710503963615,optimize_single_point,18496.71050396363,12.731226444244385,18496.710503963615,1.986342809953728,18496.710503963615,optimize_single_point,18496.71050396363,12.600300312042236,18496.710503963615,1.986342809953728,18496.710503963615,optimize_single_point,18496.71050396363,8.7423677444458
2026-04-09 20:34:05,config_resnet_arato_area_0.1_hw_0.5_seed_2,inputs/task_graph_topology/soda-benchmark-graphs/pytorch-graphs/rez_net_tosa.dot,362,0.5,0.5,1.0,0.1,42,9311.942737816993,30778.248632303465,3.3052446196118725,30778.248632303465,None,17518.601204738097,0.0,18496.710503963615,1.986342809953728,18496.710503963615,optimize_random,18496.71050396363,1.1056044101715088,18496.710503963615,1.986342809953728,18496.710503963615,optimize_swarm,18496.71050396363,890.8502519130707,18496.710503963615,1.986342809953728,18496.710503963615,optimize_random,18496.71050396363,4010.091699361801,18496.710503963615,1.986342809953728,18496.710503963615,optimize_single_point,18496.71050396363,0.6226544380187988,18496.710503963615,1.986342809953728,18496.710503963615,optimize_single_point,18496.71050396363,0.6127481460571289,18496.710503963615,1.986342809953728,18496.710503963615,optimize_single_point,18496.71050396363,6.404354572296143,18496.710503963615,1.986342809953728,18496.710503963615,optimize_single_point,18496.71050396363,12.623532056808472,18496.710503963615,1.986342809953728,18496.710503963615,optimize_single_point,18496.71050396363,12.678562641143799,18496.710503963615,1.986342809953728,18496.710503963615,optimize_single_point,18496.71050396363,8.52498984336853
2026-04-09 20:34:16,config_resnet_arato_area_0.5_hw_0.1_seed_0,inputs/task_graph_topology/soda-benchmark-graphs/pytorch-graphs/rez_net_tosa.dot,362,0.1,0.5,1.0,0.5,42,1876.8712304770884,27091.396431290876,14.434339442884646,27091.396431290876,None,11726.626114450048,0.0,18496.710503963615,9.855077004543286,18496.710503963615,optimize_random,18496.71050396363,1.0833570957183838,18366.15788758571,9.78551836127679,18366.15788758571,optimize_swarm,18219.96020312568,903.1641776561737,18496.710503963615,9.855077004543286,18496.710503963615,optimize_random,18496.71050396363,4009.0200107097626,18496.710503963615,9.855077004543286,18496.710503963615,optimize_single_point,18496.71050396363,0.586421012878418,18496.710503963615,9.855077004543286,18496.710503963615,optimize_single_point,18496.71050396363,0.5789718627929688,18496.710503963615,9.855077004543286,18496.710503963615,optimize_single_point,18496.71050396363,6.215275764465332,18496.710503963615,9.855077004543286,18496.710503963615,optimize_single_point,18496.71050396363,13.954883337020874,18496.710503963615,9.855077004543286,18496.710503963615,optimize_single_point,18496.71050396363,13.95755386352539,18494.00523220626,9.853635631414736,18494.00523220626,optimize_single_point,10896.113237548801,8.138944625854492
2026-04-09 20:34:37,config_resnet_arato_area_0.1_hw_0.1_seed_3,inputs/task_graph_topology/soda-benchmark-graphs/pytorch-graphs/rez_net_tosa.dot,362,0.1,0.5,1.0,0.1,42,1876.8712304770884,30594.28405324899,16.300683582577012,30594.28405324899,None,16202.945647811632,0.0,18496.710503963615,9.855077004543286,18496.710503963615,optimize_random,18496.71050396363,1.1180555820465088,18496.710503963615,9.855077004543286,18496.710503963615,optimize_swarm,18496.71050396363,947.4685320854187,18496.710503963615,9.855077004543286,18496.710503963615,optimize_random,18496.71050396363,3989.109237909317,18496.710503963615,9.855077004543286,18496.710503963615,optimize_single_point,18496.71050396363,0.6108407974243164,18496.710503963615,9.855077004543286,18496.710503963615,optimize_single_point,18496.71050396363,0.603607177734375,18496.710503963615,9.855077004543286,18496.710503963615,optimize_single_point,18496.71050396363,6.297598600387573,18496.710503963615,9.855077004543286,18496.710503963615,optimize_single_point,18496.71050396363,12.158124685287476,18496.710503963615,9.855077004543286,18496.710503963615,optimize_single_point,18496.71050396363,12.429628133773804,18496.710503963615,9.855077004543286,18496.710503963615,optimize_single_point,18496.71050396363,8.380751132965088
2026-04-09 20:35:14,config_resnet_arato_area_0.1_hw_0.3_seed_3,inputs/task_graph_topology/soda-benchmark-graphs/pytorch-graphs/rez_net_tosa.dot,362,0.3,0.5,1.0,0.1,42,5629.515000900963,30835.508131350318,5.477471527549943,30835.508131350318,None,16271.662241678145,0.0,18496.710503963615,3.285666793854062,18496.710503963615,optimize_random,18496.71050396363,1.1165766716003418,18496.710503963615,3.285666793854062,18496.710503963615,optimize_swarm,18496.71050396363,913.8714928627014,18496.710503963615,3.285666793854062,18496.710503963615,optimize_random,18496.71050396363,4055.0369334220886,18496.710503963615,3.285666793854062,18496.710503963615,optimize_single_point,18496.71050396363,0.6413273811340332,18496.710503963615,3.285666793854062,18496.710503963615,optimize_single_point,18496.71050396363,0.6300075054168701,18496.710503963615,3.285666793854062,18496.710503963615,optimize_single_point,18496.71050396363,6.4575629234313965,18496.710503963615,3.285666793854062,18496.710503963615,optimize_single_point,18496.71050396363,12.854573011398315,18496.710503963615,3.285666793854062,18496.710503963615,optimize_single_point,18496.71050396363,13.050069332122803,18496.710503963615,3.285666793854062,18496.710503963615,optimize_single_point,18496.71050396363,9.027636766433716
2026-04-09 20:35:22,config_resnet_arato_area_0.1_hw_0.5_seed_0,inputs/task_graph_topology/soda-benchmark-graphs/pytorch-graphs/rez_net_tosa.dot,362,0.5,0.5,1.0,0.1,42,9311.942737816993,30778.248632303465,3.3052446196118725,30778.248632303465,None,17518.601204738097,0.0,18496.710503963615,1.986342809953728,18496.710503963615,optimize_random,18496.71050396363,1.1249828338623047,18496.710503963615,1.986342809953728,18496.710503963615,optimize_swarm,18496.71050396363,896.4232766628265,18496.710503963615,1.986342809953728,18496.710503963615,optimize_random,18496.71050396363,4081.326430082321,18496.710503963615,1.986342809953728,18496.710503963615,optimize_single_point,18496.71050396363,0.6187045574188232,18496.710503963615,1.986342809953728,18496.710503963615,optimize_single_point,18496.71050396363,0.6335494518280029,18496.710503963615,1.986342809953728,18496.710503963615,optimize_single_point,18496.71050396363,6.35081672668457,18496.710503963615,1.986342809953728,18496.710503963615,optimize_single_point,18496.71050396363,12.658592462539673,18496.710503963615,1.986342809953728,18496.710503963615,optimize_single_point,18496.71050396363,12.911291599273682,18496.710503963615,1.986342809953728,18496.710503963615,optimize_single_point,18496.71050396363,8.493286371231079
2026-04-09 20:56:02,config_resnet_arato_area_0.5_hw_0.9_seed_2,inputs/task_graph_topology/soda-benchmark-graphs/pytorch-graphs/rez_net_tosa.dot,362,0.9,0.5,1.0,0.5,42,14476.759981256146,36964.18800115859,2.5533467467180606,36964.18800115859,None,18285.066572794603,0.0,18496.710503963615,1.277683026306461,18496.710503963615,optimize_random,18496.71050396363,1.4647579193115234,18446.13788918236,1.2741896607435355,18446.13788918236,optimize_swarm,18371.941238946805,945.2107918262482,18496.710503963615,1.277683026306461,18496.710503963615,optimize_random,18496.71050396363,4173.538810968399,18496.710503963615,1.277683026306461,18496.710503963615,optimize_single_point,18496.71050396363,0.6564605236053467,18496.710503963615,1.277683026306461,18496.710503963615,optimize_single_point,18496.71050396363,0.6641488075256348,18496.710503963615,1.277683026306461,18496.710503963615,optimize_single_point,18496.71050396363,7.120858430862427,18496.710503963615,1.277683026306461,18496.710503963615,optimize_single_point,18496.71050396363,16.373470783233643,18496.710503963615,1.277683026306461,18496.710503963615,optimize_single_point,18496.71050396363,16.34815764427185,18496.710503963615,1.277683026306461,18496.710503963615,optimize_single_point,18496.71050396363,9.335931301116943
2026-04-09 21:35:45,config_resnet_arato_area_0.7_hw_0.3_seed_0,inputs/task_graph_topology/soda-benchmark-graphs/pytorch-graphs/rez_net_tosa.dot,362,0.3,0.5,1.0,0.7,42,5629.515000900963,24136.994087574298,4.287579673153255,24136.994087574298,None,9343.869573768468,0.0,18496.710503963615,3.285666793854062,18496.710503963615,optimize_random,18496.71050396363,0.9207398891448975,18352.22908984384,3.2600018095531675,18352.22908984384,optimize_swarm,18272.32522230303,792.953617811203,18496.710503963615,3.285666793854062,18496.710503963615,optimize_random,18496.71050396363,3439.300438642502,18496.710503963615,3.285666793854062,18496.710503963615,optimize_single_point,18496.71050396363,0.5277605056762695,18496.710503963615,3.285666793854062,18496.710503963615,optimize_single_point,18496.71050396363,0.5196089744567871,18496.710503963615,3.285666793854062,18496.710503963615,optimize_single_point,18496.71050396363,5.533652067184448,18496.710503963615,3.285666793854062,18496.710503963615,optimize_single_point,18496.71050396363,14.065648794174194,18496.710503963615,3.285666793854062,18496.710503963615,optimize_single_point,18496.71050396363,13.915007591247559,15897.038778159751,2.823873597568449,15897.038778159751,optimize_single_point,8291.50021281647,7.358397483825684
2026-04-09 21:36:23,config_resnet_arato_area_0.7_hw_0.3_seed_1,inputs/task_graph_topology/soda-benchmark-graphs/pytorch-graphs/rez_net_tosa.dot,362,0.3,0.5,1.0,0.7,42,5629.515000900963,24136.994087574298,4.287579673153255,24136.994087574298,None,9343.869573768468,0.0,18496.710503963615,3.285666793854062,18496.710503963615,optimize_random,18496.71050396363,0.9278197288513184,18352.22908984384,3.2600018095531675,18352.22908984384,optimize_swarm,18272.32522230303,798.0000817775726,18496.710503963615,3.285666793854062,18496.710503963615,optimize_random,18496.71050396363,3472.6369292736053,18496.710503963615,3.285666793854062,18496.710503963615,optimize_single_point,18496.71050396363,0.5330681800842285,18496.710503963615,3.285666793854062,18496.710503963615,optimize_single_point,18496.71050396363,0.5351088047027588,18496.710503963615,3.285666793854062,18496.710503963615,optimize_single_point,18496.71050396363,5.618087291717529,18496.710503963615,3.285666793854062,18496.710503963615,optimize_single_point,18496.71050396363,14.145087480545044,18496.710503963615,3.285666793854062,18496.710503963615,optimize_single_point,18496.71050396363,13.947127342224121,15897.038778159751,2.823873597568449,15897.038778159751,optimize_single_point,8291.50021281647,7.496145009994507
2026-04-09 21:36:25,config_resnet_arato_area_0.7_hw_0.1_seed_2,inputs/task_graph_topology/soda-benchmark-graphs/pytorch-graphs/rez_net_tosa.dot,362,0.1,0.5,1.0,0.7,42,1876.8712304770884,20695.777558494166,11.026743456040634,20695.777558494166,None,7879.012729836811,0.0,18496.710503963615,9.855077004543286,18496.710503963615,optimize_random,18496.71050396363,0.9356560707092285,18282.887080531043,9.741151541804843,18282.887080531043,optimize_swarm,18249.663969138383,797.817061662674,18496.710503963615,9.855077004543286,18496.710503963615,optimize_random,18496.71050396363,3473.440158843994,18496.710503963615,9.855077004543286,18496.710503963615,optimize_single_point,18496.71050396363,0.5306394100189209,18496.710503963615,9.855077004543286,18496.710503963615,optimize_single_point,18496.71050396363,0.5237436294555664,18496.710503963615,9.855077004543286,18496.710503963615,optimize_single_point,18496.71050396363,5.556989908218384,18496.710503963615,9.855077004543286,18496.710503963615,optimize_single_point,18496.71050396363,14.277785301208496,18496.710503963615,9.855077004543286,18496.710503963615,optimize_single_point,18496.71050396363,14.164246559143066,11647.566535433236,6.205842119745477,11647.566535433236,optimize_single_point,6696.2191502915675,7.545027494430542
2026-04-09 21:37:02,config_resnet_arato_area_0.7_hw_0.1_seed_3,inputs/task_graph_topology/soda-benchmark-graphs/pytorch-graphs/rez_net_tosa.dot,362,0.1,0.5,1.0,0.7,42,1876.8712304770884,20695.777558494166,11.026743456040634,20695.777558494166,None,7879.012729836811,0.0,18496.710503963615,9.855077004543286,18496.710503963615,optimize_random,18496.71050396363,0.9308996200561523,18282.887080531043,9.741151541804843,18282.887080531043,optimize_swarm,18249.663969138383,814.6842546463013,18496.710503963615,9.855077004543286,18496.710503963615,optimize_random,18496.71050396363,3493.400785923004,18496.710503963615,9.855077004543286,18496.710503963615,optimize_single_point,18496.71050396363,0.5685536861419678,18496.710503963615,9.855077004543286,18496.710503963615,optimize_single_point,18496.71050396363,0.5482921600341797,18496.710503963615,9.855077004543286,18496.710503963615,optimize_single_point,18496.71050396363,5.83825159072876,18496.710503963615,9.855077004543286,18496.710503963615,optimize_single_point,18496.71050396363,14.529138565063477,18496.710503963615,9.855077004543286,18496.710503963615,optimize_single_point,18496.71050396363,14.304089546203613,11647.566535433236,6.205842119745477,11647.566535433236,optimize_single_point,6696.2191502915675,7.434707880020142
2026-04-09 21:37:07,config_resnet_arato_area_0.7_hw_0.1_seed_1,inputs/task_graph_topology/soda-benchmark-graphs/pytorch-graphs/rez_net_tosa.dot,362,0.1,0.5,1.0,0.7,42,1876.8712304770884,20695.777558494166,11.026743456040634,20695.777558494166,None,7879.012729836811,0.0,18496.710503963615,9.855077004543286,18496.710503963615,optimize_random,18496.71050396363,0.943213701248169,18282.887080531043,9.741151541804843,18282.887080531043,optimize_swarm,18249.663969138383,800.6051926612854,18496.710503963615,9.855077004543286,18496.710503963615,optimize_random,18496.71050396363,3512.917471885681,18496.710503963615,9.855077004543286,18496.710503963615,optimize_single_point,18496.71050396363,0.5712549686431885,18496.710503963615,9.855077004543286,18496.710503963615,optimize_single_point,18496.71050396363,0.5232861042022705,18496.710503963615,9.855077004543286,18496.710503963615,optimize_single_point,18496.71050396363,5.5657665729522705,18496.710503963615,9.855077004543286,18496.710503963615,optimize_single_point,18496.71050396363,13.97530722618103,18496.710503963615,9.855077004543286,18496.710503963615,optimize_single_point,18496.71050396363,14.001749753952026,11647.566535433236,6.205842119745477,11647.566535433236,optimize_single_point,6696.2191502915675,7.585567235946655
2026-04-09 21:37:15,config_resnet_arato_area_0.7_hw_0.3_seed_2,inputs/task_graph_topology/soda-benchmark-graphs/pytorch-graphs/rez_net_tosa.dot,362,0.3,0.5,1.0,0.7,42,5629.515000900963,24136.994087574298,4.287579673153255,24136.994087574298,None,9343.869573768468,0.0,18496.710503963615,3.285666793854062,18496.710503963615,optimize_random,18496.71050396363,0.9531533718109131,18352.22908984384,3.2600018095531675,18352.22908984384,optimize_swarm,18272.32522230303,803.9807834625244,18496.710503963615,3.285666793854062,18496.710503963615,optimize_random,18496.71050396363,3517.791231393814,18496.710503963615,3.285666793854062,18496.710503963615,optimize_single_point,18496.71050396363,0.5423476696014404,18496.710503963615,3.285666793854062,18496.710503963615,optimize_single_point,18496.71050396363,0.5284507274627686,18496.710503963615,3.285666793854062,18496.710503963615,optimize_single_point,18496.71050396363,5.5812036991119385,18496.710503963615,3.285666793854062,18496.710503963615,optimize_single_point,18496.71050396363,14.267479181289673,18496.710503963615,3.285666793854062,18496.710503963615,optimize_single_point,18496.71050396363,14.43546438217163,15897.038778159751,2.823873597568449,15897.038778159751,optimize_single_point,8291.50021281647,7.549115896224976
2026-04-09 21:37:54,config_resnet_arato_area_0.7_hw_0.5_seed_0,inputs/task_graph_topology/soda-benchmark-graphs/pytorch-graphs/rez_net_tosa.dot,362,0.5,0.5,1.0,0.7,42,9311.942737816993,27806.910889348575,2.9861557005093196,27806.910889348575,None,10581.937429858372,0.0,18496.710503963615,1.986342809953728,18496.710503963615,optimize_random,18496.71050396363,0.9372742176055908,18411.588884668847,1.9772016863781845,18411.588884668847,optimize_swarm,18346.57787266471,797.7100172042847,18496.710503963615,1.986342809953728,18496.710503963615,optimize_random,18496.71050396363,3565.485876560211,18496.710503963615,1.986342809953728,18496.710503963615,optimize_single_point,18496.71050396363,0.5343339443206787,18496.710503963615,1.986342809953728,18496.710503963615,optimize_single_point,18496.71050396363,0.5300462245941162,18496.710503963615,1.986342809953728,18496.710503963615,optimize_single_point,18496.71050396363,5.564987897872925,18496.710503963615,1.986342809953728,18496.710503963615,optimize_single_point,18496.71050396363,13.999855995178223,18496.710503963615,1.986342809953728,18496.710503963615,optimize_single_point,18496.71050396363,13.79165768623352,18496.710503963615,1.986342809953728,18496.710503963615,optimize_single_point,18496.71050396363,7.59805154800415
2026-04-09 21:38:11,config_resnet_arato_area_0.7_hw_0.5_seed_3,inputs/task_graph_topology/soda-benchmark-graphs/pytorch-graphs/rez_net_tosa.dot,362,0.5,0.5,1.0,0.7,42,9311.942737816993,27806.910889348575,2.9861557005093196,27806.910889348575,None,10581.937429858372,0.0,18496.710503963615,1.986342809953728,18496.710503963615,optimize_random,18496.71050396363,0.9404721260070801,18411.588884668847,1.9772016863781845,18411.588884668847,optimize_swarm,18346.57787266471,810.4170732498169,18496.710503963615,1.986342809953728,18496.710503963615,optimize_random,18496.71050396363,3504.1917214393616,18496.710503963615,1.986342809953728,18496.710503963615,optimize_single_point,18496.71050396363,0.5374512672424316,18496.710503963615,1.986342809953728,18496.710503963615,optimize_single_point,18496.71050396363,0.524573564529419,18496.710503963615,1.986342809953728,18496.710503963615,optimize_single_point,18496.71050396363,5.612382650375366,18496.710503963615,1.986342809953728,18496.710503963615,optimize_single_point,18496.71050396363,13.790369033813477,18496.710503963615,1.986342809953728,18496.710503963615,optimize_single_point,18496.71050396363,14.150895357131958,18496.710503963615,1.986342809953728,18496.710503963615,optimize_single_point,18496.71050396363,7.438168525695801
2026-04-09 21:38:12,config_resnet_arato_area_0.7_hw_0.5_seed_2,inputs/task_graph_topology/soda-benchmark-graphs/pytorch-graphs/rez_net_tosa.dot,362,0.5,0.5,1.0,0.7,42,9311.942737816993,27806.910889348575,2.9861557005093196,27806.910889348575,None,10581.937429858372,0.0,18496.710503963615,1.986342809953728,18496.710503963615,optimize_random,18496.71050396363,0.932819128036499,18411.588884668847,1.9772016863781845,18411.588884668847,optimize_swarm,18346.57787266471,810.8698723316193,18496.710503963615,1.986342809953728,18496.710503963615,optimize_random,18496.71050396363,3502.7643909454346,18496.710503963615,1.986342809953728,18496.710503963615,optimize_single_point,18496.71050396363,0.5428636074066162,18496.710503963615,1.986342809953728,18496.710503963615,optimize_single_point,18496.71050396363,0.53843092918396,18496.710503963615,1.986342809953728,18496.710503963615,optimize_single_point,18496.71050396363,5.6225762367248535,18496.710503963615,1.986342809953728,18496.710503963615,optimize_single_point,18496.71050396363,14.025888442993164,18496.710503963615,1.986342809953728,18496.710503963615,optimize_single_point,18496.71050396363,14.408328771591187,18496.710503963615,1.986342809953728,18496.710503963615,optimize_single_point,18496.71050396363,7.790765285491943
2026-04-09 21:38:19,config_resnet_arato_area_0.7_hw_0.7_seed_2,inputs/task_graph_topology/soda-benchmark-graphs/pytorch-graphs/rez_net_tosa.dot,362,0.7,0.5,1.0,0.7,42,12459.889958209249,30387.426351701426,2.438819801268032,30387.426351701426,None,13248.824127957305,0.0,18496.710503963615,1.4845003098744851,18496.710503963615,optimize_random,18496.71050396363,0.909883975982666,18398.060719231635,1.4765829217544573,18398.060719231635,optimize_swarm,18334.033483989493,802.4265923500061,18496.710503963615,1.4845003098744851,18496.710503963615,optimize_random,18496.71050396363,3477.3280413150787,18496.710503963615,1.4845003098744851,18496.710503963615,optimize_single_point,18496.71050396363,0.53971266746521,18496.710503963615,1.4845003098744851,18496.710503963615,optimize_single_point,18496.71050396363,0.5355129241943359,18496.710503963615,1.4845003098744851,18496.710503963615,optimize_single_point,18496.71050396363,5.640639543533325,18496.710503963615,1.4845003098744851,18496.710503963615,optimize_single_point,18496.71050396363,14.277953863143921,18496.710503963615,1.4845003098744851,18496.710503963615,optimize_single_point,18496.71050396363,13.719974756240845,18496.710503963615,1.4845003098744851,18496.710503963615,optimize_single_point,18496.71050396363,7.522669553756714
2026-04-09 21:39:12,config_resnet_arato_area_0.7_hw_0.7_seed_1,inputs/task_graph_topology/soda-benchmark-graphs/pytorch-graphs/rez_net_tosa.dot,362,0.7,0.5,1.0,0.7,42,12459.889958209249,30387.426351701426,2.438819801268032,30387.426351701426,None,13248.824127957305,0.0,18496.710503963615,1.4845003098744851,18496.710503963615,optimize_random,18496.71050396363,0.9257328510284424,18398.060719231635,1.4765829217544573,18398.060719231635,optimize_swarm,18334.033483989493,815.6750056743622,18496.710503963615,1.4845003098744851,18496.710503963615,optimize_random,18496.71050396363,3518.2389285564423,18496.710503963615,1.4845003098744851,18496.710503963615,optimize_single_point,18496.71050396363,0.536949872970581,18496.710503963615,1.4845003098744851,18496.710503963615,optimize_single_point,18496.71050396363,0.5290582180023193,18496.710503963615,1.4845003098744851,18496.710503963615,optimize_single_point,18496.71050396363,5.590631008148193,18496.710503963615,1.4845003098744851,18496.710503963615,optimize_single_point,18496.71050396363,13.700562477111816,18496.710503963615,1.4845003098744851,18496.710503963615,optimize_single_point,18496.71050396363,13.460367202758789,18496.710503963615,1.4845003098744851,18496.710503963615,optimize_single_point,18496.71050396363,7.513276815414429
2026-04-09 21:39:42,config_resnet_arato_area_0.7_hw_0.7_seed_3,inputs/task_graph_topology/soda-benchmark-graphs/pytorch-graphs/rez_net_tosa.dot,362,0.7,0.5,1.0,0.7,42,12459.889958209249,30387.426351701426,2.438819801268032,30387.426351701426,None,13248.824127957305,0.0,18496.710503963615,1.4845003098744851,18496.710503963615,optimize_random,18496.71050396363,0.9344439506530762,18398.060719231635,1.4765829217544573,18398.060719231635,optimize_swarm,18334.033483989493,808.8867061138153,18496.710503963615,1.4845003098744851,18496.710503963615,optimize_random,18496.71050396363,3517.5475256443024,18496.710503963615,1.4845003098744851,18496.710503963615,optimize_single_point,18496.71050396363,0.5383687019348145,18496.710503963615,1.4845003098744851,18496.710503963615,optimize_single_point,18496.71050396363,0.5297636985778809,18496.710503963615,1.4845003098744851,18496.710503963615,optimize_single_point,18496.71050396363,5.583500146865845,18496.710503963615,1.4845003098744851,18496.710503963615,optimize_single_point,18496.71050396363,14.14819884300232,18496.710503963615,1.4845003098744851,18496.710503963615,optimize_single_point,18496.71050396363,13.74506688117981,18496.710503963615,1.4845003098744851,18496.710503963615,optimize_single_point,18496.71050396363,7.513338327407837
2026-04-09 21:39:43,config_resnet_arato_area_0.7_hw_0.3_seed_3,inputs/task_graph_topology/soda-benchmark-graphs/pytorch-graphs/rez_net_tosa.dot,362,0.3,0.5,1.0,0.7,42,5629.515000900963,24136.994087574298,4.287579673153255,24136.994087574298,None,9343.869573768468,0.0,18496.710503963615,3.285666793854062,18496.710503963615,optimize_random,18496.71050396363,0.9881255626678467,18352.22908984384,3.2600018095531675,18352.22908984384,optimize_swarm,18272.32522230303,809.5994055271149,18496.710503963615,3.285666793854062,18496.710503963615,optimize_random,18496.71050396363,3660.5049378871918,18496.710503963615,3.285666793854062,18496.710503963615,optimize_single_point,18496.71050396363,0.5443298816680908,18496.710503963615,3.285666793854062,18496.710503963615,optimize_single_point,18496.71050396363,0.5369229316711426,18496.710503963615,3.285666793854062,18496.710503963615,optimize_single_point,18496.71050396363,5.654813289642334,18496.710503963615,3.285666793854062,18496.710503963615,optimize_single_point,18496.71050396363,14.205751657485962,18496.710503963615,3.285666793854062,18496.710503963615,optimize_single_point,18496.71050396363,13.86939811706543,15897.038778159751,2.823873597568449,15897.038778159751,optimize_single_point,8291.50021281647,7.41371488571167
2026-04-09 21:40:01,config_resnet_arato_area_0.7_hw_0.7_seed_0,inputs/task_graph_topology/soda-benchmark-graphs/pytorch-graphs/rez_net_tosa.dot,362,0.7,0.5,1.0,0.7,42,12459.889958209249,30387.426351701426,2.438819801268032,30387.426351701426,None,13248.824127957305,0.0,18496.710503963615,1.4845003098744851,18496.710503963615,optimize_random,18496.71050396363,0.9599487781524658,18398.060719231635,1.4765829217544573,18398.060719231635,optimize_swarm,18334.033483989493,819.8935043811798,18496.710503963615,1.4845003098744851,18496.710503963615,optimize_random,18496.71050396363,3603.8880562782288,18496.710503963615,1.4845003098744851,18496.710503963615,optimize_single_point,18496.71050396363,0.5666112899780273,18496.710503963615,1.4845003098744851,18496.710503963615,optimize_single_point,18496.71050396363,0.5483534336090088,18496.710503963615,1.4845003098744851,18496.710503963615,optimize_single_point,18496.71050396363,5.77086329460144,18496.710503963615,1.4845003098744851,18496.710503963615,optimize_single_point,18496.71050396363,14.30331826210022,18496.710503963615,1.4845003098744851,18496.710503963615,optimize_single_point,18496.71050396363,14.036454677581787,18496.710503963615,1.4845003098744851,18496.710503963615,optimize_single_point,18496.71050396363,7.592511892318726
2026-04-09 21:40:11,config_resnet_arato_area_0.7_hw_0.5_seed_1,inputs/task_graph_topology/soda-benchmark-graphs/pytorch-graphs/rez_net_tosa.dot,362,0.5,0.5,1.0,0.7,42,9311.942737816993,27806.910889348575,2.9861557005093196,27806.910889348575,None,10581.937429858372,0.0,18496.710503963615,1.986342809953728,18496.710503963615,optimize_random,18496.71050396363,0.9545035362243652,18411.588884668847,1.9772016863781845,18411.588884668847,optimize_swarm,18346.57787266471,836.0479640960693,18496.710503963615,1.986342809953728,18496.710503963615,optimize_random,18496.71050396363,3596.52272772789,18496.710503963615,1.986342809953728,18496.710503963615,optimize_single_point,18496.71050396363,0.562382698059082,18496.710503963615,1.986342809953728,18496.710503963615,optimize_single_point,18496.71050396363,0.55641770362854,18496.710503963615,1.986342809953728,18496.710503963615,optimize_single_point,18496.71050396363,5.851712226867676,18496.710503963615,1.986342809953728,18496.710503963615,optimize_single_point,18496.71050396363,14.450870990753174,18496.710503963615,1.986342809953728,18496.710503963615,optimize_single_point,18496.71050396363,14.314643383026123,18496.710503963615,1.986342809953728,18496.710503963615,optimize_single_point,18496.71050396363,7.676230430603027
2026-04-09 21:41:04,config_resnet_arato_area_0.7_hw_0.9_seed_1,inputs/task_graph_topology/soda-benchmark-graphs/pytorch-graphs/rez_net_tosa.dot,362,0.9,0.5,1.0,0.7,42,14476.759981256146,34435.97424728404,2.378707272336502,34435.97424728404,None,15459.708042985432,0.0,18496.710503963615,1.277683026306461,18496.710503963615,optimize_random,18496.71050396363,0.9382894039154053,18413.829394372984,1.2719579117298607,18413.829394372984,optimize_swarm,18333.48361546547,810.3074467182159,18496.710503963615,1.277683026306461,18496.710503963615,optimize_random,18496.71050396363,3555.9833681583405,18496.710503963615,1.277683026306461,18496.710503963615,optimize_single_point,18496.71050396363,0.5346264839172363,18496.710503963615,1.277683026306461,18496.710503963615,optimize_single_point,18496.71050396363,0.5310220718383789,18496.710503963615,1.277683026306461,18496.710503963615,optimize_single_point,18496.71050396363,5.57433557510376,18496.710503963615,1.277683026306461,18496.710503963615,optimize_single_point,18496.71050396363,14.112269878387451,18496.710503963615,1.277683026306461,18496.710503963615,optimize_single_point,18496.71050396363,13.944834232330322,18496.710503963615,1.277683026306461,18496.710503963615,optimize_single_point,18496.71050396363,7.434149503707886
2026-04-09 21:41:07,config_resnet_arato_area_0.7_hw_0.9_seed_2,inputs/task_graph_topology/soda-benchmark-graphs/pytorch-graphs/rez_net_tosa.dot,362,0.9,0.5,1.0,0.7,42,14476.759981256146,34435.97424728404,2.378707272336502,34435.97424728404,None,15459.708042985432,0.0,18496.710503963615,1.277683026306461,18496.710503963615,optimize_random,18496.71050396363,0.9240667819976807,18413.829394372984,1.2719579117298607,18413.829394372984,optimize_swarm,18333.48361546547,800.1783735752106,18496.710503963615,1.277683026306461,18496.710503963615,optimize_random,18496.71050396363,3484.052489757538,18496.710503963615,1.277683026306461,18496.710503963615,optimize_single_point,18496.71050396363,0.5367481708526611,18496.710503963615,1.277683026306461,18496.710503963615,optimize_single_point,18496.71050396363,0.5299210548400879,18496.710503963615,1.277683026306461,18496.710503963615,optimize_single_point,18496.71050396363,5.6209893226623535,18496.710503963615,1.277683026306461,18496.710503963615,optimize_single_point,18496.71050396363,14.168472290039062,18496.710503963615,1.277683026306461,18496.710503963615,optimize_single_point,18496.71050396363,13.900510311126709,18496.710503963615,1.277683026306461,18496.710503963615,optimize_single_point,18496.71050396363,7.443806409835815
2026-04-09 21:41:22,config_resnet_arato_area_0.7_hw_0.9_seed_0,inputs/task_graph_topology/soda-benchmark-graphs/pytorch-graphs/rez_net_tosa.dot,362,0.9,0.5,1.0,0.7,42,14476.759981256146,34435.97424728404,2.378707272336502,34435.97424728404,None,15459.708042985432,0.0,18496.710503963615,1.277683026306461,18496.710503963615,optimize_random,18496.71050396363,0.9717540740966797,18413.829394372984,1.2719579117298607,18413.829394372984,optimize_swarm,18333.48361546547,822.7148854732513,18496.710503963615,1.277683026306461,18496.710503963615,optimize_random,18496.71050396363,3604.1936480998993,18496.710503963615,1.277683026306461,18496.710503963615,optimize_single_point,18496.71050396363,0.5484163761138916,18496.710503963615,1.277683026306461,18496.710503963615,optimize_single_point,18496.71050396363,0.5450229644775391,18496.710503963615,1.277683026306461,18496.710503963615,optimize_single_point,18496.71050396363,5.621727705001831,18496.710503963615,1.277683026306461,18496.710503963615,optimize_single_point,18496.71050396363,13.84677004814148,18496.710503963615,1.277683026306461,18496.710503963615,optimize_single_point,18496.71050396363,13.712409019470215,18496.710503963615,1.277683026306461,18496.710503963615,optimize_single_point,18496.71050396363,7.511446237564087
2026-04-09 21:41:43,config_resnet_arato_area_0.7_hw_0.9_seed_3,inputs/task_graph_topology/soda-benchmark-graphs/pytorch-graphs/rez_net_tosa.dot,362,0.9,0.5,1.0,0.7,42,14476.759981256146,34435.97424728404,2.378707272336502,34435.97424728404,None,15459.708042985432,0.0,18496.710503963615,1.277683026306461,18496.710503963615,optimize_random,18496.71050396363,0.9384150505065918,18413.829394372984,1.2719579117298607,18413.829394372984,optimize_swarm,18333.48361546547,807.5590422153473,18496.710503963615,1.277683026306461,18496.710503963615,optimize_random,18496.71050396363,3515.1433610916138,18496.710503963615,1.277683026306461,18496.710503963615,optimize_single_point,18496.71050396363,0.5344266891479492,18496.710503963615,1.277683026306461,18496.710503963615,optimize_single_point,18496.71050396363,0.5260536670684814,18496.710503963615,1.277683026306461,18496.710503963615,optimize_single_point,18496.71050396363,5.556126594543457,18496.710503963615,1.277683026306461,18496.710503963615,optimize_single_point,18496.71050396363,13.549157857894897,18496.710503963615,1.277683026306461,18496.710503963615,optimize_single_point,18496.71050396363,13.484801054000854,18496.710503963615,1.277683026306461,18496.710503963615,optimize_single_point,18496.71050396363,7.408066511154175
2026-04-09 21:42:58,config_resnet_arato_area_0.9_hw_0.1_seed_0,inputs/task_graph_topology/soda-benchmark-graphs/pytorch-graphs/rez_net_tosa.dot,362,0.1,0.5,1.0,0.9,42,1876.8712304770884,11274.035663724435,6.006824272573377,11274.035663724435,None,3298.991959019001,0.0,18496.710503963615,9.855077004543286,18496.710503963615,optimize_random,18496.71050396363,0.9518470764160156,8070.849880004969,4.300161752681036,8070.849880004969,optimize_swarm,4271.469165637685,813.6199445724487,9122.672976934757,4.860574784672806,9122.672976934757,optimize_random,4531.114970183651,3582.255047559738,18496.710503963615,9.855077004543286,18496.710503963615,optimize_single_point,18496.71050396363,0.5375187397003174,18496.710503963615,9.855077004543286,18496.710503963615,optimize_single_point,18496.71050396363,0.5269896984100342,18496.710503963615,9.855077004543286,18496.710503963615,optimize_single_point,18496.71050396363,5.5676109790802,18496.710503963615,9.855077004543286,18496.710503963615,optimize_single_point,18496.71050396363,14.306884050369263,18496.710503963615,9.855077004543286,18496.710503963615,optimize_single_point,18496.71050396363,13.872079849243164,9730.377279456508,5.18436061113426,9730.377279456508,optimize_single_point,5125.677762670165,7.308555603027344
2026-04-09 21:43:54,config_resnet_arato_area_0.9_hw_0.3_seed_0,inputs/task_graph_topology/soda-benchmark-graphs/pytorch-graphs/rez_net_tosa.dot,362,0.3,0.5,1.0,0.9,42,5629.515000900963,14417.969443707758,2.5611388265952337,14417.969443707758,None,4404.222246279361,0.0,18496.710503963615,3.285666793854062,18496.710503963615,optimize_random,18496.71050396363,0.967984676361084,11172.470866073874,1.984624050968121,11172.470866073874,optimize_swarm,4915.645623149319,844.8346548080444,13088.58644119808,2.3249936165199574,13088.58644119808,optimize_random,5992.4084007114725,3606.756780385971,18496.710503963615,3.285666793854062,18496.710503963615,optimize_single_point,18496.71050396363,0.5533678531646729,18496.710503963615,3.285666793854062,18496.710503963615,optimize_single_point,18496.71050396363,0.5408585071563721,18496.710503963615,3.285666793854062,18496.710503963615,optimize_single_point,18496.71050396363,5.771579027175903,18496.710503963615,3.285666793854062,18496.710503963615,optimize_single_point,18496.71050396363,14.090095281600952,18496.710503963615,3.285666793854062,18496.710503963615,optimize_single_point,18496.71050396363,13.944956302642822,14284.965038588389,2.5375125630364574,14284.965038588389,optimize_single_point,7299.137585488648,7.582242250442505
2026-04-09 21:45:20,config_resnet_arato_area_0.9_hw_0.3_seed_1,inputs/task_graph_topology/soda-benchmark-graphs/pytorch-graphs/rez_net_tosa.dot,362,0.3,0.5,1.0,0.9,42,5629.515000900963,14417.969443707758,2.5611388265952337,14417.969443707758,None,4404.222246279361,0.0,18496.710503963615,3.285666793854062,18496.710503963615,optimize_random,18496.71050396363,0.9391961097717285,11172.470866073874,1.984624050968121,11172.470866073874,optimize_swarm,4915.645623149319,853.0605580806732,13088.58644119808,2.3249936165199574,13088.58644119808,optimize_random,5992.4084007114725,3682.119789123535,18496.710503963615,3.285666793854062,18496.710503963615,optimize_single_point,18496.71050396363,0.5612878799438477,18496.710503963615,3.285666793854062,18496.710503963615,optimize_single_point,18496.71050396363,0.5534853935241699,18496.710503963615,3.285666793854062,18496.710503963615,optimize_single_point,18496.71050396363,5.904074668884277,18496.710503963615,3.285666793854062,18496.710503963615,optimize_single_point,18496.71050396363,14.499053478240967,18496.710503963615,3.285666793854062,18496.710503963615,optimize_single_point,18496.71050396363,14.316733360290527,14284.965038588389,2.5375125630364574,14284.965038588389,optimize_single_point,7299.137585488648,7.999415874481201
2026-04-09 21:45:22,config_resnet_arato_area_0.9_hw_0.1_seed_3,inputs/task_graph_topology/soda-benchmark-graphs/pytorch-graphs/rez_net_tosa.dot,362,0.1,0.5,1.0,0.9,42,1876.8712304770884,11274.035663724435,6.006824272573377,11274.035663724435,None,3298.991959019001,0.0,18496.710503963615,9.855077004543286,18496.710503963615,optimize_random,18496.71050396363,0.9969534873962402,8070.849880004969,4.300161752681036,8070.849880004969,optimize_swarm,4271.469165637685,861.2408585548401,9122.672976934757,4.860574784672806,9122.672976934757,optimize_random,4531.114970183651,3677.2023549079895,18496.710503963615,9.855077004543286,18496.710503963615,optimize_single_point,18496.71050396363,0.5630669593811035,18496.710503963615,9.855077004543286,18496.710503963615,optimize_single_point,18496.71050396363,0.5648047924041748,18496.710503963615,9.855077004543286,18496.710503963615,optimize_single_point,18496.71050396363,5.937247037887573,18496.710503963615,9.855077004543286,18496.710503963615,optimize_single_point,18496.71050396363,14.243741750717163,18496.710503963615,9.855077004543286,18496.710503963615,optimize_single_point,18496.71050396363,14.24534296989441,9730.377279456508,5.18436061113426,9730.377279456508,optimize_single_point,5125.677762670165,7.886560678482056
2026-04-09 21:45:46,config_resnet_arato_area_0.9_hw_0.5_seed_2,inputs/task_graph_topology/soda-benchmark-graphs/pytorch-graphs/rez_net_tosa.dot,362,0.5,0.5,1.0,0.9,42,9311.942737816993,14871.98502040613,1.5970872501190425,14871.98502040613,None,6260.566999633739,0.0,18496.710503963615,1.986342809953728,18496.710503963615,optimize_random,18496.71050396363,0.9860913753509521,15080.444519039582,1.6194735023225566,15080.444519039582,optimize_swarm,6912.255440774868,849.8150136470795,16185.76059489834,1.7381722644369249,16185.76059489834,optimize_random,7398.320713573589,3665.442543029785,18496.710503963615,1.986342809953728,18496.710503963615,optimize_single_point,18496.71050396363,0.5601634979248047,18496.710503963615,1.986342809953728,18496.710503963615,optimize_single_point,18496.71050396363,0.552229642868042,18496.710503963615,1.986342809953728,18496.710503963615,optimize_single_point,18496.71050396363,5.867994546890259,18496.710503963615,1.986342809953728,18496.710503963615,optimize_single_point,18496.71050396363,14.333029985427856,18496.710503963615,1.986342809953728,18496.710503963615,optimize_single_point,18496.71050396363,14.334912061691284,18186.069630534672,1.952983404491816,18186.069630534672,optimize_single_point,9303.529049980123,7.874998092651367
2026-04-09 21:46:11,config_resnet_arato_area_0.9_hw_0.9_seed_1,inputs/task_graph_topology/soda-benchmark-graphs/pytorch-graphs/rez_net_tosa.dot,362,0.9,0.5,1.0,0.9,42,14476.759981256146,26216.0165438757,1.8109035846293655,26216.0165438757,None,10921.381696028191,0.0,18496.710503963615,1.277683026306461,18496.710503963615,optimize_random,18496.71050396363,0.9661729335784912,18494.803251528385,1.277551280498856,18494.803251528385,optimize_swarm,18469.279699580766,853.855726480484,18496.710503963615,1.277683026306461,18496.710503963615,optimize_random,18496.71050396363,3633.208865880966,18496.710503963615,1.277683026306461,18496.710503963615,optimize_single_point,18496.71050396363,0.5437684059143066,18496.710503963615,1.277683026306461,18496.710503963615,optimize_single_point,18496.71050396363,0.5385632514953613,18496.710503963615,1.277683026306461,18496.710503963615,optimize_single_point,18496.71050396363,5.748631954193115,18496.710503963615,1.277683026306461,18496.710503963615,optimize_single_point,18496.71050396363,14.372931718826294,18496.710503963615,1.277683026306461,18496.710503963615,optimize_single_point,18496.71050396363,13.990619897842407,18496.710503963615,1.277683026306461,18496.710503963615,optimize_single_point,18496.71050396363,7.725933074951172
2026-04-09 21:46:26,config_resnet_arato_area_0.9_hw_0.7_seed_1,inputs/task_graph_topology/soda-benchmark-graphs/pytorch-graphs/rez_net_tosa.dot,362,0.7,0.5,1.0,0.9,42,12459.889958209249,21335.557149057477,1.712339131454404,21335.557149057477,None,9472.735801156185,0.0,18496.710503963615,1.4845003098744851,18496.710503963615,optimize_random,18496.71050396363,0.9889645576477051,18496.710503963615,1.4845003098744851,18496.710503963615,optimize_swarm,18496.71050396363,869.7711222171783,18496.710503963615,1.4845003098744851,18496.710503963615,optimize_random,18496.71050396363,3685.0360758304596,18496.710503963615,1.4845003098744851,18496.710503963615,optimize_single_point,18496.71050396363,0.5680747032165527,18496.710503963615,1.4845003098744851,18496.710503963615,optimize_single_point,18496.71050396363,0.5584537982940674,18496.710503963615,1.4845003098744851,18496.710503963615,optimize_single_point,18496.71050396363,5.922285079956055,18496.710503963615,1.4845003098744851,18496.710503963615,optimize_single_point,18496.71050396363,14.24640965461731,18496.710503963615,1.4845003098744851,18496.710503963615,optimize_single_point,18496.71050396363,14.09598422050476,18496.710503963615,1.4845003098744851,18496.710503963615,optimize_single_point,18496.71050396363,7.903756141662598
2026-04-09 21:46:40,config_resnet_arato_area_0.5_hw_0.9_seed_3,inputs/task_graph_topology/soda-benchmark-graphs/pytorch-graphs/rez_net_tosa.dot,362,0.9,0.5,1.0,0.5,42,14476.759981256146,36964.18800115859,2.5533467467180606,36964.18800115859,None,18285.066572794603,0.0,18496.710503963615,1.277683026306461,18496.710503963615,optimize_random,18496.71050396363,0.9781999588012695,18446.13788918236,1.2741896607435355,18446.13788918236,optimize_swarm,18371.941238946805,895.521201133728,18496.710503963615,1.277683026306461,18496.710503963615,optimize_random,18496.71050396363,4055.9406332969666,18496.710503963615,1.277683026306461,18496.710503963615,optimize_single_point,18496.71050396363,0.630908727645874,18496.710503963615,1.277683026306461,18496.710503963615,optimize_single_point,18496.71050396363,0.6167380809783936,18496.710503963615,1.277683026306461,18496.710503963615,optimize_single_point,18496.71050396363,6.671385765075684,18496.710503963615,1.277683026306461,18496.710503963615,optimize_single_point,18496.71050396363,15.919191360473633,18496.710503963615,1.277683026306461,18496.710503963615,optimize_single_point,18496.71050396363,15.867467880249023,18496.710503963615,1.277683026306461,18496.710503963615,optimize_single_point,18496.71050396363,9.11724591255188
2026-04-09 21:47:10,config_resnet_arato_area_0.9_hw_0.1_seed_1,inputs/task_graph_topology/soda-benchmark-graphs/pytorch-graphs/rez_net_tosa.dot,362,0.1,0.5,1.0,0.9,42,1876.8712304770884,11274.035663724435,6.006824272573377,11274.035663724435,None,3298.991959019001,0.0,18496.710503963615,9.855077004543286,18496.710503963615,optimize_random,18496.71050396363,1.0184295177459717,8070.849880004969,4.300161752681036,8070.849880004969,optimize_swarm,4271.469165637685,871.8979637622833,9122.672976934757,4.860574784672806,9122.672976934757,optimize_random,4531.114970183651,3772.8948509693146,18496.710503963615,9.855077004543286,18496.710503963615,optimize_single_point,18496.71050396363,0.574103593826294,18496.710503963615,9.855077004543286,18496.710503963615,optimize_single_point,18496.71050396363,0.5706086158752441,18496.710503963615,9.855077004543286,18496.710503963615,optimize_single_point,18496.71050396363,6.089679002761841,18496.710503963615,9.855077004543286,18496.710503963615,optimize_single_point,18496.71050396363,14.640732526779175,18496.710503963615,9.855077004543286,18496.710503963615,optimize_single_point,18496.71050396363,14.841586589813232,9730.377279456508,5.18436061113426,9730.377279456508,optimize_single_point,5125.677762670165,8.303178548812866
2026-04-09 21:47:19,config_resnet_arato_area_0.9_hw_0.7_seed_2,inputs/task_graph_topology/soda-benchmark-graphs/pytorch-graphs/rez_net_tosa.dot,362,0.7,0.5,1.0,0.9,42,12459.889958209249,21335.557149057477,1.712339131454404,21335.557149057477,None,9472.735801156185,0.0,18496.710503963615,1.4845003098744851,18496.710503963615,optimize_random,18496.71050396363,0.9979326725006104,18496.710503963615,1.4845003098744851,18496.710503963615,optimize_swarm,18496.71050396363,878.3129251003265,18496.710503963615,1.4845003098744851,18496.710503963615,optimize_random,18496.71050396363,3730.617637872696,18496.710503963615,1.4845003098744851,18496.710503963615,optimize_single_point,18496.71050396363,0.5609266757965088,18496.710503963615,1.4845003098744851,18496.710503963615,optimize_single_point,18496.71050396363,0.5526297092437744,18496.710503963615,1.4845003098744851,18496.710503963615,optimize_single_point,18496.71050396363,5.816763639450073,18496.710503963615,1.4845003098744851,18496.710503963615,optimize_single_point,18496.71050396363,14.110444068908691,18496.710503963615,1.4845003098744851,18496.710503963615,optimize_single_point,18496.71050396363,13.997931480407715,18496.710503963615,1.4845003098744851,18496.710503963615,optimize_single_point,18496.71050396363,7.7684485912323
2026-04-09 21:47:21,config_resnet_arato_area_0.9_hw_0.5_seed_1,inputs/task_graph_topology/soda-benchmark-graphs/pytorch-graphs/rez_net_tosa.dot,362,0.5,0.5,1.0,0.9,42,9311.942737816993,14871.98502040613,1.5970872501190425,14871.98502040613,None,6260.566999633739,0.0,18496.710503963615,1.986342809953728,18496.710503963615,optimize_random,18496.71050396363,1.0109329223632812,15080.444519039582,1.6194735023225566,15080.444519039582,optimize_swarm,6912.255440774868,871.1585381031036,16185.76059489834,1.7381722644369249,16185.76059489834,optimize_random,7398.320713573589,3739.414066553116,18496.710503963615,1.986342809953728,18496.710503963615,optimize_single_point,18496.71050396363,0.5633096694946289,18496.710503963615,1.986342809953728,18496.710503963615,optimize_single_point,18496.71050396363,0.5508890151977539,18496.710503963615,1.986342809953728,18496.710503963615,optimize_single_point,18496.71050396363,5.900299310684204,18496.710503963615,1.986342809953728,18496.710503963615,optimize_single_point,18496.71050396363,14.091704845428467,18496.710503963615,1.986342809953728,18496.710503963615,optimize_single_point,18496.71050396363,14.089770793914795,18186.069630534672,1.952983404491816,18186.069630534672,optimize_single_point,9303.529049980123,7.77075719833374
2026-04-09 21:47:24,config_resnet_arato_area_0.9_hw_0.3_seed_2,inputs/task_graph_topology/soda-benchmark-graphs/pytorch-graphs/rez_net_tosa.dot,362,0.3,0.5,1.0,0.9,42,5629.515000900963,14417.969443707758,2.5611388265952337,14417.969443707758,None,4404.222246279361,0.0,18496.710503963615,3.285666793854062,18496.710503963615,optimize_random,18496.71050396363,0.9877893924713135,11172.470866073874,1.984624050968121,11172.470866073874,optimize_swarm,4915.645623149319,880.0273296833038,13088.58644119808,2.3249936165199574,13088.58644119808,optimize_random,5992.4084007114725,3732.753990650177,18496.710503963615,3.285666793854062,18496.710503963615,optimize_single_point,18496.71050396363,0.5647115707397461,18496.710503963615,3.285666793854062,18496.710503963615,optimize_single_point,18496.71050396363,0.5555827617645264,18496.710503963615,3.285666793854062,18496.710503963615,optimize_single_point,18496.71050396363,5.920387506484985,18496.710503963615,3.285666793854062,18496.710503963615,optimize_single_point,18496.71050396363,14.580653667449951,18496.710503963615,3.285666793854062,18496.710503963615,optimize_single_point,18496.71050396363,14.219631910324097,14284.965038588389,2.5375125630364574,14284.965038588389,optimize_single_point,7299.137585488648,7.929577350616455
2026-04-09 21:47:28,config_resnet_arato_area_0.9_hw_0.1_seed_2,inputs/task_graph_topology/soda-benchmark-graphs/pytorch-graphs/rez_net_tosa.dot,362,0.1,0.5,1.0,0.9,42,1876.8712304770884,11274.035663724435,6.006824272573377,11274.035663724435,None,3298.991959019001,0.0,18496.710503963615,9.855077004543286,18496.710503963615,optimize_random,18496.71050396363,1.027266502380371,8070.849880004969,4.300161752681036,8070.849880004969,optimize_swarm,4271.469165637685,873.6075921058655,9122.672976934757,4.860574784672806,9122.672976934757,optimize_random,4531.114970183651,3788.978105545044,18496.710503963615,9.855077004543286,18496.710503963615,optimize_single_point,18496.71050396363,0.5652704238891602,18496.710503963615,9.855077004543286,18496.710503963615,optimize_single_point,18496.71050396363,0.558208703994751,18496.710503963615,9.855077004543286,18496.710503963615,optimize_single_point,18496.71050396363,5.943171501159668,18496.710503963615,9.855077004543286,18496.710503963615,optimize_single_point,18496.71050396363,14.694331407546997,18496.710503963615,9.855077004543286,18496.710503963615,optimize_single_point,18496.71050396363,14.644747257232666,9730.377279456508,5.18436061113426,9730.377279456508,optimize_single_point,5125.677762670165,8.000809907913208
2026-04-09 21:47:30,config_resnet_arato_area_0.9_hw_0.9_seed_3,inputs/task_graph_topology/soda-benchmark-graphs/pytorch-graphs/rez_net_tosa.dot,362,0.9,0.5,1.0,0.9,42,14476.759981256146,26216.0165438757,1.8109035846293655,26216.0165438757,None,10921.381696028191,0.0,18496.710503963615,1.277683026306461,18496.710503963615,optimize_random,18496.71050396363,0.9741687774658203,18494.803251528385,1.277551280498856,18494.803251528385,optimize_swarm,18469.279699580766,870.2397351264954,18496.710503963615,1.277683026306461,18496.710503963615,optimize_random,18496.71050396363,3695.7953174114227,18496.710503963615,1.277683026306461,18496.710503963615,optimize_single_point,18496.71050396363,0.5629675388336182,18496.710503963615,1.277683026306461,18496.710503963615,optimize_single_point,18496.71050396363,0.5567915439605713,18496.710503963615,1.277683026306461,18496.710503963615,optimize_single_point,18496.71050396363,5.915829420089722,18496.710503963615,1.277683026306461,18496.710503963615,optimize_single_point,18496.71050396363,14.274854183197021,18496.710503963615,1.277683026306461,18496.710503963615,optimize_single_point,18496.71050396363,14.111387014389038,18496.710503963615,1.277683026306461,18496.710503963615,optimize_single_point,18496.71050396363,7.992073059082031
2026-04-09 21:47:47,config_resnet_arato_area_0.7_hw_0.1_seed_0,inputs/task_graph_topology/soda-benchmark-graphs/pytorch-graphs/rez_net_tosa.dot,362,0.1,0.5,1.0,0.7,42,1876.8712304770884,20695.777558494166,11.026743456040634,20695.777558494166,None,7879.012729836811,0.0,18496.710503963615,9.855077004543286,18496.710503963615,optimize_random,18496.71050396363,1.0560595989227295,18282.887080531043,9.741151541804843,18282.887080531043,optimize_swarm,18249.663969138383,879.184565782547,18496.710503963615,9.855077004543286,18496.710503963615,optimize_random,18496.71050396363,4067.233642101288,18496.710503963615,9.855077004543286,18496.710503963615,optimize_single_point,18496.71050396363,0.6384947299957275,18496.710503963615,9.855077004543286,18496.710503963615,optimize_single_point,18496.71050396363,0.6412851810455322,18496.710503963615,9.855077004543286,18496.710503963615,optimize_single_point,18496.71050396363,6.545480489730835,18496.710503963615,9.855077004543286,18496.710503963615,optimize_single_point,18496.71050396363,16.059998273849487,18496.710503963615,9.855077004543286,18496.710503963615,optimize_single_point,18496.71050396363,16.407952070236206,11647.566535433236,6.205842119745477,11647.566535433236,optimize_single_point,6696.2191502915675,8.629496574401855
2026-04-09 21:47:54,config_resnet_arato_area_0.9_hw_0.7_seed_0,inputs/task_graph_topology/soda-benchmark-graphs/pytorch-graphs/rez_net_tosa.dot,362,0.7,0.5,1.0,0.9,42,12459.889958209249,21335.557149057477,1.712339131454404,21335.557149057477,None,9472.735801156185,0.0,18496.710503963615,1.4845003098744851,18496.710503963615,optimize_random,18496.71050396363,1.0111570358276367,18496.710503963615,1.4845003098744851,18496.710503963615,optimize_swarm,18496.71050396363,882.9310398101807,18496.710503963615,1.4845003098744851,18496.710503963615,optimize_random,18496.71050396363,3759.448544025421,18496.710503963615,1.4845003098744851,18496.710503963615,optimize_single_point,18496.71050396363,0.5761299133300781,18496.710503963615,1.4845003098744851,18496.710503963615,optimize_single_point,18496.71050396363,0.5687382221221924,18496.710503963615,1.4845003098744851,18496.710503963615,optimize_single_point,18496.71050396363,6.113119840621948,18496.710503963615,1.4845003098744851,18496.710503963615,optimize_single_point,18496.71050396363,14.592047929763794,18496.710503963615,1.4845003098744851,18496.710503963615,optimize_single_point,18496.71050396363,14.303724765777588,18496.710503963615,1.4845003098744851,18496.710503963615,optimize_single_point,18496.71050396363,8.090562582015991
2026-04-09 21:48:09,config_resnet_arato_area_0.9_hw_0.9_seed_0,inputs/task_graph_topology/soda-benchmark-graphs/pytorch-graphs/rez_net_tosa.dot,362,0.9,0.5,1.0,0.9,42,14476.759981256146,26216.0165438757,1.8109035846293655,26216.0165438757,None,10921.381696028191,0.0,18496.710503963615,1.277683026306461,18496.710503963615,optimize_random,18496.71050396363,0.9796290397644043,18494.803251528385,1.277551280498856,18494.803251528385,optimize_swarm,18469.279699580766,870.4271774291992,18496.710503963615,1.277683026306461,18496.710503963615,optimize_random,18496.71050396363,3732.8312673568726,18496.710503963615,1.277683026306461,18496.710503963615,optimize_single_point,18496.71050396363,0.5727183818817139,18496.710503963615,1.277683026306461,18496.710503963615,optimize_single_point,18496.71050396363,0.5631837844848633,18496.710503963615,1.277683026306461,18496.710503963615,optimize_single_point,18496.71050396363,6.0294578075408936,18496.710503963615,1.277683026306461,18496.710503963615,optimize_single_point,18496.71050396363,14.567042827606201,18496.710503963615,1.277683026306461,18496.710503963615,optimize_single_point,18496.71050396363,14.358686208724976,18496.710503963615,1.277683026306461,18496.710503963615,optimize_single_point,18496.71050396363,8.073363780975342
2026-04-09 21:48:15,config_resnet_arato_area_0.9_hw_0.3_seed_3,inputs/task_graph_topology/soda-benchmark-graphs/pytorch-graphs/rez_net_tosa.dot,362,0.3,0.5,1.0,0.9,42,5629.515000900963,14417.969443707758,2.5611388265952337,14417.969443707758,None,4404.222246279361,0.0,18496.710503963615,3.285666793854062,18496.710503963615,optimize_random,18496.71050396363,1.006005048751831,11172.470866073874,1.984624050968121,11172.470866073874,optimize_swarm,4915.645623149319,888.191351890564,13088.58644119808,2.3249936165199574,13088.58644119808,optimize_random,5992.4084007114725,3775.5513865947723,18496.710503963615,3.285666793854062,18496.710503963615,optimize_single_point,18496.71050396363,0.5699999332427979,18496.710503963615,3.285666793854062,18496.710503963615,optimize_single_point,18496.71050396363,0.5623185634613037,18496.710503963615,3.285666793854062,18496.710503963615,optimize_single_point,18496.71050396363,6.021009922027588,18496.710503963615,3.285666793854062,18496.710503963615,optimize_single_point,18496.71050396363,14.44290280342102,18496.710503963615,3.285666793854062,18496.710503963615,optimize_single_point,18496.71050396363,14.193970918655396,14284.965038588389,2.5375125630364574,14284.965038588389,optimize_single_point,7299.137585488648,8.235110759735107
2026-04-09 21:48:19,config_resnet_arato_area_0.9_hw_0.9_seed_2,inputs/task_graph_topology/soda-benchmark-graphs/pytorch-graphs/rez_net_tosa.dot,362,0.9,0.5,1.0,0.9,42,14476.759981256146,26216.0165438757,1.8109035846293655,26216.0165438757,None,10921.381696028191,0.0,18496.710503963615,1.277683026306461,18496.710503963615,optimize_random,18496.71050396363,0.9918327331542969,18494.803251528385,1.277551280498856,18494.803251528385,optimize_swarm,18469.279699580766,883.4979093074799,18496.710503963615,1.277683026306461,18496.710503963615,optimize_random,18496.71050396363,3730.8031013011932,18496.710503963615,1.277683026306461,18496.710503963615,optimize_single_point,18496.71050396363,0.5837967395782471,18496.710503963615,1.277683026306461,18496.710503963615,optimize_single_point,18496.71050396363,0.5680017471313477,18496.710503963615,1.277683026306461,18496.710503963615,optimize_single_point,18496.71050396363,6.106050729751587,18496.710503963615,1.277683026306461,18496.710503963615,optimize_single_point,18496.71050396363,14.544183015823364,18496.710503963615,1.277683026306461,18496.710503963615,optimize_single_point,18496.71050396363,14.39879059791565,18496.710503963615,1.277683026306461,18496.710503963615,optimize_single_point,18496.71050396363,8.208565711975098
2026-04-09 21:48:26,config_resnet_arato_area_0.9_hw_0.7_seed_3,inputs/task_graph_topology/soda-benchmark-graphs/pytorch-graphs/rez_net_tosa.dot,362,0.7,0.5,1.0,0.9,42,12459.889958209249,21335.557149057477,1.712339131454404,21335.557149057477,None,9472.735801156185,0.0,18496.710503963615,1.4845003098744851,18496.710503963615,optimize_random,18496.71050396363,1.0617108345031738,18496.710503963615,1.4845003098744851,18496.710503963615,optimize_swarm,18496.71050396363,848.5791890621185,18496.710503963615,1.4845003098744851,18496.710503963615,optimize_random,18496.71050396363,3770.020525932312,18496.710503963615,1.4845003098744851,18496.710503963615,optimize_single_point,18496.71050396363,0.5784463882446289,18496.710503963615,1.4845003098744851,18496.710503963615,optimize_single_point,18496.71050396363,0.5715334415435791,18496.710503963615,1.4845003098744851,18496.710503963615,optimize_single_point,18496.71050396363,6.048302412033081,18496.710503963615,1.4845003098744851,18496.710503963615,optimize_single_point,18496.71050396363,14.969037294387817,18496.710503963615,1.4845003098744851,18496.710503963615,optimize_single_point,18496.71050396363,15.227519989013672,18496.710503963615,1.4845003098744851,18496.710503963615,optimize_single_point,18496.71050396363,8.020323753356934
2026-04-09 21:49:06,config_resnet_arato_area_0.9_hw_0.5_seed_0,inputs/task_graph_topology/soda-benchmark-graphs/pytorch-graphs/rez_net_tosa.dot,362,0.5,0.5,1.0,0.9,42,9311.942737816993,14871.98502040613,1.5970872501190425,14871.98502040613,None,6260.566999633739,0.0,18496.710503963615,1.986342809953728,18496.710503963615,optimize_random,18496.71050396363,1.025334358215332,15080.444519039582,1.6194735023225566,15080.444519039582,optimize_swarm,6912.255440774868,900.3259835243225,16185.76059489834,1.7381722644369249,16185.76059489834,optimize_random,7398.320713573589,3813.3854315280914,18496.710503963615,1.986342809953728,18496.710503963615,optimize_single_point,18496.71050396363,0.5783953666687012,18496.710503963615,1.986342809953728,18496.710503963615,optimize_single_point,18496.71050396363,0.5684340000152588,18496.710503963615,1.986342809953728,18496.710503963615,optimize_single_point,18496.71050396363,6.090956687927246,18496.710503963615,1.986342809953728,18496.710503963615,optimize_single_point,18496.71050396363,14.302310705184937,18496.710503963615,1.986342809953728,18496.710503963615,optimize_single_point,18496.71050396363,14.708938360214233,18186.069630534672,1.952983404491816,18186.069630534672,optimize_single_point,9303.529049980123,8.04833722114563
2026-04-09 21:49:16,config_resnet_arato_area_0.9_hw_0.5_seed_3,inputs/task_graph_topology/soda-benchmark-graphs/pytorch-graphs/rez_net_tosa.dot,362,0.5,0.5,1.0,0.9,42,9311.942737816993,14871.98502040613,1.5970872501190425,14871.98502040613,None,6260.566999633739,0.0,18496.710503963615,1.986342809953728,18496.710503963615,optimize_random,18496.71050396363,1.0157945156097412,15080.444519039582,1.6194735023225566,15080.444519039582,optimize_swarm,6912.255440774868,889.7130844593048,16185.76059489834,1.7381722644369249,16185.76059489834,optimize_random,7398.320713573589,3835.7188012599945,18496.710503963615,1.986342809953728,18496.710503963615,optimize_single_point,18496.71050396363,0.5645089149475098,18496.710503963615,1.986342809953728,18496.710503963615,optimize_single_point,18496.71050396363,0.5580966472625732,18496.710503963615,1.986342809953728,18496.710503963615,optimize_single_point,18496.71050396363,5.942285776138306,18496.710503963615,1.986342809953728,18496.710503963615,optimize_single_point,18496.71050396363,14.308613300323486,18496.710503963615,1.986342809953728,18496.710503963615,optimize_single_point,18496.71050396363,13.990696668624878,18186.069630534672,1.952983404491816,18186.069630534672,optimize_single_point,9303.529049980123,7.805721282958984
