SimTime,Config,GraphName,N,HW_Scale_Factor,HW_Scale_Var,Comm_Scale_Var,Area_Percentage,Seed,LB_Naive,greedy_opt_cost,greedy_opt_ratio,greedy_partition_cost,greedy_bb,greedy_makespan,greedy_time,random_opt_cost,random_opt_ratio,random_partition_cost,random_bb,random_makespan,random_time,pso_opt_cost,pso_opt_ratio,pso_partition_cost,pso_bb,pso_makespan,pso_time,dbpso_opt_cost,dbpso_opt_ratio,dbpso_partition_cost,dbpso_bb,dbpso_makespan,dbpso_time,clpso_opt_cost,clpso_opt_ratio,clpso_partition_cost,clpso_bb,clpso_makespan,clpso_time,ccpso_opt_cost,ccpso_opt_ratio,ccpso_partition_cost,ccpso_bb,ccpso_makespan,ccpso_time,esa_opt_cost,esa_opt_ratio,esa_partition_cost,esa_bb,esa_makespan,esa_time,shade_opt_cost,shade_opt_ratio,shade_partition_cost,shade_bb,shade_makespan,shade_time,jade_opt_cost,jade_opt_ratio,jade_partition_cost,jade_bb,jade_makespan,jade_time,gl25_opt_cost,gl25_opt_ratio,gl25_partition_cost,gl25_bb,gl25_makespan,gl25_time
2025-11-05 17:02:20,config_comm_area_0.9_hw_0.9_seed_3,inputs/task_graph_topology/soda-benchmark-graphs/pytorch-graphs/squeeze_net_tosa.dot,179,0.9,0.5,1.0,0.9,3,6781.9286707166075,12180.457442526407,1.7960167430129235,12180.457442526407,None,8823.636079113174,0.0,9214.558124102598,1.358692869167105,9214.5581241026,optimize_random_heur,9214.558124102598,2.165369749069214,4971.5367079867265,0.7330564724829837,11214.308512315905,optimize_swarm_heur,8678.3121424754,1926.3251934051514,5759.031456250573,0.8491731092833875,11763.595420023308,optimize_random_heur,9224.717662484569,1487.1184175014496,9214.558124102598,1.358692869167105,9214.5581241026,optimize_single_point_heur,9214.558124102598,4.11515474319458,9214.558124102598,1.358692869167105,9214.5581241026,optimize_single_point_heur,9214.558124102598,3.9029970169067383,9214.558124102598,1.358692869167105,9214.5581241026,optimize_single_point_heur,9214.558124102598,41.56310153007507,7571.734765969812,1.1164574464876744,15046.170081886512,optimize_single_point_heur,10763.977040695512,38.13959836959839,6980.2527342154435,1.0292430181926229,15730.13360802343,optimize_single_point_heur,10573.509251523345,36.85918068885803,5437.5213658341145,0.8017662275500699,14448.325592668582,optimize_single_point_heur,9297.198035896836,28.913816213607788
2025-11-06 11:54:51,config_comm_area_0.9_hw_0.9_seed_3,inputs/task_graph_topology/soda-benchmark-graphs/pytorch-graphs/squeeze_net_tosa.dot,179,0.9,0.5,1.0,0.9,3,6781.9286707166075,12180.457442526407,1.7960167430129235,12180.457442526407,None,6146.583615124041,0.0,9214.5581241026,1.3586928691671052,9214.5581241026,optimize_random_heur,9214.558124102598,2.054203748703003,4971.5367079867265,0.7330564724829837,11214.308512315905,optimize_swarm_heur,4876.1839160120435,1823.4212346076965,5759.031456250573,0.8491731092833875,11763.595420023308,optimize_random_heur,5568.320355163951,1441.1094937324524,9214.5581241026,1.3586928691671052,9214.5581241026,optimize_single_point_heur,9214.558124102598,4.474492788314819,9214.5581241026,1.3586928691671052,9214.5581241026,optimize_single_point_heur,9214.558124102598,4.2011637687683105,9214.5581241026,1.3586928691671052,9214.5581241026,optimize_single_point_heur,9214.558124102598,43.1205849647522,7571.734765969812,1.1164574464876744,15046.170081886512,optimize_single_point_heur,7162.879955091016,39.85760259628296,6980.2527342154435,1.0292430181926229,15730.13360802343,optimize_single_point_heur,6664.181690387779,39.123783349990845,5437.5213658341145,0.8017662275500699,14448.325592668582,optimize_single_point_heur,5735.763713618892,31.34537148475647
2025-11-06 13:39:40,config_comm_area_0.1_hw_0.5_seed_0,inputs/task_graph_topology/soda-benchmark-graphs/pytorch-graphs/squeeze_net_tosa.dot,179,0.5,0.5,1.0,0.1,0,5020.405770995477,16795.892423506713,3.3455248817818806,16795.892423506713,None,9697.030338332283,0.0,9466.813815823472,1.88566706510385,9466.813815823472,optimize_random_heur,9466.813815823469,0.13473939895629883,9466.813815823472,1.88566706510385,9466.813815823472,optimize_swarm_heur,9466.813815823469,31.665424346923828,9466.813815823472,1.88566706510385,9466.813815823472,optimize_random_heur,9466.813815823469,161.02943634986877,9466.813815823472,1.88566706510385,9466.813815823472,optimize_single_point_heur,9466.813815823469,0.07056808471679688,9466.813815823472,1.88566706510385,9466.813815823472,optimize_single_point_heur,9466.813815823469,0.06544947624206543,9466.813815823472,1.88566706510385,9466.813815823472,optimize_single_point_heur,9466.813815823469,0.8052608966827393,9466.813815823472,1.88566706510385,9466.813815823472,optimize_single_point_heur,9466.813815823469,3.3823790550231934,9466.813815823472,1.88566706510385,9466.813815823472,optimize_single_point_heur,9466.813815823469,3.2684834003448486,9466.813815823472,1.88566706510385,9466.813815823472,optimize_single_point_heur,9466.813815823469,1.9659340381622314
2025-11-06 13:39:42,config_comm_area_0.1_hw_0.3_seed_3,inputs/task_graph_topology/soda-benchmark-graphs/pytorch-graphs/squeeze_net_tosa.dot,179,0.3,0.5,1.0,0.1,3,2658.940824325056,15869.870299355976,5.968493226390014,15869.870299355976,None,9953.53852152608,0.0,9214.5581241026,3.4654995101072315,9214.5581241026,optimize_random_heur,9214.558124102598,0.1352214813232422,9214.5581241026,3.4654995101072315,9214.5581241026,optimize_swarm_heur,9214.558124102598,31.14123821258545,9214.5581241026,3.4654995101072315,9214.5581241026,optimize_random_heur,9214.558124102598,162.9919888973236,9214.5581241026,3.4654995101072315,9214.5581241026,optimize_single_point_heur,9214.558124102598,0.07005977630615234,9214.5581241026,3.4654995101072315,9214.5581241026,optimize_single_point_heur,9214.558124102598,0.0656273365020752,9214.5581241026,3.4654995101072315,9214.5581241026,optimize_single_point_heur,9214.558124102598,0.8102340698242188,9214.5581241026,3.4654995101072315,9214.5581241026,optimize_single_point_heur,9214.558124102598,3.3950700759887695,9214.5581241026,3.4654995101072315,9214.5581241026,optimize_single_point_heur,9214.558124102598,3.2987771034240723,9214.5581241026,3.4654995101072315,9214.5581241026,optimize_single_point_heur,9214.558124102598,1.9863200187683105
2025-11-06 13:39:42,config_comm_area_0.1_hw_0.5_seed_3,inputs/task_graph_topology/soda-benchmark-graphs/pytorch-graphs/squeeze_net_tosa.dot,179,0.5,0.5,1.0,0.1,3,4420.261133273895,16286.794021236668,3.6845773428715396,16286.794021236668,None,10320.549607810652,0.0,9214.5581241026,2.0846184979297315,9214.5581241026,optimize_random_heur,9214.558124102598,0.13616037368774414,9214.5581241026,2.0846184979297315,9214.5581241026,optimize_swarm_heur,9214.558124102598,31.867133378982544,9214.5581241026,2.0846184979297315,9214.5581241026,optimize_random_heur,9214.558124102598,162.4717071056366,9214.5581241026,2.0846184979297315,9214.5581241026,optimize_single_point_heur,9214.558124102598,0.06998085975646973,9214.5581241026,2.0846184979297315,9214.5581241026,optimize_single_point_heur,9214.558124102598,0.06626582145690918,9214.5581241026,2.0846184979297315,9214.5581241026,optimize_single_point_heur,9214.558124102598,0.8053436279296875,9214.5581241026,2.0846184979297315,9214.5581241026,optimize_single_point_heur,9214.558124102598,3.3694894313812256,9214.5581241026,2.0846184979297315,9214.5581241026,optimize_single_point_heur,9214.558124102598,3.2615747451782227,9214.5581241026,2.0846184979297315,9214.5581241026,optimize_single_point_heur,9214.558124102598,1.9582350254058838
2025-11-06 13:39:42,config_comm_area_0.1_hw_0.5_seed_1,inputs/task_graph_topology/soda-benchmark-graphs/pytorch-graphs/squeeze_net_tosa.dot,179,0.5,0.5,1.0,0.1,1,4559.116995953398,16902.530111907447,3.707413108044797,16902.530111907447,None,10145.697951348538,0.0,8769.553212251989,1.9235201070811978,8769.553212251989,optimize_random_heur,8769.553212251989,0.1377418041229248,8769.553212251989,1.9235201070811978,8769.553212251989,optimize_swarm_heur,8769.553212251989,31.71552348136902,8769.553212251989,1.9235201070811978,8769.553212251989,optimize_random_heur,8769.553212251989,162.81789565086365,8769.553212251989,1.9235201070811978,8769.553212251989,optimize_single_point_heur,8769.553212251989,0.07053875923156738,8769.553212251989,1.9235201070811978,8769.553212251989,optimize_single_point_heur,8769.553212251989,0.0661928653717041,8769.553212251989,1.9235201070811978,8769.553212251989,optimize_single_point_heur,8769.553212251989,0.8133673667907715,8769.553212251989,1.9235201070811978,8769.553212251989,optimize_single_point_heur,8769.553212251989,3.380262851715088,8769.553212251989,1.9235201070811978,8769.553212251989,optimize_single_point_heur,8769.553212251989,3.2632105350494385,8769.553212251989,1.9235201070811978,8769.553212251989,optimize_single_point_heur,8769.553212251989,2.0117805004119873
2025-11-06 13:39:43,config_comm_area_0.1_hw_0.3_seed_2,inputs/task_graph_topology/soda-benchmark-graphs/pytorch-graphs/squeeze_net_tosa.dot,179,0.3,0.5,1.0,0.1,2,2688.9671217589616,17857.13007901792,6.64088821857251,17857.13007901792,None,9585.149287423177,0.0,8942.015456463532,3.3254461849329715,8942.015456463532,optimize_random_heur,8942.015456463534,0.13350200653076172,8942.015456463532,3.3254461849329715,8942.015456463532,optimize_swarm_heur,8942.015456463534,32.11552119255066,8942.015456463532,3.3254461849329715,8942.015456463532,optimize_random_heur,8942.015456463534,162.94095826148987,8942.015456463532,3.3254461849329715,8942.015456463532,optimize_single_point_heur,8942.015456463534,0.0721137523651123,8942.015456463532,3.3254461849329715,8942.015456463532,optimize_single_point_heur,8942.015456463534,0.06826090812683105,8942.015456463532,3.3254461849329715,8942.015456463532,optimize_single_point_heur,8942.015456463534,0.8327827453613281,8942.015456463532,3.3254461849329715,8942.015456463532,optimize_single_point_heur,8942.015456463534,3.4516944885253906,8942.015456463532,3.3254461849329715,8942.015456463532,optimize_single_point_heur,8942.015456463534,3.313868999481201,8942.015456463532,3.3254461849329715,8942.015456463532,optimize_single_point_heur,8942.015456463534,1.9791407585144043
2025-11-06 13:39:44,config_comm_area_0.1_hw_0.7_seed_1,inputs/task_graph_topology/soda-benchmark-graphs/pytorch-graphs/squeeze_net_tosa.dot,179,0.7,0.5,1.0,0.1,1,6100.224451734148,16393.90537166825,2.687426585919778,16393.90537166825,None,10329.529386350652,0.0,8769.553212251989,1.4375787779020188,8769.553212251989,optimize_random_heur,8769.553212251989,0.13607001304626465,8769.553212251989,1.4375787779020188,8769.553212251989,optimize_swarm_heur,8769.553212251989,31.845153093338013,8769.553212251989,1.4375787779020188,8769.553212251989,optimize_random_heur,8769.553212251989,164.62610340118408,8769.553212251989,1.4375787779020188,8769.553212251989,optimize_single_point_heur,8769.553212251989,0.07122087478637695,8769.553212251989,1.4375787779020188,8769.553212251989,optimize_single_point_heur,8769.553212251989,0.06799507141113281,8769.553212251989,1.4375787779020188,8769.553212251989,optimize_single_point_heur,8769.553212251989,0.8222134113311768,8769.553212251989,1.4375787779020188,8769.553212251989,optimize_single_point_heur,8769.553212251989,3.4419796466827393,8769.553212251989,1.4375787779020188,8769.553212251989,optimize_single_point_heur,8769.553212251989,3.289419412612915,8769.553212251989,1.4375787779020188,8769.553212251989,optimize_single_point_heur,8769.553212251989,1.9925236701965332
2025-11-06 13:39:44,config_comm_area_0.1_hw_0.7_seed_0,inputs/task_graph_topology/soda-benchmark-graphs/pytorch-graphs/squeeze_net_tosa.dot,179,0.7,0.5,1.0,0.1,0,6596.241530654771,16452.642395124465,2.4942449906759716,16452.642395124465,None,9490.004087451922,0.0,9466.813815823472,1.435183016241638,9466.813815823472,optimize_random_heur,9466.813815823469,0.1377274990081787,9466.813815823472,1.435183016241638,9466.813815823472,optimize_swarm_heur,9466.813815823469,31.899847984313965,9466.813815823472,1.435183016241638,9466.813815823472,optimize_random_heur,9466.813815823469,164.78439044952393,9466.813815823472,1.435183016241638,9466.813815823472,optimize_single_point_heur,9466.813815823469,0.07081031799316406,9466.813815823472,1.435183016241638,9466.813815823472,optimize_single_point_heur,9466.813815823469,0.06743693351745605,9466.813815823472,1.435183016241638,9466.813815823472,optimize_single_point_heur,9466.813815823469,0.8218600749969482,9466.813815823472,1.435183016241638,9466.813815823472,optimize_single_point_heur,9466.813815823469,3.5009748935699463,9466.813815823472,1.435183016241638,9466.813815823472,optimize_single_point_heur,9466.813815823469,3.39212965965271,9466.813815823472,1.435183016241638,9466.813815823472,optimize_single_point_heur,9466.813815823469,1.9952733516693115
2025-11-06 13:39:45,config_comm_area_0.1_hw_0.1_seed_0,inputs/task_graph_topology/soda-benchmark-graphs/pytorch-graphs/squeeze_net_tosa.dot,179,0.1,0.5,1.0,0.1,0,1005.5926797560742,14423.118730564303,14.342903464713872,14423.118730564303,None,9633.20789788403,0.0,9466.813815823472,9.414163414673851,9466.813815823472,optimize_random_heur,9466.813815823469,0.14060187339782715,9466.813815823472,9.414163414673851,9466.813815823472,optimize_swarm_heur,9466.813815823469,31.043104648590088,9466.813815823472,9.414163414673851,9466.813815823472,optimize_random_heur,9466.813815823469,166.92627954483032,9466.813815823472,9.414163414673851,9466.813815823472,optimize_single_point_heur,9466.813815823469,0.07130980491638184,9466.813815823472,9.414163414673851,9466.813815823472,optimize_single_point_heur,9466.813815823469,0.06567668914794922,9466.813815823472,9.414163414673851,9466.813815823472,optimize_single_point_heur,9466.813815823469,0.8100285530090332,9466.813815823472,9.414163414673851,9466.813815823472,optimize_single_point_heur,9466.813815823469,3.368013858795166,9466.813815823472,9.414163414673851,9466.813815823472,optimize_single_point_heur,9466.813815823469,3.25669002532959,9466.813815823472,9.414163414673851,9466.813815823472,optimize_single_point_heur,9466.813815823469,1.9744160175323486
2025-11-06 13:39:45,config_comm_area_0.1_hw_0.1_seed_1,inputs/task_graph_topology/soda-benchmark-graphs/pytorch-graphs/squeeze_net_tosa.dot,179,0.1,0.5,1.0,0.1,1,914.495431384477,16433.55070118445,17.970074138375185,16433.55070118445,None,9261.424686175536,0.0,8769.553212251989,9.589499205015763,8769.553212251989,optimize_random_heur,8769.553212251989,0.1343061923980713,8769.553212251989,9.589499205015763,8769.553212251989,optimize_swarm_heur,8769.553212251989,31.678192853927612,8769.553212251989,9.589499205015763,8769.553212251989,optimize_random_heur,8769.553212251989,165.78897523880005,8769.553212251989,9.589499205015763,8769.553212251989,optimize_single_point_heur,8769.553212251989,0.07013940811157227,8769.553212251989,9.589499205015763,8769.553212251989,optimize_single_point_heur,8769.553212251989,0.06833958625793457,8769.553212251989,9.589499205015763,8769.553212251989,optimize_single_point_heur,8769.553212251989,0.8350872993469238,8769.553212251989,9.589499205015763,8769.553212251989,optimize_single_point_heur,8769.553212251989,3.3528921604156494,8769.553212251989,9.589499205015763,8769.553212251989,optimize_single_point_heur,8769.553212251989,3.253117561340332,8769.553212251989,9.589499205015763,8769.553212251989,optimize_single_point_heur,8769.553212251989,2.028414726257324
2025-11-06 13:39:46,config_comm_area_0.1_hw_0.5_seed_2,inputs/task_graph_topology/soda-benchmark-graphs/pytorch-graphs/squeeze_net_tosa.dot,179,0.5,0.5,1.0,0.1,2,4411.024222327901,18154.990651444754,4.115822025992759,18154.990651444754,None,10043.41227970307,0.0,8942.015456463532,2.02719708751552,8942.015456463532,optimize_random_heur,8942.015456463534,0.1395416259765625,8942.015456463532,2.02719708751552,8942.015456463532,optimize_swarm_heur,8942.015456463534,31.98786163330078,8942.015456463532,2.02719708751552,8942.015456463532,optimize_random_heur,8942.015456463534,165.74017930030823,8942.015456463532,2.02719708751552,8942.015456463532,optimize_single_point_heur,8942.015456463534,0.07119297981262207,8942.015456463532,2.02719708751552,8942.015456463532,optimize_single_point_heur,8942.015456463534,0.06601691246032715,8942.015456463532,2.02719708751552,8942.015456463532,optimize_single_point_heur,8942.015456463534,0.8198714256286621,8942.015456463532,2.02719708751552,8942.015456463532,optimize_single_point_heur,8942.015456463534,3.4594507217407227,8942.015456463532,2.02719708751552,8942.015456463532,optimize_single_point_heur,8942.015456463534,3.3728959560394287,8942.015456463532,2.02719708751552,8942.015456463532,optimize_single_point_heur,8942.015456463534,2.001674175262451
2025-11-06 13:39:49,config_comm_area_0.1_hw_0.9_seed_0,inputs/task_graph_topology/soda-benchmark-graphs/pytorch-graphs/squeeze_net_tosa.dot,179,0.9,0.5,1.0,0.1,0,7512.781340436409,16387.61783761527,2.181298389374305,16387.61783761527,None,9970.500578737467,0.0,9466.813815823472,1.260094416014716,9466.813815823472,optimize_random_heur,9466.813815823469,0.13525724411010742,9466.813815823472,1.260094416014716,9466.813815823472,optimize_swarm_heur,9466.813815823469,32.51648020744324,9466.813815823472,1.260094416014716,9466.813815823472,optimize_random_heur,9466.813815823469,168.6724910736084,9466.813815823472,1.260094416014716,9466.813815823472,optimize_single_point_heur,9466.813815823469,0.07366323471069336,9466.813815823472,1.260094416014716,9466.813815823472,optimize_single_point_heur,9466.813815823469,0.0698404312133789,9466.813815823472,1.260094416014716,9466.813815823472,optimize_single_point_heur,9466.813815823469,0.8461999893188477,9466.813815823472,1.260094416014716,9466.813815823472,optimize_single_point_heur,9466.813815823469,3.516195297241211,9466.813815823472,1.260094416014716,9466.813815823472,optimize_single_point_heur,9466.813815823469,3.3909099102020264,9466.813815823472,1.260094416014716,9466.813815823472,optimize_single_point_heur,9466.813815823469,2.0935394763946533
2025-11-06 13:39:58,config_comm_area_0.1_hw_0.1_seed_2,inputs/task_graph_topology/soda-benchmark-graphs/pytorch-graphs/squeeze_net_tosa.dot,179,0.1,0.5,1.0,0.1,2,896.9223739196549,16474.058299079632,18.36731781713292,16474.058299079632,None,8856.530897172122,0.0,8942.015456463532,9.969664841100894,8942.015456463532,optimize_random_heur,8942.015456463534,0.14290261268615723,8942.015456463532,9.969664841100894,8942.015456463532,optimize_swarm_heur,8942.015456463534,34.14854073524475,8942.015456463532,9.969664841100894,8942.015456463532,optimize_random_heur,8942.015456463534,176.02895283699036,8942.015456463532,9.969664841100894,8942.015456463532,optimize_single_point_heur,8942.015456463534,0.07452583312988281,8942.015456463532,9.969664841100894,8942.015456463532,optimize_single_point_heur,8942.015456463534,0.06968188285827637,8942.015456463532,9.969664841100894,8942.015456463532,optimize_single_point_heur,8942.015456463534,0.8575232028961182,8942.015456463532,9.969664841100894,8942.015456463532,optimize_single_point_heur,8942.015456463534,3.474743366241455,8942.015456463532,9.969664841100894,8942.015456463532,optimize_single_point_heur,8942.015456463534,3.3680827617645264,8942.015456463532,9.969664841100894,8942.015456463532,optimize_single_point_heur,8942.015456463534,2.1106014251708984
2025-11-06 13:39:59,config_comm_area_0.1_hw_0.3_seed_1,inputs/task_graph_topology/soda-benchmark-graphs/pytorch-graphs/squeeze_net_tosa.dot,179,0.3,0.5,1.0,0.1,1,2742.479224526191,16880.045835254914,6.155031434439115,16880.045835254914,None,9531.253545214196,0.0,8769.553212251989,3.197673526138407,8769.553212251989,optimize_random_heur,8769.553212251989,0.14219331741333008,8769.553212251989,3.197673526138407,8769.553212251989,optimize_swarm_heur,8769.553212251989,33.1521098613739,8769.553212251989,3.197673526138407,8769.553212251989,optimize_random_heur,8769.553212251989,174.39899277687073,8769.553212251989,3.197673526138407,8769.553212251989,optimize_single_point_heur,8769.553212251989,0.0735323429107666,8769.553212251989,3.197673526138407,8769.553212251989,optimize_single_point_heur,8769.553212251989,0.06914520263671875,8769.553212251989,3.197673526138407,8769.553212251989,optimize_single_point_heur,8769.553212251989,0.8648769855499268,8769.553212251989,3.197673526138407,8769.553212251989,optimize_single_point_heur,8769.553212251989,3.6060526371002197,8769.553212251989,3.197673526138407,8769.553212251989,optimize_single_point_heur,8769.553212251989,3.4666330814361572,8769.553212251989,3.197673526138407,8769.553212251989,optimize_single_point_heur,8769.553212251989,2.083059787750244
2025-11-06 13:39:59,config_comm_area_0.1_hw_0.7_seed_2,inputs/task_graph_topology/soda-benchmark-graphs/pytorch-graphs/squeeze_net_tosa.dot,179,0.7,0.5,1.0,0.1,2,5858.939212615281,14802.876310313306,2.5265454672136256,14802.876310313306,None,9878.191248628335,0.0,8942.015456463532,1.5262174827159616,8942.015456463532,optimize_random_heur,8942.015456463534,0.14358878135681152,8942.015456463532,1.5262174827159616,8942.015456463532,optimize_swarm_heur,8942.015456463534,34.796799659729004,8942.015456463532,1.5262174827159616,8942.015456463532,optimize_random_heur,8942.015456463534,177.80835390090942,8942.015456463532,1.5262174827159616,8942.015456463532,optimize_single_point_heur,8942.015456463534,0.07758069038391113,8942.015456463532,1.5262174827159616,8942.015456463532,optimize_single_point_heur,8942.015456463534,0.07353782653808594,8942.015456463532,1.5262174827159616,8942.015456463532,optimize_single_point_heur,8942.015456463534,0.9023642539978027,8942.015456463532,1.5262174827159616,8942.015456463532,optimize_single_point_heur,8942.015456463534,3.6057028770446777,8942.015456463532,1.5262174827159616,8942.015456463532,optimize_single_point_heur,8942.015456463534,3.5227673053741455,8942.015456463532,1.5262174827159616,8942.015456463532,optimize_single_point_heur,8942.015456463534,2.1805245876312256
2025-11-06 13:40:01,config_comm_area_0.1_hw_0.1_seed_3,inputs/task_graph_topology/soda-benchmark-graphs/pytorch-graphs/squeeze_net_tosa.dot,179,0.1,0.5,1.0,0.1,3,886.513608108352,15754.563150649039,17.771372042744183,15754.563150649039,None,9709.067241861962,0.0,9214.5581241026,10.394153050582808,9214.5581241026,optimize_random_heur,9214.558124102598,0.1413118839263916,9214.5581241026,10.394153050582808,9214.5581241026,optimize_swarm_heur,9214.558124102598,33.2413763999939,9214.5581241026,10.394153050582808,9214.5581241026,optimize_random_heur,9214.558124102598,176.58339095115662,9214.5581241026,10.394153050582808,9214.5581241026,optimize_single_point_heur,9214.558124102598,0.07497262954711914,9214.5581241026,10.394153050582808,9214.5581241026,optimize_single_point_heur,9214.558124102598,0.0701303482055664,9214.5581241026,10.394153050582808,9214.5581241026,optimize_single_point_heur,9214.558124102598,0.8735291957855225,9214.5581241026,10.394153050582808,9214.5581241026,optimize_single_point_heur,9214.558124102598,3.633272171020508,9214.5581241026,10.394153050582808,9214.5581241026,optimize_single_point_heur,9214.558124102598,3.5006375312805176,9214.5581241026,10.394153050582808,9214.5581241026,optimize_single_point_heur,9214.558124102598,2.092294454574585
2025-11-06 13:40:01,config_comm_area_0.1_hw_0.3_seed_0,inputs/task_graph_topology/soda-benchmark-graphs/pytorch-graphs/squeeze_net_tosa.dot,179,0.3,0.5,1.0,0.1,0,3016.369355489379,14216.288818648964,4.713046428739659,14216.288818648964,None,9700.798076049545,0.0,9466.813815823472,3.138479642287563,9466.813815823472,optimize_random_heur,9466.813815823469,0.14491987228393555,9466.813815823472,3.138479642287563,9466.813815823472,optimize_swarm_heur,9466.813815823469,33.987037658691406,9466.813815823472,3.138479642287563,9466.813815823472,optimize_random_heur,9466.813815823469,176.04888105392456,9466.813815823472,3.138479642287563,9466.813815823472,optimize_single_point_heur,9466.813815823469,0.07675290107727051,9466.813815823472,3.138479642287563,9466.813815823472,optimize_single_point_heur,9466.813815823469,0.0711822509765625,9466.813815823472,3.138479642287563,9466.813815823472,optimize_single_point_heur,9466.813815823469,0.8816177845001221,9466.813815823472,3.138479642287563,9466.813815823472,optimize_single_point_heur,9466.813815823469,3.5688302516937256,9466.813815823472,3.138479642287563,9466.813815823472,optimize_single_point_heur,9466.813815823469,3.4722983837127686,9466.813815823472,3.138479642287563,9466.813815823472,optimize_single_point_heur,9466.813815823469,2.153416872024536
2025-11-06 13:40:07,config_comm_area_0.1_hw_0.7_seed_3,inputs/task_graph_topology/soda-benchmark-graphs/pytorch-graphs/squeeze_net_tosa.dot,179,0.7,0.5,1.0,0.1,3,5877.451285254198,16012.943943698498,2.7244707214967483,16012.943943698498,None,10224.145405514522,0.0,9214.5581241026,1.5677812842482917,9214.5581241026,optimize_random_heur,9214.558124102598,0.14995193481445312,9214.5581241026,1.5677812842482917,9214.5581241026,optimize_swarm_heur,9214.558124102598,34.39796018600464,9214.5581241026,1.5677812842482917,9214.5581241026,optimize_random_heur,9214.558124102598,185.61619687080383,9214.5581241026,1.5677812842482917,9214.5581241026,optimize_single_point_heur,9214.558124102598,0.07570004463195801,9214.5581241026,1.5677812842482917,9214.5581241026,optimize_single_point_heur,9214.558124102598,0.07183051109313965,9214.5581241026,1.5677812842482917,9214.5581241026,optimize_single_point_heur,9214.558124102598,0.8924846649169922,9214.5581241026,1.5677812842482917,9214.5581241026,optimize_single_point_heur,9214.558124102598,3.6491687297821045,9214.5581241026,1.5677812842482917,9214.5581241026,optimize_single_point_heur,9214.558124102598,3.649345636367798,9214.5581241026,1.5677812842482917,9214.5581241026,optimize_single_point_heur,9214.558124102598,2.120124101638794
2025-11-06 13:40:41,config_comm_area_0.1_hw_0.9_seed_1,inputs/task_graph_topology/soda-benchmark-graphs/pytorch-graphs/squeeze_net_tosa.dot,179,0.9,0.5,1.0,0.1,1,7103.137687612537,15187.560211465021,2.1381480803830186,15187.560211465021,None,9530.3065795946,0.0,8769.553212251989,1.2346027344430595,8769.553212251989,optimize_random_heur,8769.553212251989,0.13905930519104004,8769.553212251989,1.2346027344430595,8769.553212251989,optimize_swarm_heur,8769.553212251989,32.409154415130615,8769.553212251989,1.2346027344430595,8769.553212251989,optimize_random_heur,8769.553212251989,178.83249592781067,8769.553212251989,1.2346027344430595,8769.553212251989,optimize_single_point_heur,8769.553212251989,0.07529568672180176,8769.553212251989,1.2346027344430595,8769.553212251989,optimize_single_point_heur,8769.553212251989,0.07256293296813965,8769.553212251989,1.2346027344430595,8769.553212251989,optimize_single_point_heur,8769.553212251989,0.8892738819122314,8769.553212251989,1.2346027344430595,8769.553212251989,optimize_single_point_heur,8769.553212251989,3.704547882080078,8769.553212251989,1.2346027344430595,8769.553212251989,optimize_single_point_heur,8769.553212251989,3.6759462356567383,8769.553212251989,1.2346027344430595,8769.553212251989,optimize_single_point_heur,8769.553212251989,2.1956193447113037
2025-11-06 13:42:43,config_comm_area_0.1_hw_0.9_seed_2,inputs/task_graph_topology/soda-benchmark-graphs/pytorch-graphs/squeeze_net_tosa.dot,179,0.9,0.5,1.0,0.1,2,6779.073175355862,14397.680024199157,2.1238419547585665,14397.680024199157,None,10023.297782868129,0.0,8942.015456463532,1.31906165122552,8942.015456463532,optimize_random_heur,8942.015456463534,0.14420604705810547,8942.015456463532,1.31906165122552,8942.015456463532,optimize_swarm_heur,8942.015456463534,34.92141127586365,8942.015456463532,1.31906165122552,8942.015456463532,optimize_random_heur,8942.015456463534,178.80053853988647,8942.015456463532,1.31906165122552,8942.015456463532,optimize_single_point_heur,8942.015456463534,0.07756328582763672,8942.015456463532,1.31906165122552,8942.015456463532,optimize_single_point_heur,8942.015456463534,0.07370972633361816,8942.015456463532,1.31906165122552,8942.015456463532,optimize_single_point_heur,8942.015456463534,0.9021596908569336,8942.015456463532,1.31906165122552,8942.015456463532,optimize_single_point_heur,8942.015456463534,3.6988651752471924,8942.015456463532,1.31906165122552,8942.015456463532,optimize_single_point_heur,8942.015456463534,3.5898892879486084,8942.015456463532,1.31906165122552,8942.015456463532,optimize_single_point_heur,8942.015456463534,2.211423635482788
2025-11-06 13:42:44,config_comm_area_0.1_hw_0.9_seed_3,inputs/task_graph_topology/soda-benchmark-graphs/pytorch-graphs/squeeze_net_tosa.dot,179,0.9,0.5,1.0,0.1,3,6781.9286707166075,14908.916045009204,2.1983298216307934,14908.916045009204,None,9596.790298780641,0.0,9214.5581241026,1.3586928691671052,9214.5581241026,optimize_random_heur,9214.558124102598,0.1444718837738037,9214.5581241026,1.3586928691671052,9214.5581241026,optimize_swarm_heur,9214.558124102598,35.2923846244812,9214.5581241026,1.3586928691671052,9214.5581241026,optimize_random_heur,9214.558124102598,179.36765146255493,9214.5581241026,1.3586928691671052,9214.5581241026,optimize_single_point_heur,9214.558124102598,0.07800674438476562,9214.5581241026,1.3586928691671052,9214.5581241026,optimize_single_point_heur,9214.558124102598,0.07293272018432617,9214.5581241026,1.3586928691671052,9214.5581241026,optimize_single_point_heur,9214.558124102598,0.9078176021575928,9214.5581241026,1.3586928691671052,9214.5581241026,optimize_single_point_heur,9214.558124102598,3.6969993114471436,9214.5581241026,1.3586928691671052,9214.5581241026,optimize_single_point_heur,9214.558124102598,3.5898332595825195,9214.5581241026,1.3586928691671052,9214.5581241026,optimize_single_point_heur,9214.558124102598,2.21193528175354
2025-11-06 13:45:34,config_comm_area_0.3_hw_0.1_seed_0,inputs/task_graph_topology/soda-benchmark-graphs/pytorch-graphs/squeeze_net_tosa.dot,179,0.1,0.5,1.0,0.3,0,1005.5926797560742,16177.672377649415,16.087699028968288,16177.672377649415,None,8369.702674639831,0.0,9466.813815823472,9.414163414673851,9466.813815823472,optimize_random_heur,9466.813815823469,0.14066529273986816,7509.424691433665,7.467660457965168,13288.668129563453,optimize_swarm_heur,7635.189191302168,211.64417433738708,9466.813815823472,9.414163414673851,9466.813815823472,optimize_random_heur,9466.813815823469,173.7680037021637,9466.813815823472,9.414163414673851,9466.813815823472,optimize_single_point_heur,9466.813815823469,0.07610797882080078,9466.813815823472,9.414163414673851,9466.813815823472,optimize_single_point_heur,9466.813815823469,0.07286596298217773,9466.813815823472,9.414163414673851,9466.813815823472,optimize_single_point_heur,9466.813815823469,0.8765077590942383,9466.813815823472,9.414163414673851,9466.813815823472,optimize_single_point_heur,9466.813815823469,3.633084535598755,9466.813815823472,9.414163414673851,9466.813815823472,optimize_single_point_heur,9466.813815823469,3.5211410522460938,9466.813815823472,9.414163414673851,9466.813815823472,optimize_single_point_heur,9466.813815823469,2.1513843536376953
2025-11-06 13:45:48,config_comm_area_0.3_hw_0.3_seed_0,inputs/task_graph_topology/soda-benchmark-graphs/pytorch-graphs/squeeze_net_tosa.dot,179,0.3,0.5,1.0,0.3,0,3016.369355489379,17749.56380988411,5.884413252502494,17749.56380988411,None,9325.564737080844,0.0,9466.813815823472,3.138479642287563,9466.813815823472,optimize_random_heur,9466.813815823469,0.14090490341186523,8280.620216179846,2.745227536909647,16571.332714280234,optimize_swarm_heur,8065.727265296597,216.17470359802246,9466.813815823472,3.138479642287563,9466.813815823472,optimize_random_heur,9466.813815823469,181.7438313961029,9466.813815823472,3.138479642287563,9466.813815823472,optimize_single_point_heur,9466.813815823469,0.07757353782653809,9466.813815823472,3.138479642287563,9466.813815823472,optimize_single_point_heur,9466.813815823469,0.07308292388916016,9466.813815823472,3.138479642287563,9466.813815823472,optimize_single_point_heur,9466.813815823469,0.893235445022583,9466.813815823472,3.138479642287563,9466.813815823472,optimize_single_point_heur,9466.813815823469,3.7221553325653076,9466.813815823472,3.138479642287563,9466.813815823472,optimize_single_point_heur,9466.813815823469,3.6207518577575684,9466.813815823472,3.138479642287563,9466.813815823472,optimize_single_point_heur,9466.813815823469,2.229936361312866
2025-11-06 13:46:23,config_comm_area_0.3_hw_0.1_seed_3,inputs/task_graph_topology/soda-benchmark-graphs/pytorch-graphs/squeeze_net_tosa.dot,179,0.1,0.5,1.0,0.3,3,886.513608108352,15890.125288495134,17.924288068630528,15890.125288495134,None,8356.821328919355,0.0,9214.5581241026,10.394153050582808,9214.5581241026,optimize_random_heur,9214.558124102598,0.1505293846130371,7148.854496958299,8.064009882727651,12943.25508261486,optimize_swarm_heur,7031.817157127423,255.2250533103943,9214.5581241026,10.394153050582808,9214.5581241026,optimize_random_heur,9214.558124102598,179.60070729255676,9214.5581241026,10.394153050582808,9214.5581241026,optimize_single_point_heur,9214.558124102598,0.07418656349182129,9214.5581241026,10.394153050582808,9214.5581241026,optimize_single_point_heur,9214.558124102598,0.0709993839263916,9214.5581241026,10.394153050582808,9214.5581241026,optimize_single_point_heur,9214.558124102598,0.8782424926757812,9214.5581241026,10.394153050582808,9214.5581241026,optimize_single_point_heur,9214.558124102598,3.6206214427948,9214.5581241026,10.394153050582808,9214.5581241026,optimize_single_point_heur,9214.558124102598,3.5293288230895996,9214.5581241026,10.394153050582808,9214.5581241026,optimize_single_point_heur,9214.558124102598,2.15492582321167
2025-11-06 13:46:51,config_comm_area_0.3_hw_0.1_seed_2,inputs/task_graph_topology/soda-benchmark-graphs/pytorch-graphs/squeeze_net_tosa.dot,179,0.1,0.5,1.0,0.3,2,896.9223739196549,15283.413241454895,17.03983943968819,15283.413241454895,None,7324.7122296030975,0.0,8942.015456463532,9.969664841100894,8942.015456463532,optimize_random_heur,8942.015456463534,0.14585018157958984,6670.777458340259,7.437407798389716,13514.229834574931,optimize_swarm_heur,6665.660811832824,285.8084707260132,8942.015456463532,9.969664841100894,8942.015456463532,optimize_random_heur,8942.015456463534,177.56842827796936,8942.015456463532,9.969664841100894,8942.015456463532,optimize_single_point_heur,8942.015456463534,0.0770111083984375,8942.015456463532,9.969664841100894,8942.015456463532,optimize_single_point_heur,8942.015456463534,0.0745396614074707,8942.015456463532,9.969664841100894,8942.015456463532,optimize_single_point_heur,8942.015456463534,0.8946835994720459,8942.015456463532,9.969664841100894,8942.015456463532,optimize_single_point_heur,8942.015456463534,3.6092498302459717,8942.015456463532,9.969664841100894,8942.015456463532,optimize_single_point_heur,8942.015456463534,3.465806484222412,8942.015456463532,9.969664841100894,8942.015456463532,optimize_single_point_heur,8942.015456463534,2.1709237098693848
2025-11-06 13:47:33,config_comm_area_0.3_hw_0.1_seed_1,inputs/task_graph_topology/soda-benchmark-graphs/pytorch-graphs/squeeze_net_tosa.dot,179,0.1,0.5,1.0,0.3,1,914.495431384477,15185.992025845364,16.60586975580066,15185.992025845364,None,8209.232138212055,0.0,8769.553212251989,9.589499205015763,8769.553212251989,optimize_random_heur,8769.553212251989,0.1404552459716797,7739.437074308216,8.463068057749936,13106.114506205027,optimize_swarm_heur,7667.523904905587,328.56648874282837,8769.553212251989,9.589499205015763,8769.553212251989,optimize_random_heur,8769.553212251989,175.00136375427246,8769.553212251989,9.589499205015763,8769.553212251989,optimize_single_point_heur,8769.553212251989,0.07631826400756836,8769.553212251989,9.589499205015763,8769.553212251989,optimize_single_point_heur,8769.553212251989,0.07141542434692383,8769.553212251989,9.589499205015763,8769.553212251989,optimize_single_point_heur,8769.553212251989,0.8889474868774414,8769.553212251989,9.589499205015763,8769.553212251989,optimize_single_point_heur,8769.553212251989,3.6422784328460693,8769.553212251989,9.589499205015763,8769.553212251989,optimize_single_point_heur,8769.553212251989,3.5179693698883057,8769.553212251989,9.589499205015763,8769.553212251989,optimize_single_point_heur,8769.553212251989,2.1522464752197266
2025-11-06 13:47:57,config_comm_area_0.3_hw_0.3_seed_3,inputs/task_graph_topology/soda-benchmark-graphs/pytorch-graphs/squeeze_net_tosa.dot,179,0.3,0.5,1.0,0.3,3,2658.940824325056,17095.657764802203,6.429499148083431,17095.657764802203,None,9301.006921663533,0.0,9214.5581241026,3.4654995101072315,9214.5581241026,optimize_random_heur,9214.558124102598,0.13622617721557617,7820.555563028938,2.941229639818744,13274.20039199043,optimize_swarm_heur,7552.77570108577,257.8311114311218,9214.5581241026,3.4654995101072315,9214.5581241026,optimize_random_heur,9214.558124102598,164.7744801044464,9214.5581241026,3.4654995101072315,9214.5581241026,optimize_single_point_heur,9214.558124102598,0.0719294548034668,9214.5581241026,3.4654995101072315,9214.5581241026,optimize_single_point_heur,9214.558124102598,0.067291259765625,9214.5581241026,3.4654995101072315,9214.5581241026,optimize_single_point_heur,9214.558124102598,0.8284139633178711,9214.5581241026,3.4654995101072315,9214.5581241026,optimize_single_point_heur,9214.558124102598,3.418684482574463,9214.5581241026,3.4654995101072315,9214.5581241026,optimize_single_point_heur,9214.558124102598,3.2772910594940186,9214.5581241026,3.4654995101072315,9214.5581241026,optimize_single_point_heur,9214.558124102598,2.0033514499664307
2025-11-06 13:48:04,config_comm_area_0.3_hw_0.3_seed_2,inputs/task_graph_topology/soda-benchmark-graphs/pytorch-graphs/squeeze_net_tosa.dot,179,0.3,0.5,1.0,0.3,2,2688.9671217589616,16342.336786852147,6.07755173152209,16342.336786852147,None,8234.877413072467,0.0,8942.015456463532,3.3254461849329715,8942.015456463532,optimize_random_heur,8942.015456463534,0.14194679260253906,7524.227554285462,2.798185032981572,12199.296722332396,optimize_swarm_heur,7477.305685387374,262.4235363006592,8942.015456463532,3.3254461849329715,8942.015456463532,optimize_random_heur,8942.015456463534,167.76223969459534,8942.015456463532,3.3254461849329715,8942.015456463532,optimize_single_point_heur,8942.015456463534,0.07030010223388672,8942.015456463532,3.3254461849329715,8942.015456463532,optimize_single_point_heur,8942.015456463534,0.06617140769958496,8942.015456463532,3.3254461849329715,8942.015456463532,optimize_single_point_heur,8942.015456463534,0.8161540031433105,8942.015456463532,3.3254461849329715,8942.015456463532,optimize_single_point_heur,8942.015456463534,3.424436330795288,8942.015456463532,3.3254461849329715,8942.015456463532,optimize_single_point_heur,8942.015456463534,3.304269790649414,8942.015456463532,3.3254461849329715,8942.015456463532,optimize_single_point_heur,8942.015456463534,2.0131332874298096
2025-11-06 13:48:14,config_comm_area_0.3_hw_0.5_seed_3,inputs/task_graph_topology/soda-benchmark-graphs/pytorch-graphs/squeeze_net_tosa.dot,179,0.5,0.5,1.0,0.3,3,4420.261133273895,18356.465375784806,4.152801117926028,18356.465375784806,None,10154.217077276555,0.0,9214.5581241026,2.0846184979297315,9214.5581241026,optimize_random_heur,9214.558124102598,0.14217376708984375,7644.6248643572635,1.7294509608972406,14009.45364777995,optimize_swarm_heur,7583.294937688537,273.0826756954193,9214.5581241026,2.0846184979297315,9214.5581241026,optimize_random_heur,9214.558124102598,166.11411094665527,9214.5581241026,2.0846184979297315,9214.5581241026,optimize_single_point_heur,9214.558124102598,0.0723428726196289,9214.5581241026,2.0846184979297315,9214.5581241026,optimize_single_point_heur,9214.558124102598,0.06741642951965332,9214.5581241026,2.0846184979297315,9214.5581241026,optimize_single_point_heur,9214.558124102598,0.8514194488525391,9214.5581241026,2.0846184979297315,9214.5581241026,optimize_single_point_heur,9214.558124102598,3.4566991329193115,9214.5581241026,2.0846184979297315,9214.5581241026,optimize_single_point_heur,9214.558124102598,3.3377480506896973,9214.5581241026,2.0846184979297315,9214.5581241026,optimize_single_point_heur,9214.558124102598,2.009434700012207
2025-11-06 13:48:26,config_comm_area_0.3_hw_0.5_seed_2,inputs/task_graph_topology/soda-benchmark-graphs/pytorch-graphs/squeeze_net_tosa.dot,179,0.5,0.5,1.0,0.3,2,4411.024222327901,16995.30690204205,3.852916249249895,16995.30690204205,None,8530.896631583957,0.0,8942.015456463532,2.02719708751552,8942.015456463532,optimize_random_heur,8942.015456463534,0.13489723205566406,7327.865569869549,1.6612616935488729,16066.85539903047,optimize_swarm_heur,7287.0657682199735,288.90968132019043,8942.015456463532,2.02719708751552,8942.015456463532,optimize_random_heur,8942.015456463534,162.41869640350342,8942.015456463532,2.02719708751552,8942.015456463532,optimize_single_point_heur,8942.015456463534,0.07201671600341797,8942.015456463532,2.02719708751552,8942.015456463532,optimize_single_point_heur,8942.015456463534,0.06786632537841797,8942.015456463532,2.02719708751552,8942.015456463532,optimize_single_point_heur,8942.015456463534,0.826683759689331,8942.015456463532,2.02719708751552,8942.015456463532,optimize_single_point_heur,8942.015456463534,3.4945149421691895,8942.015456463532,2.02719708751552,8942.015456463532,optimize_single_point_heur,8942.015456463534,3.3971810340881348,8942.015456463532,2.02719708751552,8942.015456463532,optimize_single_point_heur,8942.015456463534,2.0504884719848633
2025-11-06 13:48:27,config_comm_area_0.3_hw_0.7_seed_2,inputs/task_graph_topology/soda-benchmark-graphs/pytorch-graphs/squeeze_net_tosa.dot,179,0.7,0.5,1.0,0.3,2,5858.939212615281,16470.520413773585,2.8111778968980916,16470.520413773585,None,9451.852047837383,0.0,8942.015456463532,1.5262174827159616,8942.015456463532,optimize_random_heur,8942.015456463534,0.14870882034301758,7097.53991812626,1.21140357675056,16731.27945759714,optimize_swarm_heur,7030.016910594308,279.66419649124146,8942.015456463532,1.5262174827159616,8942.015456463532,optimize_random_heur,8942.015456463534,173.13878512382507,8942.015456463532,1.5262174827159616,8942.015456463532,optimize_single_point_heur,8942.015456463534,0.07039284706115723,8942.015456463532,1.5262174827159616,8942.015456463532,optimize_single_point_heur,8942.015456463534,0.06743311882019043,8942.015456463532,1.5262174827159616,8942.015456463532,optimize_single_point_heur,8942.015456463534,0.8294329643249512,8942.015456463532,1.5262174827159616,8942.015456463532,optimize_single_point_heur,8942.015456463534,3.4703073501586914,8942.015456463532,1.5262174827159616,8942.015456463532,optimize_single_point_heur,8942.015456463534,3.3505706787109375,8942.015456463532,1.5262174827159616,8942.015456463532,optimize_single_point_heur,8942.015456463534,2.0465309619903564
2025-11-06 13:48:32,config_comm_area_0.3_hw_0.3_seed_1,inputs/task_graph_topology/soda-benchmark-graphs/pytorch-graphs/squeeze_net_tosa.dot,179,0.3,0.5,1.0,0.3,1,2742.479224526191,16994.917440934125,6.196917478516279,16994.917440934125,None,8811.361534107938,0.0,8769.553212251989,3.197673526138407,8769.553212251989,optimize_random_heur,8769.553212251989,0.137376070022583,7395.73122393721,2.6967319051304557,12729.394605487718,optimize_swarm_heur,7371.073403434136,293.4457800388336,8769.553212251989,3.197673526138407,8769.553212251989,optimize_random_heur,8769.553212251989,165.0259883403778,8769.553212251989,3.197673526138407,8769.553212251989,optimize_single_point_heur,8769.553212251989,0.07073855400085449,8769.553212251989,3.197673526138407,8769.553212251989,optimize_single_point_heur,8769.553212251989,0.06586742401123047,8769.553212251989,3.197673526138407,8769.553212251989,optimize_single_point_heur,8769.553212251989,0.8172931671142578,8769.553212251989,3.197673526138407,8769.553212251989,optimize_single_point_heur,8769.553212251989,3.4113965034484863,8769.553212251989,3.197673526138407,8769.553212251989,optimize_single_point_heur,8769.553212251989,3.28725528717041,8769.553212251989,3.197673526138407,8769.553212251989,optimize_single_point_heur,8769.553212251989,1.9741606712341309
2025-11-06 13:48:36,config_comm_area_0.3_hw_0.7_seed_3,inputs/task_graph_topology/soda-benchmark-graphs/pytorch-graphs/squeeze_net_tosa.dot,179,0.7,0.5,1.0,0.3,3,5877.451285254198,17993.191589037888,3.0613935727856374,17993.191589037888,None,10560.249231520542,0.0,9214.5581241026,1.5677812842482917,9214.5581241026,optimize_random_heur,9214.558124102598,0.13658404350280762,7199.540738564692,1.2249426476111258,13493.88014101638,optimize_swarm_heur,7105.747155653884,298.8998558521271,9214.5581241026,1.5677812842482917,9214.5581241026,optimize_random_heur,9214.558124102598,162.73426485061646,9214.5581241026,1.5677812842482917,9214.5581241026,optimize_single_point_heur,9214.558124102598,0.07146549224853516,9214.5581241026,1.5677812842482917,9214.5581241026,optimize_single_point_heur,9214.558124102598,0.06721615791320801,9214.5581241026,1.5677812842482917,9214.5581241026,optimize_single_point_heur,9214.558124102598,0.8328938484191895,9214.5581241026,1.5677812842482917,9214.5581241026,optimize_single_point_heur,9214.558124102598,3.3468122482299805,9214.5581241026,1.5677812842482917,9214.5581241026,optimize_single_point_heur,9214.558124102598,3.231682777404785,9214.5581241026,1.5677812842482917,9214.5581241026,optimize_single_point_heur,9214.558124102598,1.9771816730499268
2025-11-06 13:48:36,config_comm_area_0.3_hw_0.7_seed_1,inputs/task_graph_topology/soda-benchmark-graphs/pytorch-graphs/squeeze_net_tosa.dot,179,0.7,0.5,1.0,0.3,1,6100.224451734148,19266.527860032118,3.1583309782241056,19266.527860032118,None,9973.956452413617,0.0,8769.553212251989,1.4375787779020188,8769.553212251989,optimize_random_heur,8769.553212251989,0.13962197303771973,8023.512878226459,1.3152815837695229,12749.584141078032,optimize_swarm_heur,7844.952298605129,297.0606234073639,8769.553212251989,1.4375787779020188,8769.553212251989,optimize_random_heur,8769.553212251989,164.9296691417694,8769.553212251989,1.4375787779020188,8769.553212251989,optimize_single_point_heur,8769.553212251989,0.07103824615478516,8769.553212251989,1.4375787779020188,8769.553212251989,optimize_single_point_heur,8769.553212251989,0.06800580024719238,8769.553212251989,1.4375787779020188,8769.553212251989,optimize_single_point_heur,8769.553212251989,0.8280680179595947,8769.553212251989,1.4375787779020188,8769.553212251989,optimize_single_point_heur,8769.553212251989,3.454911470413208,8769.553212251989,1.4375787779020188,8769.553212251989,optimize_single_point_heur,8769.553212251989,3.344557523727417,8769.553212251989,1.4375787779020188,8769.553212251989,optimize_single_point_heur,8769.553212251989,2.0193562507629395
2025-11-06 13:48:43,config_comm_area_0.3_hw_0.5_seed_1,inputs/task_graph_topology/soda-benchmark-graphs/pytorch-graphs/squeeze_net_tosa.dot,179,0.5,0.5,1.0,0.3,1,4559.116995953398,17004.18532297155,3.7297102351319786,17004.18532297155,None,9310.196019697378,0.0,8769.553212251989,1.9235201070811978,8769.553212251989,optimize_random_heur,8769.553212251989,0.13750672340393066,7206.158821803461,1.5806040573645153,13493.88441318874,optimize_swarm_heur,7137.7202197621455,304.2426290512085,8769.553212251989,1.9235201070811978,8769.553212251989,optimize_random_heur,8769.553212251989,163.964586019516,8769.553212251989,1.9235201070811978,8769.553212251989,optimize_single_point_heur,8769.553212251989,0.07044696807861328,8769.553212251989,1.9235201070811978,8769.553212251989,optimize_single_point_heur,8769.553212251989,0.06662678718566895,8769.553212251989,1.9235201070811978,8769.553212251989,optimize_single_point_heur,8769.553212251989,0.8251140117645264,8769.553212251989,1.9235201070811978,8769.553212251989,optimize_single_point_heur,8769.553212251989,3.507719039916992,8769.553212251989,1.9235201070811978,8769.553212251989,optimize_single_point_heur,8769.553212251989,3.3811914920806885,8769.553212251989,1.9235201070811978,8769.553212251989,optimize_single_point_heur,8769.553212251989,1.9696736335754395
2025-11-06 13:48:43,config_comm_area_0.3_hw_0.9_seed_2,inputs/task_graph_topology/soda-benchmark-graphs/pytorch-graphs/squeeze_net_tosa.dot,179,0.9,0.5,1.0,0.3,2,6779.073175355862,16467.98699318543,2.429238712609258,16467.98699318543,None,9293.634705563594,0.0,8942.015456463532,1.31906165122552,8942.015456463532,optimize_random_heur,8942.015456463534,0.14178133010864258,7387.489739268364,1.0897492250303913,16681.197542474903,optimize_swarm_heur,7231.039998358578,294.0243396759033,8942.015456463532,1.31906165122552,8942.015456463532,optimize_random_heur,8942.015456463534,173.77287602424622,8942.015456463532,1.31906165122552,8942.015456463532,optimize_single_point_heur,8942.015456463534,0.07577919960021973,8942.015456463532,1.31906165122552,8942.015456463532,optimize_single_point_heur,8942.015456463534,0.07158732414245605,8942.015456463532,1.31906165122552,8942.015456463532,optimize_single_point_heur,8942.015456463534,0.8733346462249756,8942.015456463532,1.31906165122552,8942.015456463532,optimize_single_point_heur,8942.015456463534,3.627046823501587,8942.015456463532,1.31906165122552,8942.015456463532,optimize_single_point_heur,8942.015456463534,3.5174715518951416,8942.015456463532,1.31906165122552,8942.015456463532,optimize_single_point_heur,8942.015456463534,2.120051383972168
2025-11-06 13:48:50,config_comm_area_0.3_hw_0.5_seed_0,inputs/task_graph_topology/soda-benchmark-graphs/pytorch-graphs/squeeze_net_tosa.dot,179,0.5,0.5,1.0,0.3,0,5020.405770995477,18373.1465116248,3.6596935287128516,18373.1465116248,None,9655.038345565103,0.0,9466.813815823472,1.88566706510385,9466.813815823472,optimize_random_heur,9466.813815823469,0.13306188583374023,7871.517360388805,1.5679046115883961,11666.565189131892,optimize_swarm_heur,7946.907614807067,313.63270711898804,9466.813815823472,1.88566706510385,9466.813815823472,optimize_random_heur,9466.813815823469,162.5003697872162,9466.813815823472,1.88566706510385,9466.813815823472,optimize_single_point_heur,9466.813815823469,0.07129621505737305,9466.813815823472,1.88566706510385,9466.813815823472,optimize_single_point_heur,9466.813815823469,0.06665611267089844,9466.813815823472,1.88566706510385,9466.813815823472,optimize_single_point_heur,9466.813815823469,0.8274025917053223,9466.813815823472,1.88566706510385,9466.813815823472,optimize_single_point_heur,9466.813815823469,3.391791343688965,9466.813815823472,1.88566706510385,9466.813815823472,optimize_single_point_heur,9466.813815823469,3.2686760425567627,9466.813815823472,1.88566706510385,9466.813815823472,optimize_single_point_heur,9466.813815823469,1.9879050254821777
2025-11-06 13:49:00,config_comm_area_0.3_hw_0.9_seed_1,inputs/task_graph_topology/soda-benchmark-graphs/pytorch-graphs/squeeze_net_tosa.dot,179,0.9,0.5,1.0,0.3,1,7103.137687612537,19752.55729822743,2.78082140131885,19752.55729822743,None,10355.820045087148,0.0,8769.553212251989,1.2346027344430595,8769.553212251989,optimize_random_heur,8769.553212251989,0.14026665687561035,8163.395696944193,1.1492661491245884,9874.781518686013,optimize_swarm_heur,8081.233679138854,309.24133038520813,8769.553212251989,1.2346027344430595,8769.553212251989,optimize_random_heur,8769.553212251989,175.4946208000183,8769.553212251989,1.2346027344430595,8769.553212251989,optimize_single_point_heur,8769.553212251989,0.07380533218383789,8769.553212251989,1.2346027344430595,8769.553212251989,optimize_single_point_heur,8769.553212251989,0.06937050819396973,8769.553212251989,1.2346027344430595,8769.553212251989,optimize_single_point_heur,8769.553212251989,0.8793880939483643,8769.553212251989,1.2346027344430595,8769.553212251989,optimize_single_point_heur,8769.553212251989,3.548619031906128,8769.553212251989,1.2346027344430595,8769.553212251989,optimize_single_point_heur,8769.553212251989,3.6063015460968018,8769.553212251989,1.2346027344430595,8769.553212251989,optimize_single_point_heur,8769.553212251989,2.1556413173675537
2025-11-06 13:49:03,config_comm_area_0.3_hw_0.9_seed_3,inputs/task_graph_topology/soda-benchmark-graphs/pytorch-graphs/squeeze_net_tosa.dot,179,0.9,0.5,1.0,0.3,3,6781.9286707166075,17770.698626886493,2.6203016117845377,17770.698626886493,None,11002.222743045671,0.0,9214.5581241026,1.3586928691671052,9214.5581241026,optimize_random_heur,9214.558124102598,0.1440422534942627,8037.020382591807,1.1850641274501315,13100.326049527146,optimize_swarm_heur,7917.036123214246,313.6332015991211,9214.5581241026,1.3586928691671052,9214.5581241026,optimize_random_heur,9214.558124102598,174.31468272209167,9214.5581241026,1.3586928691671052,9214.5581241026,optimize_single_point_heur,9214.558124102598,0.07558560371398926,9214.5581241026,1.3586928691671052,9214.5581241026,optimize_single_point_heur,9214.558124102598,0.07223701477050781,9214.5581241026,1.3586928691671052,9214.5581241026,optimize_single_point_heur,9214.558124102598,0.8860018253326416,9214.5581241026,1.3586928691671052,9214.5581241026,optimize_single_point_heur,9214.558124102598,3.6411092281341553,9214.5581241026,1.3586928691671052,9214.5581241026,optimize_single_point_heur,9214.558124102598,3.5056023597717285,9214.5581241026,1.3586928691671052,9214.5581241026,optimize_single_point_heur,9214.558124102598,2.21636700630188
2025-11-06 13:49:05,config_comm_area_0.3_hw_0.7_seed_0,inputs/task_graph_topology/soda-benchmark-graphs/pytorch-graphs/squeeze_net_tosa.dot,179,0.7,0.5,1.0,0.3,0,6596.241530654771,18310.586583692744,2.7759120854804658,18310.586583692744,None,9579.262338428754,0.0,9466.813815823472,1.435183016241638,9466.813815823472,optimize_random_heur,9466.813815823469,0.1354670524597168,8117.3024154679015,1.230595086269096,11201.429684984856,optimize_swarm_heur,8009.534212584914,327.863037109375,9466.813815823472,1.435183016241638,9466.813815823472,optimize_random_heur,9466.813815823469,162.67172718048096,9466.813815823472,1.435183016241638,9466.813815823472,optimize_single_point_heur,9466.813815823469,0.07867670059204102,9466.813815823472,1.435183016241638,9466.813815823472,optimize_single_point_heur,9466.813815823469,0.07052206993103027,9466.813815823472,1.435183016241638,9466.813815823472,optimize_single_point_heur,9466.813815823469,0.849562406539917,9466.813815823472,1.435183016241638,9466.813815823472,optimize_single_point_heur,9466.813815823469,3.452556610107422,9466.813815823472,1.435183016241638,9466.813815823472,optimize_single_point_heur,9466.813815823469,3.3400702476501465,9466.813815823472,1.435183016241638,9466.813815823472,optimize_single_point_heur,9466.813815823469,1.9685699939727783
2025-11-06 13:49:09,config_comm_area_0.3_hw_0.9_seed_0,inputs/task_graph_topology/soda-benchmark-graphs/pytorch-graphs/squeeze_net_tosa.dot,179,0.9,0.5,1.0,0.3,0,7512.781340436409,19269.95858428839,2.5649566666569616,19269.95858428839,None,10365.862907145185,0.0,9466.813815823472,1.260094416014716,9466.813815823472,optimize_random_heur,9466.813815823469,0.14119791984558105,8011.656402124794,1.0664035114403325,14571.229549785472,optimize_swarm_heur,7873.844385187225,321.46121859550476,9466.813815823472,1.260094416014716,9466.813815823472,optimize_random_heur,9466.813815823469,172.49005794525146,9466.813815823472,1.260094416014716,9466.813815823472,optimize_single_point_heur,9466.813815823469,0.07396388053894043,9466.813815823472,1.260094416014716,9466.813815823472,optimize_single_point_heur,9466.813815823469,0.0702049732208252,9466.813815823472,1.260094416014716,9466.813815823472,optimize_single_point_heur,9466.813815823469,0.8793864250183105,9466.813815823472,1.260094416014716,9466.813815823472,optimize_single_point_heur,9466.813815823469,3.6254184246063232,9466.813815823472,1.260094416014716,9466.813815823472,optimize_single_point_heur,9466.813815823469,3.505725145339966,9466.813815823472,1.260094416014716,9466.813815823472,optimize_single_point_heur,9466.813815823469,2.136198043823242
2025-11-06 14:24:56,config_comm_area_0.5_hw_0.1_seed_0,inputs/task_graph_topology/soda-benchmark-graphs/pytorch-graphs/squeeze_net_tosa.dot,179,0.1,0.5,1.0,0.5,0,1005.5926797560742,14269.10213174579,14.189743440860205,14269.10213174579,None,6357.8414945450995,0.0,8456.6334849305,8.409601278105782,15565.31192560962,optimize_random_heur,7908.05153219676,1.2441766262054443,6245.347942189743,6.210613967182689,13434.421525232843,optimize_swarm_heur,6446.997218770861,1210.4230711460114,7364.444936689158,7.323487019093601,13895.66685076684,optimize_random_heur,7442.1638340351465,1300.3029534816742,7966.379028394201,7.922073408814589,15559.872499607047,optimize_single_point_heur,7636.69770844597,2.232661485671997,8087.687418832995,8.04270713346364,15435.728189731399,optimize_single_point_heur,7675.322816137141,2.7116479873657227,4577.312737202893,4.551855666166154,11659.24129104423,optimize_single_point_heur,4478.357949324335,37.2853524684906,7122.532885279527,7.082920379857215,15000.019147298786,optimize_single_point_heur,7249.207880965854,34.322160959243774,7085.708840184762,7.046301134474783,13265.146529931406,optimize_single_point_heur,7087.673340888279,33.97475457191467,4318.262405818023,4.294246062795028,10863.678261207595,optimize_single_point_heur,4505.053071126876,28.107274532318115
2025-11-06 14:27:10,config_comm_area_0.5_hw_0.9_seed_0,inputs/task_graph_topology/soda-benchmark-graphs/pytorch-graphs/squeeze_net_tosa.dot,179,0.9,0.5,1.0,0.5,0,7512.781340436409,18281.8874765268,2.4334379836302844,18281.8874765268,None,9394.641284739842,0.0,9466.813815823472,1.260094416014716,9466.813815823472,optimize_random_heur,9466.813815823469,1.2110180854797363,8793.609529274698,1.1704865522898191,11238.569370579433,optimize_swarm_heur,8682.739098564314,1346.2355349063873,9466.813815823472,1.260094416014716,9466.813815823472,optimize_random_heur,9466.813815823469,1299.2599785327911,9466.813815823472,1.260094416014716,9466.813815823472,optimize_single_point_heur,9466.813815823469,2.2087347507476807,9466.813815823472,1.260094416014716,9466.813815823472,optimize_single_point_heur,9466.813815823469,2.718104362487793,5553.5021167918,0.7392072077089367,15876.392944875797,optimize_single_point_heur,5608.277774129365,36.620280504226685,8382.766208314637,1.1158006374011802,17927.74584823181,optimize_single_point_heur,7969.937638895851,35.98512530326843,8191.129705431907,1.0902925739824731,19120.68058286695,optimize_single_point_heur,7973.262158631673,35.53048896789551,5359.933010801047,0.7134419022622179,14808.412318476778,optimize_single_point_heur,5178.945935119007,25.584696292877197
2025-11-06 14:27:12,config_comm_area_0.5_hw_0.3_seed_0,inputs/task_graph_topology/soda-benchmark-graphs/pytorch-graphs/squeeze_net_tosa.dot,179,0.3,0.5,1.0,0.5,0,3016.369355489379,16244.671407184193,5.385504721966862,16244.671407184193,None,7523.953727482756,0.0,8965.92546392547,2.9724229387255625,16688.88259908546,optimize_random_heur,8322.871545085818,1.2144145965576172,7081.066508924899,2.347546230052473,14966.053934842312,optimize_swarm_heur,6630.429673420676,1348.8440675735474,7742.258486879587,2.5667474948947273,14812.030691006325,optimize_random_heur,7667.293816389406,1303.729514837265,8527.787503363885,2.827169520153253,15417.513123930978,optimize_single_point_heur,7965.928543455004,2.1314687728881836,8558.578020130908,2.837377327334091,16515.404285354896,optimize_single_point_heur,8101.012289334173,2.6508617401123047,4988.608299660664,1.6538453059742435,13096.665739540056,optimize_single_point_heur,4956.06546506727,34.650819540023804,7407.8910696554885,2.455896542037911,14375.752183889608,optimize_single_point_heur,6722.562741028544,33.19122505187988,7504.257196859488,2.487844263237448,14625.915356655525,optimize_single_point_heur,7267.205692568675,34.02690052986145,4441.024638902738,1.4723079687905865,11350.120326605685,optimize_single_point_heur,4675.064209589673,26.8286235332489
2025-11-06 14:27:30,config_comm_area_0.5_hw_0.7_seed_0,inputs/task_graph_topology/soda-benchmark-graphs/pytorch-graphs/squeeze_net_tosa.dot,179,0.7,0.5,1.0,0.5,0,6596.241530654771,17245.472320611072,2.6144391833540417,17245.472320611072,None,7963.53047053613,0.0,9466.813815823472,1.435183016241638,9466.813815823472,optimize_random_heur,9466.813815823469,1.2320513725280762,8267.3689465304,1.2533453949661157,15894.552880804018,optimize_swarm_heur,8144.47757497257,1339.1230263710022,8589.025116829394,1.3021089474837364,16002.580909081455,optimize_random_heur,8497.855624874617,1326.1588490009308,9466.813815823472,1.435183016241638,9466.813815823472,optimize_single_point_heur,9466.813815823469,2.2291505336761475,9466.813815823472,1.435183016241638,9466.813815823472,optimize_single_point_heur,9466.813815823469,2.7606313228607178,5524.547718597736,0.8375296284897176,15908.335710369349,optimize_single_point_heur,5567.938486919367,36.58919429779053,8494.655421652347,1.2878023617199372,17632.110102915696,optimize_single_point_heur,8086.456175522657,35.15256118774414,7831.783173864508,1.1873099457422525,17434.29415832825,optimize_single_point_heur,7801.724642174747,35.84878158569336,5474.19253640579,0.829895708179503,15000.371084504617,optimize_single_point_heur,5525.288556651918,27.463473558425903
2025-11-06 14:28:00,config_comm_area_0.5_hw_0.5_seed_0,inputs/task_graph_topology/soda-benchmark-graphs/pytorch-graphs/squeeze_net_tosa.dot,179,0.5,0.5,1.0,0.5,0,5020.405770995477,17363.770636179088,3.4586388886124024,17363.770636179088,None,7765.496317247366,0.0,9466.813815823472,1.88566706510385,9466.813815823472,optimize_random_heur,9466.813815823469,1.2240145206451416,7489.168270982269,1.4917456103348536,15140.281438350263,optimize_swarm_heur,7525.416084251299,1395.4013011455536,8658.842344314378,1.7247295814890775,15941.038197499553,optimize_random_heur,7917.923915525185,1303.6086020469666,9003.175207275648,1.7933162413464527,16445.993514405956,optimize_single_point_heur,8334.40017008671,2.167559862136841,9066.554128345426,1.8059405039978778,17595.127426333,optimize_single_point_heur,8526.701762531207,2.6789989471435547,5616.644443014635,1.1187630441076741,14315.124678426393,optimize_single_point_heur,5708.148535897041,36.00685119628906,8158.570158923453,1.6250818222818117,17422.25664247254,optimize_single_point_heur,7640.9823718127345,34.53748917579651,7733.752365557548,1.540463603607095,15520.339531573483,optimize_single_point_heur,7591.456611347512,33.86019825935364,5533.363527390121,1.102174561139693,14306.531679324664,optimize_single_point_heur,5397.461810321281,26.04755663871765
2025-11-06 14:28:38,config_comm_area_0.5_hw_0.7_seed_3,inputs/task_graph_topology/soda-benchmark-graphs/pytorch-graphs/squeeze_net_tosa.dot,179,0.7,0.5,1.0,0.5,3,5877.451285254198,18114.015544624428,3.0819507751719293,18114.015544624428,None,9865.975914240227,0.0,9214.5581241026,1.5677812842482917,9214.5581241026,optimize_random_heur,9214.558124102598,1.2102081775665283,8322.116712416771,1.4159397174921615,10275.8139642203,optimize_swarm_heur,8178.339728777073,1348.172004699707,9149.335834044781,1.556684247983363,17064.541209374696,optimize_random_heur,8280.219580177642,1388.4813940525055,9214.5581241026,1.5677812842482917,9214.5581241026,optimize_single_point_heur,9214.558124102598,2.249114990234375,9214.5581241026,1.5677812842482917,9214.5581241026,optimize_single_point_heur,9214.558124102598,1.8839573860168457,4827.602332103481,0.8213768345839532,13862.342692101969,optimize_single_point_heur,4848.213102221197,35.69073843955994,8211.290661628644,1.3970835763845055,16560.41763054968,optimize_single_point_heur,7992.505761668132,35.07095408439636,8254.028603016295,1.4043550856345908,16869.795275273762,optimize_single_point_heur,7868.359936060563,34.14011287689209,4878.5458531120485,0.8300444557238134,14232.497328850961,optimize_single_point_heur,5040.689643118509,26.255051851272583
2025-11-06 14:29:10,config_comm_area_0.5_hw_0.5_seed_3,inputs/task_graph_topology/soda-benchmark-graphs/pytorch-graphs/squeeze_net_tosa.dot,179,0.5,0.5,1.0,0.5,3,4420.261133273895,16224.388012001416,3.6704591703578195,16224.388012001416,None,8644.460609277863,0.0,9214.5581241026,2.0846184979297315,9214.5581241026,optimize_random_heur,9214.558124102598,1.2124159336090088,8156.338411260815,1.845216417162162,14552.671444709289,optimize_swarm_heur,7394.003448184281,1352.255253314972,8756.06725009366,1.9808936590152133,16250.028245898393,optimize_random_heur,8420.781784640432,1418.5956246852875,9214.5581241026,2.0846184979297315,9214.5581241026,optimize_single_point_heur,9214.558124102598,2.270289897918701,8938.45588170554,2.0221556175540276,16922.323746332324,optimize_single_point_heur,8658.033517645035,1.9096083641052246,4840.313509429604,1.0950288599453386,12668.175901364119,optimize_single_point_heur,4844.860029104933,35.12678384780884,7348.715570277181,1.662507111844387,15004.894246907601,optimize_single_point_heur,7455.546647360759,33.95545244216919,7910.18211359712,1.7895282371560688,16106.908382240588,optimize_single_point_heur,7935.966452715627,34.77300834655762,4755.741181081155,1.075895979375948,13282.016166233583,optimize_single_point_heur,4694.701508028173,25.668832302093506
2025-11-06 14:29:18,config_comm_area_0.5_hw_0.1_seed_3,inputs/task_graph_topology/soda-benchmark-graphs/pytorch-graphs/squeeze_net_tosa.dot,179,0.1,0.5,1.0,0.5,3,886.513608108352,13040.762561547484,14.710166253819771,13040.762561547484,None,6876.865303495179,0.0,8713.721215498183,9.829201871014224,15362.624108950915,optimize_random_heur,8302.152756770894,1.2662274837493896,7184.998844692037,8.104781222730953,15603.85219817119,optimize_swarm_heur,7097.052372636687,1345.2048761844635,7820.123059085629,8.82121039943454,14159.139903972902,optimize_random_heur,7686.662511339951,1429.212577342987,8585.11694940916,9.684134423754795,15914.264123449,optimize_single_point_heur,8450.249186938303,2.3601162433624268,7944.9442581437115,8.962010493100813,15140.805918281874,optimize_single_point_heur,7713.726735232141,1.9791579246520996,4075.872739073964,4.597642610101706,10845.122614942786,optimize_single_point_heur,4332.834782325949,36.319079875946045,7018.191872700008,7.9166205780816705,14367.395662729761,optimize_single_point_heur,6767.094283170559,34.930912733078,7093.1577497535,8.001183157119181,14018.806375823919,optimize_single_point_heur,7059.554754393344,35.16699957847595,3966.5495662622925,4.4743245111895575,9387.155410173033,optimize_single_point_heur,3879.5427198463954,27.19911479949951
2025-11-06 14:29:50,config_comm_area_0.5_hw_0.9_seed_3,inputs/task_graph_topology/soda-benchmark-graphs/pytorch-graphs/squeeze_net_tosa.dot,179,0.9,0.5,1.0,0.5,3,6781.9286707166075,19128.658703862315,2.8205337497070873,19128.658703862315,None,11216.473376696309,0.0,9214.5581241026,1.3586928691671052,9214.5581241026,optimize_random_heur,9214.558124102598,1.2307806015014648,8476.603596254408,1.249880971596644,10584.196168483173,optimize_swarm_heur,8311.654856554369,1371.9875898361206,9214.5581241026,1.3586928691671052,9214.5581241026,optimize_random_heur,9214.558124102598,1431.8644671440125,9214.5581241026,1.3586928691671052,9214.5581241026,optimize_single_point_heur,9214.558124102598,2.3058018684387207,9214.5581241026,1.3586928691671052,9214.5581241026,optimize_single_point_heur,9214.558124102598,1.9239799976348877,5538.029429636492,0.8165862099890414,14671.968825853151,optimize_single_point_heur,5648.841399503292,36.71653771400452,8510.271917157033,1.2548453884369446,17063.39501406216,optimize_single_point_heur,7871.019338458949,35.23962473869324,8655.480729481586,1.2762565266801915,18635.1840449999,optimize_single_point_heur,8565.221939352235,35.469961643218994,5337.101197312167,0.7869592053300416,15762.055207683652,optimize_single_point_heur,5428.471684952633,28.899181604385376
2025-11-06 14:30:03,config_comm_area_0.5_hw_0.5_seed_1,inputs/task_graph_topology/soda-benchmark-graphs/pytorch-graphs/squeeze_net_tosa.dot,179,0.5,0.5,1.0,0.5,1,4559.116995953398,15522.361843160523,3.404686007605844,15522.361843160523,None,7957.975661841212,0.0,8769.553212251989,1.9235201070811978,8769.553212251989,optimize_random_heur,8769.553212251989,1.231964111328125,8316.979183700452,1.824252194247806,12410.490845753962,optimize_swarm_heur,8272.508494378375,1351.3578469753265,8548.741477903674,1.8750871025006388,15348.189751397682,optimize_random_heur,9032.867966330135,1459.1178188323975,8769.553212251989,1.9235201070811978,8769.553212251989,optimize_single_point_heur,8769.553212251989,2.3484232425689697,8769.553212251989,1.9235201070811978,8769.553212251989,optimize_single_point_heur,8769.553212251989,3.293076515197754,5109.988035436222,1.1208284498888204,13371.684999948304,optimize_single_point_heur,5479.320976343985,36.876206159591675,8092.622133713411,1.7750415575858873,16117.70351844959,optimize_single_point_heur,8030.460657186952,36.23743438720703,8070.461388444786,1.7701808037845932,16532.796580397273,optimize_single_point_heur,8200.83655209133,35.20581817626953,5575.904256758307,1.2230228488778405,13831.810921778711,optimize_single_point_heur,5637.128244772551,32.79047083854675
2025-11-06 14:30:21,config_comm_area_0.5_hw_0.9_seed_1,inputs/task_graph_topology/soda-benchmark-graphs/pytorch-graphs/squeeze_net_tosa.dot,179,0.9,0.5,1.0,0.5,1,7103.137687612537,21308.14918963035,2.9998220683220786,21308.14918963035,None,10608.057441812525,0.0,8769.553212251989,1.2346027344430595,8769.553212251989,optimize_random_heur,8769.553212251989,1.2750928401947021,8260.320748187323,1.1629115345170413,12703.456471932192,optimize_swarm_heur,8129.856973675177,1353.2904686927795,8769.553212251989,1.2346027344430595,8769.553212251989,optimize_random_heur,8769.553212251989,1475.2190916538239,8769.553212251989,1.2346027344430595,8769.553212251989,optimize_single_point_heur,8769.553212251989,2.332885503768921,8769.553212251989,1.2346027344430595,8769.553212251989,optimize_single_point_heur,8769.553212251989,3.006605386734009,5752.445883239431,0.8098457521485702,15496.393909499619,optimize_single_point_heur,5764.342106576733,38.16172742843628,8769.553212251989,1.2346027344430595,8769.553212251989,optimize_single_point_heur,8769.553212251989,36.62601828575134,8220.446876666898,1.157297977062008,18313.416917976887,optimize_single_point_heur,8187.124151698709,36.63222813606262,6522.652124216685,0.918277585353838,18052.33261818423,optimize_single_point_heur,6537.029009011616,29.236793756484985
2025-11-06 14:30:25,config_comm_area_0.5_hw_0.3_seed_1,inputs/task_graph_topology/soda-benchmark-graphs/pytorch-graphs/squeeze_net_tosa.dot,179,0.3,0.5,1.0,0.5,1,2742.479224526191,13774.970303025246,5.022816647008548,13774.970303025246,None,6932.55067451224,0.0,8769.553212251989,3.197673526138407,8769.553212251989,optimize_random_heur,8769.553212251989,1.2471368312835693,7526.042897678602,2.7442479164008438,16447.211318758487,optimize_swarm_heur,7643.935294632625,1364.8722350597382,8209.805730199798,2.993570801477331,14734.218059762306,optimize_random_heur,7769.89016082806,1469.2699801921844,8769.553212251989,3.197673526138407,8769.553212251989,optimize_single_point_heur,8769.553212251989,2.3110857009887695,8575.766434092015,3.1270123607130045,15543.870065609892,optimize_single_point_heur,8452.600196933217,3.2061898708343506,4684.951305621289,1.7082905364326662,11342.689252637321,optimize_single_point_heur,4967.670270605284,37.12047863006592,7553.355633387608,2.75420705682559,15131.2265973814,optimize_single_point_heur,7329.275030457302,35.177470684051514,7559.014622551969,2.7562705142672193,14709.477844559853,optimize_single_point_heur,7580.955747047776,35.77165937423706,4803.994028008398,1.7516975097006864,12507.408653385237,optimize_single_point_heur,4957.72119514766,31.428154945373535
2025-11-06 14:30:30,config_comm_area_0.5_hw_0.3_seed_3,inputs/task_graph_topology/soda-benchmark-graphs/pytorch-graphs/squeeze_net_tosa.dot,179,0.3,0.5,1.0,0.5,3,2658.940824325056,15072.823262105107,5.668732122284513,15072.823262105107,None,8079.000848048331,0.0,9088.642181191766,3.4181438330801597,16132.340206148388,optimize_random_heur,8657.432871494517,1.2499971389770508,7472.751913272044,2.810424303131651,15912.910339436634,optimize_swarm_heur,7374.374571428852,1407.9170861244202,8152.437215734967,3.0660468789501465,15567.294055290848,optimize_random_heur,7949.2840557793725,1438.3025200366974,9101.149817666863,3.4228478251211527,16080.105765190572,optimize_single_point_heur,8835.194221918222,2.351731300354004,8441.984759004219,3.1749426996545242,16255.108590247986,optimize_single_point_heur,8161.744348817173,1.9510400295257568,4529.166630031605,1.7033724814772009,10068.968083702768,optimize_single_point_heur,4463.476116280928,36.5363655090332,7785.369709197047,2.9279966060069356,15454.555971160597,optimize_single_point_heur,7817.189624154672,34.75992035865784,7102.881505653972,2.671319888232926,14240.138630105363,optimize_single_point_heur,7286.322227425018,34.81816744804382,4403.967570443463,1.6562864168146216,10058.204854045096,optimize_single_point_heur,4358.030356611327,27.425870180130005
2025-11-06 14:30:57,config_comm_area_0.5_hw_0.7_seed_2,inputs/task_graph_topology/soda-benchmark-graphs/pytorch-graphs/squeeze_net_tosa.dot,179,0.7,0.5,1.0,0.5,2,5858.939212615281,16691.630069719642,2.848916751650155,16691.630069719642,None,8295.417503966122,0.0,8942.015456463532,1.5262174827159616,8942.015456463532,optimize_random_heur,8942.015456463534,1.233316421508789,7709.678457327913,1.3158829913660275,13963.25727004481,optimize_swarm_heur,7547.376099517958,1324.3680927753448,8704.788181943977,1.485727683127537,16877.594057996623,optimize_random_heur,7926.543618074303,1557.0272612571716,8942.015456463532,1.5262174827159616,8942.015456463532,optimize_single_point_heur,8942.015456463534,2.073512554168701,8942.015456463532,1.5262174827159616,8942.015456463532,optimize_single_point_heur,8942.015456463534,2.7919833660125732,4445.489789948972,0.7587533559619608,14340.870069244249,optimize_single_point_heur,4642.310921876353,33.85282063484192,7720.890818932759,1.3177967100782313,16961.897636464648,optimize_single_point_heur,7395.93286618001,33.10172080993652,7734.947806513828,1.320195947733881,17844.961691688753,optimize_single_point_heur,7825.837670845861,34.84004354476929,4909.296629626642,0.8379156109106067,14621.527626567733,optimize_single_point_heur,5130.898347383317,22.94585394859314
2025-11-06 14:31:25,config_comm_area_0.5_hw_0.3_seed_2,inputs/task_graph_topology/soda-benchmark-graphs/pytorch-graphs/squeeze_net_tosa.dot,179,0.3,0.5,1.0,0.5,2,2688.9671217589616,15284.85411853263,5.684284495280178,15284.85411853263,None,7539.2500158792645,0.0,8321.226090453467,3.0945808236622163,16219.664694596768,optimize_random_heur,7807.489551214103,1.2364511489868164,7211.3438344248625,2.681826704414159,12538.348427081633,optimize_swarm_heur,7087.420888150463,1362.1626734733582,7749.652218428056,2.882018212762191,15712.965018026236,optimize_random_heur,7385.51083675554,1547.393290758133,8562.933150343604,3.1844692637008687,15430.258794903119,optimize_single_point_heur,7933.80869906555,2.1293866634368896,8537.540237414214,3.1750258931501794,17164.351006780842,optimize_single_point_heur,8013.736978329864,1.8124561309814453,4472.538379350157,1.6632923263206318,12081.204374910176,optimize_single_point_heur,4708.7187579281735,34.64576292037964,7051.010917716018,2.6222004950003512,15189.917882240503,optimize_single_point_heur,6973.995402993715,33.78936195373535,7310.804072434961,2.718814972959829,16034.94531314082,optimize_single_point_heur,7174.721426888789,31.49924397468567,4489.887095041513,1.6697441403093456,12185.35158991003,optimize_single_point_heur,4502.956675493571,25.79507303237915
2025-11-06 14:31:29,config_comm_area_0.5_hw_0.7_seed_1,inputs/task_graph_topology/soda-benchmark-graphs/pytorch-graphs/squeeze_net_tosa.dot,179,0.7,0.5,1.0,0.5,1,6100.224451734148,18007.93311261911,2.9520115620499645,18007.93311261911,None,9422.928136831764,0.0,8769.553212251989,1.4375787779020188,8769.553212251989,optimize_random_heur,8769.553212251989,1.2870900630950928,8165.923743175915,1.338626768209248,12841.872500829853,optimize_swarm_heur,7970.270669008283,1395.3905193805695,8769.553212251989,1.4375787779020188,8769.553212251989,optimize_random_heur,8769.553212251989,1504.239730834961,8769.553212251989,1.4375787779020188,8769.553212251989,optimize_single_point_heur,8769.553212251989,2.3384149074554443,8769.553212251989,1.4375787779020188,8769.553212251989,optimize_single_point_heur,8769.553212251989,3.121046304702759,6028.45593744375,0.9882351026821652,14821.292286911685,optimize_single_point_heur,6150.912772101461,37.37803268432617,8572.224784654056,1.4052310455916384,17347.577649417333,optimize_single_point_heur,8454.859811796328,35.641979455947876,8207.821880740164,1.3454950626295197,15830.996496777812,optimize_single_point_heur,7803.892767316694,36.3685736656189,6164.918668912913,1.0106052191506452,14752.022371014424,optimize_single_point_heur,6525.51489434034,29.453981399536133
2025-11-06 14:31:39,config_comm_area_0.5_hw_0.1_seed_1,inputs/task_graph_topology/soda-benchmark-graphs/pytorch-graphs/squeeze_net_tosa.dot,179,0.1,0.5,1.0,0.5,1,914.495431384477,11595.970002230093,12.68018363380413,11595.970002230093,None,5849.70166156275,0.0,8503.708312619541,9.29879802652001,15765.133982125531,optimize_random_heur,8038.8940529889705,1.284311294555664,7216.820274216293,7.891587017871235,14764.38473324198,optimize_swarm_heur,7052.420660500372,1402.4914846420288,7779.910586333186,8.507325809769206,14527.734020245585,optimize_random_heur,7759.588053589647,1499.1874272823334,8283.500821960173,9.058001317097428,14344.291964223452,optimize_single_point_heur,7597.963019376521,2.4587290287017822,8127.560364452203,8.88748055542245,14625.747846947696,optimize_single_point_heur,8112.015576783871,3.457537889480591,4111.385542114539,4.495796699487292,10132.589689019665,optimize_single_point_heur,4142.677350574238,38.79173254966736,7179.764246333148,7.851066281942521,14156.545662979497,optimize_single_point_heur,6703.822462374832,37.26442265510559,6849.112742374837,7.489499135064893,13625.744260933856,optimize_single_point_heur,6550.657637560607,37.895263671875,4402.430415725846,4.814054028745555,10236.301330108412,optimize_single_point_heur,4578.761176948159,31.03561043739319
2025-11-06 14:31:46,config_comm_area_0.5_hw_0.1_seed_2,inputs/task_graph_topology/soda-benchmark-graphs/pytorch-graphs/squeeze_net_tosa.dot,179,0.1,0.5,1.0,0.5,2,896.9223739196549,14046.7490341023,15.66105322216055,14046.7490341023,None,6989.063712665402,0.0,7901.04677845751,8.809064204663574,15300.951088288277,optimize_random_heur,7504.060706209453,1.2974460124969482,6366.398708767192,7.098048720699531,11722.332792254949,optimize_swarm_heur,6241.796966924407,1319.2021403312683,7155.682028571807,7.978039389630394,14533.989623140928,optimize_random_heur,6906.537728804517,1601.5914397239685,8148.95270865833,9.085460398369216,14527.124876598851,optimize_single_point_heur,7591.652633092882,2.2638309001922607,8064.978560569743,8.991835631577402,16136.619271957417,optimize_single_point_heur,7619.073615219821,1.9028172492980957,4115.864671147642,4.588875013966745,10969.351112334676,optimize_single_point_heur,4212.323373791782,36.96635842323303,6750.286218809819,7.526053998753855,13980.67676633741,optimize_single_point_heur,6522.8839603745355,35.13603353500366,6786.911707656547,7.566888623813625,14786.024308244674,optimize_single_point_heur,6676.112789780388,35.393239974975586,3759.2307455731707,4.191255402789091,10246.599653067824,optimize_single_point_heur,3739.1250960866914,27.42410159111023
2025-11-06 14:32:00,config_comm_area_0.5_hw_0.5_seed_2,inputs/task_graph_topology/soda-benchmark-graphs/pytorch-graphs/squeeze_net_tosa.dot,179,0.5,0.5,1.0,0.5,2,4411.024222327901,16188.646316669081,3.670042489162661,16188.646316669081,None,7974.739083045544,0.0,8774.986110483076,1.9893307468287063,17138.37830090526,optimize_random_heur,8110.91839621876,1.2622389793395996,7638.707513149091,1.7317310284725194,13447.989565071823,optimize_swarm_heur,7493.645497234959,1358.6149497032166,8159.483259104788,1.849793346815641,15926.664422599926,optimize_random_heur,7443.890796796094,1582.3180227279663,8942.015456463532,2.02719708751552,8942.015456463532,optimize_single_point_heur,8942.015456463534,2.174804210662842,8832.277858148742,2.002319056295624,17329.698568431897,optimize_single_point_heur,8881.830864471145,2.9039041996002197,4583.407325145077,1.039080062617793,12273.83272558183,optimize_single_point_heur,4453.177647335383,35.29054236412048,7617.787480461975,1.726988358373085,14704.937145700442,optimize_single_point_heur,7170.673825184831,33.61069965362549,7596.580550330373,1.7221806472695602,16598.18387010908,optimize_single_point_heur,7462.636538174536,34.11210656166077,4710.689216432579,1.0679354678189754,13256.831459640605,optimize_single_point_heur,4661.605371838908,26.158121585845947
2025-11-06 14:32:16,config_comm_area_0.5_hw_0.9_seed_2,inputs/task_graph_topology/soda-benchmark-graphs/pytorch-graphs/squeeze_net_tosa.dot,179,0.9,0.5,1.0,0.5,2,6779.073175355862,18012.188139672126,2.6570281325701415,18012.188139672126,None,8973.5275404244,0.0,8942.015456463532,1.31906165122552,8942.015456463532,optimize_random_heur,8942.015456463534,1.2483365535736084,7805.154255617967,1.1513600832621549,13212.54927158168,optimize_swarm_heur,7676.425151474561,1335.441679239273,8942.015456463532,1.31906165122552,8942.015456463532,optimize_random_heur,8942.015456463534,1618.8976323604584,8942.015456463532,1.31906165122552,8942.015456463532,optimize_single_point_heur,8942.015456463534,2.236729383468628,8942.015456463532,1.31906165122552,8942.015456463532,optimize_single_point_heur,8942.015456463534,2.871079206466675,5221.424462973834,0.7702268920706464,15721.617085831062,optimize_single_point_heur,5074.631262070133,34.812153339385986,8135.518604375787,1.2000930501755085,19377.620671409964,optimize_single_point_heur,8154.727315413296,33.64669489860535,7734.199599359133,1.140893363929964,18128.7719453401,optimize_single_point_heur,7690.676787930928,34.69935607910156,4928.481736481738,0.7270140930766722,14967.859838127997,optimize_single_point_heur,4882.422206530157,27.3649582862854
2025-11-06 14:37:44,config_comm_area_0.7_hw_0.1_seed_3,inputs/task_graph_topology/soda-benchmark-graphs/pytorch-graphs/squeeze_net_tosa.dot,179,0.1,0.5,1.0,0.7,3,886.513608108352,9296.802944482066,10.486926381558474,9296.802944482066,None,4838.264935781771,0.0,7949.0980444178485,8.966696023290249,14461.309447455982,optimize_random_heur,7566.5518346768595,2.0500054359436035,4775.546197111963,5.386884254717818,9542.460448174059,optimize_swarm_heur,4554.425973905068,1738.1490712165833,4650.942210892134,5.2463291802326,8992.25805431889,optimize_random_heur,4641.057660269923,1499.6904683113098,7512.633643146842,8.474357950553454,14402.102275070723,optimize_single_point_heur,6835.094595971403,3.698930025100708,7535.212742710909,8.499827497052856,15710.895443775129,optimize_single_point_heur,7082.24386253832,3.574021339416504,7270.220195718149,8.200912122749461,14645.918097777532,optimize_single_point_heur,7228.233262786806,37.471264600753784,5725.840564730944,6.458829861561603,12232.717445557832,optimize_single_point_heur,5730.403738648519,38.091468811035156,5276.111550564208,5.951529116199814,10268.809340681959,optimize_single_point_heur,5286.209464211268,37.61540460586548,3077.7944216585297,3.4717960260372607,7473.83760714375,optimize_single_point_heur,3000.4728965547647,26.162766695022583
2025-11-06 14:39:42,config_comm_area_0.7_hw_0.3_seed_2,inputs/task_graph_topology/soda-benchmark-graphs/pytorch-graphs/squeeze_net_tosa.dot,179,0.3,0.5,1.0,0.7,2,2688.9671217589616,11143.281473351699,4.144075017943109,11143.281473351699,None,5801.952166520275,0.0,8044.359548038845,2.9916169234440866,14951.997568253937,optimize_random_heur,7599.4555931716,2.09578013420105,5388.734432631372,2.0040164823980384,11265.10820559317,optimize_swarm_heur,5167.62216757022,1842.211928844452,5286.69536328243,1.9660691722493764,11194.96076475077,optimize_random_heur,5131.729102348758,1471.9243519306183,8340.40499724264,3.1017132674299286,16264.515697873094,optimize_single_point_heur,7971.062948712877,3.8822131156921387,8322.56627324493,3.0950792242490506,15522.924275601354,optimize_single_point_heur,7637.116679637653,3.7679061889648438,7748.984812730514,2.881770011253091,15481.683874113402,optimize_single_point_heur,7750.236449025344,38.89720034599304,5993.28212734674,2.2288417284277884,13246.261862489346,optimize_single_point_heur,6241.380616498905,39.09367537498474,5613.6601560454355,2.0876641111079537,11936.905175178475,optimize_single_point_heur,5595.2846278353645,38.65912699699402,3553.4857593782804,1.321505841638481,9536.287652729892,optimize_single_point_heur,3632.060559362159,26.96243143081665
2025-11-06 14:41:15,config_comm_area_0.7_hw_0.1_seed_2,inputs/task_graph_topology/soda-benchmark-graphs/pytorch-graphs/squeeze_net_tosa.dot,179,0.1,0.5,1.0,0.7,2,896.9223739196549,9429.1014306434,10.512728531274265,9429.1014306434,None,5017.5009789138585,0.0,7618.955930082076,8.494554435950075,13981.634272364798,optimize_random_heur,7205.961575320668,2.2072176933288574,5232.3744825936965,5.833698249412167,10821.973589082208,optimize_swarm_heur,5004.10799092485,1933.0526907444,4631.423538767717,5.163683807471386,9080.54135510874,optimize_random_heur,4680.467831903124,1536.4913306236267,7805.847391886705,8.702924153596754,15157.248796356254,optimize_single_point_heur,7598.2248074975405,3.9530153274536133,7805.556774653408,8.702600137559529,14516.995182562245,optimize_single_point_heur,7208.0123229447945,3.8385744094848633,7812.3734888049985,8.710200253634012,15140.238965298116,optimize_single_point_heur,7148.53897858207,40.218994140625,5255.115094890258,5.859052296716375,9937.314330877593,optimize_single_point_heur,5031.506961624531,41.192941427230835,5076.988553339951,5.660454796275091,11155.275502662136,optimize_single_point_heur,5367.712431027402,41.15511107444763,2595.070035358934,2.8933050516046075,6875.746237449726,optimize_single_point_heur,2832.41731603786,28.422476053237915
2025-11-06 14:43:17,config_comm_area_0.7_hw_0.1_seed_0,inputs/task_graph_topology/soda-benchmark-graphs/pytorch-graphs/squeeze_net_tosa.dot,179,0.1,0.5,1.0,0.7,0,1005.5926797560742,11730.990005268242,11.665747216968425,11730.990005268242,None,4686.571275051793,0.0,7278.667059913063,7.238186202467825,15155.851520952596,optimize_random_heur,6579.06475658576,2.2179949283599854,4935.094786076909,4.9076478831110935,9432.304849815351,optimize_swarm_heur,4524.933838023545,1975.6666052341461,4511.707540475885,4.4866153377034195,9813.02052741035,optimize_random_heur,4579.275950862551,1618.9403104782104,7749.447894565411,7.706348753896248,15293.212828053796,optimize_single_point_heur,7229.306788388153,4.019984722137451,7473.523298394563,7.431958733239198,13333.64450462941,optimize_single_point_heur,7269.2877773086875,3.7140772342681885,7508.357936137303,7.4665996355090805,14147.46695283642,optimize_single_point_heur,6939.144824831458,41.59109163284302,5216.441092627385,5.187429460895372,11303.983710568573,optimize_single_point_heur,4996.734048618815,40.63389468193054,4989.46162783786,4.961712359569035,10668.470044799713,optimize_single_point_heur,4881.217027335706,40.06412744522095,2989.1150102109636,2.9724908209714007,7360.6304284309235,optimize_single_point_heur,3058.564935340391,26.34809446334839
2025-11-06 14:43:40,config_comm_area_0.7_hw_0.1_seed_1,inputs/task_graph_topology/soda-benchmark-graphs/pytorch-graphs/squeeze_net_tosa.dot,179,0.1,0.5,1.0,0.7,1,914.495431384477,8234.107875183927,9.00399017053383,8234.107875183927,None,3851.1107750173724,0.0,7739.973521407169,8.463654662210214,14251.435108719088,optimize_random_heur,7752.488919119022,2.2992103099823,4983.787482482774,5.449767501777123,11467.837752154926,optimize_swarm_heur,4874.967835674362,2002.9473838806152,4486.343386752035,4.905812793356496,9225.850468251952,optimize_random_heur,4616.8707680513,1608.958000421524,7976.654052960773,8.722464628264705,14657.64790305803,optimize_single_point_heur,7457.295929737968,4.100592374801636,7267.705888761218,7.947230395408822,12915.725921963838,optimize_single_point_heur,7023.484537013831,3.8926796913146973,8028.252789124321,8.778887803704118,14214.168614031934,optimize_single_point_heur,7679.571518618849,41.4485297203064,5099.113025710317,5.57587588818311,10845.260048556524,optimize_single_point_heur,5177.815996022123,40.78261351585388,5204.484400757081,5.691099399892993,11857.30975639795,optimize_single_point_heur,5494.518669412966,40.38829040527344,2784.4102612324336,3.044750324249348,8046.82965857069,optimize_single_point_heur,2946.7716908445154,30.767547607421875
2025-11-06 14:44:03,config_comm_area_0.7_hw_0.5_seed_2,inputs/task_graph_topology/soda-benchmark-graphs/pytorch-graphs/squeeze_net_tosa.dot,179,0.5,0.5,1.0,0.7,2,4411.024222327901,12039.360981367863,2.7293799295924375,12039.360981367863,None,6408.744194511981,0.0,8480.161779296704,1.9224926801289093,15922.36086414308,optimize_random_heur,8019.424859380386,2.1398487091064453,6338.473383071767,1.436961817390942,13436.016231307201,optimize_swarm_heur,6244.5781587650135,1883.2479474544525,6072.8276716514665,1.3767386814408729,12833.994736141125,optimize_random_heur,5830.7605703825675,1509.0763175487518,8758.92881439216,1.9856904820553603,17150.86388611262,optimize_single_point_heur,8284.501842824067,3.938015937805176,8839.879182823131,2.004042312458198,16528.85336864047,optimize_single_point_heur,8090.459634081416,3.863649368286133,8497.183532387331,1.92635159185387,17213.310840372993,optimize_single_point_heur,8193.926038717143,39.590758323669434,6680.8430994899045,1.5145786472158875,14002.472055763874,optimize_single_point_heur,6630.591266876871,41.42631673812866,6513.45412840768,1.4766307778219885,14548.11944169768,optimize_single_point_heur,6544.984128163879,40.624104022979736,4218.259336814957,0.95629929109498,10689.945237943113,optimize_single_point_heur,4047.5218025337936,27.919902563095093
2025-11-06 14:44:14,config_comm_area_0.7_hw_0.5_seed_1,inputs/task_graph_topology/soda-benchmark-graphs/pytorch-graphs/squeeze_net_tosa.dot,179,0.5,0.5,1.0,0.7,1,4559.116995953398,11146.903229857247,2.4449697693108265,11146.903229857247,None,5657.17252713458,0.0,8769.553212251989,1.9235201070811978,8769.553212251989,optimize_random_heur,8769.553212251989,2.1648268699645996,5603.51404705458,1.2290788001334847,12035.750633229243,optimize_swarm_heur,5418.2073208965185,1889.4184565544128,5961.778778316268,1.3076608438888166,11534.616476635023,optimize_random_heur,6179.542486321008,1510.723937034607,8769.553212251989,1.9235201070811978,8769.553212251989,optimize_single_point_heur,8769.553212251989,3.9387989044189453,8769.553212251989,1.9235201070811978,8769.553212251989,optimize_single_point_heur,8769.553212251989,3.6294524669647217,8769.553212251989,1.9235201070811978,8769.553212251989,optimize_single_point_heur,8769.553212251989,40.6071240901947,7248.2268945040805,1.5898312986785588,15429.842879011287,optimize_single_point_heur,7602.486463693055,41.07610607147217,6550.940229286122,1.4368879401648686,12819.521154839264,optimize_single_point_heur,6454.274373119592,39.96536946296692,4291.349834725619,0.9412677583256922,9527.39811527345,optimize_single_point_heur,4491.272841513847,29.9263699054718
2025-11-06 14:44:20,config_comm_area_0.9_hw_0.3_seed_1,inputs/task_graph_topology/soda-benchmark-graphs/pytorch-graphs/squeeze_net_tosa.dot,179,0.3,0.5,1.0,0.9,1,2742.479224526191,5211.292317855867,1.9002121406247678,5211.292317855867,None,2282.003325720519,0.0,8358.585544681851,3.047820916902638,15393.456932690813,optimize_random_heur,8339.803330602084,2.1653919219970703,2492.669995950951,0.9089111682811749,5501.620855055183,optimize_swarm_heur,2312.262826360493,1817.6389834880829,2269.1615734217003,0.8274124934578987,5723.014649005769,optimize_random_heur,2536.1899870884095,1343.9802918434143,8483.614667110885,3.093410732610589,15523.133398921706,optimize_single_point_heur,8074.1337405252825,3.815033435821533,7814.888507607758,2.849570723350843,14037.148596669342,optimize_single_point_heur,7591.7156802419195,3.6379570960998535,8271.514699502488,3.0160719634736814,15691.386678361472,optimize_single_point_heur,8271.557504540975,38.784006118774414,6139.370367142872,2.2386205562609325,12702.193144091485,optimize_single_point_heur,6323.582223842913,39.18950009346008,5788.574069948349,2.1107084488300623,11477.37027533919,optimize_single_point_heur,5548.077365864101,38.427061557769775,2598.7000460867057,0.9475732843648704,6477.089456851122,optimize_single_point_heur,2689.442248257516,29.113362073898315
2025-11-06 14:44:33,config_comm_area_0.7_hw_0.3_seed_1,inputs/task_graph_topology/soda-benchmark-graphs/pytorch-graphs/squeeze_net_tosa.dot,179,0.3,0.5,1.0,0.7,1,2742.479224526191,9648.530343641823,3.5181780986175997,9648.530343641823,None,4781.283028964207,0.0,8358.585544681851,3.047820916902638,15393.456932690813,optimize_random_heur,8339.803330602084,2.124799966812134,5462.700672224443,1.9918840672961582,11838.209141071173,optimize_swarm_heur,5482.147853636342,2008.9209723472595,5329.856156762009,1.9434444968978135,10557.224873714129,optimize_random_heur,5444.959881446191,1615.882256269455,8483.614667110885,3.093410732610589,15523.133398921706,optimize_single_point_heur,8074.1337405252825,4.101540803909302,7814.888507607758,2.849570723350843,14037.148596669342,optimize_single_point_heur,7591.7156802419195,3.9620635509490967,8271.514699502488,3.0160719634736814,15691.386678361472,optimize_single_point_heur,8271.557504540975,42.1812481880188,5935.5699201567195,2.164308070987188,13021.896567002073,optimize_single_point_heur,5786.214306821967,42.594731092453,5913.96745195782,2.156431085810525,11466.594885802218,optimize_single_point_heur,5832.322892240685,41.80034804344177,3506.905125975349,1.278735348152446,8411.705578732855,optimize_single_point_heur,3923.0887007936835,32.565468311309814
2025-11-06 14:44:35,config_comm_area_0.9_hw_0.3_seed_2,inputs/task_graph_topology/soda-benchmark-graphs/pytorch-graphs/squeeze_net_tosa.dot,179,0.3,0.5,1.0,0.9,2,2688.9671217589616,6212.31654092338,2.310298437884824,6212.31654092338,None,3410.104088394942,0.0,8044.359548038845,2.9916169234440866,14951.997568253937,optimize_random_heur,7599.4555931716,2.1068150997161865,2313.2833298351084,0.8602869522338736,5171.263532656594,optimize_swarm_heur,2358.8629863970923,1825.6872537136078,3578.716444431212,1.330888881263163,10139.442573627739,optimize_random_heur,3577.013466239994,1348.5152354240417,8340.40499724264,3.1017132674299286,16264.515697873094,optimize_single_point_heur,7971.062948712877,3.8288326263427734,8322.56627324493,3.0950792242490506,15522.924275601354,optimize_single_point_heur,7637.116679637653,3.7042429447174072,7748.984812730514,2.881770011253091,15481.683874113402,optimize_single_point_heur,7750.236449025344,38.80410313606262,5998.857926262035,2.2309153123218333,13109.486514243032,optimize_single_point_heur,5967.192034733216,39.66694164276123,5736.380606716106,2.1333026202877887,12254.341320579697,optimize_single_point_heur,5724.365509940206,39.43362998962402,2415.2474176082746,0.8982063774838437,5811.265014511604,optimize_single_point_heur,2516.429652319181,29.490580797195435
2025-11-06 14:44:40,config_comm_area_0.7_hw_0.3_seed_0,inputs/task_graph_topology/soda-benchmark-graphs/pytorch-graphs/squeeze_net_tosa.dot,179,0.3,0.5,1.0,0.7,0,3016.369355489379,13052.426575408826,4.327197712592856,13052.426575408826,None,5310.3144429237,0.0,7893.427996291986,2.616863873758374,16373.686015789272,optimize_random_heur,7111.498740503177,2.2498927116394043,5692.822101066754,1.8873093544418218,12303.262285609493,optimize_swarm_heur,5274.43158962546,2005.5316262245178,4715.632520561755,1.5633471782823778,10795.804312206006,optimize_random_heur,4691.139781712147,1629.9455182552338,8277.728071540278,2.744268720432379,16555.620080987057,optimize_single_point_heur,7930.676164780328,4.115289926528931,8112.024074794227,2.689333804572525,14232.105960472267,optimize_single_point_heur,7670.646277640338,4.123210430145264,8295.12572754116,2.750036467664402,14789.280982384074,optimize_single_point_heur,7985.842854668571,42.32562065124512,6043.95067766596,2.0037170403772993,13425.985743336521,optimize_single_point_heur,6163.167473269154,42.6886351108551,5682.442109545688,1.8838681341210493,11768.905502824036,optimize_single_point_heur,5741.382869549364,42.14498019218445,3545.0435041540495,1.175268372788152,9722.263787209602,optimize_single_point_heur,3620.950213990901,28.385570526123047
2025-11-06 14:45:02,config_comm_area_0.9_hw_0.5_seed_0,inputs/task_graph_topology/soda-benchmark-graphs/pytorch-graphs/squeeze_net_tosa.dot,179,0.5,0.5,1.0,0.9,0,5020.405770995477,11287.112663430578,2.2482470896356452,11287.112663430578,None,4884.15317313707,0.0,8542.681548373157,1.7015918509469927,17591.520510625942,optimize_random_heur,7657.020983886991,2.0769355297088623,3297.506924187707,0.6568207978802194,7537.93935015614,optimize_swarm_heur,3385.8521501115783,1844.3272860050201,4123.666701547519,0.8213811571509394,8916.736476456757,optimize_random_heur,4092.9950905640553,1359.1132280826569,8774.169802429045,1.747701321897184,17238.673517161074,optimize_single_point_heur,8744.023061429647,3.7853622436523438,8562.992919622098,1.705637613814665,15270.30015933544,optimize_single_point_heur,8088.132742034417,3.772691249847412,8476.680466699354,1.6884452877637708,17080.623475124903,optimize_single_point_heur,8266.411523570649,38.33365321159363,6010.443783268941,1.1972027874705342,14459.916744310573,optimize_single_point_heur,5956.540252289393,39.07900834083557,6093.427359980441,1.2137320443666446,15211.982686934136,optimize_single_point_heur,6266.587635227303,38.41096568107605,3900.7289389502275,0.7769748336849607,10605.920753320148,optimize_single_point_heur,4250.517068933319,28.882728099822998
2025-11-06 14:45:42,config_comm_area_0.7_hw_0.5_seed_3,inputs/task_graph_topology/soda-benchmark-graphs/pytorch-graphs/squeeze_net_tosa.dot,179,0.5,0.5,1.0,0.7,3,4420.261133273895,13055.097811941825,2.9534675482560195,13055.097811941825,None,7226.946045282834,0.0,8997.187100197925,2.035442438563375,15827.14577844476,optimize_random_heur,8244.757726272117,2.1580898761749268,5833.268276893653,1.3196659882791144,12357.7612311672,optimize_swarm_heur,5598.438949395978,1904.1911354064941,6004.072927252773,1.358307291407876,12475.909624421673,optimize_random_heur,6122.576970870612,1589.322181224823,8699.957553897159,1.9681999075591894,16616.512614857944,optimize_single_point_heur,7722.843339354055,3.919837713241577,8600.70691069084,1.945746337461441,17752.078495846792,optimize_single_point_heur,8176.273104946046,3.7883100509643555,8710.146522392744,1.9705049678686104,15862.087901248591,optimize_single_point_heur,8182.887831928312,39.83631420135498,6129.38817872112,1.3866574833286713,13094.124036832207,optimize_single_point_heur,6278.4714193555565,39.62130355834961,6451.511650402043,1.459531791422397,12914.07333408356,optimize_single_point_heur,6357.646603900604,39.82744383811951,3922.779191522041,0.8874541736896455,9697.618291662227,optimize_single_point_heur,4104.8114135996475,27.97692632675171
2025-11-06 14:45:50,config_comm_area_0.9_hw_0.3_seed_0,inputs/task_graph_topology/soda-benchmark-graphs/pytorch-graphs/squeeze_net_tosa.dot,179,0.3,0.5,1.0,0.9,0,3016.369355489379,8139.185535322395,2.6983384911102455,8139.185535322395,None,2707.3773352688013,0.0,7893.427996291986,2.616863873758374,16373.686015789272,optimize_random_heur,7111.498740503177,2.1443188190460205,2223.2652215628946,0.7370666385788784,5313.222827004352,optimize_swarm_heur,2118.2420670697884,1871.803708076477,3183.7111053778517,1.0554778709656143,7557.789646106899,optimize_random_heur,3087.1864968295395,1381.1689438819885,8277.728071540278,2.744268720432379,16555.620080987057,optimize_single_point_heur,7930.676164780328,3.7938616275787354,8112.024074794227,2.689333804572525,14232.105960472267,optimize_single_point_heur,7670.646277640338,3.7930779457092285,8295.12572754116,2.750036467664402,14789.280982384074,optimize_single_point_heur,7985.842854668571,38.60324954986572,5402.964678689776,1.7912145503192838,11926.35029196852,optimize_single_point_heur,5277.928259695713,38.877530097961426,5343.533233117771,1.7715115767879264,11491.020136576662,optimize_single_point_heur,5212.200980678242,38.04800462722778,3047.030324857526,1.010164859058904,5928.898268059756,optimize_single_point_heur,2876.7110885445377,28.110056161880493
2025-11-06 14:46:07,config_comm_area_0.9_hw_0.5_seed_2,inputs/task_graph_topology/soda-benchmark-graphs/pytorch-graphs/squeeze_net_tosa.dot,179,0.5,0.5,1.0,0.9,2,4411.024222327901,7541.404326002426,1.7096719369231845,7541.404326002426,None,3844.116354881903,0.0,8480.161779296704,1.9224926801289093,15922.36086414308,optimize_random_heur,8019.424859380386,2.1235411167144775,3203.023911358546,0.7261406308188809,6874.78172076757,optimize_swarm_heur,3227.0544845284453,1867.8739523887634,3831.2808842696286,0.8685694503503961,8789.624009735717,optimize_random_heur,3832.6568712650665,1388.095234155655,8758.92881439216,1.9856904820553603,17150.86388611262,optimize_single_point_heur,8284.501842824067,3.9389774799346924,8839.879182823131,2.004042312458198,16528.85336864047,optimize_single_point_heur,8090.459634081416,3.831005811691284,8497.183532387331,1.92635159185387,17213.310840372993,optimize_single_point_heur,8193.926038717143,39.542643547058105,6778.607085304687,1.5367422039970806,14386.70532998617,optimize_single_point_heur,6899.586842248275,41.00999927520752,6112.926396940708,1.3858292516277853,13520.243307444605,optimize_single_point_heur,6103.977207185578,40.83075833320618,3596.6533151155045,0.8153782735786893,9533.09533749083,optimize_single_point_heur,3839.687586259335,30.30726408958435
2025-11-06 14:46:22,config_comm_area_0.9_hw_0.1_seed_0,inputs/task_graph_topology/soda-benchmark-graphs/pytorch-graphs/squeeze_net_tosa.dot,179,0.1,0.5,1.0,0.9,0,1005.5926797560742,6191.152865053097,6.156720300067101,6191.152865053097,None,1956.4413379118034,0.0,7278.667059913063,7.238186202467825,15155.851520952596,optimize_random_heur,6579.06475658576,2.114027261734009,1423.1301745591418,1.4152153284412823,3107.647505808328,optimize_swarm_heur,1500.8996575685705,1859.8408017158508,2259.2603993756034,2.2466953517637283,5450.213844461855,optimize_random_heur,2115.089757123233,1422.5516121387482,7749.447894565411,7.706348753896248,15293.212828053796,optimize_single_point_heur,7229.306788388153,3.8987205028533936,7473.523298394563,7.431958733239198,13333.64450462941,optimize_single_point_heur,7269.2877773086875,3.6110684871673584,7508.357936137303,7.4665996355090805,14147.46695283642,optimize_single_point_heur,6939.144824831458,39.5844988822937,4881.609433412156,4.854459993281061,10277.047529648995,optimize_single_point_heur,4849.188002551412,39.10647130012512,4597.401031644635,4.5718322380387875,9662.221870526488,optimize_single_point_heur,4421.039683197925,38.867501974105835,1651.5156796462363,1.6423306502657151,4138.846127480057,optimize_single_point_heur,1727.28949777896,28.439148426055908
2025-11-06 14:46:41,config_comm_area_0.9_hw_0.5_seed_1,inputs/task_graph_topology/soda-benchmark-graphs/pytorch-graphs/squeeze_net_tosa.dot,179,0.5,0.5,1.0,0.9,1,4559.116995953398,8091.702120370573,1.7748397611977589,8091.702120370573,None,3905.3452750106394,0.0,8769.553212251989,1.9235201070811978,8769.553212251989,optimize_random_heur,8769.553212251989,2.171553134918213,3169.4672266605407,0.6951932204138895,7095.406990161223,optimize_swarm_heur,3038.3045311283413,1909.8746438026428,3605.7263746841595,0.790882615621522,7219.349749744828,optimize_random_heur,3605.7263746841595,1385.7663989067078,8769.553212251989,1.9235201070811978,8769.553212251989,optimize_single_point_heur,8769.553212251989,3.929658889770508,8769.553212251989,1.9235201070811978,8769.553212251989,optimize_single_point_heur,8769.553212251989,3.6108343601226807,8769.553212251989,1.9235201070811978,8769.553212251989,optimize_single_point_heur,8769.553212251989,40.47010326385498,7142.051312720598,1.5665426702275402,14063.092273005605,optimize_single_point_heur,6847.2442835765105,40.787768602371216,6383.270895710804,1.4001112279804395,15264.516275483556,optimize_single_point_heur,6436.072143894213,39.99682641029358,3723.7689286081663,0.8167741542744629,9353.983851115798,optimize_single_point_heur,3900.9020565308324,30.426542043685913
2025-11-06 14:47:13,config_comm_area_0.7_hw_0.9_seed_3,inputs/task_graph_topology/soda-benchmark-graphs/pytorch-graphs/squeeze_net_tosa.dot,179,0.9,0.5,1.0,0.7,3,6781.9286707166075,18093.638278666698,2.667919283314262,18093.638278666698,None,9677.074915131578,0.0,9214.5581241026,1.3586928691671052,9214.5581241026,optimize_random_heur,9214.558124102598,2.1171538829803467,7431.9126814122765,1.0958405849212491,15959.249406803432,optimize_swarm_heur,8012.287026341755,1915.1745495796204,6701.895973151104,0.9881991242533893,14276.86713458323,optimize_random_heur,7008.215664324264,1535.880033493042,9214.5581241026,1.3586928691671052,9214.5581241026,optimize_single_point_heur,9214.558124102598,3.925889492034912,9214.5581241026,1.3586928691671052,9214.5581241026,optimize_single_point_heur,9214.558124102598,3.7801597118377686,9214.5581241026,1.3586928691671052,9214.5581241026,optimize_single_point_heur,9214.558124102598,39.36770820617676,7571.734765969812,1.1164574464876744,15046.170081886512,optimize_single_point_heur,7162.879955091016,40.29517865180969,7363.339322055211,1.085729396395608,16639.3933396091,optimize_single_point_heur,7466.720401469872,39.49378180503845,5437.5213658341145,0.8017662275500699,14448.325592668582,optimize_single_point_heur,5735.763713618892,30.148702144622803
2025-11-06 14:47:32,config_comm_area_0.9_hw_0.1_seed_3,inputs/task_graph_topology/soda-benchmark-graphs/pytorch-graphs/squeeze_net_tosa.dot,179,0.1,0.5,1.0,0.9,3,886.513608108352,4095.277186308006,4.619531103472323,4095.277186308006,None,2307.147635138493,0.0,7949.0980444178485,8.966696023290249,14461.309447455982,optimize_random_heur,7566.5518346768595,2.1860239505767822,1667.3043500488968,1.8807430983564943,5480.075989009012,optimize_swarm_heur,1693.7128455971867,1879.693388223648,3005.4550207848724,3.39019614960895,6159.3834652041305,optimize_random_heur,3090.849579518774,1472.1751737594604,7512.633643146842,8.474357950553454,14402.102275070723,optimize_single_point_heur,6835.094595971403,3.84812068939209,7535.212742710909,8.499827497052856,15710.895443775129,optimize_single_point_heur,7082.24386253832,3.8006818294525146,7270.220195718149,8.200912122749461,14645.918097777532,optimize_single_point_heur,7228.233262786806,39.2934296131134,5619.507457872891,6.338884599711706,13070.816963040535,optimize_single_point_heur,5934.046308122498,39.893797874450684,4946.563837646262,5.579794593566668,11707.250361562174,optimize_single_point_heur,4869.5476727540645,39.130847454071045,1923.9364675556253,2.1702277889009878,4484.891071627495,optimize_single_point_heur,1894.2941795571346,28.479084491729736
2025-11-06 14:47:35,config_comm_area_0.9_hw_0.3_seed_3,inputs/task_graph_topology/soda-benchmark-graphs/pytorch-graphs/squeeze_net_tosa.dot,179,0.3,0.5,1.0,0.9,3,2658.940824325056,5849.367871293677,2.1998864426696962,5849.367871293677,None,3168.7139214034883,0.0,8477.814903582783,3.1884180445177024,15469.107498407224,optimize_random_heur,8078.822279666397,2.19916033744812,2233.0487887735576,0.8398264332717497,5382.01759891389,optimize_swarm_heur,2081.6809903350336,1890.1032299995422,3682.201229135019,1.3848375997873916,8897.056507838966,optimize_random_heur,3566.9404852497387,1464.7396128177643,8092.0030471354285,3.0433182164516572,15509.307444964332,optimize_single_point_heur,7267.605227470661,3.882760763168335,8060.600202821946,3.0315079331891654,16711.624765038297,optimize_single_point_heur,7599.171654475663,3.733666181564331,8523.89994210945,3.2057501483784065,15212.46570252619,optimize_single_point_heur,8290.66128764431,39.17504858970642,6074.068766219064,2.284394113118671,13114.109751409798,optimize_single_point_heur,5988.99006308926,39.548755407333374,5359.099183248529,2.015501486238935,11042.243668232182,optimize_single_point_heur,5370.912793936121,39.18535232543945,2798.116131582504,1.0523423861051049,6624.444374109805,optimize_single_point_heur,2786.2316062402724,28.222513437271118
2025-11-06 14:48:11,config_comm_area_0.7_hw_0.7_seed_2,inputs/task_graph_topology/soda-benchmark-graphs/pytorch-graphs/squeeze_net_tosa.dot,179,0.7,0.5,1.0,0.7,2,5858.939212615281,14320.116018914863,2.444148249239597,14320.116018914863,None,7307.969581678162,0.0,8940.571702216837,1.525971063663928,16892.72416003222,optimize_random_heur,8492.120751855393,2.212963819503784,6295.619987901293,1.0745323956162176,13621.135352115443,optimize_swarm_heur,6181.132219337189,2025.6225996017456,6663.961046080732,1.1374006119968105,12901.30502406866,optimize_random_heur,6211.709087063534,1599.275549173355,8942.015456463532,1.5262174827159616,8942.015456463532,optimize_single_point_heur,8942.015456463534,4.208053112030029,8942.015456463532,1.5262174827159616,8942.015456463532,optimize_single_point_heur,8942.015456463534,3.910860300064087,8880.61195360326,1.5157371720945338,18085.76875134211,optimize_single_point_heur,8561.315349175746,42.868563652038574,7266.048296640494,1.2401644790912785,16152.770923974875,optimize_single_point_heur,7106.921633721697,44.32369089126587,7216.98119533317,1.231789737601953,15492.12293193734,optimize_single_point_heur,6728.832936550186,43.62345337867737,4252.602073373357,0.7258314037832633,12786.210523716632,optimize_single_point_heur,4453.889132294355,31.90209197998047
2025-11-06 14:48:24,config_comm_area_0.7_hw_0.5_seed_0,inputs/task_graph_topology/soda-benchmark-graphs/pytorch-graphs/squeeze_net_tosa.dot,179,0.5,0.5,1.0,0.7,0,5020.405770995477,14583.027363862373,2.9047507371044157,14583.027363862373,None,6414.968278448389,0.0,8542.681548373157,1.7015918509469927,17591.520510625942,optimize_random_heur,7657.020983886991,2.240755319595337,6181.120279014186,1.2311993414405935,13197.367657190965,optimize_swarm_heur,6137.367322353518,2007.0866630077362,5642.3764580269135,1.1238885292150615,12828.203096302213,optimize_random_heur,5820.7519386859,1634.0973479747772,8774.169802429045,1.747701321897184,17238.673517161074,optimize_single_point_heur,8744.023061429647,4.088698148727417,8562.992919622098,1.705637613814665,15270.30015933544,optimize_single_point_heur,8088.132742034417,4.090301036834717,8476.680466699354,1.6884452877637708,17080.623475124903,optimize_single_point_heur,8266.411523570649,41.91757416725159,6704.951211909773,1.3355396989316013,14762.69492543062,optimize_single_point_heur,6182.318394452964,43.361067056655884,6755.524738852847,1.3456132924318027,15207.733694761471,optimize_single_point_heur,6460.7802591183,42.28079605102539,4097.947839112281,0.8162582918670566,10848.426277349065,optimize_single_point_heur,4442.055115382937,32.106284618377686
2025-11-06 14:48:41,config_comm_area_0.9_hw_0.5_seed_3,inputs/task_graph_topology/soda-benchmark-graphs/pytorch-graphs/squeeze_net_tosa.dot,179,0.5,0.5,1.0,0.9,3,4420.261133273895,7080.15883707993,1.6017512593958367,7080.15883707993,None,3983.2055127656413,0.0,8997.187100197925,2.035442438563375,15827.14577844476,optimize_random_heur,8244.757726272117,2.136479377746582,2735.0329461963734,0.6187491787777374,6538.104759677809,optimize_swarm_heur,2990.1319808430026,1909.689059972763,4645.318841548161,1.0509150254902644,12250.171053922813,optimize_random_heur,4616.4997116857385,1498.9252727031708,8699.957553897159,1.9681999075591894,16616.512614857944,optimize_single_point_heur,7722.843339354055,4.031078100204468,8600.70691069084,1.945746337461441,17752.078495846792,optimize_single_point_heur,8176.273104946046,3.877457857131958,8710.146522392744,1.9705049678686104,15862.087901248591,optimize_single_point_heur,8182.887831928312,40.9032027721405,6112.574986211329,1.3828538183408206,13205.697141442148,optimize_single_point_heur,6072.442897162279,41.135936975479126,6346.606266082688,1.435798943711281,13688.834053817433,optimize_single_point_heur,6218.931423311808,41.06576442718506,3541.42523460125,0.8011800949819158,7632.704636844745,optimize_single_point_heur,3793.4075915987205,29.715932846069336
2025-11-06 14:48:54,config_comm_area_0.7_hw_0.7_seed_0,inputs/task_graph_topology/soda-benchmark-graphs/pytorch-graphs/squeeze_net_tosa.dot,179,0.7,0.5,1.0,0.7,0,6596.241530654771,15810.669098067401,2.3969208866276865,15810.669098067401,None,7608.041740434241,0.0,9201.7157448385,1.3949937554704883,18809.355005462607,optimize_random_heur,8202.543227270808,2.236940383911133,6236.004654967652,0.9453875553202551,13720.50406883257,optimize_swarm_heur,5955.9861595686425,2002.8834717273712,6457.969534029301,0.9790377602180155,14335.317230297444,optimize_random_heur,6311.56481860293,1665.9653344154358,9284.17785473166,1.4074951336431845,18299.81109676648,optimize_single_point_heur,9153.716271751891,4.270212411880493,9039.233790862236,1.3703612502444196,16308.494358198614,optimize_single_point_heur,8432.60172893688,4.239490985870361,9189.96232564064,1.3932119196866954,16927.750830038516,optimize_single_point_heur,9145.024659056753,44.1160786151886,7427.204263823106,1.125975182883555,16392.17882682679,optimize_single_point_heur,7166.82253860056,44.10556197166443,6877.129039020959,1.0425829628980106,15171.15065558524,optimize_single_point_heur,7088.104816241461,43.15702939033508,4433.787765629374,0.6721688017372004,12181.379027603345,optimize_single_point_heur,4599.761661061932,30.804063081741333
2025-11-06 14:48:57,config_comm_area_0.9_hw_0.1_seed_2,inputs/task_graph_topology/soda-benchmark-graphs/pytorch-graphs/squeeze_net_tosa.dot,179,0.1,0.5,1.0,0.9,2,896.9223739196549,4181.5752410475225,4.6621372848282885,4181.5752410475225,None,2475.1301909039457,0.0,7618.955930082076,8.494554435950075,13981.634272364798,optimize_random_heur,7205.961575320668,2.2204339504241943,1531.7025407213275,1.7077314439460458,3317.2425292330086,optimize_swarm_heur,1637.9932445417608,1992.611183166504,2245.713667831057,2.5037993622759434,4546.707301393203,optimize_random_heur,2245.4297792550497,1433.858987569809,7805.847391886705,8.702924153596754,15157.248796356254,optimize_single_point_heur,7598.2248074975405,4.036694765090942,7805.556774653408,8.702600137559529,14516.995182562245,optimize_single_point_heur,7208.0123229447945,3.991229295730591,7812.3734888049985,8.710200253634012,15140.238965298116,optimize_single_point_heur,7148.53897858207,41.173571825027466,4900.778220108318,5.463993721877344,9913.878313023937,optimize_single_point_heur,4888.73261809702,42.25918889045715,4802.517918243265,5.354440983845351,10376.057470770877,optimize_single_point_heur,4983.297063953006,42.089707136154175,1976.9225455022724,2.2041177731612285,5341.818656445453,optimize_single_point_heur,2103.1101800486526,30.381099224090576
2025-11-06 14:49:22,config_comm_area_0.7_hw_0.7_seed_1,inputs/task_graph_topology/soda-benchmark-graphs/pytorch-graphs/squeeze_net_tosa.dot,179,0.7,0.5,1.0,0.7,1,6100.224451734148,14575.52030690452,2.389341641808122,14575.52030690452,None,7532.14401291471,0.0,8769.553212251989,1.4375787779020188,8769.553212251989,optimize_random_heur,8769.553212251989,2.2321724891662598,6860.497560023522,1.12463034996577,13923.60931843282,optimize_swarm_heur,7331.613628410142,2058.22137260437,6631.705552051826,1.087124843441882,12750.68356877903,optimize_random_heur,6950.506520078009,1637.3058717250824,8769.553212251989,1.4375787779020188,8769.553212251989,optimize_single_point_heur,8769.553212251989,4.133134126663208,8769.553212251989,1.4375787779020188,8769.553212251989,optimize_single_point_heur,8769.553212251989,3.79673433303833,8769.553212251989,1.4375787779020188,8769.553212251989,optimize_single_point_heur,8769.553212251989,43.60013961791992,7729.09713849813,1.267018484262646,15037.212847055971,optimize_single_point_heur,7526.1685427310085,43.92485237121582,7810.493254063375,1.280361618799623,16106.032014860983,optimize_single_point_heur,7612.008395561173,44.09466314315796,4493.479074431696,0.7366088100503101,12787.12157140751,optimize_single_point_heur,5241.761720924924,32.30206370353699
2025-11-06 14:49:34,config_comm_area_0.7_hw_0.9_seed_2,inputs/task_graph_topology/soda-benchmark-graphs/pytorch-graphs/squeeze_net_tosa.dot,179,0.9,0.5,1.0,0.7,2,6779.073175355862,19001.285374570612,2.802932625605292,19001.285374570612,None,9233.464950602158,0.0,8942.015456463532,1.31906165122552,8942.015456463532,optimize_random_heur,8942.015456463534,2.2604293823242188,7165.390075913786,1.0569866839559,15655.139732999854,optimize_swarm_heur,6627.434670116673,2073.6248490810394,7393.123241958767,1.0905802387316272,15779.526456261485,optimize_random_heur,6982.745325856198,1514.4861238002777,8942.015456463532,1.31906165122552,8942.015456463532,optimize_single_point_heur,8942.015456463534,3.933892250061035,8942.015456463532,1.31906165122552,8942.015456463532,optimize_single_point_heur,8942.015456463534,3.6756646633148193,8942.015456463532,1.31906165122552,8942.015456463532,optimize_single_point_heur,8942.015456463534,40.70247435569763,7509.320941455525,1.1077208856152123,16080.8669188797,optimize_single_point_heur,7313.806621080621,41.022244930267334,7539.375150286696,1.1121542658212895,15801.673079155682,optimize_single_point_heur,6967.222350473719,40.98587346076965,4820.033216529873,0.711016549290582,14620.846425581534,optimize_single_point_heur,4855.892044033185,31.018200874328613
2025-11-06 14:49:36,config_comm_area_0.9_hw_0.1_seed_1,inputs/task_graph_topology/soda-benchmark-graphs/pytorch-graphs/squeeze_net_tosa.dot,179,0.1,0.5,1.0,0.9,1,914.495431384477,3176.2163236191686,3.473189930331983,3176.2163236191686,None,1209.0102899781987,0.0,7739.973521407169,8.463654662210214,14251.435108719088,optimize_random_heur,7752.488919119022,2.2346742153167725,1741.3238266859325,1.9041361683455322,3709.999956741619,optimize_swarm_heur,1903.7488407297947,2015.93074965477,1968.659588646826,2.1527276365573793,4437.549969343729,optimize_random_heur,1918.7671837593973,1446.3741266727448,7976.654052960773,8.722464628264705,14657.64790305803,optimize_single_point_heur,7457.295929737968,4.102260589599609,7267.705888761218,7.947230395408822,12915.725921963838,optimize_single_point_heur,7023.484537013831,3.912899971008301,8028.252789124321,8.778887803704118,14214.168614031934,optimize_single_point_heur,7679.571518618849,42.31623721122742,5041.890666649854,5.513303285743935,9949.337769621541,optimize_single_point_heur,4874.04164079708,42.78142476081848,4954.70189825408,5.417962439411027,9367.987096064095,optimize_single_point_heur,4783.781062606401,42.01082730293274,1523.658607843697,1.6661194310582754,4059.73905616691,optimize_single_point_heur,1715.9474379907278,32.403642416000366
2025-11-06 14:50:11,config_comm_area_0.7_hw_0.9_seed_1,inputs/task_graph_topology/soda-benchmark-graphs/pytorch-graphs/squeeze_net_tosa.dot,179,0.9,0.5,1.0,0.7,1,7103.137687612537,19401.591312278022,2.731411407963171,19401.591312278022,None,10231.759325187502,0.0,8769.553212251989,1.2346027344430595,8769.553212251989,optimize_random_heur,8769.553212251989,2.2151260375976562,7566.664380408568,1.0652566109769201,12470.274704796948,optimize_swarm_heur,7474.276918228357,2082.4491395950317,7617.333493375682,1.0723899533384906,14637.266495472299,optimize_random_heur,7459.4154477424245,1587.4975371360779,8769.553212251989,1.2346027344430595,8769.553212251989,optimize_single_point_heur,8769.553212251989,4.068041801452637,8769.553212251989,1.2346027344430595,8769.553212251989,optimize_single_point_heur,8769.553212251989,3.9462006092071533,8769.553212251989,1.2346027344430595,8769.553212251989,optimize_single_point_heur,8769.553212251989,41.478766441345215,8399.82117280371,1.1825508025069702,18836.996115207636,optimize_single_point_heur,8452.932503029837,42.54266691207886,8304.901428848952,1.1691877299988458,16573.499773040832,optimize_single_point_heur,8013.543156749928,42.63128614425659,5769.229898842435,0.812208653776153,13440.474380757725,optimize_single_point_heur,5859.287140914039,28.98623275756836
2025-11-06 14:50:12,config_comm_area_0.9_hw_0.7_seed_2,inputs/task_graph_topology/soda-benchmark-graphs/pytorch-graphs/squeeze_net_tosa.dot,179,0.7,0.5,1.0,0.9,2,5858.939212615281,10119.796439662983,1.7272403881360232,10119.796439662983,None,4711.29041752041,0.0,8940.571702216837,1.525971063663928,16892.72416003222,optimize_random_heur,8492.120751855393,2.199195384979248,3708.6279355942365,0.6329862456345233,9090.922435467513,optimize_swarm_heur,3518.65091188834,1990.5035967826843,4554.436577316134,0.7773483239951811,10092.10375552665,optimize_random_heur,4530.3947099753095,1430.312014579773,8942.015456463532,1.5262174827159616,8942.015456463532,optimize_single_point_heur,8942.015456463534,3.8521790504455566,8942.015456463532,1.5262174827159616,8942.015456463532,optimize_single_point_heur,8942.015456463534,3.6599478721618652,8880.61195360326,1.5157371720945338,18085.76875134211,optimize_single_point_heur,8561.315349175746,39.73811721801758,7266.048296640494,1.2401644790912785,16152.770923974875,optimize_single_point_heur,7106.921633721697,40.4827344417572,6832.064083124318,1.1660923309143976,16912.379296817446,optimize_single_point_heur,6748.947116517717,39.967538595199585,3638.3816458790257,0.6209966538046646,10348.531383203697,optimize_single_point_heur,3741.4340023787936,29.743694305419922
2025-11-06 14:50:14,config_comm_area_0.7_hw_0.3_seed_3,inputs/task_graph_topology/soda-benchmark-graphs/pytorch-graphs/squeeze_net_tosa.dot,179,0.3,0.5,1.0,0.7,3,2658.940824325056,11365.653998581032,4.274504304346857,11365.653998581032,None,6274.707552599699,0.0,8477.814903582783,3.1884180445177024,15469.107498407224,optimize_random_heur,8078.822279666397,2.3085362911224365,5652.638244112176,2.1258984752122263,10718.59093786618,optimize_swarm_heur,5145.1603887313095,2044.503588438034,5202.63734231766,1.9566578145409816,11450.911534649367,optimize_random_heur,5240.35122165965,1708.6064991950989,8092.0030471354285,3.0433182164516572,15509.307444964332,optimize_single_point_heur,7267.605227470661,4.242999792098999,8060.600202821946,3.0315079331891654,16711.624765038297,optimize_single_point_heur,7599.171654475663,4.083935737609863,8523.89994210945,3.2057501483784065,15212.46570252619,optimize_single_point_heur,8290.66128764431,43.89678430557251,5797.365952331241,2.180329061592727,13125.99627618016,optimize_single_point_heur,5628.305051836762,42.665183544158936,6002.890395128417,2.2576246677667933,12480.32356875251,optimize_single_point_heur,5749.835516780466,42.60701632499695,3327.9076204468533,1.251591457019961,8240.488542275983,optimize_single_point_heur,3327.274154046256,29.038843154907227
2025-11-06 14:50:34,config_comm_area_0.7_hw_0.9_seed_0,inputs/task_graph_topology/soda-benchmark-graphs/pytorch-graphs/squeeze_net_tosa.dot,179,0.9,0.5,1.0,0.7,0,7512.781340436409,16085.967814280088,2.1411468117273427,16085.967814280088,None,8674.077223645922,0.0,9466.813815823472,1.260094416014716,9466.813815823472,optimize_random_heur,9466.813815823469,2.3238134384155273,7247.252744802287,0.9646564190275373,17007.80528707604,optimize_swarm_heur,6902.900314576495,2057.604348897934,7082.998476898312,0.9427931089615432,15776.632599117702,optimize_random_heur,6586.7863254362765,1638.4181990623474,9466.813815823472,1.260094416014716,9466.813815823472,optimize_single_point_heur,9466.813815823469,4.104849338531494,9466.813815823472,1.260094416014716,9466.813815823472,optimize_single_point_heur,9466.813815823469,4.104154348373413,9466.813815823472,1.260094416014716,9466.813815823472,optimize_single_point_heur,9466.813815823469,41.80271935462952,8083.411624414708,1.0759545976543958,17544.801863346544,optimize_single_point_heur,8216.909738778688,42.69644355773926,7680.571353028356,1.0223339406524241,16952.582890860598,optimize_single_point_heur,7258.595786125567,42.36261463165283,4968.172686273909,0.661296058163369,12721.017333011838,optimize_single_point_heur,5238.574512452396,24.854206323623657
2025-11-06 14:50:44,config_comm_area_0.9_hw_0.7_seed_0,inputs/task_graph_topology/soda-benchmark-graphs/pytorch-graphs/squeeze_net_tosa.dot,179,0.7,0.5,1.0,0.9,0,6596.241530654771,10549.923894592986,1.5993841107188438,10549.923894592986,None,5096.007208632061,0.0,9201.7157448385,1.3949937554704883,18809.355005462607,optimize_random_heur,8202.543227270808,2.1887667179107666,4016.079323515053,0.6088435823417158,9896.758692074116,optimize_swarm_heur,4011.0266328528483,1982.8764038085938,5223.231038326257,0.7918495728290557,11534.220888079259,optimize_random_heur,5009.160677165796,1467.2577183246613,9284.17785473166,1.4074951336431845,18299.81109676648,optimize_single_point_heur,9153.716271751891,4.008695602416992,9039.233790862236,1.3703612502444196,16308.494358198614,optimize_single_point_heur,8432.60172893688,3.998190402984619,9189.96232564064,1.3932119196866954,16927.750830038516,optimize_single_point_heur,9145.024659056753,41.12514090538025,7330.332233950905,1.111289239468353,17637.91614444892,optimize_single_point_heur,7347.68932864331,41.10329627990723,7115.7522460536475,1.078758595024841,15405.821778816446,optimize_single_point_heur,7164.54956751218,40.70028591156006,4455.85580073406,0.6755143485917431,11570.723230213613,optimize_single_point_heur,4681.979004273554,29.947511196136475
2025-11-06 14:51:02,config_comm_area_0.7_hw_0.7_seed_3,inputs/task_graph_topology/soda-benchmark-graphs/pytorch-graphs/squeeze_net_tosa.dot,179,0.7,0.5,1.0,0.7,3,5877.451285254198,15477.506697587,2.6333704775092155,15477.506697587,None,8851.071801048203,0.0,9214.5581241026,1.5677812842482917,9214.5581241026,optimize_random_heur,9214.558124102598,2.2660768032073975,6643.880954562508,1.1304017051117357,14579.066288997989,optimize_swarm_heur,6706.592480415224,2085.4489331245422,6539.077092160913,1.1125701898315434,13723.460155928527,optimize_random_heur,6713.576930856594,1718.4986307621002,9214.5581241026,1.5677812842482917,9214.5581241026,optimize_single_point_heur,9214.558124102598,4.118893384933472,9156.159324200593,1.5578452087169603,18752.364646348142,optimize_single_point_heur,8693.200896883383,4.045308828353882,9214.5581241026,1.5677812842482917,9214.5581241026,optimize_single_point_heur,9214.558124102598,41.993772745132446,6880.64446372878,1.1706850690522046,15208.363731489313,optimize_single_point_heur,6392.253051640574,41.79356145858765,7222.696017389555,1.2288823278740582,17311.020121161066,optimize_single_point_heur,7264.337905966427,41.45577311515808,4446.573549403689,0.7565479207900191,11385.802839669403,optimize_single_point_heur,4416.381770519449,29.94717788696289
2025-11-06 14:51:16,config_comm_area_0.9_hw_0.7_seed_1,inputs/task_graph_topology/soda-benchmark-graphs/pytorch-graphs/squeeze_net_tosa.dot,179,0.7,0.5,1.0,0.9,1,6100.224451734148,9605.50812196661,1.5746155240625603,9605.50812196661,None,5551.375392521375,0.0,8769.553212251989,1.4375787779020188,8769.553212251989,optimize_random_heur,8769.553212251989,2.1995062828063965,4462.700425788379,0.7315633155956647,8417.68091688802,optimize_swarm_heur,4485.854850490475,1985.3250844478607,4933.227908222705,0.8086961303235829,9618.679993192787,optimize_random_heur,4753.942890196624,1491.8207216262817,8769.553212251989,1.4375787779020188,8769.553212251989,optimize_single_point_heur,8769.553212251989,4.083698511123657,8769.553212251989,1.4375787779020188,8769.553212251989,optimize_single_point_heur,8769.553212251989,3.78731369972229,8769.553212251989,1.4375787779020188,8769.553212251989,optimize_single_point_heur,8769.553212251989,42.75385785102844,8143.497381467857,1.3349504507416698,15574.178141735369,optimize_single_point_heur,7903.619287834074,41.49032115936279,7810.493254063375,1.280361618799623,16106.032014860983,optimize_single_point_heur,7612.008395561173,42.23184680938721,4689.408372412194,0.7687271852889129,12108.360036045788,optimize_single_point_heur,4766.333758629294,30.924342393875122
2025-11-06 14:54:07,config_comm_area_0.9_hw_0.9_seed_0,inputs/task_graph_topology/soda-benchmark-graphs/pytorch-graphs/squeeze_net_tosa.dot,179,0.9,0.5,1.0,0.9,0,7512.781340436409,13344.476563045651,1.776236517256402,13344.476563045651,None,6654.331464467778,0.0,9466.813815823472,1.260094416014716,9466.813815823472,optimize_random_heur,9466.813815823469,2.231523275375366,5052.116931807641,0.6724695825519885,11325.05410925095,optimize_swarm_heur,4901.157104728754,1968.460149049759,5562.612459370102,0.7404198534875736,12759.815918131877,optimize_random_heur,5495.463600930665,1454.042541027069,9466.813815823472,1.260094416014716,9466.813815823472,optimize_single_point_heur,9466.813815823469,4.053612232208252,9466.813815823472,1.260094416014716,9466.813815823472,optimize_single_point_heur,9466.813815823469,4.042593717575073,9466.813815823472,1.260094416014716,9466.813815823472,optimize_single_point_heur,9466.813815823469,42.096208810806274,7992.118284993637,1.0638028611291093,16983.388433820826,optimize_single_point_heur,7639.746130224913,42.07277584075928,7680.571353028356,1.0223339406524241,16952.582890860598,optimize_single_point_heur,7258.595786125567,42.21867275238037,5054.726488450213,0.6728169314929895,12660.735329560157,optimize_single_point_heur,5271.14932156421,31.849162340164185
2025-11-06 14:54:14,config_comm_area_0.9_hw_0.7_seed_3,inputs/task_graph_topology/soda-benchmark-graphs/pytorch-graphs/squeeze_net_tosa.dot,179,0.7,0.5,1.0,0.9,3,5877.451285254198,10220.53482687926,1.7389399470687785,10220.53482687926,None,5277.487911195992,0.0,9214.5581241026,1.5677812842482917,9214.5581241026,optimize_random_heur,9214.558124102598,2.343940496444702,3920.8206643945537,0.6670953911998233,9113.305451498705,optimize_swarm_heur,4231.0950853600525,2055.7023997306824,5062.0806380585145,0.8612713899915515,10660.6941677988,optimize_random_heur,4968.173107588067,1594.1402187347412,9214.5581241026,1.5677812842482917,9214.5581241026,optimize_single_point_heur,9214.558124102598,4.239080429077148,9156.159324200593,1.5578452087169603,18752.364646348142,optimize_single_point_heur,8693.200896883383,4.098400354385376,9214.5581241026,1.5677812842482917,9214.5581241026,optimize_single_point_heur,9214.558124102598,43.281941175460815,6899.752576211599,1.1739361572459526,15106.674956006942,optimize_single_point_heur,7290.6915609177095,43.49714374542236,7086.724258494432,1.2057478513304145,15106.674858909042,optimize_single_point_heur,6875.7021956979615,43.39214754104614,4672.26351862055,0.7949472129769385,11856.957302727978,optimize_single_point_heur,4779.149391948992,32.17292308807373
2025-11-06 14:54:19,config_comm_area_0.9_hw_0.9_seed_1,inputs/task_graph_topology/soda-benchmark-graphs/pytorch-graphs/squeeze_net_tosa.dot,179,0.9,0.5,1.0,0.9,1,7103.137687612537,13369.617092361264,1.8822128586465536,13369.617092361264,None,7449.6836600951265,0.0,8769.553212251989,1.2346027344430595,8769.553212251989,optimize_random_heur,8769.553212251989,2.211674928665161,5568.5662614736,0.7839586541008291,11384.050533115505,optimize_swarm_heur,5560.920220254779,1884.9775722026825,5578.058540059062,0.7852950041763761,11346.078905307282,optimize_random_heur,5493.022180574306,1407.70552277565,8769.553212251989,1.2346027344430595,8769.553212251989,optimize_single_point_heur,8769.553212251989,3.711786985397339,8769.553212251989,1.2346027344430595,8769.553212251989,optimize_single_point_heur,8769.553212251989,3.6406991481781006,8769.553212251989,1.2346027344430595,8769.553212251989,optimize_single_point_heur,8769.553212251989,39.1442985534668,8559.215817249637,1.2049908355537604,17028.782196285265,optimize_single_point_heur,8302.22848656652,39.457977533340454,8304.901428848952,1.1691877299988458,16573.499773040832,optimize_single_point_heur,8013.543156749928,39.16879487037659,5385.750540094525,0.7582213349865037,13201.175132707998,optimize_single_point_heur,5454.63807525681,29.536280870437622
2025-11-06 15:24:32,config_comm_area_0.9_hw_0.9_seed_2,inputs/task_graph_topology/soda-benchmark-graphs/pytorch-graphs/squeeze_net_tosa.dot,179,0.9,0.5,1.0,0.9,2,6779.073175355862,15532.604595577559,2.29125784510538,15532.604595577559,None,5916.140250351617,0.0,8942.015456463532,1.31906165122552,8942.015456463532,optimize_random_heur,8942.015456463534,2.2913119792938232,4437.8652572190185,0.6546418872349842,10197.505127080713,optimize_swarm_heur,4277.2470729502775,1919.0096113681793,5180.07921152669,0.7641279386624656,11155.576787677428,optimize_random_heur,5084.58613213472,1420.1829838752747,8942.015456463532,1.31906165122552,8942.015456463532,optimize_single_point_heur,8942.015456463534,3.9743950366973877,8942.015456463532,1.31906165122552,8942.015456463532,optimize_single_point_heur,8942.015456463534,3.7720932960510254,8942.015456463532,1.31906165122552,8942.015456463532,optimize_single_point_heur,8942.015456463534,40.77131390571594,7509.320941455525,1.1077208856152123,16080.8669188797,optimize_single_point_heur,7313.806621080621,41.72444176673889,7220.363650575826,1.0650959893491339,16502.272129196863,optimize_single_point_heur,7480.11786614079,41.53719973564148,4504.5016982495545,0.6644716145895703,13162.651799158655,optimize_single_point_heur,4436.3140680873075,30.91254162788391
2025-11-06 15:32:43,config_comm_area_0.9_hw_0.9_seed_3,inputs/task_graph_topology/soda-benchmark-graphs/pytorch-graphs/squeeze_net_tosa.dot,179,0.9,0.5,1.0,0.9,3,6781.9286707166075,12180.457442526407,1.7960167430129235,12180.457442526407,None,6146.583615124041,0.0,9214.5581241026,1.3586928691671052,9214.5581241026,optimize_random_heur,9214.558124102598,2.246203660964966,4971.5367079867265,0.7330564724829837,11214.308512315905,optimize_swarm_heur,4876.1839160120435,2049.3291931152344,5759.031456250573,0.8491731092833875,11763.595420023308,optimize_random_heur,5568.320355163951,1591.1512937545776,9214.5581241026,1.3586928691671052,9214.5581241026,optimize_single_point_heur,9214.558124102598,4.287099361419678,9214.5581241026,1.3586928691671052,9214.5581241026,optimize_single_point_heur,9214.558124102598,4.07147216796875,9214.5581241026,1.3586928691671052,9214.5581241026,optimize_single_point_heur,9214.558124102598,43.44676685333252,7571.734765969812,1.1164574464876744,15046.170081886512,optimize_single_point_heur,7162.879955091016,44.0538375377655,6980.2527342154435,1.0292430181926229,15730.13360802343,optimize_single_point_heur,6664.181690387779,43.446555614471436,5437.5213658341145,0.8017662275500699,14448.325592668582,optimize_single_point_heur,5735.763713618892,33.51326107978821
2026-03-12 14:00:34,config_resnet_comm_area_0.1_hw_0.1_seed_2,inputs/task_graph_topology/soda-benchmark-graphs/pytorch-graphs/rez_net_tosa.dot,362,0.1,0.5,1.0,0.1,42,1876.8712304770884,30594.28405324899,16.300683582577012,30594.28405324899,None,16202.945647811632,0.0,18496.710503963615,9.855077004543286,18496.710503963615,optimize_random_heur,18496.71050396363,0.2586386203765869,18496.710503963615,9.855077004543286,18496.710503963615,optimize_swarm_heur,18496.71050396363,63.46936893463135,18496.710503963615,9.855077004543286,18496.710503963615,optimize_random_heur,18496.71050396363,326.77847599983215,18496.710503963615,9.855077004543286,18496.710503963615,optimize_single_point_heur,18496.71050396363,0.12976861000061035,18496.710503963615,9.855077004543286,18496.710503963615,optimize_single_point_heur,18496.71050396363,0.12419986724853516,18496.710503963615,9.855077004543286,18496.710503963615,optimize_single_point_heur,18496.71050396363,1.3690910339355469,18496.710503963615,9.855077004543286,18496.710503963615,optimize_single_point_heur,18496.71050396363,5.033050537109375,18496.710503963615,9.855077004543286,18496.710503963615,optimize_single_point_heur,18496.71050396363,4.934325695037842,18496.710503963615,9.855077004543286,18496.710503963615,optimize_single_point_heur,18496.71050396363,3.041224241256714
2026-03-12 14:00:48,config_resnet_comm_area_0.1_hw_0.1_seed_3,inputs/task_graph_topology/soda-benchmark-graphs/pytorch-graphs/rez_net_tosa.dot,362,0.1,0.5,1.0,0.1,42,1876.8712304770884,30594.28405324899,16.300683582577012,30594.28405324899,None,16202.945647811632,0.0,18496.710503963615,9.855077004543286,18496.710503963615,optimize_random_heur,18496.71050396363,0.27394533157348633,18496.710503963615,9.855077004543286,18496.710503963615,optimize_swarm_heur,18496.71050396363,61.760024547576904,18496.710503963615,9.855077004543286,18496.710503963615,optimize_random_heur,18496.71050396363,330.9355158805847,18496.710503963615,9.855077004543286,18496.710503963615,optimize_single_point_heur,18496.71050396363,0.12553071975708008,18496.710503963615,9.855077004543286,18496.710503963615,optimize_single_point_heur,18496.71050396363,0.12061858177185059,18496.710503963615,9.855077004543286,18496.710503963615,optimize_single_point_heur,18496.71050396363,1.3259391784667969,18496.710503963615,9.855077004543286,18496.710503963615,optimize_single_point_heur,18496.71050396363,5.052001714706421,18496.710503963615,9.855077004543286,18496.710503963615,optimize_single_point_heur,18496.71050396363,4.9608001708984375,18496.710503963615,9.855077004543286,18496.710503963615,optimize_single_point_heur,18496.71050396363,2.9644124507904053
2026-03-12 14:00:55,config_resnet_comm_area_0.1_hw_0.1_seed_1,inputs/task_graph_topology/soda-benchmark-graphs/pytorch-graphs/rez_net_tosa.dot,362,0.1,0.5,1.0,0.1,42,1876.8712304770884,30594.28405324899,16.300683582577012,30594.28405324899,None,16202.945647811632,0.0,18496.710503963615,9.855077004543286,18496.710503963615,optimize_random_heur,18496.71050396363,0.27367663383483887,18496.710503963615,9.855077004543286,18496.710503963615,optimize_swarm_heur,18496.71050396363,63.12215995788574,18496.710503963615,9.855077004543286,18496.710503963615,optimize_random_heur,18496.71050396363,347.8216173648834,18496.710503963615,9.855077004543286,18496.710503963615,optimize_single_point_heur,18496.71050396363,0.1309201717376709,18496.710503963615,9.855077004543286,18496.710503963615,optimize_single_point_heur,18496.71050396363,0.12343573570251465,18496.710503963615,9.855077004543286,18496.710503963615,optimize_single_point_heur,18496.71050396363,1.3767530918121338,18496.710503963615,9.855077004543286,18496.710503963615,optimize_single_point_heur,18496.71050396363,4.98361873626709,18496.710503963615,9.855077004543286,18496.710503963615,optimize_single_point_heur,18496.71050396363,4.954199314117432,18496.710503963615,9.855077004543286,18496.710503963615,optimize_single_point_heur,18496.71050396363,2.9946699142456055
2026-03-12 14:00:55,config_resnet_comm_area_0.1_hw_0.1_seed_0,inputs/task_graph_topology/soda-benchmark-graphs/pytorch-graphs/rez_net_tosa.dot,362,0.1,0.5,1.0,0.1,42,1876.8712304770884,30594.28405324899,16.300683582577012,30594.28405324899,None,16202.945647811632,0.0,18496.710503963615,9.855077004543286,18496.710503963615,optimize_random_heur,18496.71050396363,0.2692852020263672,18496.710503963615,9.855077004543286,18496.710503963615,optimize_swarm_heur,18496.71050396363,67.37044525146484,18496.710503963615,9.855077004543286,18496.710503963615,optimize_random_heur,18496.71050396363,342.79548048973083,18496.710503963615,9.855077004543286,18496.710503963615,optimize_single_point_heur,18496.71050396363,0.13189244270324707,18496.710503963615,9.855077004543286,18496.710503963615,optimize_single_point_heur,18496.71050396363,0.12752246856689453,18496.710503963615,9.855077004543286,18496.710503963615,optimize_single_point_heur,18496.71050396363,1.4208638668060303,18496.710503963615,9.855077004543286,18496.710503963615,optimize_single_point_heur,18496.71050396363,5.358825445175171,18496.710503963615,9.855077004543286,18496.710503963615,optimize_single_point_heur,18496.71050396363,5.156880855560303,18496.710503963615,9.855077004543286,18496.710503963615,optimize_single_point_heur,18496.71050396363,3.074838638305664
2026-03-12 14:01:23,config_resnet_comm_area_0.1_hw_0.3_seed_0,inputs/task_graph_topology/soda-benchmark-graphs/pytorch-graphs/rez_net_tosa.dot,362,0.3,0.5,1.0,0.1,42,5629.515000900963,30835.508131350318,5.477471527549943,30835.508131350318,None,16271.662241678145,0.0,18496.710503963615,3.285666793854062,18496.710503963615,optimize_random_heur,18496.71050396363,0.27495908737182617,18496.710503963615,3.285666793854062,18496.710503963615,optimize_swarm_heur,18496.71050396363,68.67414498329163,18496.710503963615,3.285666793854062,18496.710503963615,optimize_random_heur,18496.71050396363,354.7999963760376,18496.710503963615,3.285666793854062,18496.710503963615,optimize_single_point_heur,18496.71050396363,0.1399085521697998,18496.710503963615,3.285666793854062,18496.710503963615,optimize_single_point_heur,18496.71050396363,0.1342942714691162,18496.710503963615,3.285666793854062,18496.710503963615,optimize_single_point_heur,18496.71050396363,1.511174201965332,18496.710503963615,3.285666793854062,18496.710503963615,optimize_single_point_heur,18496.71050396363,5.37392520904541,18496.710503963615,3.285666793854062,18496.710503963615,optimize_single_point_heur,18496.71050396363,5.2581305503845215,18496.710503963615,3.285666793854062,18496.710503963615,optimize_single_point_heur,18496.71050396363,3.397702693939209
2026-03-12 14:01:54,config_resnet_comm_area_0.1_hw_0.3_seed_2,inputs/task_graph_topology/soda-benchmark-graphs/pytorch-graphs/rez_net_tosa.dot,362,0.3,0.5,1.0,0.1,42,5629.515000900963,30835.508131350318,5.477471527549943,30835.508131350318,None,16271.662241678145,0.0,18496.710503963615,3.285666793854062,18496.710503963615,optimize_random_heur,18496.71050396363,0.2718503475189209,18496.710503963615,3.285666793854062,18496.710503963615,optimize_swarm_heur,18496.71050396363,68.07571816444397,18496.710503963615,3.285666793854062,18496.710503963615,optimize_random_heur,18496.71050396363,352.10582447052,18496.710503963615,3.285666793854062,18496.710503963615,optimize_single_point_heur,18496.71050396363,0.13691210746765137,18496.710503963615,3.285666793854062,18496.710503963615,optimize_single_point_heur,18496.71050396363,0.13296914100646973,18496.710503963615,3.285666793854062,18496.710503963615,optimize_single_point_heur,18496.71050396363,1.4976801872253418,18496.710503963615,3.285666793854062,18496.710503963615,optimize_single_point_heur,18496.71050396363,5.3554527759552,18496.710503963615,3.285666793854062,18496.710503963615,optimize_single_point_heur,18496.71050396363,5.231493949890137,18496.710503963615,3.285666793854062,18496.710503963615,optimize_single_point_heur,18496.71050396363,3.309069871902466
2026-03-12 14:02:05,config_resnet_comm_area_0.1_hw_0.3_seed_1,inputs/task_graph_topology/soda-benchmark-graphs/pytorch-graphs/rez_net_tosa.dot,362,0.3,0.5,1.0,0.1,42,5629.515000900963,30835.508131350318,5.477471527549943,30835.508131350318,None,16271.662241678145,0.0,18496.710503963615,3.285666793854062,18496.710503963615,optimize_random_heur,18496.71050396363,0.2820925712585449,18496.710503963615,3.285666793854062,18496.710503963615,optimize_swarm_heur,18496.71050396363,69.06396412849426,18496.710503963615,3.285666793854062,18496.710503963615,optimize_random_heur,18496.71050396363,361.508332490921,18496.710503963615,3.285666793854062,18496.710503963615,optimize_single_point_heur,18496.71050396363,0.14348745346069336,18496.710503963615,3.285666793854062,18496.710503963615,optimize_single_point_heur,18496.71050396363,0.13792657852172852,18496.710503963615,3.285666793854062,18496.710503963615,optimize_single_point_heur,18496.71050396363,1.5163953304290771,18496.710503963615,3.285666793854062,18496.710503963615,optimize_single_point_heur,18496.71050396363,5.507238388061523,18496.710503963615,3.285666793854062,18496.710503963615,optimize_single_point_heur,18496.71050396363,5.3749353885650635,18496.710503963615,3.285666793854062,18496.710503963615,optimize_single_point_heur,18496.71050396363,3.3597378730773926
2026-03-12 14:02:14,config_resnet_comm_area_0.1_hw_0.3_seed_3,inputs/task_graph_topology/soda-benchmark-graphs/pytorch-graphs/rez_net_tosa.dot,362,0.3,0.5,1.0,0.1,42,5629.515000900963,30835.508131350318,5.477471527549943,30835.508131350318,None,16271.662241678145,0.0,18496.710503963615,3.285666793854062,18496.710503963615,optimize_random_heur,18496.71050396363,0.26150083541870117,18496.710503963615,3.285666793854062,18496.710503963615,optimize_swarm_heur,18496.71050396363,62.78272795677185,18496.710503963615,3.285666793854062,18496.710503963615,optimize_random_heur,18496.71050396363,328.6145670413971,18496.710503963615,3.285666793854062,18496.710503963615,optimize_single_point_heur,18496.71050396363,0.12885069847106934,18496.710503963615,3.285666793854062,18496.710503963615,optimize_single_point_heur,18496.71050396363,0.12321066856384277,18496.710503963615,3.285666793854062,18496.710503963615,optimize_single_point_heur,18496.71050396363,1.346877098083496,18496.710503963615,3.285666793854062,18496.710503963615,optimize_single_point_heur,18496.71050396363,5.066641569137573,18496.710503963615,3.285666793854062,18496.710503963615,optimize_single_point_heur,18496.71050396363,4.958778142929077,18496.710503963615,3.285666793854062,18496.710503963615,optimize_single_point_heur,18496.71050396363,3.0075557231903076
2026-03-12 14:02:45,config_resnet_comm_area_0.1_hw_0.7_seed_0,inputs/task_graph_topology/soda-benchmark-graphs/pytorch-graphs/rez_net_tosa.dot,362,0.7,0.5,1.0,0.1,42,12459.889958209249,29220.939136421268,2.34520041785513,29220.939136421268,None,17838.26283700595,0.0,18496.710503963615,1.4845003098744851,18496.710503963615,optimize_random_heur,18496.71050396363,0.2701230049133301,18496.710503963615,1.4845003098744851,18496.710503963615,optimize_swarm_heur,18496.71050396363,68.18494129180908,18496.710503963615,1.4845003098744851,18496.710503963615,optimize_random_heur,18496.71050396363,350.53157472610474,18496.710503963615,1.4845003098744851,18496.710503963615,optimize_single_point_heur,18496.71050396363,0.13779544830322266,18496.710503963615,1.4845003098744851,18496.710503963615,optimize_single_point_heur,18496.71050396363,0.13212156295776367,18496.710503963615,1.4845003098744851,18496.710503963615,optimize_single_point_heur,18496.71050396363,1.4860427379608154,18496.710503963615,1.4845003098744851,18496.710503963615,optimize_single_point_heur,18496.71050396363,5.449861526489258,18496.710503963615,1.4845003098744851,18496.710503963615,optimize_single_point_heur,18496.71050396363,5.260277509689331,18496.710503963615,1.4845003098744851,18496.710503963615,optimize_single_point_heur,18496.71050396363,3.2779479026794434
2026-03-12 14:02:49,config_resnet_comm_area_0.1_hw_0.5_seed_1,inputs/task_graph_topology/soda-benchmark-graphs/pytorch-graphs/rez_net_tosa.dot,362,0.5,0.5,1.0,0.1,42,9311.942737816993,30778.248632303465,3.3052446196118725,30778.248632303465,None,17518.601204738097,0.0,18496.710503963615,1.986342809953728,18496.710503963615,optimize_random_heur,18496.71050396363,0.2732529640197754,18496.710503963615,1.986342809953728,18496.710503963615,optimize_swarm_heur,18496.71050396363,68.7863712310791,18496.710503963615,1.986342809953728,18496.710503963615,optimize_random_heur,18496.71050396363,354.12849497795105,18496.710503963615,1.986342809953728,18496.710503963615,optimize_single_point_heur,18496.71050396363,0.13953471183776855,18496.710503963615,1.986342809953728,18496.710503963615,optimize_single_point_heur,18496.71050396363,0.13376069068908691,18496.710503963615,1.986342809953728,18496.710503963615,optimize_single_point_heur,18496.71050396363,1.4979698657989502,18496.710503963615,1.986342809953728,18496.710503963615,optimize_single_point_heur,18496.71050396363,5.454514980316162,18496.710503963615,1.986342809953728,18496.710503963615,optimize_single_point_heur,18496.71050396363,5.297458171844482,18496.710503963615,1.986342809953728,18496.710503963615,optimize_single_point_heur,18496.71050396363,3.2939531803131104
2026-03-12 14:02:58,config_resnet_comm_area_0.1_hw_0.5_seed_2,inputs/task_graph_topology/soda-benchmark-graphs/pytorch-graphs/rez_net_tosa.dot,362,0.5,0.5,1.0,0.1,42,9311.942737816993,30778.248632303465,3.3052446196118725,30778.248632303465,None,17518.601204738097,0.0,18496.710503963615,1.986342809953728,18496.710503963615,optimize_random_heur,18496.71050396363,0.2825891971588135,18496.710503963615,1.986342809953728,18496.710503963615,optimize_swarm_heur,18496.71050396363,67.54576468467712,18496.710503963615,1.986342809953728,18496.710503963615,optimize_random_heur,18496.71050396363,363.95271015167236,18496.710503963615,1.986342809953728,18496.710503963615,optimize_single_point_heur,18496.71050396363,0.1369924545288086,18496.710503963615,1.986342809953728,18496.710503963615,optimize_single_point_heur,18496.71050396363,0.13061761856079102,18496.710503963615,1.986342809953728,18496.710503963615,optimize_single_point_heur,18496.71050396363,1.4833571910858154,18496.710503963615,1.986342809953728,18496.710503963615,optimize_single_point_heur,18496.71050396363,5.30260968208313,18496.710503963615,1.986342809953728,18496.710503963615,optimize_single_point_heur,18496.71050396363,5.166065692901611,18496.710503963615,1.986342809953728,18496.710503963615,optimize_single_point_heur,18496.71050396363,3.251307249069214
2026-03-12 14:03:02,config_resnet_comm_area_0.1_hw_0.5_seed_3,inputs/task_graph_topology/soda-benchmark-graphs/pytorch-graphs/rez_net_tosa.dot,362,0.5,0.5,1.0,0.1,42,9311.942737816993,30778.248632303465,3.3052446196118725,30778.248632303465,None,17518.601204738097,0.0,18496.710503963615,1.986342809953728,18496.710503963615,optimize_random_heur,18496.71050396363,0.28815698623657227,18496.710503963615,1.986342809953728,18496.710503963615,optimize_swarm_heur,18496.71050396363,69.10854077339172,18496.710503963615,1.986342809953728,18496.710503963615,optimize_random_heur,18496.71050396363,366.53661584854126,18496.710503963615,1.986342809953728,18496.710503963615,optimize_single_point_heur,18496.71050396363,0.14008140563964844,18496.710503963615,1.986342809953728,18496.710503963615,optimize_single_point_heur,18496.71050396363,0.13440465927124023,18496.710503963615,1.986342809953728,18496.710503963615,optimize_single_point_heur,18496.71050396363,1.4938445091247559,18496.710503963615,1.986342809953728,18496.710503963615,optimize_single_point_heur,18496.71050396363,5.352948427200317,18496.710503963615,1.986342809953728,18496.710503963615,optimize_single_point_heur,18496.71050396363,5.25417423248291,18496.710503963615,1.986342809953728,18496.710503963615,optimize_single_point_heur,18496.71050396363,3.276981830596924
2026-03-12 14:03:04,config_resnet_comm_area_0.1_hw_0.5_seed_0,inputs/task_graph_topology/soda-benchmark-graphs/pytorch-graphs/rez_net_tosa.dot,362,0.5,0.5,1.0,0.1,42,9311.942737816993,30778.248632303465,3.3052446196118725,30778.248632303465,None,17518.601204738097,0.0,18496.710503963615,1.986342809953728,18496.710503963615,optimize_random_heur,18496.71050396363,0.29015564918518066,18496.710503963615,1.986342809953728,18496.710503963615,optimize_swarm_heur,18496.71050396363,69.53698563575745,18496.710503963615,1.986342809953728,18496.710503963615,optimize_random_heur,18496.71050396363,368.28582859039307,18496.710503963615,1.986342809953728,18496.710503963615,optimize_single_point_heur,18496.71050396363,0.14274907112121582,18496.710503963615,1.986342809953728,18496.710503963615,optimize_single_point_heur,18496.71050396363,0.13657283782958984,18496.710503963615,1.986342809953728,18496.710503963615,optimize_single_point_heur,18496.71050396363,1.5026981830596924,18496.710503963615,1.986342809953728,18496.710503963615,optimize_single_point_heur,18496.71050396363,5.862163543701172,18496.710503963615,1.986342809953728,18496.710503963615,optimize_single_point_heur,18496.71050396363,5.496741533279419,18496.710503963615,1.986342809953728,18496.710503963615,optimize_single_point_heur,18496.71050396363,3.4525606632232666
2026-03-12 14:03:53,config_resnet_comm_area_0.1_hw_0.7_seed_1,inputs/task_graph_topology/soda-benchmark-graphs/pytorch-graphs/rez_net_tosa.dot,362,0.7,0.5,1.0,0.1,42,12459.889958209249,29220.939136421268,2.34520041785513,29220.939136421268,None,17838.26283700595,0.0,18496.710503963615,1.4845003098744851,18496.710503963615,optimize_random_heur,18496.71050396363,0.27575135231018066,18496.710503963615,1.4845003098744851,18496.710503963615,optimize_swarm_heur,18496.71050396363,67.0009753704071,18496.710503963615,1.4845003098744851,18496.710503963615,optimize_random_heur,18496.71050396363,355.1492507457733,18496.710503963615,1.4845003098744851,18496.710503963615,optimize_single_point_heur,18496.71050396363,0.13615059852600098,18496.710503963615,1.4845003098744851,18496.710503963615,optimize_single_point_heur,18496.71050396363,0.1323099136352539,18496.710503963615,1.4845003098744851,18496.710503963615,optimize_single_point_heur,18496.71050396363,1.4719269275665283,18496.710503963615,1.4845003098744851,18496.710503963615,optimize_single_point_heur,18496.71050396363,5.389014959335327,18496.710503963615,1.4845003098744851,18496.710503963615,optimize_single_point_heur,18496.71050396363,5.254968643188477,18496.710503963615,1.4845003098744851,18496.710503963615,optimize_single_point_heur,18496.71050396363,3.237495183944702
2026-03-12 14:05:07,config_resnet_comm_area_0.1_hw_0.7_seed_2,inputs/task_graph_topology/soda-benchmark-graphs/pytorch-graphs/rez_net_tosa.dot,362,0.7,0.5,1.0,0.1,42,12459.889958209249,29220.939136421268,2.34520041785513,29220.939136421268,None,17838.26283700595,0.0,18496.710503963615,1.4845003098744851,18496.710503963615,optimize_random_heur,18496.71050396363,0.27302122116088867,18496.710503963615,1.4845003098744851,18496.710503963615,optimize_swarm_heur,18496.71050396363,66.60848069190979,18496.710503963615,1.4845003098744851,18496.710503963615,optimize_random_heur,18496.71050396363,343.87331891059875,18496.710503963615,1.4845003098744851,18496.710503963615,optimize_single_point_heur,18496.71050396363,0.13201427459716797,18496.710503963615,1.4845003098744851,18496.710503963615,optimize_single_point_heur,18496.71050396363,0.12732648849487305,18496.710503963615,1.4845003098744851,18496.710503963615,optimize_single_point_heur,18496.71050396363,1.4285287857055664,18496.710503963615,1.4845003098744851,18496.710503963615,optimize_single_point_heur,18496.71050396363,5.188250780105591,18496.710503963615,1.4845003098744851,18496.710503963615,optimize_single_point_heur,18496.71050396363,5.0508928298950195,18496.710503963615,1.4845003098744851,18496.710503963615,optimize_single_point_heur,18496.71050396363,3.0525941848754883
2026-03-12 14:05:45,config_resnet_comm_area_0.1_hw_0.7_seed_3,inputs/task_graph_topology/soda-benchmark-graphs/pytorch-graphs/rez_net_tosa.dot,362,0.7,0.5,1.0,0.1,42,12459.889958209249,29220.939136421268,2.34520041785513,29220.939136421268,None,17838.26283700595,0.0,18496.710503963615,1.4845003098744851,18496.710503963615,optimize_random_heur,18496.71050396363,0.3074650764465332,18496.710503963615,1.4845003098744851,18496.710503963615,optimize_swarm_heur,18496.71050396363,67.46328401565552,18496.710503963615,1.4845003098744851,18496.710503963615,optimize_random_heur,18496.71050396363,379.84242391586304,18496.710503963615,1.4845003098744851,18496.710503963615,optimize_single_point_heur,18496.71050396363,0.1406402587890625,18496.710503963615,1.4845003098744851,18496.710503963615,optimize_single_point_heur,18496.71050396363,0.13190340995788574,18496.710503963615,1.4845003098744851,18496.710503963615,optimize_single_point_heur,18496.71050396363,1.4917902946472168,18496.710503963615,1.4845003098744851,18496.710503963615,optimize_single_point_heur,18496.71050396363,5.351325988769531,18496.710503963615,1.4845003098744851,18496.710503963615,optimize_single_point_heur,18496.71050396363,5.267791271209717,18496.710503963615,1.4845003098744851,18496.710503963615,optimize_single_point_heur,18496.71050396363,3.258552312850952
2026-03-12 14:08:26,config_resnet_comm_area_0.1_hw_0.9_seed_0,inputs/task_graph_topology/soda-benchmark-graphs/pytorch-graphs/rez_net_tosa.dot,362,0.9,0.5,1.0,0.1,42,14476.759981256146,27985.767379952402,1.9331513001657215,27985.767379952402,None,17604.860229538426,0.0,18496.710503963615,1.277683026306461,18496.710503963615,optimize_random_heur,18496.71050396363,0.27581048011779785,18496.710503963615,1.277683026306461,18496.710503963615,optimize_swarm_heur,18496.71050396363,66.89097046852112,18496.710503963615,1.277683026306461,18496.710503963615,optimize_random_heur,18496.71050396363,344.18591809272766,18496.710503963615,1.277683026306461,18496.710503963615,optimize_single_point_heur,18496.71050396363,0.13282275199890137,18496.710503963615,1.277683026306461,18496.710503963615,optimize_single_point_heur,18496.71050396363,0.12717676162719727,18496.710503963615,1.277683026306461,18496.710503963615,optimize_single_point_heur,18496.71050396363,1.4177680015563965,18496.710503963615,1.277683026306461,18496.710503963615,optimize_single_point_heur,18496.71050396363,5.382368564605713,18496.710503963615,1.277683026306461,18496.710503963615,optimize_single_point_heur,18496.71050396363,5.157029628753662,18496.710503963615,1.277683026306461,18496.710503963615,optimize_single_point_heur,18496.71050396363,3.077030658721924
2026-03-12 14:08:35,config_resnet_comm_area_0.1_hw_0.9_seed_3,inputs/task_graph_topology/soda-benchmark-graphs/pytorch-graphs/rez_net_tosa.dot,362,0.9,0.5,1.0,0.1,42,14476.759981256146,27985.767379952402,1.9331513001657215,27985.767379952402,None,17604.860229538426,0.0,18496.710503963615,1.277683026306461,18496.710503963615,optimize_random_heur,18496.71050396363,0.2786068916320801,18496.710503963615,1.277683026306461,18496.710503963615,optimize_swarm_heur,18496.71050396363,68.96944499015808,18496.710503963615,1.277683026306461,18496.710503963615,optimize_random_heur,18496.71050396363,350.1263782978058,18496.710503963615,1.277683026306461,18496.710503963615,optimize_single_point_heur,18496.71050396363,0.14195847511291504,18496.710503963615,1.277683026306461,18496.710503963615,optimize_single_point_heur,18496.71050396363,0.13101553916931152,18496.710503963615,1.277683026306461,18496.710503963615,optimize_single_point_heur,18496.71050396363,1.4765689373016357,18496.710503963615,1.277683026306461,18496.710503963615,optimize_single_point_heur,18496.71050396363,5.428342819213867,18496.710503963615,1.277683026306461,18496.710503963615,optimize_single_point_heur,18496.71050396363,5.322919845581055,18496.710503963615,1.277683026306461,18496.710503963615,optimize_single_point_heur,18496.71050396363,3.2771289348602295
2026-03-12 14:08:36,config_resnet_comm_area_0.1_hw_0.9_seed_2,inputs/task_graph_topology/soda-benchmark-graphs/pytorch-graphs/rez_net_tosa.dot,362,0.9,0.5,1.0,0.1,42,14476.759981256146,27985.767379952402,1.9331513001657215,27985.767379952402,None,17604.860229538426,0.0,18496.710503963615,1.277683026306461,18496.710503963615,optimize_random_heur,18496.71050396363,0.26809024810791016,18496.710503963615,1.277683026306461,18496.710503963615,optimize_swarm_heur,18496.71050396363,67.9362404346466,18496.710503963615,1.277683026306461,18496.710503963615,optimize_random_heur,18496.71050396363,346.4942684173584,18496.710503963615,1.277683026306461,18496.710503963615,optimize_single_point_heur,18496.71050396363,0.13555240631103516,18496.710503963615,1.277683026306461,18496.710503963615,optimize_single_point_heur,18496.71050396363,0.131866455078125,18496.710503963615,1.277683026306461,18496.710503963615,optimize_single_point_heur,18496.71050396363,1.4541053771972656,18496.710503963615,1.277683026306461,18496.710503963615,optimize_single_point_heur,18496.71050396363,5.264489412307739,18496.710503963615,1.277683026306461,18496.710503963615,optimize_single_point_heur,18496.71050396363,5.153538227081299,18496.710503963615,1.277683026306461,18496.710503963615,optimize_single_point_heur,18496.71050396363,3.237299919128418
2026-03-12 14:08:44,config_resnet_comm_area_0.1_hw_0.9_seed_1,inputs/task_graph_topology/soda-benchmark-graphs/pytorch-graphs/rez_net_tosa.dot,362,0.9,0.5,1.0,0.1,42,14476.759981256146,27985.767379952402,1.9331513001657215,27985.767379952402,None,17604.860229538426,0.0,18496.710503963615,1.277683026306461,18496.710503963615,optimize_random_heur,18496.71050396363,0.29201412200927734,18496.710503963615,1.277683026306461,18496.710503963615,optimize_swarm_heur,18496.71050396363,68.15452456474304,18496.710503963615,1.277683026306461,18496.710503963615,optimize_random_heur,18496.71050396363,360.79315304756165,18496.710503963615,1.277683026306461,18496.710503963615,optimize_single_point_heur,18496.71050396363,0.13387608528137207,18496.710503963615,1.277683026306461,18496.710503963615,optimize_single_point_heur,18496.71050396363,0.12952828407287598,18496.710503963615,1.277683026306461,18496.710503963615,optimize_single_point_heur,18496.71050396363,1.4250247478485107,18496.710503963615,1.277683026306461,18496.710503963615,optimize_single_point_heur,18496.71050396363,5.250995397567749,18496.710503963615,1.277683026306461,18496.710503963615,optimize_single_point_heur,18496.71050396363,5.159270524978638,18496.710503963615,1.277683026306461,18496.710503963615,optimize_single_point_heur,18496.71050396363,3.1094655990600586
2026-03-12 14:31:05,config_resnet_comm_area_0.3_hw_0.1_seed_0,inputs/task_graph_topology/soda-benchmark-graphs/pytorch-graphs/rez_net_tosa.dot,362,0.1,0.5,1.0,0.3,42,1876.8712304770884,31378.775410438444,16.718661835134082,31378.775410438444,None,14289.160633129684,0.0,18496.710503963615,9.855077004543286,18496.710503963615,optimize_random_heur,18496.71050396363,0.2791273593902588,17101.35810923701,9.111631012048685,23275.63071180333,optimize_swarm_heur,16909.874615184337,1415.5250284671783,18496.710503963615,9.855077004543286,18496.710503963615,optimize_random_heur,18496.71050396363,353.79819989204407,18496.710503963615,9.855077004543286,18496.710503963615,optimize_single_point_heur,18496.71050396363,0.13511419296264648,18496.710503963615,9.855077004543286,18496.710503963615,optimize_single_point_heur,18496.71050396363,0.12919878959655762,18496.710503963615,9.855077004543286,18496.710503963615,optimize_single_point_heur,18496.71050396363,1.4563930034637451,18496.710503963615,9.855077004543286,18496.710503963615,optimize_single_point_heur,18496.71050396363,5.267560005187988,18496.710503963615,9.855077004543286,18496.710503963615,optimize_single_point_heur,18496.71050396363,5.189587593078613,18496.710503963615,9.855077004543286,18496.710503963615,optimize_single_point_heur,18496.71050396363,3.1962058544158936
2026-03-12 14:31:37,config_resnet_comm_area_0.3_hw_0.1_seed_2,inputs/task_graph_topology/soda-benchmark-graphs/pytorch-graphs/rez_net_tosa.dot,362,0.1,0.5,1.0,0.3,42,1876.8712304770884,31378.775410438444,16.718661835134082,31378.775410438444,None,14289.160633129684,0.0,18496.710503963615,9.855077004543286,18496.710503963615,optimize_random_heur,18496.71050396363,0.29960203170776367,17101.35810923701,9.111631012048685,23275.63071180333,optimize_swarm_heur,16909.874615184337,1371.0329267978668,18496.710503963615,9.855077004543286,18496.710503963615,optimize_random_heur,18496.71050396363,360.891854763031,18496.710503963615,9.855077004543286,18496.710503963615,optimize_single_point_heur,18496.71050396363,0.1348884105682373,18496.710503963615,9.855077004543286,18496.710503963615,optimize_single_point_heur,18496.71050396363,0.13059139251708984,18496.710503963615,9.855077004543286,18496.710503963615,optimize_single_point_heur,18496.71050396363,1.464674949645996,18496.710503963615,9.855077004543286,18496.710503963615,optimize_single_point_heur,18496.71050396363,5.272470235824585,18496.710503963615,9.855077004543286,18496.710503963615,optimize_single_point_heur,18496.71050396363,5.100722789764404,18496.710503963615,9.855077004543286,18496.710503963615,optimize_single_point_heur,18496.71050396363,3.1611249446868896
2026-03-12 14:31:44,config_resnet_comm_area_0.3_hw_0.1_seed_1,inputs/task_graph_topology/soda-benchmark-graphs/pytorch-graphs/rez_net_tosa.dot,362,0.1,0.5,1.0,0.3,42,1876.8712304770884,31378.775410438444,16.718661835134082,31378.775410438444,None,14289.160633129684,0.0,18496.710503963615,9.855077004543286,18496.710503963615,optimize_random_heur,18496.71050396363,0.27779507637023926,17101.35810923701,9.111631012048685,23275.63071180333,optimize_swarm_heur,16909.874615184337,1423.1501367092133,18496.710503963615,9.855077004543286,18496.710503963615,optimize_random_heur,18496.71050396363,349.4366092681885,18496.710503963615,9.855077004543286,18496.710503963615,optimize_single_point_heur,18496.71050396363,0.1371777057647705,18496.710503963615,9.855077004543286,18496.710503963615,optimize_single_point_heur,18496.71050396363,0.12993192672729492,18496.710503963615,9.855077004543286,18496.710503963615,optimize_single_point_heur,18496.71050396363,1.4762446880340576,18496.710503963615,9.855077004543286,18496.710503963615,optimize_single_point_heur,18496.71050396363,5.358374118804932,18496.710503963615,9.855077004543286,18496.710503963615,optimize_single_point_heur,18496.71050396363,5.277133226394653,18496.710503963615,9.855077004543286,18496.710503963615,optimize_single_point_heur,18496.71050396363,3.3148927688598633
2026-03-12 14:33:17,config_resnet_comm_area_0.3_hw_0.1_seed_3,inputs/task_graph_topology/soda-benchmark-graphs/pytorch-graphs/rez_net_tosa.dot,362,0.1,0.5,1.0,0.3,42,1876.8712304770884,31378.775410438444,16.718661835134082,31378.775410438444,None,14289.160633129684,0.0,18496.710503963615,9.855077004543286,18496.710503963615,optimize_random_heur,18496.71050396363,0.2877998352050781,17101.35810923701,9.111631012048685,23275.63071180333,optimize_swarm_heur,16909.874615184337,1455.1323690414429,18496.710503963615,9.855077004543286,18496.710503963615,optimize_random_heur,18496.71050396363,366.10259890556335,18496.710503963615,9.855077004543286,18496.710503963615,optimize_single_point_heur,18496.71050396363,0.14049983024597168,18496.710503963615,9.855077004543286,18496.710503963615,optimize_single_point_heur,18496.71050396363,0.13794684410095215,18496.710503963615,9.855077004543286,18496.710503963615,optimize_single_point_heur,18496.71050396363,1.4692087173461914,18496.710503963615,9.855077004543286,18496.710503963615,optimize_single_point_heur,18496.71050396363,5.387839078903198,18496.710503963615,9.855077004543286,18496.710503963615,optimize_single_point_heur,18496.71050396363,5.264671802520752,18496.710503963615,9.855077004543286,18496.710503963615,optimize_single_point_heur,18496.71050396363,3.3194777965545654
2026-03-12 14:34:37,config_resnet_comm_area_0.3_hw_0.3_seed_0,inputs/task_graph_topology/soda-benchmark-graphs/pytorch-graphs/rez_net_tosa.dot,362,0.3,0.5,1.0,0.3,42,5629.515000900963,35167.262427798014,6.246943550584686,35167.262427798014,None,15932.151430781709,0.0,18496.710503963615,3.285666793854062,18496.710503963615,optimize_random_heur,18496.71050396363,0.263225793838501,16870.90240166461,2.996866053108402,20432.455905204137,optimize_swarm_heur,16563.721158250446,1559.2330329418182,18496.710503963615,3.285666793854062,18496.710503963615,optimize_random_heur,18496.71050396363,322.4830024242401,18496.710503963615,3.285666793854062,18496.710503963615,optimize_single_point_heur,18496.71050396363,0.1248786449432373,18496.710503963615,3.285666793854062,18496.710503963615,optimize_single_point_heur,18496.71050396363,0.11775422096252441,18496.710503963615,3.285666793854062,18496.710503963615,optimize_single_point_heur,18496.71050396363,1.3388426303863525,18496.710503963615,3.285666793854062,18496.710503963615,optimize_single_point_heur,18496.71050396363,4.915107727050781,18496.710503963615,3.285666793854062,18496.710503963615,optimize_single_point_heur,18496.71050396363,4.819228410720825,18496.710503963615,3.285666793854062,18496.710503963615,optimize_single_point_heur,18496.71050396363,2.930628538131714
2026-03-12 14:35:12,config_resnet_comm_area_0.3_hw_0.3_seed_1,inputs/task_graph_topology/soda-benchmark-graphs/pytorch-graphs/rez_net_tosa.dot,362,0.3,0.5,1.0,0.3,42,5629.515000900963,35167.262427798014,6.246943550584686,35167.262427798014,None,15932.151430781709,0.0,18496.710503963615,3.285666793854062,18496.710503963615,optimize_random_heur,18496.71050396363,0.2688267230987549,16870.90240166461,2.996866053108402,20432.455905204137,optimize_swarm_heur,16563.721158250446,1578.6408650875092,18496.710503963615,3.285666793854062,18496.710503963615,optimize_random_heur,18496.71050396363,335.83790040016174,18496.710503963615,3.285666793854062,18496.710503963615,optimize_single_point_heur,18496.71050396363,0.12882471084594727,18496.710503963615,3.285666793854062,18496.710503963615,optimize_single_point_heur,18496.71050396363,0.12389349937438965,18496.710503963615,3.285666793854062,18496.710503963615,optimize_single_point_heur,18496.71050396363,1.3703465461730957,18496.710503963615,3.285666793854062,18496.710503963615,optimize_single_point_heur,18496.71050396363,5.150838613510132,18496.710503963615,3.285666793854062,18496.710503963615,optimize_single_point_heur,18496.71050396363,4.992051601409912,18496.710503963615,3.285666793854062,18496.710503963615,optimize_single_point_heur,18496.71050396363,2.9895951747894287
2026-03-12 14:35:42,config_resnet_comm_area_0.3_hw_0.5_seed_1,inputs/task_graph_topology/soda-benchmark-graphs/pytorch-graphs/rez_net_tosa.dot,362,0.5,0.5,1.0,0.3,42,9311.942737816993,34761.444632615894,3.732995961352427,34761.444632615894,None,16006.478586912192,0.0,18496.710503963615,1.986342809953728,18496.710503963615,optimize_random_heur,18496.71050396363,0.26050329208374023,16600.37008178748,1.7826967528882294,25402.109138079548,optimize_swarm_heur,16364.66614102622,1591.0579977035522,18496.710503963615,1.986342809953728,18496.710503963615,optimize_random_heur,18496.71050396363,323.1599667072296,18496.710503963615,1.986342809953728,18496.710503963615,optimize_single_point_heur,18496.71050396363,0.12662839889526367,18496.710503963615,1.986342809953728,18496.710503963615,optimize_single_point_heur,18496.71050396363,0.12084197998046875,18496.710503963615,1.986342809953728,18496.710503963615,optimize_single_point_heur,18496.71050396363,1.3404219150543213,18496.710503963615,1.986342809953728,18496.710503963615,optimize_single_point_heur,18496.71050396363,4.9797680377960205,18496.710503963615,1.986342809953728,18496.710503963615,optimize_single_point_heur,18496.71050396363,4.887207269668579,18496.710503963615,1.986342809953728,18496.710503963615,optimize_single_point_heur,18496.71050396363,2.911888599395752
2026-03-12 14:36:23,config_resnet_comm_area_0.3_hw_0.5_seed_0,inputs/task_graph_topology/soda-benchmark-graphs/pytorch-graphs/rez_net_tosa.dot,362,0.5,0.5,1.0,0.3,42,9311.942737816993,34761.444632615894,3.732995961352427,34761.444632615894,None,16006.478586912192,0.0,18496.710503963615,1.986342809953728,18496.710503963615,optimize_random_heur,18496.71050396363,0.27805280685424805,16600.37008178748,1.7826967528882294,25402.109138079548,optimize_swarm_heur,16364.66614102622,1616.0812261104584,18496.710503963615,1.986342809953728,18496.710503963615,optimize_random_heur,18496.71050396363,339.44515657424927,18496.710503963615,1.986342809953728,18496.710503963615,optimize_single_point_heur,18496.71050396363,0.12749338150024414,18496.710503963615,1.986342809953728,18496.710503963615,optimize_single_point_heur,18496.71050396363,0.12010622024536133,18496.710503963615,1.986342809953728,18496.710503963615,optimize_single_point_heur,18496.71050396363,1.3294854164123535,18496.710503963615,1.986342809953728,18496.710503963615,optimize_single_point_heur,18496.71050396363,5.0289552211761475,18496.710503963615,1.986342809953728,18496.710503963615,optimize_single_point_heur,18496.71050396363,5.017881155014038,18496.710503963615,1.986342809953728,18496.710503963615,optimize_single_point_heur,18496.71050396363,3.0795273780822754
2026-03-12 14:37:13,config_resnet_comm_area_0.3_hw_0.3_seed_3,inputs/task_graph_topology/soda-benchmark-graphs/pytorch-graphs/rez_net_tosa.dot,362,0.3,0.5,1.0,0.3,42,5629.515000900963,35167.262427798014,6.246943550584686,35167.262427798014,None,15932.151430781709,0.0,18496.710503963615,3.285666793854062,18496.710503963615,optimize_random_heur,18496.71050396363,0.28771471977233887,16870.90240166461,2.996866053108402,20432.455905204137,optimize_swarm_heur,16563.721158250446,1641.4202365875244,18496.710503963615,3.285666793854062,18496.710503963615,optimize_random_heur,18496.71050396363,362.16952085494995,18496.710503963615,3.285666793854062,18496.710503963615,optimize_single_point_heur,18496.71050396363,0.13460898399353027,18496.710503963615,3.285666793854062,18496.710503963615,optimize_single_point_heur,18496.71050396363,0.12791895866394043,18496.710503963615,3.285666793854062,18496.710503963615,optimize_single_point_heur,18496.71050396363,1.4442200660705566,18496.710503963615,3.285666793854062,18496.710503963615,optimize_single_point_heur,18496.71050396363,5.3093671798706055,18496.710503963615,3.285666793854062,18496.710503963615,optimize_single_point_heur,18496.71050396363,5.196181535720825,18496.710503963615,3.285666793854062,18496.710503963615,optimize_single_point_heur,18496.71050396363,3.1853065490722656
2026-03-12 14:37:44,config_resnet_comm_area_0.3_hw_0.3_seed_2,inputs/task_graph_topology/soda-benchmark-graphs/pytorch-graphs/rez_net_tosa.dot,362,0.3,0.5,1.0,0.3,42,5629.515000900963,35167.262427798014,6.246943550584686,35167.262427798014,None,15932.151430781709,0.0,18496.710503963615,3.285666793854062,18496.710503963615,optimize_random_heur,18496.71050396363,0.2819697856903076,16870.90240166461,2.996866053108402,20432.455905204137,optimize_swarm_heur,16563.721158250446,1682.381950378418,18496.710503963615,3.285666793854062,18496.710503963615,optimize_random_heur,18496.71050396363,352.147088766098,18496.710503963615,3.285666793854062,18496.710503963615,optimize_single_point_heur,18496.71050396363,0.1357097625732422,18496.710503963615,3.285666793854062,18496.710503963615,optimize_single_point_heur,18496.71050396363,0.12797331809997559,18496.710503963615,3.285666793854062,18496.710503963615,optimize_single_point_heur,18496.71050396363,1.4629182815551758,18496.710503963615,3.285666793854062,18496.710503963615,optimize_single_point_heur,18496.71050396363,5.309278726577759,18496.710503963615,3.285666793854062,18496.710503963615,optimize_single_point_heur,18496.71050396363,5.170899391174316,18496.710503963615,3.285666793854062,18496.710503963615,optimize_single_point_heur,18496.71050396363,3.2477681636810303
2026-03-12 14:37:45,config_resnet_comm_area_0.3_hw_0.5_seed_2,inputs/task_graph_topology/soda-benchmark-graphs/pytorch-graphs/rez_net_tosa.dot,362,0.5,0.5,1.0,0.3,42,9311.942737816993,34761.444632615894,3.732995961352427,34761.444632615894,None,16006.478586912192,0.0,18496.710503963615,1.986342809953728,18496.710503963615,optimize_random_heur,18496.71050396363,0.2578306198120117,16600.37008178748,1.7826967528882294,25402.109138079548,optimize_swarm_heur,16364.66614102622,1636.3017313480377,18496.710503963615,1.986342809953728,18496.710503963615,optimize_random_heur,18496.71050396363,333.16514682769775,18496.710503963615,1.986342809953728,18496.710503963615,optimize_single_point_heur,18496.71050396363,0.12866544723510742,18496.710503963615,1.986342809953728,18496.710503963615,optimize_single_point_heur,18496.71050396363,0.12326979637145996,18496.710503963615,1.986342809953728,18496.710503963615,optimize_single_point_heur,18496.71050396363,1.3659682273864746,18496.710503963615,1.986342809953728,18496.710503963615,optimize_single_point_heur,18496.71050396363,4.995614528656006,18496.710503963615,1.986342809953728,18496.710503963615,optimize_single_point_heur,18496.71050396363,4.867366075515747,18496.710503963615,1.986342809953728,18496.710503963615,optimize_single_point_heur,18496.71050396363,3.0213563442230225
2026-03-12 14:37:52,config_resnet_comm_area_0.3_hw_0.5_seed_3,inputs/task_graph_topology/soda-benchmark-graphs/pytorch-graphs/rez_net_tosa.dot,362,0.5,0.5,1.0,0.3,42,9311.942737816993,34761.444632615894,3.732995961352427,34761.444632615894,None,16006.478586912192,0.0,18496.710503963615,1.986342809953728,18496.710503963615,optimize_random_heur,18496.71050396363,0.2676680088043213,16600.37008178748,1.7826967528882294,25402.109138079548,optimize_swarm_heur,16364.66614102622,1613.5792484283447,18496.710503963615,1.986342809953728,18496.710503963615,optimize_random_heur,18496.71050396363,332.20108795166016,18496.710503963615,1.986342809953728,18496.710503963615,optimize_single_point_heur,18496.71050396363,0.12651753425598145,18496.710503963615,1.986342809953728,18496.710503963615,optimize_single_point_heur,18496.71050396363,0.12005424499511719,18496.710503963615,1.986342809953728,18496.710503963615,optimize_single_point_heur,18496.71050396363,1.3360064029693604,18496.710503963615,1.986342809953728,18496.710503963615,optimize_single_point_heur,18496.71050396363,5.0459513664245605,18496.710503963615,1.986342809953728,18496.710503963615,optimize_single_point_heur,18496.71050396363,4.929015636444092,18496.710503963615,1.986342809953728,18496.710503963615,optimize_single_point_heur,18496.71050396363,2.9632413387298584
2026-03-12 14:41:53,config_resnet_comm_area_0.3_hw_0.7_seed_0,inputs/task_graph_topology/soda-benchmark-graphs/pytorch-graphs/rez_net_tosa.dot,362,0.7,0.5,1.0,0.3,42,12459.889958209249,35710.06410167901,2.8660015635331746,35710.06410167901,None,17380.287117038904,0.0,18496.710503963615,1.4845003098744851,18496.710503963615,optimize_random_heur,18496.71050396363,0.27035093307495117,17317.94213898487,1.389895271713445,20456.18989771847,optimize_swarm_heur,17204.505026224742,1812.122365474701,18496.710503963615,1.4845003098744851,18496.710503963615,optimize_random_heur,18496.71050396363,340.83756494522095,18496.710503963615,1.4845003098744851,18496.710503963615,optimize_single_point_heur,18496.71050396363,0.1314082145690918,18496.710503963615,1.4845003098744851,18496.710503963615,optimize_single_point_heur,18496.71050396363,0.12454843521118164,18496.710503963615,1.4845003098744851,18496.710503963615,optimize_single_point_heur,18496.71050396363,1.4070382118225098,18496.710503963615,1.4845003098744851,18496.710503963615,optimize_single_point_heur,18496.71050396363,5.158704519271851,18496.710503963615,1.4845003098744851,18496.710503963615,optimize_single_point_heur,18496.71050396363,5.0526282787323,18496.710503963615,1.4845003098744851,18496.710503963615,optimize_single_point_heur,18496.71050396363,3.071674346923828
2026-03-12 14:42:00,config_resnet_comm_area_0.3_hw_0.7_seed_3,inputs/task_graph_topology/soda-benchmark-graphs/pytorch-graphs/rez_net_tosa.dot,362,0.7,0.5,1.0,0.3,42,12459.889958209249,35710.06410167901,2.8660015635331746,35710.06410167901,None,17380.287117038904,0.0,18496.710503963615,1.4845003098744851,18496.710503963615,optimize_random_heur,18496.71050396363,0.2602837085723877,17317.94213898487,1.389895271713445,20456.18989771847,optimize_swarm_heur,17204.505026224742,1791.5853836536407,18496.710503963615,1.4845003098744851,18496.710503963615,optimize_random_heur,18496.71050396363,328.27340149879456,18496.710503963615,1.4845003098744851,18496.710503963615,optimize_single_point_heur,18496.71050396363,0.13181734085083008,18496.710503963615,1.4845003098744851,18496.710503963615,optimize_single_point_heur,18496.71050396363,0.1255800724029541,18496.710503963615,1.4845003098744851,18496.710503963615,optimize_single_point_heur,18496.71050396363,1.3904061317443848,18496.710503963615,1.4845003098744851,18496.710503963615,optimize_single_point_heur,18496.71050396363,5.106011152267456,18496.710503963615,1.4845003098744851,18496.710503963615,optimize_single_point_heur,18496.71050396363,5.031927108764648,18496.710503963615,1.4845003098744851,18496.710503963615,optimize_single_point_heur,18496.71050396363,3.002136468887329
2026-03-12 14:44:09,config_resnet_comm_area_0.3_hw_0.9_seed_0,inputs/task_graph_topology/soda-benchmark-graphs/pytorch-graphs/rez_net_tosa.dot,362,0.9,0.5,1.0,0.3,42,14476.759981256146,35670.03868636114,2.4639517911842908,35670.03868636114,None,18482.907632920924,0.0,18496.710503963615,1.277683026306461,18496.710503963615,optimize_random_heur,18496.71050396363,0.26107025146484375,17012.995760348127,1.1751936056393686,20755.63420774877,optimize_swarm_heur,16784.661718681484,1803.6251480579376,18496.710503963615,1.277683026306461,18496.710503963615,optimize_random_heur,18496.71050396363,331.02623438835144,18496.710503963615,1.277683026306461,18496.710503963615,optimize_single_point_heur,18496.71050396363,0.13277649879455566,18496.710503963615,1.277683026306461,18496.710503963615,optimize_single_point_heur,18496.71050396363,0.12783503532409668,18496.710503963615,1.277683026306461,18496.710503963615,optimize_single_point_heur,18496.71050396363,1.3909952640533447,18496.710503963615,1.277683026306461,18496.710503963615,optimize_single_point_heur,18496.71050396363,5.149609804153442,18496.710503963615,1.277683026306461,18496.710503963615,optimize_single_point_heur,18496.71050396363,5.058964967727661,18496.710503963615,1.277683026306461,18496.710503963615,optimize_single_point_heur,18496.71050396363,2.9829015731811523
2026-03-12 14:44:17,config_resnet_comm_area_0.3_hw_0.7_seed_2,inputs/task_graph_topology/soda-benchmark-graphs/pytorch-graphs/rez_net_tosa.dot,362,0.7,0.5,1.0,0.3,42,12459.889958209249,35710.06410167901,2.8660015635331746,35710.06410167901,None,17380.287117038904,0.0,18496.710503963615,1.4845003098744851,18496.710503963615,optimize_random_heur,18496.71050396363,0.27483534812927246,17317.94213898487,1.389895271713445,20456.18989771847,optimize_swarm_heur,17204.505026224742,1907.2207775115967,18496.710503963615,1.4845003098744851,18496.710503963615,optimize_random_heur,18496.71050396363,347.4548897743225,18496.710503963615,1.4845003098744851,18496.710503963615,optimize_single_point_heur,18496.71050396363,0.1339261531829834,18496.710503963615,1.4845003098744851,18496.710503963615,optimize_single_point_heur,18496.71050396363,0.12783360481262207,18496.710503963615,1.4845003098744851,18496.710503963615,optimize_single_point_heur,18496.71050396363,1.4507043361663818,18496.710503963615,1.4845003098744851,18496.710503963615,optimize_single_point_heur,18496.71050396363,5.391927480697632,18496.710503963615,1.4845003098744851,18496.710503963615,optimize_single_point_heur,18496.71050396363,5.26871132850647,18496.710503963615,1.4845003098744851,18496.710503963615,optimize_single_point_heur,18496.71050396363,3.28835129737854
2026-03-12 14:44:22,config_resnet_comm_area_0.3_hw_0.7_seed_1,inputs/task_graph_topology/soda-benchmark-graphs/pytorch-graphs/rez_net_tosa.dot,362,0.7,0.5,1.0,0.3,42,12459.889958209249,35710.06410167901,2.8660015635331746,35710.06410167901,None,17380.287117038904,0.0,18496.710503963615,1.4845003098744851,18496.710503963615,optimize_random_heur,18496.71050396363,0.29806995391845703,17317.94213898487,1.389895271713445,20456.18989771847,optimize_swarm_heur,17204.505026224742,1891.3754708766937,18496.710503963615,1.4845003098744851,18496.710503963615,optimize_random_heur,18496.71050396363,367.9074993133545,18496.710503963615,1.4845003098744851,18496.710503963615,optimize_single_point_heur,18496.71050396363,0.1342167854309082,18496.710503963615,1.4845003098744851,18496.710503963615,optimize_single_point_heur,18496.71050396363,0.13089418411254883,18496.710503963615,1.4845003098744851,18496.710503963615,optimize_single_point_heur,18496.71050396363,1.4196765422821045,18496.710503963615,1.4845003098744851,18496.710503963615,optimize_single_point_heur,18496.71050396363,5.407761096954346,18496.710503963615,1.4845003098744851,18496.710503963615,optimize_single_point_heur,18496.71050396363,5.374829292297363,18496.710503963615,1.4845003098744851,18496.710503963615,optimize_single_point_heur,18496.71050396363,3.2251157760620117
2026-03-12 14:44:43,config_resnet_comm_area_0.3_hw_0.9_seed_2,inputs/task_graph_topology/soda-benchmark-graphs/pytorch-graphs/rez_net_tosa.dot,362,0.9,0.5,1.0,0.3,42,14476.759981256146,35670.03868636114,2.4639517911842908,35670.03868636114,None,18482.907632920924,0.0,18496.710503963615,1.277683026306461,18496.710503963615,optimize_random_heur,18496.71050396363,0.25946855545043945,17012.995760348127,1.1751936056393686,20755.63420774877,optimize_swarm_heur,16784.661718681484,1805.6621980667114,18496.710503963615,1.277683026306461,18496.710503963615,optimize_random_heur,18496.71050396363,325.3493628501892,18496.710503963615,1.277683026306461,18496.710503963615,optimize_single_point_heur,18496.71050396363,0.12847208976745605,18496.710503963615,1.277683026306461,18496.710503963615,optimize_single_point_heur,18496.71050396363,0.12352323532104492,18496.710503963615,1.277683026306461,18496.710503963615,optimize_single_point_heur,18496.71050396363,1.3857502937316895,18496.710503963615,1.277683026306461,18496.710503963615,optimize_single_point_heur,18496.71050396363,4.993811845779419,18496.710503963615,1.277683026306461,18496.710503963615,optimize_single_point_heur,18496.71050396363,4.933167219161987,18496.710503963615,1.277683026306461,18496.710503963615,optimize_single_point_heur,18496.71050396363,3.1161036491394043
2026-03-12 14:46:12,config_resnet_comm_area_0.3_hw_0.9_seed_1,inputs/task_graph_topology/soda-benchmark-graphs/pytorch-graphs/rez_net_tosa.dot,362,0.9,0.5,1.0,0.3,42,14476.759981256146,35670.03868636114,2.4639517911842908,35670.03868636114,None,18482.907632920924,0.0,18496.710503963615,1.277683026306461,18496.710503963615,optimize_random_heur,18496.71050396363,0.27474117279052734,17012.995760348127,1.1751936056393686,20755.63420774877,optimize_swarm_heur,16784.661718681484,1870.8590960502625,18496.710503963615,1.277683026306461,18496.710503963615,optimize_random_heur,18496.71050396363,346.5210499763489,18496.710503963615,1.277683026306461,18496.710503963615,optimize_single_point_heur,18496.71050396363,0.14087843894958496,18496.710503963615,1.277683026306461,18496.710503963615,optimize_single_point_heur,18496.71050396363,0.13062286376953125,18496.710503963615,1.277683026306461,18496.710503963615,optimize_single_point_heur,18496.71050396363,1.482029914855957,18496.710503963615,1.277683026306461,18496.710503963615,optimize_single_point_heur,18496.71050396363,5.411341428756714,18496.710503963615,1.277683026306461,18496.710503963615,optimize_single_point_heur,18496.71050396363,5.214683771133423,18496.710503963615,1.277683026306461,18496.710503963615,optimize_single_point_heur,18496.71050396363,3.2047150135040283
2026-03-12 14:47:02,config_resnet_comm_area_0.3_hw_0.9_seed_3,inputs/task_graph_topology/soda-benchmark-graphs/pytorch-graphs/rez_net_tosa.dot,362,0.9,0.5,1.0,0.3,42,14476.759981256146,35670.03868636114,2.4639517911842908,35670.03868636114,None,18482.907632920924,0.0,18496.710503963615,1.277683026306461,18496.710503963615,optimize_random_heur,18496.71050396363,0.28006505966186523,17012.995760348127,1.1751936056393686,20755.63420774877,optimize_swarm_heur,16784.661718681484,1912.16370677948,18496.710503963615,1.277683026306461,18496.710503963615,optimize_random_heur,18496.71050396363,355.5618243217468,18496.710503963615,1.277683026306461,18496.710503963615,optimize_single_point_heur,18496.71050396363,0.1371774673461914,18496.710503963615,1.277683026306461,18496.710503963615,optimize_single_point_heur,18496.71050396363,0.14073705673217773,18496.710503963615,1.277683026306461,18496.710503963615,optimize_single_point_heur,18496.71050396363,1.4488961696624756,18496.710503963615,1.277683026306461,18496.710503963615,optimize_single_point_heur,18496.71050396363,5.355563640594482,18496.710503963615,1.277683026306461,18496.710503963615,optimize_single_point_heur,18496.71050396363,5.2218101024627686,18496.710503963615,1.277683026306461,18496.710503963615,optimize_single_point_heur,18496.71050396363,3.336756467819214
2026-03-12 16:53:59,config_resnet_comm_area_0.5_hw_0.3_seed_2,inputs/task_graph_topology/soda-benchmark-graphs/pytorch-graphs/rez_net_tosa.dot,362,0.3,0.5,1.0,0.5,42,5629.515000900963,31525.940186825334,5.600116560979025,31525.940186825334,None,12758.347233287916,0.0,17884.2425392067,3.1768709269527586,32125.85157095483,optimize_random_heur,15428.986931641797,4.108778238296509,16337.892666648046,2.902184764412793,32737.519406149237,optimize_swarm_heur,14480.4902465789,5096.739361524582,16943.02368122267,3.009677330731166,30553.63267236752,optimize_random_heur,14821.341195258634,4250.147163152695,17628.94564906856,3.1315212138607276,31803.077068335853,optimize_single_point_heur,15636.832645286095,7.438683271408081,18001.90699765822,3.197772276080115,33365.23156878328,optimize_single_point_heur,16025.742508573192,11.042337656021118,16378.47059679419,2.9093928329834693,31854.796593871044,optimize_single_point_heur,15098.050352225866,155.83649063110352,16205.713689348775,2.8787051258865404,28906.38371765305,optimize_single_point_heur,14919.543129312766,110.30257177352905,15680.45764167368,2.7854011649607715,33160.30135391915,optimize_single_point_heur,14484.27766499257,108.61092352867126,10192.857363465511,1.8106102145272227,26781.070631394414,optimize_single_point_heur,9459.24383351469,93.21249961853027
2026-03-12 16:54:13,config_resnet_comm_area_0.5_hw_0.9_seed_0,inputs/task_graph_topology/soda-benchmark-graphs/pytorch-graphs/rez_net_tosa.dot,362,0.9,0.5,1.0,0.5,42,14476.759981256146,36964.18800115859,2.5533467467180606,36964.18800115859,None,18285.066572794603,0.0,18496.710503963615,1.277683026306461,18496.710503963615,optimize_random_heur,18496.71050396363,4.09558629989624,17980.800533152556,1.2420459105789752,20108.196758558952,optimize_swarm_heur,17818.07180821852,4927.406743526459,18496.710503963615,1.277683026306461,18496.710503963615,optimize_random_heur,18496.71050396363,4214.543843984604,18496.710503963615,1.277683026306461,18496.710503963615,optimize_single_point_heur,18496.71050396363,7.3706254959106445,18496.710503963615,1.277683026306461,18496.710503963615,optimize_single_point_heur,18496.71050396363,10.93683671951294,18496.710503963615,1.277683026306461,18496.710503963615,optimize_single_point_heur,18496.71050396363,154.55890345573425,18496.710503963615,1.277683026306461,18496.710503963615,optimize_single_point_heur,18496.71050396363,107.47107195854187,18250.36434997202,1.260666362749798,36661.13974058914,optimize_single_point_heur,15702.768089009653,111.05493092536926,10490.280062692766,0.7246289968387336,31082.816617710832,optimize_single_point_heur,10239.8410367845,92.6666567325592
2026-03-12 16:54:27,config_resnet_comm_area_0.5_hw_0.5_seed_0,inputs/task_graph_topology/soda-benchmark-graphs/pytorch-graphs/rez_net_tosa.dot,362,0.5,0.5,1.0,0.5,42,9311.942737816993,33103.829961925556,3.554986418407263,33103.829961925556,None,13322.5504469303,0.0,18496.710503963615,1.986342809953728,18496.710503963615,optimize_random_heur,18496.71050396363,4.117793798446655,17278.194868010552,1.8554876629386463,34065.74477139444,optimize_swarm_heur,16050.15404880975,5112.441925525665,18244.48943512245,1.9592570475148263,32576.180189901967,optimize_random_heur,15421.07590640824,4184.114479541779,18496.710503963615,1.986342809953728,18496.710503963615,optimize_single_point_heur,18496.71050396363,7.434956789016724,18496.710503963615,1.986342809953728,18496.710503963615,optimize_single_point_heur,18496.71050396363,11.030361413955688,17408.93208672679,1.8695273990492751,33956.902773370915,optimize_single_point_heur,16006.179875625397,157.75902724266052,17301.6332091116,1.8580046824007463,33848.02403885101,optimize_single_point_heur,15212.453476332885,107.6674075126648,17062.945571540447,1.8323722612946962,34416.58598432542,optimize_single_point_heur,14565.321603238019,108.95415115356445,10534.289637515825,1.1312665825075068,27776.236317999213,optimize_single_point_heur,10636.85425777233,91.61086201667786
2026-03-12 16:54:35,config_resnet_comm_area_0.5_hw_0.7_seed_2,inputs/task_graph_topology/soda-benchmark-graphs/pytorch-graphs/rez_net_tosa.dot,362,0.7,0.5,1.0,0.5,42,12459.889958209249,35018.604906863926,2.810506756024099,35018.604906863926,None,15652.672074748769,0.0,18496.710503963615,1.4845003098744851,18496.710503963615,optimize_random_heur,18496.71050396363,4.116474390029907,18071.168535402132,1.4503473622971983,19334.841198078826,optimize_swarm_heur,17934.865601437563,4991.322391033173,18496.710503963615,1.4845003098744851,18496.710503963615,optimize_random_heur,18496.71050396363,4252.68795800209,18496.710503963615,1.4845003098744851,18496.710503963615,optimize_single_point_heur,18496.71050396363,7.319063663482666,18496.710503963615,1.4845003098744851,18496.710503963615,optimize_single_point_heur,18496.71050396363,10.912877321243286,18496.710503963615,1.4845003098744851,18496.710503963615,optimize_single_point_heur,18496.71050396363,154.29470467567444,18065.847691463925,1.4499203245018362,34582.73874082371,optimize_single_point_heur,15980.727552203807,106.29216384887695,17631.90809393815,1.4150934039607064,35748.97671560415,optimize_single_point_heur,16295.94702242315,109.52161312103271,10384.85337472679,0.8334626878373582,29036.661729523308,optimize_single_point_heur,10986.228078381482,89.14888548851013
2026-03-12 16:54:51,config_resnet_comm_area_0.5_hw_0.3_seed_1,inputs/task_graph_topology/soda-benchmark-graphs/pytorch-graphs/rez_net_tosa.dot,362,0.3,0.5,1.0,0.5,42,5629.515000900963,31525.940186825334,5.600116560979025,31525.940186825334,None,12758.347233287916,0.0,17884.2425392067,3.1768709269527586,32125.85157095483,optimize_random_heur,15428.986931641797,4.219477891921997,16337.892666648046,2.902184764412793,32737.519406149237,optimize_swarm_heur,14480.4902465789,5184.2054941654205,16943.02368122267,3.009677330731166,30553.63267236752,optimize_random_heur,14821.341195258634,4224.153393268585,17628.94564906856,3.1315212138607276,31803.077068335853,optimize_single_point_heur,15636.832645286095,7.180874347686768,18001.90699765822,3.197772276080115,33365.23156878328,optimize_single_point_heur,16025.742508573192,10.765488624572754,16378.47059679419,2.9093928329834693,31854.796593871044,optimize_single_point_heur,15098.050352225866,151.22323989868164,16205.713689348775,2.8787051258865404,28906.38371765305,optimize_single_point_heur,14919.543129312766,109.20231580734253,15680.45764167368,2.7854011649607715,33160.30135391915,optimize_single_point_heur,14484.27766499257,106.85934901237488,10192.857363465511,1.8106102145272227,26781.070631394414,optimize_single_point_heur,9459.24383351469,90.85574316978455
2026-03-12 16:57:56,config_resnet_comm_area_0.5_hw_0.3_seed_3,inputs/task_graph_topology/soda-benchmark-graphs/pytorch-graphs/rez_net_tosa.dot,362,0.3,0.5,1.0,0.5,42,5629.515000900963,31525.940186825334,5.600116560979025,31525.940186825334,None,12758.347233287916,0.0,17884.2425392067,3.1768709269527586,32125.85157095483,optimize_random_heur,15428.986931641797,4.156590938568115,16337.892666648046,2.902184764412793,32737.519406149237,optimize_swarm_heur,14480.4902465789,5209.11492729187,16943.02368122267,3.009677330731166,30553.63267236752,optimize_random_heur,14821.341195258634,4323.132404327393,17628.94564906856,3.1315212138607276,31803.077068335853,optimize_single_point_heur,15636.832645286095,7.590540885925293,18001.90699765822,3.197772276080115,33365.23156878328,optimize_single_point_heur,16025.742508573192,11.214771747589111,16378.47059679419,2.9093928329834693,31854.796593871044,optimize_single_point_heur,15098.050352225866,159.1552083492279,16205.713689348775,2.8787051258865404,28906.38371765305,optimize_single_point_heur,14919.543129312766,112.3102662563324,15680.45764167368,2.7854011649607715,33160.30135391915,optimize_single_point_heur,14484.27766499257,110.19591736793518,10192.857363465511,1.8106102145272227,26781.070631394414,optimize_single_point_heur,9459.24383351469,94.29703712463379
2026-03-12 16:59:29,config_resnet_comm_area_0.5_hw_0.1_seed_2,inputs/task_graph_topology/soda-benchmark-graphs/pytorch-graphs/rez_net_tosa.dot,362,0.1,0.5,1.0,0.5,42,1876.8712304770884,27091.396431290876,14.434339442884646,27091.396431290876,None,11726.626114450048,0.0,16881.30201682234,8.99438477328635,30237.049893419528,optimize_random_heur,14655.212532309612,4.285226821899414,15340.151126058294,8.173257108405316,30816.143742411838,optimize_swarm_heur,13564.076756465827,5278.468707084656,15961.072323615652,8.504084917726855,28678.43889011299,optimize_random_heur,14073.083143467169,4405.274094343185,16662.240968097034,8.877668695396647,29842.52418103501,optimize_single_point_heur,14941.631417480745,7.768647193908691,17011.07524065917,9.06352815495769,32577.91134913884,optimize_single_point_heur,15700.252331421634,11.642736434936523,15463.301979792259,8.238872080670973,29703.221749430588,optimize_single_point_heur,14419.158620124723,164.3771469593048,14872.172695888585,7.923917450697018,29382.333282532072,optimize_single_point_heur,13078.786375841133,112.58866715431213,15009.9727189247,7.997337523847741,31410.027648276035,optimize_single_point_heur,14376.668256738018,114.10378932952881,9075.024675439276,4.8351876932614415,22260.824221126757,optimize_single_point_heur,9121.170478747075,97.87001299858093
2026-03-12 17:01:15,config_resnet_comm_area_0.5_hw_0.5_seed_2,inputs/task_graph_topology/soda-benchmark-graphs/pytorch-graphs/rez_net_tosa.dot,362,0.5,0.5,1.0,0.5,42,9311.942737816993,33103.829961925556,3.554986418407263,33103.829961925556,None,13322.5504469303,0.0,18496.710503963615,1.986342809953728,18496.710503963615,optimize_random_heur,18496.71050396363,4.182107210159302,17278.194868010552,1.8554876629386463,34065.74477139444,optimize_swarm_heur,16050.15404880975,5308.10767531395,18244.48943512245,1.9592570475148263,32576.180189901967,optimize_random_heur,15421.07590640824,4337.987025737762,18496.710503963615,1.986342809953728,18496.710503963615,optimize_single_point_heur,18496.71050396363,7.794133901596069,18496.710503963615,1.986342809953728,18496.710503963615,optimize_single_point_heur,18496.71050396363,11.590396404266357,17408.93208672679,1.8695273990492751,33956.902773370915,optimize_single_point_heur,16006.179875625397,166.5431206226349,17301.6332091116,1.8580046824007463,33848.02403885101,optimize_single_point_heur,15212.453476332885,114.25498008728027,17062.945571540447,1.8323722612946962,34416.58598432542,optimize_single_point_heur,14565.321603238019,115.95493149757385,10534.289637515825,1.1312665825075068,27776.236317999213,optimize_single_point_heur,10636.85425777233,95.13615942001343
2026-03-12 17:02:05,config_resnet_comm_area_0.5_hw_0.1_seed_1,inputs/task_graph_topology/soda-benchmark-graphs/pytorch-graphs/rez_net_tosa.dot,362,0.1,0.5,1.0,0.5,42,1876.8712304770884,27091.396431290876,14.434339442884646,27091.396431290876,None,11726.626114450048,0.0,16881.30201682234,8.99438477328635,30237.049893419528,optimize_random_heur,14655.212532309612,4.219932317733765,15340.151126058294,8.173257108405316,30816.143742411838,optimize_swarm_heur,13564.076756465827,5368.772727012634,15961.072323615652,8.504084917726855,28678.43889011299,optimize_random_heur,14073.083143467169,4499.133916378021,16662.240968097034,8.877668695396647,29842.52418103501,optimize_single_point_heur,14941.631417480745,7.943052530288696,17011.07524065917,9.06352815495769,32577.91134913884,optimize_single_point_heur,15700.252331421634,11.848971843719482,15463.301979792259,8.238872080670973,29703.221749430588,optimize_single_point_heur,14419.158620124723,167.23342847824097,14872.172695888585,7.923917450697018,29382.333282532072,optimize_single_point_heur,13078.786375841133,113.68290972709656,15009.9727189247,7.997337523847741,31410.027648276035,optimize_single_point_heur,14376.668256738018,115.2451241016388,9075.024675439276,4.8351876932614415,22260.824221126757,optimize_single_point_heur,9121.170478747075,99.02034068107605
2026-03-12 17:03:09,config_resnet_comm_area_0.5_hw_0.1_seed_0,inputs/task_graph_topology/soda-benchmark-graphs/pytorch-graphs/rez_net_tosa.dot,362,0.1,0.5,1.0,0.5,42,1876.8712304770884,27091.396431290876,14.434339442884646,27091.396431290876,None,11726.626114450048,0.0,16881.30201682234,8.99438477328635,30237.049893419528,optimize_random_heur,14655.212532309612,4.225478649139404,15340.151126058294,8.173257108405316,30816.143742411838,optimize_swarm_heur,13564.076756465827,5399.966826915741,15961.072323615652,8.504084917726855,28678.43889011299,optimize_random_heur,14073.083143467169,4526.657683372498,16662.240968097034,8.877668695396647,29842.52418103501,optimize_single_point_heur,14941.631417480745,7.977078676223755,17011.07524065917,9.06352815495769,32577.91134913884,optimize_single_point_heur,15700.252331421634,11.922587156295776,15463.301979792259,8.238872080670973,29703.221749430588,optimize_single_point_heur,14419.158620124723,167.93323683738708,14872.172695888585,7.923917450697018,29382.333282532072,optimize_single_point_heur,13078.786375841133,115.32834219932556,15009.9727189247,7.997337523847741,31410.027648276035,optimize_single_point_heur,14376.668256738018,117.45783638954163,9075.024675439276,4.8351876932614415,22260.824221126757,optimize_single_point_heur,9121.170478747075,99.48291397094727
2026-03-12 17:05:37,config_resnet_comm_area_0.5_hw_0.7_seed_1,inputs/task_graph_topology/soda-benchmark-graphs/pytorch-graphs/rez_net_tosa.dot,362,0.7,0.5,1.0,0.5,42,12459.889958209249,35018.604906863926,2.810506756024099,35018.604906863926,None,15652.672074748769,0.0,18496.710503963615,1.4845003098744851,18496.710503963615,optimize_random_heur,18496.71050396363,4.270359039306641,18071.168535402132,1.4503473622971983,19334.841198078826,optimize_swarm_heur,17934.865601437563,5322.613781929016,18496.710503963615,1.4845003098744851,18496.710503963615,optimize_random_heur,18496.71050396363,4578.7422704696655,18496.710503963615,1.4845003098744851,18496.710503963615,optimize_single_point_heur,18496.71050396363,7.904191017150879,18496.710503963615,1.4845003098744851,18496.710503963615,optimize_single_point_heur,18496.71050396363,11.816479682922363,18496.710503963615,1.4845003098744851,18496.710503963615,optimize_single_point_heur,18496.71050396363,168.56436443328857,18065.847691463925,1.4499203245018362,34582.73874082371,optimize_single_point_heur,15980.727552203807,115.59643578529358,17631.90809393815,1.4150934039607064,35748.97671560415,optimize_single_point_heur,16295.94702242315,118.36430811882019,10384.85337472679,0.8334626878373582,29036.661729523308,optimize_single_point_heur,10986.228078381482,95.08158802986145
2026-03-12 17:07:10,config_resnet_comm_area_0.5_hw_0.3_seed_0,inputs/task_graph_topology/soda-benchmark-graphs/pytorch-graphs/rez_net_tosa.dot,362,0.3,0.5,1.0,0.5,42,5629.515000900963,31525.940186825334,5.600116560979025,31525.940186825334,None,12758.347233287916,0.0,17884.2425392067,3.1768709269527586,32125.85157095483,optimize_random_heur,15428.986931641797,4.435479640960693,16337.892666648046,2.902184764412793,32737.519406149237,optimize_swarm_heur,14480.4902465789,5485.461902856827,16943.02368122267,3.009677330731166,30553.63267236752,optimize_random_heur,14821.341195258634,4631.8738052845,17628.94564906856,3.1315212138607276,31803.077068335853,optimize_single_point_heur,15636.832645286095,8.082716941833496,18001.90699765822,3.197772276080115,33365.23156878328,optimize_single_point_heur,16025.742508573192,11.912575483322144,16378.47059679419,2.9093928329834693,31854.796593871044,optimize_single_point_heur,15098.050352225866,173.02564644813538,16205.713689348775,2.8787051258865404,28906.38371765305,optimize_single_point_heur,14919.543129312766,120.07367992401123,15680.45764167368,2.7854011649607715,33160.30135391915,optimize_single_point_heur,14484.27766499257,119.18060445785522,10192.857363465511,1.8106102145272227,26781.070631394414,optimize_single_point_heur,9459.24383351469,102.53493356704712
2026-03-12 17:08:11,config_resnet_comm_area_0.5_hw_0.9_seed_2,inputs/task_graph_topology/soda-benchmark-graphs/pytorch-graphs/rez_net_tosa.dot,362,0.9,0.5,1.0,0.5,42,14476.759981256146,36964.18800115859,2.5533467467180606,36964.18800115859,None,18285.066572794603,0.0,18496.710503963615,1.277683026306461,18496.710503963615,optimize_random_heur,18496.71050396363,4.3456337451934814,17980.800533152556,1.2420459105789752,20108.196758558952,optimize_swarm_heur,17818.07180821852,5369.497738361359,18496.710503963615,1.277683026306461,18496.710503963615,optimize_random_heur,18496.71050396363,4526.838007211685,18496.710503963615,1.277683026306461,18496.710503963615,optimize_single_point_heur,18496.71050396363,7.990484237670898,18496.710503963615,1.277683026306461,18496.710503963615,optimize_single_point_heur,18496.71050396363,11.869775295257568,18496.710503963615,1.277683026306461,18496.710503963615,optimize_single_point_heur,18496.71050396363,170.25696849822998,18496.710503963615,1.277683026306461,18496.710503963615,optimize_single_point_heur,18496.71050396363,117.61393451690674,18250.36434997202,1.260666362749798,36661.13974058914,optimize_single_point_heur,15702.768089009653,121.65094256401062,10490.280062692766,0.7246289968387336,31082.816617710832,optimize_single_point_heur,10239.8410367845,99.70256662368774
2026-03-12 17:08:45,config_resnet_comm_area_0.5_hw_0.9_seed_3,inputs/task_graph_topology/soda-benchmark-graphs/pytorch-graphs/rez_net_tosa.dot,362,0.9,0.5,1.0,0.5,42,14476.759981256146,36964.18800115859,2.5533467467180606,36964.18800115859,None,18285.066572794603,0.0,18496.710503963615,1.277683026306461,18496.710503963615,optimize_random_heur,18496.71050396363,4.313781261444092,17980.800533152556,1.2420459105789752,20108.196758558952,optimize_swarm_heur,17818.07180821852,5339.473764419556,18496.710503963615,1.277683026306461,18496.710503963615,optimize_random_heur,18496.71050396363,4588.46271777153,18496.710503963615,1.277683026306461,18496.710503963615,optimize_single_point_heur,18496.71050396363,7.932000637054443,18496.710503963615,1.277683026306461,18496.710503963615,optimize_single_point_heur,18496.71050396363,11.877079486846924,18496.710503963615,1.277683026306461,18496.710503963615,optimize_single_point_heur,18496.71050396363,171.06892824172974,18496.710503963615,1.277683026306461,18496.710503963615,optimize_single_point_heur,18496.71050396363,118.34432792663574,18250.36434997202,1.260666362749798,36661.13974058914,optimize_single_point_heur,15702.768089009653,121.8950502872467,10490.280062692766,0.7246289968387336,31082.816617710832,optimize_single_point_heur,10239.8410367845,100.32264566421509
2026-03-12 17:08:55,config_resnet_comm_area_0.5_hw_0.9_seed_1,inputs/task_graph_topology/soda-benchmark-graphs/pytorch-graphs/rez_net_tosa.dot,362,0.9,0.5,1.0,0.5,42,14476.759981256146,36964.18800115859,2.5533467467180606,36964.18800115859,None,18285.066572794603,0.0,18496.710503963615,1.277683026306461,18496.710503963615,optimize_random_heur,18496.71050396363,4.347426891326904,17980.800533152556,1.2420459105789752,20108.196758558952,optimize_swarm_heur,17818.07180821852,5356.491711854935,18496.710503963615,1.277683026306461,18496.710503963615,optimize_random_heur,18496.71050396363,4582.482269048691,18496.710503963615,1.277683026306461,18496.710503963615,optimize_single_point_heur,18496.71050396363,8.16342282295227,18496.710503963615,1.277683026306461,18496.710503963615,optimize_single_point_heur,18496.71050396363,11.840458154678345,18496.710503963615,1.277683026306461,18496.710503963615,optimize_single_point_heur,18496.71050396363,170.50995683670044,18496.710503963615,1.277683026306461,18496.710503963615,optimize_single_point_heur,18496.71050396363,118.2772901058197,18250.36434997202,1.260666362749798,36661.13974058914,optimize_single_point_heur,15702.768089009653,120.3436484336853,10490.280062692766,0.7246289968387336,31082.816617710832,optimize_single_point_heur,10239.8410367845,100.71004438400269
2026-03-12 17:09:31,config_resnet_comm_area_0.5_hw_0.7_seed_0,inputs/task_graph_topology/soda-benchmark-graphs/pytorch-graphs/rez_net_tosa.dot,362,0.7,0.5,1.0,0.5,42,12459.889958209249,35018.604906863926,2.810506756024099,35018.604906863926,None,15652.672074748769,0.0,18496.710503963615,1.4845003098744851,18496.710503963615,optimize_random_heur,18496.71050396363,4.330472230911255,18071.168535402132,1.4503473622971983,19334.841198078826,optimize_swarm_heur,17934.865601437563,5409.016152143478,18496.710503963615,1.4845003098744851,18496.710503963615,optimize_random_heur,18496.71050396363,4715.028160810471,18496.710503963615,1.4845003098744851,18496.710503963615,optimize_single_point_heur,18496.71050396363,8.206897497177124,18496.710503963615,1.4845003098744851,18496.710503963615,optimize_single_point_heur,18496.71050396363,12.142298936843872,18496.710503963615,1.4845003098744851,18496.710503963615,optimize_single_point_heur,18496.71050396363,171.54441666603088,18065.847691463925,1.4499203245018362,34582.73874082371,optimize_single_point_heur,15980.727552203807,118.23491144180298,17631.90809393815,1.4150934039607064,35748.97671560415,optimize_single_point_heur,16295.94702242315,121.10598874092102,10384.85337472679,0.8334626878373582,29036.661729523308,optimize_single_point_heur,10986.228078381482,97.58129239082336
2026-03-12 17:09:47,config_resnet_comm_area_0.5_hw_0.5_seed_3,inputs/task_graph_topology/soda-benchmark-graphs/pytorch-graphs/rez_net_tosa.dot,362,0.5,0.5,1.0,0.5,42,9311.942737816993,33103.829961925556,3.554986418407263,33103.829961925556,None,13322.5504469303,0.0,18496.710503963615,1.986342809953728,18496.710503963615,optimize_random_heur,18496.71050396363,4.426714658737183,17278.194868010552,1.8554876629386463,34065.74477139444,optimize_swarm_heur,16050.15404880975,5526.940009593964,18244.48943512245,1.9592570475148263,32576.180189901967,optimize_random_heur,15421.07590640824,4612.714684247971,18496.710503963615,1.986342809953728,18496.710503963615,optimize_single_point_heur,18496.71050396363,8.157709121704102,18496.710503963615,1.986342809953728,18496.710503963615,optimize_single_point_heur,18496.71050396363,12.144039392471313,17408.93208672679,1.8695273990492751,33956.902773370915,optimize_single_point_heur,16006.179875625397,173.56966972351074,17301.6332091116,1.8580046824007463,33848.02403885101,optimize_single_point_heur,15212.453476332885,118.96765804290771,17062.945571540447,1.8323722612946962,34416.58598432542,optimize_single_point_heur,14565.321603238019,119.55901050567627,10534.289637515825,1.1312665825075068,27776.236317999213,optimize_single_point_heur,10636.85425777233,96.98837661743164
2026-03-12 17:10:45,config_resnet_comm_area_0.5_hw_0.5_seed_1,inputs/task_graph_topology/soda-benchmark-graphs/pytorch-graphs/rez_net_tosa.dot,362,0.5,0.5,1.0,0.5,42,9311.942737816993,33103.829961925556,3.554986418407263,33103.829961925556,None,13322.5504469303,0.0,18496.710503963615,1.986342809953728,18496.710503963615,optimize_random_heur,18496.71050396363,4.510515213012695,17278.194868010552,1.8554876629386463,34065.74477139444,optimize_swarm_heur,16050.15404880975,5560.075706243515,18244.48943512245,1.9592570475148263,32576.180189901967,optimize_random_heur,15421.07590640824,4632.074042797089,18496.710503963615,1.986342809953728,18496.710503963615,optimize_single_point_heur,18496.71050396363,8.12406063079834,18496.710503963615,1.986342809953728,18496.710503963615,optimize_single_point_heur,18496.71050396363,12.16666841506958,17408.93208672679,1.8695273990492751,33956.902773370915,optimize_single_point_heur,16006.179875625397,174.02261757850647,17301.6332091116,1.8580046824007463,33848.02403885101,optimize_single_point_heur,15212.453476332885,119.39594721794128,17062.945571540447,1.8323722612946962,34416.58598432542,optimize_single_point_heur,14565.321603238019,121.33388924598694,10534.289637515825,1.1312665825075068,27776.236317999213,optimize_single_point_heur,10636.85425777233,99.97437882423401
2026-03-12 17:11:03,config_resnet_comm_area_0.5_hw_0.7_seed_3,inputs/task_graph_topology/soda-benchmark-graphs/pytorch-graphs/rez_net_tosa.dot,362,0.7,0.5,1.0,0.5,42,12459.889958209249,35018.604906863926,2.810506756024099,35018.604906863926,None,15652.672074748769,0.0,18496.710503963615,1.4845003098744851,18496.710503963615,optimize_random_heur,18496.71050396363,4.367319822311401,18071.168535402132,1.4503473622971983,19334.841198078826,optimize_swarm_heur,17934.865601437563,5428.359948158264,18496.710503963615,1.4845003098744851,18496.710503963615,optimize_random_heur,18496.71050396363,4728.5883502960205,18496.710503963615,1.4845003098744851,18496.710503963615,optimize_single_point_heur,18496.71050396363,8.027880191802979,18496.710503963615,1.4845003098744851,18496.710503963615,optimize_single_point_heur,18496.71050396363,11.841018438339233,18496.710503963615,1.4845003098744851,18496.710503963615,optimize_single_point_heur,18496.71050396363,169.8094880580902,18065.847691463925,1.4499203245018362,34582.73874082371,optimize_single_point_heur,15980.727552203807,115.60316777229309,17631.90809393815,1.4150934039607064,35748.97671560415,optimize_single_point_heur,16295.94702242315,118.94890570640564,10384.85337472679,0.8334626878373582,29036.661729523308,optimize_single_point_heur,10986.228078381482,95.50283741950989
2026-03-12 17:13:06,config_resnet_comm_area_0.5_hw_0.1_seed_3,inputs/task_graph_topology/soda-benchmark-graphs/pytorch-graphs/rez_net_tosa.dot,362,0.1,0.5,1.0,0.5,42,1876.8712304770884,27091.396431290876,14.434339442884646,27091.396431290876,None,11726.626114450048,0.0,16881.30201682234,8.99438477328635,30237.049893419528,optimize_random_heur,14655.212532309612,4.339948892593384,15340.151126058294,8.173257108405316,30816.143742411838,optimize_swarm_heur,13564.076756465827,5976.498725891113,15961.072323615652,8.504084917726855,28678.43889011299,optimize_random_heur,14073.083143467169,4511.237633228302,16662.240968097034,8.877668695396647,29842.52418103501,optimize_single_point_heur,14941.631417480745,8.05397367477417,17011.07524065917,9.06352815495769,32577.91134913884,optimize_single_point_heur,15700.252331421634,12.014233827590942,15463.301979792259,8.238872080670973,29703.221749430588,optimize_single_point_heur,14419.158620124723,168.55451440811157,14872.172695888585,7.923917450697018,29382.333282532072,optimize_single_point_heur,13078.786375841133,115.38871121406555,15009.9727189247,7.997337523847741,31410.027648276035,optimize_single_point_heur,14376.668256738018,115.87706851959229,9075.024675439276,4.8351876932614415,22260.824221126757,optimize_single_point_heur,9121.170478747075,100.58359503746033
2026-03-12 17:35:54,config_resnet_comm_area_0.7_hw_0.1_seed_2,inputs/task_graph_topology/soda-benchmark-graphs/pytorch-graphs/rez_net_tosa.dot,362,0.1,0.5,1.0,0.7,42,1876.8712304770884,20695.777558494166,11.026743456040634,20695.777558494166,None,7879.012729836811,0.0,16626.423725794535,8.858585211287089,29587.764250579345,optimize_random_heur,15387.936926865217,8.143369674682617,10728.974115284678,5.716414605895708,23759.696974215047,optimize_swarm_heur,10449.263239160255,7056.296610832214,10154.275919271797,5.4102144858870505,23993.025571961985,optimize_random_heur,9685.210749477621,4386.065154314041,16101.126584280975,8.578706052299696,31436.16009471112,optimize_single_point_heur,13912.283109423348,14.385758876800537,16639.00294266077,8.86528743819641,31020.029698999242,optimize_single_point_heur,13885.017400181787,14.47321105003357,16441.548608893016,8.76008345266909,30186.635422910338,optimize_single_point_heur,14758.66020446981,151.42663621902466,12162.320750233725,6.480103990481085,26604.890285963604,optimize_single_point_heur,10428.688690846877,135.97556686401367,12014.758418716963,6.401482543724052,25551.628955315045,optimize_single_point_heur,10608.73615260649,132.8451316356659,6205.102113127082,3.3060883519162823,16299.712325085184,optimize_single_point_heur,6414.457878235568,94.04124474525452
2026-03-12 17:41:12,config_resnet_comm_area_0.7_hw_0.3_seed_0,inputs/task_graph_topology/soda-benchmark-graphs/pytorch-graphs/rez_net_tosa.dot,362,0.3,0.5,1.0,0.7,42,5629.515000900963,24136.994087574298,4.287579673153255,24136.994087574298,None,9343.869573768468,0.0,17746.84922560795,3.152465038776466,35279.43248604906,optimize_random_heur,16370.687029041499,8.198858976364136,11600.431449431946,2.0606449130298756,27191.48080877816,optimize_swarm_heur,9549.77384399419,7137.496193647385,11377.898057469441,2.0211151503546025,24266.116427801684,optimize_random_heur,9962.50408852559,4506.596358537674,17201.08282701039,3.055517717646632,33582.22171157487,optimize_single_point_heur,14769.791240819417,14.581438779830933,17753.14928288609,3.1535841506852416,33151.56534495937,optimize_single_point_heur,14732.189965006657,14.605763673782349,17847.982253777056,3.170429824047119,32556.716675729007,optimize_single_point_heur,15990.273150504929,158.29451084136963,13342.422980203177,2.3700839198523886,27824.89339262696,optimize_single_point_heur,11995.813719700896,134.5534040927887,13251.989563919113,2.3540197622349757,25709.05161054812,optimize_single_point_heur,12281.654015323831,132.98228764533997,7605.839151399015,1.351064727633154,20650.101294221935,optimize_single_point_heur,8248.080477236295,96.72014927864075
2026-03-12 17:47:04,config_resnet_comm_area_0.9_hw_0.1_seed_0,inputs/task_graph_topology/soda-benchmark-graphs/pytorch-graphs/rez_net_tosa.dot,362,0.1,0.5,1.0,0.9,42,1876.8712304770884,11274.035663724435,6.006824272573377,11274.035663724435,None,3298.991959019001,0.0,16626.423725794535,8.858585211287089,29587.764250579345,optimize_random_heur,15387.936926865217,8.138182163238525,3251.7466189631896,1.7325358107474518,7785.612021722808,optimize_swarm_heur,2886.085070971239,6936.5738389492035,4968.735785437485,2.6473503907747924,10950.806811474793,optimize_random_heur,4903.497290953694,3951.051249742508,16101.126584280975,8.578706052299696,31436.16009471112,optimize_single_point_heur,13912.283109423348,14.398131608963013,16639.00294266077,8.86528743819641,31020.029698999242,optimize_single_point_heur,13885.017400181787,14.397319555282593,16441.548608893016,8.76008345266909,30186.635422910338,optimize_single_point_heur,14758.66020446981,152.9472906589508,12162.320750233725,6.480103990481085,26604.890285963604,optimize_single_point_heur,10428.688690846877,135.6924078464508,12014.758418716963,6.401482543724052,25551.628955315045,optimize_single_point_heur,10608.73615260649,133.663503408432,5319.839610609334,2.834419071604111,14227.404400855872,optimize_single_point_heur,5310.532152236478,91.0141978263855
2026-03-12 17:50:24,config_resnet_comm_area_0.9_hw_0.1_seed_3,inputs/task_graph_topology/soda-benchmark-graphs/pytorch-graphs/rez_net_tosa.dot,362,0.1,0.5,1.0,0.9,42,1876.8712304770884,11274.035663724435,6.006824272573377,11274.035663724435,None,3298.991959019001,0.0,16626.423725794535,8.858585211287089,29587.764250579345,optimize_random_heur,15387.936926865217,8.23787236213684,3251.7466189631896,1.7325358107474518,7785.612021722808,optimize_swarm_heur,2886.085070971239,7029.277903318405,4968.735785437485,2.6473503907747924,10950.806811474793,optimize_random_heur,4903.497290953694,3948.044024705887,16101.126584280975,8.578706052299696,31436.16009471112,optimize_single_point_heur,13912.283109423348,14.255377292633057,16639.00294266077,8.86528743819641,31020.029698999242,optimize_single_point_heur,13885.017400181787,14.30458927154541,16441.548608893016,8.76008345266909,30186.635422910338,optimize_single_point_heur,14758.66020446981,151.76677751541138,12162.320750233725,6.480103990481085,26604.890285963604,optimize_single_point_heur,10428.688690846877,134.76987290382385,12014.758418716963,6.401482543724052,25551.628955315045,optimize_single_point_heur,10608.73615260649,133.26805067062378,5319.839610609334,2.834419071604111,14227.404400855872,optimize_single_point_heur,5310.532152236478,91.03329014778137
2026-03-12 17:50:41,config_resnet_comm_area_0.7_hw_0.1_seed_3,inputs/task_graph_topology/soda-benchmark-graphs/pytorch-graphs/rez_net_tosa.dot,362,0.1,0.5,1.0,0.7,42,1876.8712304770884,20695.777558494166,11.026743456040634,20695.777558494166,None,7879.012729836811,0.0,16626.423725794535,8.858585211287089,29587.764250579345,optimize_random_heur,15387.936926865217,8.85059642791748,10728.974115284678,5.716414605895708,23759.696974215047,optimize_swarm_heur,10449.263239160255,7622.551532030106,10154.275919271797,5.4102144858870505,23993.025571961985,optimize_random_heur,9685.210749477621,4674.86864733696,16101.126584280975,8.578706052299696,31436.16009471112,optimize_single_point_heur,13912.283109423348,15.047101736068726,16639.00294266077,8.86528743819641,31020.029698999242,optimize_single_point_heur,13885.017400181787,14.965953826904297,16441.548608893016,8.76008345266909,30186.635422910338,optimize_single_point_heur,14758.66020446981,162.74082708358765,12162.320750233725,6.480103990481085,26604.890285963604,optimize_single_point_heur,10428.688690846877,141.24975633621216,12014.758418716963,6.401482543724052,25551.628955315045,optimize_single_point_heur,10608.73615260649,139.02916741371155,6205.102113127082,3.3060883519162823,16299.712325085184,optimize_single_point_heur,6414.457878235568,99.63455152511597
2026-03-12 17:52:45,config_resnet_comm_area_0.9_hw_0.3_seed_0,inputs/task_graph_topology/soda-benchmark-graphs/pytorch-graphs/rez_net_tosa.dot,362,0.3,0.5,1.0,0.9,42,5629.515000900963,14417.969443707758,2.5611388265952337,14417.969443707758,None,4404.222246279361,0.0,17746.84922560795,3.152465038776466,35279.43248604906,optimize_random_heur,16370.687029041499,8.479273080825806,5109.400314961551,0.9076093258733352,15615.624134830188,optimize_swarm_heur,5208.238534265069,7116.213942289352,6462.4827393039095,1.147964387388547,15412.82648443986,optimize_random_heur,6390.016784776456,3990.4573497772217,17201.08282701039,3.055517717646632,33582.22171157487,optimize_single_point_heur,14769.791240819417,14.625898122787476,17753.14928288609,3.1535841506852416,33151.56534495937,optimize_single_point_heur,14732.189965006657,14.687233924865723,17847.982253777056,3.170429824047119,32556.716675729007,optimize_single_point_heur,15990.273150504929,158.53910398483276,13342.422980203177,2.3700839198523886,27824.89339262696,optimize_single_point_heur,11995.813719700896,136.37695336341858,13251.989563919113,2.3540197622349757,25709.05161054812,optimize_single_point_heur,12281.654015323831,134.30698442459106,5470.416074535014,0.9717384310477036,15656.98020783089,optimize_single_point_heur,5988.547384686129,94.83472871780396
2026-03-12 17:53:12,config_resnet_comm_area_0.9_hw_0.1_seed_1,inputs/task_graph_topology/soda-benchmark-graphs/pytorch-graphs/rez_net_tosa.dot,362,0.1,0.5,1.0,0.9,42,1876.8712304770884,11274.035663724435,6.006824272573377,11274.035663724435,None,3298.991959019001,0.0,16626.423725794535,8.858585211287089,29587.764250579345,optimize_random_heur,15387.936926865217,8.379910945892334,3251.7466189631896,1.7325358107474518,7785.612021722808,optimize_swarm_heur,2886.085070971239,7176.587561368942,4968.735785437485,2.6473503907747924,10950.806811474793,optimize_random_heur,4903.497290953694,4035.1415865421295,16101.126584280975,8.578706052299696,31436.16009471112,optimize_single_point_heur,13912.283109423348,14.754396915435791,16639.00294266077,8.86528743819641,31020.029698999242,optimize_single_point_heur,13885.017400181787,14.79471230506897,16441.548608893016,8.76008345266909,30186.635422910338,optimize_single_point_heur,14758.66020446981,156.84980583190918,12162.320750233725,6.480103990481085,26604.890285963604,optimize_single_point_heur,10428.688690846877,137.98497796058655,12014.758418716963,6.401482543724052,25551.628955315045,optimize_single_point_heur,10608.73615260649,135.21755504608154,5319.839610609334,2.834419071604111,14227.404400855872,optimize_single_point_heur,5310.532152236478,92.24249291419983
2026-03-12 17:55:23,config_resnet_comm_area_0.7_hw_0.9_seed_2,inputs/task_graph_topology/soda-benchmark-graphs/pytorch-graphs/rez_net_tosa.dot,362,0.9,0.5,1.0,0.7,42,14476.759981256146,34435.97424728404,2.378707272336502,34435.97424728404,None,15459.708042985432,0.0,18496.710503963615,1.277683026306461,18496.710503963615,optimize_random_heur,18496.71050396363,8.201931476593018,15133.18591170961,1.0453434284538374,33771.41017309432,optimize_swarm_heur,14572.591472247057,7126.158315181732,14643.240381983322,1.0114998384267424,33239.55380343982,optimize_random_heur,13685.904349338067,4328.085999965668,18496.710503963615,1.277683026306461,18496.710503963615,optimize_single_point_heur,18496.71050396363,14.107827425003052,18496.710503963615,1.277683026306461,18496.710503963615,optimize_single_point_heur,18496.71050396363,14.477601766586304,18496.710503963615,1.277683026306461,18496.710503963615,optimize_single_point_heur,18496.71050396363,153.13962578773499,16717.19510725673,1.1547608117355956,37149.89172575647,optimize_single_point_heur,16002.005161474623,133.71054244041443,16940.822263935443,1.1702081326118312,34746.614691664654,optimize_single_point_heur,15601.382018156744,133.5087559223175,9000.441785302168,0.6217165855450759,27700.692464821026,optimize_single_point_heur,9247.41500355707,90.35405015945435
2026-03-12 17:56:20,config_resnet_comm_area_0.9_hw_0.5_seed_1,inputs/task_graph_topology/soda-benchmark-graphs/pytorch-graphs/rez_net_tosa.dot,362,0.5,0.5,1.0,0.9,42,9311.942737816993,14871.98502040613,1.5970872501190425,14871.98502040613,None,6260.566999633739,0.0,18496.710503963615,1.986342809953728,18496.710503963615,optimize_random_heur,18496.71050396363,8.292040586471558,6082.099965086208,0.6531504903252916,17095.554434215563,optimize_swarm_heur,5530.1497314595335,7190.696702718735,7610.895607480453,0.8173262896658106,17476.079052787252,optimize_random_heur,7412.483271777827,3875.834574699402,18322.638763776726,1.9676494239345073,35728.38289194878,optimize_single_point_heur,15655.875341537518,14.296873569488525,18496.710503963615,1.986342809953728,18496.710503963615,optimize_single_point_heur,18496.71050396363,14.645542621612549,18496.710503963615,1.986342809953728,18496.710503963615,optimize_single_point_heur,18496.71050396363,154.69768905639648,14871.319198492758,1.597015748185223,30785.944577778966,optimize_single_point_heur,14255.304053514496,136.45800280570984,14411.61750493983,1.5476488538113968,31476.8914046334,optimize_single_point_heur,13270.556782996673,134.05870032310486,6617.7161570682665,0.710669764988231,18508.320730942403,optimize_single_point_heur,6336.0454168619135,91.30889177322388
2026-03-12 17:57:20,config_resnet_comm_area_0.7_hw_0.5_seed_1,inputs/task_graph_topology/soda-benchmark-graphs/pytorch-graphs/rez_net_tosa.dot,362,0.5,0.5,1.0,0.7,42,9311.942737816993,27806.910889348575,2.9861557005093196,27806.910889348575,None,10581.937429858372,0.0,18496.710503963615,1.986342809953728,18496.710503963615,optimize_random_heur,18496.71050396363,8.837541341781616,13259.973052245958,1.4239749347250072,29532.468250552098,optimize_swarm_heur,12786.013208899989,7577.705431938171,12487.335681920293,1.3410021983068712,28532.794783015474,optimize_random_heur,11221.196640692822,4735.108675956726,18322.638763776726,1.9676494239345073,35728.38289194878,optimize_single_point_heur,15655.875341537518,15.39777398109436,18496.710503963615,1.986342809953728,18496.710503963615,optimize_single_point_heur,18496.71050396363,15.900010108947754,18496.710503963615,1.986342809953728,18496.710503963615,optimize_single_point_heur,18496.71050396363,170.42216682434082,14871.319198492758,1.597015748185223,30785.944577778966,optimize_single_point_heur,14255.304053514496,148.97354674339294,14411.61750493983,1.5476488538113968,31476.8914046334,optimize_single_point_heur,13270.556782996673,147.3727684020996,8038.938480145882,0.86329337566679,22577.94756227683,optimize_single_point_heur,8116.319802802856,101.54675960540771
2026-03-12 17:58:55,config_resnet_comm_area_0.7_hw_0.5_seed_3,inputs/task_graph_topology/soda-benchmark-graphs/pytorch-graphs/rez_net_tosa.dot,362,0.5,0.5,1.0,0.7,42,9311.942737816993,27806.910889348575,2.9861557005093196,27806.910889348575,None,10581.937429858372,0.0,18496.710503963615,1.986342809953728,18496.710503963615,optimize_random_heur,18496.71050396363,8.853599548339844,13259.973052245958,1.4239749347250072,29532.468250552098,optimize_swarm_heur,12786.013208899989,7664.263801813126,12487.335681920293,1.3410021983068712,28532.794783015474,optimize_random_heur,11221.196640692822,4696.1168031692505,18322.638763776726,1.9676494239345073,35728.38289194878,optimize_single_point_heur,15655.875341537518,15.54647183418274,18496.710503963615,1.986342809953728,18496.710503963615,optimize_single_point_heur,18496.71050396363,15.949877500534058,18496.710503963615,1.986342809953728,18496.710503963615,optimize_single_point_heur,18496.71050396363,170.27651166915894,14871.319198492758,1.597015748185223,30785.944577778966,optimize_single_point_heur,14255.304053514496,150.06809878349304,14411.61750493983,1.5476488538113968,31476.8914046334,optimize_single_point_heur,13270.556782996673,148.06160044670105,8038.938480145882,0.86329337566679,22577.94756227683,optimize_single_point_heur,8116.319802802856,101.64296174049377
2026-03-12 17:59:32,config_resnet_comm_area_0.7_hw_0.5_seed_0,inputs/task_graph_topology/soda-benchmark-graphs/pytorch-graphs/rez_net_tosa.dot,362,0.5,0.5,1.0,0.7,42,9311.942737816993,27806.910889348575,2.9861557005093196,27806.910889348575,None,10581.937429858372,0.0,18496.710503963615,1.986342809953728,18496.710503963615,optimize_random_heur,18496.71050396363,8.869187831878662,13259.973052245958,1.4239749347250072,29532.468250552098,optimize_swarm_heur,12786.013208899989,7697.776270151138,12487.335681920293,1.3410021983068712,28532.794783015474,optimize_random_heur,11221.196640692822,4774.656619787216,18322.638763776726,1.9676494239345073,35728.38289194878,optimize_single_point_heur,15655.875341537518,15.650164365768433,18496.710503963615,1.986342809953728,18496.710503963615,optimize_single_point_heur,18496.71050396363,16.057135581970215,18496.710503963615,1.986342809953728,18496.710503963615,optimize_single_point_heur,18496.71050396363,171.27817106246948,14871.319198492758,1.597015748185223,30785.944577778966,optimize_single_point_heur,14255.304053514496,150.5885293483734,14411.61750493983,1.5476488538113968,31476.8914046334,optimize_single_point_heur,13270.556782996673,149.8408341407776,8038.938480145882,0.86329337566679,22577.94756227683,optimize_single_point_heur,8116.319802802856,101.80554461479187
2026-03-12 17:59:57,config_resnet_comm_area_0.7_hw_0.9_seed_3,inputs/task_graph_topology/soda-benchmark-graphs/pytorch-graphs/rez_net_tosa.dot,362,0.9,0.5,1.0,0.7,42,14476.759981256146,34435.97424728404,2.378707272336502,34435.97424728404,None,15459.708042985432,0.0,18496.710503963615,1.277683026306461,18496.710503963615,optimize_random_heur,18496.71050396363,8.439221620559692,15133.18591170961,1.0453434284538374,33771.41017309432,optimize_swarm_heur,14572.591472247057,7253.757631063461,14643.240381983322,1.0114998384267424,33239.55380343982,optimize_random_heur,13685.904349338067,4419.539691209793,18496.710503963615,1.277683026306461,18496.710503963615,optimize_single_point_heur,18496.71050396363,14.66070008277893,18496.710503963615,1.277683026306461,18496.710503963615,optimize_single_point_heur,18496.71050396363,14.905229806900024,18496.710503963615,1.277683026306461,18496.710503963615,optimize_single_point_heur,18496.71050396363,158.1769347190857,16717.19510725673,1.1547608117355956,37149.89172575647,optimize_single_point_heur,16002.005161474623,138.67535042762756,16940.822263935443,1.1702081326118312,34746.614691664654,optimize_single_point_heur,15601.382018156744,139.32770681381226,9000.441785302168,0.6217165855450759,27700.692464821026,optimize_single_point_heur,9247.41500355707,93.27854895591736
2026-03-12 18:02:39,config_resnet_comm_area_0.9_hw_0.3_seed_3,inputs/task_graph_topology/soda-benchmark-graphs/pytorch-graphs/rez_net_tosa.dot,362,0.3,0.5,1.0,0.9,42,5629.515000900963,14417.969443707758,2.5611388265952337,14417.969443707758,None,4404.222246279361,0.0,17746.84922560795,3.152465038776466,35279.43248604906,optimize_random_heur,16370.687029041499,8.420920133590698,5109.400314961551,0.9076093258733352,15615.624134830188,optimize_swarm_heur,5208.238534265069,7388.698726892471,6462.4827393039095,1.147964387388547,15412.82648443986,optimize_random_heur,6390.016784776456,4096.383417129517,17201.08282701039,3.055517717646632,33582.22171157487,optimize_single_point_heur,14769.791240819417,15.033284425735474,17753.14928288609,3.1535841506852416,33151.56534495937,optimize_single_point_heur,14732.189965006657,14.998245000839233,17847.982253777056,3.170429824047119,32556.716675729007,optimize_single_point_heur,15990.273150504929,163.21181845664978,13342.422980203177,2.3700839198523886,27824.89339262696,optimize_single_point_heur,11995.813719700896,140.96029996871948,13251.989563919113,2.3540197622349757,25709.05161054812,optimize_single_point_heur,12281.654015323831,139.3173167705536,5470.416074535014,0.9717384310477036,15656.98020783089,optimize_single_point_heur,5988.547384686129,97.48592710494995
2026-03-12 18:03:07,config_resnet_comm_area_0.9_hw_0.7_seed_0,inputs/task_graph_topology/soda-benchmark-graphs/pytorch-graphs/rez_net_tosa.dot,362,0.7,0.5,1.0,0.9,42,12459.889958209249,21335.557149057477,1.712339131454404,21335.557149057477,None,9472.735801156185,0.0,18496.710503963615,1.4845003098744851,18496.710503963615,optimize_random_heur,18496.71050396363,8.307743787765503,7653.720355203318,0.6142686958612049,19329.91086001012,optimize_swarm_heur,7514.840333001102,7294.937476396561,9059.142903390566,0.7270644390741118,20071.871943409315,optimize_random_heur,7762.458601973277,4047.4125740528107,18496.710503963615,1.4845003098744851,18496.710503963615,optimize_single_point_heur,18496.71050396363,14.805809736251831,18496.710503963615,1.4845003098744851,18496.710503963615,optimize_single_point_heur,18496.71050396363,15.266554355621338,18496.710503963615,1.4845003098744851,18496.710503963615,optimize_single_point_heur,18496.71050396363,156.90527153015137,15592.683075557165,1.251430239581198,32821.26603897199,optimize_single_point_heur,14118.287395835892,136.74594902992249,15889.209316887724,1.2752287034781598,34974.9500874714,optimize_single_point_heur,14991.379041912149,135.88239216804504,8396.346310592022,0.6738700212243893,23981.100872826024,optimize_single_point_heur,9462.27097591842,90.71551966667175
2026-03-12 18:05:39,config_resnet_comm_area_0.9_hw_0.3_seed_1,inputs/task_graph_topology/soda-benchmark-graphs/pytorch-graphs/rez_net_tosa.dot,362,0.3,0.5,1.0,0.9,42,5629.515000900963,14417.969443707758,2.5611388265952337,14417.969443707758,None,4404.222246279361,0.0,17746.84922560795,3.152465038776466,35279.43248604906,optimize_random_heur,16370.687029041499,8.76899003982544,5109.400314961551,0.9076093258733352,15615.624134830188,optimize_swarm_heur,5208.238534265069,7583.254013299942,6462.4827393039095,1.147964387388547,15412.82648443986,optimize_random_heur,6390.016784776456,4266.368375301361,17201.08282701039,3.055517717646632,33582.22171157487,optimize_single_point_heur,14769.791240819417,15.472193479537964,17753.14928288609,3.1535841506852416,33151.56534495937,optimize_single_point_heur,14732.189965006657,15.516620874404907,17847.982253777056,3.170429824047119,32556.716675729007,optimize_single_point_heur,15990.273150504929,172.96723771095276,13342.422980203177,2.3700839198523886,27824.89339262696,optimize_single_point_heur,11995.813719700896,142.1732931137085,13251.989563919113,2.3540197622349757,25709.05161054812,optimize_single_point_heur,12281.654015323831,138.84827399253845,5470.416074535014,0.9717384310477036,15656.98020783089,optimize_single_point_heur,5988.547384686129,98.33940982818604
2026-03-12 18:06:38,config_resnet_comm_area_0.9_hw_0.5_seed_0,inputs/task_graph_topology/soda-benchmark-graphs/pytorch-graphs/rez_net_tosa.dot,362,0.5,0.5,1.0,0.9,42,9311.942737816993,14871.98502040613,1.5970872501190425,14871.98502040613,None,6260.566999633739,0.0,18496.710503963615,1.986342809953728,18496.710503963615,optimize_random_heur,18496.71050396363,8.534204006195068,6082.099965086208,0.6531504903252916,17095.554434215563,optimize_swarm_heur,5530.1497314595335,7538.1818335056305,7610.895607480453,0.8173262896658106,17476.079052787252,optimize_random_heur,7412.483271777827,4105.409266471863,18322.638763776726,1.9676494239345073,35728.38289194878,optimize_single_point_heur,15655.875341537518,15.085131406784058,18496.710503963615,1.986342809953728,18496.710503963615,optimize_single_point_heur,18496.71050396363,15.623311281204224,18496.710503963615,1.986342809953728,18496.710503963615,optimize_single_point_heur,18496.71050396363,167.54689359664917,14871.319198492758,1.597015748185223,30785.944577778966,optimize_single_point_heur,14255.304053514496,145.55233311653137,14411.61750493983,1.5476488538113968,31476.8914046334,optimize_single_point_heur,13270.556782996673,143.53130984306335,6617.7161570682665,0.710669764988231,18508.320730942403,optimize_single_point_heur,6336.0454168619135,98.03080463409424
2026-03-12 18:06:38,config_resnet_comm_area_0.9_hw_0.1_seed_2,inputs/task_graph_topology/soda-benchmark-graphs/pytorch-graphs/rez_net_tosa.dot,362,0.1,0.5,1.0,0.9,42,1876.8712304770884,11274.035663724435,6.006824272573377,11274.035663724435,None,3298.991959019001,0.0,16626.423725794535,8.858585211287089,29587.764250579345,optimize_random_heur,15387.936926865217,8.796176671981812,3251.7466189631896,1.7325358107474518,7785.612021722808,optimize_swarm_heur,2886.085070971239,7652.505873918533,4968.735785437485,2.6473503907747924,10950.806811474793,optimize_random_heur,4903.497290953694,4295.721551179886,16101.126584280975,8.578706052299696,31436.16009471112,optimize_single_point_heur,13912.283109423348,15.364182233810425,16639.00294266077,8.86528743819641,31020.029698999242,optimize_single_point_heur,13885.017400181787,15.517984390258789,16441.548608893016,8.76008345266909,30186.635422910338,optimize_single_point_heur,14758.66020446981,165.77707266807556,12162.320750233725,6.480103990481085,26604.890285963604,optimize_single_point_heur,10428.688690846877,146.31317830085754,12014.758418716963,6.401482543724052,25551.628955315045,optimize_single_point_heur,10608.73615260649,144.49309992790222,5319.839610609334,2.834419071604111,14227.404400855872,optimize_single_point_heur,5310.532152236478,97.56660842895508
2026-03-12 18:07:12,config_resnet_comm_area_0.9_hw_0.3_seed_2,inputs/task_graph_topology/soda-benchmark-graphs/pytorch-graphs/rez_net_tosa.dot,362,0.3,0.5,1.0,0.9,42,5629.515000900963,14417.969443707758,2.5611388265952337,14417.969443707758,None,4404.222246279361,0.0,17746.84922560795,3.152465038776466,35279.43248604906,optimize_random_heur,16370.687029041499,8.956274032592773,5109.400314961551,0.9076093258733352,15615.624134830188,optimize_swarm_heur,5208.238534265069,7665.300181150436,6462.4827393039095,1.147964387388547,15412.82648443986,optimize_random_heur,6390.016784776456,4171.682855129242,17201.08282701039,3.055517717646632,33582.22171157487,optimize_single_point_heur,14769.791240819417,14.97018027305603,17753.14928288609,3.1535841506852416,33151.56534495937,optimize_single_point_heur,14732.189965006657,15.142199754714966,17847.982253777056,3.170429824047119,32556.716675729007,optimize_single_point_heur,15990.273150504929,168.83930373191833,13342.422980203177,2.3700839198523886,27824.89339262696,optimize_single_point_heur,11995.813719700896,143.0530035495758,13251.989563919113,2.3540197622349757,25709.05161054812,optimize_single_point_heur,12281.654015323831,142.5860550403595,5470.416074535014,0.9717384310477036,15656.98020783089,optimize_single_point_heur,5988.547384686129,101.57528829574585
2026-03-12 18:10:37,config_resnet_comm_area_0.7_hw_0.7_seed_3,inputs/task_graph_topology/soda-benchmark-graphs/pytorch-graphs/rez_net_tosa.dot,362,0.7,0.5,1.0,0.7,42,12459.889958209249,30387.426351701426,2.438819801268032,30387.426351701426,None,13248.824127957305,0.0,18496.710503963615,1.4845003098744851,18496.710503963615,optimize_random_heur,18496.71050396363,8.601481914520264,13250.684300030429,1.0634672011128126,31437.506087688635,optimize_swarm_heur,12598.37253404919,7750.963091611862,13226.175291918313,1.0615001686434793,31208.14731295396,optimize_random_heur,13186.492819959041,4751.055029153824,18496.710503963615,1.4845003098744851,18496.710503963615,optimize_single_point_heur,18496.71050396363,15.565132856369019,18496.710503963615,1.4845003098744851,18496.710503963615,optimize_single_point_heur,18496.71050396363,15.908570051193237,18496.710503963615,1.4845003098744851,18496.710503963615,optimize_single_point_heur,18496.71050396363,168.0363495349884,15592.683075557165,1.251430239581198,32821.26603897199,optimize_single_point_heur,14118.287395835892,149.4767143726349,15889.209316887724,1.2752287034781598,34974.9500874714,optimize_single_point_heur,14991.379041912149,148.28340125083923,8944.557768065557,0.7178681190657225,25850.136002248084,optimize_single_point_heur,9883.414988656517,98.59760022163391
2026-03-12 18:11:43,config_resnet_comm_area_0.7_hw_0.9_seed_0,inputs/task_graph_topology/soda-benchmark-graphs/pytorch-graphs/rez_net_tosa.dot,362,0.9,0.5,1.0,0.7,42,14476.759981256146,34435.97424728404,2.378707272336502,34435.97424728404,None,15459.708042985432,0.0,18496.710503963615,1.277683026306461,18496.710503963615,optimize_random_heur,18496.71050396363,8.653979063034058,15133.18591170961,1.0453434284538374,33771.41017309432,optimize_swarm_heur,14572.591472247057,7862.876511335373,14643.240381983322,1.0114998384267424,33239.55380343982,optimize_random_heur,13685.904349338067,4698.696249246597,18496.710503963615,1.277683026306461,18496.710503963615,optimize_single_point_heur,18496.71050396363,15.6387939453125,18496.710503963615,1.277683026306461,18496.710503963615,optimize_single_point_heur,18496.71050396363,16.013118982315063,18496.710503963615,1.277683026306461,18496.710503963615,optimize_single_point_heur,18496.71050396363,172.0156147480011,16717.19510725673,1.1547608117355956,37149.89172575647,optimize_single_point_heur,16002.005161474623,150.01287293434143,16940.822263935443,1.1702081326118312,34746.614691664654,optimize_single_point_heur,15601.382018156744,150.45528650283813,9000.441785302168,0.6217165855450759,27700.692464821026,optimize_single_point_heur,9247.41500355707,98.6438992023468
2026-03-12 18:11:57,config_resnet_comm_area_0.9_hw_0.5_seed_3,inputs/task_graph_topology/soda-benchmark-graphs/pytorch-graphs/rez_net_tosa.dot,362,0.5,0.5,1.0,0.9,42,9311.942737816993,14871.98502040613,1.5970872501190425,14871.98502040613,None,6260.566999633739,0.0,18496.710503963615,1.986342809953728,18496.710503963615,optimize_random_heur,18496.71050396363,8.76036524772644,6082.099965086208,0.6531504903252916,17095.554434215563,optimize_swarm_heur,5530.1497314595335,7623.047460317612,7610.895607480453,0.8173262896658106,17476.079052787252,optimize_random_heur,7412.483271777827,4217.302391767502,18322.638763776726,1.9676494239345073,35728.38289194878,optimize_single_point_heur,15655.875341537518,15.354930639266968,18496.710503963615,1.986342809953728,18496.710503963615,optimize_single_point_heur,18496.71050396363,15.727075099945068,18496.710503963615,1.986342809953728,18496.710503963615,optimize_single_point_heur,18496.71050396363,168.58360934257507,14871.319198492758,1.597015748185223,30785.944577778966,optimize_single_point_heur,14255.304053514496,144.05716562271118,14411.61750493983,1.5476488538113968,31476.8914046334,optimize_single_point_heur,13270.556782996673,142.22244000434875,6617.7161570682665,0.710669764988231,18508.320730942403,optimize_single_point_heur,6336.0454168619135,95.38623642921448
2026-03-12 18:12:01,config_resnet_comm_area_0.7_hw_0.7_seed_2,inputs/task_graph_topology/soda-benchmark-graphs/pytorch-graphs/rez_net_tosa.dot,362,0.7,0.5,1.0,0.7,42,12459.889958209249,30387.426351701426,2.438819801268032,30387.426351701426,None,13248.824127957305,0.0,18496.710503963615,1.4845003098744851,18496.710503963615,optimize_random_heur,18496.71050396363,8.584941148757935,13250.684300030429,1.0634672011128126,31437.506087688635,optimize_swarm_heur,12598.37253404919,7805.405540704727,13226.175291918313,1.0615001686434793,31208.14731295396,optimize_random_heur,13186.492819959041,4809.736311674118,18496.710503963615,1.4845003098744851,18496.710503963615,optimize_single_point_heur,18496.71050396363,15.863972663879395,18496.710503963615,1.4845003098744851,18496.710503963615,optimize_single_point_heur,18496.71050396363,16.112799406051636,18496.710503963615,1.4845003098744851,18496.710503963615,optimize_single_point_heur,18496.71050396363,170.21464681625366,15592.683075557165,1.251430239581198,32821.26603897199,optimize_single_point_heur,14118.287395835892,151.5853614807129,15889.209316887724,1.2752287034781598,34974.9500874714,optimize_single_point_heur,14991.379041912149,150.65858435630798,8944.557768065557,0.7178681190657225,25850.136002248084,optimize_single_point_heur,9883.414988656517,98.34424996376038
2026-03-12 18:13:46,config_resnet_comm_area_0.7_hw_0.1_seed_1,inputs/task_graph_topology/soda-benchmark-graphs/pytorch-graphs/rez_net_tosa.dot,362,0.1,0.5,1.0,0.7,42,1876.8712304770884,20695.777558494166,11.026743456040634,20695.777558494166,None,7879.012729836811,0.0,16626.423725794535,8.858585211287089,29587.764250579345,optimize_random_heur,15387.936926865217,10.060658693313599,10728.974115284678,5.716414605895708,23759.696974215047,optimize_swarm_heur,10449.263239160255,8352.305494308472,10154.275919271797,5.4102144858870505,23993.025571961985,optimize_random_heur,9685.210749477621,5247.822470903397,16101.126584280975,8.578706052299696,31436.16009471112,optimize_single_point_heur,13912.283109423348,17.245966911315918,16639.00294266077,8.86528743819641,31020.029698999242,optimize_single_point_heur,13885.017400181787,17.556939840316772,16441.548608893016,8.76008345266909,30186.635422910338,optimize_single_point_heur,14758.66020446981,183.84131455421448,12162.320750233725,6.480103990481085,26604.890285963604,optimize_single_point_heur,10428.688690846877,161.25310707092285,12014.758418716963,6.401482543724052,25551.628955315045,optimize_single_point_heur,10608.73615260649,159.9074854850769,6205.102113127082,3.3060883519162823,16299.712325085184,optimize_single_point_heur,6414.457878235568,111.4655373096466
2026-03-12 18:13:54,config_resnet_comm_area_0.7_hw_0.9_seed_1,inputs/task_graph_topology/soda-benchmark-graphs/pytorch-graphs/rez_net_tosa.dot,362,0.9,0.5,1.0,0.7,42,14476.759981256146,34435.97424728404,2.378707272336502,34435.97424728404,None,15459.708042985432,0.0,18496.710503963615,1.277683026306461,18496.710503963615,optimize_random_heur,18496.71050396363,8.672710180282593,15133.18591170961,1.0453434284538374,33771.41017309432,optimize_swarm_heur,14572.591472247057,7875.174831628799,14643.240381983322,1.0114998384267424,33239.55380343982,optimize_random_heur,13685.904349338067,4729.1579966545105,18496.710503963615,1.277683026306461,18496.710503963615,optimize_single_point_heur,18496.71050396363,15.714770793914795,18496.710503963615,1.277683026306461,18496.710503963615,optimize_single_point_heur,18496.71050396363,16.103484392166138,18496.710503963615,1.277683026306461,18496.710503963615,optimize_single_point_heur,18496.71050396363,172.27944993972778,16717.19510725673,1.1547608117355956,37149.89172575647,optimize_single_point_heur,16002.005161474623,150.98216462135315,16940.822263935443,1.1702081326118312,34746.614691664654,optimize_single_point_heur,15601.382018156744,149.57012104988098,9000.441785302168,0.6217165855450759,27700.692464821026,optimize_single_point_heur,9247.41500355707,95.7198326587677
2026-03-12 18:15:18,config_resnet_comm_area_0.7_hw_0.1_seed_0,inputs/task_graph_topology/soda-benchmark-graphs/pytorch-graphs/rez_net_tosa.dot,362,0.1,0.5,1.0,0.7,42,1876.8712304770884,20695.777558494166,11.026743456040634,20695.777558494166,None,7879.012729836811,0.0,16626.423725794535,8.858585211287089,29587.764250579345,optimize_random_heur,15387.936926865217,10.574356317520142,10728.974115284678,5.716414605895708,23759.696974215047,optimize_swarm_heur,10449.263239160255,8632.539491176605,10154.275919271797,5.4102144858870505,23993.025571961985,optimize_random_heur,9685.210749477621,5145.580904483795,16101.126584280975,8.578706052299696,31436.16009471112,optimize_single_point_heur,13912.283109423348,16.756202697753906,16639.00294266077,8.86528743819641,31020.029698999242,optimize_single_point_heur,13885.017400181787,17.361156940460205,16441.548608893016,8.76008345266909,30186.635422910338,optimize_single_point_heur,14758.66020446981,177.56342816352844,12162.320750233725,6.480103990481085,26604.890285963604,optimize_single_point_heur,10428.688690846877,156.9067485332489,12014.758418716963,6.401482543724052,25551.628955315045,optimize_single_point_heur,10608.73615260649,153.79071640968323,6205.102113127082,3.3060883519162823,16299.712325085184,optimize_single_point_heur,6414.457878235568,111.12054085731506
2026-03-12 18:16:17,config_resnet_comm_area_0.9_hw_0.7_seed_2,inputs/task_graph_topology/soda-benchmark-graphs/pytorch-graphs/rez_net_tosa.dot,362,0.7,0.5,1.0,0.9,42,12459.889958209249,21335.557149057477,1.712339131454404,21335.557149057477,None,9472.735801156185,0.0,18496.710503963615,1.4845003098744851,18496.710503963615,optimize_random_heur,18496.71050396363,9.060787439346313,7653.720355203318,0.6142686958612049,19329.91086001012,optimize_swarm_heur,7514.840333001102,7807.683087110519,9059.142903390566,0.7270644390741118,20071.871943409315,optimize_random_heur,7762.458601973277,4189.779793739319,18496.710503963615,1.4845003098744851,18496.710503963615,optimize_single_point_heur,18496.71050396363,14.884162664413452,18496.710503963615,1.4845003098744851,18496.710503963615,optimize_single_point_heur,18496.71050396363,15.212818384170532,18496.710503963615,1.4845003098744851,18496.710503963615,optimize_single_point_heur,18496.71050396363,158.56215739250183,15592.683075557165,1.251430239581198,32821.26603897199,optimize_single_point_heur,14118.287395835892,142.2092797756195,15889.209316887724,1.2752287034781598,34974.9500874714,optimize_single_point_heur,14991.379041912149,143.302916765213,8396.346310592022,0.6738700212243893,23981.100872826024,optimize_single_point_heur,9462.27097591842,96.75159025192261
2026-03-12 18:17:01,config_resnet_comm_area_0.9_hw_0.7_seed_3,inputs/task_graph_topology/soda-benchmark-graphs/pytorch-graphs/rez_net_tosa.dot,362,0.7,0.5,1.0,0.9,42,12459.889958209249,21335.557149057477,1.712339131454404,21335.557149057477,None,9472.735801156185,0.0,18496.710503963615,1.4845003098744851,18496.710503963615,optimize_random_heur,18496.71050396363,9.03450083732605,7653.720355203318,0.6142686958612049,19329.91086001012,optimize_swarm_heur,7514.840333001102,7716.353853464127,9059.142903390566,0.7270644390741118,20071.871943409315,optimize_random_heur,7762.458601973277,4243.196975231171,18496.710503963615,1.4845003098744851,18496.710503963615,optimize_single_point_heur,18496.71050396363,14.959304332733154,18496.710503963615,1.4845003098744851,18496.710503963615,optimize_single_point_heur,18496.71050396363,15.531059980392456,18496.710503963615,1.4845003098744851,18496.710503963615,optimize_single_point_heur,18496.71050396363,165.04442191123962,15592.683075557165,1.251430239581198,32821.26603897199,optimize_single_point_heur,14118.287395835892,142.4020278453827,15889.209316887724,1.2752287034781598,34974.9500874714,optimize_single_point_heur,14991.379041912149,141.47311329841614,8396.346310592022,0.6738700212243893,23981.100872826024,optimize_single_point_heur,9462.27097591842,95.96572947502136
2026-03-12 18:17:01,config_resnet_comm_area_0.9_hw_0.5_seed_2,inputs/task_graph_topology/soda-benchmark-graphs/pytorch-graphs/rez_net_tosa.dot,362,0.5,0.5,1.0,0.9,42,9311.942737816993,14871.98502040613,1.5970872501190425,14871.98502040613,None,6260.566999633739,0.0,18496.710503963615,1.986342809953728,18496.710503963615,optimize_random_heur,18496.71050396363,9.150160074234009,6082.099965086208,0.6531504903252916,17095.554434215563,optimize_swarm_heur,5530.1497314595335,7933.849599123001,7610.895607480453,0.8173262896658106,17476.079052787252,optimize_random_heur,7412.483271777827,4209.632484197617,18322.638763776726,1.9676494239345073,35728.38289194878,optimize_single_point_heur,15655.875341537518,15.086860656738281,18496.710503963615,1.986342809953728,18496.710503963615,optimize_single_point_heur,18496.71050396363,15.37497615814209,18496.710503963615,1.986342809953728,18496.710503963615,optimize_single_point_heur,18496.71050396363,162.91719508171082,14871.319198492758,1.597015748185223,30785.944577778966,optimize_single_point_heur,14255.304053514496,143.7631003856659,14411.61750493983,1.5476488538113968,31476.8914046334,optimize_single_point_heur,13270.556782996673,146.0904631614685,6617.7161570682665,0.710669764988231,18508.320730942403,optimize_single_point_heur,6336.0454168619135,98.15576481819153
2026-03-12 18:17:24,config_resnet_comm_area_0.7_hw_0.3_seed_1,inputs/task_graph_topology/soda-benchmark-graphs/pytorch-graphs/rez_net_tosa.dot,362,0.3,0.5,1.0,0.7,42,5629.515000900963,24136.994087574298,4.287579673153255,24136.994087574298,None,9343.869573768468,0.0,17746.84922560795,3.152465038776466,35279.43248604906,optimize_random_heur,16370.687029041499,9.97195291519165,11600.431449431946,2.0606449130298756,27191.48080877816,optimize_swarm_heur,9549.77384399419,8332.261720657349,11377.898057469441,2.0211151503546025,24266.116427801684,optimize_random_heur,9962.50408852559,5338.467834472656,17201.08282701039,3.055517717646632,33582.22171157487,optimize_single_point_heur,14769.791240819417,17.15569543838501,17753.14928288609,3.1535841506852416,33151.56534495937,optimize_single_point_heur,14732.189965006657,17.273223876953125,17847.982253777056,3.170429824047119,32556.716675729007,optimize_single_point_heur,15990.273150504929,186.0130684375763,13342.422980203177,2.3700839198523886,27824.89339262696,optimize_single_point_heur,11995.813719700896,161.34669876098633,13251.989563919113,2.3540197622349757,25709.05161054812,optimize_single_point_heur,12281.654015323831,159.3901789188385,7605.839151399015,1.351064727633154,20650.101294221935,optimize_single_point_heur,8248.080477236295,115.54327750205994
2026-03-12 18:18:25,config_resnet_comm_area_0.9_hw_0.7_seed_1,inputs/task_graph_topology/soda-benchmark-graphs/pytorch-graphs/rez_net_tosa.dot,362,0.7,0.5,1.0,0.9,42,12459.889958209249,21335.557149057477,1.712339131454404,21335.557149057477,None,9472.735801156185,0.0,18496.710503963615,1.4845003098744851,18496.710503963615,optimize_random_heur,18496.71050396363,8.78229022026062,7653.720355203318,0.6142686958612049,19329.91086001012,optimize_swarm_heur,7514.840333001102,7764.912234067917,9059.142903390566,0.7270644390741118,20071.871943409315,optimize_random_heur,7762.458601973277,4355.761168241501,18496.710503963615,1.4845003098744851,18496.710503963615,optimize_single_point_heur,18496.71050396363,16.021700143814087,18496.710503963615,1.4845003098744851,18496.710503963615,optimize_single_point_heur,18496.71050396363,17.330300331115723,18496.710503963615,1.4845003098744851,18496.710503963615,optimize_single_point_heur,18496.71050396363,172.45233297348022,15592.683075557165,1.251430239581198,32821.26603897199,optimize_single_point_heur,14118.287395835892,153.0552830696106,15889.209316887724,1.2752287034781598,34974.9500874714,optimize_single_point_heur,14991.379041912149,150.7934844493866,8396.346310592022,0.6738700212243893,23981.100872826024,optimize_single_point_heur,9462.27097591842,99.74149131774902
2026-03-12 18:19:31,config_resnet_comm_area_0.7_hw_0.3_seed_2,inputs/task_graph_topology/soda-benchmark-graphs/pytorch-graphs/rez_net_tosa.dot,362,0.3,0.5,1.0,0.7,42,5629.515000900963,24136.994087574298,4.287579673153255,24136.994087574298,None,9343.869573768468,0.0,17746.84922560795,3.152465038776466,35279.43248604906,optimize_random_heur,16370.687029041499,10.176403999328613,11600.431449431946,2.0606449130298756,27191.48080877816,optimize_swarm_heur,9549.77384399419,8335.489825963974,11377.898057469441,2.0211151503546025,24266.116427801684,optimize_random_heur,9962.50408852559,5369.038398742676,17201.08282701039,3.055517717646632,33582.22171157487,optimize_single_point_heur,14769.791240819417,16.96796417236328,17753.14928288609,3.1535841506852416,33151.56534495937,optimize_single_point_heur,14732.189965006657,17.180374145507812,17847.982253777056,3.170429824047119,32556.716675729007,optimize_single_point_heur,15990.273150504929,187.60250663757324,13342.422980203177,2.3700839198523886,27824.89339262696,optimize_single_point_heur,11995.813719700896,159.56473755836487,13251.989563919113,2.3540197622349757,25709.05161054812,optimize_single_point_heur,12281.654015323831,160.94438886642456,7605.839151399015,1.351064727633154,20650.101294221935,optimize_single_point_heur,8248.080477236295,108.46687912940979
2026-03-12 18:24:35,config_resnet_comm_area_0.7_hw_0.5_seed_2,inputs/task_graph_topology/soda-benchmark-graphs/pytorch-graphs/rez_net_tosa.dot,362,0.5,0.5,1.0,0.7,42,9311.942737816993,27806.910889348575,2.9861557005093196,27806.910889348575,None,10581.937429858372,0.0,18496.710503963615,1.986342809953728,18496.710503963615,optimize_random_heur,18496.71050396363,9.708008289337158,13259.973052245958,1.4239749347250072,29532.468250552098,optimize_swarm_heur,12786.013208899989,8528.912970781326,12487.335681920293,1.3410021983068712,28532.794783015474,optimize_random_heur,11221.196640692822,5327.622839450836,18322.638763776726,1.9676494239345073,35728.38289194878,optimize_single_point_heur,15655.875341537518,17.345823526382446,18496.710503963615,1.986342809953728,18496.710503963615,optimize_single_point_heur,18496.71050396363,17.98539710044861,18496.710503963615,1.986342809953728,18496.710503963615,optimize_single_point_heur,18496.71050396363,191.45223784446716,14871.319198492758,1.597015748185223,30785.944577778966,optimize_single_point_heur,14255.304053514496,155.47277212142944,14411.61750493983,1.5476488538113968,31476.8914046334,optimize_single_point_heur,13270.556782996673,149.76135516166687,8038.938480145882,0.86329337566679,22577.94756227683,optimize_single_point_heur,8116.319802802856,110.02073097229004
2026-03-12 18:25:00,config_resnet_comm_area_0.7_hw_0.3_seed_3,inputs/task_graph_topology/soda-benchmark-graphs/pytorch-graphs/rez_net_tosa.dot,362,0.3,0.5,1.0,0.7,42,5629.515000900963,24136.994087574298,4.287579673153255,24136.994087574298,None,9343.869573768468,0.0,17746.84922560795,3.152465038776466,35279.43248604906,optimize_random_heur,16370.687029041499,10.652973175048828,11600.431449431946,2.0606449130298756,27191.48080877816,optimize_swarm_heur,9549.77384399419,8700.535363674164,11377.898057469441,2.0211151503546025,24266.116427801684,optimize_random_heur,9962.50408852559,5248.400704622269,17201.08282701039,3.055517717646632,33582.22171157487,optimize_single_point_heur,14769.791240819417,17.110783338546753,17753.14928288609,3.1535841506852416,33151.56534495937,optimize_single_point_heur,14732.189965006657,16.845762252807617,17847.982253777056,3.170429824047119,32556.716675729007,optimize_single_point_heur,15990.273150504929,184.0493357181549,13342.422980203177,2.3700839198523886,27824.89339262696,optimize_single_point_heur,11995.813719700896,158.23574995994568,13251.989563919113,2.3540197622349757,25709.05161054812,optimize_single_point_heur,12281.654015323831,160.32134747505188,7605.839151399015,1.351064727633154,20650.101294221935,optimize_single_point_heur,8248.080477236295,115.5367956161499
2026-03-12 18:29:09,config_resnet_comm_area_0.7_hw_0.7_seed_1,inputs/task_graph_topology/soda-benchmark-graphs/pytorch-graphs/rez_net_tosa.dot,362,0.7,0.5,1.0,0.7,42,12459.889958209249,30387.426351701426,2.438819801268032,30387.426351701426,None,13248.824127957305,0.0,18496.710503963615,1.4845003098744851,18496.710503963615,optimize_random_heur,18496.71050396363,10.360882043838501,13250.684300030429,1.0634672011128126,31437.506087688635,optimize_swarm_heur,12598.37253404919,8724.643881082535,13226.175291918313,1.0615001686434793,31208.14731295396,optimize_random_heur,13186.492819959041,5208.86413860321,18496.710503963615,1.4845003098744851,18496.710503963615,optimize_single_point_heur,18496.71050396363,16.729239225387573,18496.710503963615,1.4845003098744851,18496.710503963615,optimize_single_point_heur,18496.71050396363,17.38300848007202,18496.710503963615,1.4845003098744851,18496.710503963615,optimize_single_point_heur,18496.71050396363,181.99056434631348,15592.683075557165,1.251430239581198,32821.26603897199,optimize_single_point_heur,14118.287395835892,163.31055688858032,15889.209316887724,1.2752287034781598,34974.9500874714,optimize_single_point_heur,14991.379041912149,151.97345304489136,8944.557768065557,0.7178681190657225,25850.136002248084,optimize_single_point_heur,9883.414988656517,101.75528073310852
2026-03-12 18:29:11,config_resnet_comm_area_0.7_hw_0.7_seed_0,inputs/task_graph_topology/soda-benchmark-graphs/pytorch-graphs/rez_net_tosa.dot,362,0.7,0.5,1.0,0.7,42,12459.889958209249,30387.426351701426,2.438819801268032,30387.426351701426,None,13248.824127957305,0.0,18496.710503963615,1.4845003098744851,18496.710503963615,optimize_random_heur,18496.71050396363,10.604016542434692,13250.684300030429,1.0634672011128126,31437.506087688635,optimize_swarm_heur,12598.37253404919,8724.813774585724,13226.175291918313,1.0615001686434793,31208.14731295396,optimize_random_heur,13186.492819959041,5234.601023674011,18496.710503963615,1.4845003098744851,18496.710503963615,optimize_single_point_heur,18496.71050396363,17.006727933883667,18496.710503963615,1.4845003098744851,18496.710503963615,optimize_single_point_heur,18496.71050396363,17.434929132461548,18496.710503963615,1.4845003098744851,18496.710503963615,optimize_single_point_heur,18496.71050396363,185.38266158103943,15592.683075557165,1.251430239581198,32821.26603897199,optimize_single_point_heur,14118.287395835892,165.69153213500977,15889.209316887724,1.2752287034781598,34974.9500874714,optimize_single_point_heur,14991.379041912149,153.1414258480072,8944.557768065557,0.7178681190657225,25850.136002248084,optimize_single_point_heur,9883.414988656517,102.43760395050049
2026-03-12 18:35:36,config_resnet_comm_area_0.9_hw_0.9_seed_0,inputs/task_graph_topology/soda-benchmark-graphs/pytorch-graphs/rez_net_tosa.dot,362,0.9,0.5,1.0,0.9,42,14476.759981256146,26216.0165438757,1.8109035846293655,26216.0165438757,None,10921.381696028191,0.0,18496.710503963615,1.277683026306461,18496.710503963615,optimize_random_heur,18496.71050396363,9.949151992797852,9249.759764041783,0.6389385315511174,23370.85764988743,optimize_swarm_heur,8940.071702323605,8296.982328653336,10609.248822001317,0.7328469102021234,25085.32495128353,optimize_random_heur,10441.863951249701,4568.6162967681885,18496.710503963615,1.277683026306461,18496.710503963615,optimize_single_point_heur,18496.71050396363,15.90099024772644,18496.710503963615,1.277683026306461,18496.710503963615,optimize_single_point_heur,18496.71050396363,16.140637397766113,18496.710503963615,1.277683026306461,18496.710503963615,optimize_single_point_heur,18496.71050396363,167.91433572769165,16717.19510725673,1.1547608117355956,37149.89172575647,optimize_single_point_heur,16002.005161474623,146.94041800498962,16940.822263935443,1.1702081326118312,34746.614691664654,optimize_single_point_heur,15601.382018156744,146.63735723495483,8908.691151842791,0.6153787976990267,27904.761894780408,optimize_single_point_heur,9313.124485454322,101.36228656768799
2026-03-12 20:21:33,config_resnet_comm_area_0.9_hw_0.9_seed_3,inputs/task_graph_topology/soda-benchmark-graphs/pytorch-graphs/rez_net_tosa.dot,362,0.9,0.5,1.0,0.9,42,14476.759981256146,26216.0165438757,1.8109035846293655,26216.0165438757,None,10921.381696028191,0.0,18496.710503963615,1.277683026306461,18496.710503963615,optimize_random_heur,18496.71050396363,8.822929859161377,9249.759764041783,0.6389385315511174,23370.85764988743,optimize_swarm_heur,8940.071702323605,7529.377142906189,10609.248822001317,0.7328469102021234,25085.32495128353,optimize_random_heur,10441.863951249701,4223.79128241539,18496.710503963615,1.277683026306461,18496.710503963615,optimize_single_point_heur,18496.71050396363,15.837645530700684,18496.710503963615,1.277683026306461,18496.710503963615,optimize_single_point_heur,18496.71050396363,16.317723274230957,18496.710503963615,1.277683026306461,18496.710503963615,optimize_single_point_heur,18496.71050396363,176.03113842010498,16717.19510725673,1.1547608117355956,37149.89172575647,optimize_single_point_heur,16002.005161474623,149.3702929019928,16940.822263935443,1.1702081326118312,34746.614691664654,optimize_single_point_heur,15601.382018156744,149.94332909584045,8908.691151842791,0.6153787976990267,27904.761894780408,optimize_single_point_heur,9313.124485454322,105.78582549095154
2026-03-12 20:22:46,config_resnet_comm_area_0.9_hw_0.9_seed_1,inputs/task_graph_topology/soda-benchmark-graphs/pytorch-graphs/rez_net_tosa.dot,362,0.9,0.5,1.0,0.9,42,14476.759981256146,26216.0165438757,1.8109035846293655,26216.0165438757,None,10921.381696028191,0.0,18496.710503963615,1.277683026306461,18496.710503963615,optimize_random_heur,18496.71050396363,8.549172401428223,9249.759764041783,0.6389385315511174,23370.85764988743,optimize_swarm_heur,8940.071702323605,7592.920981168747,10609.248822001317,0.7328469102021234,25085.32495128353,optimize_random_heur,10441.863951249701,4239.531265258789,18496.710503963615,1.277683026306461,18496.710503963615,optimize_single_point_heur,18496.71050396363,15.847387790679932,18496.710503963615,1.277683026306461,18496.710503963615,optimize_single_point_heur,18496.71050396363,16.200886964797974,18496.710503963615,1.277683026306461,18496.710503963615,optimize_single_point_heur,18496.71050396363,175.08725690841675,16717.19510725673,1.1547608117355956,37149.89172575647,optimize_single_point_heur,16002.005161474623,150.22515296936035,16940.822263935443,1.1702081326118312,34746.614691664654,optimize_single_point_heur,15601.382018156744,150.32069396972656,8908.691151842791,0.6153787976990267,27904.761894780408,optimize_single_point_heur,9313.124485454322,103.43035745620728
2026-03-12 20:24:23,config_resnet_comm_area_0.9_hw_0.9_seed_2,inputs/task_graph_topology/soda-benchmark-graphs/pytorch-graphs/rez_net_tosa.dot,362,0.9,0.5,1.0,0.9,42,14476.759981256146,26216.0165438757,1.8109035846293655,26216.0165438757,None,10921.381696028191,0.0,18496.710503963615,1.277683026306461,18496.710503963615,optimize_random_heur,18496.71050396363,8.548732042312622,9249.759764041783,0.6389385315511174,23370.85764988743,optimize_swarm_heur,8940.071702323605,7652.490900278091,10609.248822001317,0.7328469102021234,25085.32495128353,optimize_random_heur,10441.863951249701,4275.8748869895935,18496.710503963615,1.277683026306461,18496.710503963615,optimize_single_point_heur,18496.71050396363,15.730607986450195,18496.710503963615,1.277683026306461,18496.710503963615,optimize_single_point_heur,18496.71050396363,16.1465585231781,18496.710503963615,1.277683026306461,18496.710503963615,optimize_single_point_heur,18496.71050396363,173.43348622322083,16717.19510725673,1.1547608117355956,37149.89172575647,optimize_single_point_heur,16002.005161474623,152.46727633476257,16940.822263935443,1.1702081326118312,34746.614691664654,optimize_single_point_heur,15601.382018156744,152.4592683315277,8908.691151842791,0.6153787976990267,27904.761894780408,optimize_single_point_heur,9313.124485454322,102.58737230300903
2026-04-10 04:30:58,config_resnet_comm_area_0.1_hw_0.1_seed_0,inputs/task_graph_topology/soda-benchmark-graphs/pytorch-graphs/rez_net_tosa.dot,362,0.1,0.5,1.0,0.1,42,1876.8712304770884,30594.28405324899,16.300683582577012,30594.28405324899,None,16202.945647811632,0.0,18496.710503963615,9.855077004543286,18496.710503963615,optimize_random_heur,18496.71050396363,0.2600524425506592,18496.710503963615,9.855077004543286,18496.710503963615,optimize_swarm_heur,18496.71050396363,187.78463506698608,18496.710503963615,9.855077004543286,18496.710503963615,optimize_random_heur,18496.71050396363,1491.4676933288574,18496.710503963615,9.855077004543286,18496.710503963615,optimize_single_point_heur,18496.71050396363,0.12793517112731934,18496.710503963615,9.855077004543286,18496.710503963615,optimize_single_point_heur,18496.71050396363,0.12300920486450195,18496.710503963615,9.855077004543286,18496.710503963615,optimize_single_point_heur,18496.71050396363,1.3661246299743652,18496.710503963615,9.855077004543286,18496.710503963615,optimize_single_point_heur,18496.71050396363,6.845563888549805,18496.710503963615,9.855077004543286,18496.710503963615,optimize_single_point_heur,18496.71050396363,6.765862703323364,18496.710503963615,9.855077004543286,18496.710503963615,optimize_single_point_heur,18496.71050396363,3.1748337745666504
2026-04-10 04:31:47,config_resnet_comm_area_0.1_hw_0.1_seed_1,inputs/task_graph_topology/soda-benchmark-graphs/pytorch-graphs/rez_net_tosa.dot,362,0.1,0.5,1.0,0.1,42,1876.8712304770884,30594.28405324899,16.300683582577012,30594.28405324899,None,16202.945647811632,0.0,18496.710503963615,9.855077004543286,18496.710503963615,optimize_random_heur,18496.71050396363,0.2738029956817627,18496.710503963615,9.855077004543286,18496.710503963615,optimize_swarm_heur,18496.71050396363,185.8597948551178,18496.710503963615,9.855077004543286,18496.710503963615,optimize_random_heur,18496.71050396363,1541.5967364311218,18496.710503963615,9.855077004543286,18496.710503963615,optimize_single_point_heur,18496.71050396363,0.12937092781066895,18496.710503963615,9.855077004543286,18496.710503963615,optimize_single_point_heur,18496.71050396363,0.12233376502990723,18496.710503963615,9.855077004543286,18496.710503963615,optimize_single_point_heur,18496.71050396363,1.404310941696167,18496.710503963615,9.855077004543286,18496.710503963615,optimize_single_point_heur,18496.71050396363,7.015995979309082,18496.710503963615,9.855077004543286,18496.710503963615,optimize_single_point_heur,18496.71050396363,6.900707721710205,18496.710503963615,9.855077004543286,18496.710503963615,optimize_single_point_heur,18496.71050396363,3.22213077545166
2026-04-10 04:32:45,config_resnet_comm_area_0.1_hw_0.1_seed_2,inputs/task_graph_topology/soda-benchmark-graphs/pytorch-graphs/rez_net_tosa.dot,362,0.1,0.5,1.0,0.1,42,1876.8712304770884,30594.28405324899,16.300683582577012,30594.28405324899,None,16202.945647811632,0.0,18496.710503963615,9.855077004543286,18496.710503963615,optimize_random_heur,18496.71050396363,0.2655179500579834,18496.710503963615,9.855077004543286,18496.710503963615,optimize_swarm_heur,18496.71050396363,191.05586767196655,18496.710503963615,9.855077004543286,18496.710503963615,optimize_random_heur,18496.71050396363,1488.7801790237427,18496.710503963615,9.855077004543286,18496.710503963615,optimize_single_point_heur,18496.71050396363,0.13079524040222168,18496.710503963615,9.855077004543286,18496.710503963615,optimize_single_point_heur,18496.71050396363,0.12440228462219238,18496.710503963615,9.855077004543286,18496.710503963615,optimize_single_point_heur,18496.71050396363,1.366353988647461,18496.710503963615,9.855077004543286,18496.710503963615,optimize_single_point_heur,18496.71050396363,6.941662073135376,18496.710503963615,9.855077004543286,18496.710503963615,optimize_single_point_heur,18496.71050396363,6.7757556438446045,18496.710503963615,9.855077004543286,18496.710503963615,optimize_single_point_heur,18496.71050396363,3.07291316986084
2026-04-10 04:36:43,config_resnet_comm_area_0.1_hw_0.1_seed_3,inputs/task_graph_topology/soda-benchmark-graphs/pytorch-graphs/rez_net_tosa.dot,362,0.1,0.5,1.0,0.1,42,1876.8712304770884,30594.28405324899,16.300683582577012,30594.28405324899,None,16202.945647811632,0.0,18496.710503963615,9.855077004543286,18496.710503963615,optimize_random_heur,18496.71050396363,0.2718825340270996,18496.710503963615,9.855077004543286,18496.710503963615,optimize_swarm_heur,18496.71050396363,203.70745706558228,18496.710503963615,9.855077004543286,18496.710503963615,optimize_random_heur,18496.71050396363,1538.979036808014,18496.710503963615,9.855077004543286,18496.710503963615,optimize_single_point_heur,18496.71050396363,0.13579130172729492,18496.710503963615,9.855077004543286,18496.710503963615,optimize_single_point_heur,18496.71050396363,0.12934565544128418,18496.710503963615,9.855077004543286,18496.710503963615,optimize_single_point_heur,18496.71050396363,1.4713082313537598,18496.710503963615,9.855077004543286,18496.710503963615,optimize_single_point_heur,18496.71050396363,7.178337812423706,18496.710503963615,9.855077004543286,18496.710503963615,optimize_single_point_heur,18496.71050396363,7.056532621383667,18496.710503963615,9.855077004543286,18496.710503963615,optimize_single_point_heur,18496.71050396363,3.2424347400665283
2026-04-10 04:38:32,config_resnet_comm_area_0.1_hw_0.3_seed_0,inputs/task_graph_topology/soda-benchmark-graphs/pytorch-graphs/rez_net_tosa.dot,362,0.3,0.5,1.0,0.1,42,5629.515000900963,30835.508131350318,5.477471527549943,30835.508131350318,None,16271.662241678145,0.0,18496.710503963615,3.285666793854062,18496.710503963615,optimize_random_heur,18496.71050396363,0.276630163192749,18496.710503963615,3.285666793854062,18496.710503963615,optimize_swarm_heur,18496.71050396363,200.4814338684082,18496.710503963615,3.285666793854062,18496.710503963615,optimize_random_heur,18496.71050396363,1522.1375813484192,18496.710503963615,3.285666793854062,18496.710503963615,optimize_single_point_heur,18496.71050396363,0.13424086570739746,18496.710503963615,3.285666793854062,18496.710503963615,optimize_single_point_heur,18496.71050396363,0.12847161293029785,18496.710503963615,3.285666793854062,18496.710503963615,optimize_single_point_heur,18496.71050396363,1.4533822536468506,18496.710503963615,3.285666793854062,18496.710503963615,optimize_single_point_heur,18496.71050396363,7.108844757080078,18496.710503963615,3.285666793854062,18496.710503963615,optimize_single_point_heur,18496.71050396363,6.997617959976196,18496.710503963615,3.285666793854062,18496.710503963615,optimize_single_point_heur,18496.71050396363,3.247654676437378
2026-04-10 04:38:54,config_resnet_comm_area_0.1_hw_0.3_seed_1,inputs/task_graph_topology/soda-benchmark-graphs/pytorch-graphs/rez_net_tosa.dot,362,0.3,0.5,1.0,0.1,42,5629.515000900963,30835.508131350318,5.477471527549943,30835.508131350318,None,16271.662241678145,0.0,18496.710503963615,3.285666793854062,18496.710503963615,optimize_random_heur,18496.71050396363,0.26380014419555664,18496.710503963615,3.285666793854062,18496.710503963615,optimize_swarm_heur,18496.71050396363,189.58264780044556,18496.710503963615,3.285666793854062,18496.710503963615,optimize_random_heur,18496.71050396363,1492.384952545166,18496.710503963615,3.285666793854062,18496.710503963615,optimize_single_point_heur,18496.71050396363,0.13056325912475586,18496.710503963615,3.285666793854062,18496.710503963615,optimize_single_point_heur,18496.71050396363,0.1266317367553711,18496.710503963615,3.285666793854062,18496.710503963615,optimize_single_point_heur,18496.71050396363,1.3952417373657227,18496.710503963615,3.285666793854062,18496.710503963615,optimize_single_point_heur,18496.71050396363,6.921975135803223,18496.710503963615,3.285666793854062,18496.710503963615,optimize_single_point_heur,18496.71050396363,6.824156761169434,18496.710503963615,3.285666793854062,18496.710503963615,optimize_single_point_heur,18496.71050396363,3.096207618713379
2026-04-10 04:39:16,config_resnet_comm_area_0.1_hw_0.3_seed_3,inputs/task_graph_topology/soda-benchmark-graphs/pytorch-graphs/rez_net_tosa.dot,362,0.3,0.5,1.0,0.1,42,5629.515000900963,30835.508131350318,5.477471527549943,30835.508131350318,None,16271.662241678145,0.0,18496.710503963615,3.285666793854062,18496.710503963615,optimize_random_heur,18496.71050396363,0.2644796371459961,18496.710503963615,3.285666793854062,18496.710503963615,optimize_swarm_heur,18496.71050396363,190.36834383010864,18496.710503963615,3.285666793854062,18496.710503963615,optimize_random_heur,18496.71050396363,1465.242297410965,18496.710503963615,3.285666793854062,18496.710503963615,optimize_single_point_heur,18496.71050396363,0.13010573387145996,18496.710503963615,3.285666793854062,18496.710503963615,optimize_single_point_heur,18496.71050396363,0.12494134902954102,18496.710503963615,3.285666793854062,18496.710503963615,optimize_single_point_heur,18496.71050396363,1.3962092399597168,18496.710503963615,3.285666793854062,18496.710503963615,optimize_single_point_heur,18496.71050396363,6.977823972702026,18496.710503963615,3.285666793854062,18496.710503963615,optimize_single_point_heur,18496.71050396363,6.920185089111328,18496.710503963615,3.285666793854062,18496.710503963615,optimize_single_point_heur,18496.71050396363,3.0876071453094482
2026-04-10 04:40:31,config_resnet_comm_area_0.1_hw_0.5_seed_1,inputs/task_graph_topology/soda-benchmark-graphs/pytorch-graphs/rez_net_tosa.dot,362,0.5,0.5,1.0,0.1,42,9311.942737816993,30778.248632303465,3.3052446196118725,30778.248632303465,None,17518.601204738097,0.0,18496.710503963615,1.986342809953728,18496.710503963615,optimize_random_heur,18496.71050396363,0.2683534622192383,18496.710503963615,1.986342809953728,18496.710503963615,optimize_swarm_heur,18496.71050396363,192.55654311180115,18496.710503963615,1.986342809953728,18496.710503963615,optimize_random_heur,18496.71050396363,1478.1653864383698,18496.710503963615,1.986342809953728,18496.710503963615,optimize_single_point_heur,18496.71050396363,0.13045287132263184,18496.710503963615,1.986342809953728,18496.710503963615,optimize_single_point_heur,18496.71050396363,0.12481331825256348,18496.710503963615,1.986342809953728,18496.710503963615,optimize_single_point_heur,18496.71050396363,1.3925914764404297,18496.710503963615,1.986342809953728,18496.710503963615,optimize_single_point_heur,18496.71050396363,7.046079635620117,18496.710503963615,1.986342809953728,18496.710503963615,optimize_single_point_heur,18496.71050396363,6.956562519073486,18496.710503963615,1.986342809953728,18496.710503963615,optimize_single_point_heur,18496.71050396363,3.0626955032348633
2026-04-10 04:40:48,config_resnet_comm_area_0.1_hw_0.3_seed_2,inputs/task_graph_topology/soda-benchmark-graphs/pytorch-graphs/rez_net_tosa.dot,362,0.3,0.5,1.0,0.1,42,5629.515000900963,30835.508131350318,5.477471527549943,30835.508131350318,None,16271.662241678145,0.0,18496.710503963615,3.285666793854062,18496.710503963615,optimize_random_heur,18496.71050396363,0.2898252010345459,18496.710503963615,3.285666793854062,18496.710503963615,optimize_swarm_heur,18496.71050396363,206.10401844978333,18496.710503963615,3.285666793854062,18496.710503963615,optimize_random_heur,18496.71050396363,1587.012034893036,18496.710503963615,3.285666793854062,18496.710503963615,optimize_single_point_heur,18496.71050396363,0.13848400115966797,18496.710503963615,3.285666793854062,18496.710503963615,optimize_single_point_heur,18496.71050396363,0.132035493850708,18496.710503963615,3.285666793854062,18496.710503963615,optimize_single_point_heur,18496.71050396363,1.5205717086791992,18496.710503963615,3.285666793854062,18496.710503963615,optimize_single_point_heur,18496.71050396363,7.441856861114502,18496.710503963615,3.285666793854062,18496.710503963615,optimize_single_point_heur,18496.71050396363,7.342556953430176,18496.710503963615,3.285666793854062,18496.710503963615,optimize_single_point_heur,18496.71050396363,3.4439802169799805
2026-04-10 04:41:55,config_resnet_comm_area_0.1_hw_0.5_seed_0,inputs/task_graph_topology/soda-benchmark-graphs/pytorch-graphs/rez_net_tosa.dot,362,0.5,0.5,1.0,0.1,42,9311.942737816993,30778.248632303465,3.3052446196118725,30778.248632303465,None,17518.601204738097,0.0,18496.710503963615,1.986342809953728,18496.710503963615,optimize_random_heur,18496.71050396363,0.2792239189147949,18496.710503963615,1.986342809953728,18496.710503963615,optimize_swarm_heur,18496.71050396363,206.91249704360962,18496.710503963615,1.986342809953728,18496.710503963615,optimize_random_heur,18496.71050396363,1556.6516528129578,18496.710503963615,1.986342809953728,18496.710503963615,optimize_single_point_heur,18496.71050396363,0.13856744766235352,18496.710503963615,1.986342809953728,18496.710503963615,optimize_single_point_heur,18496.71050396363,0.13232684135437012,18496.710503963615,1.986342809953728,18496.710503963615,optimize_single_point_heur,18496.71050396363,1.494217872619629,18496.710503963615,1.986342809953728,18496.710503963615,optimize_single_point_heur,18496.71050396363,7.315184593200684,18496.710503963615,1.986342809953728,18496.710503963615,optimize_single_point_heur,18496.71050396363,7.184973239898682,18496.710503963615,1.986342809953728,18496.710503963615,optimize_single_point_heur,18496.71050396363,3.3583240509033203
2026-04-10 04:42:32,config_resnet_comm_area_0.1_hw_0.5_seed_2,inputs/task_graph_topology/soda-benchmark-graphs/pytorch-graphs/rez_net_tosa.dot,362,0.5,0.5,1.0,0.1,42,9311.942737816993,30778.248632303465,3.3052446196118725,30778.248632303465,None,17518.601204738097,0.0,18496.710503963615,1.986342809953728,18496.710503963615,optimize_random_heur,18496.71050396363,0.279818058013916,18496.710503963615,1.986342809953728,18496.710503963615,optimize_swarm_heur,18496.71050396363,200.37056946754456,18496.710503963615,1.986342809953728,18496.710503963615,optimize_random_heur,18496.71050396363,1529.3348820209503,18496.710503963615,1.986342809953728,18496.710503963615,optimize_single_point_heur,18496.71050396363,0.13713693618774414,18496.710503963615,1.986342809953728,18496.710503963615,optimize_single_point_heur,18496.71050396363,0.12705302238464355,18496.710503963615,1.986342809953728,18496.710503963615,optimize_single_point_heur,18496.71050396363,1.4729816913604736,18496.710503963615,1.986342809953728,18496.710503963615,optimize_single_point_heur,18496.71050396363,7.28497838973999,18496.710503963615,1.986342809953728,18496.710503963615,optimize_single_point_heur,18496.71050396363,7.217695474624634,18496.710503963615,1.986342809953728,18496.710503963615,optimize_single_point_heur,18496.71050396363,3.166206121444702
2026-04-10 04:44:43,config_resnet_comm_area_0.1_hw_0.5_seed_3,inputs/task_graph_topology/soda-benchmark-graphs/pytorch-graphs/rez_net_tosa.dot,362,0.5,0.5,1.0,0.1,42,9311.942737816993,30778.248632303465,3.3052446196118725,30778.248632303465,None,17518.601204738097,0.0,18496.710503963615,1.986342809953728,18496.710503963615,optimize_random_heur,18496.71050396363,0.307218074798584,18496.710503963615,1.986342809953728,18496.710503963615,optimize_swarm_heur,18496.71050396363,208.42579746246338,18496.710503963615,1.986342809953728,18496.710503963615,optimize_random_heur,18496.71050396363,1590.0760407447815,18496.710503963615,1.986342809953728,18496.710503963615,optimize_single_point_heur,18496.71050396363,0.14738035202026367,18496.710503963615,1.986342809953728,18496.710503963615,optimize_single_point_heur,18496.71050396363,0.14022088050842285,18496.710503963615,1.986342809953728,18496.710503963615,optimize_single_point_heur,18496.71050396363,1.5115501880645752,18496.710503963615,1.986342809953728,18496.710503963615,optimize_single_point_heur,18496.71050396363,7.795005559921265,18496.710503963615,1.986342809953728,18496.710503963615,optimize_single_point_heur,18496.71050396363,7.743258953094482,18496.710503963615,1.986342809953728,18496.710503963615,optimize_single_point_heur,18496.71050396363,3.5655174255371094
2026-04-10 04:45:55,config_resnet_comm_area_0.1_hw_0.7_seed_0,inputs/task_graph_topology/soda-benchmark-graphs/pytorch-graphs/rez_net_tosa.dot,362,0.7,0.5,1.0,0.1,42,12459.889958209249,29220.939136421268,2.34520041785513,29220.939136421268,None,17838.26283700595,0.0,18496.710503963615,1.4845003098744851,18496.710503963615,optimize_random_heur,18496.71050396363,0.2987101078033447,18496.710503963615,1.4845003098744851,18496.710503963615,optimize_swarm_heur,18496.71050396363,201.1906397342682,18496.710503963615,1.4845003098744851,18496.710503963615,optimize_random_heur,18496.71050396363,1618.8536653518677,18496.710503963615,1.4845003098744851,18496.710503963615,optimize_single_point_heur,18496.71050396363,0.13596749305725098,18496.710503963615,1.4845003098744851,18496.710503963615,optimize_single_point_heur,18496.71050396363,0.12654447555541992,18496.710503963615,1.4845003098744851,18496.710503963615,optimize_single_point_heur,18496.71050396363,1.4713351726531982,18496.710503963615,1.4845003098744851,18496.710503963615,optimize_single_point_heur,18496.71050396363,7.4145214557647705,18496.710503963615,1.4845003098744851,18496.710503963615,optimize_single_point_heur,18496.71050396363,7.3071324825286865,18496.710503963615,1.4845003098744851,18496.710503963615,optimize_single_point_heur,18496.71050396363,3.3259832859039307
2026-04-10 04:47:21,config_resnet_comm_area_0.1_hw_0.7_seed_2,inputs/task_graph_topology/soda-benchmark-graphs/pytorch-graphs/rez_net_tosa.dot,362,0.7,0.5,1.0,0.1,42,12459.889958209249,29220.939136421268,2.34520041785513,29220.939136421268,None,17838.26283700595,0.0,18496.710503963615,1.4845003098744851,18496.710503963615,optimize_random_heur,18496.71050396363,0.30295515060424805,18496.710503963615,1.4845003098744851,18496.710503963615,optimize_swarm_heur,18496.71050396363,191.26458978652954,18496.710503963615,1.4845003098744851,18496.710503963615,optimize_random_heur,18496.71050396363,1581.719680070877,18496.710503963615,1.4845003098744851,18496.710503963615,optimize_single_point_heur,18496.71050396363,0.1307835578918457,18496.710503963615,1.4845003098744851,18496.710503963615,optimize_single_point_heur,18496.71050396363,0.12195181846618652,18496.710503963615,1.4845003098744851,18496.710503963615,optimize_single_point_heur,18496.71050396363,1.4271259307861328,18496.710503963615,1.4845003098744851,18496.710503963615,optimize_single_point_heur,18496.71050396363,7.079611301422119,18496.710503963615,1.4845003098744851,18496.710503963615,optimize_single_point_heur,18496.71050396363,7.02040433883667,18496.710503963615,1.4845003098744851,18496.710503963615,optimize_single_point_heur,18496.71050396363,3.2406365871429443
2026-04-10 04:47:53,config_resnet_comm_area_0.1_hw_0.7_seed_1,inputs/task_graph_topology/soda-benchmark-graphs/pytorch-graphs/rez_net_tosa.dot,362,0.7,0.5,1.0,0.1,42,12459.889958209249,29220.939136421268,2.34520041785513,29220.939136421268,None,17838.26283700595,0.0,18496.710503963615,1.4845003098744851,18496.710503963615,optimize_random_heur,18496.71050396363,0.29831409454345703,18496.710503963615,1.4845003098744851,18496.710503963615,optimize_swarm_heur,18496.71050396363,203.27468013763428,18496.710503963615,1.4845003098744851,18496.710503963615,optimize_random_heur,18496.71050396363,1703.6912167072296,18496.710503963615,1.4845003098744851,18496.710503963615,optimize_single_point_heur,18496.71050396363,0.1399080753326416,18496.710503963615,1.4845003098744851,18496.710503963615,optimize_single_point_heur,18496.71050396363,0.13122177124023438,18496.710503963615,1.4845003098744851,18496.710503963615,optimize_single_point_heur,18496.71050396363,1.5081684589385986,18496.710503963615,1.4845003098744851,18496.710503963615,optimize_single_point_heur,18496.71050396363,7.344670057296753,18496.710503963615,1.4845003098744851,18496.710503963615,optimize_single_point_heur,18496.71050396363,7.1865339279174805,18496.710503963615,1.4845003098744851,18496.710503963615,optimize_single_point_heur,18496.71050396363,3.3944993019104004
2026-04-10 04:51:26,config_resnet_comm_area_0.1_hw_0.7_seed_3,inputs/task_graph_topology/soda-benchmark-graphs/pytorch-graphs/rez_net_tosa.dot,362,0.7,0.5,1.0,0.1,42,12459.889958209249,29220.939136421268,2.34520041785513,29220.939136421268,None,17838.26283700595,0.0,18496.710503963615,1.4845003098744851,18496.710503963615,optimize_random_heur,18496.71050396363,0.32433557510375977,18496.710503963615,1.4845003098744851,18496.710503963615,optimize_swarm_heur,18496.71050396363,218.4227819442749,18496.710503963615,1.4845003098744851,18496.710503963615,optimize_random_heur,18496.71050396363,1697.106648683548,18496.710503963615,1.4845003098744851,18496.710503963615,optimize_single_point_heur,18496.71050396363,0.14641737937927246,18496.710503963615,1.4845003098744851,18496.710503963615,optimize_single_point_heur,18496.71050396363,0.14095020294189453,18496.710503963615,1.4845003098744851,18496.710503963615,optimize_single_point_heur,18496.71050396363,1.5618088245391846,18496.710503963615,1.4845003098744851,18496.710503963615,optimize_single_point_heur,18496.71050396363,7.918705940246582,18496.710503963615,1.4845003098744851,18496.710503963615,optimize_single_point_heur,18496.71050396363,7.852059841156006,18496.710503963615,1.4845003098744851,18496.710503963615,optimize_single_point_heur,18496.71050396363,3.421112298965454
2026-04-10 04:53:22,config_resnet_comm_area_0.1_hw_0.9_seed_1,inputs/task_graph_topology/soda-benchmark-graphs/pytorch-graphs/rez_net_tosa.dot,362,0.9,0.5,1.0,0.1,42,14476.759981256146,27985.767379952402,1.9331513001657215,27985.767379952402,None,17604.860229538426,0.0,18496.710503963615,1.277683026306461,18496.710503963615,optimize_random_heur,18496.71050396363,0.28420138359069824,18496.710503963615,1.277683026306461,18496.710503963615,optimize_swarm_heur,18496.71050396363,206.3632926940918,18496.710503963615,1.277683026306461,18496.710503963615,optimize_random_heur,18496.71050396363,1602.615082502365,18496.710503963615,1.277683026306461,18496.710503963615,optimize_single_point_heur,18496.71050396363,0.14002156257629395,18496.710503963615,1.277683026306461,18496.710503963615,optimize_single_point_heur,18496.71050396363,0.14253664016723633,18496.710503963615,1.277683026306461,18496.710503963615,optimize_single_point_heur,18496.71050396363,1.5192337036132812,18496.710503963615,1.277683026306461,18496.710503963615,optimize_single_point_heur,18496.71050396363,7.54000186920166,18496.710503963615,1.277683026306461,18496.710503963615,optimize_single_point_heur,18496.71050396363,7.5139312744140625,18496.710503963615,1.277683026306461,18496.710503963615,optimize_single_point_heur,18496.71050396363,3.394942283630371
2026-04-10 04:54:50,config_resnet_comm_area_0.1_hw_0.9_seed_0,inputs/task_graph_topology/soda-benchmark-graphs/pytorch-graphs/rez_net_tosa.dot,362,0.9,0.5,1.0,0.1,42,14476.759981256146,27985.767379952402,1.9331513001657215,27985.767379952402,None,17604.860229538426,0.0,18496.710503963615,1.277683026306461,18496.710503963615,optimize_random_heur,18496.71050396363,0.303849458694458,18496.710503963615,1.277683026306461,18496.710503963615,optimize_swarm_heur,18496.71050396363,220.52202916145325,18496.710503963615,1.277683026306461,18496.710503963615,optimize_random_heur,18496.71050396363,1706.4181082248688,18496.710503963615,1.277683026306461,18496.710503963615,optimize_single_point_heur,18496.71050396363,0.1473073959350586,18496.710503963615,1.277683026306461,18496.710503963615,optimize_single_point_heur,18496.71050396363,0.13979625701904297,18496.710503963615,1.277683026306461,18496.710503963615,optimize_single_point_heur,18496.71050396363,1.5442986488342285,18496.710503963615,1.277683026306461,18496.710503963615,optimize_single_point_heur,18496.71050396363,7.626662492752075,18496.710503963615,1.277683026306461,18496.710503963615,optimize_single_point_heur,18496.71050396363,7.519695997238159,18496.710503963615,1.277683026306461,18496.710503963615,optimize_single_point_heur,18496.71050396363,3.2934160232543945
2026-04-10 04:59:21,config_resnet_comm_area_0.1_hw_0.9_seed_2,inputs/task_graph_topology/soda-benchmark-graphs/pytorch-graphs/rez_net_tosa.dot,362,0.9,0.5,1.0,0.1,42,14476.759981256146,27985.767379952402,1.9331513001657215,27985.767379952402,None,17604.860229538426,0.0,18496.710503963615,1.277683026306461,18496.710503963615,optimize_random_heur,18496.71050396363,0.26026248931884766,18496.710503963615,1.277683026306461,18496.710503963615,optimize_swarm_heur,18496.71050396363,192.86820459365845,18496.710503963615,1.277683026306461,18496.710503963615,optimize_random_heur,18496.71050396363,1457.2411050796509,18496.710503963615,1.277683026306461,18496.710503963615,optimize_single_point_heur,18496.71050396363,0.13152313232421875,18496.710503963615,1.277683026306461,18496.710503963615,optimize_single_point_heur,18496.71050396363,0.12383031845092773,18496.710503963615,1.277683026306461,18496.710503963615,optimize_single_point_heur,18496.71050396363,1.3807334899902344,18496.710503963615,1.277683026306461,18496.710503963615,optimize_single_point_heur,18496.71050396363,6.8167431354522705,18496.710503963615,1.277683026306461,18496.710503963615,optimize_single_point_heur,18496.71050396363,6.708535432815552,18496.710503963615,1.277683026306461,18496.710503963615,optimize_single_point_heur,18496.71050396363,3.0931556224823
2026-04-10 05:00:12,config_resnet_comm_area_0.1_hw_0.9_seed_3,inputs/task_graph_topology/soda-benchmark-graphs/pytorch-graphs/rez_net_tosa.dot,362,0.9,0.5,1.0,0.1,42,14476.759981256146,27985.767379952402,1.9331513001657215,27985.767379952402,None,17604.860229538426,0.0,18496.710503963615,1.277683026306461,18496.710503963615,optimize_random_heur,18496.71050396363,0.2616755962371826,18496.710503963615,1.277683026306461,18496.710503963615,optimize_swarm_heur,18496.71050396363,186.83095526695251,18496.710503963615,1.277683026306461,18496.710503963615,optimize_random_heur,18496.71050396363,1459.7412276268005,18496.710503963615,1.277683026306461,18496.710503963615,optimize_single_point_heur,18496.71050396363,0.12701821327209473,18496.710503963615,1.277683026306461,18496.710503963615,optimize_single_point_heur,18496.71050396363,0.12082123756408691,18496.710503963615,1.277683026306461,18496.710503963615,optimize_single_point_heur,18496.71050396363,1.3684875965118408,18496.710503963615,1.277683026306461,18496.710503963615,optimize_single_point_heur,18496.71050396363,6.841516733169556,18496.710503963615,1.277683026306461,18496.710503963615,optimize_single_point_heur,18496.71050396363,6.768344402313232,18496.710503963615,1.277683026306461,18496.710503963615,optimize_single_point_heur,18496.71050396363,3.015165090560913
2026-04-10 06:02:13,config_resnet_comm_area_0.3_hw_0.1_seed_0,inputs/task_graph_topology/soda-benchmark-graphs/pytorch-graphs/rez_net_tosa.dot,362,0.1,0.5,1.0,0.3,42,1876.8712304770884,31378.775410438444,16.718661835134082,31378.775410438444,None,14289.160633129684,0.0,18496.710503963615,9.855077004543286,18496.710503963615,optimize_random_heur,18496.71050396363,0.25725841522216797,14726.973602692808,7.846555141105395,26597.03060143319,optimize_swarm_heur,14246.519762946458,3887.0231461524963,18496.710503963615,9.855077004543286,18496.710503963615,optimize_random_heur,18496.71050396363,1428.8571643829346,18496.710503963615,9.855077004543286,18496.710503963615,optimize_single_point_heur,18496.71050396363,0.12476778030395508,18496.710503963615,9.855077004543286,18496.710503963615,optimize_single_point_heur,18496.71050396363,0.11823272705078125,18496.710503963615,9.855077004543286,18496.710503963615,optimize_single_point_heur,18496.71050396363,1.3418614864349365,18496.710503963615,9.855077004543286,18496.710503963615,optimize_single_point_heur,18496.71050396363,6.731513977050781,18496.710503963615,9.855077004543286,18496.710503963615,optimize_single_point_heur,18496.71050396363,6.620035409927368,18496.710503963615,9.855077004543286,18496.710503963615,optimize_single_point_heur,18496.71050396363,2.960444927215576
2026-04-10 06:06:04,config_resnet_comm_area_0.3_hw_0.1_seed_1,inputs/task_graph_topology/soda-benchmark-graphs/pytorch-graphs/rez_net_tosa.dot,362,0.1,0.5,1.0,0.3,42,1876.8712304770884,31378.775410438444,16.718661835134082,31378.775410438444,None,14289.160633129684,0.0,18496.710503963615,9.855077004543286,18496.710503963615,optimize_random_heur,18496.71050396363,0.28386998176574707,14726.973602692808,7.846555141105395,26597.03060143319,optimize_swarm_heur,14246.519762946458,3895.8743607997894,18496.710503963615,9.855077004543286,18496.710503963615,optimize_random_heur,18496.71050396363,1423.9634749889374,18496.710503963615,9.855077004543286,18496.710503963615,optimize_single_point_heur,18496.71050396363,0.12821555137634277,18496.710503963615,9.855077004543286,18496.710503963615,optimize_single_point_heur,18496.71050396363,0.12161707878112793,18496.710503963615,9.855077004543286,18496.710503963615,optimize_single_point_heur,18496.71050396363,1.3692588806152344,18496.710503963615,9.855077004543286,18496.710503963615,optimize_single_point_heur,18496.71050396363,7.136454820632935,18496.710503963615,9.855077004543286,18496.710503963615,optimize_single_point_heur,18496.71050396363,7.074496269226074,18496.710503963615,9.855077004543286,18496.710503963615,optimize_single_point_heur,18496.71050396363,2.916886568069458
2026-04-10 06:07:18,config_resnet_comm_area_0.3_hw_0.1_seed_3,inputs/task_graph_topology/soda-benchmark-graphs/pytorch-graphs/rez_net_tosa.dot,362,0.1,0.5,1.0,0.3,42,1876.8712304770884,31378.775410438444,16.718661835134082,31378.775410438444,None,14289.160633129684,0.0,18496.710503963615,9.855077004543286,18496.710503963615,optimize_random_heur,18496.71050396363,0.25758814811706543,14726.973602692808,7.846555141105395,26597.03060143319,optimize_swarm_heur,14246.519762946458,3928.3454492092133,18496.710503963615,9.855077004543286,18496.710503963615,optimize_random_heur,18496.71050396363,1432.4665939807892,18496.710503963615,9.855077004543286,18496.710503963615,optimize_single_point_heur,18496.71050396363,0.12673330307006836,18496.710503963615,9.855077004543286,18496.710503963615,optimize_single_point_heur,18496.71050396363,0.12054324150085449,18496.710503963615,9.855077004543286,18496.710503963615,optimize_single_point_heur,18496.71050396363,1.3527495861053467,18496.710503963615,9.855077004543286,18496.710503963615,optimize_single_point_heur,18496.71050396363,6.868228435516357,18496.710503963615,9.855077004543286,18496.710503963615,optimize_single_point_heur,18496.71050396363,6.743947505950928,18496.710503963615,9.855077004543286,18496.710503963615,optimize_single_point_heur,18496.71050396363,3.006669044494629
2026-04-10 06:09:37,config_resnet_comm_area_0.3_hw_0.1_seed_2,inputs/task_graph_topology/soda-benchmark-graphs/pytorch-graphs/rez_net_tosa.dot,362,0.1,0.5,1.0,0.3,42,1876.8712304770884,31378.775410438444,16.718661835134082,31378.775410438444,None,14289.160633129684,0.0,18496.710503963615,9.855077004543286,18496.710503963615,optimize_random_heur,18496.71050396363,0.27454066276550293,14726.973602692808,7.846555141105395,26597.03060143319,optimize_swarm_heur,14246.519762946458,4023.4779126644135,18496.710503963615,9.855077004543286,18496.710503963615,optimize_random_heur,18496.71050396363,1508.1421642303467,18496.710503963615,9.855077004543286,18496.710503963615,optimize_single_point_heur,18496.71050396363,0.13403916358947754,18496.710503963615,9.855077004543286,18496.710503963615,optimize_single_point_heur,18496.71050396363,0.12570524215698242,18496.710503963615,9.855077004543286,18496.710503963615,optimize_single_point_heur,18496.71050396363,1.4563782215118408,18496.710503963615,9.855077004543286,18496.710503963615,optimize_single_point_heur,18496.71050396363,7.107100486755371,18496.710503963615,9.855077004543286,18496.710503963615,optimize_single_point_heur,18496.71050396363,6.993441581726074,18496.710503963615,9.855077004543286,18496.710503963615,optimize_single_point_heur,18496.71050396363,3.1865234375
2026-04-10 06:24:57,config_resnet_comm_area_0.3_hw_0.3_seed_2,inputs/task_graph_topology/soda-benchmark-graphs/pytorch-graphs/rez_net_tosa.dot,362,0.3,0.5,1.0,0.3,42,5629.515000900963,35167.262427798014,6.246943550584686,35167.262427798014,None,15932.151430781709,0.0,18496.710503963615,3.285666793854062,18496.710503963615,optimize_random_heur,18496.71050396363,0.2625885009765625,15391.51993802,2.7340756593697146,24097.83099149535,optimize_swarm_heur,15038.218641680685,4867.699610233307,18496.710503963615,3.285666793854062,18496.710503963615,optimize_random_heur,18496.71050396363,1420.9618546962738,18496.710503963615,3.285666793854062,18496.710503963615,optimize_single_point_heur,18496.71050396363,0.12490153312683105,18496.710503963615,3.285666793854062,18496.710503963615,optimize_single_point_heur,18496.71050396363,0.11932563781738281,18496.710503963615,3.285666793854062,18496.710503963615,optimize_single_point_heur,18496.71050396363,1.3378336429595947,18496.710503963615,3.285666793854062,18496.710503963615,optimize_single_point_heur,18496.71050396363,6.72679877281189,18496.710503963615,3.285666793854062,18496.710503963615,optimize_single_point_heur,18496.71050396363,6.651897192001343,18496.710503963615,3.285666793854062,18496.710503963615,optimize_single_point_heur,18496.71050396363,2.926339626312256
2026-04-10 06:25:05,config_resnet_comm_area_0.3_hw_0.3_seed_0,inputs/task_graph_topology/soda-benchmark-graphs/pytorch-graphs/rez_net_tosa.dot,362,0.3,0.5,1.0,0.3,42,5629.515000900963,35167.262427798014,6.246943550584686,35167.262427798014,None,15932.151430781709,0.0,18496.710503963615,3.285666793854062,18496.710503963615,optimize_random_heur,18496.71050396363,0.2727968692779541,15391.51993802,2.7340756593697146,24097.83099149535,optimize_swarm_heur,15038.218641680685,4882.654986143112,18496.710503963615,3.285666793854062,18496.710503963615,optimize_random_heur,18496.71050396363,1446.6925332546234,18496.710503963615,3.285666793854062,18496.710503963615,optimize_single_point_heur,18496.71050396363,0.12617969512939453,18496.710503963615,3.285666793854062,18496.710503963615,optimize_single_point_heur,18496.71050396363,0.11852645874023438,18496.710503963615,3.285666793854062,18496.710503963615,optimize_single_point_heur,18496.71050396363,1.33443284034729,18496.710503963615,3.285666793854062,18496.710503963615,optimize_single_point_heur,18496.71050396363,6.908807754516602,18496.710503963615,3.285666793854062,18496.710503963615,optimize_single_point_heur,18496.71050396363,6.797451496124268,18496.710503963615,3.285666793854062,18496.710503963615,optimize_single_point_heur,18496.71050396363,3.142815351486206
2026-04-10 06:28:05,config_resnet_comm_area_0.3_hw_0.5_seed_3,inputs/task_graph_topology/soda-benchmark-graphs/pytorch-graphs/rez_net_tosa.dot,362,0.5,0.5,1.0,0.3,42,9311.942737816993,34761.444632615894,3.732995961352427,34761.444632615894,None,16006.478586912192,0.0,18496.710503963615,1.986342809953728,18496.710503963615,optimize_random_heur,18496.71050396363,0.2712850570678711,16139.978985595875,1.7332558242706275,26571.263344503473,optimize_swarm_heur,15492.364525388166,4771.599524736404,18496.710503963615,1.986342809953728,18496.710503963615,optimize_random_heur,18496.71050396363,1508.5663175582886,18496.710503963615,1.986342809953728,18496.710503963615,optimize_single_point_heur,18496.71050396363,0.13225460052490234,18496.710503963615,1.986342809953728,18496.710503963615,optimize_single_point_heur,18496.71050396363,0.12485218048095703,18496.710503963615,1.986342809953728,18496.710503963615,optimize_single_point_heur,18496.71050396363,1.444746971130371,18496.710503963615,1.986342809953728,18496.710503963615,optimize_single_point_heur,18496.71050396363,7.276614189147949,18496.710503963615,1.986342809953728,18496.710503963615,optimize_single_point_heur,18496.71050396363,7.1567769050598145,18496.710503963615,1.986342809953728,18496.710503963615,optimize_single_point_heur,18496.71050396363,3.1551058292388916
2026-04-10 06:28:20,config_resnet_comm_area_0.3_hw_0.3_seed_1,inputs/task_graph_topology/soda-benchmark-graphs/pytorch-graphs/rez_net_tosa.dot,362,0.3,0.5,1.0,0.3,42,5629.515000900963,35167.262427798014,6.246943550584686,35167.262427798014,None,15932.151430781709,0.0,18496.710503963615,3.285666793854062,18496.710503963615,optimize_random_heur,18496.71050396363,0.26718878746032715,15391.51993802,2.7340756593697146,24097.83099149535,optimize_swarm_heur,15038.218641680685,5030.388800382614,18496.710503963615,3.285666793854062,18496.710503963615,optimize_random_heur,18496.71050396363,1491.7902150154114,18496.710503963615,3.285666793854062,18496.710503963615,optimize_single_point_heur,18496.71050396363,0.132490873336792,18496.710503963615,3.285666793854062,18496.710503963615,optimize_single_point_heur,18496.71050396363,0.12345671653747559,18496.710503963615,3.285666793854062,18496.710503963615,optimize_single_point_heur,18496.71050396363,1.4300651550292969,18496.710503963615,3.285666793854062,18496.710503963615,optimize_single_point_heur,18496.71050396363,7.192971229553223,18496.710503963615,3.285666793854062,18496.710503963615,optimize_single_point_heur,18496.71050396363,7.090373992919922,18496.710503963615,3.285666793854062,18496.710503963615,optimize_single_point_heur,18496.71050396363,3.1118814945220947
2026-04-10 06:29:46,config_resnet_comm_area_0.3_hw_0.3_seed_3,inputs/task_graph_topology/soda-benchmark-graphs/pytorch-graphs/rez_net_tosa.dot,362,0.3,0.5,1.0,0.3,42,5629.515000900963,35167.262427798014,6.246943550584686,35167.262427798014,None,15932.151430781709,0.0,18496.710503963615,3.285666793854062,18496.710503963615,optimize_random_heur,18496.71050396363,0.2807586193084717,15391.51993802,2.7340756593697146,24097.83099149535,optimize_swarm_heur,15038.218641680685,5017.858373165131,18496.710503963615,3.285666793854062,18496.710503963615,optimize_random_heur,18496.71050396363,1496.9447796344757,18496.710503963615,3.285666793854062,18496.710503963615,optimize_single_point_heur,18496.71050396363,0.12837791442871094,18496.710503963615,3.285666793854062,18496.710503963615,optimize_single_point_heur,18496.71050396363,0.11998939514160156,18496.710503963615,3.285666793854062,18496.710503963615,optimize_single_point_heur,18496.71050396363,1.365159034729004,18496.710503963615,3.285666793854062,18496.710503963615,optimize_single_point_heur,18496.71050396363,6.831993341445923,18496.710503963615,3.285666793854062,18496.710503963615,optimize_single_point_heur,18496.71050396363,6.752035617828369,18496.710503963615,3.285666793854062,18496.710503963615,optimize_single_point_heur,18496.71050396363,2.9687609672546387
2026-04-10 06:30:42,config_resnet_comm_area_0.3_hw_0.5_seed_2,inputs/task_graph_topology/soda-benchmark-graphs/pytorch-graphs/rez_net_tosa.dot,362,0.5,0.5,1.0,0.3,42,9311.942737816993,34761.444632615894,3.732995961352427,34761.444632615894,None,16006.478586912192,0.0,18496.710503963615,1.986342809953728,18496.710503963615,optimize_random_heur,18496.71050396363,0.2846548557281494,16139.978985595875,1.7332558242706275,26571.263344503473,optimize_swarm_heur,15492.364525388166,4908.05979013443,18496.710503963615,1.986342809953728,18496.710503963615,optimize_random_heur,18496.71050396363,1561.0052547454834,18496.710503963615,1.986342809953728,18496.710503963615,optimize_single_point_heur,18496.71050396363,0.13251376152038574,18496.710503963615,1.986342809953728,18496.710503963615,optimize_single_point_heur,18496.71050396363,0.12511372566223145,18496.710503963615,1.986342809953728,18496.710503963615,optimize_single_point_heur,18496.71050396363,1.4642448425292969,18496.710503963615,1.986342809953728,18496.710503963615,optimize_single_point_heur,18496.71050396363,7.3536460399627686,18496.710503963615,1.986342809953728,18496.710503963615,optimize_single_point_heur,18496.71050396363,7.237812757492065,18496.710503963615,1.986342809953728,18496.710503963615,optimize_single_point_heur,18496.71050396363,3.2829790115356445
2026-04-10 06:30:52,config_resnet_comm_area_0.3_hw_0.5_seed_0,inputs/task_graph_topology/soda-benchmark-graphs/pytorch-graphs/rez_net_tosa.dot,362,0.5,0.5,1.0,0.3,42,9311.942737816993,34761.444632615894,3.732995961352427,34761.444632615894,None,16006.478586912192,0.0,18496.710503963615,1.986342809953728,18496.710503963615,optimize_random_heur,18496.71050396363,0.2776484489440918,16139.978985595875,1.7332558242706275,26571.263344503473,optimize_swarm_heur,15492.364525388166,5009.6153383255005,18496.710503963615,1.986342809953728,18496.710503963615,optimize_random_heur,18496.71050396363,1534.332644701004,18496.710503963615,1.986342809953728,18496.710503963615,optimize_single_point_heur,18496.71050396363,0.13396430015563965,18496.710503963615,1.986342809953728,18496.710503963615,optimize_single_point_heur,18496.71050396363,0.12489724159240723,18496.710503963615,1.986342809953728,18496.710503963615,optimize_single_point_heur,18496.71050396363,1.4356610774993896,18496.710503963615,1.986342809953728,18496.710503963615,optimize_single_point_heur,18496.71050396363,7.329206705093384,18496.710503963615,1.986342809953728,18496.710503963615,optimize_single_point_heur,18496.71050396363,7.120392799377441,18496.710503963615,1.986342809953728,18496.710503963615,optimize_single_point_heur,18496.71050396363,3.1319689750671387
2026-04-10 06:31:56,config_resnet_comm_area_0.3_hw_0.5_seed_1,inputs/task_graph_topology/soda-benchmark-graphs/pytorch-graphs/rez_net_tosa.dot,362,0.5,0.5,1.0,0.3,42,9311.942737816993,34761.444632615894,3.732995961352427,34761.444632615894,None,16006.478586912192,0.0,18496.710503963615,1.986342809953728,18496.710503963615,optimize_random_heur,18496.71050396363,0.27887439727783203,16139.978985595875,1.7332558242706275,26571.263344503473,optimize_swarm_heur,15492.364525388166,5015.184443235397,18496.710503963615,1.986342809953728,18496.710503963615,optimize_random_heur,18496.71050396363,1528.0959277153015,18496.710503963615,1.986342809953728,18496.710503963615,optimize_single_point_heur,18496.71050396363,0.13887548446655273,18496.710503963615,1.986342809953728,18496.710503963615,optimize_single_point_heur,18496.71050396363,0.1261138916015625,18496.710503963615,1.986342809953728,18496.710503963615,optimize_single_point_heur,18496.71050396363,1.455751895904541,18496.710503963615,1.986342809953728,18496.710503963615,optimize_single_point_heur,18496.71050396363,7.205474615097046,18496.710503963615,1.986342809953728,18496.710503963615,optimize_single_point_heur,18496.71050396363,7.094992160797119,18496.710503963615,1.986342809953728,18496.710503963615,optimize_single_point_heur,18496.71050396363,3.150583028793335
2026-04-10 06:32:00,config_resnet_comm_area_0.3_hw_0.9_seed_3,inputs/task_graph_topology/soda-benchmark-graphs/pytorch-graphs/rez_net_tosa.dot,362,0.9,0.5,1.0,0.3,42,14476.759981256146,35670.03868636114,2.4639517911842908,35670.03868636114,None,18482.907632920924,0.0,18496.710503963615,1.277683026306461,18496.710503963615,optimize_random_heur,18496.71050396363,0.2579319477081299,16865.345684230266,1.1649944950435562,24567.25052394449,optimize_swarm_heur,16564.94767707875,4668.474065065384,18496.710503963615,1.277683026306461,18496.710503963615,optimize_random_heur,18496.71050396363,1420.1353013515472,18496.710503963615,1.277683026306461,18496.710503963615,optimize_single_point_heur,18496.71050396363,0.12694597244262695,18496.710503963615,1.277683026306461,18496.710503963615,optimize_single_point_heur,18496.71050396363,0.1188662052154541,18496.710503963615,1.277683026306461,18496.710503963615,optimize_single_point_heur,18496.71050396363,1.3435697555541992,18496.710503963615,1.277683026306461,18496.710503963615,optimize_single_point_heur,18496.71050396363,6.822763204574585,18496.710503963615,1.277683026306461,18496.710503963615,optimize_single_point_heur,18496.71050396363,6.713139057159424,18496.710503963615,1.277683026306461,18496.710503963615,optimize_single_point_heur,18496.71050396363,2.9447381496429443
2026-04-10 06:33:28,config_resnet_comm_area_0.3_hw_0.9_seed_2,inputs/task_graph_topology/soda-benchmark-graphs/pytorch-graphs/rez_net_tosa.dot,362,0.9,0.5,1.0,0.3,42,14476.759981256146,35670.03868636114,2.4639517911842908,35670.03868636114,None,18482.907632920924,0.0,18496.710503963615,1.277683026306461,18496.710503963615,optimize_random_heur,18496.71050396363,0.2718660831451416,16865.345684230266,1.1649944950435562,24567.25052394449,optimize_swarm_heur,16564.94767707875,4718.651277542114,18496.710503963615,1.277683026306461,18496.710503963615,optimize_random_heur,18496.71050396363,1457.3516812324524,18496.710503963615,1.277683026306461,18496.710503963615,optimize_single_point_heur,18496.71050396363,0.12679052352905273,18496.710503963615,1.277683026306461,18496.710503963615,optimize_single_point_heur,18496.71050396363,0.11962413787841797,18496.710503963615,1.277683026306461,18496.710503963615,optimize_single_point_heur,18496.71050396363,1.3526175022125244,18496.710503963615,1.277683026306461,18496.710503963615,optimize_single_point_heur,18496.71050396363,6.833049535751343,18496.710503963615,1.277683026306461,18496.710503963615,optimize_single_point_heur,18496.71050396363,6.670238018035889,18496.710503963615,1.277683026306461,18496.710503963615,optimize_single_point_heur,18496.71050396363,2.943150758743286
2026-04-10 06:33:41,config_resnet_comm_area_0.3_hw_0.9_seed_1,inputs/task_graph_topology/soda-benchmark-graphs/pytorch-graphs/rez_net_tosa.dot,362,0.9,0.5,1.0,0.3,42,14476.759981256146,35670.03868636114,2.4639517911842908,35670.03868636114,None,18482.907632920924,0.0,18496.710503963615,1.277683026306461,18496.710503963615,optimize_random_heur,18496.71050396363,0.2608673572540283,16865.345684230266,1.1649944950435562,24567.25052394449,optimize_swarm_heur,16564.94767707875,4756.951993227005,18496.710503963615,1.277683026306461,18496.710503963615,optimize_random_heur,18496.71050396363,1434.1116268634796,18496.710503963615,1.277683026306461,18496.710503963615,optimize_single_point_heur,18496.71050396363,0.1261460781097412,18496.710503963615,1.277683026306461,18496.710503963615,optimize_single_point_heur,18496.71050396363,0.11920857429504395,18496.710503963615,1.277683026306461,18496.710503963615,optimize_single_point_heur,18496.71050396363,1.3411426544189453,18496.710503963615,1.277683026306461,18496.710503963615,optimize_single_point_heur,18496.71050396363,6.849229335784912,18496.710503963615,1.277683026306461,18496.710503963615,optimize_single_point_heur,18496.71050396363,6.720883131027222,18496.710503963615,1.277683026306461,18496.710503963615,optimize_single_point_heur,18496.71050396363,2.9666566848754883
2026-04-10 06:33:47,config_resnet_comm_area_0.3_hw_0.7_seed_3,inputs/task_graph_topology/soda-benchmark-graphs/pytorch-graphs/rez_net_tosa.dot,362,0.7,0.5,1.0,0.3,42,12459.889958209249,35710.06410167901,2.8660015635331746,35710.06410167901,None,17380.287117038904,0.0,18496.710503963615,1.4845003098744851,18496.710503963615,optimize_random_heur,18496.71050396363,0.27793121337890625,16448.234640457653,1.3200946955089814,24319.846541323353,optimize_swarm_heur,16099.659401741312,4821.789913892746,18496.710503963615,1.4845003098744851,18496.710503963615,optimize_random_heur,18496.71050396363,1504.3600900173187,18496.710503963615,1.4845003098744851,18496.710503963615,optimize_single_point_heur,18496.71050396363,0.13518309593200684,18496.710503963615,1.4845003098744851,18496.710503963615,optimize_single_point_heur,18496.71050396363,0.12546253204345703,18496.710503963615,1.4845003098744851,18496.710503963615,optimize_single_point_heur,18496.71050396363,1.4552483558654785,18496.710503963615,1.4845003098744851,18496.710503963615,optimize_single_point_heur,18496.71050396363,7.155127286911011,18496.710503963615,1.4845003098744851,18496.710503963615,optimize_single_point_heur,18496.71050396363,7.626832723617554,18496.710503963615,1.4845003098744851,18496.710503963615,optimize_single_point_heur,18496.71050396363,3.14542293548584
2026-04-10 06:34:30,config_resnet_comm_area_0.3_hw_0.7_seed_1,inputs/task_graph_topology/soda-benchmark-graphs/pytorch-graphs/rez_net_tosa.dot,362,0.7,0.5,1.0,0.3,42,12459.889958209249,35710.06410167901,2.8660015635331746,35710.06410167901,None,17380.287117038904,0.0,18496.710503963615,1.4845003098744851,18496.710503963615,optimize_random_heur,18496.71050396363,0.2731475830078125,16448.234640457653,1.3200946955089814,24319.846541323353,optimize_swarm_heur,16099.659401741312,4931.977530002594,18496.710503963615,1.4845003098744851,18496.710503963615,optimize_random_heur,18496.71050396363,1533.8349633216858,18496.710503963615,1.4845003098744851,18496.710503963615,optimize_single_point_heur,18496.71050396363,0.13524317741394043,18496.710503963615,1.4845003098744851,18496.710503963615,optimize_single_point_heur,18496.71050396363,0.12564945220947266,18496.710503963615,1.4845003098744851,18496.710503963615,optimize_single_point_heur,18496.71050396363,1.4714279174804688,18496.710503963615,1.4845003098744851,18496.710503963615,optimize_single_point_heur,18496.71050396363,7.183337688446045,18496.710503963615,1.4845003098744851,18496.710503963615,optimize_single_point_heur,18496.71050396363,7.074119329452515,18496.710503963615,1.4845003098744851,18496.710503963615,optimize_single_point_heur,18496.71050396363,3.3135948181152344
2026-04-10 06:36:19,config_resnet_comm_area_0.3_hw_0.7_seed_2,inputs/task_graph_topology/soda-benchmark-graphs/pytorch-graphs/rez_net_tosa.dot,362,0.7,0.5,1.0,0.3,42,12459.889958209249,35710.06410167901,2.8660015635331746,35710.06410167901,None,17380.287117038904,0.0,18496.710503963615,1.4845003098744851,18496.710503963615,optimize_random_heur,18496.71050396363,0.2878763675689697,16448.234640457653,1.3200946955089814,24319.846541323353,optimize_swarm_heur,16099.659401741312,4997.187345743179,18496.710503963615,1.4845003098744851,18496.710503963615,optimize_random_heur,18496.71050396363,1512.2586705684662,18496.710503963615,1.4845003098744851,18496.710503963615,optimize_single_point_heur,18496.71050396363,0.13280320167541504,18496.710503963615,1.4845003098744851,18496.710503963615,optimize_single_point_heur,18496.71050396363,0.12630176544189453,18496.710503963615,1.4845003098744851,18496.710503963615,optimize_single_point_heur,18496.71050396363,1.4322946071624756,18496.710503963615,1.4845003098744851,18496.710503963615,optimize_single_point_heur,18496.71050396363,7.157741069793701,18496.710503963615,1.4845003098744851,18496.710503963615,optimize_single_point_heur,18496.71050396363,7.05887246131897,18496.710503963615,1.4845003098744851,18496.710503963615,optimize_single_point_heur,18496.71050396363,3.075448513031006
2026-04-10 06:36:23,config_resnet_comm_area_0.3_hw_0.7_seed_0,inputs/task_graph_topology/soda-benchmark-graphs/pytorch-graphs/rez_net_tosa.dot,362,0.7,0.5,1.0,0.3,42,12459.889958209249,35710.06410167901,2.8660015635331746,35710.06410167901,None,17380.287117038904,0.0,18496.710503963615,1.4845003098744851,18496.710503963615,optimize_random_heur,18496.71050396363,0.3103199005126953,16448.234640457653,1.3200946955089814,24319.846541323353,optimize_swarm_heur,16099.659401741312,5076.6686952114105,18496.710503963615,1.4845003098744851,18496.710503963615,optimize_random_heur,18496.71050396363,1569.5100512504578,18496.710503963615,1.4845003098744851,18496.710503963615,optimize_single_point_heur,18496.71050396363,0.1362314224243164,18496.710503963615,1.4845003098744851,18496.710503963615,optimize_single_point_heur,18496.71050396363,0.12737751007080078,18496.710503963615,1.4845003098744851,18496.710503963615,optimize_single_point_heur,18496.71050396363,1.4351422786712646,18496.710503963615,1.4845003098744851,18496.710503963615,optimize_single_point_heur,18496.71050396363,7.308859348297119,18496.710503963615,1.4845003098744851,18496.710503963615,optimize_single_point_heur,18496.71050396363,7.2198920249938965,18496.710503963615,1.4845003098744851,18496.710503963615,optimize_single_point_heur,18496.71050396363,3.0496394634246826
2026-04-10 06:39:23,config_resnet_comm_area_0.3_hw_0.9_seed_0,inputs/task_graph_topology/soda-benchmark-graphs/pytorch-graphs/rez_net_tosa.dot,362,0.9,0.5,1.0,0.3,42,14476.759981256146,35670.03868636114,2.4639517911842908,35670.03868636114,None,18482.907632920924,0.0,18496.710503963615,1.277683026306461,18496.710503963615,optimize_random_heur,18496.71050396363,0.27910351753234863,16865.345684230266,1.1649944950435562,24567.25052394449,optimize_swarm_heur,16564.94767707875,5123.41176700592,18496.710503963615,1.277683026306461,18496.710503963615,optimize_random_heur,18496.71050396363,1506.2384979724884,18496.710503963615,1.277683026306461,18496.710503963615,optimize_single_point_heur,18496.71050396363,0.13100981712341309,18496.710503963615,1.277683026306461,18496.710503963615,optimize_single_point_heur,18496.71050396363,0.12325882911682129,18496.710503963615,1.277683026306461,18496.710503963615,optimize_single_point_heur,18496.71050396363,1.3962769508361816,18496.710503963615,1.277683026306461,18496.710503963615,optimize_single_point_heur,18496.71050396363,7.233739137649536,18496.710503963615,1.277683026306461,18496.710503963615,optimize_single_point_heur,18496.71050396363,7.019859075546265,18496.710503963615,1.277683026306461,18496.710503963615,optimize_single_point_heur,18496.71050396363,3.0801966190338135
2026-04-11 20:48:03,config_resnet_comm_area_0.5_hw_0.1_seed_2,inputs/task_graph_topology/soda-benchmark-graphs/pytorch-graphs/rez_net_tosa.dot,362,0.1,0.5,1.0,0.5,42,1876.8712304770884,27091.396431290876,14.434339442884646,27091.396431290876,None,11726.626114450048,0.0,16881.30201682234,8.99438477328635,30237.049893419528,optimize_random_heur,14655.212532309612,3.997103452682495,9075.024675439276,4.8351876932614415,22260.824221126757,optimize_single_point_heur,9121.170478747075,99.39260149002075
2026-04-11 20:56:18,config_resnet_comm_area_0.5_hw_0.1_seed_2,inputs/task_graph_topology/soda-benchmark-graphs/pytorch-graphs/rez_net_tosa.dot,362,0.1,0.5,1.0,0.5,2,1846.5155104902412,27979.03137391439,15.152340294442524,27979.03137391439,None,11674.558388400726,0.0,17587.392814206236,9.524638549901411,30545.72758620912,optimize_random_heur,14871.322074828127,4.542677879333496,9830.932896294875,5.324045663545392,23614.25859535621,optimize_single_point_heur,9497.447128165444,109.04137349128723
2026-04-11 21:09:12,config_resnet_comm_area_0.1_hw_0.1_seed_3,inputs/task_graph_topology/soda-benchmark-graphs/pytorch-graphs/rez_net_tosa.dot,362,0.1,0.5,1.0,0.1,3,1846.6107811863385,28972.330102425574,15.689462228641686,28972.330102425574,None,17438.17351898598,0.0,18488.643341502553,10.012203724720317,18488.643341502553,optimize_random_heur,18488.64334150255,0.2784903049468994,18488.643341502553,10.012203724720317,18488.643341502553,optimize_single_point_heur,18488.64334150255,0.13875436782836914,18488.643341502553,10.012203724720317,18488.643341502553,optimize_single_point_heur,18488.64334150255,0.13416051864624023,18488.643341502553,10.012203724720317,18488.643341502553,optimize_single_point_heur,18488.64334150255,1.4909913539886475,18488.643341502553,10.012203724720317,18488.643341502553,optimize_single_point_heur,18488.64334150255,7.271805047988892,18488.643341502553,10.012203724720317,18488.643341502553,optimize_single_point_heur,18488.64334150255,7.169703960418701,18488.643341502553,10.012203724720317,18488.643341502553,optimize_single_point_heur,18488.64334150255,3.2829043865203857
2026-04-11 21:09:12,config_resnet_comm_area_0.1_hw_0.1_seed_1,inputs/task_graph_topology/soda-benchmark-graphs/pytorch-graphs/rez_net_tosa.dot,362,0.1,0.5,1.0,0.1,1,1874.8056238208103,28219.056858152246,15.051724029204939,28219.056858152246,None,17253.105680529432,0.0,18102.043045460247,9.655423909263032,18102.043045460247,optimize_random_heur,18102.043045460232,0.27629947662353516,18102.043045460247,9.655423909263032,18102.043045460247,optimize_single_point_heur,18102.043045460232,0.13857388496398926,18102.043045460247,9.655423909263032,18102.043045460247,optimize_single_point_heur,18102.043045460232,0.1321861743927002,18102.043045460247,9.655423909263032,18102.043045460247,optimize_single_point_heur,18102.043045460232,1.4951720237731934,18102.043045460247,9.655423909263032,18102.043045460247,optimize_single_point_heur,18102.043045460232,7.326983451843262,18102.043045460247,9.655423909263032,18102.043045460247,optimize_single_point_heur,18102.043045460232,7.187875509262085,18102.043045460247,9.655423909263032,18102.043045460247,optimize_single_point_heur,18102.043045460232,3.303487539291382
2026-04-11 21:09:13,config_resnet_comm_area_0.1_hw_0.1_seed_0,inputs/task_graph_topology/soda-benchmark-graphs/pytorch-graphs/rez_net_tosa.dot,362,0.1,0.5,1.0,0.1,0,1882.4107899820458,29705.610136072308,15.780620411953565,29705.610136072308,None,17501.39907309296,0.0,18629.163527484416,9.896438984852026,18629.163527484416,optimize_random_heur,18629.163527484412,0.2730600833892822,18629.163527484416,9.896438984852026,18629.163527484416,optimize_single_point_heur,18629.163527484412,0.1394345760345459,18629.163527484416,9.896438984852026,18629.163527484416,optimize_single_point_heur,18629.163527484412,0.13218307495117188,18629.163527484416,9.896438984852026,18629.163527484416,optimize_single_point_heur,18629.163527484412,1.497054100036621,18629.163527484416,9.896438984852026,18629.163527484416,optimize_single_point_heur,18629.163527484412,7.362520933151245,18629.163527484416,9.896438984852026,18629.163527484416,optimize_single_point_heur,18629.163527484412,7.234805345535278,18629.163527484416,9.896438984852026,18629.163527484416,optimize_single_point_heur,18629.163527484412,3.181523561477661
2026-04-11 21:09:13,config_resnet_comm_area_0.1_hw_0.1_seed_2,inputs/task_graph_topology/soda-benchmark-graphs/pytorch-graphs/rez_net_tosa.dot,362,0.1,0.5,1.0,0.1,2,1846.5155104902412,29829.083223251248,16.154255436138612,29829.083223251248,None,17585.904608683537,0.0,18454.090264956147,9.99400771892605,18454.090264956147,optimize_random_heur,18454.09026495615,0.29197025299072266,18454.090264956147,9.99400771892605,18454.090264956147,optimize_single_point_heur,18454.09026495615,0.13889479637145996,18454.090264956147,9.99400771892605,18454.090264956147,optimize_single_point_heur,18454.09026495615,0.13596439361572266,18454.090264956147,9.99400771892605,18454.090264956147,optimize_single_point_heur,18454.09026495615,1.4804763793945312,18454.090264956147,9.99400771892605,18454.090264956147,optimize_single_point_heur,18454.09026495615,7.36580753326416,18454.090264956147,9.99400771892605,18454.090264956147,optimize_single_point_heur,18454.09026495615,7.295721769332886,18454.090264956147,9.99400771892605,18454.090264956147,optimize_single_point_heur,18454.09026495615,3.3421835899353027
2026-04-11 21:10:16,config_resnet_comm_area_0.1_hw_0.7_seed_3,inputs/task_graph_topology/soda-benchmark-graphs/pytorch-graphs/rez_net_tosa.dot,362,0.7,0.5,1.0,0.1,3,12131.938308362962,30377.154485327574,2.5038995182152846,30377.154485327574,None,19474.71956592947,0.0,18488.643341502553,1.5239645035746427,18488.643341502553,optimize_random_heur,18488.64334150255,0.2633402347564697,18488.643341502553,1.5239645035746427,18488.643341502553,optimize_single_point_heur,18488.64334150255,0.12931084632873535,18488.643341502553,1.5239645035746427,18488.643341502553,optimize_single_point_heur,18488.64334150255,0.12279748916625977,18488.643341502553,1.5239645035746427,18488.643341502553,optimize_single_point_heur,18488.64334150255,1.3461558818817139,18488.643341502553,1.5239645035746427,18488.643341502553,optimize_single_point_heur,18488.64334150255,6.889633417129517,18488.643341502553,1.5239645035746427,18488.643341502553,optimize_single_point_heur,18488.64334150255,6.757180213928223,18488.643341502553,1.5239645035746427,18488.643341502553,optimize_single_point_heur,18488.64334150255,3.0152668952941895
2026-04-11 21:10:17,config_resnet_comm_area_0.1_hw_0.3_seed_0,inputs/task_graph_topology/soda-benchmark-graphs/pytorch-graphs/rez_net_tosa.dot,362,0.3,0.5,1.0,0.1,0,5645.584530124685,31057.371945171904,5.501179156817264,31057.371945171904,None,18248.959684032325,0.0,18629.163527484416,3.299775856349277,18629.163527484416,optimize_random_heur,18629.163527484412,0.2605462074279785,18629.163527484416,3.299775856349277,18629.163527484416,optimize_single_point_heur,18629.163527484412,0.13213610649108887,18629.163527484416,3.299775856349277,18629.163527484416,optimize_single_point_heur,18629.163527484412,0.1271965503692627,18629.163527484416,3.299775856349277,18629.163527484416,optimize_single_point_heur,18629.163527484412,1.3775992393493652,18629.163527484416,3.299775856349277,18629.163527484416,optimize_single_point_heur,18629.163527484412,6.9565300941467285,18629.163527484416,3.299775856349277,18629.163527484416,optimize_single_point_heur,18629.163527484412,6.754582405090332,18629.163527484416,3.299775856349277,18629.163527484416,optimize_single_point_heur,18629.163527484412,3.193962335586548
2026-04-11 21:10:16,config_resnet_comm_area_0.1_hw_0.9_seed_1,inputs/task_graph_topology/soda-benchmark-graphs/pytorch-graphs/rez_net_tosa.dot,362,0.9,0.5,1.0,0.1,1,14355.374905527202,27582.505765801274,1.9214061595271381,27582.505765801274,None,17899.019140695233,0.0,18102.043045460247,1.26099409904582,18102.043045460247,optimize_random_heur,18102.043045460232,0.2672734260559082,18102.043045460247,1.26099409904582,18102.043045460247,optimize_single_point_heur,18102.043045460232,0.13265395164489746,18102.043045460247,1.26099409904582,18102.043045460247,optimize_single_point_heur,18102.043045460232,0.12354469299316406,18102.043045460247,1.26099409904582,18102.043045460247,optimize_single_point_heur,18102.043045460232,1.3653066158294678,18102.043045460247,1.26099409904582,18102.043045460247,optimize_single_point_heur,18102.043045460232,7.074450969696045,18102.043045460247,1.26099409904582,18102.043045460247,optimize_single_point_heur,18102.043045460232,6.918853282928467,18102.043045460247,1.26099409904582,18102.043045460247,optimize_single_point_heur,18102.043045460232,3.0107011795043945
2026-04-11 21:10:16,config_resnet_comm_area_0.1_hw_0.9_seed_0,inputs/task_graph_topology/soda-benchmark-graphs/pytorch-graphs/rez_net_tosa.dot,362,0.9,0.5,1.0,0.1,0,14402.616019849005,30226.66916803155,2.0986929823286675,30226.66916803155,None,19879.51226148629,0.0,18629.163527484416,1.293456931838673,18629.163527484416,optimize_random_heur,18629.163527484412,0.2847268581390381,18629.163527484416,1.293456931838673,18629.163527484416,optimize_single_point_heur,18629.163527484412,0.1380767822265625,18629.163527484416,1.293456931838673,18629.163527484416,optimize_single_point_heur,18629.163527484412,0.1304178237915039,18629.163527484416,1.293456931838673,18629.163527484416,optimize_single_point_heur,18629.163527484412,1.434241771697998,18629.163527484416,1.293456931838673,18629.163527484416,optimize_single_point_heur,18629.163527484412,7.054372787475586,18629.163527484416,1.293456931838673,18629.163527484416,optimize_single_point_heur,18629.163527484412,6.920132875442505,18629.163527484416,1.293456931838673,18629.163527484416,optimize_single_point_heur,18629.163527484412,3.112567663192749
2026-04-11 21:10:17,config_resnet_comm_area_0.1_hw_0.7_seed_0,inputs/task_graph_topology/soda-benchmark-graphs/pytorch-graphs/rez_net_tosa.dot,362,0.7,0.5,1.0,0.1,0,12435.19119187881,31630.949592938123,2.543664114597265,31630.949592938123,None,19131.930503114738,0.0,18629.163527484416,1.4981002897366607,18629.163527484416,optimize_random_heur,18629.163527484412,0.26331424713134766,18629.163527484416,1.4981002897366607,18629.163527484416,optimize_single_point_heur,18629.163527484412,0.13338065147399902,18629.163527484416,1.4981002897366607,18629.163527484416,optimize_single_point_heur,18629.163527484412,0.12814068794250488,18629.163527484416,1.4981002897366607,18629.163527484416,optimize_single_point_heur,18629.163527484412,1.3696577548980713,18629.163527484416,1.4981002897366607,18629.163527484416,optimize_single_point_heur,18629.163527484412,6.977506637573242,18629.163527484416,1.4981002897366607,18629.163527484416,optimize_single_point_heur,18629.163527484412,6.838044166564941,18629.163527484416,1.4981002897366607,18629.163527484416,optimize_single_point_heur,18629.163527484412,3.1300580501556396
2026-04-11 21:10:16,config_resnet_comm_area_0.1_hw_0.7_seed_2,inputs/task_graph_topology/soda-benchmark-graphs/pytorch-graphs/rez_net_tosa.dot,362,0.7,0.5,1.0,0.1,2,12136.897891641467,30459.950666531804,2.509698189642775,30459.950666531804,None,18681.795469955818,0.0,18454.090264956147,1.5204948109240708,18454.090264956147,optimize_random_heur,18454.09026495615,0.26712560653686523,18454.090264956147,1.5204948109240708,18454.090264956147,optimize_single_point_heur,18454.09026495615,0.13426733016967773,18454.090264956147,1.5204948109240708,18454.090264956147,optimize_single_point_heur,18454.09026495615,0.1254427433013916,18454.090264956147,1.5204948109240708,18454.090264956147,optimize_single_point_heur,18454.09026495615,1.3811485767364502,18454.090264956147,1.5204948109240708,18454.090264956147,optimize_single_point_heur,18454.09026495615,7.014706373214722,18454.090264956147,1.5204948109240708,18454.090264956147,optimize_single_point_heur,18454.09026495615,6.825912714004517,18454.090264956147,1.5204948109240708,18454.090264956147,optimize_single_point_heur,18454.09026495615,3.2779853343963623
2026-04-11 21:10:17,config_resnet_comm_area_0.1_hw_0.7_seed_1,inputs/task_graph_topology/soda-benchmark-graphs/pytorch-graphs/rez_net_tosa.dot,362,0.7,0.5,1.0,0.1,1,12416.759025060455,28070.639077859854,2.2607057945801747,28070.639077859854,None,17407.966481978707,0.0,18102.043045460247,1.4578718173498668,18102.043045460247,optimize_random_heur,18102.043045460232,0.28285861015319824,18102.043045460247,1.4578718173498668,18102.043045460247,optimize_single_point_heur,18102.043045460232,0.13300204277038574,18102.043045460247,1.4578718173498668,18102.043045460247,optimize_single_point_heur,18102.043045460232,0.12570834159851074,18102.043045460247,1.4578718173498668,18102.043045460247,optimize_single_point_heur,18102.043045460232,1.413517951965332,18102.043045460247,1.4578718173498668,18102.043045460247,optimize_single_point_heur,18102.043045460232,7.022715330123901,18102.043045460247,1.4578718173498668,18102.043045460247,optimize_single_point_heur,18102.043045460232,6.944760084152222,18102.043045460247,1.4578718173498668,18102.043045460247,optimize_single_point_heur,18102.043045460232,3.2385120391845703
2026-04-11 21:10:18,config_resnet_comm_area_0.3_hw_0.1_seed_3,inputs/task_graph_topology/soda-benchmark-graphs/pytorch-graphs/rez_net_tosa.dot,362,0.1,0.5,1.0,0.3,3,1846.6107811863385,30977.128668229823,16.775126076286007,30977.128668229823,None,13834.270935187711,0.0,18488.643341502553,10.012203724720317,18488.643341502553,optimize_random_heur,18488.64334150255,0.2963259220123291,18488.643341502553,10.012203724720317,18488.643341502553,optimize_single_point_heur,18488.64334150255,0.13861799240112305,18488.643341502553,10.012203724720317,18488.643341502553,optimize_single_point_heur,18488.64334150255,0.13188958168029785,18488.643341502553,10.012203724720317,18488.643341502553,optimize_single_point_heur,18488.64334150255,1.4920365810394287,18488.643341502553,10.012203724720317,18488.643341502553,optimize_single_point_heur,18488.64334150255,7.463504791259766,18488.643341502553,10.012203724720317,18488.643341502553,optimize_single_point_heur,18488.64334150255,7.079187870025635,18488.643341502553,10.012203724720317,18488.643341502553,optimize_single_point_heur,18488.64334150255,3.2267909049987793
2026-04-11 21:10:18,config_resnet_comm_area_0.1_hw_0.3_seed_1,inputs/task_graph_topology/soda-benchmark-graphs/pytorch-graphs/rez_net_tosa.dot,362,0.3,0.5,1.0,0.1,1,5622.466111130952,29378.16580732622,5.22513879615307,29378.16580732622,None,17815.36833528731,0.0,18102.043045460247,3.2195913123643605,18102.043045460247,optimize_random_heur,18102.043045460232,0.3178849220275879,18102.043045460247,3.2195913123643605,18102.043045460247,optimize_single_point_heur,18102.043045460232,0.16211509704589844,18102.043045460247,3.2195913123643605,18102.043045460247,optimize_single_point_heur,18102.043045460232,0.16582870483398438,18102.043045460247,3.2195913123643605,18102.043045460247,optimize_single_point_heur,18102.043045460232,1.5813660621643066,18102.043045460247,3.2195913123643605,18102.043045460247,optimize_single_point_heur,18102.043045460232,6.9292333126068115,18102.043045460247,3.2195913123643605,18102.043045460247,optimize_single_point_heur,18102.043045460232,6.502365350723267,18102.043045460247,3.2195913123643605,18102.043045460247,optimize_single_point_heur,18102.043045460232,3.048435688018799
2026-04-11 21:10:19,config_resnet_comm_area_0.3_hw_0.3_seed_0,inputs/task_graph_topology/soda-benchmark-graphs/pytorch-graphs/rez_net_tosa.dot,362,0.3,0.5,1.0,0.3,0,5645.584530124685,31703.030869348593,5.615544448972836,31703.030869348593,None,15719.515256425895,0.0,18629.163527484416,3.299775856349277,18629.163527484416,optimize_random_heur,18629.163527484412,0.28144288063049316,18629.163527484416,3.299775856349277,18629.163527484416,optimize_single_point_heur,18629.163527484412,0.14042997360229492,18629.163527484416,3.299775856349277,18629.163527484416,optimize_single_point_heur,18629.163527484412,0.13313055038452148,18629.163527484416,3.299775856349277,18629.163527484416,optimize_single_point_heur,18629.163527484412,1.4966585636138916,18629.163527484416,3.299775856349277,18629.163527484416,optimize_single_point_heur,18629.163527484412,7.643304109573364,18629.163527484416,3.299775856349277,18629.163527484416,optimize_single_point_heur,18629.163527484412,7.317519664764404,18629.163527484416,3.299775856349277,18629.163527484416,optimize_single_point_heur,18629.163527484412,3.1553328037261963
2026-04-11 21:10:19,config_resnet_comm_area_0.1_hw_0.3_seed_2,inputs/task_graph_topology/soda-benchmark-graphs/pytorch-graphs/rez_net_tosa.dot,362,0.3,0.5,1.0,0.1,2,5536.746531470723,31036.456412512212,5.605540408270778,31036.456412512212,None,18467.39591759758,0.0,18454.090264956147,3.3330206033567866,18454.090264956147,optimize_random_heur,18454.09026495615,0.3290274143218994,18454.090264956147,3.3330206033567866,18454.090264956147,optimize_single_point_heur,18454.09026495615,0.17099213600158691,18454.090264956147,3.3330206033567866,18454.090264956147,optimize_single_point_heur,18454.09026495615,0.17997241020202637,18454.090264956147,3.3330206033567866,18454.090264956147,optimize_single_point_heur,18454.09026495615,1.6182959079742432,18454.090264956147,3.3330206033567866,18454.090264956147,optimize_single_point_heur,18454.09026495615,7.157001972198486,18454.090264956147,3.3330206033567866,18454.090264956147,optimize_single_point_heur,18454.09026495615,6.784576654434204,18454.090264956147,3.3330206033567866,18454.090264956147,optimize_single_point_heur,18454.09026495615,3.00787353515625
2026-04-11 21:10:19,config_resnet_comm_area_0.3_hw_0.7_seed_2,inputs/task_graph_topology/soda-benchmark-graphs/pytorch-graphs/rez_net_tosa.dot,362,0.7,0.5,1.0,0.3,2,12136.897891641467,36225.01626138474,2.984701410920864,36225.01626138474,None,18102.479061149377,0.0,18454.090264956147,1.5204948109240708,18454.090264956147,optimize_random_heur,18454.09026495615,0.28449487686157227,18454.090264956147,1.5204948109240708,18454.090264956147,optimize_single_point_heur,18454.09026495615,0.13877534866333008,18454.090264956147,1.5204948109240708,18454.090264956147,optimize_single_point_heur,18454.09026495615,0.1307072639465332,18454.090264956147,1.5204948109240708,18454.090264956147,optimize_single_point_heur,18454.09026495615,1.4871444702148438,18454.090264956147,1.5204948109240708,18454.090264956147,optimize_single_point_heur,18454.09026495615,7.53980565071106,18454.090264956147,1.5204948109240708,18454.090264956147,optimize_single_point_heur,18454.09026495615,7.325987339019775,18454.090264956147,1.5204948109240708,18454.090264956147,optimize_single_point_heur,18454.09026495615,3.242814064025879
2026-04-11 21:10:19,config_resnet_comm_area_0.3_hw_0.7_seed_1,inputs/task_graph_topology/soda-benchmark-graphs/pytorch-graphs/rez_net_tosa.dot,362,0.7,0.5,1.0,0.3,1,12416.759025060455,32963.34605890734,2.6547463788560433,32963.34605890734,None,17358.78866403446,0.0,18102.043045460247,1.4578718173498668,18102.043045460247,optimize_random_heur,18102.043045460232,0.2739260196685791,18102.043045460247,1.4578718173498668,18102.043045460247,optimize_single_point_heur,18102.043045460232,0.1396467685699463,18102.043045460247,1.4578718173498668,18102.043045460247,optimize_single_point_heur,18102.043045460232,0.13677477836608887,18102.043045460247,1.4578718173498668,18102.043045460247,optimize_single_point_heur,18102.043045460232,1.4862825870513916,18102.043045460247,1.4578718173498668,18102.043045460247,optimize_single_point_heur,18102.043045460232,7.549893140792847,18102.043045460247,1.4578718173498668,18102.043045460247,optimize_single_point_heur,18102.043045460232,7.281472206115723,18102.043045460247,1.4578718173498668,18102.043045460247,optimize_single_point_heur,18102.043045460232,3.2852232456207275
2026-04-11 21:10:19,config_resnet_comm_area_0.3_hw_0.7_seed_3,inputs/task_graph_topology/soda-benchmark-graphs/pytorch-graphs/rez_net_tosa.dot,362,0.7,0.5,1.0,0.3,3,12131.938308362962,36626.28112981548,3.018996651554659,36626.28112981548,None,18403.9940476,0.0,18488.643341502553,1.5239645035746427,18488.643341502553,optimize_random_heur,18488.64334150255,0.28910255432128906,18488.643341502553,1.5239645035746427,18488.643341502553,optimize_single_point_heur,18488.64334150255,0.1386103630065918,18488.643341502553,1.5239645035746427,18488.643341502553,optimize_single_point_heur,18488.64334150255,0.13481783866882324,18488.643341502553,1.5239645035746427,18488.643341502553,optimize_single_point_heur,18488.64334150255,1.459280014038086,18488.643341502553,1.5239645035746427,18488.643341502553,optimize_single_point_heur,18488.64334150255,7.351747751235962,18488.643341502553,1.5239645035746427,18488.643341502553,optimize_single_point_heur,18488.64334150255,7.187769412994385,18488.643341502553,1.5239645035746427,18488.643341502553,optimize_single_point_heur,18488.64334150255,3.284440279006958
2026-04-11 21:10:19,config_resnet_comm_area_0.3_hw_0.9_seed_2,inputs/task_graph_topology/soda-benchmark-graphs/pytorch-graphs/rez_net_tosa.dot,362,0.9,0.5,1.0,0.3,2,14094.642937542387,37069.86486326663,2.6300676808582084,37069.86486326663,None,18324.382014990777,0.0,18454.090264956147,1.309298174258957,18454.090264956147,optimize_random_heur,18454.09026495615,0.27915191650390625,18454.090264956147,1.309298174258957,18454.090264956147,optimize_single_point_heur,18454.09026495615,0.13801908493041992,18454.090264956147,1.309298174258957,18454.090264956147,optimize_single_point_heur,18454.09026495615,0.1317448616027832,18454.090264956147,1.309298174258957,18454.090264956147,optimize_single_point_heur,18454.09026495615,1.47308349609375,18454.090264956147,1.309298174258957,18454.090264956147,optimize_single_point_heur,18454.09026495615,7.4227986335754395,18454.090264956147,1.309298174258957,18454.090264956147,optimize_single_point_heur,18454.09026495615,7.2526679039001465,18454.090264956147,1.309298174258957,18454.090264956147,optimize_single_point_heur,18454.09026495615,3.207904815673828
2026-04-11 21:10:20,config_resnet_comm_area_0.3_hw_0.5_seed_3,inputs/task_graph_topology/soda-benchmark-graphs/pytorch-graphs/rez_net_tosa.dot,362,0.5,0.5,1.0,0.3,3,9188.226125548912,34989.24618401055,3.8080523602612435,34989.24618401055,None,16510.496489452387,0.0,18488.643341502553,2.0122103101155475,18488.643341502553,optimize_random_heur,18488.64334150255,0.2854743003845215,18488.643341502553,2.0122103101155475,18488.643341502553,optimize_single_point_heur,18488.64334150255,0.14021944999694824,18488.643341502553,2.0122103101155475,18488.643341502553,optimize_single_point_heur,18488.64334150255,0.13387346267700195,18488.643341502553,2.0122103101155475,18488.643341502553,optimize_single_point_heur,18488.64334150255,1.5078933238983154,18488.643341502553,2.0122103101155475,18488.643341502553,optimize_single_point_heur,18488.64334150255,7.582233667373657,18488.643341502553,2.0122103101155475,18488.643341502553,optimize_single_point_heur,18488.64334150255,7.359623670578003,18488.643341502553,2.0122103101155475,18488.643341502553,optimize_single_point_heur,18488.64334150255,3.37917160987854
2026-04-11 21:10:20,config_resnet_comm_area_0.3_hw_0.9_seed_1,inputs/task_graph_topology/soda-benchmark-graphs/pytorch-graphs/rez_net_tosa.dot,362,0.9,0.5,1.0,0.3,1,14355.374905527202,35037.006141869875,2.4406890361588323,35037.006141869875,None,18133.86315748926,0.0,18102.043045460247,1.26099409904582,18102.043045460247,optimize_random_heur,18102.043045460232,0.2995579242706299,18102.043045460247,1.26099409904582,18102.043045460247,optimize_single_point_heur,18102.043045460232,0.13870787620544434,18102.043045460247,1.26099409904582,18102.043045460247,optimize_single_point_heur,18102.043045460232,0.13450884819030762,18102.043045460247,1.26099409904582,18102.043045460247,optimize_single_point_heur,18102.043045460232,1.4742910861968994,18102.043045460247,1.26099409904582,18102.043045460247,optimize_single_point_heur,18102.043045460232,7.43524694442749,18102.043045460247,1.26099409904582,18102.043045460247,optimize_single_point_heur,18102.043045460232,7.264037847518921,18102.043045460247,1.26099409904582,18102.043045460247,optimize_single_point_heur,18102.043045460232,3.35892915725708
2026-04-11 21:10:20,config_resnet_comm_area_0.3_hw_0.9_seed_3,inputs/task_graph_topology/soda-benchmark-graphs/pytorch-graphs/rez_net_tosa.dot,362,0.9,0.5,1.0,0.3,3,14011.823640372608,38047.1355753071,2.715359295964942,38047.1355753071,None,19526.85164231532,0.0,18488.643341502553,1.3195030008963842,18488.643341502553,optimize_random_heur,18488.64334150255,0.28706884384155273,18488.643341502553,1.3195030008963842,18488.643341502553,optimize_single_point_heur,18488.64334150255,0.1415555477142334,18488.643341502553,1.3195030008963842,18488.643341502553,optimize_single_point_heur,18488.64334150255,0.13543295860290527,18488.643341502553,1.3195030008963842,18488.643341502553,optimize_single_point_heur,18488.64334150255,1.5339038372039795,18488.643341502553,1.3195030008963842,18488.643341502553,optimize_single_point_heur,18488.64334150255,7.456501245498657,18488.643341502553,1.3195030008963842,18488.643341502553,optimize_single_point_heur,18488.64334150255,7.34526801109314,18488.643341502553,1.3195030008963842,18488.643341502553,optimize_single_point_heur,18488.64334150255,3.2887558937072754
2026-04-11 21:10:20,config_resnet_comm_area_0.3_hw_0.7_seed_0,inputs/task_graph_topology/soda-benchmark-graphs/pytorch-graphs/rez_net_tosa.dot,362,0.7,0.5,1.0,0.3,0,12435.19119187881,34061.63679447432,2.739132536757403,34061.63679447432,None,17445.459266320217,0.0,18629.163527484416,1.4981002897366607,18629.163527484416,optimize_random_heur,18629.163527484412,0.2851989269256592,18629.163527484416,1.4981002897366607,18629.163527484416,optimize_single_point_heur,18629.163527484412,0.1412220001220703,18629.163527484416,1.4981002897366607,18629.163527484416,optimize_single_point_heur,18629.163527484412,0.13475441932678223,18629.163527484416,1.4981002897366607,18629.163527484416,optimize_single_point_heur,18629.163527484412,1.5400176048278809,18629.163527484416,1.4981002897366607,18629.163527484416,optimize_single_point_heur,18629.163527484412,7.631669759750366,18629.163527484416,1.4981002897366607,18629.163527484416,optimize_single_point_heur,18629.163527484412,7.456918478012085,18629.163527484416,1.4981002897366607,18629.163527484416,optimize_single_point_heur,18629.163527484412,3.3243119716644287
2026-04-11 21:10:20,config_resnet_comm_area_0.3_hw_0.5_seed_2,inputs/task_graph_topology/soda-benchmark-graphs/pytorch-graphs/rez_net_tosa.dot,362,0.5,0.5,1.0,0.3,2,9115.752422925836,34741.342825284206,3.811132774724202,34741.342825284206,None,17249.635477164986,0.0,18454.090264956147,2.0244176683149795,18454.090264956147,optimize_random_heur,18454.09026495615,0.2819805145263672,18454.090264956147,2.0244176683149795,18454.090264956147,optimize_single_point_heur,18454.09026495615,0.14339637756347656,18454.090264956147,2.0244176683149795,18454.090264956147,optimize_single_point_heur,18454.09026495615,0.1356208324432373,18454.090264956147,2.0244176683149795,18454.090264956147,optimize_single_point_heur,18454.09026495615,1.499894380569458,18454.090264956147,2.0244176683149795,18454.090264956147,optimize_single_point_heur,18454.09026495615,7.765050888061523,18454.090264956147,2.0244176683149795,18454.090264956147,optimize_single_point_heur,18454.09026495615,7.5363171100616455,18454.090264956147,2.0244176683149795,18454.090264956147,optimize_single_point_heur,18454.09026495615,3.4607322216033936
2026-04-11 21:10:20,config_resnet_comm_area_0.3_hw_0.9_seed_0,inputs/task_graph_topology/soda-benchmark-graphs/pytorch-graphs/rez_net_tosa.dot,362,0.9,0.5,1.0,0.3,0,14402.616019849005,35407.16926485609,2.458384589026022,35407.16926485609,None,19250.75366775638,0.0,18629.163527484416,1.293456931838673,18629.163527484416,optimize_random_heur,18629.163527484412,0.282914400100708,18629.163527484416,1.293456931838673,18629.163527484416,optimize_single_point_heur,18629.163527484412,0.14381074905395508,18629.163527484416,1.293456931838673,18629.163527484416,optimize_single_point_heur,18629.163527484412,0.13927531242370605,18629.163527484416,1.293456931838673,18629.163527484416,optimize_single_point_heur,18629.163527484412,1.5448780059814453,18629.163527484416,1.293456931838673,18629.163527484416,optimize_single_point_heur,18629.163527484412,7.641421556472778,18629.163527484416,1.293456931838673,18629.163527484416,optimize_single_point_heur,18629.163527484412,7.47814679145813,18629.163527484416,1.293456931838673,18629.163527484416,optimize_single_point_heur,18629.163527484412,3.4590792655944824
2026-04-11 21:10:23,config_resnet_comm_area_0.1_hw_0.3_seed_3,inputs/task_graph_topology/soda-benchmark-graphs/pytorch-graphs/rez_net_tosa.dot,362,0.3,0.5,1.0,0.1,3,5537.632343559011,29618.780594674,5.348636160203829,29618.780594674,None,17772.412411649955,0.0,18488.643341502553,3.338727130017445,18488.643341502553,optimize_random_heur,18488.64334150255,0.28804516792297363,18488.643341502553,3.338727130017445,18488.643341502553,optimize_single_point_heur,18488.64334150255,0.14833807945251465,18488.643341502553,3.338727130017445,18488.643341502553,optimize_single_point_heur,18488.64334150255,0.13907194137573242,18488.643341502553,3.338727130017445,18488.643341502553,optimize_single_point_heur,18488.64334150255,1.6332650184631348,18488.643341502553,3.338727130017445,18488.643341502553,optimize_single_point_heur,18488.64334150255,7.990020275115967,18488.643341502553,3.338727130017445,18488.643341502553,optimize_single_point_heur,18488.64334150255,7.799398183822632,18488.643341502553,3.338727130017445,18488.643341502553,optimize_single_point_heur,18488.64334150255,4.058366060256958
2026-04-11 21:10:23,config_resnet_comm_area_0.1_hw_0.5_seed_2,inputs/task_graph_topology/soda-benchmark-graphs/pytorch-graphs/rez_net_tosa.dot,362,0.5,0.5,1.0,0.1,2,9115.752422925836,32048.43030448351,3.515719692417567,32048.43030448351,None,18788.532857354767,0.0,18454.090264956147,2.0244176683149795,18454.090264956147,optimize_random_heur,18454.09026495615,0.2891368865966797,18454.090264956147,2.0244176683149795,18454.090264956147,optimize_single_point_heur,18454.09026495615,0.1483137607574463,18454.090264956147,2.0244176683149795,18454.090264956147,optimize_single_point_heur,18454.09026495615,0.14096832275390625,18454.090264956147,2.0244176683149795,18454.090264956147,optimize_single_point_heur,18454.09026495615,1.679335117340088,18454.090264956147,2.0244176683149795,18454.090264956147,optimize_single_point_heur,18454.09026495615,7.994347095489502,18454.090264956147,2.0244176683149795,18454.090264956147,optimize_single_point_heur,18454.09026495615,7.840570449829102,18454.090264956147,2.0244176683149795,18454.090264956147,optimize_single_point_heur,18454.09026495615,4.182814121246338
2026-04-11 21:10:23,config_resnet_comm_area_0.1_hw_0.5_seed_3,inputs/task_graph_topology/soda-benchmark-graphs/pytorch-graphs/rez_net_tosa.dot,362,0.5,0.5,1.0,0.1,3,9188.226125548912,28933.60640350586,3.14898719384503,28933.60640350586,None,18074.798527167615,0.0,18488.643341502553,2.0122103101155475,18488.643341502553,optimize_random_heur,18488.64334150255,0.2932915687561035,18488.643341502553,2.0122103101155475,18488.643341502553,optimize_single_point_heur,18488.64334150255,0.15035581588745117,18488.643341502553,2.0122103101155475,18488.643341502553,optimize_single_point_heur,18488.64334150255,0.13972973823547363,18488.643341502553,2.0122103101155475,18488.643341502553,optimize_single_point_heur,18488.64334150255,1.6621851921081543,18488.643341502553,2.0122103101155475,18488.643341502553,optimize_single_point_heur,18488.64334150255,8.082722425460815,18488.643341502553,2.0122103101155475,18488.643341502553,optimize_single_point_heur,18488.64334150255,7.9206461906433105,18488.643341502553,2.0122103101155475,18488.643341502553,optimize_single_point_heur,18488.64334150255,4.115604400634766
2026-04-11 21:10:23,config_resnet_comm_area_0.1_hw_0.5_seed_1,inputs/task_graph_topology/soda-benchmark-graphs/pytorch-graphs/rez_net_tosa.dot,362,0.5,0.5,1.0,0.1,1,9327.408457009906,29706.679145790535,3.1848802679446107,29706.679145790535,None,18063.554374158233,0.0,18102.043045460247,1.9407366074824208,18102.043045460247,optimize_random_heur,18102.043045460232,0.2931504249572754,18102.043045460247,1.9407366074824208,18102.043045460247,optimize_single_point_heur,18102.043045460232,0.1518714427947998,18102.043045460247,1.9407366074824208,18102.043045460247,optimize_single_point_heur,18102.043045460232,0.14080095291137695,18102.043045460247,1.9407366074824208,18102.043045460247,optimize_single_point_heur,18102.043045460232,1.655930519104004,18102.043045460247,1.9407366074824208,18102.043045460247,optimize_single_point_heur,18102.043045460232,8.11159062385559,18102.043045460247,1.9407366074824208,18102.043045460247,optimize_single_point_heur,18102.043045460232,7.973865985870361,18102.043045460247,1.9407366074824208,18102.043045460247,optimize_single_point_heur,18102.043045460232,4.161068916320801
2026-04-11 21:10:23,config_resnet_comm_area_0.1_hw_0.5_seed_0,inputs/task_graph_topology/soda-benchmark-graphs/pytorch-graphs/rez_net_tosa.dot,362,0.5,0.5,1.0,0.1,0,9381.973154962327,31987.693532318597,3.409484657862149,31987.693532318597,None,19422.805043329437,0.0,18629.163527484416,1.9856338554572661,18629.163527484416,optimize_random_heur,18629.163527484412,0.2866032123565674,18629.163527484416,1.9856338554572661,18629.163527484416,optimize_single_point_heur,18629.163527484412,0.15209150314331055,18629.163527484416,1.9856338554572661,18629.163527484416,optimize_single_point_heur,18629.163527484412,0.14329028129577637,18629.163527484416,1.9856338554572661,18629.163527484416,optimize_single_point_heur,18629.163527484412,1.6992301940917969,18629.163527484416,1.9856338554572661,18629.163527484416,optimize_single_point_heur,18629.163527484412,8.124267101287842,18629.163527484416,1.9856338554572661,18629.163527484416,optimize_single_point_heur,18629.163527484412,7.998646259307861,18629.163527484416,1.9856338554572661,18629.163527484416,optimize_single_point_heur,18629.163527484412,4.178843259811401
2026-04-11 21:10:26,config_resnet_comm_area_0.1_hw_0.9_seed_2,inputs/task_graph_topology/soda-benchmark-graphs/pytorch-graphs/rez_net_tosa.dot,362,0.9,0.5,1.0,0.1,2,14094.642937542387,30044.246773585466,2.1316075126358704,30044.246773585466,None,18950.05205905659,0.0,18454.090264956147,1.309298174258957,18454.090264956147,optimize_random_heur,18454.09026495615,0.2663886547088623,18454.090264956147,1.309298174258957,18454.090264956147,optimize_single_point_heur,18454.09026495615,0.12769174575805664,18454.090264956147,1.309298174258957,18454.090264956147,optimize_single_point_heur,18454.09026495615,0.12297868728637695,18454.090264956147,1.309298174258957,18454.090264956147,optimize_single_point_heur,18454.09026495615,1.3366494178771973,18454.090264956147,1.309298174258957,18454.090264956147,optimize_single_point_heur,18454.09026495615,6.916891574859619,18454.090264956147,1.309298174258957,18454.090264956147,optimize_single_point_heur,18454.09026495615,6.732924699783325,18454.090264956147,1.309298174258957,18454.090264956147,optimize_single_point_heur,18454.09026495615,3.228360176086426
2026-04-11 21:10:26,config_resnet_comm_area_0.3_hw_0.1_seed_1,inputs/task_graph_topology/soda-benchmark-graphs/pytorch-graphs/rez_net_tosa.dot,362,0.1,0.5,1.0,0.3,1,1874.8056238208103,28333.64032568435,15.112841547776592,28333.64032568435,None,14076.159911919527,0.0,18102.043045460247,9.655423909263032,18102.043045460247,optimize_random_heur,18102.043045460232,0.26070475578308105,18102.043045460247,9.655423909263032,18102.043045460247,optimize_single_point_heur,18102.043045460232,0.13994812965393066,18102.043045460247,9.655423909263032,18102.043045460247,optimize_single_point_heur,18102.043045460232,0.12807345390319824,18102.043045460247,9.655423909263032,18102.043045460247,optimize_single_point_heur,18102.043045460232,1.4347944259643555,18102.043045460247,9.655423909263032,18102.043045460247,optimize_single_point_heur,18102.043045460232,7.02258825302124,18102.043045460247,9.655423909263032,18102.043045460247,optimize_single_point_heur,18102.043045460232,6.806570529937744,18102.043045460247,9.655423909263032,18102.043045460247,optimize_single_point_heur,18102.043045460232,3.3007771968841553
2026-04-11 21:10:26,config_resnet_comm_area_0.3_hw_0.1_seed_2,inputs/task_graph_topology/soda-benchmark-graphs/pytorch-graphs/rez_net_tosa.dot,362,0.1,0.5,1.0,0.3,2,1846.5155104902412,32111.837720984884,17.39050527252779,32111.837720984884,None,15818.768697244772,0.0,18454.090264956147,9.99400771892605,18454.090264956147,optimize_random_heur,18454.09026495615,0.25902605056762695,18454.090264956147,9.99400771892605,18454.090264956147,optimize_single_point_heur,18454.09026495615,0.13704705238342285,18454.090264956147,9.99400771892605,18454.090264956147,optimize_single_point_heur,18454.09026495615,0.12958121299743652,18454.090264956147,9.99400771892605,18454.090264956147,optimize_single_point_heur,18454.09026495615,1.399825096130371,18454.090264956147,9.99400771892605,18454.090264956147,optimize_single_point_heur,18454.09026495615,7.0047926902771,18454.090264956147,9.99400771892605,18454.090264956147,optimize_single_point_heur,18454.09026495615,6.7966039180755615,18454.090264956147,9.99400771892605,18454.090264956147,optimize_single_point_heur,18454.09026495615,3.2122421264648438
2026-04-11 21:10:26,config_resnet_comm_area_0.3_hw_0.1_seed_0,inputs/task_graph_topology/soda-benchmark-graphs/pytorch-graphs/rez_net_tosa.dot,362,0.1,0.5,1.0,0.3,0,1882.4107899820458,29278.769660373073,15.553868377822212,29278.769660373073,None,14729.48537399896,0.0,18629.163527484416,9.896438984852026,18629.163527484416,optimize_random_heur,18629.163527484412,0.26279759407043457,18629.163527484416,9.896438984852026,18629.163527484416,optimize_single_point_heur,18629.163527484412,0.13288021087646484,18629.163527484416,9.896438984852026,18629.163527484416,optimize_single_point_heur,18629.163527484412,0.12378239631652832,18629.163527484416,9.896438984852026,18629.163527484416,optimize_single_point_heur,18629.163527484412,1.3786771297454834,18629.163527484416,9.896438984852026,18629.163527484416,optimize_single_point_heur,18629.163527484412,6.981454133987427,18629.163527484416,9.896438984852026,18629.163527484416,optimize_single_point_heur,18629.163527484412,6.8299760818481445,18629.163527484416,9.896438984852026,18629.163527484416,optimize_single_point_heur,18629.163527484412,3.283653497695923
2026-04-11 21:10:26,config_resnet_comm_area_0.1_hw_0.9_seed_3,inputs/task_graph_topology/soda-benchmark-graphs/pytorch-graphs/rez_net_tosa.dot,362,0.9,0.5,1.0,0.1,3,14011.823640372608,29666.156077918105,2.117223056707643,29666.156077918105,None,19120.97454822864,0.0,18488.643341502553,1.3195030008963842,18488.643341502553,optimize_random_heur,18488.64334150255,0.2709355354309082,18488.643341502553,1.3195030008963842,18488.643341502553,optimize_single_point_heur,18488.64334150255,0.13454961776733398,18488.643341502553,1.3195030008963842,18488.643341502553,optimize_single_point_heur,18488.64334150255,0.12725186347961426,18488.643341502553,1.3195030008963842,18488.643341502553,optimize_single_point_heur,18488.64334150255,1.3798644542694092,18488.643341502553,1.3195030008963842,18488.643341502553,optimize_single_point_heur,18488.64334150255,7.0489466190338135,18488.643341502553,1.3195030008963842,18488.643341502553,optimize_single_point_heur,18488.64334150255,6.8453638553619385,18488.643341502553,1.3195030008963842,18488.643341502553,optimize_single_point_heur,18488.64334150255,3.3285961151123047
2026-04-11 21:10:28,config_resnet_comm_area_0.3_hw_0.5_seed_1,inputs/task_graph_topology/soda-benchmark-graphs/pytorch-graphs/rez_net_tosa.dot,362,0.5,0.5,1.0,0.3,1,9327.408457009906,32856.17001155085,3.5225400670491895,32856.17001155085,None,16755.002820812366,0.0,18102.043045460247,1.9407366074824208,18102.043045460247,optimize_random_heur,18102.043045460232,0.27843189239501953,18102.043045460247,1.9407366074824208,18102.043045460247,optimize_single_point_heur,18102.043045460232,0.13849234580993652,18102.043045460247,1.9407366074824208,18102.043045460247,optimize_single_point_heur,18102.043045460232,0.13191962242126465,18102.043045460247,1.9407366074824208,18102.043045460247,optimize_single_point_heur,18102.043045460232,1.4587557315826416,18102.043045460247,1.9407366074824208,18102.043045460247,optimize_single_point_heur,18102.043045460232,7.501351356506348,18102.043045460247,1.9407366074824208,18102.043045460247,optimize_single_point_heur,18102.043045460232,7.241386651992798,18102.043045460247,1.9407366074824208,18102.043045460247,optimize_single_point_heur,18102.043045460232,3.224716901779175
2026-04-11 21:10:28,config_resnet_comm_area_0.3_hw_0.3_seed_3,inputs/task_graph_topology/soda-benchmark-graphs/pytorch-graphs/rez_net_tosa.dot,362,0.3,0.5,1.0,0.3,3,5537.632343559011,31918.74499324094,5.763969691914741,31918.74499324094,None,14870.154459750507,0.0,18488.643341502553,3.338727130017445,18488.643341502553,optimize_random_heur,18488.64334150255,0.2834329605102539,18488.643341502553,3.338727130017445,18488.643341502553,optimize_single_point_heur,18488.64334150255,0.13994693756103516,18488.643341502553,3.338727130017445,18488.643341502553,optimize_single_point_heur,18488.64334150255,0.1334068775177002,18488.643341502553,3.338727130017445,18488.643341502553,optimize_single_point_heur,18488.64334150255,1.4913666248321533,18488.643341502553,3.338727130017445,18488.643341502553,optimize_single_point_heur,18488.64334150255,7.45302939414978,18488.643341502553,3.338727130017445,18488.643341502553,optimize_single_point_heur,18488.64334150255,7.2104082107543945,18488.643341502553,3.338727130017445,18488.643341502553,optimize_single_point_heur,18488.64334150255,3.2915303707122803
2026-04-11 21:10:28,config_resnet_comm_area_0.3_hw_0.3_seed_1,inputs/task_graph_topology/soda-benchmark-graphs/pytorch-graphs/rez_net_tosa.dot,362,0.3,0.5,1.0,0.3,1,5622.466111130952,31517.355666718347,5.605610606406779,31517.355666718347,None,15681.71819522943,0.0,18102.043045460247,3.2195913123643605,18102.043045460247,optimize_random_heur,18102.043045460232,0.2771174907684326,18102.043045460247,3.2195913123643605,18102.043045460247,optimize_single_point_heur,18102.043045460232,0.14370465278625488,18102.043045460247,3.2195913123643605,18102.043045460247,optimize_single_point_heur,18102.043045460232,0.1370232105255127,18102.043045460247,3.2195913123643605,18102.043045460247,optimize_single_point_heur,18102.043045460232,1.5053856372833252,18102.043045460247,3.2195913123643605,18102.043045460247,optimize_single_point_heur,18102.043045460232,7.582827806472778,18102.043045460247,3.2195913123643605,18102.043045460247,optimize_single_point_heur,18102.043045460232,7.328861474990845,18102.043045460247,3.2195913123643605,18102.043045460247,optimize_single_point_heur,18102.043045460232,3.3300886154174805
2026-04-11 21:10:28,config_resnet_comm_area_0.3_hw_0.5_seed_0,inputs/task_graph_topology/soda-benchmark-graphs/pytorch-graphs/rez_net_tosa.dot,362,0.5,0.5,1.0,0.3,0,9381.973154962327,32954.58618919284,3.5125432193080255,32954.58618919284,None,16014.869057456972,0.0,18629.163527484416,1.9856338554572661,18629.163527484416,optimize_random_heur,18629.163527484412,0.2774322032928467,18629.163527484416,1.9856338554572661,18629.163527484416,optimize_single_point_heur,18629.163527484412,0.1388990879058838,18629.163527484416,1.9856338554572661,18629.163527484416,optimize_single_point_heur,18629.163527484412,0.1330254077911377,18629.163527484416,1.9856338554572661,18629.163527484416,optimize_single_point_heur,18629.163527484412,1.4825541973114014,18629.163527484416,1.9856338554572661,18629.163527484416,optimize_single_point_heur,18629.163527484412,7.645920753479004,18629.163527484416,1.9856338554572661,18629.163527484416,optimize_single_point_heur,18629.163527484412,7.353819847106934,18629.163527484416,1.9856338554572661,18629.163527484416,optimize_single_point_heur,18629.163527484412,3.288435697555542
2026-04-11 21:10:28,config_resnet_comm_area_0.3_hw_0.3_seed_2,inputs/task_graph_topology/soda-benchmark-graphs/pytorch-graphs/rez_net_tosa.dot,362,0.3,0.5,1.0,0.3,2,5536.746531470723,33388.16034469398,6.030285142170865,33388.16034469398,None,16450.91895312212,0.0,18454.090264956147,3.3330206033567866,18454.090264956147,optimize_random_heur,18454.09026495615,0.280043363571167,18454.090264956147,3.3330206033567866,18454.090264956147,optimize_single_point_heur,18454.09026495615,0.13828277587890625,18454.090264956147,3.3330206033567866,18454.090264956147,optimize_single_point_heur,18454.09026495615,0.1340169906616211,18454.090264956147,3.3330206033567866,18454.090264956147,optimize_single_point_heur,18454.09026495615,1.5416676998138428,18454.090264956147,3.3330206033567866,18454.090264956147,optimize_single_point_heur,18454.09026495615,7.564520359039307,18454.090264956147,3.3330206033567866,18454.090264956147,optimize_single_point_heur,18454.09026495615,7.37023663520813,18454.090264956147,3.3330206033567866,18454.090264956147,optimize_single_point_heur,18454.09026495615,3.3330228328704834
2026-04-11 21:18:19,config_resnet_comm_area_0.5_hw_0.3_seed_3,inputs/task_graph_topology/soda-benchmark-graphs/pytorch-graphs/rez_net_tosa.dot,362,0.3,0.5,1.0,0.5,3,5537.632343559011,29460.52519813148,5.320057990559434,29460.52519813148,None,12310.136914189143,0.0,17704.94191001167,3.1972042944679826,32312.33774499775,optimize_random_heur,14588.592115318794,4.6389148235321045,17681.411938785117,3.192955191283312,32928.588304289646,optimize_single_point_heur,16080.483058201738,8.725914239883423,17792.715367426918,3.213054652882864,32927.51778960398,optimize_single_point_heur,16413.606415754337,8.370530366897583,16131.207308670513,2.9130152216467047,33792.60661089163,optimize_single_point_heur,13820.662903904999,164.29715967178345,16762.10510693199,3.0269443810997143,29988.460889715,optimize_single_point_heur,15027.47969402737,108.17543077468872,16665.049094664733,3.0094177548728673,31447.88380916973,optimize_single_point_heur,14795.710849914673,107.14071154594421,10368.001467339574,1.8722805748198348,27377.95945557019,optimize_single_point_heur,9992.31761829155,99.46362519264221
2026-04-11 21:18:36,config_resnet_comm_area_0.5_hw_0.3_seed_0,inputs/task_graph_topology/soda-benchmark-graphs/pytorch-graphs/rez_net_tosa.dot,362,0.3,0.5,1.0,0.5,0,5645.584530124685,29950.51865482486,5.30512270164581,29950.51865482486,None,12482.769060606744,0.0,18334.183675908047,3.247526200002381,33797.1800388769,optimize_random_heur,16216.56976092476,4.8472840785980225,18444.924675291273,3.267141706384814,32127.263241837663,optimize_single_point_heur,15349.537562982943,9.03211522102356,17993.750849173914,3.1872254773902946,33666.59577077611,optimize_single_point_heur,15879.15167221274,8.690844535827637,16215.95221315892,2.872324756919508,30815.388582136147,optimize_single_point_heur,14522.681939608327,164.24270725250244,17273.749961771126,3.0596920247316937,33965.062280684964,optimize_single_point_heur,15716.49397600488,108.07621717453003,17230.97310214135,3.0521149776781034,31691.743271951338,optimize_single_point_heur,15468.962377738162,107.41642951965332,9613.658788377521,1.7028633150525512,25024.687919189117,optimize_single_point_heur,9257.688091930582,107.86810803413391
2026-04-11 21:18:36,config_resnet_comm_area_0.5_hw_0.1_seed_3,inputs/task_graph_topology/soda-benchmark-graphs/pytorch-graphs/rez_net_tosa.dot,362,0.1,0.5,1.0,0.5,3,1846.6107811863385,26567.67638350603,14.387263766779194,26567.67638350603,None,11517.116134973032,0.0,16585.155999115577,8.98140321072998,30308.839839032786,optimize_random_heur,13789.412303104884,4.734908580780029,16826.15306300589,9.111910985484489,31033.544515958736,optimize_single_point_heur,15348.246550484579,9.092928647994995,16892.181048572056,9.147667294414813,31872.52091101055,optimize_single_point_heur,15290.960007309111,8.708394289016724,16066.455120383405,8.700509757698725,29313.12279663462,optimize_single_point_heur,14154.840757975155,165.12302708625793,15950.071344926668,8.637484145240226,29686.29135354849,optimize_single_point_heur,14584.803207832121,111.71859693527222,15806.374807598573,8.559667780908281,30234.727863797445,optimize_single_point_heur,13698.701160285465,108.0614538192749,9053.901416356231,4.902983080462486,24125.533956920972,optimize_single_point_heur,8785.62768180519,105.54372644424438
2026-04-11 21:18:36,config_resnet_comm_area_0.5_hw_0.1_seed_2,inputs/task_graph_topology/soda-benchmark-graphs/pytorch-graphs/rez_net_tosa.dot,362,0.1,0.5,1.0,0.5,2,1846.5155104902412,27979.03137391439,15.152340294442524,27979.03137391439,None,11674.558388400726,0.0,17587.392814206236,9.524638549901411,30545.72758620912,optimize_random_heur,14871.322074828127,4.854360342025757,17206.20550097047,9.318202529694593,31611.29073623725,optimize_single_point_heur,15025.803534969014,8.909433126449585,16441.543363567867,8.904091663547801,30011.753215968114,optimize_single_point_heur,14385.82145372748,8.722465515136719,16406.420834834655,8.885070686722164,31732.213022922326,optimize_single_point_heur,15074.044908802754,169.89996027946472,16269.980489262794,8.811179974839849,27825.806233244788,optimize_single_point_heur,13813.074781405321,105.99053478240967,16238.262648564214,8.79400284282098,30183.833103510628,optimize_single_point_heur,14372.004394507836,104.90657997131348,9830.932896294875,5.324045663545392,23614.25859535621,optimize_single_point_heur,9497.447128165444,111.7122015953064
2026-04-11 21:18:37,config_resnet_comm_area_0.5_hw_0.1_seed_0,inputs/task_graph_topology/soda-benchmark-graphs/pytorch-graphs/rez_net_tosa.dot,362,0.1,0.5,1.0,0.5,0,1882.4107899820458,27460.79287667553,14.588097891713343,27460.79287667553,None,11587.059727014797,0.0,17298.657908405614,9.189629596508318,31878.596489256142,optimize_random_heur,15441.198343016591,4.902464866638184,17617.002302677556,9.358744858684956,30457.7332625311,optimize_single_point_heur,14813.632661839652,9.205191850662231,17167.763419082097,9.12009403603442,31785.327337565628,optimize_single_point_heur,15274.203429005322,8.844454050064087,16007.831218702964,8.50389899159877,29154.033595895635,optimize_single_point_heur,13912.61310069903,168.5757577419281,16504.970845054133,8.767996301812293,29804.60564702369,optimize_single_point_heur,14187.998838180221,111.51432180404663,16102.241166156187,8.554052734849533,28769.710138703238,optimize_single_point_heur,13889.592455645892,108.01575493812561,9710.081247540254,5.158322136281884,23267.573162449706,optimize_single_point_heur,9840.24293369808,107.66050910949707
2026-04-11 21:18:38,config_resnet_comm_area_0.5_hw_0.3_seed_2,inputs/task_graph_topology/soda-benchmark-graphs/pytorch-graphs/rez_net_tosa.dot,362,0.3,0.5,1.0,0.5,2,5536.746531470723,30964.714201155806,5.592582941110484,30964.714201155806,None,13029.629508549911,0.0,18454.090264956147,3.3330206033567866,18454.090264956147,optimize_random_heur,18454.09026495615,5.033126354217529,18355.13609918463,3.315148344764297,33426.885268781094,optimize_single_point_heur,15725.35651032827,9.006960153579712,17521.809899411182,3.164640064308104,31946.280769682344,optimize_single_point_heur,15186.237188055244,8.653043270111084,17200.458112142176,3.1066002415633838,30270.39815254419,optimize_single_point_heur,14312.76855728916,170.7225387096405,16239.420214886784,2.933025762075678,30939.592516518478,optimize_single_point_heur,15161.262607850913,107.96043038368225,15723.130302280624,2.8397778754925405,31347.512565727615,optimize_single_point_heur,14070.780642139973,105.28565621376038,10392.251746891321,1.876959995878813,26954.993782404053,optimize_single_point_heur,10318.599132980708,112.96701097488403
2026-04-11 21:18:40,config_resnet_comm_area_0.5_hw_0.1_seed_1,inputs/task_graph_topology/soda-benchmark-graphs/pytorch-graphs/rez_net_tosa.dot,362,0.1,0.5,1.0,0.5,1,1874.8056238208103,27113.191723150983,14.461868141772975,27113.191723150983,None,11017.069067565142,0.0,17774.053919319045,9.48047823917657,32424.573651188704,optimize_random_heur,15877.575902003575,4.759828805923462,17101.097810358144,9.121531103318596,32452.325530233342,optimize_single_point_heur,14491.019254574583,9.464456558227539,16818.02751820307,8.970544628476375,31492.543832546016,optimize_single_point_heur,15205.99578423975,8.258414268493652,16059.662401707217,8.56604129924573,29142.63272238912,optimize_single_point_heur,14055.702124669551,166.5477123260498,16026.566636421683,8.548388394397875,31522.680149336054,optimize_single_point_heur,14290.85925227165,110.20294952392578,15930.04104717033,8.496902742752221,29225.2109556973,optimize_single_point_heur,13660.754881545034,108.1593668460846,9342.818105544959,4.983352933678805,24263.059776605158,optimize_single_point_heur,9197.213341728042,114.28778076171875
2026-04-11 21:18:51,config_resnet_comm_area_0.5_hw_0.3_seed_1,inputs/task_graph_topology/soda-benchmark-graphs/pytorch-graphs/rez_net_tosa.dot,362,0.3,0.5,1.0,0.5,1,5622.466111130952,29946.635509545336,5.32624562205171,29946.635509545336,None,12426.524697825997,0.0,18102.043045460247,3.2195913123643605,18102.043045460247,optimize_random_heur,18102.043045460232,4.83713436126709,18102.043045460247,3.2195913123643605,18102.043045460247,optimize_single_point_heur,18102.043045460232,9.58965277671814,17891.810201345885,3.1821997407729983,33982.17976399844,optimize_single_point_heur,15630.773610487215,8.350579738616943,17138.836798242824,3.0482774745965284,33208.772696680266,optimize_single_point_heur,15140.962778734181,173.58414506912231,16537.63443731718,2.941348886848276,31502.77002615701,optimize_single_point_heur,14491.290427394977,114.0385684967041,17096.015924047202,3.0406614439528137,31706.1737658811,optimize_single_point_heur,15080.699126148584,113.66312575340271,9913.295639465383,1.7631579174554304,27156.1081126922,optimize_single_point_heur,9981.859940139511,108.2688364982605
2026-04-11 21:19:08,config_resnet_comm_area_0.5_hw_0.5_seed_3,inputs/task_graph_topology/soda-benchmark-graphs/pytorch-graphs/rez_net_tosa.dot,362,0.5,0.5,1.0,0.5,3,9188.226125548912,32424.118717552396,3.5288768772672485,32424.118717552396,None,13016.520934695362,0.0,18488.643341502553,2.0122103101155475,18488.643341502553,optimize_random_heur,18488.64334150255,4.6935601234436035,18488.643341502553,2.0122103101155475,18488.643341502553,optimize_single_point_heur,18488.64334150255,8.908673763275146,18488.643341502553,2.0122103101155475,18488.643341502553,optimize_single_point_heur,18488.64334150255,8.577740669250488,17113.256115803204,1.8625201297797669,34268.528461323556,optimize_single_point_heur,15974.0322779704,161.80435419082642,17690.778033156115,1.9253746905471651,34519.06884620291,optimize_single_point_heur,16139.393186203779,108.49892735481262,17413.435571475176,1.8951901415502967,34555.09963248588,optimize_single_point_heur,15938.339149576665,108.00142431259155,10335.719228165024,1.1248873380929727,27815.90082183884,optimize_single_point_heur,10535.732206212762,98.33711004257202
2026-04-11 21:19:17,config_resnet_comm_area_0.5_hw_0.5_seed_0,inputs/task_graph_topology/soda-benchmark-graphs/pytorch-graphs/rez_net_tosa.dot,362,0.5,0.5,1.0,0.5,0,9381.973154962327,30863.422695927544,3.2896515675493294,30863.422695927544,None,13872.544659108831,0.0,18629.163527484416,1.9856338554572661,18629.163527484416,optimize_random_heur,18629.163527484412,4.85753607749939,18629.163527484416,1.9856338554572661,18629.163527484416,optimize_single_point_heur,18629.163527484412,9.043301105499268,18629.163527484416,1.9856338554572661,18629.163527484416,optimize_single_point_heur,18629.163527484412,8.706323146820068,18226.21408116991,1.9426845270314672,34056.77508099365,optimize_single_point_heur,15933.17792234313,167.52956366539001,17704.734717450643,1.887101404472281,34091.70045010869,optimize_single_point_heur,15751.11494694957,108.32816791534424,17654.013904759453,1.8816952055998868,32484.382529959417,optimize_single_point_heur,15262.917016888587,107.91277241706848,10920.155500346187,1.1639508363515496,27005.782389793203,optimize_single_point_heur,10732.718016389717,100.74279260635376
2026-04-11 21:19:17,config_resnet_comm_area_0.5_hw_0.5_seed_2,inputs/task_graph_topology/soda-benchmark-graphs/pytorch-graphs/rez_net_tosa.dot,362,0.5,0.5,1.0,0.5,2,9115.752422925836,34097.205846697754,3.74047080973199,34097.205846697754,None,15266.56878962643,0.0,18454.090264956147,2.0244176683149795,18454.090264956147,optimize_random_heur,18454.09026495615,4.878063440322876,18454.090264956147,2.0244176683149795,18454.090264956147,optimize_single_point_heur,18454.09026495615,8.833500385284424,18454.090264956147,2.0244176683149795,18454.090264956147,optimize_single_point_heur,18454.09026495615,8.629465579986572,18123.295172487302,1.9881293755749414,34386.9846803876,optimize_single_point_heur,15730.345124506286,169.663920879364,17885.567505386694,1.9620505994003352,33120.67405197886,optimize_single_point_heur,15993.72749352975,107.36407160758972,17896.112263667932,1.9632073616501213,32699.142923976706,optimize_single_point_heur,14902.92435482036,106.55470514297485,10307.232114629787,1.1307055782589506,28110.17649429797,optimize_single_point_heur,10918.737729705863,101.42095112800598
2026-04-11 21:19:17,config_resnet_comm_area_0.5_hw_0.7_seed_3,inputs/task_graph_topology/soda-benchmark-graphs/pytorch-graphs/rez_net_tosa.dot,362,0.7,0.5,1.0,0.5,3,12131.938308362962,36550.49070712838,3.0127494698792585,36550.49070712838,None,15616.096492915001,0.0,18488.643341502553,1.5239645035746427,18488.643341502553,optimize_random_heur,18488.64334150255,4.658220529556274,18488.643341502553,1.5239645035746427,18488.643341502553,optimize_single_point_heur,18488.64334150255,8.926949977874756,18488.643341502553,1.5239645035746427,18488.643341502553,optimize_single_point_heur,18488.64334150255,8.673059463500977,18488.643341502553,1.5239645035746427,18488.643341502553,optimize_single_point_heur,18488.64334150255,164.16416215896606,18488.643341502553,1.5239645035746427,18488.643341502553,optimize_single_point_heur,18488.64334150255,110.38200879096985,18391.488259830774,1.5159562958833124,34116.69554820529,optimize_single_point_heur,16343.018561626766,106.7102460861206,10691.985337152375,0.8813089108590358,31673.720889350585,optimize_single_point_heur,11166.842011591503,103.94109988212585
2026-04-11 21:19:18,config_resnet_comm_area_0.5_hw_0.9_seed_3,inputs/task_graph_topology/soda-benchmark-graphs/pytorch-graphs/rez_net_tosa.dot,362,0.9,0.5,1.0,0.5,3,14011.823640372608,39768.56136935882,2.838214524394433,39768.56136935882,None,18351.96141192096,0.0,18488.643341502553,1.3195030008963842,18488.643341502553,optimize_random_heur,18488.64334150255,4.822129487991333,18488.643341502553,1.3195030008963842,18488.643341502553,optimize_single_point_heur,18488.64334150255,9.226887464523315,18488.643341502553,1.3195030008963842,18488.643341502553,optimize_single_point_heur,18488.64334150255,8.790928840637207,18488.643341502553,1.3195030008963842,18488.643341502553,optimize_single_point_heur,18488.64334150255,168.33005547523499,18488.643341502553,1.3195030008963842,18488.643341502553,optimize_single_point_heur,18488.64334150255,111.3016312122345,18488.643341502553,1.3195030008963842,18488.643341502553,optimize_single_point_heur,18488.64334150255,108.54325294494629,10960.498393484415,0.782232111593502,34124.15705074535,optimize_single_point_heur,10763.9702109166,97.65812063217163
2026-04-11 21:19:21,config_resnet_comm_area_0.5_hw_0.7_seed_2,inputs/task_graph_topology/soda-benchmark-graphs/pytorch-graphs/rez_net_tosa.dot,362,0.7,0.5,1.0,0.5,2,12136.897891641467,36903.984425005045,3.0406438905958306,36903.984425005045,None,16823.938435387186,0.0,18454.090264956147,1.5204948109240708,18454.090264956147,optimize_random_heur,18454.09026495615,4.930205821990967,18454.090264956147,1.5204948109240708,18454.090264956147,optimize_single_point_heur,18454.09026495615,8.966167688369751,18454.090264956147,1.5204948109240708,18454.090264956147,optimize_single_point_heur,18454.09026495615,8.781232357025146,18454.090264956147,1.5204948109240708,18454.090264956147,optimize_single_point_heur,18454.09026495615,171.57906937599182,18454.090264956147,1.5204948109240708,18454.090264956147,optimize_single_point_heur,18454.09026495615,108.1751549243927,18454.090264956147,1.5204948109240708,18454.090264956147,optimize_single_point_heur,18454.09026495615,105.85577487945557,10874.734274199416,0.8960060776064296,29144.716024930993,optimize_single_point_heur,10560.155203563376,102.88010954856873
2026-04-11 21:19:25,config_resnet_comm_area_0.5_hw_0.5_seed_1,inputs/task_graph_topology/soda-benchmark-graphs/pytorch-graphs/rez_net_tosa.dot,362,0.5,0.5,1.0,0.5,1,9327.408457009906,32534.739359572068,3.488079192577973,32534.739359572068,None,13667.741189033008,0.0,18102.043045460247,1.9407366074824208,18102.043045460247,optimize_random_heur,18102.043045460232,4.791949987411499,18102.043045460247,1.9407366074824208,18102.043045460247,optimize_single_point_heur,18102.043045460232,9.713895797729492,18102.043045460247,1.9407366074824208,18102.043045460247,optimize_single_point_heur,18102.043045460232,8.389890670776367,17408.334212620848,1.8663634484172091,35159.42915299783,optimize_single_point_heur,15194.05642357513,168.67372751235962,18102.043045460247,1.9407366074824208,18102.043045460247,optimize_single_point_heur,18102.043045460232,112.03367495536804,18102.043045460247,1.9407366074824208,18102.043045460247,optimize_single_point_heur,18102.043045460232,109.99429440498352,11385.2037142051,1.2206181134534406,28674.319721438926,optimize_single_point_heur,11987.739247763362,101.73035597801208
2026-04-11 21:19:29,config_resnet_comm_area_0.5_hw_0.7_seed_0,inputs/task_graph_topology/soda-benchmark-graphs/pytorch-graphs/rez_net_tosa.dot,362,0.7,0.5,1.0,0.5,0,12435.19119187881,34702.25387872414,2.7906490011498604,34702.25387872414,None,15822.687625101415,0.0,18629.163527484416,1.4981002897366607,18629.163527484416,optimize_random_heur,18629.163527484412,4.851309061050415,18629.163527484416,1.4981002897366607,18629.163527484416,optimize_single_point_heur,18629.163527484412,9.09361481666565,18629.163527484416,1.4981002897366607,18629.163527484416,optimize_single_point_heur,18629.163527484412,8.720481872558594,18629.163527484416,1.4981002897366607,18629.163527484416,optimize_single_point_heur,18629.163527484412,170.77572870254517,18629.163527484416,1.4981002897366607,18629.163527484416,optimize_single_point_heur,18629.163527484412,109.13845086097717,18629.163527484416,1.4981002897366607,18629.163527484416,optimize_single_point_heur,18629.163527484412,109.29195737838745,10347.063809634506,0.8320791896140671,28290.020808625148,optimize_single_point_heur,10615.315759582792,107.27865409851074
2026-04-11 21:19:31,config_resnet_comm_area_0.5_hw_0.7_seed_1,inputs/task_graph_topology/soda-benchmark-graphs/pytorch-graphs/rez_net_tosa.dot,362,0.7,0.5,1.0,0.5,1,12416.759025060455,35632.03074750999,2.869672406108123,35632.03074750999,None,16283.776193938776,0.0,18102.043045460247,1.4578718173498668,18102.043045460247,optimize_random_heur,18102.043045460232,4.689319610595703,18102.043045460247,1.4578718173498668,18102.043045460247,optimize_single_point_heur,18102.043045460232,9.502625942230225,18102.043045460247,1.4578718173498668,18102.043045460247,optimize_single_point_heur,18102.043045460232,8.226804256439209,18102.043045460247,1.4578718173498668,18102.043045460247,optimize_single_point_heur,18102.043045460232,169.5633668899536,18102.043045460247,1.4578718173498668,18102.043045460247,optimize_single_point_heur,18102.043045460232,112.85244345664978,18102.043045460247,1.4578718173498668,18102.043045460247,optimize_single_point_heur,18102.043045460232,111.25014090538025,11272.424219332364,0.9078394931061715,31330.696181918243,optimize_single_point_heur,10823.486742640816,105.2770676612854
2026-04-11 21:19:32,config_resnet_comm_area_0.5_hw_0.9_seed_1,inputs/task_graph_topology/soda-benchmark-graphs/pytorch-graphs/rez_net_tosa.dot,362,0.9,0.5,1.0,0.5,1,14355.374905527202,36957.54140112202,2.5744741356000658,36957.54140112202,None,17716.32466553612,0.0,18102.043045460247,1.26099409904582,18102.043045460247,optimize_random_heur,18102.043045460232,4.753652572631836,18102.043045460247,1.26099409904582,18102.043045460247,optimize_single_point_heur,18102.043045460232,9.514506578445435,18102.043045460247,1.26099409904582,18102.043045460247,optimize_single_point_heur,18102.043045460232,8.193767786026001,18102.043045460247,1.26099409904582,18102.043045460247,optimize_single_point_heur,18102.043045460232,168.62589144706726,18102.043045460247,1.26099409904582,18102.043045460247,optimize_single_point_heur,18102.043045460232,112.0918128490448,18102.043045460247,1.26099409904582,18102.043045460247,optimize_single_point_heur,18102.043045460232,112.43880891799927,11696.44873091796,0.8147783536056948,31992.749249931556,optimize_single_point_heur,12420.397542848852,106.77292990684509
2026-04-11 21:19:35,config_resnet_comm_area_0.5_hw_0.9_seed_2,inputs/task_graph_topology/soda-benchmark-graphs/pytorch-graphs/rez_net_tosa.dot,362,0.9,0.5,1.0,0.5,2,14094.642937542387,37719.6906288079,2.676172131210079,37719.6906288079,None,17444.57228819261,0.0,18454.090264956147,1.309298174258957,18454.090264956147,optimize_random_heur,18454.09026495615,4.936975717544556,18454.090264956147,1.309298174258957,18454.090264956147,optimize_single_point_heur,18454.09026495615,8.99640941619873,18454.090264956147,1.309298174258957,18454.090264956147,optimize_single_point_heur,18454.09026495615,8.77135419845581,18454.090264956147,1.309298174258957,18454.090264956147,optimize_single_point_heur,18454.09026495615,170.2159984111786,18454.090264956147,1.309298174258957,18454.090264956147,optimize_single_point_heur,18454.09026495615,110.68904113769531,18454.090264956147,1.309298174258957,18454.090264956147,optimize_single_point_heur,18454.09026495615,110.32044863700867,11428.665074423256,0.810851692027043,29923.692531094377,optimize_single_point_heur,10924.276894154937,103.84496879577637
2026-04-11 21:19:41,config_resnet_comm_area_0.5_hw_0.9_seed_0,inputs/task_graph_topology/soda-benchmark-graphs/pytorch-graphs/rez_net_tosa.dot,362,0.9,0.5,1.0,0.5,0,14402.616019849005,36614.95985702921,2.542243701183743,36614.95985702921,None,18390.578601541103,0.0,18629.163527484416,1.293456931838673,18629.163527484416,optimize_random_heur,18629.163527484412,4.978991985321045,18629.163527484416,1.293456931838673,18629.163527484416,optimize_single_point_heur,18629.163527484412,9.355788230895996,18629.163527484416,1.293456931838673,18629.163527484416,optimize_single_point_heur,18629.163527484412,9.044569730758667,18629.163527484416,1.293456931838673,18629.163527484416,optimize_single_point_heur,18629.163527484412,173.7864511013031,18629.163527484416,1.293456931838673,18629.163527484416,optimize_single_point_heur,18629.163527484412,113.64873909950256,18629.163527484416,1.293456931838673,18629.163527484416,optimize_single_point_heur,18629.163527484412,110.97530627250671,11245.94500583145,0.7808265519495083,31968.426834524056,optimize_single_point_heur,11110.928026284964,109.27776193618774
2026-04-11 21:20:45,config_resnet_comm_area_0.9_hw_0.3_seed_3,inputs/task_graph_topology/soda-benchmark-graphs/pytorch-graphs/rez_net_tosa.dot,362,0.3,0.5,1.0,0.9,3,5537.632343559011,11207.965437845001,2.023963445475272,11207.965437845001,None,4602.444046338183,0.0,17099.84862192423,3.0879349803375056,32646.789575303563,optimize_random_heur,15163.475200191522,8.367396354675293,16617.037794529064,3.0007477498676574,32882.134166346514,optimize_single_point_heur,13761.80635414276,16.02611804008484,16952.05053634209,3.0612452190076387,30459.12282858284,optimize_single_point_heur,14109.297370650724,15.195580005645752,17744.36034873949,3.2043225782907916,32575.941499619046,optimize_single_point_heur,15722.065880181923,154.26378273963928,15286.528126168327,2.760480865788888,31715.86520908215,optimize_single_point_heur,13543.758519116185,154.9616138935089,15451.114598319102,2.79020231747432,29565.001622917178,optimize_single_point_heur,13984.231132764135,154.55112051963806,6021.220473661221,1.0873275978071542,17107.590229652633,optimize_single_point_heur,6063.904239150373,93.33056616783142
2026-04-11 21:20:46,config_resnet_comm_area_0.9_hw_0.5_seed_0,inputs/task_graph_topology/soda-benchmark-graphs/pytorch-graphs/rez_net_tosa.dot,362,0.5,0.5,1.0,0.9,0,9381.973154962327,15212.665529651147,1.621478262448965,15212.665529651147,None,6630.167585187912,0.0,18629.163527484416,1.9856338554572661,18629.163527484416,optimize_random_heur,18629.163527484412,8.290350198745728,18027.32781752323,1.9214857599531918,31404.76942086023,optimize_single_point_heur,15824.42656556691,16.17766809463501,18512.28083303716,1.9731756345141125,34436.23607115026,optimize_single_point_heur,16083.808638677436,15.105104684829712,18370.224718823603,1.9580342445455834,36642.15867429763,optimize_single_point_heur,15229.96902037106,154.39655208587646,16802.05887964729,1.7908875459487243,32871.84954289227,optimize_single_point_heur,14265.399051581573,156.11620259284973,16688.78876172377,1.7788143800962286,34023.71957104618,optimize_single_point_heur,15624.83339339118,155.29191374778748,6530.5630883778795,0.6960756527984441,20346.043331391542,optimize_single_point_heur,7157.85683844224,92.42794609069824
2026-04-11 21:20:49,config_resnet_comm_area_0.7_hw_0.3_seed_3,inputs/task_graph_topology/soda-benchmark-graphs/pytorch-graphs/rez_net_tosa.dot,362,0.3,0.5,1.0,0.7,3,5537.632343559011,22628.625321403186,4.086335805179127,22628.625321403186,None,9512.636163782476,0.0,17099.84862192423,3.0879349803375056,32646.789575303563,optimize_random_heur,15163.475200191522,8.464192628860474,16617.037794529064,3.0007477498676574,32882.134166346514,optimize_single_point_heur,13761.80635414276,15.937888860702515,16952.05053634209,3.0612452190076387,30459.12282858284,optimize_single_point_heur,14109.297370650724,15.012648105621338,17744.36034873949,3.2043225782907916,32575.941499619046,optimize_single_point_heur,15722.065880181923,155.58365440368652,15286.528126168327,2.760480865788888,31715.86520908215,optimize_single_point_heur,13543.758519116185,155.4428210258484,15451.114598319102,2.79020231747432,29565.001622917178,optimize_single_point_heur,13984.231132764135,156.078204870224,6741.958238897441,1.2174802913268914,20191.735839282042,optimize_single_point_heur,7079.102683850644,94.63033699989319
2026-04-11 21:20:50,config_resnet_comm_area_0.9_hw_0.5_seed_1,inputs/task_graph_topology/soda-benchmark-graphs/pytorch-graphs/rez_net_tosa.dot,362,0.5,0.5,1.0,0.9,1,9327.408457009906,16814.517840420416,1.8026998515095218,16814.517840420416,None,7678.425165621715,0.0,18102.043045460247,1.9407366074824208,18102.043045460247,optimize_random_heur,18102.043045460232,8.393021821975708,18102.043045460247,1.9407366074824208,18102.043045460247,optimize_single_point_heur,18102.043045460232,16.118892431259155,18102.043045460247,1.9407366074824208,18102.043045460247,optimize_single_point_heur,18102.043045460232,15.16801381111145,18102.043045460247,1.9407366074824208,18102.043045460247,optimize_single_point_heur,18102.043045460232,155.36883425712585,17425.48192439811,1.8682018702957295,34408.04748458066,optimize_single_point_heur,15200.808334279067,156.8510320186615,16886.020009753614,1.8103656645445951,33454.83527619881,optimize_single_point_heur,15134.614139248108,156.1636061668396,7466.170684709152,0.8004549944521876,20908.51287003558,optimize_single_point_heur,7782.115926783085,92.83369994163513
2026-04-11 21:20:52,config_resnet_comm_area_0.7_hw_0.1_seed_3,inputs/task_graph_topology/soda-benchmark-graphs/pytorch-graphs/rez_net_tosa.dot,362,0.1,0.5,1.0,0.7,3,1846.6107811863385,19555.338541283945,10.589853985754807,19555.338541283945,None,7854.338753020938,0.0,16130.29264453699,8.735079860290986,30486.71787689646,optimize_random_heur,14352.89229496629,8.34030818939209,15422.708529612239,8.35189997087749,30682.173939546123,optimize_single_point_heur,12866.856832304373,16.160828351974487,15876.39198052455,8.597584364976417,28222.127980812926,optimize_single_point_heur,13394.112446333378,15.111647129058838,16862.510559540067,9.13159975634221,30023.48194945199,optimize_single_point_heur,13851.57859871324,152.10679054260254,14461.678608137743,7.831470906309216,29374.843288688993,optimize_single_point_heur,12667.015098037484,154.77447295188904,14439.757044219403,7.819599664062781,27250.995332069393,optimize_single_point_heur,13348.940317051574,154.5547354221344,6333.634921259783,3.4298700006456135,17487.347095631856,optimize_single_point_heur,6406.613449164284,102.91195344924927
2026-04-11 21:20:55,config_resnet_comm_area_0.7_hw_0.5_seed_0,inputs/task_graph_topology/soda-benchmark-graphs/pytorch-graphs/rez_net_tosa.dot,362,0.5,0.5,1.0,0.7,0,9381.973154962327,26063.3385816713,2.7780231462169387,26063.3385816713,None,10676.696182266232,0.0,18629.163527484416,1.9856338554572661,18629.163527484416,optimize_random_heur,18629.163527484412,8.475809335708618,18027.32781752323,1.9214857599531918,31404.76942086023,optimize_single_point_heur,15824.42656556691,16.128257513046265,18512.28083303716,1.9731756345141125,34436.23607115026,optimize_single_point_heur,16083.808638677436,15.320027112960815,18370.224718823603,1.9580342445455834,36642.15867429763,optimize_single_point_heur,15229.96902037106,157.36993885040283,16802.05887964729,1.7908875459487243,32871.84954289227,optimize_single_point_heur,14265.399051581573,158.24672031402588,16688.78876172377,1.7788143800962286,34023.71957104618,optimize_single_point_heur,15624.83339339118,157.895592212677,8326.981426164515,0.8875511887134527,22441.07494126372,optimize_single_point_heur,8897.953505322694,93.65527033805847
2026-04-11 21:20:56,config_resnet_comm_area_0.7_hw_0.5_seed_1,inputs/task_graph_topology/soda-benchmark-graphs/pytorch-graphs/rez_net_tosa.dot,362,0.5,0.5,1.0,0.7,1,9327.408457009906,25571.346783296594,2.7415274994287127,25571.346783296594,None,10278.59222601673,0.0,18102.043045460247,1.9407366074824208,18102.043045460247,optimize_random_heur,18102.043045460232,8.516427516937256,18102.043045460247,1.9407366074824208,18102.043045460247,optimize_single_point_heur,18102.043045460232,16.153701782226562,18102.043045460247,1.9407366074824208,18102.043045460247,optimize_single_point_heur,18102.043045460232,15.16680359840393,18102.043045460247,1.9407366074824208,18102.043045460247,optimize_single_point_heur,18102.043045460232,155.2659718990326,17425.48192439811,1.8682018702957295,34408.04748458066,optimize_single_point_heur,15200.808334279067,159.1770989894867,16886.020009753614,1.8103656645445951,33454.83527619881,optimize_single_point_heur,15134.614139248108,156.45892000198364,8458.138669029657,0.9068047902065488,23848.219444877042,optimize_single_point_heur,8576.682891826236,97.53135681152344
2026-04-11 21:20:59,config_resnet_comm_area_0.7_hw_0.3_seed_0,inputs/task_graph_topology/soda-benchmark-graphs/pytorch-graphs/rez_net_tosa.dot,362,0.3,0.5,1.0,0.7,0,5645.584530124685,21997.834827562343,3.8964671789400187,21997.834827562343,None,8551.629256148126,0.0,17943.710208395194,3.178361799854035,34758.25415438968,optimize_random_heur,16669.844944993456,8.529204845428467,16996.97861122303,3.010667632470582,29275.029674679205,optimize_single_point_heur,14917.12062259889,16.368597745895386,17718.662591670196,3.1384992106882637,34097.18168403831,optimize_single_point_heur,15620.598047347748,15.135490417480469,18162.160179243267,3.2170557507961264,33076.040608867435,optimize_single_point_heur,15833.122251459718,153.59704160690308,15816.414636529906,2.8015548349571153,29616.01571496866,optimize_single_point_heur,14412.7591736591,157.5781033039093,15868.456522570477,2.8107729922201723,28299.735767141156,optimize_single_point_heur,14045.358033164186,157.89419507980347,6416.48422405519,1.136549136731016,20915.06105996913,optimize_single_point_heur,6764.781492554869,101.59350800514221
2026-04-11 21:21:02,config_resnet_comm_area_0.7_hw_0.3_seed_2,inputs/task_graph_topology/soda-benchmark-graphs/pytorch-graphs/rez_net_tosa.dot,362,0.3,0.5,1.0,0.7,2,5536.746531470723,23507.8770532101,4.245792528083404,23507.8770532101,None,9620.51837743038,0.0,17453.55187358368,3.152311881061946,32816.43262379359,optimize_random_heur,15376.99424289534,8.471912145614624,17155.016991967117,3.098393053476161,30951.95799829569,optimize_single_point_heur,14750.752044654731,16.45554518699646,17521.809899411182,3.164640064308104,31946.280769682344,optimize_single_point_heur,15186.237188055244,15.56774640083313,17808.91376580966,3.216494319287375,32087.17053029953,optimize_single_point_heur,14977.924379568762,157.17754101753235,15659.119375249882,2.828216767056945,30149.513323312152,optimize_single_point_heur,13674.45646751255,159.73236513137817,15375.588452582577,2.7770078267423175,28423.51129361412,optimize_single_point_heur,13201.902554432623,157.10704922676086,6999.782806541471,1.2642411507832059,20784.58952523392,optimize_single_point_heur,7198.402645762195,100.44699025154114
2026-04-11 21:21:13,config_resnet_comm_area_0.7_hw_0.3_seed_1,inputs/task_graph_topology/soda-benchmark-graphs/pytorch-graphs/rez_net_tosa.dot,362,0.3,0.5,1.0,0.7,1,5622.466111130952,22928.377138021806,4.077992945591946,22928.377138021806,None,9218.498185519747,0.0,17494.263558364484,3.1114929307854085,34199.30346367814,optimize_random_heur,15185.025400701352,8.63854193687439,17305.85838365105,3.0779835825760093,31502.771284170507,optimize_single_point_heur,14890.348033870003,16.731590509414673,17168.99808469582,3.0536418975840296,33332.372419489926,optimize_single_point_heur,15101.545800053325,15.592040538787842,17632.58931224825,3.1360952585095214,32969.84409455928,optimize_single_point_heur,14952.84687666726,158.1489176750183,15482.794963068634,2.753737356000584,31517.755410921203,optimize_single_point_heur,14178.574347855421,158.57989120483398,15643.468676887467,2.7823144448870325,30939.719790219675,optimize_single_point_heur,13655.407687967589,157.4441521167755,7769.968170498542,1.3819502006630366,21645.393648748053,optimize_single_point_heur,7347.525479630059,109.91203427314758
2026-04-11 21:21:15,config_resnet_comm_area_0.9_hw_0.3_seed_1,inputs/task_graph_topology/soda-benchmark-graphs/pytorch-graphs/rez_net_tosa.dot,362,0.3,0.5,1.0,0.9,1,5622.466111130952,12137.497268674591,2.1587497423320436,12137.497268674591,None,4771.148460433225,0.0,17494.263558364484,3.1114929307854085,34199.30346367814,optimize_random_heur,15185.025400701352,8.60017728805542,17305.85838365105,3.0779835825760093,31502.771284170507,optimize_single_point_heur,14890.348033870003,16.697142124176025,17168.99808469582,3.0536418975840296,33332.372419489926,optimize_single_point_heur,15101.545800053325,15.46329927444458,17632.58931224825,3.1360952585095214,32969.84409455928,optimize_single_point_heur,14952.84687666726,156.8845522403717,15482.794963068634,2.753737356000584,31517.755410921203,optimize_single_point_heur,14178.574347855421,158.4411199092865,15643.468676887467,2.7823144448870325,30939.719790219675,optimize_single_point_heur,13655.407687967589,157.25105333328247,6936.889280896296,1.2337805410979967,18980.477454112093,optimize_single_point_heur,6933.903583294906,113.12562370300293
2026-04-11 21:21:17,config_resnet_comm_area_0.9_hw_0.3_seed_2,inputs/task_graph_topology/soda-benchmark-graphs/pytorch-graphs/rez_net_tosa.dot,362,0.3,0.5,1.0,0.9,2,5536.746531470723,12129.703988174151,2.1907638211771534,12129.703988174151,None,5059.211207998736,0.0,17453.55187358368,3.152311881061946,32816.43262379359,optimize_random_heur,15376.99424289534,8.807425022125244,17155.016991967117,3.098393053476161,30951.95799829569,optimize_single_point_heur,14750.752044654731,16.852845907211304,17521.809899411182,3.164640064308104,31946.280769682344,optimize_single_point_heur,15186.237188055244,15.794409990310669,17808.91376580966,3.216494319287375,32087.17053029953,optimize_single_point_heur,14977.924379568762,159.37730073928833,15659.119375249882,2.828216767056945,30149.513323312152,optimize_single_point_heur,13674.45646751255,162.96808314323425,15375.588452582577,2.7770078267423175,28423.51129361412,optimize_single_point_heur,13201.902554432623,162.02210807800293,5826.2966770035755,1.0522960810806594,17531.411925338405,optimize_single_point_heur,5704.02321222569,102.65546226501465
2026-04-11 21:21:19,config_resnet_comm_area_0.9_hw_0.7_seed_3,inputs/task_graph_topology/soda-benchmark-graphs/pytorch-graphs/rez_net_tosa.dot,362,0.7,0.5,1.0,0.9,3,12131.938308362962,21551.760634012087,1.7764482546993927,21551.760634012087,None,8237.674415114825,0.0,18488.643341502553,1.5239645035746427,18488.643341502553,optimize_random_heur,18488.64334150255,8.750170230865479,18488.643341502553,1.5239645035746427,18488.643341502553,optimize_single_point_heur,18488.64334150255,16.745578289031982,18488.643341502553,1.5239645035746427,18488.643341502553,optimize_single_point_heur,18488.64334150255,15.773825407028198,18488.643341502553,1.5239645035746427,18488.643341502553,optimize_single_point_heur,18488.64334150255,161.81869912147522,17186.48915248074,1.4166317628431644,34913.1649187136,optimize_single_point_heur,14943.052835522109,163.2162480354309,17805.7532611435,1.4676758823336074,36495.57587848466,optimize_single_point_heur,15363.15887798307,163.0936620235443,7734.24090545398,0.6375107347951565,22693.896841412166,optimize_single_point_heur,7940.153223026964,100.8569974899292
2026-04-11 21:21:26,config_resnet_comm_area_0.9_hw_0.7_seed_2,inputs/task_graph_topology/soda-benchmark-graphs/pytorch-graphs/rez_net_tosa.dot,362,0.7,0.5,1.0,0.9,2,12136.897891641467,20802.261200353736,1.713968543368895,20802.261200353736,None,8949.280227600568,0.0,18454.090264956147,1.5204948109240708,18454.090264956147,optimize_random_heur,18454.09026495615,8.672281980514526,18454.090264956147,1.5204948109240708,18454.090264956147,optimize_single_point_heur,18454.09026495615,16.625391483306885,18454.090264956147,1.5204948109240708,18454.090264956147,optimize_single_point_heur,18454.09026495615,15.737822771072388,18454.090264956147,1.5204948109240708,18454.090264956147,optimize_single_point_heur,18454.09026495615,165.77773666381836,17400.057250885842,1.433649471737671,36273.83154349484,optimize_single_point_heur,15534.125752404478,162.98593997955322,17932.76804513371,1.4775413128822472,33622.900996006,optimize_single_point_heur,15096.077493117054,161.9234697818756,9232.015168342119,0.7606569034992124,24912.650376318838,optimize_single_point_heur,9093.569965923285,104.79481744766235
2026-04-11 21:21:36,config_resnet_comm_area_0.9_hw_0.5_seed_3,inputs/task_graph_topology/soda-benchmark-graphs/pytorch-graphs/rez_net_tosa.dot,362,0.5,0.5,1.0,0.9,3,9188.226125548912,16722.826606265902,1.8200277591956704,16722.826606265902,None,6599.304001455977,0.0,18080.58607909987,1.9677994241809893,34806.86127371064,optimize_random_heur,16018.138578335305,8.984881162643433,17832.781869046037,1.9408296689020257,35082.09439314688,optimize_single_point_heur,14798.261105596343,17.254682064056396,18075.346458391203,1.9672291703978244,32696.117676352733,optimize_single_point_heur,14842.10359408472,16.03496479988098,18488.643341502553,2.0122103101155475,18488.643341502553,optimize_single_point_heur,18488.64334150255,166.51399660110474,16425.871857911516,1.7877087082388519,32857.178671819966,optimize_single_point_heur,15014.82882811919,165.75533819198608,15991.295945987931,1.7404116667875975,31381.270067593145,optimize_single_point_heur,14359.887912334698,163.15727829933167,6736.569200280743,0.7331740760655577,20838.435342330893,optimize_single_point_heur,7242.646666701036,109.73242282867432
2026-04-11 21:21:36,config_resnet_comm_area_0.9_hw_0.5_seed_2,inputs/task_graph_topology/soda-benchmark-graphs/pytorch-graphs/rez_net_tosa.dot,362,0.5,0.5,1.0,0.9,2,9115.752422925836,15304.126579048692,1.678865974964314,15304.126579048692,None,6205.034697688324,0.0,18388.572553139355,2.017230361247269,34765.471962063646,optimize_random_heur,16046.20130620818,8.779288530349731,18419.801716668742,2.020656207198378,33501.2055795774,optimize_single_point_heur,16657.341513834013,17.057625770568848,18454.090264956147,2.0244176683149795,18454.090264956147,optimize_single_point_heur,18454.09026495615,15.971267461776733,18454.090264956147,2.0244176683149795,18454.090264956147,optimize_single_point_heur,18454.09026495615,167.69290471076965,17119.86531054469,1.8780529040574596,32029.35446597257,optimize_single_point_heur,13850.444858095494,166.67560458183289,16439.43841728122,1.8034099276255617,31753.077573567527,optimize_single_point_heur,14757.26909469437,163.93212008476257,6889.670924280144,0.7557983811575263,21139.090785795288,optimize_single_point_heur,7366.631353659195,107.26846027374268
2026-04-11 21:21:41,config_resnet_comm_area_0.9_hw_0.7_seed_0,inputs/task_graph_topology/soda-benchmark-graphs/pytorch-graphs/rez_net_tosa.dot,362,0.7,0.5,1.0,0.9,0,12435.19119187881,22171.043759935324,1.7829274530507273,22171.043759935324,None,8698.576294424283,0.0,18629.163527484416,1.4981002897366607,18629.163527484416,optimize_random_heur,18629.163527484412,8.811966896057129,18629.163527484416,1.4981002897366607,18629.163527484416,optimize_single_point_heur,18629.163527484412,16.850440979003906,18629.163527484416,1.4981002897366607,18629.163527484416,optimize_single_point_heur,18629.163527484412,15.851088047027588,18629.163527484416,1.4981002897366607,18629.163527484416,optimize_single_point_heur,18629.163527484412,168.82350087165833,18243.72105005299,1.4671041858984544,36078.71921262066,optimize_single_point_heur,16170.010760973226,163.18877863883972,17707.690875026383,1.4239982805082196,34520.40887090934,optimize_single_point_heur,14901.758982029942,164.38999032974243,9429.15128531421,0.7582634749896094,26378.260602166854,optimize_single_point_heur,9229.152176611138,114.02816104888916
2026-04-11 21:21:42,config_resnet_comm_area_0.7_hw_0.7_seed_3,inputs/task_graph_topology/soda-benchmark-graphs/pytorch-graphs/rez_net_tosa.dot,362,0.7,0.5,1.0,0.7,3,12131.938308362962,30565.609389000918,2.519433301761104,30565.609389000918,None,12708.034245227367,0.0,18488.643341502553,1.5239645035746427,18488.643341502553,optimize_random_heur,18488.64334150255,9.298007249832153,18488.643341502553,1.5239645035746427,18488.643341502553,optimize_single_point_heur,18488.64334150255,17.943045377731323,18488.643341502553,1.5239645035746427,18488.643341502553,optimize_single_point_heur,18488.64334150255,16.5141863822937,18488.643341502553,1.5239645035746427,18488.643341502553,optimize_single_point_heur,18488.64334150255,164.6189363002777,17186.48915248074,1.4166317628431644,34913.1649187136,optimize_single_point_heur,14943.052835522109,171.24564814567566,17805.7532611435,1.4676758823336074,36495.57587848466,optimize_single_point_heur,15363.15887798307,170.08213663101196,8470.652030996373,0.6982109384085197,26570.272017238163,optimize_single_point_heur,9333.945045200508,101.40980339050293
2026-04-11 21:21:42,config_resnet_comm_area_0.7_hw_0.1_seed_2,inputs/task_graph_topology/soda-benchmark-graphs/pytorch-graphs/rez_net_tosa.dot,362,0.1,0.5,1.0,0.7,2,1846.5155104902412,21722.345128698053,11.763965699335431,21722.345128698053,None,8014.196586046207,0.0,16552.29992218808,8.964073049022762,30867.393285523518,optimize_random_heur,14618.132644725127,8.966786623001099,15883.493347091273,8.601873776231795,28685.794532371056,optimize_single_point_heur,13769.664338288145,17.118393898010254,16441.543363567867,8.904091663547801,30011.753215968114,optimize_single_point_heur,14385.82145372748,16.107378721237183,15929.90997339502,8.627011191022005,29721.27152702064,optimize_single_point_heur,13803.124844824737,168.18573546409607,14309.822220730934,7.749635537549177,27734.6050662344,optimize_single_point_heur,12523.22885244359,167.34142065048218,14730.563257316204,7.977492294882109,27537.64908620918,optimize_single_point_heur,12379.347059866868,166.17885065078735,5947.451854057609,3.2209054406906055,17309.93760425013,optimize_single_point_heur,5854.388903883867,108.76213479042053
2026-04-11 21:21:43,config_resnet_comm_area_0.7_hw_0.1_seed_0,inputs/task_graph_topology/soda-benchmark-graphs/pytorch-graphs/rez_net_tosa.dot,362,0.1,0.5,1.0,0.7,0,1882.4107899820458,19218.123809841545,10.20931451950764,19218.123809841545,None,7618.326477377718,0.0,17093.84309271111,9.080825069470702,29630.241194795995,optimize_random_heur,14603.88242480701,9.045045852661133,15970.817107447068,8.484235849285264,27145.36823070323,optimize_single_point_heur,14036.54168814253,17.211308240890503,16742.92701944395,8.89440663459204,30040.56862102178,optimize_single_point_heur,14569.525817815162,16.06638765335083,16668.502529267724,8.85486983923775,30250.742475175124,optimize_single_point_heur,15014.652458492776,168.4261257648468,14849.721930121228,7.888672339294689,27953.94315722985,optimize_single_point_heur,13402.007287037699,167.62080097198486,14660.343256016207,7.788068010466533,29859.015732051797,optimize_single_point_heur,13065.811487634985,167.46996307373047,6489.742042115218,3.447569508554037,17905.2705947076,optimize_single_point_heur,6456.877960978148,107.81189227104187
2026-04-11 21:21:44,config_resnet_comm_area_0.7_hw_0.9_seed_2,inputs/task_graph_topology/soda-benchmark-graphs/pytorch-graphs/rez_net_tosa.dot,362,0.9,0.5,1.0,0.7,2,14094.642937542387,32337.927988129497,2.2943417673954998,32337.927988129497,None,16015.558622844557,0.0,18454.090264956147,1.309298174258957,18454.090264956147,optimize_random_heur,18454.09026495615,9.10570502281189,18454.090264956147,1.309298174258957,18454.090264956147,optimize_single_point_heur,18454.09026495615,17.525277614593506,18454.090264956147,1.309298174258957,18454.090264956147,optimize_single_point_heur,18454.09026495615,16.24259114265442,18454.090264956147,1.309298174258957,18454.090264956147,optimize_single_point_heur,18454.09026495615,164.70312452316284,18454.090264956147,1.309298174258957,18454.090264956147,optimize_single_point_heur,18454.09026495615,170.06579279899597,18454.090264956147,1.309298174258957,18454.090264956147,optimize_single_point_heur,18454.09026495615,170.08512806892395,9770.319891422147,0.693193856326647,30184.06106516974,optimize_single_point_heur,9639.978497656713,105.47750639915466
2026-04-11 21:21:45,config_resnet_comm_area_0.7_hw_0.9_seed_3,inputs/task_graph_topology/soda-benchmark-graphs/pytorch-graphs/rez_net_tosa.dot,362,0.9,0.5,1.0,0.7,3,14011.823640372608,35715.403410212864,2.5489475407972737,35715.403410212864,None,16678.584400859167,0.0,18488.643341502553,1.3195030008963842,18488.643341502553,optimize_random_heur,18488.64334150255,9.06451153755188,18488.643341502553,1.3195030008963842,18488.643341502553,optimize_single_point_heur,18488.64334150255,17.48984456062317,18488.643341502553,1.3195030008963842,18488.643341502553,optimize_single_point_heur,18488.64334150255,16.70995783805847,18488.643341502553,1.3195030008963842,18488.643341502553,optimize_single_point_heur,18488.64334150255,166.102459192276,17586.706192758138,1.2551332820151357,38563.31449374383,optimize_single_point_heur,15279.80029341136,169.81857538223267,18093.935378597984,1.2913333655202088,36010.15955926492,optimize_single_point_heur,16173.089485928635,170.05402398109436,8197.6485094864,0.5850522187466246,27584.73227552052,optimize_single_point_heur,8313.863282200924,104.90962648391724
2026-04-11 21:21:45,config_resnet_comm_area_0.9_hw_0.9_seed_0,inputs/task_graph_topology/soda-benchmark-graphs/pytorch-graphs/rez_net_tosa.dot,362,0.9,0.5,1.0,0.9,0,14402.616019849005,28386.53517071881,1.970929109794903,28386.53517071881,None,11833.247011249949,0.0,18629.163527484416,1.293456931838673,18629.163527484416,optimize_random_heur,18629.163527484412,8.485074520111084,18629.163527484416,1.293456931838673,18629.163527484416,optimize_single_point_heur,18629.163527484412,16.393957138061523,18629.163527484416,1.293456931838673,18629.163527484416,optimize_single_point_heur,18629.163527484412,15.38801383972168,18629.163527484416,1.293456931838673,18629.163527484416,optimize_single_point_heur,18629.163527484412,156.78699660301208,18629.163527484416,1.293456931838673,18629.163527484416,optimize_single_point_heur,18629.163527484412,157.63789582252502,18629.163527484416,1.293456931838673,18629.163527484416,optimize_single_point_heur,18629.163527484412,157.383633852005,9173.148710978054,0.6369085101162215,27882.17652560352,optimize_single_point_heur,9146.612996067772,108.82107925415039
2026-04-11 21:21:57,config_resnet_comm_area_0.7_hw_0.1_seed_1,inputs/task_graph_topology/soda-benchmark-graphs/pytorch-graphs/rez_net_tosa.dot,362,0.1,0.5,1.0,0.7,1,1874.8056238208103,21348.322670281563,11.386952545391974,21348.322670281563,None,7560.269642213718,0.0,16433.155069316275,8.765258040898068,32254.962072858896,optimize_random_heur,14341.100842904634,9.081418514251709,16213.977931415362,8.64835144796059,29395.50550283442,optimize_single_point_heur,14022.321252175176,17.522345304489136,16081.791984166935,8.57784496687855,31063.911293176214,optimize_single_point_heur,14104.950936536983,16.71955704689026,16738.159954883828,8.927944178432666,31020.672948323034,optimize_single_point_heur,14351.239521628655,170.03409719467163,14179.653099990079,7.563265716630546,27920.491990426042,optimize_single_point_heur,12860.312278175443,171.5850248336792,14446.409495648273,7.705550544598232,26944.427897975056,optimize_single_point_heur,12252.855185291835,171.4735243320465,5966.142019527924,3.1822723079788213,19784.605639365705,optimize_single_point_heur,5824.200315539636,110.97148942947388
2026-04-11 21:22:04,config_resnet_comm_area_0.9_hw_0.7_seed_1,inputs/task_graph_topology/soda-benchmark-graphs/pytorch-graphs/rez_net_tosa.dot,362,0.7,0.5,1.0,0.9,1,12416.759025060455,21406.883426539294,1.724031479014313,21406.883426539294,None,9882.654372943947,0.0,18102.043045460247,1.4578718173498668,18102.043045460247,optimize_random_heur,18102.043045460232,9.113240242004395,18102.043045460247,1.4578718173498668,18102.043045460247,optimize_single_point_heur,18102.043045460232,17.68371605873108,18102.043045460247,1.4578718173498668,18102.043045460247,optimize_single_point_heur,18102.043045460232,16.637667655944824,18102.043045460247,1.4578718173498668,18102.043045460247,optimize_single_point_heur,18102.043045460232,171.01180410385132,17890.17312049377,1.4408085946088227,35204.61485689962,optimize_single_point_heur,15753.25853366135,169.91051506996155,17891.17500533112,1.4408892827203763,36477.841496841174,optimize_single_point_heur,16108.20419264386,170.87662315368652,9294.033728725448,0.7485072159303017,27371.313675593516,optimize_single_point_heur,9539.819392353002,119.32258939743042
2026-04-11 21:22:07,config_resnet_comm_area_0.7_hw_0.5_seed_2,inputs/task_graph_topology/soda-benchmark-graphs/pytorch-graphs/rez_net_tosa.dot,362,0.5,0.5,1.0,0.7,2,9115.752422925836,25971.35411428966,2.849063128236404,25971.35411428966,None,11798.857457379969,0.0,18388.572553139355,2.017230361247269,34765.471962063646,optimize_random_heur,16046.20130620818,9.60419774055481,18419.801716668742,2.020656207198378,33501.2055795774,optimize_single_point_heur,16657.341513834013,18.08607530593872,18454.090264956147,2.0244176683149795,18454.090264956147,optimize_single_point_heur,18454.09026495615,16.949129581451416,18454.090264956147,2.0244176683149795,18454.090264956147,optimize_single_point_heur,18454.09026495615,172.34250354766846,17119.86531054469,1.8780529040574596,32029.35446597257,optimize_single_point_heur,13850.444858095494,175.2214105129242,16439.43841728122,1.8034099276255617,31753.077573567527,optimize_single_point_heur,14757.26909469437,174.0542585849762,7883.397828377506,0.8648104361139738,22427.80181652637,optimize_single_point_heur,8004.690725770287,110.01264238357544
2026-04-11 21:22:13,config_resnet_comm_area_0.7_hw_0.9_seed_0,inputs/task_graph_topology/soda-benchmark-graphs/pytorch-graphs/rez_net_tosa.dot,362,0.9,0.5,1.0,0.7,0,14402.616019849005,34590.18976894101,2.4016602068173203,34590.18976894101,None,17010.379833492592,0.0,18629.163527484416,1.293456931838673,18629.163527484416,optimize_random_heur,18629.163527484412,9.274769067764282,18629.163527484416,1.293456931838673,18629.163527484416,optimize_single_point_heur,18629.163527484412,17.92512011528015,18629.163527484416,1.293456931838673,18629.163527484416,optimize_single_point_heur,18629.163527484412,16.610666275024414,18629.163527484416,1.293456931838673,18629.163527484416,optimize_single_point_heur,18629.163527484412,170.4577386379242,18629.163527484416,1.293456931838673,18629.163527484416,optimize_single_point_heur,18629.163527484412,175.60706424713135,18629.163527484416,1.293456931838673,18629.163527484416,optimize_single_point_heur,18629.163527484412,176.216655254364,9738.34575927122,0.6761511759981862,27820.272331629825,optimize_single_point_heur,9829.987285360836,116.52574563026428
2026-04-11 21:22:14,config_resnet_comm_area_0.7_hw_0.5_seed_3,inputs/task_graph_topology/soda-benchmark-graphs/pytorch-graphs/rez_net_tosa.dot,362,0.5,0.5,1.0,0.7,3,9188.226125548912,26580.97339605438,2.892938531643551,26580.97339605438,None,10299.700188035216,0.0,18080.58607909987,1.9677994241809893,34806.86127371064,optimize_random_heur,16018.138578335305,9.842758655548096,17832.781869046037,1.9408296689020257,35082.09439314688,optimize_single_point_heur,14798.261105596343,18.457841396331787,18075.346458391203,1.9672291703978244,32696.117676352733,optimize_single_point_heur,14842.10359408472,17.25947117805481,18488.643341502553,2.0122103101155475,18488.643341502553,optimize_single_point_heur,18488.64334150255,173.83339762687683,16425.871857911516,1.7877087082388519,32857.178671819966,optimize_single_point_heur,15014.82882811919,177.26233768463135,15991.295945987931,1.7404116667875975,31381.270067593145,optimize_single_point_heur,14359.887912334698,174.79822206497192,8230.974842890915,0.8958176181584985,22390.90469504906,optimize_single_point_heur,8193.04395126557,112.01667499542236
2026-04-11 21:22:18,config_resnet_comm_area_0.9_hw_0.9_seed_1,inputs/task_graph_topology/soda-benchmark-graphs/pytorch-graphs/rez_net_tosa.dot,362,0.9,0.5,1.0,0.9,1,14355.374905527202,26105.52067091195,1.818518906173647,26105.52067091195,None,11899.517269342115,0.0,18102.043045460247,1.26099409904582,18102.043045460247,optimize_random_heur,18102.043045460232,8.533789157867432,18102.043045460247,1.26099409904582,18102.043045460247,optimize_single_point_heur,18102.043045460232,16.539362907409668,18102.043045460247,1.26099409904582,18102.043045460247,optimize_single_point_heur,18102.043045460232,15.357802867889404,18102.043045460247,1.26099409904582,18102.043045460247,optimize_single_point_heur,18102.043045460232,160.57022356987,18102.043045460247,1.26099409904582,18102.043045460247,optimize_single_point_heur,18102.043045460232,160.01656913757324,18102.043045460247,1.26099409904582,18102.043045460247,optimize_single_point_heur,18102.043045460232,159.88135862350464,10602.903854106753,0.7386016682869322,29728.080949427942,optimize_single_point_heur,10207.791140852656,106.66882348060608
2026-04-11 21:22:21,config_resnet_comm_area_0.7_hw_0.9_seed_1,inputs/task_graph_topology/soda-benchmark-graphs/pytorch-graphs/rez_net_tosa.dot,362,0.9,0.5,1.0,0.7,1,14355.374905527202,33189.98706131075,2.3120250972011687,33189.98706131075,None,16904.965703800182,0.0,18102.043045460247,1.26099409904582,18102.043045460247,optimize_random_heur,18102.043045460232,9.376056432723999,18102.043045460247,1.26099409904582,18102.043045460247,optimize_single_point_heur,18102.043045460232,18.21777319908142,18102.043045460247,1.26099409904582,18102.043045460247,optimize_single_point_heur,18102.043045460232,16.966912984848022,18102.043045460247,1.26099409904582,18102.043045460247,optimize_single_point_heur,18102.043045460232,175.87341141700745,18102.043045460247,1.26099409904582,18102.043045460247,optimize_single_point_heur,18102.043045460232,175.78474140167236,18102.043045460247,1.26099409904582,18102.043045460247,optimize_single_point_heur,18102.043045460232,176.549329996109,10602.903854106753,0.7386016682869322,29728.080949427942,optimize_single_point_heur,10207.791140852656,117.09142112731934
2026-04-11 21:22:25,config_resnet_comm_area_0.7_hw_0.7_seed_1,inputs/task_graph_topology/soda-benchmark-graphs/pytorch-graphs/rez_net_tosa.dot,362,0.7,0.5,1.0,0.7,1,12416.759025060455,31632.127743447636,2.547534962996805,31632.127743447636,None,14268.24540471506,0.0,18102.043045460247,1.4578718173498668,18102.043045460247,optimize_random_heur,18102.043045460232,9.907951831817627,18102.043045460247,1.4578718173498668,18102.043045460247,optimize_single_point_heur,18102.043045460232,18.685877084732056,18102.043045460247,1.4578718173498668,18102.043045460247,optimize_single_point_heur,18102.043045460232,17.275546312332153,18102.043045460247,1.4578718173498668,18102.043045460247,optimize_single_point_heur,18102.043045460232,174.34785914421082,17890.17312049377,1.4408085946088227,35204.61485689962,optimize_single_point_heur,15753.25853366135,178.10246801376343,17891.17500533112,1.4408892827203763,36477.841496841174,optimize_single_point_heur,16108.20419264386,176.48468852043152,9464.002151259778,0.7621958461269002,26964.78666263072,optimize_single_point_heur,9308.437138364987,119.31799101829529
2026-04-11 21:22:26,config_resnet_comm_area_0.7_hw_0.7_seed_2,inputs/task_graph_topology/soda-benchmark-graphs/pytorch-graphs/rez_net_tosa.dot,362,0.7,0.5,1.0,0.7,2,12136.897891641467,30041.83322198237,2.4752480815276376,30041.83322198237,None,14140.982421047975,0.0,18454.090264956147,1.5204948109240708,18454.090264956147,optimize_random_heur,18454.09026495615,10.05003833770752,18454.090264956147,1.5204948109240708,18454.090264956147,optimize_single_point_heur,18454.09026495615,18.65409255027771,18454.090264956147,1.5204948109240708,18454.090264956147,optimize_single_point_heur,18454.09026495615,17.3125102519989,18454.090264956147,1.5204948109240708,18454.090264956147,optimize_single_point_heur,18454.09026495615,179.6790268421173,17400.057250885842,1.433649471737671,36273.83154349484,optimize_single_point_heur,15534.125752404478,178.51938366889954,17932.76804513371,1.4775413128822472,33622.900996006,optimize_single_point_heur,15096.077493117054,176.8804476261139,9582.50875992,0.7895352540223113,26177.191175438576,optimize_single_point_heur,9810.549536863957,114.73987007141113
2026-04-11 21:22:30,config_resnet_comm_area_0.7_hw_0.7_seed_0,inputs/task_graph_topology/soda-benchmark-graphs/pytorch-graphs/rez_net_tosa.dot,362,0.7,0.5,1.0,0.7,0,12435.19119187881,29612.24258448373,2.381325878111382,29612.24258448373,None,13200.163916180765,0.0,18629.163527484416,1.4981002897366607,18629.163527484416,optimize_random_heur,18629.163527484412,9.802714109420776,18629.163527484416,1.4981002897366607,18629.163527484416,optimize_single_point_heur,18629.163527484412,18.549428939819336,18629.163527484416,1.4981002897366607,18629.163527484416,optimize_single_point_heur,18629.163527484412,17.264246940612793,18629.163527484416,1.4981002897366607,18629.163527484416,optimize_single_point_heur,18629.163527484412,179.91832375526428,18243.72105005299,1.4671041858984544,36078.71921262066,optimize_single_point_heur,16170.010760973226,177.68519926071167,17707.690875026383,1.4239982805082196,34520.40887090934,optimize_single_point_heur,14901.758982029942,175.42556834220886,9195.03860069582,0.7394368497286095,26504.6250414406,optimize_single_point_heur,9057.832262104794,120.54388070106506
2026-04-11 21:22:35,config_resnet_comm_area_0.9_hw_0.3_seed_0,inputs/task_graph_topology/soda-benchmark-graphs/pytorch-graphs/rez_net_tosa.dot,362,0.3,0.5,1.0,0.9,0,5645.584530124685,12203.710247996816,2.1616380346230137,12203.710247996816,None,5019.733409979722,0.0,17943.710208395194,3.178361799854035,34758.25415438968,optimize_random_heur,16669.844944993456,9.495534896850586,16996.97861122303,3.010667632470582,29275.029674679205,optimize_single_point_heur,14917.12062259889,18.47043776512146,17718.662591670196,3.1384992106882637,34097.18168403831,optimize_single_point_heur,15620.598047347748,17.176687955856323,18162.160179243267,3.2170557507961264,33076.040608867435,optimize_single_point_heur,15833.122251459718,175.50120878219604,15816.414636529906,2.8015548349571153,29616.01571496866,optimize_single_point_heur,14412.7591736591,186.6437201499939,15868.456522570477,2.8107729922201723,28299.735767141156,optimize_single_point_heur,14045.358033164186,183.94190859794617,6072.133868079513,1.0755545038213088,16616.802631985305,optimize_single_point_heur,6314.857282707674,110.75907039642334
2026-04-11 21:22:37,config_resnet_comm_area_0.9_hw_0.1_seed_3,inputs/task_graph_topology/soda-benchmark-graphs/pytorch-graphs/rez_net_tosa.dot,362,0.1,0.5,1.0,0.9,3,1846.6107811863385,7515.125421034424,4.069685662837081,7515.125421034424,None,3173.7253065877135,0.0,16130.29264453699,8.735079860290986,30486.71787689646,optimize_random_heur,14352.89229496629,9.694142818450928,15422.708529612239,8.35189997087749,30682.173939546123,optimize_single_point_heur,12866.856832304373,18.511796474456787,15876.39198052455,8.597584364976417,28222.127980812926,optimize_single_point_heur,13394.112446333378,17.202711820602417,16862.510559540067,9.13159975634221,30023.48194945199,optimize_single_point_heur,13851.57859871324,175.64384245872498,14461.678608137743,7.831470906309216,29374.843288688993,optimize_single_point_heur,12667.015098037484,186.10928606987,14439.757044219403,7.819599664062781,27250.995332069393,optimize_single_point_heur,13348.940317051574,183.80313992500305,4796.899298422308,2.597677511305649,12641.119692468917,optimize_single_point_heur,4596.312017946255,112.70767068862915
2026-04-11 21:22:37,config_resnet_comm_area_0.9_hw_0.1_seed_2,inputs/task_graph_topology/soda-benchmark-graphs/pytorch-graphs/rez_net_tosa.dot,362,0.1,0.5,1.0,0.9,2,1846.5155104902412,8054.824237096755,4.362175238353799,8054.824237096755,None,3599.5726349821293,0.0,16552.29992218808,8.964073049022762,30867.393285523518,optimize_random_heur,14618.132644725127,9.454351425170898,15883.493347091273,8.601873776231795,28685.794532371056,optimize_single_point_heur,13769.664338288145,18.3179190158844,16441.543363567867,8.904091663547801,30011.753215968114,optimize_single_point_heur,14385.82145372748,17.0636785030365,15929.90997339502,8.627011191022005,29721.27152702064,optimize_single_point_heur,13803.124844824737,176.32054233551025,14309.822220730934,7.749635537549177,27734.6050662344,optimize_single_point_heur,12523.22885244359,186.19985127449036,14730.563257316204,7.977492294882109,27537.64908620918,optimize_single_point_heur,12379.347059866868,185.3814959526062,4793.66801868515,2.5960616043850364,14541.245008873788,optimize_single_point_heur,4780.3828206682,111.39744472503662
2026-04-11 21:22:48,config_resnet_comm_area_0.9_hw_0.1_seed_1,inputs/task_graph_topology/soda-benchmark-graphs/pytorch-graphs/rez_net_tosa.dot,362,0.1,0.5,1.0,0.9,1,1874.8056238208103,8316.417951173325,4.435882763261963,8316.417951173325,None,3193.2512377970806,0.0,16433.155069316275,8.765258040898068,32254.962072858896,optimize_random_heur,14341.100842904634,9.52147388458252,16213.977931415362,8.64835144796059,29395.50550283442,optimize_single_point_heur,14022.321252175176,18.728649854660034,16081.791984166935,8.57784496687855,31063.911293176214,optimize_single_point_heur,14104.950936536983,17.249467372894287,16738.159954883828,8.927944178432666,31020.672948323034,optimize_single_point_heur,14351.239521628655,175.11728978157043,14179.653099990079,7.563265716630546,27920.491990426042,optimize_single_point_heur,12860.312278175443,187.77498483657837,14446.409495648273,7.705550544598232,26944.427897975056,optimize_single_point_heur,12252.855185291835,186.46178150177002,3871.355890429862,2.0649372080184656,14086.625044506409,optimize_single_point_heur,4032.6966759039283,120.68363499641418
2026-04-11 21:22:59,config_resnet_comm_area_0.9_hw_0.1_seed_0,inputs/task_graph_topology/soda-benchmark-graphs/pytorch-graphs/rez_net_tosa.dot,362,0.1,0.5,1.0,0.9,0,1882.4107899820458,9139.430917097421,4.8551734646530535,9139.430917097421,None,3788.592378681266,0.0,17093.84309271111,9.080825069470702,29630.241194795995,optimize_random_heur,14603.88242480701,9.666015863418579,15970.817107447068,8.484235849285264,27145.36823070323,optimize_single_point_heur,14036.54168814253,18.8425874710083,16742.92701944395,8.89440663459204,30040.56862102178,optimize_single_point_heur,14569.525817815162,17.515620231628418,16668.502529267724,8.85486983923775,30250.742475175124,optimize_single_point_heur,15014.652458492776,181.9188151359558,14849.721930121228,7.888672339294689,27953.94315722985,optimize_single_point_heur,13402.007287037699,191.41593599319458,14660.343256016207,7.788068010466533,29859.015732051797,optimize_single_point_heur,13065.811487634985,189.80361247062683,4652.780124766179,2.47171348014349,12859.115662273269,optimize_single_point_heur,4805.98761306247,116.74368572235107
2026-04-11 21:29:14,config_resnet_comm_area_0.9_hw_0.9_seed_3,inputs/task_graph_topology/soda-benchmark-graphs/pytorch-graphs/rez_net_tosa.dot,362,0.9,0.5,1.0,0.9,3,14011.823640372608,24927.830177396852,1.7790568035392402,24927.830177396852,None,10935.559524240012,0.0,18488.643341502553,1.3195030008963842,18488.643341502553,optimize_random_heur,18488.64334150255,8.448606729507446,18488.643341502553,1.3195030008963842,18488.643341502553,optimize_single_point_heur,18488.64334150255,16.1368887424469,18488.643341502553,1.3195030008963842,18488.643341502553,optimize_single_point_heur,18488.64334150255,15.118780136108398,18488.643341502553,1.3195030008963842,18488.643341502553,optimize_single_point_heur,18488.64334150255,156.13892269134521,17586.706192758138,1.2551332820151357,38563.31449374383,optimize_single_point_heur,15279.80029341136,155.65926933288574,18093.935378597984,1.2913333655202088,36010.15955926492,optimize_single_point_heur,16173.089485928635,155.7868320941925,8171.048737883401,0.5831538383297917,26725.761684663674,optimize_single_point_heur,8181.284775941016,96.01975917816162
2026-04-11 21:29:35,config_resnet_comm_area_0.9_hw_0.9_seed_2,inputs/task_graph_topology/soda-benchmark-graphs/pytorch-graphs/rez_net_tosa.dot,362,0.9,0.5,1.0,0.9,2,14094.642937542387,24471.17675179726,1.7362040925929392,24471.17675179726,None,11285.19323914608,0.0,18454.090264956147,1.309298174258957,18454.090264956147,optimize_random_heur,18454.09026495615,8.935085773468018,18454.090264956147,1.309298174258957,18454.090264956147,optimize_single_point_heur,18454.09026495615,17.372687578201294,18454.090264956147,1.309298174258957,18454.090264956147,optimize_single_point_heur,18454.09026495615,15.975010395050049,18454.090264956147,1.309298174258957,18454.090264956147,optimize_single_point_heur,18454.09026495615,165.30767560005188,18454.090264956147,1.309298174258957,18454.090264956147,optimize_single_point_heur,18454.09026495615,158.4530327320099,18454.090264956147,1.309298174258957,18454.090264956147,optimize_single_point_heur,18454.09026495615,158.82556176185608,9743.460162420295,0.6912881869797274,29574.65300977514,optimize_single_point_heur,9624.222735121199,98.93150329589844
