SimTime,Config,GraphName,N,HW_Scale_Factor,HW_Scale_Var,Comm_Scale_Var,Area_Percentage,Seed,LB_Naive,greedy_opt_cost,greedy_opt_ratio,greedy_partition_cost,greedy_bb,greedy_makespan,greedy_time,random_opt_cost,random_opt_ratio,random_partition_cost,random_bb,random_makespan,random_time,pso_opt_cost,pso_opt_ratio,pso_partition_cost,pso_bb,pso_makespan,pso_time,esa_opt_cost,esa_opt_ratio,esa_partition_cost,esa_bb,esa_makespan,esa_time,gl25_opt_cost,gl25_opt_ratio,gl25_partition_cost,gl25_bb,gl25_makespan,gl25_time
2025-11-05 15:35:03,config_ed_area_0.1_hw_0.1_seed_2,inputs/task_graph_topology/soda-benchmark-graphs/pytorch-graphs/squeeze_net_tosa.dot,179,0.1,0.5,1.0,0.1,2,896.9223739196549,16474.058299079632,18.36731781713292,16474.058299079632,None,9386.264704611564,0.0,8942.015456463534,9.969664841100895,8942.015456463532,optimize_random_heur,8942.015456463534,0.16536569595336914,8942.015456463534,9.969664841100895,8942.015456463532,optimize_swarm_heur,8942.015456463534,0.3792088031768799,8942.015456463534,9.969664841100895,8942.015456463532,optimize_single_point_heur,8942.015456463534,0.10803341865539551,8942.015456463534,9.969664841100895,8942.015456463532,optimize_single_point_heur,8942.015456463534,0.39011430740356445
2025-11-05 15:38:19,config_ed_area_0.1_hw_0.1_seed_2,inputs/task_graph_topology/soda-benchmark-graphs/pytorch-graphs/squeeze_net_tosa.dot,179,0.1,0.5,1.0,0.1,2,896.9223739196549,16474.058299079632,18.36731781713292,16474.058299079632,None,9386.264704611564,0.0,8942.015456463534,9.969664841100895,8942.015456463532,optimize_random_heur,8942.015456463534,0.16812849044799805,8942.015456463534,9.969664841100895,8942.015456463532,optimize_swarm_heur,8942.015456463534,0.31884121894836426,8942.015456463534,9.969664841100895,8942.015456463532,optimize_single_point_heur,8942.015456463534,0.08584046363830566,8942.015456463534,9.969664841100895,8942.015456463532,optimize_single_point_heur,8942.015456463534,0.38059258460998535
2025-11-05 15:40:29,config_ed_area_0.1_hw_0.1_seed_2,inputs/task_graph_topology/soda-benchmark-graphs/pytorch-graphs/squeeze_net_tosa.dot,179,0.1,0.5,1.0,0.1,2,896.9223739196549,16474.058299079632,18.36731781713292,16474.058299079632,None,9386.264704611564,0.0,8942.015456463534,9.969664841100895,8942.015456463532,optimize_random_heur,8942.015456463534,0.17212152481079102,8942.015456463534,9.969664841100895,8942.015456463532,optimize_swarm_heur,8942.015456463534,0.3189558982849121,8942.015456463534,9.969664841100895,8942.015456463532,optimize_single_point_heur,8942.015456463534,0.08702588081359863,8942.015456463534,9.969664841100895,8942.015456463532,optimize_single_point_heur,8942.015456463534,0.3740396499633789
2025-11-05 15:43:34,config_ed_area_0.1_hw_0.1_seed_2,inputs/task_graph_topology/soda-benchmark-graphs/pytorch-graphs/squeeze_net_tosa.dot,179,0.1,0.5,1.0,0.1,2,896.9223739196549,16474.058299079632,18.36731781713292,16474.058299079632,None,9386.264704611564,0.0,8942.015456463534,9.969664841100895,8942.015456463532,optimize_random_heur,8942.015456463534,0.1799459457397461,8942.015456463534,9.969664841100895,8942.015456463532,optimize_swarm_heur,8942.015456463534,0.3609018325805664,8942.015456463534,9.969664841100895,8942.015456463532,optimize_single_point_heur,8942.015456463534,0.11327791213989258,8942.015456463534,9.969664841100895,8942.015456463532,optimize_single_point_heur,8942.015456463534,0.5402090549468994
2025-11-05 15:44:57,config_ed_area_0.1_hw_0.1_seed_2,inputs/task_graph_topology/soda-benchmark-graphs/pytorch-graphs/squeeze_net_tosa.dot,179,0.1,0.5,1.0,0.1,2,896.9223739196549,16474.058299079632,18.36731781713292,16474.058299079632,None,9386.264704611564,0.0,8942.015456463534,9.969664841100895,8942.015456463532,optimize_random_heur,8942.015456463534,0.1717061996459961,8942.015456463534,9.969664841100895,8942.015456463532,optimize_swarm_heur,8942.015456463534,0.36556172370910645,8942.015456463534,9.969664841100895,8942.015456463532,optimize_single_point_heur,8942.015456463534,0.10874247550964355,8942.015456463534,9.969664841100895,8942.015456463532,optimize_single_point_heur,8942.015456463534,0.5018477439880371
2025-11-05 15:49:20,config_ed_area_0.1_hw_0.1_seed_2,inputs/task_graph_topology/soda-benchmark-graphs/pytorch-graphs/squeeze_net_tosa.dot,179,0.1,0.5,1.0,0.1,2,896.9223739196549,16474.058299079632,18.36731781713292,16474.058299079632,None,9386.264704611564,0.0,8942.015456463534,9.969664841100895,8942.015456463532,optimize_random_heur,8942.015456463534,0.1714315414428711,8942.015456463534,9.969664841100895,8942.015456463532,optimize_swarm_heur,8942.015456463534,0.3348965644836426,8942.015456463534,9.969664841100895,8942.015456463532,optimize_single_point_heur,8942.015456463534,0.10061430931091309,8942.015456463534,9.969664841100895,8942.015456463532,optimize_single_point_heur,8942.015456463534,0.499422550201416
2025-11-06 12:28:40,config_ed_area_0.1_hw_0.3_seed_3,inputs/task_graph_topology/soda-benchmark-graphs/pytorch-graphs/squeeze_net_tosa.dot,179,0.3,0.5,1.0,0.1,3,2658.940824325056,15869.870299355976,5.968493226390014,15869.870299355976,None,9953.53852152608,0.0,9214.5581241026,3.4654995101072315,9214.5581241026,optimize_random_heur,9214.558124102598,0.14166975021362305,9214.5581241026,3.4654995101072315,9214.5581241026,optimize_swarm_heur,9214.558124102598,34.382755279541016,9214.5581241026,3.4654995101072315,9214.5581241026,optimize_random_heur,9214.558124102598,173.76635909080505,9214.5581241026,3.4654995101072315,9214.5581241026,optimize_single_point_heur,9214.558124102598,0.0768134593963623,9214.5581241026,3.4654995101072315,9214.5581241026,optimize_single_point_heur,9214.558124102598,0.0720360279083252,9214.5581241026,3.4654995101072315,9214.5581241026,optimize_single_point_heur,9214.558124102598,0.9003329277038574,9214.5581241026,3.4654995101072315,9214.5581241026,optimize_single_point_heur,9214.558124102598,3.645620822906494,9214.5581241026,3.4654995101072315,9214.5581241026,optimize_single_point_heur,9214.558124102598,3.5404653549194336,9214.5581241026,3.4654995101072315,9214.5581241026,optimize_single_point_heur,9214.558124102598,2.1678614616394043
2025-11-06 12:28:42,config_ed_area_0.1_hw_0.5_seed_0,inputs/task_graph_topology/soda-benchmark-graphs/pytorch-graphs/squeeze_net_tosa.dot,179,0.5,0.5,1.0,0.1,0,5020.405770995477,16795.892423506713,3.3455248817818806,16795.892423506713,None,9697.030338332283,0.0,9466.813815823472,1.88566706510385,9466.813815823472,optimize_random_heur,9466.813815823469,0.14430499076843262,9466.813815823472,1.88566706510385,9466.813815823472,optimize_swarm_heur,9466.813815823469,34.2280056476593,9466.813815823472,1.88566706510385,9466.813815823472,optimize_random_heur,9466.813815823469,174.81104111671448,9466.813815823472,1.88566706510385,9466.813815823472,optimize_single_point_heur,9466.813815823469,0.0769190788269043,9466.813815823472,1.88566706510385,9466.813815823472,optimize_single_point_heur,9466.813815823469,0.0750432014465332,9466.813815823472,1.88566706510385,9466.813815823472,optimize_single_point_heur,9466.813815823469,0.8864798545837402,9466.813815823472,1.88566706510385,9466.813815823472,optimize_single_point_heur,9466.813815823469,3.607236623764038,9466.813815823472,1.88566706510385,9466.813815823472,optimize_single_point_heur,9466.813815823469,3.4899213314056396,9466.813815823472,1.88566706510385,9466.813815823472,optimize_single_point_heur,9466.813815823469,2.2056400775909424
2025-11-06 12:28:42,config_ed_area_0.1_hw_0.1_seed_1,inputs/task_graph_topology/soda-benchmark-graphs/pytorch-graphs/squeeze_net_tosa.dot,179,0.1,0.5,1.0,0.1,1,914.495431384477,16433.55070118445,17.970074138375185,16433.55070118445,None,9261.424686175536,0.0,8769.553212251989,9.589499205015763,8769.553212251989,optimize_random_heur,8769.553212251989,0.14120054244995117,8769.553212251989,9.589499205015763,8769.553212251989,optimize_swarm_heur,8769.553212251989,34.350839614868164,8769.553212251989,9.589499205015763,8769.553212251989,optimize_random_heur,8769.553212251989,174.91724348068237,8769.553212251989,9.589499205015763,8769.553212251989,optimize_single_point_heur,8769.553212251989,0.07658553123474121,8769.553212251989,9.589499205015763,8769.553212251989,optimize_single_point_heur,8769.553212251989,0.07217574119567871,8769.553212251989,9.589499205015763,8769.553212251989,optimize_single_point_heur,8769.553212251989,0.892549991607666,8769.553212251989,9.589499205015763,8769.553212251989,optimize_single_point_heur,8769.553212251989,3.6349728107452393,8769.553212251989,9.589499205015763,8769.553212251989,optimize_single_point_heur,8769.553212251989,3.5159757137298584,8769.553212251989,9.589499205015763,8769.553212251989,optimize_single_point_heur,8769.553212251989,2.1866469383239746
2025-11-06 12:28:42,config_ed_area_0.1_hw_0.5_seed_3,inputs/task_graph_topology/soda-benchmark-graphs/pytorch-graphs/squeeze_net_tosa.dot,179,0.5,0.5,1.0,0.1,3,4420.261133273895,16286.794021236668,3.6845773428715396,16286.794021236668,None,10320.549607810652,0.0,9214.5581241026,2.0846184979297315,9214.5581241026,optimize_random_heur,9214.558124102598,0.14147090911865234,9214.5581241026,2.0846184979297315,9214.5581241026,optimize_swarm_heur,9214.558124102598,34.11286735534668,9214.5581241026,2.0846184979297315,9214.5581241026,optimize_random_heur,9214.558124102598,175.09471726417542,9214.5581241026,2.0846184979297315,9214.5581241026,optimize_single_point_heur,9214.558124102598,0.07697844505310059,9214.5581241026,2.0846184979297315,9214.5581241026,optimize_single_point_heur,9214.558124102598,0.07118844985961914,9214.5581241026,2.0846184979297315,9214.5581241026,optimize_single_point_heur,9214.558124102598,0.885427713394165,9214.5581241026,2.0846184979297315,9214.5581241026,optimize_single_point_heur,9214.558124102598,3.691030979156494,9214.5581241026,2.0846184979297315,9214.5581241026,optimize_single_point_heur,9214.558124102598,3.578927516937256,9214.5581241026,2.0846184979297315,9214.5581241026,optimize_single_point_heur,9214.558124102598,2.1509406566619873
2025-11-06 12:28:43,config_ed_area_0.1_hw_0.3_seed_1,inputs/task_graph_topology/soda-benchmark-graphs/pytorch-graphs/squeeze_net_tosa.dot,179,0.3,0.5,1.0,0.1,1,2742.479224526191,16880.045835254914,6.155031434439115,16880.045835254914,None,9531.253545214196,0.0,8769.553212251989,3.197673526138407,8769.553212251989,optimize_random_heur,8769.553212251989,0.14365410804748535,8769.553212251989,3.197673526138407,8769.553212251989,optimize_swarm_heur,8769.553212251989,34.21147704124451,8769.553212251989,3.197673526138407,8769.553212251989,optimize_random_heur,8769.553212251989,176.5185546875,8769.553212251989,3.197673526138407,8769.553212251989,optimize_single_point_heur,8769.553212251989,0.07624554634094238,8769.553212251989,3.197673526138407,8769.553212251989,optimize_single_point_heur,8769.553212251989,0.07376503944396973,8769.553212251989,3.197673526138407,8769.553212251989,optimize_single_point_heur,8769.553212251989,0.8919954299926758,8769.553212251989,3.197673526138407,8769.553212251989,optimize_single_point_heur,8769.553212251989,3.6796560287475586,8769.553212251989,3.197673526138407,8769.553212251989,optimize_single_point_heur,8769.553212251989,3.5688118934631348,8769.553212251989,3.197673526138407,8769.553212251989,optimize_single_point_heur,8769.553212251989,2.1475062370300293
2025-11-06 12:28:43,config_ed_area_0.1_hw_0.1_seed_0,inputs/task_graph_topology/soda-benchmark-graphs/pytorch-graphs/squeeze_net_tosa.dot,179,0.1,0.5,1.0,0.1,0,1005.5926797560742,14423.118730564303,14.342903464713872,14423.118730564303,None,9633.20789788403,0.0,9466.813815823472,9.414163414673851,9466.813815823472,optimize_random_heur,9466.813815823469,0.1444845199584961,9466.813815823472,9.414163414673851,9466.813815823472,optimize_swarm_heur,9466.813815823469,34.59420847892761,9466.813815823472,9.414163414673851,9466.813815823472,optimize_random_heur,9466.813815823469,175.95891761779785,9466.813815823472,9.414163414673851,9466.813815823472,optimize_single_point_heur,9466.813815823469,0.07724738121032715,9466.813815823472,9.414163414673851,9466.813815823472,optimize_single_point_heur,9466.813815823469,0.07235980033874512,9466.813815823472,9.414163414673851,9466.813815823472,optimize_single_point_heur,9466.813815823469,0.8954272270202637,9466.813815823472,9.414163414673851,9466.813815823472,optimize_single_point_heur,9466.813815823469,3.648015022277832,9466.813815823472,9.414163414673851,9466.813815823472,optimize_single_point_heur,9466.813815823469,3.518528938293457,9466.813815823472,9.414163414673851,9466.813815823472,optimize_single_point_heur,9466.813815823469,2.1801440715789795
2025-11-06 12:28:44,config_ed_area_0.1_hw_0.1_seed_3,inputs/task_graph_topology/soda-benchmark-graphs/pytorch-graphs/squeeze_net_tosa.dot,179,0.1,0.5,1.0,0.1,3,886.513608108352,15754.563150649039,17.771372042744183,15754.563150649039,None,9709.067241861962,0.0,9214.5581241026,10.394153050582808,9214.5581241026,optimize_random_heur,9214.558124102598,0.1432952880859375,9214.5581241026,10.394153050582808,9214.5581241026,optimize_swarm_heur,9214.558124102598,34.38474702835083,9214.5581241026,10.394153050582808,9214.5581241026,optimize_random_heur,9214.558124102598,176.87092208862305,9214.5581241026,10.394153050582808,9214.5581241026,optimize_single_point_heur,9214.558124102598,0.0767669677734375,9214.5581241026,10.394153050582808,9214.5581241026,optimize_single_point_heur,9214.558124102598,0.07177996635437012,9214.5581241026,10.394153050582808,9214.5581241026,optimize_single_point_heur,9214.558124102598,0.892223596572876,9214.5581241026,10.394153050582808,9214.5581241026,optimize_single_point_heur,9214.558124102598,3.6172103881835938,9214.5581241026,10.394153050582808,9214.5581241026,optimize_single_point_heur,9214.558124102598,3.4993035793304443,9214.5581241026,10.394153050582808,9214.5581241026,optimize_single_point_heur,9214.558124102598,2.161752223968506
2025-11-06 12:28:44,config_ed_area_0.1_hw_0.5_seed_1,inputs/task_graph_topology/soda-benchmark-graphs/pytorch-graphs/squeeze_net_tosa.dot,179,0.5,0.5,1.0,0.1,1,4559.116995953398,16902.530111907447,3.707413108044797,16902.530111907447,None,10145.697951348538,0.0,8769.553212251989,1.9235201070811978,8769.553212251989,optimize_random_heur,8769.553212251989,0.14487290382385254,8769.553212251989,1.9235201070811978,8769.553212251989,optimize_swarm_heur,8769.553212251989,34.23903846740723,8769.553212251989,1.9235201070811978,8769.553212251989,optimize_random_heur,8769.553212251989,176.86756348609924,8769.553212251989,1.9235201070811978,8769.553212251989,optimize_single_point_heur,8769.553212251989,0.07715344429016113,8769.553212251989,1.9235201070811978,8769.553212251989,optimize_single_point_heur,8769.553212251989,0.07208418846130371,8769.553212251989,1.9235201070811978,8769.553212251989,optimize_single_point_heur,8769.553212251989,0.89239501953125,8769.553212251989,1.9235201070811978,8769.553212251989,optimize_single_point_heur,8769.553212251989,3.6465799808502197,8769.553212251989,1.9235201070811978,8769.553212251989,optimize_single_point_heur,8769.553212251989,3.554234743118286,8769.553212251989,1.9235201070811978,8769.553212251989,optimize_single_point_heur,8769.553212251989,2.1924021244049072
2025-11-06 12:28:45,config_ed_area_0.1_hw_0.1_seed_2,inputs/task_graph_topology/soda-benchmark-graphs/pytorch-graphs/squeeze_net_tosa.dot,179,0.1,0.5,1.0,0.1,2,896.9223739196549,16474.058299079632,18.36731781713292,16474.058299079632,None,8856.530897172122,0.0,8942.015456463532,9.969664841100894,8942.015456463532,optimize_random_heur,8942.015456463534,0.14221405982971191,8942.015456463532,9.969664841100894,8942.015456463532,optimize_swarm_heur,8942.015456463534,34.006685972213745,8942.015456463532,9.969664841100894,8942.015456463532,optimize_random_heur,8942.015456463534,178.59444451332092,8942.015456463532,9.969664841100894,8942.015456463532,optimize_single_point_heur,8942.015456463534,0.07402801513671875,8942.015456463532,9.969664841100894,8942.015456463532,optimize_single_point_heur,8942.015456463534,0.07016897201538086,8942.015456463532,9.969664841100894,8942.015456463532,optimize_single_point_heur,8942.015456463534,0.8689746856689453,8942.015456463532,9.969664841100894,8942.015456463532,optimize_single_point_heur,8942.015456463534,3.658460855484009,8942.015456463532,9.969664841100894,8942.015456463532,optimize_single_point_heur,8942.015456463534,3.526566982269287,8942.015456463532,9.969664841100894,8942.015456463532,optimize_single_point_heur,8942.015456463534,2.0927765369415283
2025-11-06 12:28:45,config_ed_area_0.1_hw_0.9_seed_0,inputs/task_graph_topology/soda-benchmark-graphs/pytorch-graphs/squeeze_net_tosa.dot,179,0.9,0.5,1.0,0.1,0,7512.781340436409,16387.61783761527,2.181298389374305,16387.61783761527,None,9970.500578737467,0.0,9466.813815823472,1.260094416014716,9466.813815823472,optimize_random_heur,9466.813815823469,0.14844417572021484,9466.813815823472,1.260094416014716,9466.813815823472,optimize_swarm_heur,9466.813815823469,34.27526092529297,9466.813815823472,1.260094416014716,9466.813815823472,optimize_random_heur,9466.813815823469,178.46331143379211,9466.813815823472,1.260094416014716,9466.813815823472,optimize_single_point_heur,9466.813815823469,0.0769813060760498,9466.813815823472,1.260094416014716,9466.813815823472,optimize_single_point_heur,9466.813815823469,0.07198023796081543,9466.813815823472,1.260094416014716,9466.813815823472,optimize_single_point_heur,9466.813815823469,0.8933427333831787,9466.813815823472,1.260094416014716,9466.813815823472,optimize_single_point_heur,9466.813815823469,3.6556203365325928,9466.813815823472,1.260094416014716,9466.813815823472,optimize_single_point_heur,9466.813815823469,3.522913694381714,9466.813815823472,1.260094416014716,9466.813815823472,optimize_single_point_heur,9466.813815823469,2.192551612854004
2025-11-06 12:28:46,config_ed_area_0.1_hw_0.5_seed_2,inputs/task_graph_topology/soda-benchmark-graphs/pytorch-graphs/squeeze_net_tosa.dot,179,0.5,0.5,1.0,0.1,2,4411.024222327901,18154.990651444754,4.115822025992759,18154.990651444754,None,10043.41227970307,0.0,8942.015456463532,2.02719708751552,8942.015456463532,optimize_random_heur,8942.015456463534,0.144606351852417,8942.015456463532,2.02719708751552,8942.015456463532,optimize_swarm_heur,8942.015456463534,34.95316767692566,8942.015456463532,2.02719708751552,8942.015456463532,optimize_random_heur,8942.015456463534,178.60598397254944,8942.015456463532,2.02719708751552,8942.015456463532,optimize_single_point_heur,8942.015456463534,0.07696866989135742,8942.015456463532,2.02719708751552,8942.015456463532,optimize_single_point_heur,8942.015456463534,0.07251811027526855,8942.015456463532,2.02719708751552,8942.015456463532,optimize_single_point_heur,8942.015456463534,0.9071640968322754,8942.015456463532,2.02719708751552,8942.015456463532,optimize_single_point_heur,8942.015456463534,3.6044821739196777,8942.015456463532,2.02719708751552,8942.015456463532,optimize_single_point_heur,8942.015456463534,3.491007089614868,8942.015456463532,2.02719708751552,8942.015456463532,optimize_single_point_heur,8942.015456463534,2.1531755924224854
2025-11-06 12:28:47,config_ed_area_0.1_hw_0.3_seed_0,inputs/task_graph_topology/soda-benchmark-graphs/pytorch-graphs/squeeze_net_tosa.dot,179,0.3,0.5,1.0,0.1,0,3016.369355489379,14216.288818648964,4.713046428739659,14216.288818648964,None,9700.798076049545,0.0,9466.813815823472,3.138479642287563,9466.813815823472,optimize_random_heur,9466.813815823469,0.14694905281066895,9466.813815823472,3.138479642287563,9466.813815823472,optimize_swarm_heur,9466.813815823469,34.91572403907776,9466.813815823472,3.138479642287563,9466.813815823472,optimize_random_heur,9466.813815823469,179.82919216156006,9466.813815823472,3.138479642287563,9466.813815823472,optimize_single_point_heur,9466.813815823469,0.07740092277526855,9466.813815823472,3.138479642287563,9466.813815823472,optimize_single_point_heur,9466.813815823469,0.07491111755371094,9466.813815823472,3.138479642287563,9466.813815823472,optimize_single_point_heur,9466.813815823469,0.8882131576538086,9466.813815823472,3.138479642287563,9466.813815823472,optimize_single_point_heur,9466.813815823469,3.70851469039917,9466.813815823472,3.138479642287563,9466.813815823472,optimize_single_point_heur,9466.813815823469,3.5405142307281494,9466.813815823472,3.138479642287563,9466.813815823472,optimize_single_point_heur,9466.813815823469,2.1473872661590576
2025-11-06 12:28:47,config_ed_area_0.1_hw_0.7_seed_3,inputs/task_graph_topology/soda-benchmark-graphs/pytorch-graphs/squeeze_net_tosa.dot,179,0.7,0.5,1.0,0.1,3,5877.451285254198,16012.943943698498,2.7244707214967483,16012.943943698498,None,10224.145405514522,0.0,9214.5581241026,1.5677812842482917,9214.5581241026,optimize_random_heur,9214.558124102598,0.14812517166137695,9214.5581241026,1.5677812842482917,9214.5581241026,optimize_swarm_heur,9214.558124102598,34.32311129570007,9214.5581241026,1.5677812842482917,9214.5581241026,optimize_random_heur,9214.558124102598,180.77632594108582,9214.5581241026,1.5677812842482917,9214.5581241026,optimize_single_point_heur,9214.558124102598,0.07592201232910156,9214.5581241026,1.5677812842482917,9214.5581241026,optimize_single_point_heur,9214.558124102598,0.07118463516235352,9214.5581241026,1.5677812842482917,9214.5581241026,optimize_single_point_heur,9214.558124102598,0.8759174346923828,9214.5581241026,1.5677812842482917,9214.5581241026,optimize_single_point_heur,9214.558124102598,3.6235339641571045,9214.5581241026,1.5677812842482917,9214.5581241026,optimize_single_point_heur,9214.558124102598,3.5001895427703857,9214.5581241026,1.5677812842482917,9214.5581241026,optimize_single_point_heur,9214.558124102598,2.1431779861450195
2025-11-06 12:28:47,config_ed_area_0.1_hw_0.7_seed_0,inputs/task_graph_topology/soda-benchmark-graphs/pytorch-graphs/squeeze_net_tosa.dot,179,0.7,0.5,1.0,0.1,0,6596.241530654771,16452.642395124465,2.4942449906759716,16452.642395124465,None,9490.004087451922,0.0,9466.813815823472,1.435183016241638,9466.813815823472,optimize_random_heur,9466.813815823469,0.14827466011047363,9466.813815823472,1.435183016241638,9466.813815823472,optimize_swarm_heur,9466.813815823469,34.67899012565613,9466.813815823472,1.435183016241638,9466.813815823472,optimize_random_heur,9466.813815823469,180.24308586120605,9466.813815823472,1.435183016241638,9466.813815823472,optimize_single_point_heur,9466.813815823469,0.07583236694335938,9466.813815823472,1.435183016241638,9466.813815823472,optimize_single_point_heur,9466.813815823469,0.07178878784179688,9466.813815823472,1.435183016241638,9466.813815823472,optimize_single_point_heur,9466.813815823469,0.8842289447784424,9466.813815823472,1.435183016241638,9466.813815823472,optimize_single_point_heur,9466.813815823469,3.617650270462036,9466.813815823472,1.435183016241638,9466.813815823472,optimize_single_point_heur,9466.813815823469,3.4945993423461914,9466.813815823472,1.435183016241638,9466.813815823472,optimize_single_point_heur,9466.813815823469,2.0757346153259277
2025-11-06 12:28:48,config_ed_area_0.1_hw_0.7_seed_1,inputs/task_graph_topology/soda-benchmark-graphs/pytorch-graphs/squeeze_net_tosa.dot,179,0.7,0.5,1.0,0.1,1,6100.224451734148,16393.90537166825,2.687426585919778,16393.90537166825,None,10329.529386350652,0.0,8769.553212251989,1.4375787779020188,8769.553212251989,optimize_random_heur,8769.553212251989,0.14786672592163086,8769.553212251989,1.4375787779020188,8769.553212251989,optimize_swarm_heur,8769.553212251989,35.276286125183105,8769.553212251989,1.4375787779020188,8769.553212251989,optimize_random_heur,8769.553212251989,180.10541915893555,8769.553212251989,1.4375787779020188,8769.553212251989,optimize_single_point_heur,8769.553212251989,0.07593441009521484,8769.553212251989,1.4375787779020188,8769.553212251989,optimize_single_point_heur,8769.553212251989,0.07276082038879395,8769.553212251989,1.4375787779020188,8769.553212251989,optimize_single_point_heur,8769.553212251989,0.8957722187042236,8769.553212251989,1.4375787779020188,8769.553212251989,optimize_single_point_heur,8769.553212251989,3.678379774093628,8769.553212251989,1.4375787779020188,8769.553212251989,optimize_single_point_heur,8769.553212251989,3.5895140171051025,8769.553212251989,1.4375787779020188,8769.553212251989,optimize_single_point_heur,8769.553212251989,2.192056894302368
2025-11-06 12:28:52,config_ed_area_0.1_hw_0.7_seed_2,inputs/task_graph_topology/soda-benchmark-graphs/pytorch-graphs/squeeze_net_tosa.dot,179,0.7,0.5,1.0,0.1,2,5858.939212615281,14802.876310313306,2.5265454672136256,14802.876310313306,None,9878.191248628335,0.0,8942.015456463532,1.5262174827159616,8942.015456463532,optimize_random_heur,8942.015456463534,0.14986634254455566,8942.015456463532,1.5262174827159616,8942.015456463532,optimize_swarm_heur,8942.015456463534,34.8051962852478,8942.015456463532,1.5262174827159616,8942.015456463532,optimize_random_heur,8942.015456463534,184.15824031829834,8942.015456463532,1.5262174827159616,8942.015456463532,optimize_single_point_heur,8942.015456463534,0.07686233520507812,8942.015456463532,1.5262174827159616,8942.015456463532,optimize_single_point_heur,8942.015456463534,0.07535886764526367,8942.015456463532,1.5262174827159616,8942.015456463532,optimize_single_point_heur,8942.015456463534,0.9062659740447998,8942.015456463532,1.5262174827159616,8942.015456463532,optimize_single_point_heur,8942.015456463534,3.73702073097229,8942.015456463532,1.5262174827159616,8942.015456463532,optimize_single_point_heur,8942.015456463534,3.5834977626800537,8942.015456463532,1.5262174827159616,8942.015456463532,optimize_single_point_heur,8942.015456463534,2.1775004863739014
2025-11-06 12:28:56,config_ed_area_0.1_hw_0.9_seed_1,inputs/task_graph_topology/soda-benchmark-graphs/pytorch-graphs/squeeze_net_tosa.dot,179,0.9,0.5,1.0,0.1,1,7103.137687612537,15187.560211465021,2.1381480803830186,15187.560211465021,None,9530.3065795946,0.0,8769.553212251989,1.2346027344430595,8769.553212251989,optimize_random_heur,8769.553212251989,0.15566182136535645,8769.553212251989,1.2346027344430595,8769.553212251989,optimize_swarm_heur,8769.553212251989,35.608887672424316,8769.553212251989,1.2346027344430595,8769.553212251989,optimize_random_heur,8769.553212251989,188.07601261138916,8769.553212251989,1.2346027344430595,8769.553212251989,optimize_single_point_heur,8769.553212251989,0.07891964912414551,8769.553212251989,1.2346027344430595,8769.553212251989,optimize_single_point_heur,8769.553212251989,0.07601213455200195,8769.553212251989,1.2346027344430595,8769.553212251989,optimize_single_point_heur,8769.553212251989,0.9218459129333496,8769.553212251989,1.2346027344430595,8769.553212251989,optimize_single_point_heur,8769.553212251989,3.6247518062591553,8769.553212251989,1.2346027344430595,8769.553212251989,optimize_single_point_heur,8769.553212251989,3.439441680908203,8769.553212251989,1.2346027344430595,8769.553212251989,optimize_single_point_heur,8769.553212251989,2.1287522315979004
2025-11-06 12:28:59,config_ed_area_0.1_hw_0.3_seed_2,inputs/task_graph_topology/soda-benchmark-graphs/pytorch-graphs/squeeze_net_tosa.dot,179,0.3,0.5,1.0,0.1,2,2688.9671217589616,17857.13007901792,6.64088821857251,17857.13007901792,None,9585.149287423177,0.0,8942.015456463532,3.3254461849329715,8942.015456463532,optimize_random_heur,8942.015456463534,0.15441608428955078,8942.015456463532,3.3254461849329715,8942.015456463532,optimize_swarm_heur,8942.015456463534,37.94133234024048,8942.015456463532,3.3254461849329715,8942.015456463532,optimize_random_heur,8942.015456463534,187.9299566745758,8942.015456463532,3.3254461849329715,8942.015456463532,optimize_single_point_heur,8942.015456463534,0.08173656463623047,8942.015456463532,3.3254461849329715,8942.015456463532,optimize_single_point_heur,8942.015456463534,0.0766608715057373,8942.015456463532,3.3254461849329715,8942.015456463532,optimize_single_point_heur,8942.015456463534,0.9346158504486084,8942.015456463532,3.3254461849329715,8942.015456463532,optimize_single_point_heur,8942.015456463534,3.8014068603515625,8942.015456463532,3.3254461849329715,8942.015456463532,optimize_single_point_heur,8942.015456463534,3.7127161026000977,8942.015456463532,3.3254461849329715,8942.015456463532,optimize_single_point_heur,8942.015456463534,2.2062885761260986
2025-11-06 12:30:07,config_ed_area_0.1_hw_0.9_seed_2,inputs/task_graph_topology/soda-benchmark-graphs/pytorch-graphs/squeeze_net_tosa.dot,179,0.9,0.5,1.0,0.1,2,6779.073175355862,14397.680024199157,2.1238419547585665,14397.680024199157,None,10023.297782868129,0.0,8942.015456463532,1.31906165122552,8942.015456463532,optimize_random_heur,8942.015456463534,0.14274072647094727,8942.015456463532,1.31906165122552,8942.015456463532,optimize_swarm_heur,8942.015456463534,34.05901479721069,8942.015456463532,1.31906165122552,8942.015456463532,optimize_random_heur,8942.015456463534,178.4484372138977,8942.015456463532,1.31906165122552,8942.015456463532,optimize_single_point_heur,8942.015456463534,0.07670259475708008,8942.015456463532,1.31906165122552,8942.015456463532,optimize_single_point_heur,8942.015456463534,0.07187008857727051,8942.015456463532,1.31906165122552,8942.015456463532,optimize_single_point_heur,8942.015456463534,0.8966808319091797,8942.015456463532,1.31906165122552,8942.015456463532,optimize_single_point_heur,8942.015456463534,3.56508469581604,8942.015456463532,1.31906165122552,8942.015456463532,optimize_single_point_heur,8942.015456463534,3.5696797370910645,8942.015456463532,1.31906165122552,8942.015456463532,optimize_single_point_heur,8942.015456463534,2.153604507446289
2025-11-06 12:30:42,config_ed_area_0.1_hw_0.9_seed_3,inputs/task_graph_topology/soda-benchmark-graphs/pytorch-graphs/squeeze_net_tosa.dot,179,0.9,0.5,1.0,0.1,3,6781.9286707166075,14908.916045009204,2.1983298216307934,14908.916045009204,None,9596.790298780641,0.0,9214.5581241026,1.3586928691671052,9214.5581241026,optimize_random_heur,9214.558124102598,0.1465752124786377,9214.5581241026,1.3586928691671052,9214.5581241026,optimize_swarm_heur,9214.558124102598,34.106141090393066,9214.5581241026,1.3586928691671052,9214.5581241026,optimize_random_heur,9214.558124102598,177.74789357185364,9214.5581241026,1.3586928691671052,9214.5581241026,optimize_single_point_heur,9214.558124102598,0.07414579391479492,9214.5581241026,1.3586928691671052,9214.5581241026,optimize_single_point_heur,9214.558124102598,0.07033777236938477,9214.5581241026,1.3586928691671052,9214.5581241026,optimize_single_point_heur,9214.558124102598,0.8663663864135742,9214.5581241026,1.3586928691671052,9214.5581241026,optimize_single_point_heur,9214.558124102598,3.5729658603668213,9214.5581241026,1.3586928691671052,9214.5581241026,optimize_single_point_heur,9214.558124102598,3.593867301940918,9214.5581241026,1.3586928691671052,9214.5581241026,optimize_single_point_heur,9214.558124102598,2.117504596710205
2025-11-06 12:30:55,config_ed_area_0.3_hw_0.1_seed_0,inputs/task_graph_topology/soda-benchmark-graphs/pytorch-graphs/squeeze_net_tosa.dot,179,0.1,0.5,1.0,0.3,0,1005.5926797560742,16177.672377649415,16.087699028968288,16177.672377649415,None,8369.702674639831,0.0,9466.813815823472,9.414163414673851,9466.813815823472,optimize_random_heur,9466.813815823469,0.1402878761291504,6059.524385520984,6.025823882280883,13494.550304884342,optimize_swarm_heur,7324.45263320299,52.93021512031555,9466.813815823472,9.414163414673851,9466.813815823472,optimize_random_heur,9466.813815823469,171.94309425354004,9466.813815823472,9.414163414673851,9466.813815823472,optimize_single_point_heur,9466.813815823469,0.07562589645385742,9466.813815823472,9.414163414673851,9466.813815823472,optimize_single_point_heur,9466.813815823469,0.07323694229125977,9466.813815823472,9.414163414673851,9466.813815823472,optimize_single_point_heur,9466.813815823469,0.8861947059631348,9466.813815823472,9.414163414673851,9466.813815823472,optimize_single_point_heur,9466.813815823469,3.5511269569396973,9466.813815823472,9.414163414673851,9466.813815823472,optimize_single_point_heur,9466.813815823469,3.4295077323913574,9466.813815823472,9.414163414673851,9466.813815823472,optimize_single_point_heur,9466.813815823469,2.062469720840454
2025-11-06 12:31:03,config_ed_area_0.3_hw_0.1_seed_1,inputs/task_graph_topology/soda-benchmark-graphs/pytorch-graphs/squeeze_net_tosa.dot,179,0.1,0.5,1.0,0.3,1,914.495431384477,15185.992025845364,16.60586975580066,15185.992025845364,None,8209.232138212055,0.0,8769.553212251989,9.589499205015763,8769.553212251989,optimize_random_heur,8769.553212251989,0.1458134651184082,6154.938751839435,6.730420448925942,14548.53537671007,optimize_swarm_heur,7534.855394048898,54.48021841049194,8769.553212251989,9.589499205015763,8769.553212251989,optimize_random_heur,8769.553212251989,179.04682111740112,8769.553212251989,9.589499205015763,8769.553212251989,optimize_single_point_heur,8769.553212251989,0.07821846008300781,8769.553212251989,9.589499205015763,8769.553212251989,optimize_single_point_heur,8769.553212251989,0.07312560081481934,8769.553212251989,9.589499205015763,8769.553212251989,optimize_single_point_heur,8769.553212251989,0.9173774719238281,8769.553212251989,9.589499205015763,8769.553212251989,optimize_single_point_heur,8769.553212251989,3.731750965118408,8769.553212251989,9.589499205015763,8769.553212251989,optimize_single_point_heur,8769.553212251989,3.619676351547241,8769.553212251989,9.589499205015763,8769.553212251989,optimize_single_point_heur,8769.553212251989,2.2310080528259277
2025-11-06 12:33:20,config_ed_area_0.3_hw_0.1_seed_3,inputs/task_graph_topology/soda-benchmark-graphs/pytorch-graphs/squeeze_net_tosa.dot,179,0.1,0.5,1.0,0.3,3,886.513608108352,15890.125288495134,17.924288068630528,15890.125288495134,None,8356.821328919355,0.0,9214.5581241026,10.394153050582808,9214.5581241026,optimize_random_heur,9214.558124102598,0.14175033569335938,6612.975708786167,7.459530962978644,14868.105279287121,optimize_swarm_heur,8571.831567406702,54.60939598083496,9214.5581241026,10.394153050582808,9214.5581241026,optimize_random_heur,9214.558124102598,173.60191679000854,9214.5581241026,10.394153050582808,9214.5581241026,optimize_single_point_heur,9214.558124102598,0.07409548759460449,9214.5581241026,10.394153050582808,9214.5581241026,optimize_single_point_heur,9214.558124102598,0.06972622871398926,9214.5581241026,10.394153050582808,9214.5581241026,optimize_single_point_heur,9214.558124102598,0.8630435466766357,9214.5581241026,10.394153050582808,9214.5581241026,optimize_single_point_heur,9214.558124102598,3.618175506591797,9214.5581241026,10.394153050582808,9214.5581241026,optimize_single_point_heur,9214.558124102598,3.4847660064697266,9214.5581241026,10.394153050582808,9214.5581241026,optimize_single_point_heur,9214.558124102598,2.090677261352539
2025-11-06 12:33:22,config_ed_area_0.3_hw_0.3_seed_0,inputs/task_graph_topology/soda-benchmark-graphs/pytorch-graphs/squeeze_net_tosa.dot,179,0.3,0.5,1.0,0.3,0,3016.369355489379,17749.56380988411,5.884413252502494,17749.56380988411,None,9325.564737080844,0.0,9466.813815823472,3.138479642287563,9466.813815823472,optimize_random_heur,9466.813815823469,0.14274191856384277,6023.163250031438,1.9968255011840994,15902.69142242426,optimize_swarm_heur,7628.468126225056,55.423354148864746,9466.813815823472,3.138479642287563,9466.813815823472,optimize_random_heur,9466.813815823469,173.95152926445007,9466.813815823472,3.138479642287563,9466.813815823472,optimize_single_point_heur,9466.813815823469,0.07599377632141113,9466.813815823472,3.138479642287563,9466.813815823472,optimize_single_point_heur,9466.813815823469,0.07175946235656738,9466.813815823472,3.138479642287563,9466.813815823472,optimize_single_point_heur,9466.813815823469,0.8894903659820557,9466.813815823472,3.138479642287563,9466.813815823472,optimize_single_point_heur,9466.813815823469,3.684865951538086,9466.813815823472,3.138479642287563,9466.813815823472,optimize_single_point_heur,9466.813815823469,3.5742270946502686,9466.813815823472,3.138479642287563,9466.813815823472,optimize_single_point_heur,9466.813815823469,2.1999545097351074
2025-11-06 12:33:23,config_ed_area_0.3_hw_0.7_seed_0,inputs/task_graph_topology/soda-benchmark-graphs/pytorch-graphs/squeeze_net_tosa.dot,179,0.7,0.5,1.0,0.3,0,6596.241530654771,18310.586583692744,2.7759120854804658,18310.586583692744,None,9579.262338428754,0.0,9466.813815823472,1.435183016241638,9466.813815823472,optimize_random_heur,9466.813815823469,0.14101529121398926,6641.54530929022,1.006868120038496,15616.057347193964,optimize_swarm_heur,8169.585166189121,55.30814480781555,9466.813815823472,1.435183016241638,9466.813815823472,optimize_random_heur,9466.813815823469,174.32742929458618,9466.813815823472,1.435183016241638,9466.813815823472,optimize_single_point_heur,9466.813815823469,0.07654809951782227,9466.813815823472,1.435183016241638,9466.813815823472,optimize_single_point_heur,9466.813815823469,0.0719749927520752,9466.813815823472,1.435183016241638,9466.813815823472,optimize_single_point_heur,9466.813815823469,0.8902328014373779,9466.813815823472,1.435183016241638,9466.813815823472,optimize_single_point_heur,9466.813815823469,3.6338694095611572,9466.813815823472,1.435183016241638,9466.813815823472,optimize_single_point_heur,9466.813815823469,3.5201451778411865,9466.813815823472,1.435183016241638,9466.813815823472,optimize_single_point_heur,9466.813815823469,2.162548303604126
2025-11-06 12:33:24,config_ed_area_0.3_hw_0.3_seed_2,inputs/task_graph_topology/soda-benchmark-graphs/pytorch-graphs/squeeze_net_tosa.dot,179,0.3,0.5,1.0,0.3,2,2688.9671217589616,16342.336786852147,6.07755173152209,16342.336786852147,None,8234.877413072467,0.0,8942.015456463532,3.3254461849329715,8942.015456463532,optimize_random_heur,8942.015456463534,0.1429443359375,6004.901144792526,2.2331627248995436,13139.728939854229,optimize_swarm_heur,7609.555446704842,55.667800426483154,8942.015456463532,3.3254461849329715,8942.015456463532,optimize_random_heur,8942.015456463534,175.28127002716064,8942.015456463532,3.3254461849329715,8942.015456463532,optimize_single_point_heur,8942.015456463534,0.07538866996765137,8942.015456463532,3.3254461849329715,8942.015456463532,optimize_single_point_heur,8942.015456463534,0.07262420654296875,8942.015456463532,3.3254461849329715,8942.015456463532,optimize_single_point_heur,8942.015456463534,0.8942971229553223,8942.015456463532,3.3254461849329715,8942.015456463532,optimize_single_point_heur,8942.015456463534,3.5997633934020996,8942.015456463532,3.3254461849329715,8942.015456463532,optimize_single_point_heur,8942.015456463534,3.489637851715088,8942.015456463532,3.3254461849329715,8942.015456463532,optimize_single_point_heur,8942.015456463534,2.226979970932007
2025-11-06 12:33:24,config_ed_area_0.3_hw_0.1_seed_2,inputs/task_graph_topology/soda-benchmark-graphs/pytorch-graphs/squeeze_net_tosa.dot,179,0.1,0.5,1.0,0.3,2,896.9223739196549,15283.413241454895,17.03983943968819,15283.413241454895,None,7324.7122296030975,0.0,8942.015456463532,9.969664841100894,8942.015456463532,optimize_random_heur,8942.015456463534,0.14226508140563965,5985.292762678174,6.673144674183731,14318.098746948377,optimize_swarm_heur,7587.47171363576,57.09892988204956,8942.015456463532,9.969664841100894,8942.015456463532,optimize_random_heur,8942.015456463534,175.10711932182312,8942.015456463532,9.969664841100894,8942.015456463532,optimize_single_point_heur,8942.015456463534,0.07423114776611328,8942.015456463532,9.969664841100894,8942.015456463532,optimize_single_point_heur,8942.015456463534,0.07179069519042969,8942.015456463532,9.969664841100894,8942.015456463532,optimize_single_point_heur,8942.015456463534,0.8900291919708252,8942.015456463532,9.969664841100894,8942.015456463532,optimize_single_point_heur,8942.015456463534,3.64902663230896,8942.015456463532,9.969664841100894,8942.015456463532,optimize_single_point_heur,8942.015456463534,3.47261643409729,8942.015456463532,9.969664841100894,8942.015456463532,optimize_single_point_heur,8942.015456463534,2.093179225921631
2025-11-06 12:33:25,config_ed_area_0.3_hw_0.3_seed_3,inputs/task_graph_topology/soda-benchmark-graphs/pytorch-graphs/squeeze_net_tosa.dot,179,0.3,0.5,1.0,0.3,3,2658.940824325056,17095.657764802203,6.429499148083431,17095.657764802203,None,9301.006921663533,0.0,9214.5581241026,3.4654995101072315,9214.5581241026,optimize_random_heur,9214.558124102598,0.14712762832641602,6587.771802860042,2.4775924844180306,16073.099338053193,optimize_swarm_heur,8177.178319383125,54.611337423324585,9214.5581241026,3.4654995101072315,9214.5581241026,optimize_random_heur,9214.558124102598,177.58225870132446,9214.5581241026,3.4654995101072315,9214.5581241026,optimize_single_point_heur,9214.558124102598,0.07728195190429688,9214.5581241026,3.4654995101072315,9214.5581241026,optimize_single_point_heur,9214.558124102598,0.07203269004821777,9214.5581241026,3.4654995101072315,9214.5581241026,optimize_single_point_heur,9214.558124102598,0.9061479568481445,9214.5581241026,3.4654995101072315,9214.5581241026,optimize_single_point_heur,9214.558124102598,3.641744375228882,9214.5581241026,3.4654995101072315,9214.5581241026,optimize_single_point_heur,9214.558124102598,3.5626320838928223,9214.5581241026,3.4654995101072315,9214.5581241026,optimize_single_point_heur,9214.558124102598,2.1579926013946533
2025-11-06 12:33:26,config_ed_area_0.3_hw_0.9_seed_0,inputs/task_graph_topology/soda-benchmark-graphs/pytorch-graphs/squeeze_net_tosa.dot,179,0.9,0.5,1.0,0.3,0,7512.781340436409,19269.95858428839,2.5649566666569616,19269.95858428839,None,10365.862907145185,0.0,9466.813815823472,1.260094416014716,9466.813815823472,optimize_random_heur,9466.813815823469,0.1422569751739502,7152.485886967299,0.9520423346371238,15217.485763778453,optimize_swarm_heur,9418.3619019447,56.65121507644653,9466.813815823472,1.260094416014716,9466.813815823472,optimize_random_heur,9466.813815823469,175.8522973060608,9466.813815823472,1.260094416014716,9466.813815823472,optimize_single_point_heur,9466.813815823469,0.07639217376708984,9466.813815823472,1.260094416014716,9466.813815823472,optimize_single_point_heur,9466.813815823469,0.0724174976348877,9466.813815823472,1.260094416014716,9466.813815823472,optimize_single_point_heur,9466.813815823469,0.8944885730743408,9466.813815823472,1.260094416014716,9466.813815823472,optimize_single_point_heur,9466.813815823469,3.645869493484497,9466.813815823472,1.260094416014716,9466.813815823472,optimize_single_point_heur,9466.813815823469,3.539747714996338,9466.813815823472,1.260094416014716,9466.813815823472,optimize_single_point_heur,9466.813815823469,2.185317277908325
2025-11-06 12:33:27,config_ed_area_0.3_hw_0.9_seed_3,inputs/task_graph_topology/soda-benchmark-graphs/pytorch-graphs/squeeze_net_tosa.dot,179,0.9,0.5,1.0,0.3,3,6781.9286707166075,17770.698626886493,2.6203016117845377,17770.698626886493,None,11002.222743045671,0.0,9214.5581241026,1.3586928691671052,9214.5581241026,optimize_random_heur,9214.558124102598,0.14604783058166504,6780.464424153732,0.9997840958473659,18137.21252032567,optimize_swarm_heur,8531.8315520268,56.15680170059204,9214.5581241026,1.3586928691671052,9214.5581241026,optimize_random_heur,9214.558124102598,178.03580951690674,9214.5581241026,1.3586928691671052,9214.5581241026,optimize_single_point_heur,9214.558124102598,0.0753941535949707,9214.5581241026,1.3586928691671052,9214.5581241026,optimize_single_point_heur,9214.558124102598,0.07302379608154297,9214.5581241026,1.3586928691671052,9214.5581241026,optimize_single_point_heur,9214.558124102598,0.9061174392700195,9214.5581241026,1.3586928691671052,9214.5581241026,optimize_single_point_heur,9214.558124102598,3.6742873191833496,9214.5581241026,1.3586928691671052,9214.5581241026,optimize_single_point_heur,9214.558124102598,3.5994033813476562,9214.5581241026,1.3586928691671052,9214.5581241026,optimize_single_point_heur,9214.558124102598,2.2227370738983154
2025-11-06 12:33:28,config_ed_area_0.3_hw_0.5_seed_3,inputs/task_graph_topology/soda-benchmark-graphs/pytorch-graphs/squeeze_net_tosa.dot,179,0.5,0.5,1.0,0.3,3,4420.261133273895,18356.465375784806,4.152801117926028,18356.465375784806,None,10154.217077276555,0.0,9214.5581241026,2.0846184979297315,9214.5581241026,optimize_random_heur,9214.558124102598,0.1459190845489502,7062.531682129639,1.5977634508888685,15162.803713758505,optimize_swarm_heur,9323.874563558084,55.30026197433472,9214.5581241026,2.0846184979297315,9214.5581241026,optimize_random_heur,9214.558124102598,179.25280046463013,9214.5581241026,2.0846184979297315,9214.5581241026,optimize_single_point_heur,9214.558124102598,0.07635140419006348,9214.5581241026,2.0846184979297315,9214.5581241026,optimize_single_point_heur,9214.558124102598,0.0729527473449707,9214.5581241026,2.0846184979297315,9214.5581241026,optimize_single_point_heur,9214.558124102598,0.8971328735351562,9214.5581241026,2.0846184979297315,9214.5581241026,optimize_single_point_heur,9214.558124102598,3.675045967102051,9214.5581241026,2.0846184979297315,9214.5581241026,optimize_single_point_heur,9214.558124102598,3.5192129611968994,9214.5581241026,2.0846184979297315,9214.5581241026,optimize_single_point_heur,9214.558124102598,2.1400156021118164
2025-11-06 12:33:28,config_ed_area_0.3_hw_0.5_seed_2,inputs/task_graph_topology/soda-benchmark-graphs/pytorch-graphs/squeeze_net_tosa.dot,179,0.5,0.5,1.0,0.3,2,4411.024222327901,16995.30690204205,3.852916249249895,16995.30690204205,None,8530.896631583957,0.0,8942.015456463532,2.02719708751552,8942.015456463532,optimize_random_heur,8942.015456463534,0.14326691627502441,5779.13168556569,1.3101564158982957,14388.772948540358,optimize_swarm_heur,7153.822997684676,57.878711462020874,8942.015456463532,2.02719708751552,8942.015456463532,optimize_random_heur,8942.015456463534,177.29035472869873,8942.015456463532,2.02719708751552,8942.015456463532,optimize_single_point_heur,8942.015456463534,0.07778596878051758,8942.015456463532,2.02719708751552,8942.015456463532,optimize_single_point_heur,8942.015456463534,0.07229948043823242,8942.015456463532,2.02719708751552,8942.015456463532,optimize_single_point_heur,8942.015456463534,0.9060397148132324,8942.015456463532,2.02719708751552,8942.015456463532,optimize_single_point_heur,8942.015456463534,3.7486562728881836,8942.015456463532,2.02719708751552,8942.015456463532,optimize_single_point_heur,8942.015456463534,3.6020736694335938,8942.015456463532,2.02719708751552,8942.015456463532,optimize_single_point_heur,8942.015456463534,2.1550512313842773
2025-11-06 12:33:29,config_ed_area_0.3_hw_0.7_seed_3,inputs/task_graph_topology/soda-benchmark-graphs/pytorch-graphs/squeeze_net_tosa.dot,179,0.7,0.5,1.0,0.3,3,5877.451285254198,17993.191589037888,3.0613935727856374,17993.191589037888,None,10560.249231520542,0.0,9214.5581241026,1.5677812842482917,9214.5581241026,optimize_random_heur,9214.558124102598,0.14383864402770996,6605.3358704220145,1.1238435760401773,14630.973011663595,optimize_swarm_heur,8120.486145821434,58.579345703125,9214.5581241026,1.5677812842482917,9214.5581241026,optimize_random_heur,9214.558124102598,176.71919631958008,9214.5581241026,1.5677812842482917,9214.5581241026,optimize_single_point_heur,9214.558124102598,0.07601284980773926,9214.5581241026,1.5677812842482917,9214.5581241026,optimize_single_point_heur,9214.558124102598,0.07298803329467773,9214.5581241026,1.5677812842482917,9214.5581241026,optimize_single_point_heur,9214.558124102598,0.9000539779663086,9214.5581241026,1.5677812842482917,9214.5581241026,optimize_single_point_heur,9214.558124102598,3.728260040283203,9214.5581241026,1.5677812842482917,9214.5581241026,optimize_single_point_heur,9214.558124102598,3.618723154067993,9214.5581241026,1.5677812842482917,9214.5581241026,optimize_single_point_heur,9214.558124102598,2.210735559463501
2025-11-06 12:33:30,config_ed_area_0.3_hw_0.9_seed_2,inputs/task_graph_topology/soda-benchmark-graphs/pytorch-graphs/squeeze_net_tosa.dot,179,0.9,0.5,1.0,0.3,2,6779.073175355862,16467.98699318543,2.429238712609258,16467.98699318543,None,9293.634705563594,0.0,8942.015456463532,1.31906165122552,8942.015456463532,optimize_random_heur,8942.015456463534,0.1457822322845459,6162.639924972787,0.9090682111790723,15135.51567926954,optimize_swarm_heur,7469.488367834498,57.83313584327698,8942.015456463532,1.31906165122552,8942.015456463532,optimize_random_heur,8942.015456463534,178.8406858444214,8942.015456463532,1.31906165122552,8942.015456463532,optimize_single_point_heur,8942.015456463534,0.07631611824035645,8942.015456463532,1.31906165122552,8942.015456463532,optimize_single_point_heur,8942.015456463534,0.07438516616821289,8942.015456463532,1.31906165122552,8942.015456463532,optimize_single_point_heur,8942.015456463534,0.902463436126709,8942.015456463532,1.31906165122552,8942.015456463532,optimize_single_point_heur,8942.015456463534,3.6381514072418213,8942.015456463532,1.31906165122552,8942.015456463532,optimize_single_point_heur,8942.015456463534,3.493239402770996,8942.015456463532,1.31906165122552,8942.015456463532,optimize_single_point_heur,8942.015456463534,2.1339690685272217
2025-11-06 12:33:30,config_ed_area_0.3_hw_0.5_seed_1,inputs/task_graph_topology/soda-benchmark-graphs/pytorch-graphs/squeeze_net_tosa.dot,179,0.5,0.5,1.0,0.3,1,4559.116995953398,17004.18532297155,3.7297102351319786,17004.18532297155,None,9310.196019697378,0.0,8769.553212251989,1.9235201070811978,8769.553212251989,optimize_random_heur,8769.553212251989,0.14288878440856934,6258.844406925897,1.372819432464916,15568.474183509956,optimize_swarm_heur,7589.475349279535,61.426931858062744,8769.553212251989,1.9235201070811978,8769.553212251989,optimize_random_heur,8769.553212251989,175.56666374206543,8769.553212251989,1.9235201070811978,8769.553212251989,optimize_single_point_heur,8769.553212251989,0.07543063163757324,8769.553212251989,1.9235201070811978,8769.553212251989,optimize_single_point_heur,8769.553212251989,0.07261013984680176,8769.553212251989,1.9235201070811978,8769.553212251989,optimize_single_point_heur,8769.553212251989,0.8836178779602051,8769.553212251989,1.9235201070811978,8769.553212251989,optimize_single_point_heur,8769.553212251989,3.6288459300994873,8769.553212251989,1.9235201070811978,8769.553212251989,optimize_single_point_heur,8769.553212251989,3.4884564876556396,8769.553212251989,1.9235201070811978,8769.553212251989,optimize_single_point_heur,8769.553212251989,2.1503405570983887
2025-11-06 12:33:32,config_ed_area_0.3_hw_0.3_seed_1,inputs/task_graph_topology/soda-benchmark-graphs/pytorch-graphs/squeeze_net_tosa.dot,179,0.3,0.5,1.0,0.3,1,2742.479224526191,16994.917440934125,6.196917478516279,16994.917440934125,None,8811.361534107938,0.0,8769.553212251989,3.197673526138407,8769.553212251989,optimize_random_heur,8769.553212251989,0.14714717864990234,6133.9576040989805,2.2366468811295093,15239.470800228719,optimize_swarm_heur,7508.088703706985,58.72110557556152,8769.553212251989,3.197673526138407,8769.553212251989,optimize_random_heur,8769.553212251989,180.2577006816864,8769.553212251989,3.197673526138407,8769.553212251989,optimize_single_point_heur,8769.553212251989,0.08091592788696289,8769.553212251989,3.197673526138407,8769.553212251989,optimize_single_point_heur,8769.553212251989,0.07359170913696289,8769.553212251989,3.197673526138407,8769.553212251989,optimize_single_point_heur,8769.553212251989,0.9026937484741211,8769.553212251989,3.197673526138407,8769.553212251989,optimize_single_point_heur,8769.553212251989,3.690878391265869,8769.553212251989,3.197673526138407,8769.553212251989,optimize_single_point_heur,8769.553212251989,3.4883041381835938,8769.553212251989,3.197673526138407,8769.553212251989,optimize_single_point_heur,8769.553212251989,2.1337578296661377
2025-11-06 12:33:36,config_ed_area_0.3_hw_0.5_seed_0,inputs/task_graph_topology/soda-benchmark-graphs/pytorch-graphs/squeeze_net_tosa.dot,179,0.5,0.5,1.0,0.3,0,5020.405770995477,18373.1465116248,3.6596935287128516,18373.1465116248,None,9655.038345565103,0.0,9466.813815823472,1.88566706510385,9466.813815823472,optimize_random_heur,9466.813815823469,0.15760159492492676,6376.868684077547,1.2701898959878501,14834.017017446666,optimize_swarm_heur,7953.364267958802,55.93008589744568,9466.813815823472,1.88566706510385,9466.813815823472,optimize_random_heur,9466.813815823469,187.71018171310425,9466.813815823472,1.88566706510385,9466.813815823472,optimize_single_point_heur,9466.813815823469,0.07467103004455566,9466.813815823472,1.88566706510385,9466.813815823472,optimize_single_point_heur,9466.813815823469,0.06940841674804688,9466.813815823472,1.88566706510385,9466.813815823472,optimize_single_point_heur,9466.813815823469,0.8637728691101074,9466.813815823472,1.88566706510385,9466.813815823472,optimize_single_point_heur,9466.813815823469,3.5334129333496094,9466.813815823472,1.88566706510385,9466.813815823472,optimize_single_point_heur,9466.813815823469,3.394622325897217,9466.813815823472,1.88566706510385,9466.813815823472,optimize_single_point_heur,9466.813815823469,2.039841890335083
2025-11-06 12:33:37,config_ed_area_0.3_hw_0.7_seed_1,inputs/task_graph_topology/soda-benchmark-graphs/pytorch-graphs/squeeze_net_tosa.dot,179,0.7,0.5,1.0,0.3,1,6100.224451734148,19266.527860032118,3.1583309782241056,19266.527860032118,None,9973.956452413617,0.0,8769.553212251989,1.4375787779020188,8769.553212251989,optimize_random_heur,8769.553212251989,0.14462494850158691,6516.1495757019975,1.0681819377727342,15615.897036568706,optimize_swarm_heur,7924.006484065475,66.65709185600281,8769.553212251989,1.4375787779020188,8769.553212251989,optimize_random_heur,8769.553212251989,177.26813626289368,8769.553212251989,1.4375787779020188,8769.553212251989,optimize_single_point_heur,8769.553212251989,0.07647538185119629,8769.553212251989,1.4375787779020188,8769.553212251989,optimize_single_point_heur,8769.553212251989,0.07166528701782227,8769.553212251989,1.4375787779020188,8769.553212251989,optimize_single_point_heur,8769.553212251989,0.8846447467803955,8769.553212251989,1.4375787779020188,8769.553212251989,optimize_single_point_heur,8769.553212251989,3.5861332416534424,8769.553212251989,1.4375787779020188,8769.553212251989,optimize_single_point_heur,8769.553212251989,3.3950743675231934,8769.553212251989,1.4375787779020188,8769.553212251989,optimize_single_point_heur,8769.553212251989,2.056156873703003
2025-11-06 12:33:42,config_ed_area_0.3_hw_0.7_seed_2,inputs/task_graph_topology/soda-benchmark-graphs/pytorch-graphs/squeeze_net_tosa.dot,179,0.7,0.5,1.0,0.3,2,5858.939212615281,16470.520413773585,2.8111778968980916,16470.520413773585,None,9451.852047837383,0.0,8942.015456463532,1.5262174827159616,8942.015456463532,optimize_random_heur,8942.015456463534,0.15320730209350586,6224.473290937416,1.0623891228526623,14048.788611353708,optimize_swarm_heur,7985.2311197941435,59.886086225509644,8942.015456463532,1.5262174827159616,8942.015456463532,optimize_random_heur,8942.015456463534,188.8972110748291,8942.015456463532,1.5262174827159616,8942.015456463532,optimize_single_point_heur,8942.015456463534,0.07859325408935547,8942.015456463532,1.5262174827159616,8942.015456463532,optimize_single_point_heur,8942.015456463534,0.07428383827209473,8942.015456463532,1.5262174827159616,8942.015456463532,optimize_single_point_heur,8942.015456463534,0.9132058620452881,8942.015456463532,1.5262174827159616,8942.015456463532,optimize_single_point_heur,8942.015456463534,3.6891353130340576,8942.015456463532,1.5262174827159616,8942.015456463532,optimize_single_point_heur,8942.015456463534,3.5728280544281006,8942.015456463532,1.5262174827159616,8942.015456463532,optimize_single_point_heur,8942.015456463534,2.17124342918396
2025-11-06 12:33:42,config_ed_area_0.3_hw_0.9_seed_1,inputs/task_graph_topology/soda-benchmark-graphs/pytorch-graphs/squeeze_net_tosa.dot,179,0.9,0.5,1.0,0.3,1,7103.137687612537,19752.55729822743,2.78082140131885,19752.55729822743,None,10355.820045087148,0.0,8769.553212251989,1.2346027344430595,8769.553212251989,optimize_random_heur,8769.553212251989,0.1428205966949463,6436.140088714113,0.9060981740419266,16883.643854174727,optimize_swarm_heur,7595.087426856347,71.73863220214844,8769.553212251989,1.2346027344430595,8769.553212251989,optimize_random_heur,8769.553212251989,177.4986174106598,8769.553212251989,1.2346027344430595,8769.553212251989,optimize_single_point_heur,8769.553212251989,0.0768280029296875,8769.553212251989,1.2346027344430595,8769.553212251989,optimize_single_point_heur,8769.553212251989,0.07142877578735352,8769.553212251989,1.2346027344430595,8769.553212251989,optimize_single_point_heur,8769.553212251989,0.8828046321868896,8769.553212251989,1.2346027344430595,8769.553212251989,optimize_single_point_heur,8769.553212251989,3.6971569061279297,8769.553212251989,1.2346027344430595,8769.553212251989,optimize_single_point_heur,8769.553212251989,3.5953450202941895,8769.553212251989,1.2346027344430595,8769.553212251989,optimize_single_point_heur,8769.553212251989,2.0642662048339844
2025-11-06 12:44:23,config_ed_area_0.5_hw_0.1_seed_0,inputs/task_graph_topology/soda-benchmark-graphs/pytorch-graphs/squeeze_net_tosa.dot,179,0.1,0.5,1.0,0.5,0,1005.5926797560742,14269.10213174579,14.189743440860205,14269.10213174579,None,6357.8414945450995,0.0,6432.257695075398,6.396484207338966,15565.31192560962,optimize_random_heur,7908.05153219676,0.4045839309692383,5241.757906068526,5.212605472963482,15124.840930819435,optimize_swarm_heur,7082.894178225393,306.16247749328613,5329.225668053355,5.299586776373571,14604.358247970235,optimize_random_heur,7227.4452206336955,464.78362011909485,5906.167984579495,5.873320384563807,15559.872499607047,optimize_single_point_heur,7636.69770844597,0.5873110294342041,6083.719862700697,6.049884794484005,15510.985821435721,optimize_single_point_heur,7870.655568028162,0.8351027965545654,3576.5378380348866,3.5566466523030424,11763.814660359576,optimize_single_point_heur,4813.35681610621,10.014463663101196,5209.905953309766,5.180930667249417,14855.54686889809,optimize_single_point_heur,7048.997220722648,11.710196018218994,5261.793745205157,5.232529881265153,14415.033656169482,optimize_single_point_heur,6860.930153741686,11.439670085906982,3484.3780988338754,3.46499946646298,11387.024588700993,optimize_single_point_heur,4469.113606130917,10.095465898513794
2025-11-06 12:46:00,config_ed_area_0.5_hw_0.3_seed_0,inputs/task_graph_topology/soda-benchmark-graphs/pytorch-graphs/squeeze_net_tosa.dot,179,0.3,0.5,1.0,0.5,0,3016.369355489379,16244.671407184193,5.385504721966862,16244.671407184193,None,7523.953727482756,0.0,6793.714167807734,2.2522819214576972,16304.736783381622,optimize_random_heur,8104.988274227084,0.41028332710266113,5836.707342273221,1.9350108207574823,15566.512329512218,optimize_swarm_heur,7591.364698949899,301.36044549942017,5599.957965267988,1.8565226287943921,14529.400140890803,optimize_random_heur,7324.77963231775,456.66723704338074,6362.82022032513,2.1094300698771087,16400.61418737336,optimize_single_point_heur,7941.13120761906,0.597419261932373,6638.992853698216,2.200988032720913,16612.767896214293,optimize_single_point_heur,8399.883382068683,0.83929443359375,3877.342308466278,1.2854335300184794,13794.762321498965,optimize_single_point_heur,5235.160636256111,10.507991313934326,5864.068704472097,1.9440817795739422,15617.828682033823,optimize_single_point_heur,7517.955202855887,11.637677192687988,5679.326201294133,1.8828351345495995,14973.37562798016,optimize_single_point_heur,7173.743168225867,11.155114889144897,3983.2378138171707,1.320540472461777,13715.716273500198,optimize_single_point_heur,5221.411032423144,10.124354124069214
2025-11-06 12:46:10,config_ed_area_0.5_hw_0.1_seed_3,inputs/task_graph_topology/soda-benchmark-graphs/pytorch-graphs/squeeze_net_tosa.dot,179,0.1,0.5,1.0,0.5,3,886.513608108352,13040.762561547484,14.710166253819771,13040.762561547484,None,6876.865303495179,0.0,6335.072792054608,7.146052507386123,15362.036215102991,optimize_random_heur,8105.17485571238,0.3963286876678467,5267.743029259587,5.942089304754079,12856.909054426533,optimize_swarm_heur,6746.686237835356,296.49231338500977,5869.492033629132,6.620870768304943,15139.700168302057,optimize_random_heur,7409.893593082602,472.41220235824585,6361.155791091832,7.175474502489933,15851.556881804838,optimize_single_point_heur,8129.328592243175,0.6140351295471191,6265.3244215504,7.067375350187108,14039.82958924568,optimize_single_point_heur,7697.733933194614,0.3643324375152588,4039.9889636177472,4.55716519934567,11334.77743406282,optimize_single_point_heur,5331.117802610103,10.109106063842773,5663.213667831633,6.388185828208359,14832.267518582184,optimize_single_point_heur,7295.096418307903,11.546853065490723,5516.815063539896,6.223046113541009,14670.943316958366,optimize_single_point_heur,7175.499780416313,11.291450500488281,3408.8544478730128,3.845236459648766,10367.255699730156,optimize_single_point_heur,4666.364660655552,9.329545497894287
2025-11-06 12:46:32,config_ed_area_0.5_hw_0.3_seed_1,inputs/task_graph_topology/soda-benchmark-graphs/pytorch-graphs/squeeze_net_tosa.dot,179,0.3,0.5,1.0,0.5,1,2742.479224526191,13774.970303025246,5.022816647008548,13774.970303025246,None,6932.55067451224,0.0,7124.825732526236,2.5979506677054838,17150.507641138436,optimize_random_heur,8488.584453261408,0.4018423557281494,5703.36048125811,2.0796367134717166,14270.200905188483,optimize_swarm_heur,7322.246777945401,304.94762659072876,6449.845035684245,2.3518300441450246,15118.377657339595,optimize_random_heur,8073.412195866618,483.8181459903717,6844.7054361295495,2.495809403009092,15346.293300661097,optimize_single_point_heur,8140.091360913412,0.6178913116455078,7381.1025440812555,2.691397797318397,16642.026781738172,optimize_single_point_heur,8730.470400457942,0.8436295986175537,4062.4410879839265,1.4813024112099813,12352.881443499175,optimize_single_point_heur,5528.1262548974355,10.272014856338501,6061.865807984874,2.210359791889458,14248.255290508298,optimize_single_point_heur,7128.256994540121,11.637590646743774,6032.135252577695,2.1995190332279897,15844.489590362655,optimize_single_point_heur,7920.480460928393,11.486926078796387,3930.148227757078,1.4330639928315507,12322.052610977435,optimize_single_point_heur,5322.773735081145,10.4641592502594
2025-11-06 12:46:46,config_ed_area_0.5_hw_0.9_seed_0,inputs/task_graph_topology/soda-benchmark-graphs/pytorch-graphs/squeeze_net_tosa.dot,179,0.9,0.5,1.0,0.5,0,7512.781340436409,18281.8874765268,2.4334379836302844,18281.8874765268,None,9394.641284739842,0.0,7757.381370047819,1.032557852881314,18844.751699992532,optimize_random_heur,9293.308748015988,0.4150509834289551,6826.1396161491075,0.9086035260215074,16445.588275146336,optimize_swarm_heur,8251.622495827032,324.21713423728943,6840.897834069505,0.9105679406971966,17584.54651470164,optimize_random_heur,8609.489598437653,474.27751898765564,7876.189557618941,1.0483719944338779,19299.765117708375,optimize_single_point_heur,9424.488913313242,0.614980936050415,8142.03004689794,1.0837570904765583,19118.878337622526,optimize_single_point_heur,10169.784899018374,0.6919817924499512,5106.795615768672,0.679747670584011,16251.83258296611,optimize_single_point_heur,6859.538110801279,11.04996633529663,6866.159318877693,0.9139304084256559,18144.838643132804,optimize_single_point_heur,8390.121640390702,12.721602439880371,6860.313371090652,0.9131522747994879,16920.29919973201,optimize_single_point_heur,8739.684109817754,12.664819240570068,5036.622041399418,0.6704071119826903,16644.789138138687,optimize_single_point_heur,5874.628705951692,12.227676153182983
2025-11-06 12:46:50,config_ed_area_0.5_hw_0.1_seed_1,inputs/task_graph_topology/soda-benchmark-graphs/pytorch-graphs/squeeze_net_tosa.dot,179,0.1,0.5,1.0,0.5,1,914.495431384477,11595.970002230093,12.68018363380413,11595.970002230093,None,5849.70166156275,0.0,6691.436420547711,7.31708020718855,16304.892206056045,optimize_random_heur,8059.486056680392,0.41254663467407227,5276.726322405559,5.770095881634962,14650.155725873516,optimize_swarm_heur,7117.62012053103,305.6093716621399,5967.522595800352,6.525481036866388,14248.225552483555,optimize_random_heur,7680.025542506075,500.8527491092682,6290.182024239395,6.878308855755064,14344.291964223452,optimize_single_point_heur,7597.963019376521,0.6234521865844727,6871.239330515048,7.513694540947581,15906.622763864001,optimize_single_point_heur,8256.800052925284,0.8604586124420166,3923.5549047895497,4.290404052483438,12007.381289132056,optimize_single_point_heur,5362.788656176826,10.317700624465942,5765.966345241862,6.305079443111732,15872.824301779916,optimize_single_point_heur,7163.907128174686,11.951470613479614,5173.387713324777,5.657095197832382,13487.44466151092,optimize_single_point_heur,6490.59763835995,11.351083517074585,3349.4463350347855,3.6626168049456265,10930.704091105372,optimize_single_point_heur,4626.146796706611,10.04539966583252
2025-11-06 12:46:51,config_ed_area_0.5_hw_0.7_seed_0,inputs/task_graph_topology/soda-benchmark-graphs/pytorch-graphs/squeeze_net_tosa.dot,179,0.7,0.5,1.0,0.5,0,6596.241530654771,17245.472320611072,2.6144391833540417,17245.472320611072,None,7963.53047053613,0.0,7481.29332781296,1.1341751652126564,17998.08006112223,optimize_random_heur,8897.201923419689,0.42225146293640137,6108.885717667292,0.9261161358748635,16785.52702070575,optimize_swarm_heur,7207.72816690997,325.71231842041016,6669.749104461845,1.0111438572201248,16884.344610861484,optimize_random_heur,8520.643590694266,478.8268597126007,7371.257672375365,1.1174935966366384,18333.381474263377,optimize_single_point_heur,8902.273095697357,0.5890541076660156,7730.086567054025,1.1718925893070966,18816.332045771447,optimize_single_point_heur,9475.884798762296,0.8236098289489746,4793.6738854582,0.7267280713085652,14596.162438469057,optimize_single_point_heur,6425.273873445444,10.425037145614624,6623.770902764871,1.0041734936451556,16192.035225876529,optimize_single_point_heur,8115.018539359739,11.95783543586731,6779.327818864934,1.0277561528575483,17134.467673982297,optimize_single_point_heur,8209.287668382638,12.462113380432129,4743.946491240358,0.7191893245863988,14983.509923452602,optimize_single_point_heur,5750.394644447951,12.608452558517456
2025-11-06 12:46:54,config_ed_area_0.5_hw_0.3_seed_2,inputs/task_graph_topology/soda-benchmark-graphs/pytorch-graphs/squeeze_net_tosa.dot,179,0.3,0.5,1.0,0.5,2,2688.9671217589616,15284.85411853263,5.684284495280178,15284.85411853263,None,7539.2500158792645,0.0,6703.403528764924,2.4929287809141965,16219.664694596768,optimize_random_heur,7807.489551214103,0.389798641204834,5159.400455386226,1.9187294681428662,13972.415600878081,optimize_swarm_heur,6917.322945309744,297.3375391960144,5783.887627822317,2.1509700066688966,15316.620107516404,optimize_random_heur,7028.30883849391,515.5295877456665,6358.516900225959,2.364668890435,15430.258794903119,optimize_single_point_heur,7933.80869906555,0.5717020034790039,6605.469764999319,2.456508192885012,16375.720537316569,optimize_single_point_heur,8048.404805528447,0.8085825443267822,3479.0960767269403,1.293841062084509,11430.033985378894,optimize_single_point_heur,4601.3989077555,9.82925534248352,5792.469553220316,2.1541615389596984,15258.684255072782,optimize_single_point_heur,7471.657824095298,11.091217279434204,5392.80966630669,2.0055320210754513,14896.895043941187,optimize_single_point_heur,6578.860354677421,10.9419686794281,3766.7187165354117,1.4008050474307954,12193.062533004248,optimize_single_point_heur,5173.136270570364,9.598575830459595
2025-11-06 12:47:08,config_ed_area_0.5_hw_0.1_seed_2,inputs/task_graph_topology/soda-benchmark-graphs/pytorch-graphs/squeeze_net_tosa.dot,179,0.1,0.5,1.0,0.5,2,896.9223739196549,14046.7490341023,15.66105322216055,14046.7490341023,None,6989.063712665402,0.0,6408.87332318162,7.145404674402424,15471.390766152577,optimize_random_heur,8122.550241096174,0.4114236831665039,4966.342909751654,5.537093347385414,13766.859505224389,optimize_swarm_heur,6456.364792757769,300.9523425102234,5653.461938886036,6.303178628691969,14942.857457580889,optimize_random_heur,7131.982514137178,525.3751351833344,5959.122269592331,6.643966571544285,14527.124876598851,optimize_single_point_heur,7591.652633092882,0.6031227111816406,6143.600433666847,6.849645646388104,15414.087076601265,optimize_single_point_heur,7625.121180118262,0.8525004386901855,3562.4240599012714,3.9718309671918037,11725.335660086797,optimize_single_point_heur,4695.370179094374,10.159737586975098,5312.922930667352,5.923503622113096,14020.607384299881,optimize_single_point_heur,7229.337368805991,11.641548156738281,5206.25093714244,5.804572489802567,14816.743797145895,optimize_single_point_heur,7088.592687577673,11.382455825805664,3183.858348003125,3.549759087945698,11221.46210739386,optimize_single_point_heur,4323.120310271822,9.765115976333618
2025-11-06 12:47:11,config_ed_area_0.5_hw_0.5_seed_0,inputs/task_graph_topology/soda-benchmark-graphs/pytorch-graphs/squeeze_net_tosa.dot,179,0.5,0.5,1.0,0.5,0,5020.405770995477,17363.770636179088,3.4586388886124024,17363.770636179088,None,7765.496317247366,0.0,7047.886383825475,1.403847956781385,17151.40842225193,optimize_random_heur,8501.095098823385,0.4316864013671875,6082.937886145184,1.211642676631499,17402.190346787338,optimize_swarm_heur,8033.827936135802,327.7391107082367,5842.166561303104,1.1636841378549931,15817.653337271617,optimize_random_heur,7674.07063364067,496.41126108169556,6743.412241855082,1.3432006394411338,17366.997830818378,optimize_single_point_heur,8421.702151658208,0.6458022594451904,7114.745931648551,1.4171655153359837,17739.971815970242,optimize_single_point_heur,8929.3238130056,0.9094505310058594,4097.846922486696,0.8162381905783981,13220.425033905018,optimize_single_point_heur,6185.995066885514,11.182490348815918,6387.662892515434,1.272339962920736,16147.333729208965,optimize_single_point_heur,8150.286731234551,12.594892024993896,6213.458746491626,1.2376407465684955,16209.00876774191,optimize_single_point_heur,7843.074721276279,12.390711069107056,4545.912458329015,0.9054870593513049,14111.35511195558,optimize_single_point_heur,5882.518193950497,11.425353288650513
2025-11-06 12:47:21,config_ed_area_0.5_hw_0.5_seed_3,inputs/task_graph_topology/soda-benchmark-graphs/pytorch-graphs/squeeze_net_tosa.dot,179,0.5,0.5,1.0,0.5,3,4420.261133273895,16224.388012001416,3.6704591703578195,16224.388012001416,None,8644.460609277863,0.0,7125.4522793739825,1.6119980391512458,17035.06792852944,optimize_random_heur,8913.556299898539,0.41060447692871094,5610.136964836184,1.2691867732893418,15225.995955441223,optimize_swarm_heur,7366.8853736389765,323.23311495780945,6576.660494582845,1.4878443368597543,17854.493299358597,optimize_random_heur,8879.356259087981,513.7974469661713,7024.567139547316,1.589174695284241,16959.176931545626,optimize_single_point_heur,8782.698186059753,0.6539504528045654,7112.031926088778,1.6089619394999872,16153.446672283848,optimize_single_point_heur,8576.510327725555,0.37894725799560547,4004.64575778763,0.9059749270563033,12985.187536217021,optimize_single_point_heur,5261.122359806959,10.808375120162964,6090.962780595848,1.377964467923762,15594.939426885228,optimize_single_point_heur,7747.039079120532,12.424275159835815,5842.171327863055,1.3216801342087254,16407.013739369722,optimize_single_point_heur,8160.911551681033,12.41897988319397,3932.7423969500614,0.8897081593994539,13079.834683622676,optimize_single_point_heur,5321.866102509824,9.794361114501953
2025-11-06 12:47:30,config_ed_area_0.5_hw_0.3_seed_3,inputs/task_graph_topology/soda-benchmark-graphs/pytorch-graphs/squeeze_net_tosa.dot,179,0.3,0.5,1.0,0.5,3,2658.940824325056,15072.823262105107,5.668732122284513,15072.823262105107,None,8079.000848048331,0.0,6715.444183821264,2.5256087395348144,16198.552071816212,optimize_random_heur,8502.329852988272,0.41608595848083496,5762.830467862285,2.167340624936668,15123.567006574849,optimize_swarm_heur,7290.215531756595,325.6080856323242,6335.509779174088,2.382719359985114,14726.24427590349,optimize_random_heur,7864.554263708886,519.2623233795166,6644.0097599994115,2.4987429954128157,16718.72232831459,optimize_single_point_heur,8574.397710753155,0.6491994857788086,6686.082923736485,2.514566274875138,15120.557575144845,optimize_single_point_heur,8165.620461499736,0.3826160430908203,3610.1891877497915,1.357754619705085,12610.00881672187,optimize_single_point_heur,4375.3920451231625,10.735260963439941,5713.814021184882,2.1489060489472434,16527.427778573547,optimize_single_point_heur,7661.743933007011,12.464275121688843,5943.229380971482,2.235186780615965,14711.844381095207,optimize_single_point_heur,7402.472200995966,12.143061876296997,3704.772837136174,1.3933265468879292,11351.756177607913,optimize_single_point_heur,5214.091360868818,10.702431917190552
2025-11-06 12:47:31,config_ed_area_0.5_hw_0.9_seed_3,inputs/task_graph_topology/soda-benchmark-graphs/pytorch-graphs/squeeze_net_tosa.dot,179,0.9,0.5,1.0,0.5,3,6781.9286707166075,19128.658703862315,2.8205337497070873,19128.658703862315,None,11216.473376696309,0.0,8049.338906111508,1.1868805021302267,18106.88957146259,optimize_random_heur,9922.240800223426,0.4173922538757324,6782.055702108816,1.000018730865271,15039.11479680601,optimize_swarm_heur,8863.87125295234,333.5798556804657,7467.660043243417,1.1011115577619828,17418.82188186956,optimize_random_heur,8944.09383126011,507.9123504161835,7927.089449857551,1.1688547365715571,18681.2584563905,optimize_single_point_heur,9884.041409350828,0.656365156173706,7917.2007849652355,1.1673966462004488,19545.982358629877,optimize_single_point_heur,9713.591234223471,0.9003231525421143,5118.927510192654,0.7547893466198556,15518.71007955741,optimize_single_point_heur,6915.9818134031375,11.558865070343018,7218.4694189592965,1.0643682305488715,17768.538366220328,optimize_single_point_heur,8767.962877972215,12.754877805709839,7175.857653917585,1.0580850967810833,17992.573895261205,optimize_single_point_heur,8934.43313598218,12.73333740234375,5459.600549612347,0.8050218182308695,16516.38108068356,optimize_single_point_heur,6881.177001216849,12.749916791915894
2025-11-06 12:47:37,config_ed_area_0.5_hw_0.7_seed_1,inputs/task_graph_topology/soda-benchmark-graphs/pytorch-graphs/squeeze_net_tosa.dot,179,0.7,0.5,1.0,0.5,1,6100.224451734148,18007.93311261911,2.9520115620499645,18007.93311261911,None,9422.928136831764,0.0,7942.60577548838,1.302018612320156,19133.788751695072,optimize_random_heur,9321.607894315004,0.42487525939941406,6747.866168731298,1.1061668668294724,12282.119336207947,optimize_swarm_heur,8311.459173307618,325.74942207336426,7322.411523827994,1.2003511644143532,16858.718419879646,optimize_random_heur,8912.552003016115,523.7212524414062,7848.316647444801,1.2865619469483147,17350.300686621216,optimize_single_point_heur,9272.51413106001,0.6519768238067627,8106.499337000308,1.3288854207152696,17394.489025387873,optimize_single_point_heur,9498.205590943298,0.8784568309783936,5030.1885726187875,0.824590736360336,14888.44371353687,optimize_single_point_heur,6502.054231731634,11.158814668655396,7163.915296783674,1.174369132392685,17739.5209378424,optimize_single_point_heur,8714.173956078863,12.429230213165283,7247.039875082624,1.1879956110504204,18077.226952175577,optimize_single_point_heur,8551.825355498531,12.855161190032959,5174.8576728137,0.8483061096780812,14411.371391908528,optimize_single_point_heur,6953.460362431132,11.474127531051636
2025-11-06 12:47:38,config_ed_area_0.5_hw_0.7_seed_3,inputs/task_graph_topology/soda-benchmark-graphs/pytorch-graphs/squeeze_net_tosa.dot,179,0.7,0.5,1.0,0.5,3,5877.451285254198,18114.015544624428,3.0819507751719293,18114.015544624428,None,9865.975914240227,0.0,7590.179515012391,1.2914066228086343,17871.58378524266,optimize_random_heur,9352.437957614364,0.41516780853271484,6370.756124650262,1.0839317614820057,16324.289485243069,optimize_swarm_heur,8019.479749724081,331.0061113834381,7096.82480468129,1.2074663761971707,17524.719608270294,optimize_random_heur,9075.787712229576,519.8813214302063,7487.82599656729,1.2739920134009997,17837.640473587133,optimize_single_point_heur,9189.08386306101,0.6536307334899902,7537.980928441069,1.2825254625849363,17186.335769422847,optimize_single_point_heur,9008.104893564463,0.3809092044830322,4279.424857425274,0.728108945481492,12893.818581417274,optimize_single_point_heur,6084.980526706735,10.949561834335327,6459.830546744454,1.0990870418528818,16227.417347514564,optimize_single_point_heur,8190.6318330165595,12.854124307632446,6480.407713985941,1.102588077632304,17528.30329219355,optimize_single_point_heur,7837.470345896126,12.389802694320679,5123.472084132283,0.8717166396574726,15292.333259902249,optimize_single_point_heur,6795.704349962846,12.614487886428833
2025-11-06 12:47:45,config_ed_area_0.5_hw_0.5_seed_1,inputs/task_graph_topology/soda-benchmark-graphs/pytorch-graphs/squeeze_net_tosa.dot,179,0.5,0.5,1.0,0.5,1,4559.116995953398,15522.361843160523,3.404686007605844,15522.361843160523,None,7957.975661841212,0.0,7611.63045884809,1.6695404977771036,17996.12307622082,optimize_random_heur,8933.55625069916,0.41790771484375,6117.693517916023,1.3418592949788288,16820.97947860454,optimize_swarm_heur,7605.870298777112,332.52103543281555,6994.140793660876,1.5340998706259934,15923.645004900029,optimize_random_heur,8520.604269908152,525.3798167705536,7283.113516016186,1.5974833553252887,16348.296993641154,optimize_single_point_heur,8705.641072323306,0.6591575145721436,7835.882992976874,1.7187282098555232,16757.919028900767,optimize_single_point_heur,8998.504432587508,0.8906984329223633,4384.9989824828435,0.9618088297306038,13626.57964188826,optimize_single_point_heur,6070.716470361108,11.203668117523193,6585.47930895875,1.4444637667346374,16885.66406226294,optimize_single_point_heur,8187.692285102999,12.36796760559082,6721.008585125935,1.474190855617743,16111.05668027399,optimize_single_point_heur,8021.548382166447,11.997359275817871,4822.438107860288,1.0577570420194546,13868.158724201196,optimize_single_point_heur,5937.380228747907,12.372741460800171
2025-11-06 12:48:01,config_ed_area_0.5_hw_0.9_seed_1,inputs/task_graph_topology/soda-benchmark-graphs/pytorch-graphs/squeeze_net_tosa.dot,179,0.9,0.5,1.0,0.5,1,7103.137687612537,21308.14918963035,2.9998220683220786,21308.14918963035,None,10608.057441812525,0.0,8398.170252830554,1.182318381280498,19875.731302796485,optimize_random_heur,9687.571617551326,0.42557215690612793,6834.671896521655,0.9622046195783209,15276.436047382591,optimize_swarm_heur,8246.095004445035,340.4174733161926,7869.08806399717,1.1078326804392946,17605.76790389489,optimize_random_heur,9284.093517467707,530.7175738811493,8338.484406650123,1.1739156374783442,19674.30800687202,optimize_single_point_heur,9987.8924129139,0.666903018951416,8435.231004514064,1.187535899694669,17816.63399954291,optimize_single_point_heur,9781.779201546873,0.91737961769104,5729.584080361385,0.8066272022789942,14858.029742227132,optimize_single_point_heur,6640.655786419676,11.855458736419678,7776.7378253105335,1.0948313502176252,17776.90307210808,optimize_single_point_heur,9259.151636725786,12.961146354675293,7661.3672152596855,1.078589146402254,18652.488655159166,optimize_single_point_heur,9035.449831633528,12.791627168655396,6145.315230205104,0.8651550202838078,16936.55508180777,optimize_single_point_heur,7716.745077568232,13.212030172348022
2025-11-06 12:48:15,config_ed_area_0.5_hw_0.5_seed_2,inputs/task_graph_topology/soda-benchmark-graphs/pytorch-graphs/squeeze_net_tosa.dot,179,0.5,0.5,1.0,0.5,2,4411.024222327901,16188.646316669081,3.670042489162661,16188.646316669081,None,7974.739083045544,0.0,6963.57914698033,1.5786762429759063,17138.37830090526,optimize_random_heur,8110.91839621876,0.42358899116516113,5449.079828324242,1.235332102857624,15154.948754021052,optimize_swarm_heur,6854.543784137992,325.8759081363678,6233.649534803556,1.413197756486989,17265.76330742267,optimize_random_heur,8121.063700824911,563.7840218544006,6664.380806765085,1.510846567795083,16333.392713207395,optimize_single_point_heur,8298.255488874995,0.6437325477600098,6992.90050585455,1.5853235333548166,17337.353998031867,optimize_single_point_heur,8489.324023463283,0.8994846343994141,3968.893772035274,0.8997669411891612,12976.882444925546,optimize_single_point_heur,5639.170224546066,10.916276931762695,5715.62312457955,1.2957587255241032,15512.655385958935,optimize_single_point_heur,7371.330121632064,12.288373947143555,5597.587664643895,1.2689995299299874,15027.797136113279,optimize_single_point_heur,7004.009786276422,12.38343095779419,4040.940485103171,0.9161002709186168,13465.442682656787,optimize_single_point_heur,5599.7820390024945,10.39811897277832
2025-11-06 12:48:18,config_ed_area_0.5_hw_0.7_seed_2,inputs/task_graph_topology/soda-benchmark-graphs/pytorch-graphs/squeeze_net_tosa.dot,179,0.7,0.5,1.0,0.5,2,5858.939212615281,16691.630069719642,2.848916751650155,16691.630069719642,None,8295.417503966122,0.0,7309.060233924089,1.247505729055262,18057.091907213748,optimize_random_heur,8414.347241223413,0.4296128749847412,6057.525446641664,1.0338945714949206,16282.612361163807,optimize_swarm_heur,7515.796776653666,332.1696102619171,6671.252093335848,1.1386450432821562,18204.604596692494,optimize_random_heur,8532.16233995166,560.5450503826141,7053.977836225459,1.2039684284549428,17236.526631511664,optimize_single_point_heur,8711.235343718863,0.6357307434082031,7414.834042394751,1.2655591350784743,18298.98745874716,optimize_single_point_heur,8934.083370225011,0.9073441028594971,4122.211273025465,0.7035763853206825,13742.743377702915,optimize_single_point_heur,4934.520657860721,11.197270631790161,6536.040522132517,1.1155672187312209,17591.463138761115,optimize_single_point_heur,8172.5445749647115,12.603114366531372,5890.156710374193,1.0053281825644642,15113.116207887255,optimize_single_point_heur,7773.537129241645,12.283716440200806,3819.674299828813,0.6519395681055049,13017.515447107668,optimize_single_point_heur,4971.810118365296,9.745413780212402
2025-11-06 12:48:23,config_ed_area_0.5_hw_0.9_seed_2,inputs/task_graph_topology/soda-benchmark-graphs/pytorch-graphs/squeeze_net_tosa.dot,179,0.9,0.5,1.0,0.5,2,6779.073175355862,18012.188139672126,2.6570281325701415,18012.188139672126,None,8973.5275404244,0.0,7627.10561595344,1.125095631609414,18975.80551352223,optimize_random_heur,8787.4020323927,0.41850900650024414,6491.036978464031,0.957510976878235,15967.731549127524,optimize_swarm_heur,8083.4542331317225,334.54455757141113,7072.069221856676,1.0432206643772413,18193.42544816873,optimize_random_heur,8291.213126417608,558.5535616874695,7492.48199373653,1.1052369254508332,18139.660549815937,optimize_single_point_heur,9159.449585687726,0.642648458480835,7723.850948929713,1.1393668056288913,17310.24611860248,optimize_single_point_heur,9008.979987832437,0.8911716938018799,4736.920042810539,0.6987562931214233,15522.34877154834,optimize_single_point_heur,6471.385483088289,11.19593358039856,6613.92211587627,0.9756381063889427,18101.182722777598,optimize_single_point_heur,8249.886838585147,13.082386255264282,6424.264079595576,0.9476611202472142,18133.268988448363,optimize_single_point_heur,7738.887687082734,12.835383653640747,5088.10027302295,0.7505598687914818,15830.24189223977,optimize_single_point_heur,6461.115313132746,13.20224404335022
2025-11-06 12:52:15,config_ed_area_0.7_hw_0.3_seed_0,inputs/task_graph_topology/soda-benchmark-graphs/pytorch-graphs/squeeze_net_tosa.dot,179,0.3,0.5,1.0,0.7,0,3016.369355489379,13052.426575408826,4.327197712592856,13052.426575408826,None,5310.3144429237,0.0,6104.347545703424,2.02374007499922,16373.686015789272,optimize_random_heur,7111.498740503177,0.6523346900939941,3689.139333589579,1.2230396542372541,11996.372653939776,optimize_swarm_heur,4546.962353831382,490.29826617240906,4104.816744002909,1.3608468527014788,11677.528367801135,optimize_random_heur,5213.664097686318,634.0766217708588,6362.82022032513,2.1094300698771087,16400.61418737336,optimize_single_point_heur,7941.13120761906,1.035102367401123,6494.7356480737635,2.1531632511297842,16829.570743300326,optimize_single_point_heur,8101.3508815731675,1.0234160423278809,6337.971759607313,2.101192199182462,16120.022116921939,optimize_single_point_heur,7643.276477508032,11.058732271194458,4773.479464686047,1.582524850943393,13332.139001172962,optimize_single_point_heur,6059.842239712365,13.758477449417114,4176.867969647061,1.384733591078869,12644.623584557834,optimize_single_point_heur,5813.549840505357,13.631959915161133,2634.0655289449132,0.8732569584528085,9921.837035330314,optimize_single_point_heur,4072.666041382473,12.272894144058228
2025-11-06 12:52:31,config_ed_area_0.7_hw_0.3_seed_3,inputs/task_graph_topology/soda-benchmark-graphs/pytorch-graphs/squeeze_net_tosa.dot,179,0.3,0.5,1.0,0.7,3,2658.940824325056,11365.653998581032,4.274504304346857,11365.653998581032,None,6274.707552599699,0.0,6429.8782262436125,2.418210351813967,17032.164131715053,optimize_random_heur,8104.677378323534,0.64599609375,3818.3358988414675,1.4360364337219547,10825.497803835811,optimize_swarm_heur,5279.974797403972,511.83365392684937,4053.6333977735744,1.5245293767688668,11832.53341886848,optimize_random_heur,5078.133392842697,629.1373603343964,6059.196578537264,2.278800837952205,15509.307444964332,optimize_single_point_heur,7267.605227470661,1.0771493911743164,6291.314978799625,2.3660981550413442,17245.841117349686,optimize_single_point_heur,8092.766562878153,1.046201467514038,6396.966992751778,2.4058327790636636,15279.564192468108,optimize_single_point_heur,8008.637063770722,10.936052799224854,5272.084278675631,1.9827760852909895,14472.880062897964,optimize_single_point_heur,6638.547712643207,13.932608842849731,4834.2593650412655,1.8181146871775122,13346.676522347303,optimize_single_point_heur,6169.5265359782425,13.827999114990234,2529.0855282552675,0.9511627732058494,8964.577642195743,optimize_single_point_heur,3540.9076094275506,11.330319881439209
2025-11-06 12:52:36,config_ed_area_0.7_hw_0.3_seed_1,inputs/task_graph_topology/soda-benchmark-graphs/pytorch-graphs/squeeze_net_tosa.dot,179,0.3,0.5,1.0,0.7,1,2742.479224526191,9648.530343641823,3.5181780986175997,9648.530343641823,None,4781.283028964207,0.0,6928.81860020745,2.5264798866086284,15956.236980614793,optimize_random_heur,8403.725427309999,0.6468288898468018,4292.729145192835,1.5652731684538013,11973.38752417752,optimize_swarm_heur,5407.858765712417,510.19172406196594,4016.6516175693732,1.4646060329821884,10350.231417829555,optimize_random_heur,5337.458737117102,633.4028460979462,6719.988017722966,2.4503332450527338,16061.662667330524,optimize_single_point_heur,7994.836009498508,1.0844109058380127,6779.677290762585,2.472097957983214,14035.064840045628,optimize_single_point_heur,7760.23310197766,1.0693187713623047,6487.758850969921,2.365654694099201,14738.92048967256,optimize_single_point_heur,7696.9292437905615,11.49202036857605,5333.220003873739,1.944671068491008,12596.324426334257,optimize_single_point_heur,6755.423116067036,14.2707839012146,4654.730182441429,1.6972709002911812,12741.043576886004,optimize_single_point_heur,6403.175152758096,14.237664461135864,2380.275126927433,0.8679282255414953,9960.480094994178,optimize_single_point_heur,3534.36797843425,12.00473928451538
2025-11-06 12:52:41,config_ed_area_0.7_hw_0.5_seed_3,inputs/task_graph_topology/soda-benchmark-graphs/pytorch-graphs/squeeze_net_tosa.dot,179,0.5,0.5,1.0,0.7,3,4420.261133273895,13055.097811941825,2.9534675482560195,13055.097811941825,None,7226.946045282834,0.0,6870.787342054152,1.5543849412727475,15827.14577844476,optimize_random_heur,8244.757726272117,0.6457157135009766,4843.221928216436,1.0956868343724462,12985.526134325999,optimize_swarm_heur,5783.85968207239,511.7548086643219,4692.369781310776,1.0615594056171387,12947.981677578908,optimize_random_heur,5959.829465373141,636.7348473072052,6624.22954832545,1.4986059304191315,16616.512614857944,optimize_single_point_heur,7722.843339354055,1.0850882530212402,6805.513568604715,1.5396179916556576,17790.545528094568,optimize_single_point_heur,8444.277257475354,1.0742738246917725,6402.543165152753,1.4484536031043642,15925.327658131546,optimize_single_point_heur,8208.214570605915,11.434935569763184,5633.476645392021,1.274466932051942,14680.300366013069,optimize_single_point_heur,7229.462729770957,14.311727046966553,5514.394834364893,1.247526937459602,14653.726964916968,optimize_single_point_heur,6777.458259535498,14.212422370910645,3725.2095746700697,0.8427578060102003,11932.496314282362,optimize_single_point_heur,5203.217222357102,12.619957447052002
2025-11-06 12:52:45,config_ed_area_0.7_hw_0.5_seed_0,inputs/task_graph_topology/soda-benchmark-graphs/pytorch-graphs/squeeze_net_tosa.dot,179,0.5,0.5,1.0,0.7,0,5020.405770995477,14583.027363862373,2.9047507371044157,14583.027363862373,None,6414.968278448389,0.0,6698.658972051324,1.3342863660048483,17368.196684314302,optimize_random_heur,8009.304130811279,0.6500458717346191,5072.211804094856,1.0103190928109198,13484.523822769723,optimize_swarm_heur,6185.203836633244,517.425452709198,4639.331035383171,0.924094833566263,13084.485657172232,optimize_random_heur,6040.162221662213,636.9148273468018,6743.412241855082,1.3432006394411338,17366.997830818378,optimize_single_point_heur,8421.702151658208,1.0758121013641357,6676.89894532525,1.3299520496729318,15286.176101852789,optimize_single_point_heur,8215.367091837652,1.057279109954834,6505.616095875884,1.2958347178749876,16737.614773873775,optimize_single_point_heur,8319.142089604362,11.062793016433716,5783.370527532089,1.1519727271736697,16272.938379681209,optimize_single_point_heur,7449.243011430779,14.034840822219849,5535.493751802408,1.1025988743345732,15562.192180122775,optimize_single_point_heur,6661.037498652597,13.79306936264038,3088.812056161102,0.6152514750911525,12060.758426714994,optimize_single_point_heur,4034.9573672243077,11.61600661277771
2025-11-06 12:52:56,config_ed_area_0.7_hw_0.5_seed_1,inputs/task_graph_topology/soda-benchmark-graphs/pytorch-graphs/squeeze_net_tosa.dot,179,0.5,0.5,1.0,0.7,1,4559.116995953398,11146.903229857247,2.4449697693108265,11146.903229857247,None,5657.17252713458,0.0,7492.520034295896,1.6434147316127534,16989.40444582899,optimize_random_heur,8949.478696018401,0.6528191566467285,4863.558538697453,1.0667764268857922,12227.936845117276,optimize_swarm_heur,6291.154366766612,522.8658528327942,4835.692745814677,1.060664323838753,11711.906029184076,optimize_random_heur,5495.828660463055,639.8620681762695,7242.203826738746,1.5885101946641893,17122.468001086556,optimize_single_point_heur,8560.073834650751,1.1001176834106445,7357.1070537052565,1.6137131510850262,15189.358426444162,optimize_single_point_heur,8580.446976927375,1.077829360961914,7121.738911262835,1.5620873334867214,18023.50785714057,optimize_single_point_heur,8451.734388296512,11.485533475875854,5745.521452589101,1.2602268065699425,14657.187296282076,optimize_single_point_heur,6863.070187399135,14.444047689437866,5763.418106342788,1.2641522714723725,15064.282879758399,optimize_single_point_heur,7185.043760378257,14.36856198310852,3505.3959027551173,0.7688760577687418,11279.66293446492,optimize_single_point_heur,4897.03642932378,12.315397024154663
2025-11-06 12:52:58,config_ed_area_0.7_hw_0.3_seed_2,inputs/task_graph_topology/soda-benchmark-graphs/pytorch-graphs/squeeze_net_tosa.dot,179,0.3,0.5,1.0,0.7,2,2688.9671217589616,11143.281473351699,4.144075017943109,11143.281473351699,None,5801.952166520275,0.0,6488.646969390903,2.41306296268376,15203.142588573699,optimize_random_heur,8123.574156958698,0.6578660011291504,4321.848513562527,1.6072522711751982,12264.788356225345,optimize_swarm_heur,5598.413419529266,522.6297643184662,3753.723977460833,1.3959724338337656,11199.643454099933,optimize_random_heur,4653.278007020842,643.5994381904602,6336.441391481961,2.356459229347899,15173.041261453236,optimize_single_point_heur,8145.611797180735,1.1166679859161377,6471.330311805747,2.4066230707843648,15600.124995640605,optimize_single_point_heur,7742.166400075422,1.1009459495544434,6133.817297817343,2.2811053538672375,14526.09370407039,optimize_single_point_heur,7338.18837392027,11.624722480773926,4499.424581874178,1.6732910363481588,12552.967677490718,optimize_single_point_heur,5919.435167336389,14.684406995773315,4918.415255008405,1.8291094804428372,12840.994851623875,optimize_single_point_heur,6124.477489986526,14.311891794204712,2216.0657501131623,0.824132705893237,8571.772136657715,optimize_single_point_heur,3241.7900674275065,11.403165817260742
2025-11-06 12:53:00,config_ed_area_0.7_hw_0.7_seed_2,inputs/task_graph_topology/soda-benchmark-graphs/pytorch-graphs/squeeze_net_tosa.dot,179,0.7,0.5,1.0,0.7,2,5858.939212615281,14320.116018914863,2.444148249239597,14320.116018914863,None,7307.969581678162,0.0,7309.060233924089,1.247505729055262,18057.091907213748,optimize_random_heur,8414.347241223413,0.6646451950073242,5277.02672050454,0.9006795477826797,16361.564926257215,optimize_swarm_heur,6857.392023441247,522.8718862533569,4916.7320146257025,0.8391846776698335,13135.206791610479,optimize_random_heur,5705.960325788897,643.5584497451782,7053.977836225459,1.2039684284549428,17236.526631511664,optimize_single_point_heur,8711.235343718863,1.0996403694152832,7199.907710156671,1.228875646064745,18878.89479622147,optimize_single_point_heur,9146.746200257348,1.0953576564788818,6828.85851865427,1.1655452072195236,16607.817233513775,optimize_single_point_heur,8486.236837519624,11.503237247467041,6365.363642232122,1.0864361979599353,16178.963392829886,optimize_single_point_heur,8246.391198830526,14.352875471115112,5631.629835695118,0.9612029808347,16595.18464111002,optimize_single_point_heur,7305.310498230631,14.295485019683838,3463.3872135248084,0.5911287159401746,11990.289316834454,optimize_single_point_heur,4681.2040186448985,12.929257869720459
2025-11-06 12:53:01,config_ed_area_0.7_hw_0.1_seed_3,inputs/task_graph_topology/soda-benchmark-graphs/pytorch-graphs/squeeze_net_tosa.dot,179,0.1,0.5,1.0,0.7,3,886.513608108352,9296.802944482066,10.486926381558474,9296.802944482066,None,4838.264935781771,0.0,6055.223932258002,6.83037900024871,16166.241225326681,optimize_random_heur,7709.1455345376135,0.6601648330688477,3776.815287810157,4.260301537693423,10260.196683075084,optimize_swarm_heur,4807.638443549046,526.5599365234375,3363.987289919556,3.7946256652479957,9895.317225813456,optimize_random_heur,4311.05428498207,642.1831984519958,5590.587639965684,6.306262632442736,14402.102275070723,optimize_single_point_heur,6835.094595971403,1.1160800457000732,5815.264976507151,6.559701874081548,16046.718450799062,optimize_single_point_heur,7393.099510959706,1.1049435138702393,5991.586664102932,6.758595253701538,15081.765450110644,optimize_single_point_heur,7228.372870853302,11.810685157775879,4128.496020445952,4.657002422394126,10886.698499595941,optimize_single_point_heur,5634.271164090461,14.588890314102173,4358.15069578941,4.916056173225426,13060.256216702199,optimize_single_point_heur,5921.972056457059,14.496384620666504,1903.5205385506326,2.147198329659458,8709.030877482008,optimize_single_point_heur,2684.5429007925923,11.224900007247925
2025-11-06 12:53:02,config_ed_area_0.7_hw_0.7_seed_0,inputs/task_graph_topology/soda-benchmark-graphs/pytorch-graphs/squeeze_net_tosa.dot,179,0.7,0.5,1.0,0.7,0,6596.241530654771,15810.669098067401,2.3969208866276865,15810.669098067401,None,7608.041740434241,0.0,7197.320276251108,1.091124429389515,18378.415604230162,optimize_random_heur,8416.623660305591,0.6628372669219971,5150.154276374766,0.7807710273252441,13112.25693108797,optimize_swarm_heur,6444.88702015795,525.3941383361816,5318.768702424592,0.8063332244137259,14502.74859200301,optimize_random_heur,6045.6093170580325,642.6649839878082,7371.257672375365,1.1174935966366384,18333.381474263377,optimize_single_point_heur,8902.273095697357,1.1099743843078613,6985.36921866999,1.0589923346813215,16279.826937801607,optimize_single_point_heur,8559.836078740112,1.0871236324310303,7382.505148333392,1.1191987306748261,19076.004138054523,optimize_single_point_heur,8737.593562452574,11.730767726898193,6221.109056166267,0.9431293604478933,17236.034650787933,optimize_single_point_heur,7510.356956918606,14.460992097854614,6164.172785480181,0.9344977373604904,15960.370913948695,optimize_single_point_heur,7249.157215529933,14.338595867156982,3925.1674972945452,0.5950612146406525,12709.62175371584,optimize_single_point_heur,5030.811043819925,12.830033540725708
2025-11-06 12:53:03,config_ed_area_0.7_hw_0.9_seed_0,inputs/task_graph_topology/soda-benchmark-graphs/pytorch-graphs/squeeze_net_tosa.dot,179,0.9,0.5,1.0,0.7,0,7512.781340436409,16085.967814280088,2.1411468117273427,16085.967814280088,None,8674.077223645922,0.0,7494.265054068034,0.9975353620011921,19388.63452414601,optimize_random_heur,8832.143677602447,0.6593995094299316,6150.313228459387,0.8186466436013858,18484.363365654197,optimize_swarm_heur,7114.516290015661,527.5675122737885,6016.790681845631,0.8008739252746737,16540.404990421506,optimize_random_heur,6579.631696448188,642.0648205280304,7876.189557618941,1.0483719944338779,19299.765117708375,optimize_single_point_heur,9424.488913313242,1.1018223762512207,7414.054576872524,0.9868588264332275,17273.47777375042,optimize_single_point_heur,8993.913923417811,1.0859498977661133,7750.8816378363745,1.0316926963012256,18437.66855357118,optimize_single_point_heur,9240.13503818262,11.567662954330444,6862.106471840484,0.9133909481574067,17111.140420394524,optimize_single_point_heur,8435.79711020156,14.501721620559692,6738.114340758092,0.896886790048209,18065.361102101284,optimize_single_point_heur,8098.654044320872,14.42750883102417,4977.828333905519,0.6625812875869435,14894.682094347228,optimize_single_point_heur,5460.642980233871,12.887677907943726
2025-11-06 12:53:04,config_ed_area_0.7_hw_0.9_seed_2,inputs/task_graph_topology/soda-benchmark-graphs/pytorch-graphs/squeeze_net_tosa.dot,179,0.9,0.5,1.0,0.7,2,6779.073175355862,19001.285374570612,2.802932625605292,19001.285374570612,None,9233.464950602158,0.0,7627.10561595344,1.125095631609414,18975.80551352223,optimize_random_heur,8787.4020323927,0.6634783744812012,5894.971650184687,0.8695837170802091,15084.906696263384,optimize_swarm_heur,6760.664362650734,527.6847574710846,5410.0573653565225,0.7980526578506103,16088.657404761443,optimize_random_heur,6232.984776768148,643.6537044048309,7492.48199373653,1.1052369254508332,18139.660549815937,optimize_single_point_heur,9159.449585687726,1.1004018783569336,7656.242030413307,1.129393625406824,19672.356183456595,optimize_single_point_heur,9555.770990042392,1.0910520553588867,7505.392025651035,1.10714132028189,18721.60757230134,optimize_single_point_heur,9268.366940893127,11.574651002883911,6341.801703449944,0.9354968650440975,17331.039628997765,optimize_single_point_heur,7960.960028119665,14.555379629135132,6405.5422665398855,0.9448994133631891,18176.782691191744,optimize_single_point_heur,7852.436112427644,14.47714877128601,4213.768361046128,0.6215847287745098,13463.02142237708,optimize_single_point_heur,4926.964333668989,12.580678224563599
2025-11-06 12:53:08,config_ed_area_0.7_hw_0.7_seed_1,inputs/task_graph_topology/soda-benchmark-graphs/pytorch-graphs/squeeze_net_tosa.dot,179,0.7,0.5,1.0,0.7,1,6100.224451734148,14575.52030690452,2.389341641808122,14575.52030690452,None,7532.14401291471,0.0,7942.60577548838,1.302018612320156,19133.788751695072,optimize_random_heur,9321.607894315004,0.6506104469299316,5732.9071251032,0.9397862604012008,15961.77725479925,optimize_swarm_heur,6711.468045950199,529.702584028244,5681.513389686196,0.9313613678708293,11998.649076783619,optimize_random_heur,6649.738698298867,644.689225435257,7795.731039277039,1.2779416726315536,18183.305174585726,optimize_single_point_heur,9131.796463116238,1.1038215160369873,7942.079059875981,1.3019322686754975,16215.66590299647,optimize_single_point_heur,8894.275094486262,1.0811877250671387,7815.697095625061,1.2812146761916678,18723.89888046475,optimize_single_point_heur,8898.151495006483,11.438415288925171,6873.720950131225,1.1267980390749706,15969.914837815117,optimize_single_point_heur,8016.921174643604,14.517842769622803,6351.137295290368,1.0411317395845805,14891.166782724928,optimize_single_point_heur,7559.078916152226,14.341333627700806,4742.40455253718,0.7774147640074175,12097.76394430396,optimize_single_point_heur,5771.558769106523,12.641442775726318
2025-11-06 12:53:09,config_ed_area_0.7_hw_0.7_seed_3,inputs/task_graph_topology/soda-benchmark-graphs/pytorch-graphs/squeeze_net_tosa.dot,179,0.7,0.5,1.0,0.7,3,5877.451285254198,15477.506697587,2.6333704775092155,15477.506697587,None,8851.071801048203,0.0,7256.014222493627,1.2345511464634464,16780.61828552769,optimize_random_heur,8646.274370460085,0.6626522541046143,4873.070941896925,0.8291129446062548,14378.68550757584,optimize_swarm_heur,5599.170579851644,521.5342609882355,5192.797362936437,0.8835117657145923,13176.677032527006,optimize_random_heur,6373.170450503887,653.8532509803772,7104.4850195163835,1.2087696987537202,17723.71778475156,optimize_single_point_heur,8197.761547197384,1.0997164249420166,7326.079765156265,1.246472222328154,18792.870040183203,optimize_single_point_heur,8933.949008271253,1.0858938694000244,7487.684946614388,1.273968014911509,17578.897868522312,optimize_single_point_heur,9311.272304319968,11.538043737411499,6286.455447645994,1.0695886945788793,16383.196136598428,optimize_single_point_heur,7932.507269078464,14.623634576797485,6001.393567691353,1.0210877600547896,15492.539215836587,optimize_single_point_heur,7338.710955460416,14.518790483474731,4718.080729328883,0.8027426345780128,13751.155362197707,optimize_single_point_heur,5720.254029793604,12.866142749786377
2025-11-06 12:53:18,config_ed_area_0.7_hw_0.9_seed_1,inputs/task_graph_topology/soda-benchmark-graphs/pytorch-graphs/squeeze_net_tosa.dot,179,0.9,0.5,1.0,0.7,1,7103.137687612537,19401.591312278022,2.731411407963171,19401.591312278022,None,10231.759325187502,0.0,8398.170252830554,1.182318381280498,19875.731302796485,optimize_random_heur,9687.571617551326,0.6592905521392822,6625.700683458106,0.9327850556822158,15667.675784938177,optimize_swarm_heur,8516.493710487348,536.9219007492065,6614.700181211515,0.931236373574339,14692.566536064982,optimize_random_heur,7685.940255891504,648.0292265415192,8338.484406650123,1.1739156374783442,19674.30800687202,optimize_single_point_heur,9987.8924129139,1.1046786308288574,8435.231004514064,1.187535899694669,17816.63399954291,optimize_single_point_heur,9781.779201546873,1.0949516296386719,8124.865854794836,1.1438418079610275,18653.150256889112,optimize_single_point_heur,9683.50410574661,11.46729850769043,7280.7780995710045,1.0250087242808572,15515.976676688346,optimize_single_point_heur,7860.832622506832,14.638131141662598,7415.94790825465,1.0440383157977686,16751.22627190957,optimize_single_point_heur,8523.08450724671,14.510545253753662,5760.067763048036,0.8109187821451445,15959.293991140854,optimize_single_point_heur,6832.735276147523,12.905486822128296
2025-11-06 12:53:41,config_ed_area_0.7_hw_0.5_seed_2,inputs/task_graph_topology/soda-benchmark-graphs/pytorch-graphs/squeeze_net_tosa.dot,179,0.5,0.5,1.0,0.7,2,4411.024222327901,12039.360981367863,2.7293799295924375,12039.360981367863,None,6408.744194511981,0.0,6911.524880696554,1.5668752952458336,16183.689506299303,optimize_random_heur,8548.474974058607,0.6778340339660645,4423.143107171709,1.0027474083643577,12842.447482374295,optimize_swarm_heur,5514.153983561304,540.8761785030365,4219.450781794459,0.9565693972924183,13391.337667607,optimize_random_heur,5165.695194303989,666.1362133026123,6664.380806765085,1.510846567795083,16333.392713207395,optimize_single_point_heur,8298.255488874995,1.1442592144012451,6861.888353858896,1.5556224604537676,17926.51046906952,optimize_single_point_heur,8748.5989323433,1.1345865726470947,6385.422097998918,1.4476053125432704,14972.742426671868,optimize_single_point_heur,7896.937016135074,11.81508493423462,5541.459920244266,1.2562751054946104,15510.443764115298,optimize_single_point_heur,7200.302263240976,14.556492567062378,5528.802926864559,1.2534057053866627,13517.028420322053,optimize_single_point_heur,6834.738837231766,14.210014820098877,3587.397913350772,0.813280030336704,11677.13046192689,optimize_single_point_heur,4690.283880067881,12.762065172195435
2025-11-06 12:54:09,config_ed_area_0.7_hw_0.9_seed_3,inputs/task_graph_topology/soda-benchmark-graphs/pytorch-graphs/squeeze_net_tosa.dot,179,0.9,0.5,1.0,0.7,3,6781.9286707166075,18093.638278666698,2.667919283314262,18093.638278666698,None,9677.074915131578,0.0,7665.776193504279,1.1303239190061078,17734.09079261062,optimize_random_heur,9072.326105219227,0.6797647476196289,6295.128665123314,0.9282210077355685,16351.713182324725,optimize_swarm_heur,7415.457212916211,562.1799981594086,6059.531892366102,0.8934821031855272,14961.609850598492,optimize_random_heur,6996.638472824341,672.0353965759277,7695.071652849999,1.134643554432563,18830.92295464518,optimize_single_point_heur,8672.67975504071,1.1100292205810547,7846.6459617078135,1.1569932894736128,19754.640156310918,optimize_single_point_heur,9478.132841350032,1.118429183959961,7825.728594797539,1.1539090094810212,18546.50280079643,optimize_single_point_heur,10133.957232602177,11.654933452606201,6736.993446939486,0.9933742706597394,17025.816592855193,optimize_single_point_heur,8129.889735062063,14.965888500213623,6619.31691402951,0.9760227857616328,16268.832315202011,optimize_single_point_heur,8008.572637839215,14.820547342300415,5143.658441543354,0.7584359392856682,17036.710249540156,optimize_single_point_heur,6966.033684107978,12.74119234085083
2025-11-06 12:54:12,config_ed_area_0.7_hw_0.1_seed_1,inputs/task_graph_topology/soda-benchmark-graphs/pytorch-graphs/squeeze_net_tosa.dot,179,0.1,0.5,1.0,0.7,1,914.495431384477,8234.107875183927,9.00399017053383,8234.107875183927,None,3851.1107750173724,0.0,6377.0691893865705,6.973319899184372,14923.069515400597,optimize_random_heur,7869.924181869165,0.6815109252929688,2922.6347024355127,3.195898636705997,10331.646991724177,optimize_swarm_heur,4065.6299169654258,553.3024897575378,3282.632359570257,3.589555777879174,8577.586076835478,optimize_random_heur,4339.423186707875,683.8130497932434,6175.617655801451,6.753032813353734,15000.8596901169,optimize_single_point_heur,7388.435619938556,1.1733713150024414,6282.8303271134,6.87026978101101,12944.764308570206,optimize_single_point_heur,7192.001958749573,1.132033348083496,5701.185403824124,6.234241537098725,13775.227770908266,optimize_single_point_heur,7194.2552552778125,11.970823049545288,4274.195601499971,4.673829365149657,11493.525678206006,optimize_single_point_heur,5397.615474564814,15.241186141967773,4190.446559069307,4.582249856322724,10798.48341948882,optimize_single_point_heur,5151.488065051763,15.056063175201416,1902.8423804925935,2.0807565737226636,7034.615437343898,optimize_single_point_heur,2869.8460308035073,11.6864333152771
2025-11-06 12:54:14,config_ed_area_0.7_hw_0.1_seed_0,inputs/task_graph_topology/soda-benchmark-graphs/pytorch-graphs/squeeze_net_tosa.dot,179,0.1,0.5,1.0,0.7,0,1005.5926797560742,11730.990005268242,11.665747216968425,11730.990005268242,None,4686.571275051793,0.0,5552.95855046047,5.522075351431006,15155.851520952596,optimize_random_heur,6579.06475658576,0.6843349933624268,3554.3453195291827,3.5345775591677513,11534.000685605528,optimize_swarm_heur,4659.926802965411,560.0854005813599,3456.7245613553528,3.4374997262249836,9934.709866345602,optimize_random_heur,4595.635597317612,677.6651527881622,5906.167984579495,5.873320384563807,15559.872499607047,optimize_single_point_heur,7636.69770844597,1.1809515953063965,5867.296855613229,5.834665440321676,13469.233137357265,optimize_single_point_heur,7429.923026500757,1.1605241298675537,5512.3529856907735,5.481695617581366,14600.367873824875,optimize_single_point_heur,7063.7070620542945,12.173333168029785,4123.958352293849,4.101022645962573,13537.120785840481,optimize_single_point_heur,5596.5065521159095,15.541790246963501,3743.9684672874955,3.7231461034458473,12407.6567390529,optimize_single_point_heur,4776.466625541424,15.455639123916626,1883.5997828006377,1.8731240001245246,8740.668941168746,optimize_single_point_heur,2809.133511628173,11.887068748474121
2025-11-06 12:54:19,config_ed_area_0.7_hw_0.1_seed_2,inputs/task_graph_topology/soda-benchmark-graphs/pytorch-graphs/squeeze_net_tosa.dot,179,0.1,0.5,1.0,0.7,2,896.9223739196549,9429.1014306434,10.512728531274265,9429.1014306434,None,5017.5009789138585,0.0,6020.740450190117,6.712666140636879,14222.5956708481,optimize_random_heur,7700.884225166754,0.6908867359161377,3296.416062376862,3.6752523498451057,10089.884606712383,optimize_swarm_heur,4477.155313132357,558.8370547294617,3202.2489479141823,3.5702632034029684,10128.36592835859,optimize_random_heur,4063.5453188954307,686.3324933052063,5959.122269592331,6.643966571544285,14527.124876598851,optimize_single_point_heur,7591.652633092882,1.1219184398651123,5999.247551077154,6.6887031983155305,14612.761902867174,optimize_single_point_heur,7313.062043382563,1.1064434051513672,5468.050759150504,6.096459312587428,13913.810058502382,optimize_single_point_heur,7065.674543017979,11.729689121246338,3614.483470888266,4.029873237627637,11052.66855937519,optimize_single_point_heur,4758.22772327648,14.949552297592163,3687.000851782384,4.110724583298956,11529.068656414021,optimize_single_point_heur,4988.129960514106,14.940891742706299,2233.0589558988167,2.4896903241917023,9617.474634900149,optimize_single_point_heur,3493.705696350303,10.966817140579224
2025-11-06 12:57:55,config_ed_area_0.9_hw_0.7_seed_3,inputs/task_graph_topology/soda-benchmark-graphs/pytorch-graphs/squeeze_net_tosa.dot,179,0.7,0.5,1.0,0.9,3,5877.451285254198,10220.53482687926,1.7389399470687785,10220.53482687926,None,5277.487911195992,0.0,7256.014222493627,1.2345511464634464,16780.61828552769,optimize_random_heur,8646.274370460085,0.665571928024292,3331.3924398655663,0.5668090262566055,8225.713186738049,optimize_swarm_heur,3814.5070636889345,546.576132774353,4740.7960900392745,0.8066074663916566,11725.02546135595,optimize_random_heur,5288.155376770201,656.0263838768005,7104.4850195163835,1.2087696987537202,17723.71778475156,optimize_single_point_heur,8197.761547197384,1.0929811000823975,7326.079765156265,1.246472222328154,18792.870040183203,optimize_single_point_heur,8933.949008271253,1.0811123847961426,7487.684946614388,1.273968014911509,17578.897868522312,optimize_single_point_heur,9311.272304319968,11.424389362335205,6286.455447645994,1.0695886945788793,16383.196136598428,optimize_single_point_heur,7932.507269078464,14.687084197998047,6001.393567691353,1.0210877600547896,15492.539215836587,optimize_single_point_heur,7338.710955460416,14.589388370513916,4718.080729328883,0.8027426345780128,13751.155362197707,optimize_single_point_heur,5720.254029793604,12.8701810836792
2025-11-06 12:57:59,config_ed_area_0.9_hw_0.9_seed_1,inputs/task_graph_topology/soda-benchmark-graphs/pytorch-graphs/squeeze_net_tosa.dot,179,0.9,0.5,1.0,0.9,1,7103.137687612537,13369.617092361264,1.8822128586465536,13369.617092361264,None,7449.6836600951265,0.0,8398.170252830554,1.182318381280498,19875.731302796485,optimize_random_heur,9687.571617551326,0.6664447784423828,4866.578369517416,0.6851307948041678,10897.67534298943,optimize_swarm_heur,4866.578369517416,540.1851282119751,5310.1611957567,0.7475796513162508,10756.412203747766,optimize_random_heur,5443.662036706735,664.7765824794769,8338.484406650123,1.1739156374783442,19674.30800687202,optimize_single_point_heur,9987.8924129139,1.116919755935669,8435.231004514064,1.187535899694669,17816.63399954291,optimize_single_point_heur,9781.779201546873,1.132953405380249,8124.865854794836,1.1438418079610275,18653.150256889112,optimize_single_point_heur,9683.50410574661,11.683109045028687,7280.7780995710045,1.0250087242808572,15515.976676688346,optimize_single_point_heur,7860.832622506832,15.039307355880737,7415.94790825465,1.0440383157977686,16751.22627190957,optimize_single_point_heur,8523.08450724671,14.926172494888306,5760.067763048036,0.8109187821451445,15959.293991140854,optimize_single_point_heur,6832.735276147523,13.195062160491943
2025-11-06 12:58:27,config_ed_area_0.9_hw_0.1_seed_0,inputs/task_graph_topology/soda-benchmark-graphs/pytorch-graphs/squeeze_net_tosa.dot,179,0.1,0.5,1.0,0.9,0,1005.5926797560742,6191.152865053097,6.156720300067101,6191.152865053097,None,1956.4413379118034,0.0,5552.95855046047,5.522075351431006,15155.851520952596,optimize_random_heur,6579.06475658576,0.6855077743530273,795.9087508186979,0.7914822440948563,5590.908146649508,optimize_swarm_heur,1210.3037641088717,559.9838001728058,2056.394299637625,2.0449575071851585,7010.26624123134,optimize_random_heur,2658.3192156524683,670.8585476875305,5906.167984579495,5.873320384563807,15559.872499607047,optimize_single_point_heur,7636.69770844597,1.1590516567230225,5867.296855613229,5.834665440321676,13469.233137357265,optimize_single_point_heur,7429.923026500757,1.1613092422485352,5512.3529856907735,5.481695617581366,14600.367873824875,optimize_single_point_heur,7063.7070620542945,12.129831790924072,4042.2880812301796,4.019806590289335,11027.137752764924,optimize_single_point_heur,4965.844582593314,15.59409475326538,3293.5657943882075,3.2752483790823987,9415.646196269056,optimize_single_point_heur,4422.828583572269,15.460724115371704,1435.8659746703333,1.4278802974367617,7194.0220169781305,optimize_single_point_heur,2104.550575816577,13.341941118240356
2025-11-06 12:58:29,config_ed_area_0.9_hw_0.9_seed_0,inputs/task_graph_topology/soda-benchmark-graphs/pytorch-graphs/squeeze_net_tosa.dot,179,0.9,0.5,1.0,0.9,0,7512.781340436409,13344.476563045651,1.776236517256402,13344.476563045651,None,6654.331464467778,0.0,7494.265054068034,0.9975353620011921,19388.63452414601,optimize_random_heur,8832.143677602447,0.6746923923492432,4560.11704315398,0.6069812013042147,10901.004783009374,optimize_swarm_heur,4859.245164006484,550.0065367221832,5039.57935511267,0.6708007496488546,12564.023356397967,optimize_random_heur,5280.8791684772405,686.8638153076172,7876.189557618941,1.0483719944338779,19299.765117708375,optimize_single_point_heur,9424.488913313242,1.143481731414795,7414.054576872524,0.9868588264332275,17273.47777375042,optimize_single_point_heur,8993.913923417811,1.1148016452789307,7750.8816378363745,1.0316926963012256,18437.66855357118,optimize_single_point_heur,9240.13503818262,11.758087873458862,6862.106471840484,0.9133909481574067,17111.140420394524,optimize_single_point_heur,8435.79711020156,14.678946018218994,6738.114340758092,0.896886790048209,18065.361102101284,optimize_single_point_heur,8098.654044320872,14.06962537765503,4977.828333905519,0.6625812875869435,14894.682094347228,optimize_single_point_heur,5460.642980233871,12.34208607673645
2025-11-06 12:58:39,config_ed_area_0.9_hw_0.7_seed_2,inputs/task_graph_topology/soda-benchmark-graphs/pytorch-graphs/squeeze_net_tosa.dot,179,0.7,0.5,1.0,0.9,2,5858.939212615281,10119.796439662983,1.7272403881360232,10119.796439662983,None,4711.29041752041,0.0,7309.060233924089,1.247505729055262,18057.091907213748,optimize_random_heur,8414.347241223413,0.6848752498626709,3438.184429554654,0.5868271208808012,8682.481766925366,optimize_swarm_heur,3438.184429554654,568.8322489261627,3861.6239358728103,0.6590995051728963,11721.249367656741,optimize_random_heur,4064.402655520083,675.6002712249756,7053.977836225459,1.2039684284549428,17236.526631511664,optimize_single_point_heur,8711.235343718863,1.1221802234649658,7199.907710156671,1.228875646064745,18878.89479622147,optimize_single_point_heur,9146.746200257348,1.1153285503387451,6828.85851865427,1.1655452072195236,16607.817233513775,optimize_single_point_heur,8486.236837519624,11.70129942893982,6365.363642232122,1.0864361979599353,16178.963392829886,optimize_single_point_heur,8246.391198830526,14.9883553981781,5631.629835695118,0.9612029808347,16595.18464111002,optimize_single_point_heur,7305.310498230631,14.87809705734253,3463.3872135248084,0.5911287159401746,11990.289316834454,optimize_single_point_heur,4681.2040186448985,13.000908613204956
2025-11-06 12:58:39,config_ed_area_0.9_hw_0.5_seed_0,inputs/task_graph_topology/soda-benchmark-graphs/pytorch-graphs/squeeze_net_tosa.dot,179,0.5,0.5,1.0,0.9,0,5020.405770995477,11287.112663430578,2.2482470896356452,11287.112663430578,None,4884.15317313707,0.0,6698.658972051324,1.3342863660048483,17368.196684314302,optimize_random_heur,8009.304130811279,0.6755123138427734,2936.142177967683,0.5848416068140816,7922.640723909716,optimize_swarm_heur,3316.0536134461017,559.8038928508759,3022.3306856553136,0.6020092445746725,9794.315651909057,optimize_random_heur,3474.6108282237637,685.6774508953094,6743.412241855082,1.3432006394411338,17366.997830818378,optimize_single_point_heur,8421.702151658208,1.1712374687194824,6676.89894532525,1.3299520496729318,15286.176101852789,optimize_single_point_heur,8215.367091837652,1.1347219944000244,6505.616095875884,1.2958347178749876,16737.614773873775,optimize_single_point_heur,8319.142089604362,11.945035219192505,5783.370527532089,1.1519727271736697,16272.938379681209,optimize_single_point_heur,7449.243011430779,14.884747982025146,5535.493751802408,1.1025988743345732,15562.192180122775,optimize_single_point_heur,6661.037498652597,14.694098949432373,3283.9896185525013,0.6541283251495689,10658.175382368418,optimize_single_point_heur,4058.9315482226493,12.643798828125
2025-11-06 12:58:40,config_ed_area_0.9_hw_0.3_seed_0,inputs/task_graph_topology/soda-benchmark-graphs/pytorch-graphs/squeeze_net_tosa.dot,179,0.3,0.5,1.0,0.9,0,3016.369355489379,8139.185535322395,2.6983384911102455,8139.185535322395,None,2707.3773352688013,0.0,6104.347545703424,2.02374007499922,16373.686015789272,optimize_random_heur,7111.498740503177,0.6826975345611572,2091.2386842364076,0.6932966217915719,8161.063804259339,optimize_swarm_heur,2471.2695662482756,556.7935478687286,2740.3239330923407,0.9084842106969846,7987.561897262174,optimize_random_heur,3329.389209195436,687.7942452430725,6362.82022032513,2.1094300698771087,16400.61418737336,optimize_single_point_heur,7941.13120761906,1.1741077899932861,6494.7356480737635,2.1531632511297842,16829.570743300326,optimize_single_point_heur,8101.3508815731675,1.140721321105957,6337.971759607313,2.101192199182462,16120.022116921939,optimize_single_point_heur,7643.276477508032,12.106704473495483,4721.8418991189,1.5654057386990075,12976.838134109254,optimize_single_point_heur,6089.93802401539,15.511669397354126,4280.534577851836,1.419101599763255,13240.476379702752,optimize_single_point_heur,5584.399131468302,15.346229076385498,2634.0655289449132,0.8732569584528085,9921.837035330314,optimize_single_point_heur,4072.666041382473,13.364707469940186
2025-11-06 12:58:43,config_ed_area_0.9_hw_0.3_seed_3,inputs/task_graph_topology/soda-benchmark-graphs/pytorch-graphs/squeeze_net_tosa.dot,179,0.3,0.5,1.0,0.9,3,2658.940824325056,5849.367871293677,2.1998864426696962,5849.367871293677,None,3168.7139214034883,0.0,6429.8782262436125,2.418210351813967,17032.164131715053,optimize_random_heur,8104.677378323534,0.6818342208862305,1578.8610033533869,0.593793208524738,4782.68682954277,optimize_swarm_heur,2069.1273346037765,562.3228840827942,3189.1698015612424,1.1994136057430986,8685.211394321104,optimize_random_heur,4028.7488382237434,686.8832578659058,6059.196578537264,2.278800837952205,15509.307444964332,optimize_single_point_heur,7267.605227470661,1.1348907947540283,6291.314978799625,2.3660981550413442,17245.841117349686,optimize_single_point_heur,8092.766562878153,1.107992172241211,6396.966992751778,2.4058327790636636,15279.564192468108,optimize_single_point_heur,8008.637063770722,11.721618413925171,5272.084278675631,1.9827760852909895,14472.880062897964,optimize_single_point_heur,6638.547712643207,15.04114842414856,4771.6183935788795,1.794556069065623,11636.734925906263,optimize_single_point_heur,5729.8166406138425,14.900786399841309,2637.914829272,0.9920923418600739,10331.9376701282,optimize_single_point_heur,3754.825737944737,12.851244926452637
2025-11-06 12:58:45,config_ed_area_0.9_hw_0.5_seed_2,inputs/task_graph_topology/soda-benchmark-graphs/pytorch-graphs/squeeze_net_tosa.dot,179,0.5,0.5,1.0,0.9,2,4411.024222327901,7541.404326002426,1.7096719369231845,7541.404326002426,None,3844.116354881903,0.0,6911.524880696554,1.5668752952458336,16183.689506299303,optimize_random_heur,8548.474974058607,0.682711124420166,2260.4716044771826,0.5124595764029215,6917.6066649834065,optimize_swarm_heur,2645.1016081184116,560.2076387405396,3117.063390888935,0.7066529753137281,8236.460053369812,optimize_random_heur,3311.452106702397,689.0034470558167,6664.380806765085,1.510846567795083,16333.392713207395,optimize_single_point_heur,8298.255488874995,1.1618027687072754,6861.888353858896,1.5556224604537676,17926.51046906952,optimize_single_point_heur,8748.5989323433,1.1537444591522217,6385.422097998918,1.4476053125432704,14972.742426671868,optimize_single_point_heur,7896.937016135074,12.154229164123535,5541.459920244266,1.2562751054946104,15510.443764115298,optimize_single_point_heur,7200.302263240976,15.373183012008667,5528.802926864559,1.2534057053866627,13517.028420322053,optimize_single_point_heur,6834.738837231766,15.26979398727417,3026.9067716754885,0.6862140444284502,10727.147193781619,optimize_single_point_heur,4306.471189732516,13.228158473968506
2025-11-06 12:58:45,config_ed_area_0.9_hw_0.1_seed_1,inputs/task_graph_topology/soda-benchmark-graphs/pytorch-graphs/squeeze_net_tosa.dot,179,0.1,0.5,1.0,0.9,1,914.495431384477,3176.2163236191686,3.473189930331983,3176.2163236191686,None,1209.0102899781987,0.0,6377.0691893865705,6.973319899184372,14923.069515400597,optimize_random_heur,7869.924181869165,0.685138463973999,1140.2026301483625,1.2468106356990563,3840.0523253240362,optimize_swarm_heur,1347.7421701410854,560.1705169677734,1798.9452244282927,1.9671451192542597,4967.791278030224,optimize_random_heur,2195.8225883373784,689.4059081077576,6175.617655801451,6.753032813353734,15000.8596901169,optimize_single_point_heur,7388.435619938556,1.1828572750091553,6282.8303271134,6.87026978101101,12944.764308570206,optimize_single_point_heur,7192.001958749573,1.1423065662384033,5701.185403824124,6.234241537098725,13775.227770908266,optimize_single_point_heur,7194.2552552778125,12.179526805877686,4220.358378702035,4.614958406421705,11522.054921651545,optimize_single_point_heur,5672.706366136131,15.548799991607666,3854.09942077278,4.214454537993661,11863.210944072176,optimize_single_point_heur,5450.07742139682,15.417052030563354,1213.9309243617627,1.3274324646149003,5450.053646164393,optimize_single_point_heur,1922.2369360011107,13.272293329238892
2025-11-06 12:58:49,config_ed_area_0.9_hw_0.3_seed_1,inputs/task_graph_topology/soda-benchmark-graphs/pytorch-graphs/squeeze_net_tosa.dot,179,0.3,0.5,1.0,0.9,1,2742.479224526191,5211.292317855867,1.9002121406247678,5211.292317855867,None,2282.003325720519,0.0,6928.81860020745,2.5264798866086284,15956.236980614793,optimize_random_heur,8403.725427309999,0.6867148876190186,2009.5263547865916,0.7327407758699688,8333.250175575775,optimize_swarm_heur,2325.244557278435,562.4766666889191,3196.1864995945825,1.1654369050495823,7129.855432264988,optimize_random_heur,3686.6068390930595,691.1926453113556,6719.988017722966,2.4503332450527338,16061.662667330524,optimize_single_point_heur,7994.836009498508,1.1872162818908691,6779.677290762585,2.472097957983214,14035.064840045628,optimize_single_point_heur,7760.23310197766,1.1465442180633545,6487.758850969921,2.365654694099201,14738.92048967256,optimize_single_point_heur,7696.9292437905615,12.19467544555664,5333.220003873739,1.944671068491008,12596.324426334257,optimize_single_point_heur,6755.423116067036,15.525327920913696,4598.2556875509545,1.676678403405364,12356.566076152283,optimize_single_point_heur,6019.10348110047,15.408768653869629,2644.4163666298887,0.9642429896936614,11147.277392923008,optimize_single_point_heur,3753.686665615525,13.476004838943481
2025-11-06 12:58:50,config_ed_area_0.9_hw_0.3_seed_2,inputs/task_graph_topology/soda-benchmark-graphs/pytorch-graphs/squeeze_net_tosa.dot,179,0.3,0.5,1.0,0.9,2,2688.9671217589616,6212.31654092338,2.310298437884824,6212.31654092338,None,3410.104088394942,0.0,6488.646969390903,2.41306296268376,15203.142588573699,optimize_random_heur,8123.574156958698,0.6959648132324219,2029.6435951188628,0.7548041694876474,5884.35018626601,optimize_swarm_heur,2139.69948706002,564.1409289836884,2420.014869229171,0.8999793450974372,7493.196284124519,optimize_random_heur,3165.6324435957763,689.4173448085785,6336.441391481961,2.356459229347899,15173.041261453236,optimize_single_point_heur,8145.611797180735,1.180884838104248,6471.330311805747,2.4066230707843648,15600.124995640605,optimize_single_point_heur,7742.166400075422,1.1615359783172607,6133.817297817343,2.2811053538672375,14526.09370407039,optimize_single_point_heur,7338.18837392027,12.39735722541809,4716.093323735702,1.753867976136025,12725.922014634405,optimize_single_point_heur,6058.2366292357765,15.535553693771362,4650.430000464563,1.7294484424274141,13011.59735693814,optimize_single_point_heur,6333.518661623572,15.438788652420044,2344.82812190334,0.8720181451566034,9014.3680355789,optimize_single_point_heur,3598.599586058012,13.447116136550903
2025-11-06 12:58:51,config_ed_area_0.9_hw_0.5_seed_1,inputs/task_graph_topology/soda-benchmark-graphs/pytorch-graphs/squeeze_net_tosa.dot,179,0.5,0.5,1.0,0.9,1,4559.116995953398,8091.702120370573,1.7748397611977589,8091.702120370573,None,3905.3452750106394,0.0,7492.520034295896,1.6434147316127534,16989.40444582899,optimize_random_heur,8949.478696018401,0.6828408241271973,2931.9138675325835,0.6430880958165595,9128.660486013388,optimize_swarm_heur,3136.0677107301863,566.1871058940887,3843.570909453304,0.843051606893352,8910.224912346188,optimize_random_heur,3886.2418586950025,689.608757019043,7242.203826738746,1.5885101946641893,17122.468001086556,optimize_single_point_heur,8560.073834650751,1.1635146141052246,7357.1070537052565,1.6137131510850262,15189.358426444162,optimize_single_point_heur,8580.446976927375,1.178041934967041,7121.738911262835,1.5620873334867214,18023.50785714057,optimize_single_point_heur,8451.734388296512,12.160898208618164,5745.521452589101,1.2602268065699425,14657.187296282076,optimize_single_point_heur,6863.070187399135,15.613957166671753,5763.418106342788,1.2641522714723725,15064.282879758399,optimize_single_point_heur,7185.043760378257,15.49000597000122,3700.984509447429,0.8117766033932373,11164.374029736968,optimize_single_point_heur,4994.686933301171,12.732557535171509
2025-11-06 12:58:57,config_ed_area_0.9_hw_0.7_seed_1,inputs/task_graph_topology/soda-benchmark-graphs/pytorch-graphs/squeeze_net_tosa.dot,179,0.7,0.5,1.0,0.9,1,6100.224451734148,9605.50812196661,1.5746155240625603,9605.50812196661,None,5551.375392521375,0.0,7942.60577548838,1.302018612320156,19133.788751695072,optimize_random_heur,9321.607894315004,0.6847143173217773,4047.335968193129,0.6634732869611983,8426.889106659051,optimize_swarm_heur,4101.719045680629,568.8398056030273,4887.4363534081385,0.8011895942646434,11761.911707313091,optimize_random_heur,5306.68753035897,692.5235917568207,7795.731039277039,1.2779416726315536,18183.305174585726,optimize_single_point_heur,9131.796463116238,1.1696393489837646,7942.079059875981,1.3019322686754975,16215.66590299647,optimize_single_point_heur,8894.275094486262,1.1488118171691895,7815.697095625061,1.2812146761916678,18723.89888046475,optimize_single_point_heur,8898.151495006483,12.238358974456787,6873.720950131225,1.1267980390749706,15969.914837815117,optimize_single_point_heur,8016.921174643604,15.535934448242188,6351.137295290368,1.0411317395845805,14891.166782724928,optimize_single_point_heur,7559.078916152226,15.393900632858276,4785.445576294128,0.7844704099262676,12515.333432406043,optimize_single_point_heur,5790.389119896611,13.312634706497192
2025-11-06 12:59:05,config_ed_area_0.9_hw_0.5_seed_3,inputs/task_graph_topology/soda-benchmark-graphs/pytorch-graphs/squeeze_net_tosa.dot,179,0.5,0.5,1.0,0.9,3,4420.261133273895,7080.15883707993,1.6017512593958367,7080.15883707993,None,3983.2055127656413,0.0,6870.787342054152,1.5543849412727475,15827.14577844476,optimize_random_heur,8244.757726272117,0.6987223625183105,2884.7282909979067,0.6526149030614655,7431.668815096362,optimize_swarm_heur,3101.406504376778,567.1010415554047,3886.0486421825003,0.8791445855834027,8800.557480998565,optimize_random_heur,4369.086166679054,701.2019431591034,6624.22954832545,1.4986059304191315,16616.512614857944,optimize_single_point_heur,7722.843339354055,1.1901471614837646,6805.513568604715,1.5396179916556576,17790.545528094568,optimize_single_point_heur,8444.277257475354,1.1767230033874512,6402.543165152753,1.4484536031043642,15925.327658131546,optimize_single_point_heur,8208.214570605915,12.42362117767334,5633.476645392021,1.274466932051942,14680.300366013069,optimize_single_point_heur,7229.462729770957,15.618788003921509,5514.394834364893,1.247526937459602,14653.726964916968,optimize_single_point_heur,6777.458259535498,15.297350406646729,3725.2095746700697,0.8427578060102003,11932.496314282362,optimize_single_point_heur,5203.217222357102,13.499451160430908
2025-11-06 12:59:05,config_ed_area_0.9_hw_0.7_seed_0,inputs/task_graph_topology/soda-benchmark-graphs/pytorch-graphs/squeeze_net_tosa.dot,179,0.7,0.5,1.0,0.9,0,6596.241530654771,10549.923894592986,1.5993841107188438,10549.923894592986,None,5096.007208632061,0.0,7197.320276251108,1.091124429389515,18378.415604230162,optimize_random_heur,8416.623660305591,0.6851017475128174,3684.3096524376856,0.5585468081051249,8866.898945307064,optimize_swarm_heur,4023.644271685696,572.8643665313721,4497.673623280622,0.6818539925165785,10888.89593937618,optimize_random_heur,5136.17167324515,698.482494354248,7371.257672375365,1.1174935966366384,18333.381474263377,optimize_single_point_heur,8902.273095697357,1.1603171825408936,6985.36921866999,1.0589923346813215,16279.826937801607,optimize_single_point_heur,8559.836078740112,1.1432783603668213,7382.505148333392,1.1191987306748261,19076.004138054523,optimize_single_point_heur,8737.593562452574,11.906917095184326,6221.109056166267,0.9431293604478933,17236.034650787933,optimize_single_point_heur,7510.356956918606,15.065338373184204,6164.172785480181,0.9344977373604904,15960.370913948695,optimize_single_point_heur,7249.157215529933,14.685251951217651,3925.1674972945452,0.5950612146406525,12709.62175371584,optimize_single_point_heur,5030.811043819925,12.794283151626587
2025-11-06 12:59:09,config_ed_area_0.9_hw_0.1_seed_2,inputs/task_graph_topology/soda-benchmark-graphs/pytorch-graphs/squeeze_net_tosa.dot,179,0.1,0.5,1.0,0.9,2,896.9223739196549,4181.5752410475225,4.6621372848282885,4181.5752410475225,None,2475.1301909039457,0.0,6020.740450190117,6.712666140636879,14222.5956708481,optimize_random_heur,7700.884225166754,0.6980984210968018,1307.0641096737572,1.457276736181455,3788.9995259827183,optimize_swarm_heur,1684.6669953868811,572.5842690467834,1641.0944390643124,1.8296950625643769,5059.363101786806,optimize_random_heur,2248.9317663159513,699.4259121417999,5959.122269592331,6.643966571544285,14527.124876598851,optimize_single_point_heur,7591.652633092882,1.1985070705413818,5999.247551077154,6.6887031983155305,14612.761902867174,optimize_single_point_heur,7313.062043382563,1.1714606285095215,5468.050759150504,6.096459312587428,13913.810058502382,optimize_single_point_heur,7065.674543017979,12.544591188430786,3706.8603357657976,4.132866392401817,12214.463944735024,optimize_single_point_heur,5242.785439085893,15.821545839309692,3750.9024597701564,4.181969999675978,8761.946268849058,optimize_single_point_heur,4854.261161200745,15.590688943862915,1141.5335839888075,1.2727228321891149,4639.013985077701,optimize_single_point_heur,1649.5197506755135,13.255322456359863
2025-11-06 12:59:09,config_ed_area_0.9_hw_0.1_seed_3,inputs/task_graph_topology/soda-benchmark-graphs/pytorch-graphs/squeeze_net_tosa.dot,179,0.1,0.5,1.0,0.9,3,886.513608108352,4095.277186308006,4.619531103472323,4095.277186308006,None,2307.147635138493,0.0,6055.223932258002,6.83037900024871,16166.241225326681,optimize_random_heur,7709.1455345376135,0.6871540546417236,1099.9594825482668,1.2407699921215727,2968.5102590575634,optimize_swarm_heur,1351.5855696988915,569.6553361415863,1863.000755112027,2.101491435746045,4922.5789081621715,optimize_random_heur,2124.793591103246,703.6682329177856,5590.587639965684,6.306262632442736,14402.102275070723,optimize_single_point_heur,6835.094595971403,1.1808886528015137,5815.264976507151,6.559701874081548,16046.718450799062,optimize_single_point_heur,7393.099510959706,1.174900770187378,5991.586664102932,6.758595253701538,15081.765450110644,optimize_single_point_heur,7228.372870853302,12.393563985824585,4501.545014989692,5.0778070114401475,13114.776797705983,optimize_single_point_heur,6312.339940263728,15.654779434204102,3979.316365767693,4.4887256432067435,9697.315144341093,optimize_single_point_heur,5292.50703296299,15.429975032806396,1065.2533701702853,1.2016210021223805,3760.2612167754633,optimize_single_point_heur,1474.7244486107204,13.061367273330688
2025-11-06 13:06:00,config_ed_area_0.9_hw_0.9_seed_2,inputs/task_graph_topology/soda-benchmark-graphs/pytorch-graphs/squeeze_net_tosa.dot,179,0.9,0.5,1.0,0.9,2,6779.073175355862,15532.604595577559,2.29125784510538,15532.604595577559,None,5916.140250351617,0.0,7627.10561595344,1.125095631609414,18975.80551352223,optimize_random_heur,8787.4020323927,0.6687026023864746,4220.208367034707,0.6225347120276764,10339.348319829809,optimize_swarm_heur,4689.448405621303,538.2472121715546,4723.824929803596,0.6968245964619821,11390.17556118377,optimize_random_heur,4928.902474228427,661.9790215492249,7492.48199373653,1.1052369254508332,18139.660549815937,optimize_single_point_heur,9159.449585687726,1.1070854663848877,7656.242030413307,1.129393625406824,19672.356183456595,optimize_single_point_heur,9555.770990042392,1.0984840393066406,7505.392025651035,1.10714132028189,18721.60757230134,optimize_single_point_heur,9268.366940893127,11.568272113800049,6341.801703449944,0.9354968650440975,17331.039628997765,optimize_single_point_heur,7960.960028119665,14.825246095657349,6405.5422665398855,0.9448994133631891,18176.782691191744,optimize_single_point_heur,7852.436112427644,14.714831352233887,4225.378113421384,0.6232973157425131,14014.84001339977,optimize_single_point_heur,5124.968793359832,12.771303415298462
2025-11-06 13:06:17,config_ed_area_0.9_hw_0.9_seed_3,inputs/task_graph_topology/soda-benchmark-graphs/pytorch-graphs/squeeze_net_tosa.dot,179,0.9,0.5,1.0,0.9,3,6781.9286707166075,12180.457442526407,1.7960167430129235,12180.457442526407,None,6146.583615124041,0.0,7665.776193504279,1.1303239190061078,17734.09079261062,optimize_random_heur,9072.326105219227,0.6504919528961182,4221.1572373823965,0.6224125086435583,9562.040261893437,optimize_swarm_heur,4428.681097644301,514.335123538971,5639.633490168727,0.831567797892044,13932.641293087281,optimize_random_heur,6600.876999074604,623.7595882415771,7695.071652849999,1.134643554432563,18830.92295464518,optimize_single_point_heur,8672.67975504071,1.0244388580322266,7846.6459617078135,1.1569932894736128,19754.640156310918,optimize_single_point_heur,9478.132841350032,1.011134147644043,7825.728594797539,1.1539090094810212,18546.50280079643,optimize_single_point_heur,10133.957232602177,10.63383150100708,6736.993446939486,0.9933742706597394,17025.816592855193,optimize_single_point_heur,8129.889735062063,13.645500659942627,6619.31691402951,0.9760227857616328,16268.832315202011,optimize_single_point_heur,8008.572637839215,13.79724931716919,5102.3550162057545,0.7523457210980395,14727.812541142726,optimize_single_point_heur,6241.256636830767,12.286942481994629
2026-03-12 11:35:28,config_resnet_ed_area_0.1_hw_0.1_seed_2,inputs/task_graph_topology/soda-benchmark-graphs/pytorch-graphs/rez_net_tosa.dot,362,0.1,0.5,1.0,0.1,42,1876.8712304770884,30594.28405324899,16.300683582577012,30594.28405324899,None,16202.945647811632,0.0,18496.710503963615,9.855077004543286,18496.710503963615,optimize_random_heur,18496.71050396363,0.27747416496276855,18496.710503963615,9.855077004543286,18496.710503963615,optimize_swarm_heur,18496.71050396363,68.91230344772339,18496.710503963615,9.855077004543286,18496.710503963615,optimize_random_heur,18496.71050396363,357.51481461524963,18496.710503963615,9.855077004543286,18496.710503963615,optimize_single_point_heur,18496.71050396363,0.14209628105163574,18496.710503963615,9.855077004543286,18496.710503963615,optimize_single_point_heur,18496.71050396363,0.13642668724060059,18496.710503963615,9.855077004543286,18496.710503963615,optimize_single_point_heur,18496.71050396363,1.5128512382507324,18496.710503963615,9.855077004543286,18496.710503963615,optimize_single_point_heur,18496.71050396363,5.397534370422363,18496.710503963615,9.855077004543286,18496.710503963615,optimize_single_point_heur,18496.71050396363,5.255542993545532,18496.710503963615,9.855077004543286,18496.710503963615,optimize_single_point_heur,18496.71050396363,3.291144847869873
2026-03-12 11:35:35,config_resnet_ed_area_0.1_hw_0.1_seed_1,inputs/task_graph_topology/soda-benchmark-graphs/pytorch-graphs/rez_net_tosa.dot,362,0.1,0.5,1.0,0.1,42,1876.8712304770884,30594.28405324899,16.300683582577012,30594.28405324899,None,16202.945647811632,0.0,18496.710503963615,9.855077004543286,18496.710503963615,optimize_random_heur,18496.71050396363,0.2878282070159912,18496.710503963615,9.855077004543286,18496.710503963615,optimize_swarm_heur,18496.71050396363,68.94649291038513,18496.710503963615,9.855077004543286,18496.710503963615,optimize_random_heur,18496.71050396363,364.6936619281769,18496.710503963615,9.855077004543286,18496.710503963615,optimize_single_point_heur,18496.71050396363,0.13800978660583496,18496.710503963615,9.855077004543286,18496.710503963615,optimize_single_point_heur,18496.71050396363,0.13303327560424805,18496.710503963615,9.855077004543286,18496.710503963615,optimize_single_point_heur,18496.71050396363,1.4764490127563477,18496.710503963615,9.855077004543286,18496.710503963615,optimize_single_point_heur,18496.71050396363,5.354260683059692,18496.710503963615,9.855077004543286,18496.710503963615,optimize_single_point_heur,18496.71050396363,5.256448268890381,18496.710503963615,9.855077004543286,18496.710503963615,optimize_single_point_heur,18496.71050396363,3.258842945098877
2026-03-12 11:35:44,config_resnet_ed_area_0.1_hw_0.1_seed_0,inputs/task_graph_topology/soda-benchmark-graphs/pytorch-graphs/rez_net_tosa.dot,362,0.1,0.5,1.0,0.1,42,1876.8712304770884,30594.28405324899,16.300683582577012,30594.28405324899,None,16202.945647811632,0.0,18496.710503963615,9.855077004543286,18496.710503963615,optimize_random_heur,18496.71050396363,0.28374171257019043,18496.710503963615,9.855077004543286,18496.710503963615,optimize_swarm_heur,18496.71050396363,71.6031506061554,18496.710503963615,9.855077004543286,18496.710503963615,optimize_random_heur,18496.71050396363,370.5018754005432,18496.710503963615,9.855077004543286,18496.710503963615,optimize_single_point_heur,18496.71050396363,0.14208221435546875,18496.710503963615,9.855077004543286,18496.710503963615,optimize_single_point_heur,18496.71050396363,0.14127278327941895,18496.710503963615,9.855077004543286,18496.710503963615,optimize_single_point_heur,18496.71050396363,1.5555355548858643,18496.710503963615,9.855077004543286,18496.710503963615,optimize_single_point_heur,18496.71050396363,5.568358421325684,18496.710503963615,9.855077004543286,18496.710503963615,optimize_single_point_heur,18496.71050396363,5.420446872711182,18496.710503963615,9.855077004543286,18496.710503963615,optimize_single_point_heur,18496.71050396363,3.4124507904052734
2026-03-12 11:35:58,config_resnet_ed_area_0.1_hw_0.3_seed_0,inputs/task_graph_topology/soda-benchmark-graphs/pytorch-graphs/rez_net_tosa.dot,362,0.3,0.5,1.0,0.1,42,5629.515000900963,30835.508131350318,5.477471527549943,30835.508131350318,None,16271.662241678145,0.0,18496.710503963615,3.285666793854062,18496.710503963615,optimize_random_heur,18496.71050396363,0.2772984504699707,18496.710503963615,3.285666793854062,18496.710503963615,optimize_swarm_heur,18496.71050396363,68.40592885017395,18496.710503963615,3.285666793854062,18496.710503963615,optimize_random_heur,18496.71050396363,354.9161059856415,18496.710503963615,3.285666793854062,18496.710503963615,optimize_single_point_heur,18496.71050396363,0.13648486137390137,18496.710503963615,3.285666793854062,18496.710503963615,optimize_single_point_heur,18496.71050396363,0.1312580108642578,18496.710503963615,3.285666793854062,18496.710503963615,optimize_single_point_heur,18496.71050396363,1.4606719017028809,18496.710503963615,3.285666793854062,18496.710503963615,optimize_single_point_heur,18496.71050396363,5.6155784130096436,18496.710503963615,3.285666793854062,18496.710503963615,optimize_single_point_heur,18496.71050396363,5.534054756164551,18496.710503963615,3.285666793854062,18496.710503963615,optimize_single_point_heur,18496.71050396363,3.307158946990967
2026-03-12 11:36:14,config_resnet_ed_area_0.1_hw_0.1_seed_3,inputs/task_graph_topology/soda-benchmark-graphs/pytorch-graphs/rez_net_tosa.dot,362,0.1,0.5,1.0,0.1,42,1876.8712304770884,30594.28405324899,16.300683582577012,30594.28405324899,None,16202.945647811632,0.0,18496.710503963615,9.855077004543286,18496.710503963615,optimize_random_heur,18496.71050396363,0.28569912910461426,18496.710503963615,9.855077004543286,18496.710503963615,optimize_swarm_heur,18496.71050396363,70.19369864463806,18496.710503963615,9.855077004543286,18496.710503963615,optimize_random_heur,18496.71050396363,369.756765127182,18496.710503963615,9.855077004543286,18496.710503963615,optimize_single_point_heur,18496.71050396363,0.1451718807220459,18496.710503963615,9.855077004543286,18496.710503963615,optimize_single_point_heur,18496.71050396363,0.1372511386871338,18496.710503963615,9.855077004543286,18496.710503963615,optimize_single_point_heur,18496.71050396363,1.5324575901031494,18496.710503963615,9.855077004543286,18496.710503963615,optimize_single_point_heur,18496.71050396363,5.545185327529907,18496.710503963615,9.855077004543286,18496.710503963615,optimize_single_point_heur,18496.71050396363,5.459722995758057,18496.710503963615,9.855077004543286,18496.710503963615,optimize_single_point_heur,18496.71050396363,3.390841245651245
2026-03-12 11:37:14,config_resnet_ed_area_0.1_hw_0.3_seed_1,inputs/task_graph_topology/soda-benchmark-graphs/pytorch-graphs/rez_net_tosa.dot,362,0.3,0.5,1.0,0.1,42,5629.515000900963,30835.508131350318,5.477471527549943,30835.508131350318,None,16271.662241678145,0.0,18496.710503963615,3.285666793854062,18496.710503963615,optimize_random_heur,18496.71050396363,0.2962608337402344,18496.710503963615,3.285666793854062,18496.710503963615,optimize_swarm_heur,18496.71050396363,74.79421544075012,18496.710503963615,3.285666793854062,18496.710503963615,optimize_random_heur,18496.71050396363,385.82751083374023,18496.710503963615,3.285666793854062,18496.710503963615,optimize_single_point_heur,18496.71050396363,0.16036391258239746,18496.710503963615,3.285666793854062,18496.710503963615,optimize_single_point_heur,18496.71050396363,0.14707493782043457,18496.710503963615,3.285666793854062,18496.710503963615,optimize_single_point_heur,18496.71050396363,1.5874533653259277,18496.710503963615,3.285666793854062,18496.710503963615,optimize_single_point_heur,18496.71050396363,5.969757080078125,18496.710503963615,3.285666793854062,18496.710503963615,optimize_single_point_heur,18496.71050396363,5.821727275848389,18496.710503963615,3.285666793854062,18496.710503963615,optimize_single_point_heur,18496.71050396363,3.4783809185028076
2026-03-12 11:37:23,config_resnet_ed_area_0.1_hw_0.3_seed_3,inputs/task_graph_topology/soda-benchmark-graphs/pytorch-graphs/rez_net_tosa.dot,362,0.3,0.5,1.0,0.1,42,5629.515000900963,30835.508131350318,5.477471527549943,30835.508131350318,None,16271.662241678145,0.0,18496.710503963615,3.285666793854062,18496.710503963615,optimize_random_heur,18496.71050396363,0.2848503589630127,18496.710503963615,3.285666793854062,18496.710503963615,optimize_swarm_heur,18496.71050396363,67.75041270256042,18496.710503963615,3.285666793854062,18496.710503963615,optimize_random_heur,18496.71050396363,361.2830340862274,18496.710503963615,3.285666793854062,18496.710503963615,optimize_single_point_heur,18496.71050396363,0.13796162605285645,18496.710503963615,3.285666793854062,18496.710503963615,optimize_single_point_heur,18496.71050396363,0.13302016258239746,18496.710503963615,3.285666793854062,18496.710503963615,optimize_single_point_heur,18496.71050396363,1.4651038646697998,18496.710503963615,3.285666793854062,18496.710503963615,optimize_single_point_heur,18496.71050396363,5.476372241973877,18496.710503963615,3.285666793854062,18496.710503963615,optimize_single_point_heur,18496.71050396363,5.3833909034729,18496.710503963615,3.285666793854062,18496.710503963615,optimize_single_point_heur,18496.71050396363,3.2117271423339844
2026-03-12 11:37:27,config_resnet_ed_area_0.1_hw_0.3_seed_2,inputs/task_graph_topology/soda-benchmark-graphs/pytorch-graphs/rez_net_tosa.dot,362,0.3,0.5,1.0,0.1,42,5629.515000900963,30835.508131350318,5.477471527549943,30835.508131350318,None,16271.662241678145,0.0,18496.710503963615,3.285666793854062,18496.710503963615,optimize_random_heur,18496.71050396363,0.28394484519958496,18496.710503963615,3.285666793854062,18496.710503963615,optimize_swarm_heur,18496.71050396363,68.53414607048035,18496.710503963615,3.285666793854062,18496.710503963615,optimize_random_heur,18496.71050396363,364.327064037323,18496.710503963615,3.285666793854062,18496.710503963615,optimize_single_point_heur,18496.71050396363,0.14173507690429688,18496.710503963615,3.285666793854062,18496.710503963615,optimize_single_point_heur,18496.71050396363,0.13964200019836426,18496.710503963615,3.285666793854062,18496.710503963615,optimize_single_point_heur,18496.71050396363,1.5336508750915527,18496.710503963615,3.285666793854062,18496.710503963615,optimize_single_point_heur,18496.71050396363,5.619682312011719,18496.710503963615,3.285666793854062,18496.710503963615,optimize_single_point_heur,18496.71050396363,5.573129892349243,18496.710503963615,3.285666793854062,18496.710503963615,optimize_single_point_heur,18496.71050396363,3.4122507572174072
2026-03-12 11:37:58,config_resnet_ed_area_0.1_hw_0.5_seed_1,inputs/task_graph_topology/soda-benchmark-graphs/pytorch-graphs/rez_net_tosa.dot,362,0.5,0.5,1.0,0.1,42,9311.942737816993,30778.248632303465,3.3052446196118725,30778.248632303465,None,17518.601204738097,0.0,18496.710503963615,1.986342809953728,18496.710503963615,optimize_random_heur,18496.71050396363,0.2807183265686035,18496.710503963615,1.986342809953728,18496.710503963615,optimize_swarm_heur,18496.71050396363,68.8634181022644,18496.710503963615,1.986342809953728,18496.710503963615,optimize_random_heur,18496.71050396363,359.77832102775574,18496.710503963615,1.986342809953728,18496.710503963615,optimize_single_point_heur,18496.71050396363,0.1394670009613037,18496.710503963615,1.986342809953728,18496.710503963615,optimize_single_point_heur,18496.71050396363,0.1359388828277588,18496.710503963615,1.986342809953728,18496.710503963615,optimize_single_point_heur,18496.71050396363,1.5118813514709473,18496.710503963615,1.986342809953728,18496.710503963615,optimize_single_point_heur,18496.71050396363,5.487023830413818,18496.710503963615,1.986342809953728,18496.710503963615,optimize_single_point_heur,18496.71050396363,5.3328917026519775,18496.710503963615,1.986342809953728,18496.710503963615,optimize_single_point_heur,18496.71050396363,3.2832202911376953
2026-03-12 11:38:37,config_resnet_ed_area_0.1_hw_0.5_seed_0,inputs/task_graph_topology/soda-benchmark-graphs/pytorch-graphs/rez_net_tosa.dot,362,0.5,0.5,1.0,0.1,42,9311.942737816993,30778.248632303465,3.3052446196118725,30778.248632303465,None,17518.601204738097,0.0,18496.710503963615,1.986342809953728,18496.710503963615,optimize_random_heur,18496.71050396363,0.29355454444885254,18496.710503963615,1.986342809953728,18496.710503963615,optimize_swarm_heur,18496.71050396363,72.4901990890503,18496.710503963615,1.986342809953728,18496.710503963615,optimize_random_heur,18496.71050396363,393.8180491924286,18496.710503963615,1.986342809953728,18496.710503963615,optimize_single_point_heur,18496.71050396363,0.15435552597045898,18496.710503963615,1.986342809953728,18496.710503963615,optimize_single_point_heur,18496.71050396363,0.14288616180419922,18496.710503963615,1.986342809953728,18496.710503963615,optimize_single_point_heur,18496.71050396363,1.616908311843872,18496.710503963615,1.986342809953728,18496.710503963615,optimize_single_point_heur,18496.71050396363,5.989501953125,18496.710503963615,1.986342809953728,18496.710503963615,optimize_single_point_heur,18496.71050396363,5.845130205154419,18496.710503963615,1.986342809953728,18496.710503963615,optimize_single_point_heur,18496.71050396363,3.511941909790039
2026-03-12 11:38:41,config_resnet_ed_area_0.1_hw_0.5_seed_3,inputs/task_graph_topology/soda-benchmark-graphs/pytorch-graphs/rez_net_tosa.dot,362,0.5,0.5,1.0,0.1,42,9311.942737816993,30778.248632303465,3.3052446196118725,30778.248632303465,None,17518.601204738097,0.0,18496.710503963615,1.986342809953728,18496.710503963615,optimize_random_heur,18496.71050396363,0.27979278564453125,18496.710503963615,1.986342809953728,18496.710503963615,optimize_swarm_heur,18496.71050396363,74.84521842002869,18496.710503963615,1.986342809953728,18496.710503963615,optimize_random_heur,18496.71050396363,392.980833530426,18496.710503963615,1.986342809953728,18496.710503963615,optimize_single_point_heur,18496.71050396363,0.1550743579864502,18496.710503963615,1.986342809953728,18496.710503963615,optimize_single_point_heur,18496.71050396363,0.14551258087158203,18496.710503963615,1.986342809953728,18496.710503963615,optimize_single_point_heur,18496.71050396363,1.6093735694885254,18496.710503963615,1.986342809953728,18496.710503963615,optimize_single_point_heur,18496.71050396363,6.012464284896851,18496.710503963615,1.986342809953728,18496.710503963615,optimize_single_point_heur,18496.71050396363,5.918531179428101,18496.710503963615,1.986342809953728,18496.710503963615,optimize_single_point_heur,18496.71050396363,3.393918037414551
2026-03-12 11:39:02,config_resnet_ed_area_0.1_hw_0.5_seed_2,inputs/task_graph_topology/soda-benchmark-graphs/pytorch-graphs/rez_net_tosa.dot,362,0.5,0.5,1.0,0.1,42,9311.942737816993,30778.248632303465,3.3052446196118725,30778.248632303465,None,17518.601204738097,0.0,18496.710503963615,1.986342809953728,18496.710503963615,optimize_random_heur,18496.71050396363,0.3059568405151367,18496.710503963615,1.986342809953728,18496.710503963615,optimize_swarm_heur,18496.71050396363,75.34595274925232,18496.710503963615,1.986342809953728,18496.710503963615,optimize_random_heur,18496.71050396363,415.0929834842682,18496.710503963615,1.986342809953728,18496.710503963615,optimize_single_point_heur,18496.71050396363,0.14650821685791016,18496.710503963615,1.986342809953728,18496.710503963615,optimize_single_point_heur,18496.71050396363,0.13950443267822266,18496.710503963615,1.986342809953728,18496.710503963615,optimize_single_point_heur,18496.71050396363,1.5380606651306152,18496.710503963615,1.986342809953728,18496.710503963615,optimize_single_point_heur,18496.71050396363,5.620338201522827,18496.710503963615,1.986342809953728,18496.710503963615,optimize_single_point_heur,18496.71050396363,5.48378586769104,18496.710503963615,1.986342809953728,18496.710503963615,optimize_single_point_heur,18496.71050396363,3.4124972820281982
2026-03-12 11:39:02,config_resnet_ed_area_0.1_hw_0.7_seed_0,inputs/task_graph_topology/soda-benchmark-graphs/pytorch-graphs/rez_net_tosa.dot,362,0.7,0.5,1.0,0.1,42,12459.889958209249,29220.939136421268,2.34520041785513,29220.939136421268,None,17838.26283700595,0.0,18496.710503963615,1.4845003098744851,18496.710503963615,optimize_random_heur,18496.71050396363,0.2975332736968994,18496.710503963615,1.4845003098744851,18496.710503963615,optimize_swarm_heur,18496.71050396363,73.65069103240967,18496.710503963615,1.4845003098744851,18496.710503963615,optimize_random_heur,18496.71050396363,382.38700795173645,18496.710503963615,1.4845003098744851,18496.710503963615,optimize_single_point_heur,18496.71050396363,0.149977445602417,18496.710503963615,1.4845003098744851,18496.710503963615,optimize_single_point_heur,18496.71050396363,0.14187240600585938,18496.710503963615,1.4845003098744851,18496.710503963615,optimize_single_point_heur,18496.71050396363,1.5845112800598145,18496.710503963615,1.4845003098744851,18496.710503963615,optimize_single_point_heur,18496.71050396363,5.711118221282959,18496.710503963615,1.4845003098744851,18496.710503963615,optimize_single_point_heur,18496.71050396363,5.540609121322632,18496.710503963615,1.4845003098744851,18496.710503963615,optimize_single_point_heur,18496.71050396363,3.452378511428833
2026-03-12 11:39:17,config_resnet_ed_area_0.1_hw_0.7_seed_2,inputs/task_graph_topology/soda-benchmark-graphs/pytorch-graphs/rez_net_tosa.dot,362,0.7,0.5,1.0,0.1,42,12459.889958209249,29220.939136421268,2.34520041785513,29220.939136421268,None,17838.26283700595,0.0,18496.710503963615,1.4845003098744851,18496.710503963615,optimize_random_heur,18496.71050396363,0.31365466117858887,18496.710503963615,1.4845003098744851,18496.710503963615,optimize_swarm_heur,18496.71050396363,75.85502457618713,18496.710503963615,1.4845003098744851,18496.710503963615,optimize_random_heur,18496.71050396363,393.82581305503845,18496.710503963615,1.4845003098744851,18496.710503963615,optimize_single_point_heur,18496.71050396363,0.1520094871520996,18496.710503963615,1.4845003098744851,18496.710503963615,optimize_single_point_heur,18496.71050396363,0.1431422233581543,18496.710503963615,1.4845003098744851,18496.710503963615,optimize_single_point_heur,18496.71050396363,1.6422607898712158,18496.710503963615,1.4845003098744851,18496.710503963615,optimize_single_point_heur,18496.71050396363,5.790016412734985,18496.710503963615,1.4845003098744851,18496.710503963615,optimize_single_point_heur,18496.71050396363,5.58193039894104,18496.710503963615,1.4845003098744851,18496.710503963615,optimize_single_point_heur,18496.71050396363,3.400259494781494
2026-03-12 11:39:26,config_resnet_ed_area_0.1_hw_0.7_seed_1,inputs/task_graph_topology/soda-benchmark-graphs/pytorch-graphs/rez_net_tosa.dot,362,0.7,0.5,1.0,0.1,42,12459.889958209249,29220.939136421268,2.34520041785513,29220.939136421268,None,17838.26283700595,0.0,18496.710503963615,1.4845003098744851,18496.710503963615,optimize_random_heur,18496.71050396363,0.3232688903808594,18496.710503963615,1.4845003098744851,18496.710503963615,optimize_swarm_heur,18496.71050396363,78.20597314834595,18496.710503963615,1.4845003098744851,18496.710503963615,optimize_random_heur,18496.71050396363,401.2072880268097,18496.710503963615,1.4845003098744851,18496.710503963615,optimize_single_point_heur,18496.71050396363,0.1491701602935791,18496.710503963615,1.4845003098744851,18496.710503963615,optimize_single_point_heur,18496.71050396363,0.1467304229736328,18496.710503963615,1.4845003098744851,18496.710503963615,optimize_single_point_heur,18496.71050396363,1.6012837886810303,18496.710503963615,1.4845003098744851,18496.710503963615,optimize_single_point_heur,18496.71050396363,5.838110685348511,18496.710503963615,1.4845003098744851,18496.710503963615,optimize_single_point_heur,18496.71050396363,5.282519817352295,18496.710503963615,1.4845003098744851,18496.710503963615,optimize_single_point_heur,18496.71050396363,3.260059356689453
2026-03-12 11:43:16,config_resnet_ed_area_0.1_hw_0.9_seed_0,inputs/task_graph_topology/soda-benchmark-graphs/pytorch-graphs/rez_net_tosa.dot,362,0.9,0.5,1.0,0.1,42,14476.759981256146,27985.767379952402,1.9331513001657215,27985.767379952402,None,17604.860229538426,0.0,18496.710503963615,1.277683026306461,18496.710503963615,optimize_random_heur,18496.71050396363,0.27317166328430176,18496.710503963615,1.277683026306461,18496.710503963615,optimize_swarm_heur,18496.71050396363,69.09078931808472,18496.710503963615,1.277683026306461,18496.710503963615,optimize_random_heur,18496.71050396363,352.5721559524536,18496.710503963615,1.277683026306461,18496.710503963615,optimize_single_point_heur,18496.71050396363,0.13483834266662598,18496.710503963615,1.277683026306461,18496.710503963615,optimize_single_point_heur,18496.71050396363,0.12933349609375,18496.710503963615,1.277683026306461,18496.710503963615,optimize_single_point_heur,18496.71050396363,1.458578109741211,18496.710503963615,1.277683026306461,18496.710503963615,optimize_single_point_heur,18496.71050396363,5.3277747631073,18496.710503963615,1.277683026306461,18496.710503963615,optimize_single_point_heur,18496.71050396363,5.224439859390259,18496.710503963615,1.277683026306461,18496.710503963615,optimize_single_point_heur,18496.71050396363,3.179063081741333
2026-03-12 11:43:23,config_resnet_ed_area_0.1_hw_0.7_seed_3,inputs/task_graph_topology/soda-benchmark-graphs/pytorch-graphs/rez_net_tosa.dot,362,0.7,0.5,1.0,0.1,42,12459.889958209249,29220.939136421268,2.34520041785513,29220.939136421268,None,17838.26283700595,0.0,18496.710503963615,1.4845003098744851,18496.710503963615,optimize_random_heur,18496.71050396363,0.27674150466918945,18496.710503963615,1.4845003098744851,18496.710503963615,optimize_swarm_heur,18496.71050396363,69.6567280292511,18496.710503963615,1.4845003098744851,18496.710503963615,optimize_random_heur,18496.71050396363,358.5912137031555,18496.710503963615,1.4845003098744851,18496.710503963615,optimize_single_point_heur,18496.71050396363,0.1410226821899414,18496.710503963615,1.4845003098744851,18496.710503963615,optimize_single_point_heur,18496.71050396363,0.13468694686889648,18496.710503963615,1.4845003098744851,18496.710503963615,optimize_single_point_heur,18496.71050396363,1.499363899230957,18496.710503963615,1.4845003098744851,18496.710503963615,optimize_single_point_heur,18496.71050396363,5.526991844177246,18496.710503963615,1.4845003098744851,18496.710503963615,optimize_single_point_heur,18496.71050396363,5.335747003555298,18496.710503963615,1.4845003098744851,18496.710503963615,optimize_single_point_heur,18496.71050396363,3.2899904251098633
2026-03-12 11:43:57,config_resnet_ed_area_0.1_hw_0.9_seed_3,inputs/task_graph_topology/soda-benchmark-graphs/pytorch-graphs/rez_net_tosa.dot,362,0.9,0.5,1.0,0.1,42,14476.759981256146,27985.767379952402,1.9331513001657215,27985.767379952402,None,17604.860229538426,0.0,18496.710503963615,1.277683026306461,18496.710503963615,optimize_random_heur,18496.71050396363,0.27715396881103516,18496.710503963615,1.277683026306461,18496.710503963615,optimize_swarm_heur,18496.71050396363,68.9552206993103,18496.710503963615,1.277683026306461,18496.710503963615,optimize_random_heur,18496.71050396363,356.0341169834137,18496.710503963615,1.277683026306461,18496.710503963615,optimize_single_point_heur,18496.71050396363,0.136796236038208,18496.710503963615,1.277683026306461,18496.710503963615,optimize_single_point_heur,18496.71050396363,0.1311945915222168,18496.710503963615,1.277683026306461,18496.710503963615,optimize_single_point_heur,18496.71050396363,1.4869818687438965,18496.710503963615,1.277683026306461,18496.710503963615,optimize_single_point_heur,18496.71050396363,5.3597564697265625,18496.710503963615,1.277683026306461,18496.710503963615,optimize_single_point_heur,18496.71050396363,5.233863592147827,18496.710503963615,1.277683026306461,18496.710503963615,optimize_single_point_heur,18496.71050396363,3.2061545848846436
2026-03-12 11:44:14,config_resnet_ed_area_0.1_hw_0.9_seed_2,inputs/task_graph_topology/soda-benchmark-graphs/pytorch-graphs/rez_net_tosa.dot,362,0.9,0.5,1.0,0.1,42,14476.759981256146,27985.767379952402,1.9331513001657215,27985.767379952402,None,17604.860229538426,0.0,18496.710503963615,1.277683026306461,18496.710503963615,optimize_random_heur,18496.71050396363,0.2855033874511719,18496.710503963615,1.277683026306461,18496.710503963615,optimize_swarm_heur,18496.71050396363,69.18400764465332,18496.710503963615,1.277683026306461,18496.710503963615,optimize_random_heur,18496.71050396363,369.28024101257324,18496.710503963615,1.277683026306461,18496.710503963615,optimize_single_point_heur,18496.71050396363,0.13445639610290527,18496.710503963615,1.277683026306461,18496.710503963615,optimize_single_point_heur,18496.71050396363,0.12958860397338867,18496.710503963615,1.277683026306461,18496.710503963615,optimize_single_point_heur,18496.71050396363,1.460463523864746,18496.710503963615,1.277683026306461,18496.710503963615,optimize_single_point_heur,18496.71050396363,7.729842185974121,18496.710503963615,1.277683026306461,18496.710503963615,optimize_single_point_heur,18496.71050396363,5.79006552696228,18496.710503963615,1.277683026306461,18496.710503963615,optimize_single_point_heur,18496.71050396363,3.615593194961548
2026-03-12 11:44:20,config_resnet_ed_area_0.1_hw_0.9_seed_1,inputs/task_graph_topology/soda-benchmark-graphs/pytorch-graphs/rez_net_tosa.dot,362,0.9,0.5,1.0,0.1,42,14476.759981256146,27985.767379952402,1.9331513001657215,27985.767379952402,None,17604.860229538426,0.0,18496.710503963615,1.277683026306461,18496.710503963615,optimize_random_heur,18496.71050396363,0.28531670570373535,18496.710503963615,1.277683026306461,18496.710503963615,optimize_swarm_heur,18496.71050396363,70.57648706436157,18496.710503963615,1.277683026306461,18496.710503963615,optimize_random_heur,18496.71050396363,372.8853223323822,18496.710503963615,1.277683026306461,18496.710503963615,optimize_single_point_heur,18496.71050396363,0.3548407554626465,18496.710503963615,1.277683026306461,18496.710503963615,optimize_single_point_heur,18496.71050396363,0.3458099365234375,18496.710503963615,1.277683026306461,18496.710503963615,optimize_single_point_heur,18496.71050396363,2.236018657684326,18496.710503963615,1.277683026306461,18496.710503963615,optimize_single_point_heur,18496.71050396363,6.273124694824219,18496.710503963615,1.277683026306461,18496.710503963615,optimize_single_point_heur,18496.71050396363,5.631215572357178,18496.710503963615,1.277683026306461,18496.710503963615,optimize_single_point_heur,18496.71050396363,3.4060003757476807
2026-03-12 11:45:42,config_resnet_ed_area_0.3_hw_0.1_seed_2,inputs/task_graph_topology/soda-benchmark-graphs/pytorch-graphs/rez_net_tosa.dot,362,0.1,0.5,1.0,0.3,42,1876.8712304770884,31378.775410438444,16.718661835134082,31378.775410438444,None,14289.160633129684,0.0,18496.710503963615,9.855077004543286,18496.710503963615,optimize_random_heur,18496.71050396363,0.27742719650268555,13158.715481910742,7.010984700621088,29828.458243760993,optimize_swarm_heur,16679.141485275188,103.98050212860107,18496.710503963615,9.855077004543286,18496.710503963615,optimize_random_heur,18496.71050396363,350.1467659473419,18496.710503963615,9.855077004543286,18496.710503963615,optimize_single_point_heur,18496.71050396363,0.13771343231201172,18496.710503963615,9.855077004543286,18496.710503963615,optimize_single_point_heur,18496.71050396363,0.12928366661071777,18496.710503963615,9.855077004543286,18496.710503963615,optimize_single_point_heur,18496.71050396363,1.4554386138916016,18496.710503963615,9.855077004543286,18496.710503963615,optimize_single_point_heur,18496.71050396363,5.360410928726196,18496.710503963615,9.855077004543286,18496.710503963615,optimize_single_point_heur,18496.71050396363,5.302242040634155,18496.710503963615,9.855077004543286,18496.710503963615,optimize_single_point_heur,18496.71050396363,3.283963441848755
2026-03-12 11:45:49,config_resnet_ed_area_0.3_hw_0.1_seed_0,inputs/task_graph_topology/soda-benchmark-graphs/pytorch-graphs/rez_net_tosa.dot,362,0.1,0.5,1.0,0.3,42,1876.8712304770884,31378.775410438444,16.718661835134082,31378.775410438444,None,14289.160633129684,0.0,18496.710503963615,9.855077004543286,18496.710503963615,optimize_random_heur,18496.71050396363,0.27268099784851074,13158.715481910742,7.010984700621088,29828.458243760993,optimize_swarm_heur,16679.141485275188,104.27836155891418,18496.710503963615,9.855077004543286,18496.710503963615,optimize_random_heur,18496.71050396363,355.9457550048828,18496.710503963615,9.855077004543286,18496.710503963615,optimize_single_point_heur,18496.71050396363,0.14244556427001953,18496.710503963615,9.855077004543286,18496.710503963615,optimize_single_point_heur,18496.71050396363,0.13725876808166504,18496.710503963615,9.855077004543286,18496.710503963615,optimize_single_point_heur,18496.71050396363,1.5188777446746826,18496.710503963615,9.855077004543286,18496.710503963615,optimize_single_point_heur,18496.71050396363,5.483275890350342,18496.710503963615,9.855077004543286,18496.710503963615,optimize_single_point_heur,18496.71050396363,5.348718881607056,18496.710503963615,9.855077004543286,18496.710503963615,optimize_single_point_heur,18496.71050396363,3.2751893997192383
2026-03-12 11:46:24,config_resnet_ed_area_0.3_hw_0.1_seed_3,inputs/task_graph_topology/soda-benchmark-graphs/pytorch-graphs/rez_net_tosa.dot,362,0.1,0.5,1.0,0.3,42,1876.8712304770884,31378.775410438444,16.718661835134082,31378.775410438444,None,14289.160633129684,0.0,18496.710503963615,9.855077004543286,18496.710503963615,optimize_random_heur,18496.71050396363,0.2799856662750244,13158.715481910742,7.010984700621088,29828.458243760993,optimize_swarm_heur,16679.141485275188,104.50921201705933,18496.710503963615,9.855077004543286,18496.710503963615,optimize_random_heur,18496.71050396363,358.58317732810974,18496.710503963615,9.855077004543286,18496.710503963615,optimize_single_point_heur,18496.71050396363,0.1419517993927002,18496.710503963615,9.855077004543286,18496.710503963615,optimize_single_point_heur,18496.71050396363,0.13819670677185059,18496.710503963615,9.855077004543286,18496.710503963615,optimize_single_point_heur,18496.71050396363,1.5077402591705322,18496.710503963615,9.855077004543286,18496.710503963615,optimize_single_point_heur,18496.71050396363,5.555857419967651,18496.710503963615,9.855077004543286,18496.710503963615,optimize_single_point_heur,18496.71050396363,5.444159030914307,18496.710503963615,9.855077004543286,18496.710503963615,optimize_single_point_heur,18496.71050396363,3.2704055309295654
2026-03-12 11:46:27,config_resnet_ed_area_0.3_hw_0.1_seed_1,inputs/task_graph_topology/soda-benchmark-graphs/pytorch-graphs/rez_net_tosa.dot,362,0.1,0.5,1.0,0.3,42,1876.8712304770884,31378.775410438444,16.718661835134082,31378.775410438444,None,14289.160633129684,0.0,18496.710503963615,9.855077004543286,18496.710503963615,optimize_random_heur,18496.71050396363,0.3112518787384033,13158.715481910742,7.010984700621088,29828.458243760993,optimize_swarm_heur,16679.141485275188,111.60616683959961,18496.710503963615,9.855077004543286,18496.710503963615,optimize_random_heur,18496.71050396363,385.5593180656433,18496.710503963615,9.855077004543286,18496.710503963615,optimize_single_point_heur,18496.71050396363,0.15084266662597656,18496.710503963615,9.855077004543286,18496.710503963615,optimize_single_point_heur,18496.71050396363,0.14086031913757324,18496.710503963615,9.855077004543286,18496.710503963615,optimize_single_point_heur,18496.71050396363,1.6094374656677246,18496.710503963615,9.855077004543286,18496.710503963615,optimize_single_point_heur,18496.71050396363,5.819612264633179,18496.710503963615,9.855077004543286,18496.710503963615,optimize_single_point_heur,18496.71050396363,5.810020685195923,18496.710503963615,9.855077004543286,18496.710503963615,optimize_single_point_heur,18496.71050396363,3.4734861850738525
2026-03-12 11:47:02,config_resnet_ed_area_0.3_hw_0.3_seed_1,inputs/task_graph_topology/soda-benchmark-graphs/pytorch-graphs/rez_net_tosa.dot,362,0.3,0.5,1.0,0.3,42,5629.515000900963,35167.262427798014,6.246943550584686,35167.262427798014,None,15932.151430781709,0.0,18496.710503963615,3.285666793854062,18496.710503963615,optimize_random_heur,18496.71050396363,0.2827131748199463,12852.608692147936,2.2830756628396887,31608.331704346605,optimize_swarm_heur,16323.079251642917,102.44265270233154,18496.710503963615,3.285666793854062,18496.710503963615,optimize_random_heur,18496.71050396363,339.6310317516327,18496.710503963615,3.285666793854062,18496.710503963615,optimize_single_point_heur,18496.71050396363,0.13944673538208008,18496.710503963615,3.285666793854062,18496.710503963615,optimize_single_point_heur,18496.71050396363,0.13404440879821777,18496.710503963615,3.285666793854062,18496.710503963615,optimize_single_point_heur,18496.71050396363,1.4886987209320068,18496.710503963615,3.285666793854062,18496.710503963615,optimize_single_point_heur,18496.71050396363,5.37625789642334,18496.710503963615,3.285666793854062,18496.710503963615,optimize_single_point_heur,18496.71050396363,5.2781617641448975,18496.710503963615,3.285666793854062,18496.710503963615,optimize_single_point_heur,18496.71050396363,3.2667102813720703
2026-03-12 11:47:20,config_resnet_ed_area_0.3_hw_0.3_seed_2,inputs/task_graph_topology/soda-benchmark-graphs/pytorch-graphs/rez_net_tosa.dot,362,0.3,0.5,1.0,0.3,42,5629.515000900963,35167.262427798014,6.246943550584686,35167.262427798014,None,15932.151430781709,0.0,18496.710503963615,3.285666793854062,18496.710503963615,optimize_random_heur,18496.71050396363,0.2772200107574463,12852.608692147936,2.2830756628396887,31608.331704346605,optimize_swarm_heur,16323.079251642917,104.36693811416626,18496.710503963615,3.285666793854062,18496.710503963615,optimize_random_heur,18496.71050396363,355.1379635334015,18496.710503963615,3.285666793854062,18496.710503963615,optimize_single_point_heur,18496.71050396363,0.14389657974243164,18496.710503963615,3.285666793854062,18496.710503963615,optimize_single_point_heur,18496.71050396363,0.13276934623718262,18496.710503963615,3.285666793854062,18496.710503963615,optimize_single_point_heur,18496.71050396363,1.4413409233093262,18496.710503963615,3.285666793854062,18496.710503963615,optimize_single_point_heur,18496.71050396363,5.319703817367554,18496.710503963615,3.285666793854062,18496.710503963615,optimize_single_point_heur,18496.71050396363,5.217931032180786,18496.710503963615,3.285666793854062,18496.710503963615,optimize_single_point_heur,18496.71050396363,3.3361587524414062
2026-03-12 11:48:01,config_resnet_ed_area_0.3_hw_0.3_seed_0,inputs/task_graph_topology/soda-benchmark-graphs/pytorch-graphs/rez_net_tosa.dot,362,0.3,0.5,1.0,0.3,42,5629.515000900963,35167.262427798014,6.246943550584686,35167.262427798014,None,15932.151430781709,0.0,18496.710503963615,3.285666793854062,18496.710503963615,optimize_random_heur,18496.71050396363,0.2969391345977783,12852.608692147936,2.2830756628396887,31608.331704346605,optimize_swarm_heur,16323.079251642917,117.47671556472778,18496.710503963615,3.285666793854062,18496.710503963615,optimize_random_heur,18496.71050396363,386.6168212890625,18496.710503963615,3.285666793854062,18496.710503963615,optimize_single_point_heur,18496.71050396363,0.15351223945617676,18496.710503963615,3.285666793854062,18496.710503963615,optimize_single_point_heur,18496.71050396363,0.13929128646850586,18496.710503963615,3.285666793854062,18496.710503963615,optimize_single_point_heur,18496.71050396363,1.615067481994629,18496.710503963615,3.285666793854062,18496.710503963615,optimize_single_point_heur,18496.71050396363,6.222145318984985,18496.710503963615,3.285666793854062,18496.710503963615,optimize_single_point_heur,18496.71050396363,6.012913465499878,18496.710503963615,3.285666793854062,18496.710503963615,optimize_single_point_heur,18496.71050396363,3.4565646648406982
2026-03-12 11:48:37,config_resnet_ed_area_0.3_hw_0.5_seed_0,inputs/task_graph_topology/soda-benchmark-graphs/pytorch-graphs/rez_net_tosa.dot,362,0.5,0.5,1.0,0.3,42,9311.942737816993,34761.444632615894,3.732995961352427,34761.444632615894,None,16006.478586912192,0.0,18496.710503963615,1.986342809953728,18496.710503963615,optimize_random_heur,18496.71050396363,0.287264347076416,12924.566936957235,1.387956015286575,34408.48996920786,optimize_swarm_heur,17040.080772033532,110.07607889175415,18496.710503963615,1.986342809953728,18496.710503963615,optimize_random_heur,18496.71050396363,395.44320845603943,18496.710503963615,1.986342809953728,18496.710503963615,optimize_single_point_heur,18496.71050396363,0.15784955024719238,18496.710503963615,1.986342809953728,18496.710503963615,optimize_single_point_heur,18496.71050396363,0.14946913719177246,18496.710503963615,1.986342809953728,18496.710503963615,optimize_single_point_heur,18496.71050396363,1.6529529094696045,18496.710503963615,1.986342809953728,18496.710503963615,optimize_single_point_heur,18496.71050396363,6.199444055557251,18496.710503963615,1.986342809953728,18496.710503963615,optimize_single_point_heur,18496.71050396363,6.148425579071045,18496.710503963615,1.986342809953728,18496.710503963615,optimize_single_point_heur,18496.71050396363,3.60235333442688
2026-03-12 11:48:37,config_resnet_ed_area_0.3_hw_0.3_seed_3,inputs/task_graph_topology/soda-benchmark-graphs/pytorch-graphs/rez_net_tosa.dot,362,0.3,0.5,1.0,0.3,42,5629.515000900963,35167.262427798014,6.246943550584686,35167.262427798014,None,15932.151430781709,0.0,18496.710503963615,3.285666793854062,18496.710503963615,optimize_random_heur,18496.71050396363,0.3118314743041992,12852.608692147936,2.2830756628396887,31608.331704346605,optimize_swarm_heur,16323.079251642917,115.65937852859497,18496.710503963615,3.285666793854062,18496.710503963615,optimize_random_heur,18496.71050396363,391.71729278564453,18496.710503963615,3.285666793854062,18496.710503963615,optimize_single_point_heur,18496.71050396363,0.1497182846069336,18496.710503963615,3.285666793854062,18496.710503963615,optimize_single_point_heur,18496.71050396363,0.15049052238464355,18496.710503963615,3.285666793854062,18496.710503963615,optimize_single_point_heur,18496.71050396363,1.5608646869659424,18496.710503963615,3.285666793854062,18496.710503963615,optimize_single_point_heur,18496.71050396363,5.8664023876190186,18496.710503963615,3.285666793854062,18496.710503963615,optimize_single_point_heur,18496.71050396363,5.715036392211914,18496.710503963615,3.285666793854062,18496.710503963615,optimize_single_point_heur,18496.71050396363,3.4714856147766113
2026-03-12 11:48:58,config_resnet_ed_area_0.3_hw_0.5_seed_1,inputs/task_graph_topology/soda-benchmark-graphs/pytorch-graphs/rez_net_tosa.dot,362,0.5,0.5,1.0,0.3,42,9311.942737816993,34761.444632615894,3.732995961352427,34761.444632615894,None,16006.478586912192,0.0,18496.710503963615,1.986342809953728,18496.710503963615,optimize_random_heur,18496.71050396363,0.29345083236694336,12924.566936957235,1.387956015286575,34408.48996920786,optimize_swarm_heur,17040.080772033532,113.3432924747467,18496.710503963615,1.986342809953728,18496.710503963615,optimize_random_heur,18496.71050396363,413.1700551509857,18496.710503963615,1.986342809953728,18496.710503963615,optimize_single_point_heur,18496.71050396363,0.15704655647277832,18496.710503963615,1.986342809953728,18496.710503963615,optimize_single_point_heur,18496.71050396363,0.15591168403625488,18496.710503963615,1.986342809953728,18496.710503963615,optimize_single_point_heur,18496.71050396363,1.7058019638061523,18496.710503963615,1.986342809953728,18496.710503963615,optimize_single_point_heur,18496.71050396363,6.073073625564575,18496.710503963615,1.986342809953728,18496.710503963615,optimize_single_point_heur,18496.71050396363,5.91831636428833,18496.710503963615,1.986342809953728,18496.710503963615,optimize_single_point_heur,18496.71050396363,3.652682065963745
2026-03-12 11:52:19,config_resnet_ed_area_0.3_hw_0.7_seed_0,inputs/task_graph_topology/soda-benchmark-graphs/pytorch-graphs/rez_net_tosa.dot,362,0.7,0.5,1.0,0.3,42,12459.889958209249,35710.06410167901,2.8660015635331746,35710.06410167901,None,17380.287117038904,0.0,18496.710503963615,1.4845003098744851,18496.710503963615,optimize_random_heur,18496.71050396363,0.26988840103149414,12365.861825629116,0.9924535342691223,34673.169248705526,optimize_swarm_heur,17022.984659390688,106.87137079238892,18496.710503963615,1.4845003098744851,18496.710503963615,optimize_random_heur,18496.71050396363,348.1428918838501,18496.710503963615,1.4845003098744851,18496.710503963615,optimize_single_point_heur,18496.71050396363,0.13358616828918457,18496.710503963615,1.4845003098744851,18496.710503963615,optimize_single_point_heur,18496.71050396363,0.12792062759399414,18496.710503963615,1.4845003098744851,18496.710503963615,optimize_single_point_heur,18496.71050396363,1.4425618648529053,18496.710503963615,1.4845003098744851,18496.710503963615,optimize_single_point_heur,18496.71050396363,5.249208211898804,18496.710503963615,1.4845003098744851,18496.710503963615,optimize_single_point_heur,18496.71050396363,5.151203632354736,18496.710503963615,1.4845003098744851,18496.710503963615,optimize_single_point_heur,18496.71050396363,3.2143962383270264
2026-03-12 11:52:54,config_resnet_ed_area_0.3_hw_0.5_seed_2,inputs/task_graph_topology/soda-benchmark-graphs/pytorch-graphs/rez_net_tosa.dot,362,0.5,0.5,1.0,0.3,42,9311.942737816993,34761.444632615894,3.732995961352427,34761.444632615894,None,16006.478586912192,0.0,18496.710503963615,1.986342809953728,18496.710503963615,optimize_random_heur,18496.71050396363,0.33165645599365234,12924.566936957235,1.387956015286575,34408.48996920786,optimize_swarm_heur,17040.080772033532,115.20676016807556,18496.710503963615,1.986342809953728,18496.710503963615,optimize_random_heur,18496.71050396363,407.25403594970703,18496.710503963615,1.986342809953728,18496.710503963615,optimize_single_point_heur,18496.71050396363,0.15212416648864746,18496.710503963615,1.986342809953728,18496.710503963615,optimize_single_point_heur,18496.71050396363,0.14595723152160645,18496.710503963615,1.986342809953728,18496.710503963615,optimize_single_point_heur,18496.71050396363,1.6329350471496582,18496.710503963615,1.986342809953728,18496.710503963615,optimize_single_point_heur,18496.71050396363,6.2383503913879395,18496.710503963615,1.986342809953728,18496.710503963615,optimize_single_point_heur,18496.71050396363,6.449759483337402,18496.710503963615,1.986342809953728,18496.710503963615,optimize_single_point_heur,18496.71050396363,3.495262384414673
2026-03-12 11:52:59,config_resnet_ed_area_0.3_hw_0.5_seed_3,inputs/task_graph_topology/soda-benchmark-graphs/pytorch-graphs/rez_net_tosa.dot,362,0.5,0.5,1.0,0.3,42,9311.942737816993,34761.444632615894,3.732995961352427,34761.444632615894,None,16006.478586912192,0.0,18496.710503963615,1.986342809953728,18496.710503963615,optimize_random_heur,18496.71050396363,0.32705235481262207,12924.566936957235,1.387956015286575,34408.48996920786,optimize_swarm_heur,17040.080772033532,119.29680252075195,18496.710503963615,1.986342809953728,18496.710503963615,optimize_random_heur,18496.71050396363,408.04525804519653,18496.710503963615,1.986342809953728,18496.710503963615,optimize_single_point_heur,18496.71050396363,0.15249943733215332,18496.710503963615,1.986342809953728,18496.710503963615,optimize_single_point_heur,18496.71050396363,0.1491990089416504,18496.710503963615,1.986342809953728,18496.710503963615,optimize_single_point_heur,18496.71050396363,1.6514921188354492,18496.710503963615,1.986342809953728,18496.710503963615,optimize_single_point_heur,18496.71050396363,6.279921054840088,18496.710503963615,1.986342809953728,18496.710503963615,optimize_single_point_heur,18496.71050396363,6.1181581020355225,18496.710503963615,1.986342809953728,18496.710503963615,optimize_single_point_heur,18496.71050396363,3.4722700119018555
2026-03-12 11:53:16,config_resnet_ed_area_0.3_hw_0.7_seed_2,inputs/task_graph_topology/soda-benchmark-graphs/pytorch-graphs/rez_net_tosa.dot,362,0.7,0.5,1.0,0.3,42,12459.889958209249,35710.06410167901,2.8660015635331746,35710.06410167901,None,17380.287117038904,0.0,18496.710503963615,1.4845003098744851,18496.710503963615,optimize_random_heur,18496.71050396363,0.2862582206726074,12365.861825629116,0.9924535342691223,34673.169248705526,optimize_swarm_heur,17022.984659390688,108.57391262054443,18496.710503963615,1.4845003098744851,18496.710503963615,optimize_random_heur,18496.71050396363,373.2701745033264,18496.710503963615,1.4845003098744851,18496.710503963615,optimize_single_point_heur,18496.71050396363,0.1360914707183838,18496.710503963615,1.4845003098744851,18496.710503963615,optimize_single_point_heur,18496.71050396363,0.13142752647399902,18496.710503963615,1.4845003098744851,18496.710503963615,optimize_single_point_heur,18496.71050396363,1.4525423049926758,18496.710503963615,1.4845003098744851,18496.710503963615,optimize_single_point_heur,18496.71050396363,5.603550910949707,18496.710503963615,1.4845003098744851,18496.710503963615,optimize_single_point_heur,18496.71050396363,5.427134275436401,18496.710503963615,1.4845003098744851,18496.710503963615,optimize_single_point_heur,18496.71050396363,3.307363510131836
2026-03-12 11:53:33,config_resnet_ed_area_0.3_hw_0.7_seed_1,inputs/task_graph_topology/soda-benchmark-graphs/pytorch-graphs/rez_net_tosa.dot,362,0.7,0.5,1.0,0.3,42,12459.889958209249,35710.06410167901,2.8660015635331746,35710.06410167901,None,17380.287117038904,0.0,18496.710503963615,1.4845003098744851,18496.710503963615,optimize_random_heur,18496.71050396363,0.3014674186706543,12365.861825629116,0.9924535342691223,34673.169248705526,optimize_swarm_heur,17022.984659390688,110.09740734100342,18496.710503963615,1.4845003098744851,18496.710503963615,optimize_random_heur,18496.71050396363,389.8163228034973,18496.710503963615,1.4845003098744851,18496.710503963615,optimize_single_point_heur,18496.71050396363,0.14252042770385742,18496.710503963615,1.4845003098744851,18496.710503963615,optimize_single_point_heur,18496.71050396363,0.1355152130126953,18496.710503963615,1.4845003098744851,18496.710503963615,optimize_single_point_heur,18496.71050396363,1.5301356315612793,18496.710503963615,1.4845003098744851,18496.710503963615,optimize_single_point_heur,18496.71050396363,5.481342792510986,18496.710503963615,1.4845003098744851,18496.710503963615,optimize_single_point_heur,18496.71050396363,5.316537857055664,18496.710503963615,1.4845003098744851,18496.710503963615,optimize_single_point_heur,18496.71050396363,3.377765655517578
2026-03-12 11:54:16,config_resnet_ed_area_0.3_hw_0.9_seed_0,inputs/task_graph_topology/soda-benchmark-graphs/pytorch-graphs/rez_net_tosa.dot,362,0.9,0.5,1.0,0.3,42,14476.759981256146,35670.03868636114,2.4639517911842908,35670.03868636114,None,18482.907632920924,0.0,18496.710503963615,1.277683026306461,18496.710503963615,optimize_random_heur,18496.71050396363,0.2765493392944336,13269.44761622596,0.9166034135681355,36286.69379770094,optimize_swarm_heur,18840.802283660778,107.15855264663696,18496.710503963615,1.277683026306461,18496.710503963615,optimize_random_heur,18496.71050396363,358.14342069625854,18496.710503963615,1.277683026306461,18496.710503963615,optimize_single_point_heur,18496.71050396363,0.14250969886779785,18496.710503963615,1.277683026306461,18496.710503963615,optimize_single_point_heur,18496.71050396363,0.1362776756286621,18496.710503963615,1.277683026306461,18496.710503963615,optimize_single_point_heur,18496.71050396363,1.5088579654693604,18496.710503963615,1.277683026306461,18496.710503963615,optimize_single_point_heur,18496.71050396363,5.531209945678711,18496.710503963615,1.277683026306461,18496.710503963615,optimize_single_point_heur,18496.71050396363,5.472602128982544,18496.710503963615,1.277683026306461,18496.710503963615,optimize_single_point_heur,18496.71050396363,3.305445671081543
2026-03-12 11:54:24,config_resnet_ed_area_0.3_hw_0.7_seed_3,inputs/task_graph_topology/soda-benchmark-graphs/pytorch-graphs/rez_net_tosa.dot,362,0.7,0.5,1.0,0.3,42,12459.889958209249,35710.06410167901,2.8660015635331746,35710.06410167901,None,17380.287117038904,0.0,18496.710503963615,1.4845003098744851,18496.710503963615,optimize_random_heur,18496.71050396363,0.28435420989990234,12365.861825629116,0.9924535342691223,34673.169248705526,optimize_swarm_heur,17022.984659390688,107.52429556846619,18496.710503963615,1.4845003098744851,18496.710503963615,optimize_random_heur,18496.71050396363,367.92901277542114,18496.710503963615,1.4845003098744851,18496.710503963615,optimize_single_point_heur,18496.71050396363,0.13298535346984863,18496.710503963615,1.4845003098744851,18496.710503963615,optimize_single_point_heur,18496.71050396363,0.12437605857849121,18496.710503963615,1.4845003098744851,18496.710503963615,optimize_single_point_heur,18496.71050396363,1.3684098720550537,18496.710503963615,1.4845003098744851,18496.710503963615,optimize_single_point_heur,18496.71050396363,5.071821689605713,18496.710503963615,1.4845003098744851,18496.710503963615,optimize_single_point_heur,18496.71050396363,5.000624179840088,18496.710503963615,1.4845003098744851,18496.710503963615,optimize_single_point_heur,18496.71050396363,3.124173879623413
2026-03-12 11:54:49,config_resnet_ed_area_0.3_hw_0.9_seed_2,inputs/task_graph_topology/soda-benchmark-graphs/pytorch-graphs/rez_net_tosa.dot,362,0.9,0.5,1.0,0.3,42,14476.759981256146,35670.03868636114,2.4639517911842908,35670.03868636114,None,18482.907632920924,0.0,18496.710503963615,1.277683026306461,18496.710503963615,optimize_random_heur,18496.71050396363,0.2797219753265381,13269.44761622596,0.9166034135681355,36286.69379770094,optimize_swarm_heur,18840.802283660778,107.20328330993652,18496.710503963615,1.277683026306461,18496.710503963615,optimize_random_heur,18496.71050396363,353.7883322238922,18496.710503963615,1.277683026306461,18496.710503963615,optimize_single_point_heur,18496.71050396363,0.13942408561706543,18496.710503963615,1.277683026306461,18496.710503963615,optimize_single_point_heur,18496.71050396363,0.13631439208984375,18496.710503963615,1.277683026306461,18496.710503963615,optimize_single_point_heur,18496.71050396363,1.4853978157043457,18496.710503963615,1.277683026306461,18496.710503963615,optimize_single_point_heur,18496.71050396363,5.394967317581177,18496.710503963615,1.277683026306461,18496.710503963615,optimize_single_point_heur,18496.71050396363,5.276073455810547,18496.710503963615,1.277683026306461,18496.710503963615,optimize_single_point_heur,18496.71050396363,3.220501184463501
2026-03-12 11:55:24,config_resnet_ed_area_0.3_hw_0.9_seed_1,inputs/task_graph_topology/soda-benchmark-graphs/pytorch-graphs/rez_net_tosa.dot,362,0.9,0.5,1.0,0.3,42,14476.759981256146,35670.03868636114,2.4639517911842908,35670.03868636114,None,18482.907632920924,0.0,18496.710503963615,1.277683026306461,18496.710503963615,optimize_random_heur,18496.71050396363,0.30491137504577637,13269.44761622596,0.9166034135681355,36286.69379770094,optimize_swarm_heur,18840.802283660778,118.55492544174194,18496.710503963615,1.277683026306461,18496.710503963615,optimize_random_heur,18496.71050396363,375.55032873153687,18496.710503963615,1.277683026306461,18496.710503963615,optimize_single_point_heur,18496.71050396363,0.15442585945129395,18496.710503963615,1.277683026306461,18496.710503963615,optimize_single_point_heur,18496.71050396363,0.1399524211883545,18496.710503963615,1.277683026306461,18496.710503963615,optimize_single_point_heur,18496.71050396363,1.6186339855194092,18496.710503963615,1.277683026306461,18496.710503963615,optimize_single_point_heur,18496.71050396363,5.875982046127319,18496.710503963615,1.277683026306461,18496.710503963615,optimize_single_point_heur,18496.71050396363,5.690377712249756,18496.710503963615,1.277683026306461,18496.710503963615,optimize_single_point_heur,18496.71050396363,3.4455087184906006
2026-03-12 11:55:48,config_resnet_ed_area_0.3_hw_0.9_seed_3,inputs/task_graph_topology/soda-benchmark-graphs/pytorch-graphs/rez_net_tosa.dot,362,0.9,0.5,1.0,0.3,42,14476.759981256146,35670.03868636114,2.4639517911842908,35670.03868636114,None,18482.907632920924,0.0,18496.710503963615,1.277683026306461,18496.710503963615,optimize_random_heur,18496.71050396363,0.29071640968322754,13269.44761622596,0.9166034135681355,36286.69379770094,optimize_swarm_heur,18840.802283660778,107.62893486022949,18496.710503963615,1.277683026306461,18496.710503963615,optimize_random_heur,18496.71050396363,370.9562361240387,18496.710503963615,1.277683026306461,18496.710503963615,optimize_single_point_heur,18496.71050396363,0.13543009757995605,18496.710503963615,1.277683026306461,18496.710503963615,optimize_single_point_heur,18496.71050396363,0.1303086280822754,18496.710503963615,1.277683026306461,18496.710503963615,optimize_single_point_heur,18496.71050396363,1.461578130722046,18496.710503963615,1.277683026306461,18496.710503963615,optimize_single_point_heur,18496.71050396363,5.294344902038574,18496.710503963615,1.277683026306461,18496.710503963615,optimize_single_point_heur,18496.71050396363,5.240792512893677,18496.710503963615,1.277683026306461,18496.710503963615,optimize_single_point_heur,18496.71050396363,3.158600330352783
2026-03-12 12:13:18,config_resnet_ed_area_0.5_hw_0.1_seed_3,inputs/task_graph_topology/soda-benchmark-graphs/pytorch-graphs/rez_net_tosa.dot,362,0.1,0.5,1.0,0.5,42,1876.8712304770884,27091.396431290876,14.434339442884646,27091.396431290876,None,11726.626114450048,0.0,11287.787065616134,6.014151041543139,29624.378195723788,optimize_random_heur,14778.99623799239,0.7314763069152832,10119.35855131966,5.391610456273756,31060.832064754257,optimize_swarm_heur,14095.164659005573,583.394278049469,10508.11858063943,5.598742423031513,32501.21899127759,optimize_random_heur,14578.542408935653,844.6347618103027,11198.191943928752,5.966414617097756,32854.65477063424,optimize_single_point_heur,14774.387728132097,1.070169448852539,11265.894807868835,6.002486811524688,31642.62003955988,optimize_single_point_heur,15572.37907082771,1.0356073379516602,10619.04058271612,5.657841843532776,32419.265360837668,optimize_single_point_heur,14277.458664053183,20.473430633544922,9973.92485034439,5.314123147281172,29893.807122441693,optimize_single_point_heur,13729.510625856572,18.06035327911377,9461.158866862912,5.040920609379231,30267.356406255745,optimize_single_point_heur,13064.858102692739,17.788809061050415,7354.32991717569,3.9183987679891428,26478.036436219267,optimize_single_point_heur,9804.352640892384,14.937259674072266
2026-03-12 12:14:23,config_resnet_ed_area_0.5_hw_0.3_seed_0,inputs/task_graph_topology/soda-benchmark-graphs/pytorch-graphs/rez_net_tosa.dot,362,0.3,0.5,1.0,0.5,42,5629.515000900963,31525.940186825334,5.600116560979025,31525.940186825334,None,12758.347233287916,0.0,11444.33368616783,2.0329164562730977,32125.85157095483,optimize_random_heur,15428.986931641797,0.7493388652801514,10317.746500269015,1.8327949208089391,33078.35243685026,optimize_swarm_heur,14395.917296737656,590.1003737449646,10832.668197717063,1.9242631374076404,32649.94263868023,optimize_random_heur,14783.220796171021,893.2792367935181,11560.20797283161,2.053499807884246,33598.72067855506,optimize_single_point_heur,15642.0963908381,1.151111364364624,11578.24224308653,2.05670332901387,34270.69684528099,optimize_single_point_heur,16093.841645795905,1.6009573936462402,10274.482391964251,1.8251096924548376,30649.362813640808,optimize_single_point_heur,14052.390221947737,22.253719568252563,10555.330524125487,1.874998205429097,32194.89275509099,optimize_single_point_heur,14980.942347311477,20.0603928565979,10521.599955167887,1.8690064692045374,34004.80354201418,optimize_single_point_heur,14583.086530727085,19.446864366531372,6964.313313861706,1.2371071598081038,25974.195344471154,optimize_single_point_heur,10175.51201935231,18.79554533958435
2026-03-12 12:14:35,config_resnet_ed_area_0.5_hw_0.1_seed_1,inputs/task_graph_topology/soda-benchmark-graphs/pytorch-graphs/rez_net_tosa.dot,362,0.1,0.5,1.0,0.5,42,1876.8712304770884,27091.396431290876,14.434339442884646,27091.396431290876,None,11726.626114450048,0.0,11287.787065616134,6.014151041543139,29624.378195723788,optimize_random_heur,14778.99623799239,0.7528872489929199,10119.35855131966,5.391610456273756,31060.832064754257,optimize_swarm_heur,14095.164659005573,594.0805978775024,10508.11858063943,5.598742423031513,32501.21899127759,optimize_random_heur,14578.542408935653,905.6455910205841,11198.191943928752,5.966414617097756,32854.65477063424,optimize_single_point_heur,14774.387728132097,1.1636765003204346,11265.894807868835,6.002486811524688,31642.62003955988,optimize_single_point_heur,15572.37907082771,1.1265547275543213,10619.04058271612,5.657841843532776,32419.265360837668,optimize_single_point_heur,14277.458664053183,22.50019407272339,9973.92485034439,5.314123147281172,29893.807122441693,optimize_single_point_heur,13729.510625856572,19.367515087127686,9461.158866862912,5.040920609379231,30267.356406255745,optimize_single_point_heur,13064.858102692739,19.15429973602295,7354.32991717569,3.9183987679891428,26478.036436219267,optimize_single_point_heur,9804.352640892384,16.335644721984863
2026-03-12 12:14:42,config_resnet_ed_area_0.5_hw_0.1_seed_2,inputs/task_graph_topology/soda-benchmark-graphs/pytorch-graphs/rez_net_tosa.dot,362,0.1,0.5,1.0,0.5,42,1876.8712304770884,27091.396431290876,14.434339442884646,27091.396431290876,None,11726.626114450048,0.0,11287.787065616134,6.014151041543139,29624.378195723788,optimize_random_heur,14778.99623799239,0.7483904361724854,10119.35855131966,5.391610456273756,31060.832064754257,optimize_swarm_heur,14095.164659005573,601.0093424320221,10508.11858063943,5.598742423031513,32501.21899127759,optimize_random_heur,14578.542408935653,905.3080997467041,11198.191943928752,5.966414617097756,32854.65477063424,optimize_single_point_heur,14774.387728132097,1.1735892295837402,11265.894807868835,6.002486811524688,31642.62003955988,optimize_single_point_heur,15572.37907082771,1.1335630416870117,10619.04058271612,5.657841843532776,32419.265360837668,optimize_single_point_heur,14277.458664053183,22.449462890625,9973.92485034439,5.314123147281172,29893.807122441693,optimize_single_point_heur,13729.510625856572,19.616989612579346,9461.158866862912,5.040920609379231,30267.356406255745,optimize_single_point_heur,13064.858102692739,19.39172124862671,7354.32991717569,3.9183987679891428,26478.036436219267,optimize_single_point_heur,9804.352640892384,16.43118929862976
2026-03-12 12:15:17,config_resnet_ed_area_0.5_hw_0.5_seed_3,inputs/task_graph_topology/soda-benchmark-graphs/pytorch-graphs/rez_net_tosa.dot,362,0.5,0.5,1.0,0.5,42,9311.942737816993,33103.829961925556,3.554986418407263,33103.829961925556,None,13322.5504469303,0.0,11923.241418040623,1.2804246926496672,34014.69079192761,optimize_random_heur,16202.761330973992,0.7544353008270264,10510.884267570647,1.1287531037840899,34746.08110424887,optimize_swarm_heur,14528.929558524227,609.470734834671,11523.090700114342,1.2374529165989814,32576.180189901967,optimize_random_heur,15421.07590640824,894.8775563240051,12120.402370003378,1.3015976054900842,33936.21668985748,optimize_single_point_heur,16268.998504541918,1.1389694213867188,12132.739123487676,1.3029224368203067,36767.91428385505,optimize_single_point_heur,16165.107602753189,1.622304916381836,10736.789724097165,1.1530128595501008,33168.63987532222,optimize_single_point_heur,14815.602864884351,21.29125738143921,11265.25591753085,1.2097643031868315,35316.35331131687,optimize_single_point_heur,14933.120413955825,20.080772638320923,10930.816397160235,1.1738491853873616,34877.55769582916,optimize_single_point_heur,15268.959010173307,20.1419837474823,8122.998862937075,0.8723205341403717,30984.175241381454,optimize_single_point_heur,11627.02786428334,19.243912935256958
2026-03-12 12:15:26,config_resnet_ed_area_0.5_hw_0.1_seed_0,inputs/task_graph_topology/soda-benchmark-graphs/pytorch-graphs/rez_net_tosa.dot,362,0.1,0.5,1.0,0.5,42,1876.8712304770884,27091.396431290876,14.434339442884646,27091.396431290876,None,11726.626114450048,0.0,11287.787065616134,6.014151041543139,29624.378195723788,optimize_random_heur,14778.99623799239,0.7961091995239258,10119.35855131966,5.391610456273756,31060.832064754257,optimize_swarm_heur,14095.164659005573,630.48393034935,10508.11858063943,5.598742423031513,32501.21899127759,optimize_random_heur,14578.542408935653,918.568211555481,11198.191943928752,5.966414617097756,32854.65477063424,optimize_single_point_heur,14774.387728132097,1.1620204448699951,11265.894807868835,6.002486811524688,31642.62003955988,optimize_single_point_heur,15572.37907082771,1.1315467357635498,10619.04058271612,5.657841843532776,32419.265360837668,optimize_single_point_heur,14277.458664053183,22.516314268112183,9973.92485034439,5.314123147281172,29893.807122441693,optimize_single_point_heur,13729.510625856572,19.48441243171692,9461.158866862912,5.040920609379231,30267.356406255745,optimize_single_point_heur,13064.858102692739,19.38396692276001,7354.32991717569,3.9183987679891428,26478.036436219267,optimize_single_point_heur,9804.352640892384,16.301716327667236
2026-03-12 12:15:36,config_resnet_ed_area_0.5_hw_0.5_seed_1,inputs/task_graph_topology/soda-benchmark-graphs/pytorch-graphs/rez_net_tosa.dot,362,0.5,0.5,1.0,0.5,42,9311.942737816993,33103.829961925556,3.554986418407263,33103.829961925556,None,13322.5504469303,0.0,11923.241418040623,1.2804246926496672,34014.69079192761,optimize_random_heur,16202.761330973992,0.7534341812133789,10510.884267570647,1.1287531037840899,34746.08110424887,optimize_swarm_heur,14528.929558524227,608.9448132514954,11523.090700114342,1.2374529165989814,32576.180189901967,optimize_random_heur,15421.07590640824,911.107346534729,12120.402370003378,1.3015976054900842,33936.21668985748,optimize_single_point_heur,16268.998504541918,1.1676697731018066,12132.739123487676,1.3029224368203067,36767.91428385505,optimize_single_point_heur,16165.107602753189,1.6778912544250488,10736.789724097165,1.1530128595501008,33168.63987532222,optimize_single_point_heur,14815.602864884351,22.66170835494995,11265.25591753085,1.2097643031868315,35316.35331131687,optimize_single_point_heur,14933.120413955825,20.781084775924683,10930.816397160235,1.1738491853873616,34877.55769582916,optimize_single_point_heur,15268.959010173307,20.945558547973633,8122.998862937075,0.8723205341403717,30984.175241381454,optimize_single_point_heur,11627.02786428334,19.91083550453186
2026-03-12 12:16:02,config_resnet_ed_area_0.5_hw_0.5_seed_2,inputs/task_graph_topology/soda-benchmark-graphs/pytorch-graphs/rez_net_tosa.dot,362,0.5,0.5,1.0,0.5,42,9311.942737816993,33103.829961925556,3.554986418407263,33103.829961925556,None,13322.5504469303,0.0,11923.241418040623,1.2804246926496672,34014.69079192761,optimize_random_heur,16202.761330973992,0.7614963054656982,10510.884267570647,1.1287531037840899,34746.08110424887,optimize_swarm_heur,14528.929558524227,628.8930428028107,11523.090700114342,1.2374529165989814,32576.180189901967,optimize_random_heur,15421.07590640824,915.6735308170319,12120.402370003378,1.3015976054900842,33936.21668985748,optimize_single_point_heur,16268.998504541918,1.1840136051177979,12132.739123487676,1.3029224368203067,36767.91428385505,optimize_single_point_heur,16165.107602753189,1.6996614933013916,10736.789724097165,1.1530128595501008,33168.63987532222,optimize_single_point_heur,14815.602864884351,22.82588267326355,11265.25591753085,1.2097643031868315,35316.35331131687,optimize_single_point_heur,14933.120413955825,21.052508115768433,10930.816397160235,1.1738491853873616,34877.55769582916,optimize_single_point_heur,15268.959010173307,20.6705539226532,8122.998862937075,0.8723205341403717,30984.175241381454,optimize_single_point_heur,11627.02786428334,20.27924370765686
2026-03-12 12:16:11,config_resnet_ed_area_0.5_hw_0.7_seed_0,inputs/task_graph_topology/soda-benchmark-graphs/pytorch-graphs/rez_net_tosa.dot,362,0.7,0.5,1.0,0.5,42,12459.889958209249,35018.604906863926,2.810506756024099,35018.604906863926,None,15652.672074748769,0.0,12735.087558132187,1.0220866798058375,35903.53001290036,optimize_random_heur,16976.535730306176,0.7736458778381348,11172.27976351908,0.8966595853567855,36396.23423514336,optimize_swarm_heur,15331.799541039982,612.2709174156189,12064.571026256937,0.9682726787091844,35790.077370763276,optimize_random_heur,16200.934618718093,936.3871450424194,12690.576527841906,1.0185143344288259,35696.28290690121,optimize_single_point_heur,16908.137683259993,1.1612775325775146,12829.158409261574,1.0296365740219906,38477.36218792958,optimize_single_point_heur,16825.274393239975,1.6654956340789795,10966.012370213455,0.8801050737200494,35745.44191338651,optimize_single_point_heur,15125.13113674292,22.20395016670227,11760.330573246478,0.9438550912320166,37185.20681688416,optimize_single_point_heur,15783.506341611126,21.51663565635681,11400.091213097083,0.9149431697497526,34511.56408520345,optimize_single_point_heur,15618.236368078768,21.021992921829224,8115.661270194015,0.6513429329965292,32275.700962117757,optimize_single_point_heur,11053.830010597005,21.36621117591858
2026-03-12 12:16:12,config_resnet_ed_area_0.5_hw_0.3_seed_1,inputs/task_graph_topology/soda-benchmark-graphs/pytorch-graphs/rez_net_tosa.dot,362,0.3,0.5,1.0,0.5,42,5629.515000900963,31525.940186825334,5.600116560979025,31525.940186825334,None,12758.347233287916,0.0,11444.33368616783,2.0329164562730977,32125.85157095483,optimize_random_heur,15428.986931641797,0.7910807132720947,10317.746500269015,1.8327949208089391,33078.35243685026,optimize_swarm_heur,14395.917296737656,638.0481922626495,10832.668197717063,1.9242631374076404,32649.94263868023,optimize_random_heur,14783.220796171021,946.5520770549774,11560.20797283161,2.053499807884246,33598.72067855506,optimize_single_point_heur,15642.0963908381,1.2203292846679688,11578.24224308653,2.05670332901387,34270.69684528099,optimize_single_point_heur,16093.841645795905,1.6815314292907715,10274.482391964251,1.8251096924548376,30649.362813640808,optimize_single_point_heur,14052.390221947737,24.033384799957275,10555.330524125487,1.874998205429097,32194.89275509099,optimize_single_point_heur,14980.942347311477,21.362156629562378,10521.599955167887,1.8690064692045374,34004.80354201418,optimize_single_point_heur,14583.086530727085,20.720497608184814,6964.313313861706,1.2371071598081038,25974.195344471154,optimize_single_point_heur,10175.51201935231,20.158894300460815
2026-03-12 12:16:27,config_resnet_ed_area_0.5_hw_0.3_seed_3,inputs/task_graph_topology/soda-benchmark-graphs/pytorch-graphs/rez_net_tosa.dot,362,0.3,0.5,1.0,0.5,42,5629.515000900963,31525.940186825334,5.600116560979025,31525.940186825334,None,12758.347233287916,0.0,11444.33368616783,2.0329164562730977,32125.85157095483,optimize_random_heur,15428.986931641797,0.7947471141815186,10317.746500269015,1.8327949208089391,33078.35243685026,optimize_swarm_heur,14395.917296737656,644.157568693161,10832.668197717063,1.9242631374076404,32649.94263868023,optimize_random_heur,14783.220796171021,955.4228508472443,11560.20797283161,2.053499807884246,33598.72067855506,optimize_single_point_heur,15642.0963908381,1.2442247867584229,11578.24224308653,2.05670332901387,34270.69684528099,optimize_single_point_heur,16093.841645795905,1.7008311748504639,10274.482391964251,1.8251096924548376,30649.362813640808,optimize_single_point_heur,14052.390221947737,24.228659868240356,10555.330524125487,1.874998205429097,32194.89275509099,optimize_single_point_heur,14980.942347311477,21.619736671447754,10521.599955167887,1.8690064692045374,34004.80354201418,optimize_single_point_heur,14583.086530727085,20.972195625305176,6964.313313861706,1.2371071598081038,25974.195344471154,optimize_single_point_heur,10175.51201935231,20.14455819129944
2026-03-12 12:16:33,config_resnet_ed_area_0.5_hw_0.3_seed_2,inputs/task_graph_topology/soda-benchmark-graphs/pytorch-graphs/rez_net_tosa.dot,362,0.3,0.5,1.0,0.5,42,5629.515000900963,31525.940186825334,5.600116560979025,31525.940186825334,None,12758.347233287916,0.0,11444.33368616783,2.0329164562730977,32125.85157095483,optimize_random_heur,15428.986931641797,0.8070230484008789,10317.746500269015,1.8327949208089391,33078.35243685026,optimize_swarm_heur,14395.917296737656,650.9367198944092,10832.668197717063,1.9242631374076404,32649.94263868023,optimize_random_heur,14783.220796171021,953.7802782058716,11560.20797283161,2.053499807884246,33598.72067855506,optimize_single_point_heur,15642.0963908381,1.2553603649139404,11578.24224308653,2.05670332901387,34270.69684528099,optimize_single_point_heur,16093.841645795905,1.712440013885498,10274.482391964251,1.8251096924548376,30649.362813640808,optimize_single_point_heur,14052.390221947737,24.167450189590454,10555.330524125487,1.874998205429097,32194.89275509099,optimize_single_point_heur,14980.942347311477,21.703202724456787,10521.599955167887,1.8690064692045374,34004.80354201418,optimize_single_point_heur,14583.086530727085,21.0670645236969,6964.313313861706,1.2371071598081038,25974.195344471154,optimize_single_point_heur,10175.51201935231,19.93092656135559
2026-03-12 12:17:33,config_resnet_ed_area_0.5_hw_0.9_seed_1,inputs/task_graph_topology/soda-benchmark-graphs/pytorch-graphs/rez_net_tosa.dot,362,0.9,0.5,1.0,0.5,42,14476.759981256146,36964.18800115859,2.5533467467180606,36964.18800115859,None,18285.066572794603,0.0,13615.994685323449,0.9405415785681895,37792.36923387313,optimize_random_heur,17750.310129638357,0.745368242263794,12390.686695533157,0.8559019222240376,37000.38119080119,optimize_swarm_heur,17001.931493861008,605.2837219238281,12981.464388087283,0.8967106179072594,37467.53960202544,optimize_random_heur,16987.919699688297,901.9988679885864,13441.165018215956,0.9284650042978517,37450.61166472266,optimize_single_point_heur,17575.81997425247,1.1451308727264404,13552.677045838636,0.9361678347493521,40186.81009200413,optimize_single_point_heur,17485.441183726765,1.6421713829040527,13158.612033752572,0.908947309397251,39934.50968883822,optimize_single_point_heur,17989.25549656856,22.002869129180908,12467.100332608667,0.8611802881826116,38339.548082080946,optimize_single_point_heur,16374.349426171473,21.11839747428894,12173.682010592014,0.8409120567277448,36237.416174173966,optimize_single_point_heur,15820.15194164865,21.22806739807129,9292.467444862337,0.6418886171279903,33401.15127668088,optimize_single_point_heur,12749.375935753518,22.242138624191284
2026-03-12 12:18:05,config_resnet_ed_area_0.5_hw_0.9_seed_3,inputs/task_graph_topology/soda-benchmark-graphs/pytorch-graphs/rez_net_tosa.dot,362,0.9,0.5,1.0,0.5,42,14476.759981256146,36964.18800115859,2.5533467467180606,36964.18800115859,None,18285.066572794603,0.0,13615.994685323449,0.9405415785681895,37792.36923387313,optimize_random_heur,17750.310129638357,0.7573223114013672,12390.686695533157,0.8559019222240376,37000.38119080119,optimize_swarm_heur,17001.931493861008,617.1699244976044,12981.464388087283,0.8967106179072594,37467.53960202544,optimize_random_heur,16987.919699688297,917.6518177986145,13441.165018215956,0.9284650042978517,37450.61166472266,optimize_single_point_heur,17575.81997425247,1.173271894454956,13552.677045838636,0.9361678347493521,40186.81009200413,optimize_single_point_heur,17485.441183726765,1.6772537231445312,13158.612033752572,0.908947309397251,39934.50968883822,optimize_single_point_heur,17989.25549656856,22.589115858078003,12467.100332608667,0.8611802881826116,38339.548082080946,optimize_single_point_heur,16374.349426171473,21.75593400001526,12173.682010592014,0.8409120567277448,36237.416174173966,optimize_single_point_heur,15820.15194164865,21.751030921936035,9292.467444862337,0.6418886171279903,33401.15127668088,optimize_single_point_heur,12749.375935753518,22.802839279174805
2026-03-12 12:18:14,config_resnet_ed_area_0.5_hw_0.9_seed_2,inputs/task_graph_topology/soda-benchmark-graphs/pytorch-graphs/rez_net_tosa.dot,362,0.9,0.5,1.0,0.5,42,14476.759981256146,36964.18800115859,2.5533467467180606,36964.18800115859,None,18285.066572794603,0.0,13615.994685323449,0.9405415785681895,37792.36923387313,optimize_random_heur,17750.310129638357,0.769019603729248,12390.686695533157,0.8559019222240376,37000.38119080119,optimize_swarm_heur,17001.931493861008,617.7110295295715,12981.464388087283,0.8967106179072594,37467.53960202544,optimize_random_heur,16987.919699688297,928.7347943782806,13441.165018215956,0.9284650042978517,37450.61166472266,optimize_single_point_heur,17575.81997425247,1.1756422519683838,13552.677045838636,0.9361678347493521,40186.81009200413,optimize_single_point_heur,17485.441183726765,1.6842474937438965,13158.612033752572,0.908947309397251,39934.50968883822,optimize_single_point_heur,17989.25549656856,22.476858139038086,12467.100332608667,0.8611802881826116,38339.548082080946,optimize_single_point_heur,16374.349426171473,21.544013261795044,12173.682010592014,0.8409120567277448,36237.416174173966,optimize_single_point_heur,15820.15194164865,21.362664461135864,9292.467444862337,0.6418886171279903,33401.15127668088,optimize_single_point_heur,12749.375935753518,22.654511213302612
2026-03-12 12:18:43,config_resnet_ed_area_0.5_hw_0.9_seed_0,inputs/task_graph_topology/soda-benchmark-graphs/pytorch-graphs/rez_net_tosa.dot,362,0.9,0.5,1.0,0.5,42,14476.759981256146,36964.18800115859,2.5533467467180606,36964.18800115859,None,18285.066572794603,0.0,13615.994685323449,0.9405415785681895,37792.36923387313,optimize_random_heur,17750.310129638357,0.7940292358398438,12390.686695533157,0.8559019222240376,37000.38119080119,optimize_swarm_heur,17001.931493861008,621.9768512248993,12981.464388087283,0.8967106179072594,37467.53960202544,optimize_random_heur,16987.919699688297,952.3634538650513,13441.165018215956,0.9284650042978517,37450.61166472266,optimize_single_point_heur,17575.81997425247,1.1768293380737305,13552.677045838636,0.9361678347493521,40186.81009200413,optimize_single_point_heur,17485.441183726765,1.693312168121338,13158.612033752572,0.908947309397251,39934.50968883822,optimize_single_point_heur,17989.25549656856,22.767236948013306,12467.100332608667,0.8611802881826116,38339.548082080946,optimize_single_point_heur,16374.349426171473,21.832560539245605,12173.682010592014,0.8409120567277448,36237.416174173966,optimize_single_point_heur,15820.15194164865,21.776939868927002,9292.467444862337,0.6418886171279903,33401.15127668088,optimize_single_point_heur,12749.375935753518,22.97470712661743
2026-03-12 12:18:54,config_resnet_ed_area_0.5_hw_0.5_seed_0,inputs/task_graph_topology/soda-benchmark-graphs/pytorch-graphs/rez_net_tosa.dot,362,0.5,0.5,1.0,0.5,42,9311.942737816993,33103.829961925556,3.554986418407263,33103.829961925556,None,13322.5504469303,0.0,11923.241418040623,1.2804246926496672,34014.69079192761,optimize_random_heur,16202.761330973992,0.8306021690368652,10510.884267570647,1.1287531037840899,34746.08110424887,optimize_swarm_heur,14528.929558524227,697.9287521839142,11523.090700114342,1.2374529165989814,32576.180189901967,optimize_random_heur,15421.07590640824,1006.5884523391724,12120.402370003378,1.3015976054900842,33936.21668985748,optimize_single_point_heur,16268.998504541918,1.2986958026885986,12132.739123487676,1.3029224368203067,36767.91428385505,optimize_single_point_heur,16165.107602753189,1.868980884552002,10736.789724097165,1.1530128595501008,33168.63987532222,optimize_single_point_heur,14815.602864884351,25.224666118621826,11265.25591753085,1.2097643031868315,35316.35331131687,optimize_single_point_heur,14933.120413955825,23.48575258255005,10930.816397160235,1.1738491853873616,34877.55769582916,optimize_single_point_heur,15268.959010173307,23.817254781723022,8122.998862937075,0.8723205341403717,30984.175241381454,optimize_single_point_heur,11627.02786428334,22.50937819480896
2026-03-12 12:21:54,config_resnet_ed_area_0.5_hw_0.7_seed_1,inputs/task_graph_topology/soda-benchmark-graphs/pytorch-graphs/rez_net_tosa.dot,362,0.7,0.5,1.0,0.5,42,12459.889958209249,35018.604906863926,2.810506756024099,35018.604906863926,None,15652.672074748769,0.0,12735.087558132187,1.0220866798058375,35903.53001290036,optimize_random_heur,16976.535730306176,0.8986468315124512,11172.27976351908,0.8966595853567855,36396.23423514336,optimize_swarm_heur,15331.799541039982,714.2338304519653,12064.571026256937,0.9682726787091844,35790.077370763276,optimize_random_heur,16200.934618718093,1035.941567659378,12690.576527841906,1.0185143344288259,35696.28290690121,optimize_single_point_heur,16908.137683259993,1.359281301498413,12829.158409261574,1.0296365740219906,38477.36218792958,optimize_single_point_heur,16825.274393239975,1.9307525157928467,10966.012370213455,0.8801050737200494,35745.44191338651,optimize_single_point_heur,15125.13113674292,26.13614249229431,11760.330573246478,0.9438550912320166,37185.20681688416,optimize_single_point_heur,15783.506341611126,24.83273482322693,11400.091213097083,0.9149431697497526,34511.56408520345,optimize_single_point_heur,15618.236368078768,24.334142684936523,8115.661270194015,0.6513429329965292,32275.700962117757,optimize_single_point_heur,11053.830010597005,24.348828315734863
2026-03-12 12:22:25,config_resnet_ed_area_0.5_hw_0.7_seed_2,inputs/task_graph_topology/soda-benchmark-graphs/pytorch-graphs/rez_net_tosa.dot,362,0.7,0.5,1.0,0.5,42,12459.889958209249,35018.604906863926,2.810506756024099,35018.604906863926,None,15652.672074748769,0.0,12735.087558132187,1.0220866798058375,35903.53001290036,optimize_random_heur,16976.535730306176,0.9118032455444336,11172.27976351908,0.8966595853567855,36396.23423514336,optimize_swarm_heur,15331.799541039982,717.2612593173981,12064.571026256937,0.9682726787091844,35790.077370763276,optimize_random_heur,16200.934618718093,1063.6127457618713,12690.576527841906,1.0185143344288259,35696.28290690121,optimize_single_point_heur,16908.137683259993,1.3432555198669434,12829.158409261574,1.0296365740219906,38477.36218792958,optimize_single_point_heur,16825.274393239975,1.9388458728790283,10966.012370213455,0.8801050737200494,35745.44191338651,optimize_single_point_heur,15125.13113674292,25.835570335388184,11760.330573246478,0.9438550912320166,37185.20681688416,optimize_single_point_heur,15783.506341611126,25.78051781654358,11400.091213097083,0.9149431697497526,34511.56408520345,optimize_single_point_heur,15618.236368078768,24.784821033477783,8115.661270194015,0.6513429329965292,32275.700962117757,optimize_single_point_heur,11053.830010597005,25.09510326385498
2026-03-12 12:23:10,config_resnet_ed_area_0.5_hw_0.7_seed_3,inputs/task_graph_topology/soda-benchmark-graphs/pytorch-graphs/rez_net_tosa.dot,362,0.7,0.5,1.0,0.5,42,12459.889958209249,35018.604906863926,2.810506756024099,35018.604906863926,None,15652.672074748769,0.0,12735.087558132187,1.0220866798058375,35903.53001290036,optimize_random_heur,16976.535730306176,0.939765214920044,11172.27976351908,0.8966595853567855,36396.23423514336,optimize_swarm_heur,15331.799541039982,733.2819485664368,12064.571026256937,0.9682726787091844,35790.077370763276,optimize_random_heur,16200.934618718093,1089.4436757564545,12690.576527841906,1.0185143344288259,35696.28290690121,optimize_single_point_heur,16908.137683259993,1.4013726711273193,12829.158409261574,1.0296365740219906,38477.36218792958,optimize_single_point_heur,16825.274393239975,2.035482406616211,10966.012370213455,0.8801050737200494,35745.44191338651,optimize_single_point_heur,15125.13113674292,27.143065690994263,11760.330573246478,0.9438550912320166,37185.20681688416,optimize_single_point_heur,15783.506341611126,26.231589317321777,11400.091213097083,0.9149431697497526,34511.56408520345,optimize_single_point_heur,15618.236368078768,25.317521572113037,8115.661270194015,0.6513429329965292,32275.700962117757,optimize_single_point_heur,11053.830010597005,25.658234119415283
2026-03-12 12:31:55,config_resnet_ed_area_0.7_hw_0.3_seed_0,inputs/task_graph_topology/soda-benchmark-graphs/pytorch-graphs/rez_net_tosa.dot,362,0.3,0.5,1.0,0.7,42,5629.515000900963,24136.994087574298,4.287579673153255,24136.994087574298,None,9343.869573768468,0.0,11301.083321256456,2.007470149639498,34328.141897912596,optimize_random_heur,15469.804761253268,1.295060157775879,7370.478604623211,1.309256410799797,26516.281374954648,optimize_swarm_heur,10513.673753399606,1078.5264778137207,6682.465978228752,1.1870411531294032,26605.312945415284,optimize_random_heur,9305.054713503052,1267.977524280548,11208.997624034075,1.9911124887739273,33749.548453217074,optimize_single_point_heur,14515.61890283605,2.1218185424804688,11019.328396955169,1.957420558465801,32966.95521848456,optimize_single_point_heur,15215.95467285063,2.1173930168151855,11231.104454212013,1.9950394398832858,33402.15989092254,optimize_single_point_heur,15508.398099651497,22.059863805770874,8647.461472404439,1.5360935126774642,28519.42990573054,optimize_single_point_heur,11914.025759638149,26.216222524642944,8609.421862679394,1.5293363391520438,30881.190389623323,optimize_single_point_heur,12448.231541885196,26.024911165237427,4858.391928269476,0.863021401931059,24572.022097169982,optimize_single_point_heur,7137.814848948045,20.775599479675293
2026-03-12 12:32:00,config_resnet_ed_area_0.7_hw_0.1_seed_0,inputs/task_graph_topology/soda-benchmark-graphs/pytorch-graphs/rez_net_tosa.dot,362,0.1,0.5,1.0,0.7,42,1876.8712304770884,20695.777558494166,11.026743456040634,20695.777558494166,None,7879.012729836811,0.0,10361.495299118484,5.520621303617435,32021.092587986182,optimize_random_heur,14402.82623907767,1.3251910209655762,6274.815562068927,3.3432317892548813,22032.553442595578,optimize_swarm_heur,9062.083793438793,1060.6083953380585,6111.87819570897,3.256418499289038,24985.18163752004,optimize_random_heur,7650.359001063487,1291.0351059436798,10589.929130000226,5.642331214863544,31405.064773683607,optimize_single_point_heur,13852.956870465481,2.2387707233428955,10609.673972965711,5.652851298844195,31145.469293027698,optimize_single_point_heur,14153.696199238162,2.230847120285034,11157.18461663077,5.944565847383513,32045.365419254,optimize_single_point_heur,14481.482429559774,22.904693126678467,7732.086202199093,4.1196679221481,26119.782314571956,optimize_single_point_heur,10761.820601297659,27.44808316230774,7891.479925125505,4.20459315321251,27535.870923333972,optimize_single_point_heur,10741.55552390912,27.42405867576599,3871.8223028956395,2.0629131290543823,19425.103654022114,optimize_single_point_heur,5763.949429678469,21.964774131774902
2026-03-12 12:32:02,config_resnet_ed_area_0.7_hw_0.3_seed_2,inputs/task_graph_topology/soda-benchmark-graphs/pytorch-graphs/rez_net_tosa.dot,362,0.3,0.5,1.0,0.7,42,5629.515000900963,24136.994087574298,4.287579673153255,24136.994087574298,None,9343.869573768468,0.0,11301.083321256456,2.007470149639498,34328.141897912596,optimize_random_heur,15469.804761253268,1.3132855892181396,7370.478604623211,1.309256410799797,26516.281374954648,optimize_swarm_heur,10513.673753399606,1062.45920419693,6682.465978228752,1.1870411531294032,26605.312945415284,optimize_random_heur,9305.054713503052,1291.3093848228455,11208.997624034075,1.9911124887739273,33749.548453217074,optimize_single_point_heur,14515.61890283605,2.2348153591156006,11019.328396955169,1.957420558465801,32966.95521848456,optimize_single_point_heur,15215.95467285063,2.204894542694092,11231.104454212013,1.9950394398832858,33402.15989092254,optimize_single_point_heur,15508.398099651497,23.001144647598267,8647.461472404439,1.5360935126774642,28519.42990573054,optimize_single_point_heur,11914.025759638149,27.19710874557495,8609.421862679394,1.5293363391520438,30881.190389623323,optimize_single_point_heur,12448.231541885196,27.212807655334473,4858.391928269476,0.863021401931059,24572.022097169982,optimize_single_point_heur,7137.814848948045,22.02059292793274
2026-03-12 12:32:21,config_resnet_ed_area_0.7_hw_0.1_seed_1,inputs/task_graph_topology/soda-benchmark-graphs/pytorch-graphs/rez_net_tosa.dot,362,0.1,0.5,1.0,0.7,42,1876.8712304770884,20695.777558494166,11.026743456040634,20695.777558494166,None,7879.012729836811,0.0,10361.495299118484,5.520621303617435,32021.092587986182,optimize_random_heur,14402.82623907767,1.3320558071136475,6274.815562068927,3.3432317892548813,22032.553442595578,optimize_swarm_heur,9062.083793438793,1075.4506452083588,6111.87819570897,3.256418499289038,24985.18163752004,optimize_random_heur,7650.359001063487,1306.0881605148315,10589.929130000226,5.642331214863544,31405.064773683607,optimize_single_point_heur,13852.956870465481,2.19716477394104,10609.673972965711,5.652851298844195,31145.469293027698,optimize_single_point_heur,14153.696199238162,2.172468423843384,11157.18461663077,5.944565847383513,32045.365419254,optimize_single_point_heur,14481.482429559774,22.361764430999756,7732.086202199093,4.1196679221481,26119.782314571956,optimize_single_point_heur,10761.820601297659,26.576420307159424,7891.479925125505,4.20459315321251,27535.870923333972,optimize_single_point_heur,10741.55552390912,26.292145490646362,3871.8223028956395,2.0629131290543823,19425.103654022114,optimize_single_point_heur,5763.949429678469,20.743129014968872
2026-03-12 12:32:59,config_resnet_ed_area_0.7_hw_0.1_seed_3,inputs/task_graph_topology/soda-benchmark-graphs/pytorch-graphs/rez_net_tosa.dot,362,0.1,0.5,1.0,0.7,42,1876.8712304770884,20695.777558494166,11.026743456040634,20695.777558494166,None,7879.012729836811,0.0,10361.495299118484,5.520621303617435,32021.092587986182,optimize_random_heur,14402.82623907767,1.3526315689086914,6274.815562068927,3.3432317892548813,22032.553442595578,optimize_swarm_heur,9062.083793438793,1087.359257221222,6111.87819570897,3.256418499289038,24985.18163752004,optimize_random_heur,7650.359001063487,1326.937609910965,10589.929130000226,5.642331214863544,31405.064773683607,optimize_single_point_heur,13852.956870465481,2.310695171356201,10609.673972965711,5.652851298844195,31145.469293027698,optimize_single_point_heur,14153.696199238162,2.2838551998138428,11157.18461663077,5.944565847383513,32045.365419254,optimize_single_point_heur,14481.482429559774,23.541221857070923,7732.086202199093,4.1196679221481,26119.782314571956,optimize_single_point_heur,10761.820601297659,27.826240062713623,7891.479925125505,4.20459315321251,27535.870923333972,optimize_single_point_heur,10741.55552390912,27.449432611465454,3871.8223028956395,2.0629131290543823,19425.103654022114,optimize_single_point_heur,5763.949429678469,21.64167857170105
2026-03-12 12:33:00,config_resnet_ed_area_0.7_hw_0.5_seed_0,inputs/task_graph_topology/soda-benchmark-graphs/pytorch-graphs/rez_net_tosa.dot,362,0.5,0.5,1.0,0.7,42,9311.942737816993,27806.910889348575,2.9861557005093196,27806.910889348575,None,10581.937429858372,0.0,11667.643908667684,1.2529763377177876,35061.896487746824,optimize_random_heur,15950.336680658902,1.3150877952575684,8254.303368913712,0.886421190649286,30069.13489533452,optimize_swarm_heur,11045.458494332248,1062.4280960559845,7147.526348693709,0.7675655392152154,30081.353620147896,optimize_random_heur,10138.441008245723,1307.7262485027313,11740.79040885464,1.2608314655086725,35911.575182846944,optimize_single_point_heur,15168.158746774874,2.2478156089782715,11781.142188343083,1.2651648018085802,35101.67476380234,optimize_single_point_heur,16375.835172560171,2.2264628410339355,11805.51467943733,1.2677821386823636,33991.85796788638,optimize_single_point_heur,16188.041264555884,23.13486123085022,10103.079853611012,1.0849594051498095,33166.43940605141,optimize_single_point_heur,13707.046518975822,27.161638736724854,9934.937132731286,1.0669027304457352,33309.10652809677,optimize_single_point_heur,13856.88839537179,27.16734528541565,5587.612070913053,0.600047941469941,26487.388837125513,optimize_single_point_heur,8506.693217892764,22.95584201812744
2026-03-12 12:33:14,config_resnet_ed_area_0.7_hw_0.3_seed_1,inputs/task_graph_topology/soda-benchmark-graphs/pytorch-graphs/rez_net_tosa.dot,362,0.3,0.5,1.0,0.7,42,5629.515000900963,24136.994087574298,4.287579673153255,24136.994087574298,None,9343.869573768468,0.0,11301.083321256456,2.007470149639498,34328.141897912596,optimize_random_heur,15469.804761253268,1.361593246459961,7370.478604623211,1.309256410799797,26516.281374954648,optimize_swarm_heur,10513.673753399606,1092.0512940883636,6682.465978228752,1.1870411531294032,26605.312945415284,optimize_random_heur,9305.054713503052,1330.4411611557007,11208.997624034075,1.9911124887739273,33749.548453217074,optimize_single_point_heur,14515.61890283605,2.3161072731018066,11019.328396955169,1.957420558465801,32966.95521848456,optimize_single_point_heur,15215.95467285063,2.2903714179992676,11231.104454212013,1.9950394398832858,33402.15989092254,optimize_single_point_heur,15508.398099651497,23.63916540145874,8647.461472404439,1.5360935126774642,28519.42990573054,optimize_single_point_heur,11914.025759638149,28.119129180908203,8609.421862679394,1.5293363391520438,30881.190389623323,optimize_single_point_heur,12448.231541885196,27.90030860900879,4858.391928269476,0.863021401931059,24572.022097169982,optimize_single_point_heur,7137.814848948045,22.59705400466919
2026-03-12 12:33:38,config_resnet_ed_area_0.7_hw_0.7_seed_0,inputs/task_graph_topology/soda-benchmark-graphs/pytorch-graphs/rez_net_tosa.dot,362,0.7,0.5,1.0,0.7,42,12459.889958209249,30387.426351701426,2.438819801268032,30387.426351701426,None,13248.824127957305,0.0,12513.260141160124,1.0042833590930482,36926.19755227961,optimize_random_heur,16771.697112545604,1.3589370250701904,9294.533235833871,0.745956285890802,31052.109966812848,optimize_swarm_heur,11985.08624186522,1091.6671319007874,9117.785628480939,0.7317709593794325,32781.55864878944,optimize_random_heur,12093.407799586095,1303.7726356983185,12353.010925891725,0.9914221527897921,38073.61249497637,optimize_single_point_heur,16127.285365381362,2.218231201171875,12685.83139321271,1.0181335016409674,37006.87157877839,optimize_single_point_heur,17185.62968120555,2.227055549621582,12476.132150029105,1.001303558207523,37494.401728391895,optimize_single_point_heur,16789.04674004481,23.233737468719482,10557.506937847344,0.8473194364683363,34157.75277074793,optimize_single_point_heur,13728.139086886875,27.309950590133667,10940.480158248338,0.8780559214361406,35459.62431811818,optimize_single_point_heur,15217.944048804442,27.03259539604187,7814.061691712689,0.6271372955877803,29774.96547815281,optimize_single_point_heur,10861.93724113838,24.2831072807312
2026-03-12 12:33:49,config_resnet_ed_area_0.7_hw_0.1_seed_2,inputs/task_graph_topology/soda-benchmark-graphs/pytorch-graphs/rez_net_tosa.dot,362,0.1,0.5,1.0,0.7,42,1876.8712304770884,20695.777558494166,11.026743456040634,20695.777558494166,None,7879.012729836811,0.0,10361.495299118484,5.520621303617435,32021.092587986182,optimize_random_heur,14402.82623907767,1.3604702949523926,6274.815562068927,3.3432317892548813,22032.553442595578,optimize_swarm_heur,9062.083793438793,1109.191261768341,6111.87819570897,3.256418499289038,24985.18163752004,optimize_random_heur,7650.359001063487,1355.1209914684296,10589.929130000226,5.642331214863544,31405.064773683607,optimize_single_point_heur,13852.956870465481,2.329131841659546,10609.673972965711,5.652851298844195,31145.469293027698,optimize_single_point_heur,14153.696199238162,2.272372245788574,11157.18461663077,5.944565847383513,32045.365419254,optimize_single_point_heur,14481.482429559774,23.918357610702515,7732.086202199093,4.1196679221481,26119.782314571956,optimize_single_point_heur,10761.820601297659,28.107372283935547,7891.479925125505,4.20459315321251,27535.870923333972,optimize_single_point_heur,10741.55552390912,27.748684644699097,3871.8223028956395,2.0629131290543823,19425.103654022114,optimize_single_point_heur,5763.949429678469,22.389912605285645
2026-03-12 12:33:56,config_resnet_ed_area_0.7_hw_0.5_seed_2,inputs/task_graph_topology/soda-benchmark-graphs/pytorch-graphs/rez_net_tosa.dot,362,0.5,0.5,1.0,0.7,42,9311.942737816993,27806.910889348575,2.9861557005093196,27806.910889348575,None,10581.937429858372,0.0,11667.643908667684,1.2529763377177876,35061.896487746824,optimize_random_heur,15950.336680658902,1.386115550994873,8254.303368913712,0.886421190649286,30069.13489533452,optimize_swarm_heur,11045.458494332248,1101.175948381424,7147.526348693709,0.7675655392152154,30081.353620147896,optimize_random_heur,10138.441008245723,1321.9531965255737,11740.79040885464,1.2608314655086725,35911.575182846944,optimize_single_point_heur,15168.158746774874,2.240633726119995,11781.142188343083,1.2651648018085802,35101.67476380234,optimize_single_point_heur,16375.835172560171,2.2353312969207764,11805.51467943733,1.2677821386823636,33991.85796788638,optimize_single_point_heur,16188.041264555884,23.47745943069458,10103.079853611012,1.0849594051498095,33166.43940605141,optimize_single_point_heur,13707.046518975822,27.234291553497314,9934.937132731286,1.0669027304457352,33309.10652809677,optimize_single_point_heur,13856.88839537179,27.192276000976562,5587.612070913053,0.600047941469941,26487.388837125513,optimize_single_point_heur,8506.693217892764,23.051342248916626
2026-03-12 12:33:56,config_resnet_ed_area_0.7_hw_0.5_seed_3,inputs/task_graph_topology/soda-benchmark-graphs/pytorch-graphs/rez_net_tosa.dot,362,0.5,0.5,1.0,0.7,42,9311.942737816993,27806.910889348575,2.9861557005093196,27806.910889348575,None,10581.937429858372,0.0,11667.643908667684,1.2529763377177876,35061.896487746824,optimize_random_heur,15950.336680658902,1.3294358253479004,8254.303368913712,0.886421190649286,30069.13489533452,optimize_swarm_heur,11045.458494332248,1098.3205795288086,7147.526348693709,0.7675655392152154,30081.353620147896,optimize_random_heur,10138.441008245723,1320.4181590080261,11740.79040885464,1.2608314655086725,35911.575182846944,optimize_single_point_heur,15168.158746774874,2.1633505821228027,11781.142188343083,1.2651648018085802,35101.67476380234,optimize_single_point_heur,16375.835172560171,2.161916494369507,11805.51467943733,1.2677821386823636,33991.85796788638,optimize_single_point_heur,16188.041264555884,22.75611901283264,10103.079853611012,1.0849594051498095,33166.43940605141,optimize_single_point_heur,13707.046518975822,26.675610780715942,9934.937132731286,1.0669027304457352,33309.10652809677,optimize_single_point_heur,13856.88839537179,26.544933080673218,5587.612070913053,0.600047941469941,26487.388837125513,optimize_single_point_heur,8506.693217892764,22.377553701400757
2026-03-12 12:34:24,config_resnet_ed_area_0.7_hw_0.7_seed_2,inputs/task_graph_topology/soda-benchmark-graphs/pytorch-graphs/rez_net_tosa.dot,362,0.7,0.5,1.0,0.7,42,12459.889958209249,30387.426351701426,2.438819801268032,30387.426351701426,None,13248.824127957305,0.0,12513.260141160124,1.0042833590930482,36926.19755227961,optimize_random_heur,16771.697112545604,1.3906638622283936,9294.533235833871,0.745956285890802,31052.109966812848,optimize_swarm_heur,11985.08624186522,1123.996596813202,9117.785628480939,0.7317709593794325,32781.55864878944,optimize_random_heur,12093.407799586095,1324.4339747428894,12353.010925891725,0.9914221527897921,38073.61249497637,optimize_single_point_heur,16127.285365381362,2.258324384689331,12685.83139321271,1.0181335016409674,37006.87157877839,optimize_single_point_heur,17185.62968120555,2.2386603355407715,12476.132150029105,1.001303558207523,37494.401728391895,optimize_single_point_heur,16789.04674004481,23.54528045654297,10557.506937847344,0.8473194364683363,34157.75277074793,optimize_single_point_heur,13728.139086886875,27.675067901611328,10940.480158248338,0.8780559214361406,35459.62431811818,optimize_single_point_heur,15217.944048804442,27.40894651412964,7814.061691712689,0.6271372955877803,29774.96547815281,optimize_single_point_heur,10861.93724113838,24.960703134536743
2026-03-12 12:34:44,config_resnet_ed_area_0.7_hw_0.5_seed_1,inputs/task_graph_topology/soda-benchmark-graphs/pytorch-graphs/rez_net_tosa.dot,362,0.5,0.5,1.0,0.7,42,9311.942737816993,27806.910889348575,2.9861557005093196,27806.910889348575,None,10581.937429858372,0.0,11667.643908667684,1.2529763377177876,35061.896487746824,optimize_random_heur,15950.336680658902,1.3798775672912598,8254.303368913712,0.886421190649286,30069.13489533452,optimize_swarm_heur,11045.458494332248,1118.0332252979279,7147.526348693709,0.7675655392152154,30081.353620147896,optimize_random_heur,10138.441008245723,1352.4263226985931,11740.79040885464,1.2608314655086725,35911.575182846944,optimize_single_point_heur,15168.158746774874,2.285318613052368,11781.142188343083,1.2651648018085802,35101.67476380234,optimize_single_point_heur,16375.835172560171,2.272024154663086,11805.51467943733,1.2677821386823636,33991.85796788638,optimize_single_point_heur,16188.041264555884,23.438105583190918,10103.079853611012,1.0849594051498095,33166.43940605141,optimize_single_point_heur,13707.046518975822,27.36114001274109,9934.937132731286,1.0669027304457352,33309.10652809677,optimize_single_point_heur,13856.88839537179,27.39363384246826,5587.612070913053,0.600047941469941,26487.388837125513,optimize_single_point_heur,8506.693217892764,23.100656509399414
2026-03-12 12:35:17,config_resnet_ed_area_0.9_hw_0.3_seed_1,inputs/task_graph_topology/soda-benchmark-graphs/pytorch-graphs/rez_net_tosa.dot,362,0.3,0.5,1.0,0.9,42,5629.515000900963,14417.969443707758,2.5611388265952337,14417.969443707758,None,4404.222246279361,0.0,11301.083321256456,2.007470149639498,34328.141897912596,optimize_random_heur,15469.804761253268,1.3870282173156738,3295.0585085324788,0.5853183636610132,14469.711129186018,optimize_swarm_heur,3901.0883818926795,1103.54860663414,5186.364854046682,0.9212809368509796,19529.106839392993,optimize_random_heur,7365.6330849089845,1328.0330204963684,11208.997624034075,1.9911124887739273,33749.548453217074,optimize_single_point_heur,14515.61890283605,2.1944046020507812,11019.328396955169,1.957420558465801,32966.95521848456,optimize_single_point_heur,15215.95467285063,2.1605277061462402,11231.104454212013,1.9950394398832858,33402.15989092254,optimize_single_point_heur,15508.398099651497,22.634387969970703,8647.461472404439,1.5360935126774642,28519.42990573054,optimize_single_point_heur,11914.025759638149,26.77239680290222,8609.421862679394,1.5293363391520438,30881.190389623323,optimize_single_point_heur,12448.231541885196,26.666313886642456,4789.503648694044,0.8507844188935493,21038.55020060158,optimize_single_point_heur,7308.945994568411,23.57686948776245
2026-03-12 12:35:27,config_resnet_ed_area_0.7_hw_0.3_seed_3,inputs/task_graph_topology/soda-benchmark-graphs/pytorch-graphs/rez_net_tosa.dot,362,0.3,0.5,1.0,0.7,42,5629.515000900963,24136.994087574298,4.287579673153255,24136.994087574298,None,9343.869573768468,0.0,11301.083321256456,2.007470149639498,34328.141897912596,optimize_random_heur,15469.804761253268,1.4649322032928467,7370.478604623211,1.309256410799797,26516.281374954648,optimize_swarm_heur,10513.673753399606,1134.343142747879,6682.465978228752,1.1870411531294032,26605.312945415284,optimize_random_heur,9305.054713503052,1379.885071516037,11208.997624034075,1.9911124887739273,33749.548453217074,optimize_single_point_heur,14515.61890283605,2.336423635482788,11019.328396955169,1.957420558465801,32966.95521848456,optimize_single_point_heur,15215.95467285063,2.3245623111724854,11231.104454212013,1.9950394398832858,33402.15989092254,optimize_single_point_heur,15508.398099651497,23.668895959854126,8647.461472404439,1.5360935126774642,28519.42990573054,optimize_single_point_heur,11914.025759638149,27.745571851730347,8609.421862679394,1.5293363391520438,30881.190389623323,optimize_single_point_heur,12448.231541885196,27.238104104995728,4858.391928269476,0.863021401931059,24572.022097169982,optimize_single_point_heur,7137.814848948045,21.60606336593628
2026-03-12 12:35:27,config_resnet_ed_area_0.7_hw_0.7_seed_1,inputs/task_graph_topology/soda-benchmark-graphs/pytorch-graphs/rez_net_tosa.dot,362,0.7,0.5,1.0,0.7,42,12459.889958209249,30387.426351701426,2.438819801268032,30387.426351701426,None,13248.824127957305,0.0,12513.260141160124,1.0042833590930482,36926.19755227961,optimize_random_heur,16771.697112545604,1.3686017990112305,9294.533235833871,0.745956285890802,31052.109966812848,optimize_swarm_heur,11985.08624186522,1141.7068576812744,9117.785628480939,0.7317709593794325,32781.55864878944,optimize_random_heur,12093.407799586095,1371.2266528606415,12353.010925891725,0.9914221527897921,38073.61249497637,optimize_single_point_heur,16127.285365381362,2.2960355281829834,12685.83139321271,1.0181335016409674,37006.87157877839,optimize_single_point_heur,17185.62968120555,2.300091028213501,12476.132150029105,1.001303558207523,37494.401728391895,optimize_single_point_heur,16789.04674004481,23.489641427993774,10557.506937847344,0.8473194364683363,34157.75277074793,optimize_single_point_heur,13728.139086886875,27.491309881210327,10940.480158248338,0.8780559214361406,35459.62431811818,optimize_single_point_heur,15217.944048804442,27.38388228416443,7814.061691712689,0.6271372955877803,29774.96547815281,optimize_single_point_heur,10861.93724113838,24.534503936767578
2026-03-12 12:35:48,config_resnet_ed_area_0.7_hw_0.9_seed_2,inputs/task_graph_topology/soda-benchmark-graphs/pytorch-graphs/rez_net_tosa.dot,362,0.9,0.5,1.0,0.7,42,14476.759981256146,34435.97424728404,2.378707272336502,34435.97424728404,None,15459.708042985432,0.0,13314.806798364203,0.9197366548594861,38790.51962931272,optimize_random_heur,17439.255749956304,1.3488447666168213,11096.436425126914,0.7664999930574299,34473.14860218442,optimize_swarm_heur,14075.383576682405,1108.4867646694183,10142.705677735801,0.7006198687322382,33477.2549730559,optimize_random_heur,12659.344320518974,1353.730989933014,13153.884233110108,0.9086207307533704,40235.6708196061,optimize_single_point_heur,17050.810029161104,2.339871644973755,13578.010651297174,0.9379177847030253,39048.55133899923,optimize_single_point_heur,17655.61564268099,2.3103227615356445,13131.551865638201,0.9070780950047069,37243.29923832606,optimize_single_point_heur,17561.391947854187,24.073747634887695,11967.339834059458,0.8266587171130991,38262.60160111533,optimize_single_point_heur,16163.82961443355,28.00823998451233,12251.39989093206,0.8462805148938449,37578.36025143059,optimize_single_point_heur,16681.999803717736,27.78116774559021,7931.245089424781,0.5478605088219877,32604.211704464524,optimize_single_point_heur,11171.870228063493,25.384132623672485
2026-03-12 12:36:19,config_resnet_ed_area_0.7_hw_0.7_seed_3,inputs/task_graph_topology/soda-benchmark-graphs/pytorch-graphs/rez_net_tosa.dot,362,0.7,0.5,1.0,0.7,42,12459.889958209249,30387.426351701426,2.438819801268032,30387.426351701426,None,13248.824127957305,0.0,12513.260141160124,1.0042833590930482,36926.19755227961,optimize_random_heur,16771.697112545604,1.3899312019348145,9294.533235833871,0.745956285890802,31052.109966812848,optimize_swarm_heur,11985.08624186522,1143.910620689392,9117.785628480939,0.7317709593794325,32781.55864878944,optimize_random_heur,12093.407799586095,1352.7793564796448,12353.010925891725,0.9914221527897921,38073.61249497637,optimize_single_point_heur,16127.285365381362,2.3049778938293457,12685.83139321271,1.0181335016409674,37006.87157877839,optimize_single_point_heur,17185.62968120555,2.2433531284332275,12476.132150029105,1.001303558207523,37494.401728391895,optimize_single_point_heur,16789.04674004481,23.620105981826782,10557.506937847344,0.8473194364683363,34157.75277074793,optimize_single_point_heur,13728.139086886875,27.550032138824463,10940.480158248338,0.8780559214361406,35459.62431811818,optimize_single_point_heur,15217.944048804442,27.401463747024536,7814.061691712689,0.6271372955877803,29774.96547815281,optimize_single_point_heur,10861.93724113838,24.756215572357178
2026-03-12 12:36:25,config_resnet_ed_area_0.7_hw_0.9_seed_3,inputs/task_graph_topology/soda-benchmark-graphs/pytorch-graphs/rez_net_tosa.dot,362,0.9,0.5,1.0,0.7,42,14476.759981256146,34435.97424728404,2.378707272336502,34435.97424728404,None,15459.708042985432,0.0,13314.806798364203,0.9197366548594861,38790.51962931272,optimize_random_heur,17439.255749956304,1.383838176727295,11096.436425126914,0.7664999930574299,34473.14860218442,optimize_swarm_heur,14075.383576682405,1122.4055712223053,10142.705677735801,0.7006198687322382,33477.2549730559,optimize_random_heur,12659.344320518974,1374.9775125980377,13153.884233110108,0.9086207307533704,40235.6708196061,optimize_single_point_heur,17050.810029161104,2.3587417602539062,13578.010651297174,0.9379177847030253,39048.55133899923,optimize_single_point_heur,17655.61564268099,2.3405752182006836,13131.551865638201,0.9070780950047069,37243.29923832606,optimize_single_point_heur,17561.391947854187,24.519649505615234,11967.339834059458,0.8266587171130991,38262.60160111533,optimize_single_point_heur,16163.82961443355,28.801454782485962,12251.39989093206,0.8462805148938449,37578.36025143059,optimize_single_point_heur,16681.999803717736,28.543869733810425,7931.245089424781,0.5478605088219877,32604.211704464524,optimize_single_point_heur,11171.870228063493,25.84257459640503
2026-03-12 12:36:25,config_resnet_ed_area_0.9_hw_0.1_seed_0,inputs/task_graph_topology/soda-benchmark-graphs/pytorch-graphs/rez_net_tosa.dot,362,0.1,0.5,1.0,0.9,42,1876.8712304770884,11274.035663724435,6.006824272573377,11274.035663724435,None,3298.991959019001,0.0,10361.495299118484,5.520621303617435,32021.092587986182,optimize_random_heur,14402.82623907767,1.3701188564300537,2384.0119329873746,1.2702053791838317,8354.487833733805,optimize_swarm_heur,3115.330450490624,1120.8502988815308,4151.2479750110715,2.2117915750436707,13779.097590682888,optimize_random_heur,5400.348706693987,1378.8195598125458,10589.929130000226,5.642331214863544,31405.064773683607,optimize_single_point_heur,13852.956870465481,2.3540563583374023,10609.673972965711,5.652851298844195,31145.469293027698,optimize_single_point_heur,14153.696199238162,2.297024726867676,11157.18461663077,5.944565847383513,32045.365419254,optimize_single_point_heur,14481.482429559774,24.12881302833557,7732.086202199093,4.1196679221481,26119.782314571956,optimize_single_point_heur,10761.820601297659,28.547802209854126,7891.479925125505,4.20459315321251,27535.870923333972,optimize_single_point_heur,10741.55552390912,28.31974506378174,3341.7259598589817,1.7804769478029332,16689.115200876593,optimize_single_point_heur,4781.921127388881,24.79158854484558
2026-03-12 12:36:32,config_resnet_ed_area_0.7_hw_0.9_seed_0,inputs/task_graph_topology/soda-benchmark-graphs/pytorch-graphs/rez_net_tosa.dot,362,0.9,0.5,1.0,0.7,42,14476.759981256146,34435.97424728404,2.378707272336502,34435.97424728404,None,15459.708042985432,0.0,13314.806798364203,0.9197366548594861,38790.51962931272,optimize_random_heur,17439.255749956304,1.3813543319702148,11096.436425126914,0.7664999930574299,34473.14860218442,optimize_swarm_heur,14075.383576682405,1130.5915801525116,10142.705677735801,0.7006198687322382,33477.2549730559,optimize_random_heur,12659.344320518974,1374.8518769741058,13153.884233110108,0.9086207307533704,40235.6708196061,optimize_single_point_heur,17050.810029161104,2.3632216453552246,13578.010651297174,0.9379177847030253,39048.55133899923,optimize_single_point_heur,17655.61564268099,2.37101149559021,13131.551865638201,0.9070780950047069,37243.29923832606,optimize_single_point_heur,17561.391947854187,24.5258526802063,11967.339834059458,0.8266587171130991,38262.60160111533,optimize_single_point_heur,16163.82961443355,28.634049654006958,12251.39989093206,0.8462805148938449,37578.36025143059,optimize_single_point_heur,16681.999803717736,28.308650016784668,7931.245089424781,0.5478605088219877,32604.211704464524,optimize_single_point_heur,11171.870228063493,25.8280611038208
2026-03-12 12:36:33,config_resnet_ed_area_0.9_hw_0.3_seed_0,inputs/task_graph_topology/soda-benchmark-graphs/pytorch-graphs/rez_net_tosa.dot,362,0.3,0.5,1.0,0.9,42,5629.515000900963,14417.969443707758,2.5611388265952337,14417.969443707758,None,4404.222246279361,0.0,11301.083321256456,2.007470149639498,34328.141897912596,optimize_random_heur,15469.804761253268,1.3836777210235596,3295.0585085324788,0.5853183636610132,14469.711129186018,optimize_swarm_heur,3901.0883818926795,1136.349000453949,5186.364854046682,0.9212809368509796,19529.106839392993,optimize_random_heur,7365.6330849089845,1373.7780742645264,11208.997624034075,1.9911124887739273,33749.548453217074,optimize_single_point_heur,14515.61890283605,2.325164318084717,11019.328396955169,1.957420558465801,32966.95521848456,optimize_single_point_heur,15215.95467285063,2.261138439178467,11231.104454212013,1.9950394398832858,33402.15989092254,optimize_single_point_heur,15508.398099651497,23.542331218719482,8647.461472404439,1.5360935126774642,28519.42990573054,optimize_single_point_heur,11914.025759638149,27.25167989730835,8609.421862679394,1.5293363391520438,30881.190389623323,optimize_single_point_heur,12448.231541885196,27.182913541793823,4789.503648694044,0.8507844188935493,21038.55020060158,optimize_single_point_heur,7308.945994568411,24.447903633117676
2026-03-12 12:37:00,config_resnet_ed_area_0.7_hw_0.9_seed_1,inputs/task_graph_topology/soda-benchmark-graphs/pytorch-graphs/rez_net_tosa.dot,362,0.9,0.5,1.0,0.7,42,14476.759981256146,34435.97424728404,2.378707272336502,34435.97424728404,None,15459.708042985432,0.0,13314.806798364203,0.9197366548594861,38790.51962931272,optimize_random_heur,17439.255749956304,1.3853685855865479,11096.436425126914,0.7664999930574299,34473.14860218442,optimize_swarm_heur,14075.383576682405,1138.8422784805298,10142.705677735801,0.7006198687322382,33477.2549730559,optimize_random_heur,12659.344320518974,1391.6315643787384,13153.884233110108,0.9086207307533704,40235.6708196061,optimize_single_point_heur,17050.810029161104,2.3896095752716064,13578.010651297174,0.9379177847030253,39048.55133899923,optimize_single_point_heur,17655.61564268099,2.363755226135254,13131.551865638201,0.9070780950047069,37243.29923832606,optimize_single_point_heur,17561.391947854187,24.994627952575684,11967.339834059458,0.8266587171130991,38262.60160111533,optimize_single_point_heur,16163.82961443355,28.418073177337646,12251.39989093206,0.8462805148938449,37578.36025143059,optimize_single_point_heur,16681.999803717736,28.85375428199768,7931.245089424781,0.5478605088219877,32604.211704464524,optimize_single_point_heur,11171.870228063493,26.15645980834961
2026-03-12 12:37:02,config_resnet_ed_area_0.9_hw_0.1_seed_1,inputs/task_graph_topology/soda-benchmark-graphs/pytorch-graphs/rez_net_tosa.dot,362,0.1,0.5,1.0,0.9,42,1876.8712304770884,11274.035663724435,6.006824272573377,11274.035663724435,None,3298.991959019001,0.0,10361.495299118484,5.520621303617435,32021.092587986182,optimize_random_heur,14402.82623907767,1.4042596817016602,2384.0119329873746,1.2702053791838317,8354.487833733805,optimize_swarm_heur,3115.330450490624,1156.0908052921295,4151.2479750110715,2.2117915750436707,13779.097590682888,optimize_random_heur,5400.348706693987,1383.1324255466461,10589.929130000226,5.642331214863544,31405.064773683607,optimize_single_point_heur,13852.956870465481,2.3511364459991455,10609.673972965711,5.652851298844195,31145.469293027698,optimize_single_point_heur,14153.696199238162,2.264021158218384,11157.18461663077,5.944565847383513,32045.365419254,optimize_single_point_heur,14481.482429559774,23.538370847702026,7732.086202199093,4.1196679221481,26119.782314571956,optimize_single_point_heur,10761.820601297659,27.841219663619995,7891.479925125505,4.20459315321251,27535.870923333972,optimize_single_point_heur,10741.55552390912,27.646560192108154,3341.7259598589817,1.7804769478029332,16689.115200876593,optimize_single_point_heur,4781.921127388881,24.303277015686035
2026-03-12 12:37:04,config_resnet_ed_area_0.9_hw_0.1_seed_3,inputs/task_graph_topology/soda-benchmark-graphs/pytorch-graphs/rez_net_tosa.dot,362,0.1,0.5,1.0,0.9,42,1876.8712304770884,11274.035663724435,6.006824272573377,11274.035663724435,None,3298.991959019001,0.0,10361.495299118484,5.520621303617435,32021.092587986182,optimize_random_heur,14402.82623907767,1.3834953308105469,2384.0119329873746,1.2702053791838317,8354.487833733805,optimize_swarm_heur,3115.330450490624,1138.105928659439,4151.2479750110715,2.2117915750436707,13779.097590682888,optimize_random_heur,5400.348706693987,1401.3254606723785,10589.929130000226,5.642331214863544,31405.064773683607,optimize_single_point_heur,13852.956870465481,2.3610355854034424,10609.673972965711,5.652851298844195,31145.469293027698,optimize_single_point_heur,14153.696199238162,2.298555850982666,11157.18461663077,5.944565847383513,32045.365419254,optimize_single_point_heur,14481.482429559774,24.419270515441895,7732.086202199093,4.1196679221481,26119.782314571956,optimize_single_point_heur,10761.820601297659,28.40395164489746,7891.479925125505,4.20459315321251,27535.870923333972,optimize_single_point_heur,10741.55552390912,27.739331245422363,3341.7259598589817,1.7804769478029332,16689.115200876593,optimize_single_point_heur,4781.921127388881,24.042603254318237
2026-03-12 12:37:30,config_resnet_ed_area_0.9_hw_0.1_seed_2,inputs/task_graph_topology/soda-benchmark-graphs/pytorch-graphs/rez_net_tosa.dot,362,0.1,0.5,1.0,0.9,42,1876.8712304770884,11274.035663724435,6.006824272573377,11274.035663724435,None,3298.991959019001,0.0,10361.495299118484,5.520621303617435,32021.092587986182,optimize_random_heur,14402.82623907767,1.4000675678253174,2384.0119329873746,1.2702053791838317,8354.487833733805,optimize_swarm_heur,3115.330450490624,1146.6859686374664,4151.2479750110715,2.2117915750436707,13779.097590682888,optimize_random_heur,5400.348706693987,1415.1498365402222,10589.929130000226,5.642331214863544,31405.064773683607,optimize_single_point_heur,13852.956870465481,2.42557692527771,10609.673972965711,5.652851298844195,31145.469293027698,optimize_single_point_heur,14153.696199238162,2.3470146656036377,11157.18461663077,5.944565847383513,32045.365419254,optimize_single_point_heur,14481.482429559774,24.704969882965088,7732.086202199093,4.1196679221481,26119.782314571956,optimize_single_point_heur,10761.820601297659,29.056154489517212,7891.479925125505,4.20459315321251,27535.870923333972,optimize_single_point_heur,10741.55552390912,28.868226528167725,3341.7259598589817,1.7804769478029332,16689.115200876593,optimize_single_point_heur,4781.921127388881,25.54582667350769
2026-03-12 12:37:36,config_resnet_ed_area_0.9_hw_0.3_seed_3,inputs/task_graph_topology/soda-benchmark-graphs/pytorch-graphs/rez_net_tosa.dot,362,0.3,0.5,1.0,0.9,42,5629.515000900963,14417.969443707758,2.5611388265952337,14417.969443707758,None,4404.222246279361,0.0,11301.083321256456,2.007470149639498,34328.141897912596,optimize_random_heur,15469.804761253268,1.3911707401275635,3295.0585085324788,0.5853183636610132,14469.711129186018,optimize_swarm_heur,3901.0883818926795,1135.7140278816223,5186.364854046682,0.9212809368509796,19529.106839392993,optimize_random_heur,7365.6330849089845,1402.0944356918335,11208.997624034075,1.9911124887739273,33749.548453217074,optimize_single_point_heur,14515.61890283605,2.3534085750579834,11019.328396955169,1.957420558465801,32966.95521848456,optimize_single_point_heur,15215.95467285063,2.297962188720703,11231.104454212013,1.9950394398832858,33402.15989092254,optimize_single_point_heur,15508.398099651497,24.405897617340088,8647.461472404439,1.5360935126774642,28519.42990573054,optimize_single_point_heur,11914.025759638149,28.660385608673096,8609.421862679394,1.5293363391520438,30881.190389623323,optimize_single_point_heur,12448.231541885196,28.492793083190918,4789.503648694044,0.8507844188935493,21038.55020060158,optimize_single_point_heur,7308.945994568411,25.20599675178528
2026-03-12 12:38:17,config_resnet_ed_area_0.9_hw_0.3_seed_2,inputs/task_graph_topology/soda-benchmark-graphs/pytorch-graphs/rez_net_tosa.dot,362,0.3,0.5,1.0,0.9,42,5629.515000900963,14417.969443707758,2.5611388265952337,14417.969443707758,None,4404.222246279361,0.0,11301.083321256456,2.007470149639498,34328.141897912596,optimize_random_heur,15469.804761253268,1.4062879085540771,3295.0585085324788,0.5853183636610132,14469.711129186018,optimize_swarm_heur,3901.0883818926795,1153.7277414798737,5186.364854046682,0.9212809368509796,19529.106839392993,optimize_random_heur,7365.6330849089845,1423.1319074630737,11208.997624034075,1.9911124887739273,33749.548453217074,optimize_single_point_heur,14515.61890283605,2.428819417953491,11019.328396955169,1.957420558465801,32966.95521848456,optimize_single_point_heur,15215.95467285063,2.354421615600586,11231.104454212013,1.9950394398832858,33402.15989092254,optimize_single_point_heur,15508.398099651497,24.977018117904663,8647.461472404439,1.5360935126774642,28519.42990573054,optimize_single_point_heur,11914.025759638149,28.98023223876953,8609.421862679394,1.5293363391520438,30881.190389623323,optimize_single_point_heur,12448.231541885196,28.910086154937744,4789.503648694044,0.8507844188935493,21038.55020060158,optimize_single_point_heur,7308.945994568411,25.815305709838867
2026-03-12 12:39:14,config_resnet_ed_area_0.9_hw_0.5_seed_2,inputs/task_graph_topology/soda-benchmark-graphs/pytorch-graphs/rez_net_tosa.dot,362,0.5,0.5,1.0,0.9,42,9311.942737816993,14871.98502040613,1.5970872501190425,14871.98502040613,None,6260.566999633739,0.0,11667.643908667684,1.2529763377177876,35061.896487746824,optimize_random_heur,15950.336680658902,1.3599555492401123,5140.768114654932,0.55206182634453,16022.244456198136,optimize_swarm_heur,5902.918822173519,1162.0930533409119,6864.005719020233,0.7371185489730974,22583.93731293008,optimize_random_heur,9304.853685442495,1443.0229637622833,11740.79040885464,1.2608314655086725,35911.575182846944,optimize_single_point_heur,15168.158746774874,2.333162546157837,11781.142188343083,1.2651648018085802,35101.67476380234,optimize_single_point_heur,16375.835172560171,2.2536489963531494,11805.51467943733,1.2677821386823636,33991.85796788638,optimize_single_point_heur,16188.041264555884,22.888020992279053,10103.079853611012,1.0849594051498095,33166.43940605141,optimize_single_point_heur,13707.046518975822,28.088050365447998,9934.937132731286,1.0669027304457352,33309.10652809677,optimize_single_point_heur,13856.88839537179,27.887316703796387,5184.215471591061,0.556727593538274,22800.7577891752,optimize_single_point_heur,7322.743721176316,24.415483236312866
2026-03-12 12:39:16,config_resnet_ed_area_0.9_hw_0.5_seed_3,inputs/task_graph_topology/soda-benchmark-graphs/pytorch-graphs/rez_net_tosa.dot,362,0.5,0.5,1.0,0.9,42,9311.942737816993,14871.98502040613,1.5970872501190425,14871.98502040613,None,6260.566999633739,0.0,11667.643908667684,1.2529763377177876,35061.896487746824,optimize_random_heur,15950.336680658902,1.350217580795288,5140.768114654932,0.55206182634453,16022.244456198136,optimize_swarm_heur,5902.918822173519,1165.4375019073486,6864.005719020233,0.7371185489730974,22583.93731293008,optimize_random_heur,9304.853685442495,1438.8404340744019,11740.79040885464,1.2608314655086725,35911.575182846944,optimize_single_point_heur,15168.158746774874,2.474632978439331,11781.142188343083,1.2651648018085802,35101.67476380234,optimize_single_point_heur,16375.835172560171,2.401702880859375,11805.51467943733,1.2677821386823636,33991.85796788638,optimize_single_point_heur,16188.041264555884,24.319087266921997,10103.079853611012,1.0849594051498095,33166.43940605141,optimize_single_point_heur,13707.046518975822,29.376364707946777,9934.937132731286,1.0669027304457352,33309.10652809677,optimize_single_point_heur,13856.88839537179,29.33575201034546,5184.215471591061,0.556727593538274,22800.7577891752,optimize_single_point_heur,7322.743721176316,26.566105604171753
2026-03-12 12:40:10,config_resnet_ed_area_0.9_hw_0.7_seed_3,inputs/task_graph_topology/soda-benchmark-graphs/pytorch-graphs/rez_net_tosa.dot,362,0.7,0.5,1.0,0.9,42,12459.889958209249,21335.557149057477,1.712339131454404,21335.557149057477,None,9472.735801156185,0.0,12513.260141160124,1.0042833590930482,36926.19755227961,optimize_random_heur,16771.697112545604,1.3928306102752686,6762.779529202888,0.5427639852266274,21411.08559287824,optimize_swarm_heur,8104.708213567396,1133.9176070690155,8038.575150410734,0.6451561913766731,27365.278773952752,optimize_random_heur,10873.605055463793,1405.1723866462708,12353.010925891725,0.9914221527897921,38073.61249497637,optimize_single_point_heur,16127.285365381362,2.356076955795288,12685.83139321271,1.0181335016409674,37006.87157877839,optimize_single_point_heur,17185.62968120555,2.318650960922241,12476.132150029105,1.001303558207523,37494.401728391895,optimize_single_point_heur,16789.04674004481,24.25771713256836,10557.506937847344,0.8473194364683363,34157.75277074793,optimize_single_point_heur,13728.139086886875,28.38618564605713,10940.480158248338,0.8780559214361406,35459.62431811818,optimize_single_point_heur,15217.944048804442,28.17306900024414,7814.061691712689,0.6271372955877803,29774.96547815281,optimize_single_point_heur,10861.93724113838,25.730477809906006
2026-03-12 12:40:13,config_resnet_ed_area_0.9_hw_0.7_seed_1,inputs/task_graph_topology/soda-benchmark-graphs/pytorch-graphs/rez_net_tosa.dot,362,0.7,0.5,1.0,0.9,42,12459.889958209249,21335.557149057477,1.712339131454404,21335.557149057477,None,9472.735801156185,0.0,12513.260141160124,1.0042833590930482,36926.19755227961,optimize_random_heur,16771.697112545604,1.4561278820037842,6762.779529202888,0.5427639852266274,21411.08559287824,optimize_swarm_heur,8104.708213567396,1161.452223777771,8038.575150410734,0.6451561913766731,27365.278773952752,optimize_random_heur,10873.605055463793,1441.0017986297607,12353.010925891725,0.9914221527897921,38073.61249497637,optimize_single_point_heur,16127.285365381362,2.4026196002960205,12685.83139321271,1.0181335016409674,37006.87157877839,optimize_single_point_heur,17185.62968120555,2.3463170528411865,12476.132150029105,1.001303558207523,37494.401728391895,optimize_single_point_heur,16789.04674004481,24.476970195770264,10557.506937847344,0.8473194364683363,34157.75277074793,optimize_single_point_heur,13728.139086886875,30.11185932159424,10940.480158248338,0.8780559214361406,35459.62431811818,optimize_single_point_heur,15217.944048804442,30.267915725708008,7814.061691712689,0.6271372955877803,29774.96547815281,optimize_single_point_heur,10861.93724113838,27.532062292099
2026-03-12 12:40:32,config_resnet_ed_area_0.9_hw_0.7_seed_0,inputs/task_graph_topology/soda-benchmark-graphs/pytorch-graphs/rez_net_tosa.dot,362,0.7,0.5,1.0,0.9,42,12459.889958209249,21335.557149057477,1.712339131454404,21335.557149057477,None,9472.735801156185,0.0,12513.260141160124,1.0042833590930482,36926.19755227961,optimize_random_heur,16771.697112545604,1.4549643993377686,6762.779529202888,0.5427639852266274,21411.08559287824,optimize_swarm_heur,8104.708213567396,1172.595671415329,8038.575150410734,0.6451561913766731,27365.278773952752,optimize_random_heur,10873.605055463793,1447.349279165268,12353.010925891725,0.9914221527897921,38073.61249497637,optimize_single_point_heur,16127.285365381362,2.4898781776428223,12685.83139321271,1.0181335016409674,37006.87157877839,optimize_single_point_heur,17185.62968120555,2.4326870441436768,12476.132150029105,1.001303558207523,37494.401728391895,optimize_single_point_heur,16789.04674004481,25.04847764968872,10557.506937847344,0.8473194364683363,34157.75277074793,optimize_single_point_heur,13728.139086886875,31.17031502723694,10940.480158248338,0.8780559214361406,35459.62431811818,optimize_single_point_heur,15217.944048804442,30.49489402770996,7814.061691712689,0.6271372955877803,29774.96547815281,optimize_single_point_heur,10861.93724113838,26.84730887413025
2026-03-12 12:41:02,config_resnet_ed_area_0.9_hw_0.9_seed_0,inputs/task_graph_topology/soda-benchmark-graphs/pytorch-graphs/rez_net_tosa.dot,362,0.9,0.5,1.0,0.9,42,14476.759981256146,26216.0165438757,1.8109035846293655,26216.0165438757,None,10921.381696028191,0.0,13314.806798364203,0.9197366548594861,38790.51962931272,optimize_random_heur,17439.255749956304,1.3849000930786133,7728.175742096613,0.5338332439097357,25153.98686187141,optimize_swarm_heur,7910.219127922881,1149.08429479599,9475.232525966772,0.6545133398795638,32414.870340302266,optimize_random_heur,12299.132597713313,1431.6044144630432,13153.884233110108,0.9086207307533704,40235.6708196061,optimize_single_point_heur,17050.810029161104,2.3982110023498535,13578.010651297174,0.9379177847030253,39048.55133899923,optimize_single_point_heur,17655.61564268099,2.336339235305786,13131.551865638201,0.9070780950047069,37243.29923832606,optimize_single_point_heur,17561.391947854187,23.96250343322754,11967.339834059458,0.8266587171130991,38262.60160111533,optimize_single_point_heur,16163.82961443355,27.9300274848938,12251.39989093206,0.8462805148938449,37578.36025143059,optimize_single_point_heur,16681.999803717736,27.60930585861206,7931.245089424781,0.5478605088219877,32604.211704464524,optimize_single_point_heur,11171.870228063493,24.831648588180542
2026-03-12 12:43:23,config_resnet_ed_area_0.9_hw_0.5_seed_0,inputs/task_graph_topology/soda-benchmark-graphs/pytorch-graphs/rez_net_tosa.dot,362,0.5,0.5,1.0,0.9,42,9311.942737816993,14871.98502040613,1.5970872501190425,14871.98502040613,None,6260.566999633739,0.0,11667.643908667684,1.2529763377177876,35061.896487746824,optimize_random_heur,15950.336680658902,1.5723438262939453,5140.768114654932,0.55206182634453,16022.244456198136,optimize_swarm_heur,5902.918822173519,1269.1752507686615,6864.005719020233,0.7371185489730974,22583.93731293008,optimize_random_heur,9304.853685442495,1598.4623565673828,11740.79040885464,1.2608314655086725,35911.575182846944,optimize_single_point_heur,15168.158746774874,2.729710102081299,11781.142188343083,1.2651648018085802,35101.67476380234,optimize_single_point_heur,16375.835172560171,2.6209046840667725,11805.51467943733,1.2677821386823636,33991.85796788638,optimize_single_point_heur,16188.041264555884,27.143431663513184,10103.079853611012,1.0849594051498095,33166.43940605141,optimize_single_point_heur,13707.046518975822,32.68830585479736,9934.937132731286,1.0669027304457352,33309.10652809677,optimize_single_point_heur,13856.88839537179,31.77874255180359,5184.215471591061,0.556727593538274,22800.7577891752,optimize_single_point_heur,7322.743721176316,27.967710494995117
2026-03-12 12:43:28,config_resnet_ed_area_0.9_hw_0.5_seed_1,inputs/task_graph_topology/soda-benchmark-graphs/pytorch-graphs/rez_net_tosa.dot,362,0.5,0.5,1.0,0.9,42,9311.942737816993,14871.98502040613,1.5970872501190425,14871.98502040613,None,6260.566999633739,0.0,11667.643908667684,1.2529763377177876,35061.896487746824,optimize_random_heur,15950.336680658902,1.575265645980835,5140.768114654932,0.55206182634453,16022.244456198136,optimize_swarm_heur,5902.918822173519,1284.9725799560547,6864.005719020233,0.7371185489730974,22583.93731293008,optimize_random_heur,9304.853685442495,1586.5473895072937,11740.79040885464,1.2608314655086725,35911.575182846944,optimize_single_point_heur,15168.158746774874,2.618145704269409,11781.142188343083,1.2651648018085802,35101.67476380234,optimize_single_point_heur,16375.835172560171,2.6191837787628174,11805.51467943733,1.2677821386823636,33991.85796788638,optimize_single_point_heur,16188.041264555884,27.591530084609985,10103.079853611012,1.0849594051498095,33166.43940605141,optimize_single_point_heur,13707.046518975822,32.76741981506348,9934.937132731286,1.0669027304457352,33309.10652809677,optimize_single_point_heur,13856.88839537179,31.98698663711548,5184.215471591061,0.556727593538274,22800.7577891752,optimize_single_point_heur,7322.743721176316,28.173430919647217
2026-03-12 12:44:18,config_resnet_ed_area_0.9_hw_0.7_seed_2,inputs/task_graph_topology/soda-benchmark-graphs/pytorch-graphs/rez_net_tosa.dot,362,0.7,0.5,1.0,0.9,42,12459.889958209249,21335.557149057477,1.712339131454404,21335.557149057477,None,9472.735801156185,0.0,12513.260141160124,1.0042833590930482,36926.19755227961,optimize_random_heur,16771.697112545604,1.5383400917053223,6762.779529202888,0.5427639852266274,21411.08559287824,optimize_swarm_heur,8104.708213567396,1233.4475197792053,8038.575150410734,0.6451561913766731,27365.278773952752,optimize_random_heur,10873.605055463793,1546.0648441314697,12353.010925891725,0.9914221527897921,38073.61249497637,optimize_single_point_heur,16127.285365381362,2.4610209465026855,12685.83139321271,1.0181335016409674,37006.87157877839,optimize_single_point_heur,17185.62968120555,2.407262086868286,12476.132150029105,1.001303558207523,37494.401728391895,optimize_single_point_heur,16789.04674004481,24.856655597686768,10557.506937847344,0.8473194364683363,34157.75277074793,optimize_single_point_heur,13728.139086886875,29.998811721801758,10940.480158248338,0.8780559214361406,35459.62431811818,optimize_single_point_heur,15217.944048804442,29.969240188598633,7814.061691712689,0.6271372955877803,29774.96547815281,optimize_single_point_heur,10861.93724113838,27.575862884521484
2026-03-12 12:54:00,config_resnet_ed_area_0.9_hw_0.9_seed_1,inputs/task_graph_topology/soda-benchmark-graphs/pytorch-graphs/rez_net_tosa.dot,362,0.9,0.5,1.0,0.9,42,14476.759981256146,26216.0165438757,1.8109035846293655,26216.0165438757,None,10921.381696028191,0.0,13314.806798364203,0.9197366548594861,38790.51962931272,optimize_random_heur,17439.255749956304,1.3052318096160889,7728.175742096613,0.5338332439097357,25153.98686187141,optimize_swarm_heur,7910.219127922881,1046.290045261383,9475.232525966772,0.6545133398795638,32414.870340302266,optimize_random_heur,12299.132597713313,1262.459571838379,13153.884233110108,0.9086207307533704,40235.6708196061,optimize_single_point_heur,17050.810029161104,2.124424457550049,13578.010651297174,0.9379177847030253,39048.55133899923,optimize_single_point_heur,17655.61564268099,2.0768086910247803,13131.551865638201,0.9070780950047069,37243.29923832606,optimize_single_point_heur,17561.391947854187,21.31058406829834,11967.339834059458,0.8266587171130991,38262.60160111533,optimize_single_point_heur,16163.82961443355,25.594773530960083,12251.39989093206,0.8462805148938449,37578.36025143059,optimize_single_point_heur,16681.999803717736,25.403908014297485,7931.245089424781,0.5478605088219877,32604.211704464524,optimize_single_point_heur,11171.870228063493,22.97972345352173
2026-03-12 12:56:13,config_resnet_ed_area_0.9_hw_0.9_seed_3,inputs/task_graph_topology/soda-benchmark-graphs/pytorch-graphs/rez_net_tosa.dot,362,0.9,0.5,1.0,0.9,42,14476.759981256146,26216.0165438757,1.8109035846293655,26216.0165438757,None,10921.381696028191,0.0,13314.806798364203,0.9197366548594861,38790.51962931272,optimize_random_heur,17439.255749956304,1.306039571762085,7728.175742096613,0.5338332439097357,25153.98686187141,optimize_swarm_heur,7910.219127922881,1068.2609677314758,9475.232525966772,0.6545133398795638,32414.870340302266,optimize_random_heur,12299.132597713313,1291.7736265659332,13153.884233110108,0.9086207307533704,40235.6708196061,optimize_single_point_heur,17050.810029161104,2.1366195678710938,13578.010651297174,0.9379177847030253,39048.55133899923,optimize_single_point_heur,17655.61564268099,2.086277961730957,13131.551865638201,0.9070780950047069,37243.29923832606,optimize_single_point_heur,17561.391947854187,21.418230295181274,11967.339834059458,0.8266587171130991,38262.60160111533,optimize_single_point_heur,16163.82961443355,25.65216374397278,12251.39989093206,0.8462805148938449,37578.36025143059,optimize_single_point_heur,16681.999803717736,25.699052810668945,7931.245089424781,0.5478605088219877,32604.211704464524,optimize_single_point_heur,11171.870228063493,23.18228840827942
2026-03-12 12:57:14,config_resnet_ed_area_0.9_hw_0.9_seed_2,inputs/task_graph_topology/soda-benchmark-graphs/pytorch-graphs/rez_net_tosa.dot,362,0.9,0.5,1.0,0.9,42,14476.759981256146,26216.0165438757,1.8109035846293655,26216.0165438757,None,10921.381696028191,0.0,13314.806798364203,0.9197366548594861,38790.51962931272,optimize_random_heur,17439.255749956304,1.3267836570739746,7728.175742096613,0.5338332439097357,25153.98686187141,optimize_swarm_heur,7910.219127922881,1079.8041987419128,9475.232525966772,0.6545133398795638,32414.870340302266,optimize_random_heur,12299.132597713313,1337.2043607234955,13153.884233110108,0.9086207307533704,40235.6708196061,optimize_single_point_heur,17050.810029161104,2.2598633766174316,13578.010651297174,0.9379177847030253,39048.55133899923,optimize_single_point_heur,17655.61564268099,2.212280750274658,13131.551865638201,0.9070780950047069,37243.29923832606,optimize_single_point_heur,17561.391947854187,22.540693998336792,11967.339834059458,0.8266587171130991,38262.60160111533,optimize_single_point_heur,16163.82961443355,26.230135917663574,12251.39989093206,0.8462805148938449,37578.36025143059,optimize_single_point_heur,16681.999803717736,26.393913507461548,7931.245089424781,0.5478605088219877,32604.211704464524,optimize_single_point_heur,11171.870228063493,24.642882585525513
2026-04-09 21:00:56,config_resnet_ed_area_0.1_hw_0.1_seed_1,inputs/task_graph_topology/soda-benchmark-graphs/pytorch-graphs/rez_net_tosa.dot,362,0.1,0.5,1.0,0.1,42,1876.8712304770884,30594.28405324899,16.300683582577012,30594.28405324899,None,16202.945647811632,0.0,18496.710503963615,9.855077004543286,18496.710503963615,optimize_random_heur,18496.71050396363,0.2761497497558594,18496.710503963615,9.855077004543286,18496.710503963615,optimize_swarm_heur,18496.71050396363,206.85619139671326,18496.710503963615,9.855077004543286,18496.710503963615,optimize_random_heur,18496.71050396363,1542.6905434131622,18496.710503963615,9.855077004543286,18496.710503963615,optimize_single_point_heur,18496.71050396363,0.13527321815490723,18496.710503963615,9.855077004543286,18496.710503963615,optimize_single_point_heur,18496.71050396363,0.12843656539916992,18496.710503963615,9.855077004543286,18496.710503963615,optimize_single_point_heur,18496.71050396363,1.4661400318145752,18496.710503963615,9.855077004543286,18496.710503963615,optimize_single_point_heur,18496.71050396363,7.292943000793457,18496.710503963615,9.855077004543286,18496.710503963615,optimize_single_point_heur,18496.71050396363,7.162026405334473,18496.710503963615,9.855077004543286,18496.710503963615,optimize_single_point_heur,18496.71050396363,3.2032175064086914
2026-04-09 21:01:01,config_resnet_ed_area_0.1_hw_0.1_seed_2,inputs/task_graph_topology/soda-benchmark-graphs/pytorch-graphs/rez_net_tosa.dot,362,0.1,0.5,1.0,0.1,42,1876.8712304770884,30594.28405324899,16.300683582577012,30594.28405324899,None,16202.945647811632,0.0,18496.710503963615,9.855077004543286,18496.710503963615,optimize_random_heur,18496.71050396363,0.2917149066925049,18496.710503963615,9.855077004543286,18496.710503963615,optimize_swarm_heur,18496.71050396363,204.98683881759644,18496.710503963615,9.855077004543286,18496.710503963615,optimize_random_heur,18496.71050396363,1502.449533700943,18496.710503963615,9.855077004543286,18496.710503963615,optimize_single_point_heur,18496.71050396363,0.12735676765441895,18496.710503963615,9.855077004543286,18496.710503963615,optimize_single_point_heur,18496.71050396363,0.12206149101257324,18496.710503963615,9.855077004543286,18496.710503963615,optimize_single_point_heur,18496.71050396363,1.373877763748169,18496.710503963615,9.855077004543286,18496.710503963615,optimize_single_point_heur,18496.71050396363,7.129719018936157,18496.710503963615,9.855077004543286,18496.710503963615,optimize_single_point_heur,18496.71050396363,7.005783796310425,18496.710503963615,9.855077004543286,18496.710503963615,optimize_single_point_heur,18496.71050396363,3.1194937229156494
2026-04-09 21:01:04,config_resnet_ed_area_0.1_hw_0.1_seed_3,inputs/task_graph_topology/soda-benchmark-graphs/pytorch-graphs/rez_net_tosa.dot,362,0.1,0.5,1.0,0.1,42,1876.8712304770884,30594.28405324899,16.300683582577012,30594.28405324899,None,16202.945647811632,0.0,18496.710503963615,9.855077004543286,18496.710503963615,optimize_random_heur,18496.71050396363,0.29035067558288574,18496.710503963615,9.855077004543286,18496.710503963615,optimize_swarm_heur,18496.71050396363,207.38277792930603,18496.710503963615,9.855077004543286,18496.710503963615,optimize_random_heur,18496.71050396363,1502.9396364688873,18496.710503963615,9.855077004543286,18496.710503963615,optimize_single_point_heur,18496.71050396363,0.1301281452178955,18496.710503963615,9.855077004543286,18496.710503963615,optimize_single_point_heur,18496.71050396363,0.12348103523254395,18496.710503963615,9.855077004543286,18496.710503963615,optimize_single_point_heur,18496.71050396363,1.3779993057250977,18496.710503963615,9.855077004543286,18496.710503963615,optimize_single_point_heur,18496.71050396363,7.042888641357422,18496.710503963615,9.855077004543286,18496.710503963615,optimize_single_point_heur,18496.71050396363,6.988075494766235,18496.710503963615,9.855077004543286,18496.710503963615,optimize_single_point_heur,18496.71050396363,3.0847232341766357
2026-04-09 21:01:23,config_resnet_ed_area_0.1_hw_0.1_seed_0,inputs/task_graph_topology/soda-benchmark-graphs/pytorch-graphs/rez_net_tosa.dot,362,0.1,0.5,1.0,0.1,42,1876.8712304770884,30594.28405324899,16.300683582577012,30594.28405324899,None,16202.945647811632,0.0,18496.710503963615,9.855077004543286,18496.710503963615,optimize_random_heur,18496.71050396363,0.27965784072875977,18496.710503963615,9.855077004543286,18496.710503963615,optimize_swarm_heur,18496.71050396363,206.1767008304596,18496.710503963615,9.855077004543286,18496.710503963615,optimize_random_heur,18496.71050396363,1568.7447791099548,18496.710503963615,9.855077004543286,18496.710503963615,optimize_single_point_heur,18496.71050396363,0.14083504676818848,18496.710503963615,9.855077004543286,18496.710503963615,optimize_single_point_heur,18496.71050396363,0.13036322593688965,18496.710503963615,9.855077004543286,18496.710503963615,optimize_single_point_heur,18496.71050396363,1.513479232788086,18496.710503963615,9.855077004543286,18496.710503963615,optimize_single_point_heur,18496.71050396363,7.473020076751709,18496.710503963615,9.855077004543286,18496.710503963615,optimize_single_point_heur,18496.71050396363,7.2851057052612305,18496.710503963615,9.855077004543286,18496.710503963615,optimize_single_point_heur,18496.71050396363,3.52384877204895
2026-04-09 21:01:32,config_resnet_ed_area_0.1_hw_0.3_seed_0,inputs/task_graph_topology/soda-benchmark-graphs/pytorch-graphs/rez_net_tosa.dot,362,0.3,0.5,1.0,0.1,42,5629.515000900963,30835.508131350318,5.477471527549943,30835.508131350318,None,16271.662241678145,0.0,18496.710503963615,3.285666793854062,18496.710503963615,optimize_random_heur,18496.71050396363,0.27549123764038086,18496.710503963615,3.285666793854062,18496.710503963615,optimize_swarm_heur,18496.71050396363,201.9085295200348,18496.710503963615,3.285666793854062,18496.710503963615,optimize_random_heur,18496.71050396363,1536.4404435157776,18496.710503963615,3.285666793854062,18496.710503963615,optimize_single_point_heur,18496.71050396363,0.13745689392089844,18496.710503963615,3.285666793854062,18496.710503963615,optimize_single_point_heur,18496.71050396363,0.12763333320617676,18496.710503963615,3.285666793854062,18496.710503963615,optimize_single_point_heur,18496.71050396363,1.4851789474487305,18496.710503963615,3.285666793854062,18496.710503963615,optimize_single_point_heur,18496.71050396363,7.383300304412842,18496.710503963615,3.285666793854062,18496.710503963615,optimize_single_point_heur,18496.71050396363,7.371045351028442,18496.710503963615,3.285666793854062,18496.710503963615,optimize_single_point_heur,18496.71050396363,3.238481044769287
2026-04-09 21:01:53,config_resnet_ed_area_0.1_hw_0.3_seed_1,inputs/task_graph_topology/soda-benchmark-graphs/pytorch-graphs/rez_net_tosa.dot,362,0.3,0.5,1.0,0.1,42,5629.515000900963,30835.508131350318,5.477471527549943,30835.508131350318,None,16271.662241678145,0.0,18496.710503963615,3.285666793854062,18496.710503963615,optimize_random_heur,18496.71050396363,0.27660441398620605,18496.710503963615,3.285666793854062,18496.710503963615,optimize_swarm_heur,18496.71050396363,203.37147092819214,18496.710503963615,3.285666793854062,18496.710503963615,optimize_random_heur,18496.71050396363,1555.9292621612549,18496.710503963615,3.285666793854062,18496.710503963615,optimize_single_point_heur,18496.71050396363,0.13838672637939453,18496.710503963615,3.285666793854062,18496.710503963615,optimize_single_point_heur,18496.71050396363,0.12813329696655273,18496.710503963615,3.285666793854062,18496.710503963615,optimize_single_point_heur,18496.71050396363,1.4759619235992432,18496.710503963615,3.285666793854062,18496.710503963615,optimize_single_point_heur,18496.71050396363,7.2773215770721436,18496.710503963615,3.285666793854062,18496.710503963615,optimize_single_point_heur,18496.71050396363,7.1456873416900635,18496.710503963615,3.285666793854062,18496.710503963615,optimize_single_point_heur,18496.71050396363,3.291898488998413
2026-04-09 21:01:55,config_resnet_ed_area_0.1_hw_0.3_seed_2,inputs/task_graph_topology/soda-benchmark-graphs/pytorch-graphs/rez_net_tosa.dot,362,0.3,0.5,1.0,0.1,42,5629.515000900963,30835.508131350318,5.477471527549943,30835.508131350318,None,16271.662241678145,0.0,18496.710503963615,3.285666793854062,18496.710503963615,optimize_random_heur,18496.71050396363,0.2878990173339844,18496.710503963615,3.285666793854062,18496.710503963615,optimize_swarm_heur,18496.71050396363,203.068284034729,18496.710503963615,3.285666793854062,18496.710503963615,optimize_random_heur,18496.71050396363,1516.6564366817474,18496.710503963615,3.285666793854062,18496.710503963615,optimize_single_point_heur,18496.71050396363,0.1321885585784912,18496.710503963615,3.285666793854062,18496.710503963615,optimize_single_point_heur,18496.71050396363,0.12535333633422852,18496.710503963615,3.285666793854062,18496.710503963615,optimize_single_point_heur,18496.71050396363,1.396169900894165,18496.710503963615,3.285666793854062,18496.710503963615,optimize_single_point_heur,18496.71050396363,6.891627073287964,18496.710503963615,3.285666793854062,18496.710503963615,optimize_single_point_heur,18496.71050396363,6.748053789138794,18496.710503963615,3.285666793854062,18496.710503963615,optimize_single_point_heur,18496.71050396363,3.0469839572906494
2026-04-09 21:02:19,config_resnet_ed_area_0.1_hw_0.5_seed_0,inputs/task_graph_topology/soda-benchmark-graphs/pytorch-graphs/rez_net_tosa.dot,362,0.5,0.5,1.0,0.1,42,9311.942737816993,30778.248632303465,3.3052446196118725,30778.248632303465,None,17518.601204738097,0.0,18496.710503963615,1.986342809953728,18496.710503963615,optimize_random_heur,18496.71050396363,0.2769176959991455,18496.710503963615,1.986342809953728,18496.710503963615,optimize_swarm_heur,18496.71050396363,204.1144790649414,18496.710503963615,1.986342809953728,18496.710503963615,optimize_random_heur,18496.71050396363,1539.507182598114,18496.710503963615,1.986342809953728,18496.710503963615,optimize_single_point_heur,18496.71050396363,0.13663148880004883,18496.710503963615,1.986342809953728,18496.710503963615,optimize_single_point_heur,18496.71050396363,0.12875723838806152,18496.710503963615,1.986342809953728,18496.710503963615,optimize_single_point_heur,18496.71050396363,1.4790163040161133,18496.710503963615,1.986342809953728,18496.710503963615,optimize_single_point_heur,18496.71050396363,7.136198997497559,18496.710503963615,1.986342809953728,18496.710503963615,optimize_single_point_heur,18496.71050396363,7.054669141769409,18496.710503963615,1.986342809953728,18496.710503963615,optimize_single_point_heur,18496.71050396363,3.17193603515625
2026-04-09 21:02:57,config_resnet_ed_area_0.1_hw_0.3_seed_3,inputs/task_graph_topology/soda-benchmark-graphs/pytorch-graphs/rez_net_tosa.dot,362,0.3,0.5,1.0,0.1,42,5629.515000900963,30835.508131350318,5.477471527549943,30835.508131350318,None,16271.662241678145,0.0,18496.710503963615,3.285666793854062,18496.710503963615,optimize_random_heur,18496.71050396363,0.2980222702026367,18496.710503963615,3.285666793854062,18496.710503963615,optimize_swarm_heur,18496.71050396363,208.80686902999878,18496.710503963615,3.285666793854062,18496.710503963615,optimize_random_heur,18496.71050396363,1567.6106674671173,18496.710503963615,3.285666793854062,18496.710503963615,optimize_single_point_heur,18496.71050396363,0.13354992866516113,18496.710503963615,3.285666793854062,18496.710503963615,optimize_single_point_heur,18496.71050396363,0.126295804977417,18496.710503963615,3.285666793854062,18496.710503963615,optimize_single_point_heur,18496.71050396363,1.4372782707214355,18496.710503963615,3.285666793854062,18496.710503963615,optimize_single_point_heur,18496.71050396363,8.25940489768982,18496.710503963615,3.285666793854062,18496.710503963615,optimize_single_point_heur,18496.71050396363,7.605600118637085,18496.710503963615,3.285666793854062,18496.710503963615,optimize_single_point_heur,18496.71050396363,3.377450466156006
2026-04-09 21:04:04,config_resnet_ed_area_0.1_hw_0.5_seed_1,inputs/task_graph_topology/soda-benchmark-graphs/pytorch-graphs/rez_net_tosa.dot,362,0.5,0.5,1.0,0.1,42,9311.942737816993,30778.248632303465,3.3052446196118725,30778.248632303465,None,17518.601204738097,0.0,18496.710503963615,1.986342809953728,18496.710503963615,optimize_random_heur,18496.71050396363,0.2736015319824219,18496.710503963615,1.986342809953728,18496.710503963615,optimize_swarm_heur,18496.71050396363,202.2888684272766,18496.710503963615,1.986342809953728,18496.710503963615,optimize_random_heur,18496.71050396363,1552.212303161621,18496.710503963615,1.986342809953728,18496.710503963615,optimize_single_point_heur,18496.71050396363,0.13471007347106934,18496.710503963615,1.986342809953728,18496.710503963615,optimize_single_point_heur,18496.71050396363,0.1264512538909912,18496.710503963615,1.986342809953728,18496.710503963615,optimize_single_point_heur,18496.71050396363,1.4754948616027832,18496.710503963615,1.986342809953728,18496.710503963615,optimize_single_point_heur,18496.71050396363,7.225396633148193,18496.710503963615,1.986342809953728,18496.710503963615,optimize_single_point_heur,18496.71050396363,7.107568979263306,18496.710503963615,1.986342809953728,18496.710503963615,optimize_single_point_heur,18496.71050396363,3.2199344635009766
2026-04-09 21:04:13,config_resnet_ed_area_0.1_hw_0.7_seed_1,inputs/task_graph_topology/soda-benchmark-graphs/pytorch-graphs/rez_net_tosa.dot,362,0.7,0.5,1.0,0.1,42,12459.889958209249,29220.939136421268,2.34520041785513,29220.939136421268,None,17838.26283700595,0.0,18496.710503963615,1.4845003098744851,18496.710503963615,optimize_random_heur,18496.71050396363,0.2712881565093994,18496.710503963615,1.4845003098744851,18496.710503963615,optimize_swarm_heur,18496.71050396363,203.92020845413208,18496.710503963615,1.4845003098744851,18496.710503963615,optimize_random_heur,18496.71050396363,1526.5396711826324,18496.710503963615,1.4845003098744851,18496.710503963615,optimize_single_point_heur,18496.71050396363,0.13394951820373535,18496.710503963615,1.4845003098744851,18496.710503963615,optimize_single_point_heur,18496.71050396363,0.12702560424804688,18496.710503963615,1.4845003098744851,18496.710503963615,optimize_single_point_heur,18496.71050396363,1.465355634689331,18496.710503963615,1.4845003098744851,18496.710503963615,optimize_single_point_heur,18496.71050396363,7.286808967590332,18496.710503963615,1.4845003098744851,18496.710503963615,optimize_single_point_heur,18496.71050396363,7.075572967529297,18496.710503963615,1.4845003098744851,18496.710503963615,optimize_single_point_heur,18496.71050396363,3.268120765686035
2026-04-09 21:04:53,config_resnet_ed_area_0.1_hw_0.5_seed_3,inputs/task_graph_topology/soda-benchmark-graphs/pytorch-graphs/rez_net_tosa.dot,362,0.5,0.5,1.0,0.1,42,9311.942737816993,30778.248632303465,3.3052446196118725,30778.248632303465,None,17518.601204738097,0.0,18496.710503963615,1.986342809953728,18496.710503963615,optimize_random_heur,18496.71050396363,0.3027639389038086,18496.710503963615,1.986342809953728,18496.710503963615,optimize_swarm_heur,18496.71050396363,209.88000392913818,18496.710503963615,1.986342809953728,18496.710503963615,optimize_random_heur,18496.71050396363,1588.2385199069977,18496.710503963615,1.986342809953728,18496.710503963615,optimize_single_point_heur,18496.71050396363,0.152177095413208,18496.710503963615,1.986342809953728,18496.710503963615,optimize_single_point_heur,18496.71050396363,0.1531982421875,18496.710503963615,1.986342809953728,18496.710503963615,optimize_single_point_heur,18496.71050396363,1.599081039428711,18496.710503963615,1.986342809953728,18496.710503963615,optimize_single_point_heur,18496.71050396363,7.996979236602783,18496.710503963615,1.986342809953728,18496.710503963615,optimize_single_point_heur,18496.71050396363,7.803823471069336,18496.710503963615,1.986342809953728,18496.710503963615,optimize_single_point_heur,18496.71050396363,3.54545521736145
2026-04-09 21:04:53,config_resnet_ed_area_0.1_hw_0.5_seed_2,inputs/task_graph_topology/soda-benchmark-graphs/pytorch-graphs/rez_net_tosa.dot,362,0.5,0.5,1.0,0.1,42,9311.942737816993,30778.248632303465,3.3052446196118725,30778.248632303465,None,17518.601204738097,0.0,18496.710503963615,1.986342809953728,18496.710503963615,optimize_random_heur,18496.71050396363,0.2982969284057617,18496.710503963615,1.986342809953728,18496.710503963615,optimize_swarm_heur,18496.71050396363,204.371356010437,18496.710503963615,1.986342809953728,18496.710503963615,optimize_random_heur,18496.71050396363,1594.5606262683868,18496.710503963615,1.986342809953728,18496.710503963615,optimize_single_point_heur,18496.71050396363,0.14524555206298828,18496.710503963615,1.986342809953728,18496.710503963615,optimize_single_point_heur,18496.71050396363,0.13942456245422363,18496.710503963615,1.986342809953728,18496.710503963615,optimize_single_point_heur,18496.71050396363,1.585303783416748,18496.710503963615,1.986342809953728,18496.710503963615,optimize_single_point_heur,18496.71050396363,7.794589281082153,18496.710503963615,1.986342809953728,18496.710503963615,optimize_single_point_heur,18496.71050396363,7.662537097930908,18496.710503963615,1.986342809953728,18496.710503963615,optimize_single_point_heur,18496.71050396363,3.4725286960601807
2026-04-09 21:05:03,config_resnet_ed_area_0.1_hw_0.7_seed_0,inputs/task_graph_topology/soda-benchmark-graphs/pytorch-graphs/rez_net_tosa.dot,362,0.7,0.5,1.0,0.1,42,12459.889958209249,29220.939136421268,2.34520041785513,29220.939136421268,None,17838.26283700595,0.0,18496.710503963615,1.4845003098744851,18496.710503963615,optimize_random_heur,18496.71050396363,0.2825791835784912,18496.710503963615,1.4845003098744851,18496.710503963615,optimize_swarm_heur,18496.71050396363,205.51329684257507,18496.710503963615,1.4845003098744851,18496.710503963615,optimize_random_heur,18496.71050396363,1574.0471901893616,18496.710503963615,1.4845003098744851,18496.710503963615,optimize_single_point_heur,18496.71050396363,0.1381969451904297,18496.710503963615,1.4845003098744851,18496.710503963615,optimize_single_point_heur,18496.71050396363,0.12929844856262207,18496.710503963615,1.4845003098744851,18496.710503963615,optimize_single_point_heur,18496.71050396363,1.4668619632720947,18496.710503963615,1.4845003098744851,18496.710503963615,optimize_single_point_heur,18496.71050396363,7.487924814224243,18496.710503963615,1.4845003098744851,18496.710503963615,optimize_single_point_heur,18496.71050396363,7.315647125244141,18496.710503963615,1.4845003098744851,18496.710503963615,optimize_single_point_heur,18496.71050396363,3.4564836025238037
2026-04-09 21:05:25,config_resnet_ed_area_0.1_hw_0.7_seed_3,inputs/task_graph_topology/soda-benchmark-graphs/pytorch-graphs/rez_net_tosa.dot,362,0.7,0.5,1.0,0.1,42,12459.889958209249,29220.939136421268,2.34520041785513,29220.939136421268,None,17838.26283700595,0.0,18496.710503963615,1.4845003098744851,18496.710503963615,optimize_random_heur,18496.71050396363,0.2723233699798584,18496.710503963615,1.4845003098744851,18496.710503963615,optimize_swarm_heur,18496.71050396363,201.64641308784485,18496.710503963615,1.4845003098744851,18496.710503963615,optimize_random_heur,18496.71050396363,1536.6550889015198,18496.710503963615,1.4845003098744851,18496.710503963615,optimize_single_point_heur,18496.71050396363,0.13635587692260742,18496.710503963615,1.4845003098744851,18496.710503963615,optimize_single_point_heur,18496.71050396363,0.1279773712158203,18496.710503963615,1.4845003098744851,18496.710503963615,optimize_single_point_heur,18496.71050396363,1.4800362586975098,18496.710503963615,1.4845003098744851,18496.710503963615,optimize_single_point_heur,18496.71050396363,7.2777018547058105,18496.710503963615,1.4845003098744851,18496.710503963615,optimize_single_point_heur,18496.71050396363,7.278851747512817,18496.710503963615,1.4845003098744851,18496.710503963615,optimize_single_point_heur,18496.71050396363,3.288194179534912
2026-04-09 21:05:30,config_resnet_ed_area_0.1_hw_0.7_seed_2,inputs/task_graph_topology/soda-benchmark-graphs/pytorch-graphs/rez_net_tosa.dot,362,0.7,0.5,1.0,0.1,42,12459.889958209249,29220.939136421268,2.34520041785513,29220.939136421268,None,17838.26283700595,0.0,18496.710503963615,1.4845003098744851,18496.710503963615,optimize_random_heur,18496.71050396363,0.27210164070129395,18496.710503963615,1.4845003098744851,18496.710503963615,optimize_swarm_heur,18496.71050396363,204.76506900787354,18496.710503963615,1.4845003098744851,18496.710503963615,optimize_random_heur,18496.71050396363,1538.2360129356384,18496.710503963615,1.4845003098744851,18496.710503963615,optimize_single_point_heur,18496.71050396363,0.14426970481872559,18496.710503963615,1.4845003098744851,18496.710503963615,optimize_single_point_heur,18496.71050396363,0.13425946235656738,18496.710503963615,1.4845003098744851,18496.710503963615,optimize_single_point_heur,18496.71050396363,1.4728083610534668,18496.710503963615,1.4845003098744851,18496.710503963615,optimize_single_point_heur,18496.71050396363,7.425894498825073,18496.710503963615,1.4845003098744851,18496.710503963615,optimize_single_point_heur,18496.71050396363,7.3009796142578125,18496.710503963615,1.4845003098744851,18496.710503963615,optimize_single_point_heur,18496.71050396363,3.3096587657928467
2026-04-09 21:26:11,config_resnet_ed_area_0.1_hw_0.9_seed_0,inputs/task_graph_topology/soda-benchmark-graphs/pytorch-graphs/rez_net_tosa.dot,362,0.9,0.5,1.0,0.1,42,14476.759981256146,27985.767379952402,1.9331513001657215,27985.767379952402,None,17604.860229538426,0.0,18496.710503963615,1.277683026306461,18496.710503963615,optimize_random_heur,18496.71050396363,0.281130313873291,18496.710503963615,1.277683026306461,18496.710503963615,optimize_swarm_heur,18496.71050396363,205.29158687591553,18496.710503963615,1.277683026306461,18496.710503963615,optimize_random_heur,18496.71050396363,1540.0433695316315,18496.710503963615,1.277683026306461,18496.710503963615,optimize_single_point_heur,18496.71050396363,0.13340544700622559,18496.710503963615,1.277683026306461,18496.710503963615,optimize_single_point_heur,18496.71050396363,0.1246480941772461,18496.710503963615,1.277683026306461,18496.710503963615,optimize_single_point_heur,18496.71050396363,1.4327528476715088,18496.710503963615,1.277683026306461,18496.710503963615,optimize_single_point_heur,18496.71050396363,7.115893602371216,18496.710503963615,1.277683026306461,18496.710503963615,optimize_single_point_heur,18496.71050396363,7.0262134075164795,18496.710503963615,1.277683026306461,18496.710503963615,optimize_single_point_heur,18496.71050396363,3.134108304977417
2026-04-09 21:31:58,config_resnet_ed_area_0.1_hw_0.9_seed_1,inputs/task_graph_topology/soda-benchmark-graphs/pytorch-graphs/rez_net_tosa.dot,362,0.9,0.5,1.0,0.1,42,14476.759981256146,27985.767379952402,1.9331513001657215,27985.767379952402,None,17604.860229538426,0.0,18496.710503963615,1.277683026306461,18496.710503963615,optimize_random_heur,18496.71050396363,0.294985294342041,18496.710503963615,1.277683026306461,18496.710503963615,optimize_swarm_heur,18496.71050396363,208.25832152366638,18496.710503963615,1.277683026306461,18496.710503963615,optimize_random_heur,18496.71050396363,1597.0913002490997,18496.710503963615,1.277683026306461,18496.710503963615,optimize_single_point_heur,18496.71050396363,0.13659882545471191,18496.710503963615,1.277683026306461,18496.710503963615,optimize_single_point_heur,18496.71050396363,0.12826108932495117,18496.710503963615,1.277683026306461,18496.710503963615,optimize_single_point_heur,18496.71050396363,1.4659266471862793,18496.710503963615,1.277683026306461,18496.710503963615,optimize_single_point_heur,18496.71050396363,7.247653245925903,18496.710503963615,1.277683026306461,18496.710503963615,optimize_single_point_heur,18496.71050396363,7.167590379714966,18496.710503963615,1.277683026306461,18496.710503963615,optimize_single_point_heur,18496.71050396363,3.2360384464263916
2026-04-09 21:33:01,config_resnet_ed_area_0.3_hw_0.1_seed_1,inputs/task_graph_topology/soda-benchmark-graphs/pytorch-graphs/rez_net_tosa.dot,362,0.1,0.5,1.0,0.3,42,1876.8712304770884,31378.775410438444,16.718661835134082,31378.775410438444,None,14289.160633129684,0.0,18496.710503963615,9.855077004543286,18496.710503963615,optimize_random_heur,18496.71050396363,0.2749934196472168,12034.652784570259,6.412082293738995,27973.307445505492,optimize_swarm_heur,14688.340848398419,307.6442358493805,18496.710503963615,9.855077004543286,18496.710503963615,optimize_random_heur,18496.71050396363,1527.199334859848,18496.710503963615,9.855077004543286,18496.710503963615,optimize_single_point_heur,18496.71050396363,0.13564181327819824,18496.710503963615,9.855077004543286,18496.710503963615,optimize_single_point_heur,18496.71050396363,0.1277296543121338,18496.710503963615,9.855077004543286,18496.710503963615,optimize_single_point_heur,18496.71050396363,1.4651470184326172,18496.710503963615,9.855077004543286,18496.710503963615,optimize_single_point_heur,18496.71050396363,7.261694431304932,18496.710503963615,9.855077004543286,18496.710503963615,optimize_single_point_heur,18496.71050396363,7.189187526702881,18496.710503963615,9.855077004543286,18496.710503963615,optimize_single_point_heur,18496.71050396363,3.2074081897735596
2026-04-09 21:34:20,config_resnet_ed_area_0.3_hw_0.1_seed_0,inputs/task_graph_topology/soda-benchmark-graphs/pytorch-graphs/rez_net_tosa.dot,362,0.1,0.5,1.0,0.3,42,1876.8712304770884,31378.775410438444,16.718661835134082,31378.775410438444,None,14289.160633129684,0.0,18496.710503963615,9.855077004543286,18496.710503963615,optimize_random_heur,18496.71050396363,0.2902672290802002,12034.652784570259,6.412082293738995,27973.307445505492,optimize_swarm_heur,14688.340848398419,323.27702617645264,18496.710503963615,9.855077004543286,18496.710503963615,optimize_random_heur,18496.71050396363,1589.609386920929,18496.710503963615,9.855077004543286,18496.710503963615,optimize_single_point_heur,18496.71050396363,0.1391916275024414,18496.710503963615,9.855077004543286,18496.710503963615,optimize_single_point_heur,18496.71050396363,0.13227558135986328,18496.710503963615,9.855077004543286,18496.710503963615,optimize_single_point_heur,18496.71050396363,1.4893708229064941,18496.710503963615,9.855077004543286,18496.710503963615,optimize_single_point_heur,18496.71050396363,7.526329040527344,18496.710503963615,9.855077004543286,18496.710503963615,optimize_single_point_heur,18496.71050396363,7.4212000370025635,18496.710503963615,9.855077004543286,18496.710503963615,optimize_single_point_heur,18496.71050396363,3.3054285049438477
2026-04-09 21:34:29,config_resnet_ed_area_0.1_hw_0.9_seed_3,inputs/task_graph_topology/soda-benchmark-graphs/pytorch-graphs/rez_net_tosa.dot,362,0.9,0.5,1.0,0.1,42,14476.759981256146,27985.767379952402,1.9331513001657215,27985.767379952402,None,17604.860229538426,0.0,18496.710503963615,1.277683026306461,18496.710503963615,optimize_random_heur,18496.71050396363,0.32228684425354004,18496.710503963615,1.277683026306461,18496.710503963615,optimize_swarm_heur,18496.71050396363,228.66640210151672,18496.710503963615,1.277683026306461,18496.710503963615,optimize_random_heur,18496.71050396363,1723.5564856529236,18496.710503963615,1.277683026306461,18496.710503963615,optimize_single_point_heur,18496.71050396363,0.14967918395996094,18496.710503963615,1.277683026306461,18496.710503963615,optimize_single_point_heur,18496.71050396363,0.13910770416259766,18496.710503963615,1.277683026306461,18496.710503963615,optimize_single_point_heur,18496.71050396363,1.6057395935058594,18496.710503963615,1.277683026306461,18496.710503963615,optimize_single_point_heur,18496.71050396363,7.888898611068726,18496.710503963615,1.277683026306461,18496.710503963615,optimize_single_point_heur,18496.71050396363,7.9016337394714355,18496.710503963615,1.277683026306461,18496.710503963615,optimize_single_point_heur,18496.71050396363,3.634547472000122
2026-04-09 21:34:38,config_resnet_ed_area_0.1_hw_0.9_seed_2,inputs/task_graph_topology/soda-benchmark-graphs/pytorch-graphs/rez_net_tosa.dot,362,0.9,0.5,1.0,0.1,42,14476.759981256146,27985.767379952402,1.9331513001657215,27985.767379952402,None,17604.860229538426,0.0,18496.710503963615,1.277683026306461,18496.710503963615,optimize_random_heur,18496.71050396363,0.3174326419830322,18496.710503963615,1.277683026306461,18496.710503963615,optimize_swarm_heur,18496.71050396363,238.7700228691101,18496.710503963615,1.277683026306461,18496.710503963615,optimize_random_heur,18496.71050396363,1722.7016232013702,18496.710503963615,1.277683026306461,18496.710503963615,optimize_single_point_heur,18496.71050396363,0.17339587211608887,18496.710503963615,1.277683026306461,18496.710503963615,optimize_single_point_heur,18496.71050396363,0.16163253784179688,18496.710503963615,1.277683026306461,18496.710503963615,optimize_single_point_heur,18496.71050396363,1.8163056373596191,18496.710503963615,1.277683026306461,18496.710503963615,optimize_single_point_heur,18496.71050396363,8.078884363174438,18496.710503963615,1.277683026306461,18496.710503963615,optimize_single_point_heur,18496.71050396363,7.692867994308472,18496.710503963615,1.277683026306461,18496.710503963615,optimize_single_point_heur,18496.71050396363,3.505652904510498
2026-04-09 21:34:44,config_resnet_ed_area_0.3_hw_0.5_seed_0,inputs/task_graph_topology/soda-benchmark-graphs/pytorch-graphs/rez_net_tosa.dot,362,0.5,0.5,1.0,0.3,42,9311.942737816993,34761.444632615894,3.732995961352427,34761.444632615894,None,16006.478586912192,0.0,18496.710503963615,1.986342809953728,18496.710503963615,optimize_random_heur,18496.71050396363,0.2559971809387207,12848.715271584355,1.379810382575064,31463.553934475047,optimize_swarm_heur,17014.654444363383,292.71396470069885,18496.710503963615,1.986342809953728,18496.710503963615,optimize_random_heur,18496.71050396363,1413.7948174476624,18496.710503963615,1.986342809953728,18496.710503963615,optimize_single_point_heur,18496.71050396363,0.12721753120422363,18496.710503963615,1.986342809953728,18496.710503963615,optimize_single_point_heur,18496.71050396363,0.12081527709960938,18496.710503963615,1.986342809953728,18496.710503963615,optimize_single_point_heur,18496.71050396363,1.3743648529052734,18496.710503963615,1.986342809953728,18496.710503963615,optimize_single_point_heur,18496.71050396363,7.015660762786865,18496.710503963615,1.986342809953728,18496.710503963615,optimize_single_point_heur,18496.71050396363,6.940790414810181,18496.710503963615,1.986342809953728,18496.710503963615,optimize_single_point_heur,18496.71050396363,3.0229685306549072
2026-04-09 21:34:57,config_resnet_ed_area_0.3_hw_0.3_seed_0,inputs/task_graph_topology/soda-benchmark-graphs/pytorch-graphs/rez_net_tosa.dot,362,0.3,0.5,1.0,0.3,42,5629.515000900963,35167.262427798014,6.246943550584686,35167.262427798014,None,15932.151430781709,0.0,18496.710503963615,3.285666793854062,18496.710503963615,optimize_random_heur,18496.71050396363,0.26354551315307617,12629.615118919868,2.243464155775158,31495.867016474862,optimize_swarm_heur,16431.20462213596,310.2973663806915,18496.710503963615,3.285666793854062,18496.710503963615,optimize_random_heur,18496.71050396363,1597.6775436401367,18496.710503963615,3.285666793854062,18496.710503963615,optimize_single_point_heur,18496.71050396363,0.14710092544555664,18496.710503963615,3.285666793854062,18496.710503963615,optimize_single_point_heur,18496.71050396363,0.13111090660095215,18496.710503963615,3.285666793854062,18496.710503963615,optimize_single_point_heur,18496.71050396363,1.4744422435760498,18496.710503963615,3.285666793854062,18496.710503963615,optimize_single_point_heur,18496.71050396363,7.446804761886597,18496.710503963615,3.285666793854062,18496.710503963615,optimize_single_point_heur,18496.71050396363,7.511209487915039,18496.710503963615,3.285666793854062,18496.710503963615,optimize_single_point_heur,18496.71050396363,3.4743332862854004
2026-04-09 21:35:08,config_resnet_ed_area_0.3_hw_0.1_seed_3,inputs/task_graph_topology/soda-benchmark-graphs/pytorch-graphs/rez_net_tosa.dot,362,0.1,0.5,1.0,0.3,42,1876.8712304770884,31378.775410438444,16.718661835134082,31378.775410438444,None,14289.160633129684,0.0,18496.710503963615,9.855077004543286,18496.710503963615,optimize_random_heur,18496.71050396363,0.2911710739135742,12034.652784570259,6.412082293738995,27973.307445505492,optimize_swarm_heur,14688.340848398419,322.050270318985,18496.710503963615,9.855077004543286,18496.710503963615,optimize_random_heur,18496.71050396363,1593.215814590454,18496.710503963615,9.855077004543286,18496.710503963615,optimize_single_point_heur,18496.71050396363,0.13625717163085938,18496.710503963615,9.855077004543286,18496.710503963615,optimize_single_point_heur,18496.71050396363,0.12974834442138672,18496.710503963615,9.855077004543286,18496.710503963615,optimize_single_point_heur,18496.71050396363,1.4622554779052734,18496.710503963615,9.855077004543286,18496.710503963615,optimize_single_point_heur,18496.71050396363,7.424018144607544,18496.710503963615,9.855077004543286,18496.710503963615,optimize_single_point_heur,18496.71050396363,7.502904891967773,18496.710503963615,9.855077004543286,18496.710503963615,optimize_single_point_heur,18496.71050396363,3.2627456188201904
2026-04-09 21:35:54,config_resnet_ed_area_0.3_hw_0.3_seed_2,inputs/task_graph_topology/soda-benchmark-graphs/pytorch-graphs/rez_net_tosa.dot,362,0.3,0.5,1.0,0.3,42,5629.515000900963,35167.262427798014,6.246943550584686,35167.262427798014,None,15932.151430781709,0.0,18496.710503963615,3.285666793854062,18496.710503963615,optimize_random_heur,18496.71050396363,0.27188825607299805,12629.615118919868,2.243464155775158,31495.867016474862,optimize_swarm_heur,16431.20462213596,320.30397963523865,18496.710503963615,3.285666793854062,18496.710503963615,optimize_random_heur,18496.71050396363,1537.285385131836,18496.710503963615,3.285666793854062,18496.710503963615,optimize_single_point_heur,18496.71050396363,0.1369919776916504,18496.710503963615,3.285666793854062,18496.710503963615,optimize_single_point_heur,18496.71050396363,0.13088440895080566,18496.710503963615,3.285666793854062,18496.710503963615,optimize_single_point_heur,18496.71050396363,1.4808473587036133,18496.710503963615,3.285666793854062,18496.710503963615,optimize_single_point_heur,18496.71050396363,7.382724285125732,18496.710503963615,3.285666793854062,18496.710503963615,optimize_single_point_heur,18496.71050396363,7.2728800773620605,18496.710503963615,3.285666793854062,18496.710503963615,optimize_single_point_heur,18496.71050396363,3.2346861362457275
2026-04-09 21:36:03,config_resnet_ed_area_0.3_hw_0.1_seed_2,inputs/task_graph_topology/soda-benchmark-graphs/pytorch-graphs/rez_net_tosa.dot,362,0.1,0.5,1.0,0.3,42,1876.8712304770884,31378.775410438444,16.718661835134082,31378.775410438444,None,14289.160633129684,0.0,18496.710503963615,9.855077004543286,18496.710503963615,optimize_random_heur,18496.71050396363,0.30228471755981445,12034.652784570259,6.412082293738995,27973.307445505492,optimize_swarm_heur,14688.340848398419,329.0398602485657,18496.710503963615,9.855077004543286,18496.710503963615,optimize_random_heur,18496.71050396363,1641.875534772873,18496.710503963615,9.855077004543286,18496.710503963615,optimize_single_point_heur,18496.71050396363,0.13738536834716797,18496.710503963615,9.855077004543286,18496.710503963615,optimize_single_point_heur,18496.71050396363,0.1298689842224121,18496.710503963615,9.855077004543286,18496.710503963615,optimize_single_point_heur,18496.71050396363,1.4330191612243652,18496.710503963615,9.855077004543286,18496.710503963615,optimize_single_point_heur,18496.71050396363,7.180790662765503,18496.710503963615,9.855077004543286,18496.710503963615,optimize_single_point_heur,18496.71050396363,7.062258243560791,18496.710503963615,9.855077004543286,18496.710503963615,optimize_single_point_heur,18496.71050396363,3.2635505199432373
2026-04-09 21:37:11,config_resnet_ed_area_0.3_hw_0.3_seed_1,inputs/task_graph_topology/soda-benchmark-graphs/pytorch-graphs/rez_net_tosa.dot,362,0.3,0.5,1.0,0.3,42,5629.515000900963,35167.262427798014,6.246943550584686,35167.262427798014,None,15932.151430781709,0.0,18496.710503963615,3.285666793854062,18496.710503963615,optimize_random_heur,18496.71050396363,0.316770076751709,12629.615118919868,2.243464155775158,31495.867016474862,optimize_swarm_heur,16431.20462213596,330.72361731529236,18496.710503963615,3.285666793854062,18496.710503963615,optimize_random_heur,18496.71050396363,1671.1951608657837,18496.710503963615,3.285666793854062,18496.710503963615,optimize_single_point_heur,18496.71050396363,0.14445281028747559,18496.710503963615,3.285666793854062,18496.710503963615,optimize_single_point_heur,18496.71050396363,0.13782167434692383,18496.710503963615,3.285666793854062,18496.710503963615,optimize_single_point_heur,18496.71050396363,1.5296640396118164,18496.710503963615,3.285666793854062,18496.710503963615,optimize_single_point_heur,18496.71050396363,7.716416358947754,18496.710503963615,3.285666793854062,18496.710503963615,optimize_single_point_heur,18496.71050396363,7.605275630950928,18496.710503963615,3.285666793854062,18496.710503963615,optimize_single_point_heur,18496.71050396363,3.352952003479004
2026-04-09 21:37:33,config_resnet_ed_area_0.3_hw_0.5_seed_1,inputs/task_graph_topology/soda-benchmark-graphs/pytorch-graphs/rez_net_tosa.dot,362,0.5,0.5,1.0,0.3,42,9311.942737816993,34761.444632615894,3.732995961352427,34761.444632615894,None,16006.478586912192,0.0,18496.710503963615,1.986342809953728,18496.710503963615,optimize_random_heur,18496.71050396363,0.2770547866821289,12848.715271584355,1.379810382575064,31463.553934475047,optimize_swarm_heur,17014.654444363383,320.1758465766907,18496.710503963615,1.986342809953728,18496.710503963615,optimize_random_heur,18496.71050396363,1558.159973859787,18496.710503963615,1.986342809953728,18496.710503963615,optimize_single_point_heur,18496.71050396363,0.13672566413879395,18496.710503963615,1.986342809953728,18496.710503963615,optimize_single_point_heur,18496.71050396363,0.1287977695465088,18496.710503963615,1.986342809953728,18496.710503963615,optimize_single_point_heur,18496.71050396363,1.481311321258545,18496.710503963615,1.986342809953728,18496.710503963615,optimize_single_point_heur,18496.71050396363,7.303537368774414,18496.710503963615,1.986342809953728,18496.710503963615,optimize_single_point_heur,18496.71050396363,7.199725866317749,18496.710503963615,1.986342809953728,18496.710503963615,optimize_single_point_heur,18496.71050396363,3.3027734756469727
2026-04-09 21:37:36,config_resnet_ed_area_0.3_hw_0.3_seed_3,inputs/task_graph_topology/soda-benchmark-graphs/pytorch-graphs/rez_net_tosa.dot,362,0.3,0.5,1.0,0.3,42,5629.515000900963,35167.262427798014,6.246943550584686,35167.262427798014,None,15932.151430781709,0.0,18496.710503963615,3.285666793854062,18496.710503963615,optimize_random_heur,18496.71050396363,0.2772789001464844,12629.615118919868,2.243464155775158,31495.867016474862,optimize_swarm_heur,16431.20462213596,323.07985377311707,18496.710503963615,3.285666793854062,18496.710503963615,optimize_random_heur,18496.71050396363,1635.897369146347,18496.710503963615,3.285666793854062,18496.710503963615,optimize_single_point_heur,18496.71050396363,0.13894891738891602,18496.710503963615,3.285666793854062,18496.710503963615,optimize_single_point_heur,18496.71050396363,0.1358201503753662,18496.710503963615,3.285666793854062,18496.710503963615,optimize_single_point_heur,18496.71050396363,1.4838781356811523,18496.710503963615,3.285666793854062,18496.710503963615,optimize_single_point_heur,18496.71050396363,7.534689903259277,18496.710503963615,3.285666793854062,18496.710503963615,optimize_single_point_heur,18496.71050396363,7.464365720748901,18496.710503963615,3.285666793854062,18496.710503963615,optimize_single_point_heur,18496.71050396363,3.434338331222534
2026-04-09 21:38:09,config_resnet_ed_area_0.3_hw_0.5_seed_2,inputs/task_graph_topology/soda-benchmark-graphs/pytorch-graphs/rez_net_tosa.dot,362,0.5,0.5,1.0,0.3,42,9311.942737816993,34761.444632615894,3.732995961352427,34761.444632615894,None,16006.478586912192,0.0,18496.710503963615,1.986342809953728,18496.710503963615,optimize_random_heur,18496.71050396363,0.28790950775146484,12848.715271584355,1.379810382575064,31463.553934475047,optimize_swarm_heur,17014.654444363383,318.3223271369934,18496.710503963615,1.986342809953728,18496.710503963615,optimize_random_heur,18496.71050396363,1593.6478798389435,18496.710503963615,1.986342809953728,18496.710503963615,optimize_single_point_heur,18496.71050396363,0.13506269454956055,18496.710503963615,1.986342809953728,18496.710503963615,optimize_single_point_heur,18496.71050396363,0.1257781982421875,18496.710503963615,1.986342809953728,18496.710503963615,optimize_single_point_heur,18496.71050396363,1.4662771224975586,18496.710503963615,1.986342809953728,18496.710503963615,optimize_single_point_heur,18496.71050396363,8.429843187332153,18496.710503963615,1.986342809953728,18496.710503963615,optimize_single_point_heur,18496.71050396363,7.594931125640869,18496.710503963615,1.986342809953728,18496.710503963615,optimize_single_point_heur,18496.71050396363,3.2580113410949707
2026-04-09 21:38:29,config_resnet_ed_area_0.3_hw_0.5_seed_3,inputs/task_graph_topology/soda-benchmark-graphs/pytorch-graphs/rez_net_tosa.dot,362,0.5,0.5,1.0,0.3,42,9311.942737816993,34761.444632615894,3.732995961352427,34761.444632615894,None,16006.478586912192,0.0,18496.710503963615,1.986342809953728,18496.710503963615,optimize_random_heur,18496.71050396363,0.29764389991760254,12848.715271584355,1.379810382575064,31463.553934475047,optimize_swarm_heur,17014.654444363383,317.6451344490051,18496.710503963615,1.986342809953728,18496.710503963615,optimize_random_heur,18496.71050396363,1616.7231979370117,18496.710503963615,1.986342809953728,18496.710503963615,optimize_single_point_heur,18496.71050396363,0.13967418670654297,18496.710503963615,1.986342809953728,18496.710503963615,optimize_single_point_heur,18496.71050396363,0.12803936004638672,18496.710503963615,1.986342809953728,18496.710503963615,optimize_single_point_heur,18496.71050396363,1.3764450550079346,18496.710503963615,1.986342809953728,18496.710503963615,optimize_single_point_heur,18496.71050396363,7.045501708984375,18496.710503963615,1.986342809953728,18496.710503963615,optimize_single_point_heur,18496.71050396363,6.947980880737305,18496.710503963615,1.986342809953728,18496.710503963615,optimize_single_point_heur,18496.71050396363,3.100010871887207
2026-04-09 21:38:57,config_resnet_ed_area_0.3_hw_0.7_seed_0,inputs/task_graph_topology/soda-benchmark-graphs/pytorch-graphs/rez_net_tosa.dot,362,0.7,0.5,1.0,0.3,42,12459.889958209249,35710.06410167901,2.8660015635331746,35710.06410167901,None,17380.287117038904,0.0,18496.710503963615,1.4845003098744851,18496.710503963615,optimize_random_heur,18496.71050396363,0.282336950302124,12209.704408011512,0.9799207255411673,33511.80309678146,optimize_swarm_heur,16524.37919779574,336.14145588874817,18496.710503963615,1.4845003098744851,18496.710503963615,optimize_random_heur,18496.71050396363,1623.8878474235535,18496.710503963615,1.4845003098744851,18496.710503963615,optimize_single_point_heur,18496.71050396363,0.13878464698791504,18496.710503963615,1.4845003098744851,18496.710503963615,optimize_single_point_heur,18496.71050396363,0.1341383457183838,18496.710503963615,1.4845003098744851,18496.710503963615,optimize_single_point_heur,18496.71050396363,1.4850342273712158,18496.710503963615,1.4845003098744851,18496.710503963615,optimize_single_point_heur,18496.71050396363,7.320185899734497,18496.710503963615,1.4845003098744851,18496.710503963615,optimize_single_point_heur,18496.71050396363,7.229753732681274,18496.710503963615,1.4845003098744851,18496.710503963615,optimize_single_point_heur,18496.71050396363,3.112804889678955
2026-04-09 21:58:14,config_resnet_ed_area_0.3_hw_0.7_seed_1,inputs/task_graph_topology/soda-benchmark-graphs/pytorch-graphs/rez_net_tosa.dot,362,0.7,0.5,1.0,0.3,42,12459.889958209249,35710.06410167901,2.8660015635331746,35710.06410167901,None,17380.287117038904,0.0,18496.710503963615,1.4845003098744851,18496.710503963615,optimize_random_heur,18496.71050396363,0.2792940139770508,12209.704408011512,0.9799207255411673,33511.80309678146,optimize_swarm_heur,16524.37919779574,325.9993329048157,18496.710503963615,1.4845003098744851,18496.710503963615,optimize_random_heur,18496.71050396363,1541.265751361847,18496.710503963615,1.4845003098744851,18496.710503963615,optimize_single_point_heur,18496.71050396363,0.13366007804870605,18496.710503963615,1.4845003098744851,18496.710503963615,optimize_single_point_heur,18496.71050396363,0.12537574768066406,18496.710503963615,1.4845003098744851,18496.710503963615,optimize_single_point_heur,18496.71050396363,1.4577209949493408,18496.710503963615,1.4845003098744851,18496.710503963615,optimize_single_point_heur,18496.71050396363,7.153141975402832,18496.710503963615,1.4845003098744851,18496.710503963615,optimize_single_point_heur,18496.71050396363,7.116083383560181,18496.710503963615,1.4845003098744851,18496.710503963615,optimize_single_point_heur,18496.71050396363,3.1693055629730225
2026-04-09 22:03:52,config_resnet_ed_area_0.3_hw_0.7_seed_2,inputs/task_graph_topology/soda-benchmark-graphs/pytorch-graphs/rez_net_tosa.dot,362,0.7,0.5,1.0,0.3,42,12459.889958209249,35710.06410167901,2.8660015635331746,35710.06410167901,None,17380.287117038904,0.0,18496.710503963615,1.4845003098744851,18496.710503963615,optimize_random_heur,18496.71050396363,0.2773866653442383,12209.704408011512,0.9799207255411673,33511.80309678146,optimize_swarm_heur,16524.37919779574,325.66910672187805,18496.710503963615,1.4845003098744851,18496.710503963615,optimize_random_heur,18496.71050396363,1539.7605667114258,18496.710503963615,1.4845003098744851,18496.710503963615,optimize_single_point_heur,18496.71050396363,0.1364896297454834,18496.710503963615,1.4845003098744851,18496.710503963615,optimize_single_point_heur,18496.71050396363,0.1275465488433838,18496.710503963615,1.4845003098744851,18496.710503963615,optimize_single_point_heur,18496.71050396363,1.482511281967163,18496.710503963615,1.4845003098744851,18496.710503963615,optimize_single_point_heur,18496.71050396363,7.293668746948242,18496.710503963615,1.4845003098744851,18496.710503963615,optimize_single_point_heur,18496.71050396363,7.186042308807373,18496.710503963615,1.4845003098744851,18496.710503963615,optimize_single_point_heur,18496.71050396363,3.260401964187622
2026-04-09 22:04:22,config_resnet_ed_area_0.3_hw_0.7_seed_3,inputs/task_graph_topology/soda-benchmark-graphs/pytorch-graphs/rez_net_tosa.dot,362,0.7,0.5,1.0,0.3,42,12459.889958209249,35710.06410167901,2.8660015635331746,35710.06410167901,None,17380.287117038904,0.0,18496.710503963615,1.4845003098744851,18496.710503963615,optimize_random_heur,18496.71050396363,0.27422118186950684,12209.704408011512,0.9799207255411673,33511.80309678146,optimize_swarm_heur,16524.37919779574,324.34234499931335,18496.710503963615,1.4845003098744851,18496.710503963615,optimize_random_heur,18496.71050396363,1512.096566438675,18496.710503963615,1.4845003098744851,18496.710503963615,optimize_single_point_heur,18496.71050396363,0.1337602138519287,18496.710503963615,1.4845003098744851,18496.710503963615,optimize_single_point_heur,18496.71050396363,0.12622952461242676,18496.710503963615,1.4845003098744851,18496.710503963615,optimize_single_point_heur,18496.71050396363,1.4552795886993408,18496.710503963615,1.4845003098744851,18496.710503963615,optimize_single_point_heur,18496.71050396363,7.133094072341919,18496.710503963615,1.4845003098744851,18496.710503963615,optimize_single_point_heur,18496.71050396363,7.12390661239624,18496.710503963615,1.4845003098744851,18496.710503963615,optimize_single_point_heur,18496.71050396363,3.0784826278686523
2026-04-09 22:05:46,config_resnet_ed_area_0.3_hw_0.9_seed_3,inputs/task_graph_topology/soda-benchmark-graphs/pytorch-graphs/rez_net_tosa.dot,362,0.9,0.5,1.0,0.3,42,14476.759981256146,35670.03868636114,2.4639517911842908,35670.03868636114,None,18482.907632920924,0.0,18496.710503963615,1.277683026306461,18496.710503963615,optimize_random_heur,18496.71050396363,0.26520562171936035,12583.706754288914,0.869235020168997,35982.05969850696,optimize_swarm_heur,16929.907676651223,303.160701751709,18496.710503963615,1.277683026306461,18496.710503963615,optimize_random_heur,18496.71050396363,1435.713787317276,18496.710503963615,1.277683026306461,18496.710503963615,optimize_single_point_heur,18496.71050396363,0.12871503829956055,18496.710503963615,1.277683026306461,18496.710503963615,optimize_single_point_heur,18496.71050396363,0.12241554260253906,18496.710503963615,1.277683026306461,18496.710503963615,optimize_single_point_heur,18496.71050396363,1.3690807819366455,18496.710503963615,1.277683026306461,18496.710503963615,optimize_single_point_heur,18496.71050396363,6.886399269104004,18496.710503963615,1.277683026306461,18496.710503963615,optimize_single_point_heur,18496.71050396363,6.755493640899658,18496.710503963615,1.277683026306461,18496.710503963615,optimize_single_point_heur,18496.71050396363,3.0685384273529053
2026-04-09 22:06:06,config_resnet_ed_area_0.3_hw_0.9_seed_0,inputs/task_graph_topology/soda-benchmark-graphs/pytorch-graphs/rez_net_tosa.dot,362,0.9,0.5,1.0,0.3,42,14476.759981256146,35670.03868636114,2.4639517911842908,35670.03868636114,None,18482.907632920924,0.0,18496.710503963615,1.277683026306461,18496.710503963615,optimize_random_heur,18496.71050396363,0.271852970123291,12583.706754288914,0.869235020168997,35982.05969850696,optimize_swarm_heur,16929.907676651223,304.4454276561737,18496.710503963615,1.277683026306461,18496.710503963615,optimize_random_heur,18496.71050396363,1454.2136085033417,18496.710503963615,1.277683026306461,18496.710503963615,optimize_single_point_heur,18496.71050396363,0.12543177604675293,18496.710503963615,1.277683026306461,18496.710503963615,optimize_single_point_heur,18496.71050396363,0.12041854858398438,18496.710503963615,1.277683026306461,18496.710503963615,optimize_single_point_heur,18496.71050396363,1.3396410942077637,18496.710503963615,1.277683026306461,18496.710503963615,optimize_single_point_heur,18496.71050396363,7.141084909439087,18496.710503963615,1.277683026306461,18496.710503963615,optimize_single_point_heur,18496.71050396363,7.049708127975464,18496.710503963615,1.277683026306461,18496.710503963615,optimize_single_point_heur,18496.71050396363,2.919468879699707
2026-04-09 22:07:34,config_resnet_ed_area_0.3_hw_0.9_seed_2,inputs/task_graph_topology/soda-benchmark-graphs/pytorch-graphs/rez_net_tosa.dot,362,0.9,0.5,1.0,0.3,42,14476.759981256146,35670.03868636114,2.4639517911842908,35670.03868636114,None,18482.907632920924,0.0,18496.710503963615,1.277683026306461,18496.710503963615,optimize_random_heur,18496.71050396363,0.27562856674194336,12583.706754288914,0.869235020168997,35982.05969850696,optimize_swarm_heur,16929.907676651223,321.79463815689087,18496.710503963615,1.277683026306461,18496.710503963615,optimize_random_heur,18496.71050396363,1524.0001566410065,18496.710503963615,1.277683026306461,18496.710503963615,optimize_single_point_heur,18496.71050396363,0.13329482078552246,18496.710503963615,1.277683026306461,18496.710503963615,optimize_single_point_heur,18496.71050396363,0.12508201599121094,18496.710503963615,1.277683026306461,18496.710503963615,optimize_single_point_heur,18496.71050396363,1.4458653926849365,18496.710503963615,1.277683026306461,18496.710503963615,optimize_single_point_heur,18496.71050396363,7.1879894733428955,18496.710503963615,1.277683026306461,18496.710503963615,optimize_single_point_heur,18496.71050396363,7.104113817214966,18496.710503963615,1.277683026306461,18496.710503963615,optimize_single_point_heur,18496.71050396363,3.1954853534698486
2026-04-09 22:08:09,config_resnet_ed_area_0.3_hw_0.9_seed_1,inputs/task_graph_topology/soda-benchmark-graphs/pytorch-graphs/rez_net_tosa.dot,362,0.9,0.5,1.0,0.3,42,14476.759981256146,35670.03868636114,2.4639517911842908,35670.03868636114,None,18482.907632920924,0.0,18496.710503963615,1.277683026306461,18496.710503963615,optimize_random_heur,18496.71050396363,0.27750611305236816,12583.706754288914,0.869235020168997,35982.05969850696,optimize_swarm_heur,16929.907676651223,336.7617154121399,18496.710503963615,1.277683026306461,18496.710503963615,optimize_random_heur,18496.71050396363,1543.726600408554,18496.710503963615,1.277683026306461,18496.710503963615,optimize_single_point_heur,18496.71050396363,0.13912653923034668,18496.710503963615,1.277683026306461,18496.710503963615,optimize_single_point_heur,18496.71050396363,0.1285853385925293,18496.710503963615,1.277683026306461,18496.710503963615,optimize_single_point_heur,18496.71050396363,1.4972569942474365,18496.710503963615,1.277683026306461,18496.710503963615,optimize_single_point_heur,18496.71050396363,7.297495126724243,18496.710503963615,1.277683026306461,18496.710503963615,optimize_single_point_heur,18496.71050396363,7.288142442703247,18496.710503963615,1.277683026306461,18496.710503963615,optimize_single_point_heur,18496.71050396363,3.3565149307250977
2026-04-09 23:00:03,config_resnet_ed_area_0.5_hw_0.3_seed_1,inputs/task_graph_topology/soda-benchmark-graphs/pytorch-graphs/rez_net_tosa.dot,362,0.3,0.5,1.0,0.5,42,5629.515000900963,31525.940186825334,5.600116560979025,31525.940186825334,None,12758.347233287916,0.0,11444.33368616783,2.0329164562730977,32125.85157095483,optimize_random_heur,15428.986931641797,0.754380464553833,10434.494485587995,1.8535334720518606,31269.29323119705,optimize_swarm_heur,14582.70481352243,1771.962913274765,10583.93043857745,1.880078556835459,31139.54854898165,optimize_random_heur,14004.279319648951,3111.991311073303,11146.24787332711,1.9799659245144978,33626.39617541868,optimize_single_point_heur,15206.98033313717,1.1490607261657715,11560.20797283161,2.053499807884246,33598.72067855506,optimize_single_point_heur,15642.0963908381,1.081603765487671,10274.482391964251,1.8251096924548376,30649.362813640808,optimize_single_point_heur,14052.390221947737,20.893407821655273,10993.932862928963,1.9529094178041029,32716.26304376692,optimize_single_point_heur,14524.610987429243,21.31982421875,11168.930582096544,1.9839951719302706,33523.09239498635,optimize_single_point_heur,14923.59159862539,21.01015567779541,6964.313313861706,1.2371071598081038,25974.195344471154,optimize_single_point_heur,10175.51201935231,18.451704740524292
2026-04-09 23:00:33,config_resnet_ed_area_0.5_hw_0.3_seed_2,inputs/task_graph_topology/soda-benchmark-graphs/pytorch-graphs/rez_net_tosa.dot,362,0.3,0.5,1.0,0.5,42,5629.515000900963,31525.940186825334,5.600116560979025,31525.940186825334,None,12758.347233287916,0.0,11444.33368616783,2.0329164562730977,32125.85157095483,optimize_random_heur,15428.986931641797,0.7478134632110596,10434.494485587995,1.8535334720518606,31269.29323119705,optimize_swarm_heur,14582.70481352243,1741.709167957306,10583.93043857745,1.880078556835459,31139.54854898165,optimize_random_heur,14004.279319648951,3170.2789566516876,11146.24787332711,1.9799659245144978,33626.39617541868,optimize_single_point_heur,15206.98033313717,1.1821401119232178,11560.20797283161,2.053499807884246,33598.72067855506,optimize_single_point_heur,15642.0963908381,1.093705177307129,10274.482391964251,1.8251096924548376,30649.362813640808,optimize_single_point_heur,14052.390221947737,21.68330192565918,10993.932862928963,1.9529094178041029,32716.26304376692,optimize_single_point_heur,14524.610987429243,21.792988061904907,11168.930582096544,1.9839951719302706,33523.09239498635,optimize_single_point_heur,14923.59159862539,21.47471785545349,6964.313313861706,1.2371071598081038,25974.195344471154,optimize_single_point_heur,10175.51201935231,19.076988220214844
2026-04-09 23:02:34,config_resnet_ed_area_0.5_hw_0.7_seed_0,inputs/task_graph_topology/soda-benchmark-graphs/pytorch-graphs/rez_net_tosa.dot,362,0.7,0.5,1.0,0.5,42,12459.889958209249,35018.604906863926,2.810506756024099,35018.604906863926,None,15652.672074748769,0.0,12735.087558132187,1.0220866798058375,35903.53001290036,optimize_random_heur,16976.535730306176,0.7732741832733154,11377.740812603148,0.9131493817974594,35034.1874830199,optimize_swarm_heur,15639.859375716389,1851.9812655448914,11647.516524409575,0.9348009142516994,37038.5973506781,optimize_random_heur,16253.751545085184,3130.228811264038,12563.446686280136,1.0083112072753626,36773.821090708276,optimize_single_point_heur,17004.42831334343,1.1578896045684814,12690.576527841906,1.0185143344288259,35696.28290690121,optimize_single_point_heur,16908.137683259993,1.0441310405731201,10966.012370213455,0.8801050737200494,35745.44191338651,optimize_single_point_heur,15125.13113674292,21.21352767944336,12186.783313775524,0.9780811351183895,35883.45761633749,optimize_single_point_heur,16670.148236018853,22.18852138519287,11976.446016363845,0.96119998302819,35133.26689536682,optimize_single_point_heur,16573.66011883905,21.934958934783936,8115.661270194015,0.6513429329965292,32275.700962117757,optimize_single_point_heur,11053.830010597005,20.6406466960907
2026-04-09 23:03:03,config_resnet_ed_area_0.5_hw_0.5_seed_3,inputs/task_graph_topology/soda-benchmark-graphs/pytorch-graphs/rez_net_tosa.dot,362,0.5,0.5,1.0,0.5,42,9311.942737816993,33103.829961925556,3.554986418407263,33103.829961925556,None,13322.5504469303,0.0,11923.241418040623,1.2804246926496672,34014.69079192761,optimize_random_heur,16202.761330973992,0.7561225891113281,10404.33730325517,1.117311134335247,34476.34762743121,optimize_swarm_heur,14163.363280247444,1824.2569603919983,11321.566656595483,1.2158114558219038,32529.160482522882,optimize_random_heur,15534.216727457973,3190.3725066184998,12060.458704300368,1.295160316581555,35462.68089148315,optimize_single_point_heur,16031.63707168937,1.207629919052124,12120.402370003378,1.3015976054900842,33936.21668985748,optimize_single_point_heur,16268.998504541918,1.0540359020233154,10736.789724097165,1.1530128595501008,33168.63987532222,optimize_single_point_heur,14815.602864884351,21.37510395050049,11096.330601747602,1.1916235864170408,35024.089009009476,optimize_single_point_heur,15314.70128316982,21.507078886032104,11178.608091317004,1.200459281812295,32915.11637444529,optimize_single_point_heur,15224.298130912659,21.75512933731079,8122.998862937075,0.8723205341403717,30984.175241381454,optimize_single_point_heur,11627.02786428334,19.426892042160034
2026-04-09 23:04:04,config_resnet_ed_area_0.5_hw_0.7_seed_3,inputs/task_graph_topology/soda-benchmark-graphs/pytorch-graphs/rez_net_tosa.dot,362,0.7,0.5,1.0,0.5,42,12459.889958209249,35018.604906863926,2.810506756024099,35018.604906863926,None,15652.672074748769,0.0,12735.087558132187,1.0220866798058375,35903.53001290036,optimize_random_heur,16976.535730306176,0.7501566410064697,11377.740812603148,0.9131493817974594,35034.1874830199,optimize_swarm_heur,15639.859375716389,1816.7571625709534,11647.516524409575,0.9348009142516994,37038.5973506781,optimize_random_heur,16253.751545085184,3176.5386703014374,12563.446686280136,1.0083112072753626,36773.821090708276,optimize_single_point_heur,17004.42831334343,1.1565368175506592,12690.576527841906,1.0185143344288259,35696.28290690121,optimize_single_point_heur,16908.137683259993,1.0611793994903564,10966.012370213455,0.8801050737200494,35745.44191338651,optimize_single_point_heur,15125.13113674292,21.311108589172363,12186.783313775524,0.9780811351183895,35883.45761633749,optimize_single_point_heur,16670.148236018853,22.25048279762268,11976.446016363845,0.96119998302819,35133.26689536682,optimize_single_point_heur,16573.66011883905,22.163875102996826,8115.661270194015,0.6513429329965292,32275.700962117757,optimize_single_point_heur,11053.830010597005,20.63033652305603
2026-04-09 23:04:44,config_resnet_ed_area_0.5_hw_0.5_seed_2,inputs/task_graph_topology/soda-benchmark-graphs/pytorch-graphs/rez_net_tosa.dot,362,0.5,0.5,1.0,0.5,42,9311.942737816993,33103.829961925556,3.554986418407263,33103.829961925556,None,13322.5504469303,0.0,11923.241418040623,1.2804246926496672,34014.69079192761,optimize_random_heur,16202.761330973992,0.7610282897949219,10404.33730325517,1.117311134335247,34476.34762743121,optimize_swarm_heur,14163.363280247444,1824.4966053962708,11321.566656595483,1.2158114558219038,32529.160482522882,optimize_random_heur,15534.216727457973,3288.1131179332733,12060.458704300368,1.295160316581555,35462.68089148315,optimize_single_point_heur,16031.63707168937,1.1993567943572998,12120.402370003378,1.3015976054900842,33936.21668985748,optimize_single_point_heur,16268.998504541918,1.1570425033569336,10736.789724097165,1.1530128595501008,33168.63987532222,optimize_single_point_heur,14815.602864884351,21.50286340713501,11096.330601747602,1.1916235864170408,35024.089009009476,optimize_single_point_heur,15314.70128316982,21.99366569519043,11178.608091317004,1.200459281812295,32915.11637444529,optimize_single_point_heur,15224.298130912659,22.025128602981567,8122.998862937075,0.8723205341403717,30984.175241381454,optimize_single_point_heur,11627.02786428334,19.742027759552002
2026-04-09 23:05:14,config_resnet_ed_area_0.5_hw_0.3_seed_0,inputs/task_graph_topology/soda-benchmark-graphs/pytorch-graphs/rez_net_tosa.dot,362,0.3,0.5,1.0,0.5,42,5629.515000900963,31525.940186825334,5.600116560979025,31525.940186825334,None,12758.347233287916,0.0,11444.33368616783,2.0329164562730977,32125.85157095483,optimize_random_heur,15428.986931641797,0.8464157581329346,10434.494485587995,1.8535334720518606,31269.29323119705,optimize_swarm_heur,14582.70481352243,1908.1288650035858,10583.93043857745,1.880078556835459,31139.54854898165,optimize_random_heur,14004.279319648951,3326.028296470642,11146.24787332711,1.9799659245144978,33626.39617541868,optimize_single_point_heur,15206.98033313717,1.2430038452148438,11560.20797283161,2.053499807884246,33598.72067855506,optimize_single_point_heur,15642.0963908381,1.086181879043579,10274.482391964251,1.8251096924548376,30649.362813640808,optimize_single_point_heur,14052.390221947737,22.207504987716675,10993.932862928963,1.9529094178041029,32716.26304376692,optimize_single_point_heur,14524.610987429243,22.61293339729309,11168.930582096544,1.9839951719302706,33523.09239498635,optimize_single_point_heur,14923.59159862539,22.13615655899048,6964.313313861706,1.2371071598081038,25974.195344471154,optimize_single_point_heur,10175.51201935231,19.39638352394104
2026-04-09 23:05:24,config_resnet_ed_area_0.5_hw_0.7_seed_1,inputs/task_graph_topology/soda-benchmark-graphs/pytorch-graphs/rez_net_tosa.dot,362,0.7,0.5,1.0,0.5,42,12459.889958209249,35018.604906863926,2.810506756024099,35018.604906863926,None,15652.672074748769,0.0,12735.087558132187,1.0220866798058375,35903.53001290036,optimize_random_heur,16976.535730306176,0.7549023628234863,11377.740812603148,0.9131493817974594,35034.1874830199,optimize_swarm_heur,15639.859375716389,1847.8722949028015,11647.516524409575,0.9348009142516994,37038.5973506781,optimize_random_heur,16253.751545085184,3224.637134552002,12563.446686280136,1.0083112072753626,36773.821090708276,optimize_single_point_heur,17004.42831334343,1.1961312294006348,12690.576527841906,1.0185143344288259,35696.28290690121,optimize_single_point_heur,16908.137683259993,1.079925775527954,10966.012370213455,0.8801050737200494,35745.44191338651,optimize_single_point_heur,15125.13113674292,21.51724410057068,12186.783313775524,0.9780811351183895,35883.45761633749,optimize_single_point_heur,16670.148236018853,22.185473680496216,11976.446016363845,0.96119998302819,35133.26689536682,optimize_single_point_heur,16573.66011883905,21.976995706558228,8115.661270194015,0.6513429329965292,32275.700962117757,optimize_single_point_heur,11053.830010597005,20.891427278518677
2026-04-09 23:05:33,config_resnet_ed_area_0.5_hw_0.3_seed_3,inputs/task_graph_topology/soda-benchmark-graphs/pytorch-graphs/rez_net_tosa.dot,362,0.3,0.5,1.0,0.5,42,5629.515000900963,31525.940186825334,5.600116560979025,31525.940186825334,None,12758.347233287916,0.0,11444.33368616783,2.0329164562730977,32125.85157095483,optimize_random_heur,15428.986931641797,0.7971880435943604,10434.494485587995,1.8535334720518606,31269.29323119705,optimize_swarm_heur,14582.70481352243,1902.1091537475586,10583.93043857745,1.880078556835459,31139.54854898165,optimize_random_heur,14004.279319648951,3259.457596540451,11146.24787332711,1.9799659245144978,33626.39617541868,optimize_single_point_heur,15206.98033313717,1.2060716152191162,11560.20797283161,2.053499807884246,33598.72067855506,optimize_single_point_heur,15642.0963908381,1.0894086360931396,10274.482391964251,1.8251096924548376,30649.362813640808,optimize_single_point_heur,14052.390221947737,22.37799310684204,10993.932862928963,1.9529094178041029,32716.26304376692,optimize_single_point_heur,14524.610987429243,21.757856845855713,11168.930582096544,1.9839951719302706,33523.09239498635,optimize_single_point_heur,14923.59159862539,21.52848768234253,6964.313313861706,1.2371071598081038,25974.195344471154,optimize_single_point_heur,10175.51201935231,19.144450902938843
2026-04-09 23:05:58,config_resnet_ed_area_0.5_hw_0.7_seed_2,inputs/task_graph_topology/soda-benchmark-graphs/pytorch-graphs/rez_net_tosa.dot,362,0.7,0.5,1.0,0.5,42,12459.889958209249,35018.604906863926,2.810506756024099,35018.604906863926,None,15652.672074748769,0.0,12735.087558132187,1.0220866798058375,35903.53001290036,optimize_random_heur,16976.535730306176,0.7815239429473877,11377.740812603148,0.9131493817974594,35034.1874830199,optimize_swarm_heur,15639.859375716389,1794.9768238067627,11647.516524409575,0.9348009142516994,37038.5973506781,optimize_random_heur,16253.751545085184,3312.2688958644867,12563.446686280136,1.0083112072753626,36773.821090708276,optimize_single_point_heur,17004.42831334343,1.1764612197875977,12690.576527841906,1.0185143344288259,35696.28290690121,optimize_single_point_heur,16908.137683259993,1.0872564315795898,10966.012370213455,0.8801050737200494,35745.44191338651,optimize_single_point_heur,15125.13113674292,21.610395193099976,12186.783313775524,0.9780811351183895,35883.45761633749,optimize_single_point_heur,16670.148236018853,22.091943979263306,11976.446016363845,0.96119998302819,35133.26689536682,optimize_single_point_heur,16573.66011883905,22.07246470451355,8115.661270194015,0.6513429329965292,32275.700962117757,optimize_single_point_heur,11053.830010597005,20.776727437973022
2026-04-09 23:07:05,config_resnet_ed_area_0.5_hw_0.9_seed_1,inputs/task_graph_topology/soda-benchmark-graphs/pytorch-graphs/rez_net_tosa.dot,362,0.9,0.5,1.0,0.5,42,14476.759981256146,36964.18800115859,2.5533467467180606,36964.18800115859,None,18285.066572794603,0.0,13615.994685323449,0.9405415785681895,37792.36923387313,optimize_random_heur,17750.310129638357,0.7595772743225098,11589.41245992335,0.8005529189493227,35820.119609272326,optimize_swarm_heur,16199.057171227912,1871.795033454895,12788.893743671922,0.8834085638105766,39297.9477858396,optimize_random_heur,17493.30915932973,3297.4089238643646,13358.69545862867,0.9227683180438789,38502.94799661534,optimize_single_point_heur,17657.637519409614,1.2244176864624023,13482.471312152931,0.9313182873522408,37456.37013644528,optimize_single_point_heur,17524.127030884654,1.104968547821045,13158.612033752572,0.908947309397251,39934.50968883822,optimize_single_point_heur,17989.25549656856,22.318288564682007,12675.08861255956,0.8755473344153452,40535.990739066074,optimize_single_point_heur,17751.43627963385,22.905598640441895,12913.74767572746,0.8920330027193651,37422.7376258853,optimize_single_point_heur,17749.64013122482,22.578595399856567,9292.467444862337,0.6418886171279903,33401.15127668088,optimize_single_point_heur,12749.375935753518,21.987695693969727
2026-04-09 23:09:01,config_resnet_ed_area_0.5_hw_0.1_seed_0,inputs/task_graph_topology/soda-benchmark-graphs/pytorch-graphs/rez_net_tosa.dot,362,0.1,0.5,1.0,0.5,42,1876.8712304770884,27091.396431290876,14.434339442884646,27091.396431290876,None,11726.626114450048,0.0,11287.787065616134,6.014151041543139,29624.378195723788,optimize_random_heur,14778.99623799239,0.8149597644805908,10207.082982451004,5.4383501737923865,30669.022936060945,optimize_swarm_heur,13659.202337480798,1921.4751873016357,10202.224569951739,5.43576160382532,29639.41122088952,optimize_random_heur,13839.114951507981,3546.026707172394,10661.394604408772,5.680408134179091,31620.454883258994,optimize_single_point_heur,14644.493525721406,1.2239246368408203,11308.018538485556,6.024930402716617,31695.74346143518,optimize_single_point_heur,15633.206259108,1.1138370037078857,10619.04058271612,5.657841843532776,32419.265360837668,optimize_single_point_heur,14277.458664053183,22.144510984420776,10638.389490788428,5.668150972767705,30946.839077344663,optimize_single_point_heur,14886.959675561955,21.55024218559265,10839.779799613307,5.775452052114361,33802.79998448838,optimize_single_point_heur,15212.085456928884,21.669459104537964,7354.32991717569,3.9183987679891428,26478.036436219267,optimize_single_point_heur,9804.352640892384,16.58111810684204
2026-04-09 23:10:17,config_resnet_ed_area_0.5_hw_0.1_seed_3,inputs/task_graph_topology/soda-benchmark-graphs/pytorch-graphs/rez_net_tosa.dot,362,0.1,0.5,1.0,0.5,42,1876.8712304770884,27091.396431290876,14.434339442884646,27091.396431290876,None,11726.626114450048,0.0,11287.787065616134,6.014151041543139,29624.378195723788,optimize_random_heur,14778.99623799239,0.8748791217803955,10207.082982451004,5.4383501737923865,30669.022936060945,optimize_swarm_heur,13659.202337480798,1990.24201130867,10202.224569951739,5.43576160382532,29639.41122088952,optimize_random_heur,13839.114951507981,3547.1597163677216,10661.394604408772,5.680408134179091,31620.454883258994,optimize_single_point_heur,14644.493525721406,1.2869288921356201,11308.018538485556,6.024930402716617,31695.74346143518,optimize_single_point_heur,15633.206259108,1.1595466136932373,10619.04058271612,5.657841843532776,32419.265360837668,optimize_single_point_heur,14277.458664053183,23.018574714660645,10638.389490788428,5.668150972767705,30946.839077344663,optimize_single_point_heur,14886.959675561955,22.832376956939697,10839.779799613307,5.775452052114361,33802.79998448838,optimize_single_point_heur,15212.085456928884,22.582603693008423,7354.32991717569,3.9183987679891428,26478.036436219267,optimize_single_point_heur,9804.352640892384,17.477880716323853
2026-04-09 23:12:24,config_resnet_ed_area_0.5_hw_0.5_seed_1,inputs/task_graph_topology/soda-benchmark-graphs/pytorch-graphs/rez_net_tosa.dot,362,0.5,0.5,1.0,0.5,42,9311.942737816993,33103.829961925556,3.554986418407263,33103.829961925556,None,13322.5504469303,0.0,11923.241418040623,1.2804246926496672,34014.69079192761,optimize_random_heur,16202.761330973992,0.8821694850921631,10404.33730325517,1.117311134335247,34476.34762743121,optimize_swarm_heur,14163.363280247444,1992.8373456001282,11321.566656595483,1.2158114558219038,32529.160482522882,optimize_random_heur,15534.216727457973,3567.4185729026794,12060.458704300368,1.295160316581555,35462.68089148315,optimize_single_point_heur,16031.63707168937,1.3079373836517334,12120.402370003378,1.3015976054900842,33936.21668985748,optimize_single_point_heur,16268.998504541918,1.1635806560516357,10736.789724097165,1.1530128595501008,33168.63987532222,optimize_single_point_heur,14815.602864884351,25.00765585899353,11096.330601747602,1.1916235864170408,35024.089009009476,optimize_single_point_heur,15314.70128316982,23.791402339935303,11178.608091317004,1.200459281812295,32915.11637444529,optimize_single_point_heur,15224.298130912659,24.504175901412964,8122.998862937075,0.8723205341403717,30984.175241381454,optimize_single_point_heur,11627.02786428334,21.16611385345459
2026-04-09 23:13:06,config_resnet_ed_area_0.5_hw_0.5_seed_0,inputs/task_graph_topology/soda-benchmark-graphs/pytorch-graphs/rez_net_tosa.dot,362,0.5,0.5,1.0,0.5,42,9311.942737816993,33103.829961925556,3.554986418407263,33103.829961925556,None,13322.5504469303,0.0,11923.241418040623,1.2804246926496672,34014.69079192761,optimize_random_heur,16202.761330973992,0.8315558433532715,10404.33730325517,1.117311134335247,34476.34762743121,optimize_swarm_heur,14163.363280247444,1979.1375060081482,11321.566656595483,1.2158114558219038,32529.160482522882,optimize_random_heur,15534.216727457973,3625.0152015686035,12060.458704300368,1.295160316581555,35462.68089148315,optimize_single_point_heur,16031.63707168937,1.389657974243164,12120.402370003378,1.3015976054900842,33936.21668985748,optimize_single_point_heur,16268.998504541918,1.2593748569488525,10736.789724097165,1.1530128595501008,33168.63987532222,optimize_single_point_heur,14815.602864884351,24.786933660507202,11096.330601747602,1.1916235864170408,35024.089009009476,optimize_single_point_heur,15314.70128316982,23.582305192947388,11178.608091317004,1.200459281812295,32915.11637444529,optimize_single_point_heur,15224.298130912659,24.253804445266724,8122.998862937075,0.8723205341403717,30984.175241381454,optimize_single_point_heur,11627.02786428334,21.923538208007812
2026-04-09 23:13:24,config_resnet_ed_area_0.5_hw_0.9_seed_0,inputs/task_graph_topology/soda-benchmark-graphs/pytorch-graphs/rez_net_tosa.dot,362,0.9,0.5,1.0,0.5,42,14476.759981256146,36964.18800115859,2.5533467467180606,36964.18800115859,None,18285.066572794603,0.0,13615.994685323449,0.9405415785681895,37792.36923387313,optimize_random_heur,17750.310129638357,0.796783447265625,11589.41245992335,0.8005529189493227,35820.119609272326,optimize_swarm_heur,16199.057171227912,2019.7212355136871,12788.893743671922,0.8834085638105766,39297.9477858396,optimize_random_heur,17493.30915932973,3515.6426932811737,13358.69545862867,0.9227683180438789,38502.94799661534,optimize_single_point_heur,17657.637519409614,1.3305485248565674,13482.471312152931,0.9313182873522408,37456.37013644528,optimize_single_point_heur,17524.127030884654,1.2055375576019287,13158.612033752572,0.908947309397251,39934.50968883822,optimize_single_point_heur,17989.25549656856,24.76651644706726,12675.08861255956,0.8755473344153452,40535.990739066074,optimize_single_point_heur,17751.43627963385,24.655078172683716,12913.74767572746,0.8920330027193651,37422.7376258853,optimize_single_point_heur,17749.64013122482,25.61273503303528,9292.467444862337,0.6418886171279903,33401.15127668088,optimize_single_point_heur,12749.375935753518,24.567779779434204
2026-04-09 23:13:37,config_resnet_ed_area_0.5_hw_0.9_seed_2,inputs/task_graph_topology/soda-benchmark-graphs/pytorch-graphs/rez_net_tosa.dot,362,0.9,0.5,1.0,0.5,42,14476.759981256146,36964.18800115859,2.5533467467180606,36964.18800115859,None,18285.066572794603,0.0,13615.994685323449,0.9405415785681895,37792.36923387313,optimize_random_heur,17750.310129638357,0.9097790718078613,11589.41245992335,0.8005529189493227,35820.119609272326,optimize_swarm_heur,16199.057171227912,2005.9403085708618,12788.893743671922,0.8834085638105766,39297.9477858396,optimize_random_heur,17493.30915932973,3541.0374145507812,13358.69545862867,0.9227683180438789,38502.94799661534,optimize_single_point_heur,17657.637519409614,1.3846325874328613,13482.471312152931,0.9313182873522408,37456.37013644528,optimize_single_point_heur,17524.127030884654,1.2682790756225586,13158.612033752572,0.908947309397251,39934.50968883822,optimize_single_point_heur,17989.25549656856,24.584471464157104,12675.08861255956,0.8755473344153452,40535.990739066074,optimize_single_point_heur,17751.43627963385,25.336583852767944,12913.74767572746,0.8920330027193651,37422.7376258853,optimize_single_point_heur,17749.64013122482,25.92267394065857,9292.467444862337,0.6418886171279903,33401.15127668088,optimize_single_point_heur,12749.375935753518,25.960331439971924
2026-04-09 23:13:39,config_resnet_ed_area_0.5_hw_0.9_seed_3,inputs/task_graph_topology/soda-benchmark-graphs/pytorch-graphs/rez_net_tosa.dot,362,0.9,0.5,1.0,0.5,42,14476.759981256146,36964.18800115859,2.5533467467180606,36964.18800115859,None,18285.066572794603,0.0,13615.994685323449,0.9405415785681895,37792.36923387313,optimize_random_heur,17750.310129638357,0.9055626392364502,11589.41245992335,0.8005529189493227,35820.119609272326,optimize_swarm_heur,16199.057171227912,1997.9461240768433,12788.893743671922,0.8834085638105766,39297.9477858396,optimize_random_heur,17493.30915932973,3551.8539395332336,13358.69545862867,0.9227683180438789,38502.94799661534,optimize_single_point_heur,17657.637519409614,1.3496112823486328,13482.471312152931,0.9313182873522408,37456.37013644528,optimize_single_point_heur,17524.127030884654,1.2176299095153809,13158.612033752572,0.908947309397251,39934.50968883822,optimize_single_point_heur,17989.25549656856,24.26991844177246,12675.08861255956,0.8755473344153452,40535.990739066074,optimize_single_point_heur,17751.43627963385,25.279154300689697,12913.74767572746,0.8920330027193651,37422.7376258853,optimize_single_point_heur,17749.64013122482,25.942861795425415,9292.467444862337,0.6418886171279903,33401.15127668088,optimize_single_point_heur,12749.375935753518,25.936495542526245
2026-04-09 23:14:14,config_resnet_ed_area_0.5_hw_0.1_seed_1,inputs/task_graph_topology/soda-benchmark-graphs/pytorch-graphs/rez_net_tosa.dot,362,0.1,0.5,1.0,0.5,42,1876.8712304770884,27091.396431290876,14.434339442884646,27091.396431290876,None,11726.626114450048,0.0,11287.787065616134,6.014151041543139,29624.378195723788,optimize_random_heur,14778.99623799239,0.8725953102111816,10207.082982451004,5.4383501737923865,30669.022936060945,optimize_swarm_heur,13659.202337480798,2065.6802468299866,10202.224569951739,5.43576160382532,29639.41122088952,optimize_random_heur,13839.114951507981,3704.745901823044,10661.394604408772,5.680408134179091,31620.454883258994,optimize_single_point_heur,14644.493525721406,1.3772919178009033,11308.018538485556,6.024930402716617,31695.74346143518,optimize_single_point_heur,15633.206259108,1.2069809436798096,10619.04058271612,5.657841843532776,32419.265360837668,optimize_single_point_heur,14277.458664053183,23.975025177001953,10638.389490788428,5.668150972767705,30946.839077344663,optimize_single_point_heur,14886.959675561955,24.525584936141968,10839.779799613307,5.775452052114361,33802.79998448838,optimize_single_point_heur,15212.085456928884,24.010651111602783,7354.32991717569,3.9183987679891428,26478.036436219267,optimize_single_point_heur,9804.352640892384,18.580267190933228
2026-04-09 23:15:17,config_resnet_ed_area_0.5_hw_0.1_seed_2,inputs/task_graph_topology/soda-benchmark-graphs/pytorch-graphs/rez_net_tosa.dot,362,0.1,0.5,1.0,0.5,42,1876.8712304770884,27091.396431290876,14.434339442884646,27091.396431290876,None,11726.626114450048,0.0,11287.787065616134,6.014151041543139,29624.378195723788,optimize_random_heur,14778.99623799239,0.8655481338500977,10207.082982451004,5.4383501737923865,30669.022936060945,optimize_swarm_heur,13659.202337480798,2092.7285311222076,10202.224569951739,5.43576160382532,29639.41122088952,optimize_random_heur,13839.114951507981,3740.8014101982117,10661.394604408772,5.680408134179091,31620.454883258994,optimize_single_point_heur,14644.493525721406,1.3827564716339111,11308.018538485556,6.024930402716617,31695.74346143518,optimize_single_point_heur,15633.206259108,1.2475907802581787,10619.04058271612,5.657841843532776,32419.265360837668,optimize_single_point_heur,14277.458664053183,24.729662656784058,10638.389490788428,5.668150972767705,30946.839077344663,optimize_single_point_heur,14886.959675561955,24.219728469848633,10839.779799613307,5.775452052114361,33802.79998448838,optimize_single_point_heur,15212.085456928884,23.393529415130615,7354.32991717569,3.9183987679891428,26478.036436219267,optimize_single_point_heur,9804.352640892384,18.43253183364868
2026-04-09 23:47:51,config_resnet_ed_area_0.7_hw_0.1_seed_0,inputs/task_graph_topology/soda-benchmark-graphs/pytorch-graphs/rez_net_tosa.dot,362,0.1,0.5,1.0,0.7,42,1876.8712304770884,20695.777558494166,11.026743456040634,20695.777558494166,None,7879.012729836811,0.0,10361.495299118484,5.520621303617435,32021.092587986182,optimize_random_heur,14402.82623907767,1.3874211311340332,6162.73976563277,3.283517625269498,21084.39468767144,optimize_swarm_heur,8330.535216040189,3251.185028076172,5980.696035224001,3.1865244339132137,22744.475492191534,optimize_random_heur,7981.82247825508,4311.479651451111,10546.028144118329,5.6189406992176005,31036.72914898999,optimize_single_point_heur,13798.796297294197,2.1331260204315186,10609.673972965711,5.652851298844195,31145.469293027698,optimize_single_point_heur,14153.696199238162,2.128805160522461,11157.18461663077,5.944565847383513,32045.365419254,optimize_single_point_heur,14481.482429559774,22.704394578933716,9232.231828433223,4.918947916361023,28384.849835571917,optimize_single_point_heur,12426.140650135283,30.105856895446777,9645.573054084913,5.1391767839251665,29741.59188179693,optimize_single_point_heur,12752.786948297278,30.10655951499939,3871.8223028956395,2.0629131290543823,19425.103654022114,optimize_single_point_heur,5763.949429678469,21.210166931152344
2026-04-09 23:47:58,config_resnet_ed_area_0.7_hw_0.3_seed_2,inputs/task_graph_topology/soda-benchmark-graphs/pytorch-graphs/rez_net_tosa.dot,362,0.3,0.5,1.0,0.7,42,5629.515000900963,24136.994087574298,4.287579673153255,24136.994087574298,None,9343.869573768468,0.0,11301.083321256456,2.007470149639498,34328.141897912596,optimize_random_heur,15469.804761253268,1.3137454986572266,6386.543198873214,1.1344748522476793,29032.714086476288,optimize_swarm_heur,9240.45468882766,3167.54132938385,6854.682197478602,1.2176328149727924,25731.91156755398,optimize_random_heur,9899.96971309998,4306.045835018158,10828.48341354057,1.9235197724506552,33098.643113073216,optimize_single_point_heur,14712.248980635613,2.1280789375305176,11093.239047157405,1.9705496912934797,33171.08958726214,optimize_single_point_heur,15225.562070005535,2.1112701892852783,11231.104454212013,1.9950394398832858,33402.15989092254,optimize_single_point_heur,15508.398099651497,22.22955822944641,10258.253592999108,1.8222268865714628,32062.286522222326,optimize_single_point_heur,13924.905690677158,31.358449459075928,10122.829434197592,1.798170789593332,31879.87700190234,optimize_single_point_heur,13673.938934682548,31.40237832069397,4858.391928269476,0.863021401931059,24572.022097169982,optimize_single_point_heur,7137.814848948045,22.103055953979492
2026-04-09 23:51:43,config_resnet_ed_area_0.7_hw_0.5_seed_0,inputs/task_graph_topology/soda-benchmark-graphs/pytorch-graphs/rez_net_tosa.dot,362,0.5,0.5,1.0,0.7,42,9311.942737816993,27806.910889348575,2.9861557005093196,27806.910889348575,None,10581.937429858372,0.0,11667.643908667684,1.2529763377177876,35061.896487746824,optimize_random_heur,15950.336680658902,1.3240504264831543,7502.279951302217,0.8056621655150967,29330.95636345531,optimize_swarm_heur,11210.572365837068,3183.7568287849426,7796.348291419009,0.8372418635863211,28612.70447734719,optimize_random_heur,10954.081349902943,4473.720043420792,11443.160194903247,1.2288692614518673,35160.59462059392,optimize_single_point_heur,15659.452197704539,2.2695465087890625,11740.79040885464,1.2608314655086725,35911.575182846944,optimize_single_point_heur,15168.158746774874,2.3079750537872314,11805.51467943733,1.2677821386823636,33991.85796788638,optimize_single_point_heur,16188.041264555884,23.399006843566895,10702.33276713934,1.149312562208506,33872.45056065546,optimize_single_point_heur,15273.341270488516,32.0606689453125,10651.02572032717,1.1438027509632325,33037.38120679926,optimize_single_point_heur,14530.218051680036,32.465999603271484,5587.612070913053,0.600047941469941,26487.388837125513,optimize_single_point_heur,8506.693217892764,24.00441598892212
2026-04-09 23:51:47,config_resnet_ed_area_0.7_hw_0.3_seed_3,inputs/task_graph_topology/soda-benchmark-graphs/pytorch-graphs/rez_net_tosa.dot,362,0.3,0.5,1.0,0.7,42,5629.515000900963,24136.994087574298,4.287579673153255,24136.994087574298,None,9343.869573768468,0.0,11301.083321256456,2.007470149639498,34328.141897912596,optimize_random_heur,15469.804761253268,1.3198423385620117,6386.543198873214,1.1344748522476793,29032.714086476288,optimize_swarm_heur,9240.45468882766,3197.5468938350677,6854.682197478602,1.2176328149727924,25731.91156755398,optimize_random_heur,9899.96971309998,4464.338017702103,10828.48341354057,1.9235197724506552,33098.643113073216,optimize_single_point_heur,14712.248980635613,2.265824556350708,11093.239047157405,1.9705496912934797,33171.08958726214,optimize_single_point_heur,15225.562070005535,2.2489187717437744,11231.104454212013,1.9950394398832858,33402.15989092254,optimize_single_point_heur,15508.398099651497,23.218793392181396,10258.253592999108,1.8222268865714628,32062.286522222326,optimize_single_point_heur,13924.905690677158,32.774168968200684,10122.829434197592,1.798170789593332,31879.87700190234,optimize_single_point_heur,13673.938934682548,33.1651771068573,4858.391928269476,0.863021401931059,24572.022097169982,optimize_single_point_heur,7137.814848948045,22.926692724227905
2026-04-09 23:52:47,config_resnet_ed_area_0.7_hw_0.3_seed_1,inputs/task_graph_topology/soda-benchmark-graphs/pytorch-graphs/rez_net_tosa.dot,362,0.3,0.5,1.0,0.7,42,5629.515000900963,24136.994087574298,4.287579673153255,24136.994087574298,None,9343.869573768468,0.0,11301.083321256456,2.007470149639498,34328.141897912596,optimize_random_heur,15469.804761253268,1.3502418994903564,6386.543198873214,1.1344748522476793,29032.714086476288,optimize_swarm_heur,9240.45468882766,3272.51140165329,6854.682197478602,1.2176328149727924,25731.91156755398,optimize_random_heur,9899.96971309998,4485.557680845261,10828.48341354057,1.9235197724506552,33098.643113073216,optimize_single_point_heur,14712.248980635613,2.27923583984375,11093.239047157405,1.9705496912934797,33171.08958726214,optimize_single_point_heur,15225.562070005535,2.287645101547241,11231.104454212013,1.9950394398832858,33402.15989092254,optimize_single_point_heur,15508.398099651497,23.010775566101074,10258.253592999108,1.8222268865714628,32062.286522222326,optimize_single_point_heur,13924.905690677158,32.530171632766724,10122.829434197592,1.798170789593332,31879.87700190234,optimize_single_point_heur,13673.938934682548,32.409451961517334,4858.391928269476,0.863021401931059,24572.022097169982,optimize_single_point_heur,7137.814848948045,22.18593716621399
2026-04-09 23:53:20,config_resnet_ed_area_0.7_hw_0.5_seed_1,inputs/task_graph_topology/soda-benchmark-graphs/pytorch-graphs/rez_net_tosa.dot,362,0.5,0.5,1.0,0.7,42,9311.942737816993,27806.910889348575,2.9861557005093196,27806.910889348575,None,10581.937429858372,0.0,11667.643908667684,1.2529763377177876,35061.896487746824,optimize_random_heur,15950.336680658902,1.320788860321045,7502.279951302217,0.8056621655150967,29330.95636345531,optimize_swarm_heur,11210.572365837068,3202.4342494010925,7796.348291419009,0.8372418635863211,28612.70447734719,optimize_random_heur,10954.081349902943,4473.070374965668,11443.160194903247,1.2288692614518673,35160.59462059392,optimize_single_point_heur,15659.452197704539,2.307044506072998,11740.79040885464,1.2608314655086725,35911.575182846944,optimize_single_point_heur,15168.158746774874,2.250101327896118,11805.51467943733,1.2677821386823636,33991.85796788638,optimize_single_point_heur,16188.041264555884,23.53335213661194,10702.33276713934,1.149312562208506,33872.45056065546,optimize_single_point_heur,15273.341270488516,32.49571418762207,10651.02572032717,1.1438027509632325,33037.38120679926,optimize_single_point_heur,14530.218051680036,32.2003390789032,5587.612070913053,0.600047941469941,26487.388837125513,optimize_single_point_heur,8506.693217892764,23.653616189956665
2026-04-09 23:53:52,config_resnet_ed_area_0.7_hw_0.1_seed_1,inputs/task_graph_topology/soda-benchmark-graphs/pytorch-graphs/rez_net_tosa.dot,362,0.1,0.5,1.0,0.7,42,1876.8712304770884,20695.777558494166,11.026743456040634,20695.777558494166,None,7879.012729836811,0.0,10361.495299118484,5.520621303617435,32021.092587986182,optimize_random_heur,14402.82623907767,1.3670854568481445,6162.73976563277,3.283517625269498,21084.39468767144,optimize_swarm_heur,8330.535216040189,3385.166488170624,5980.696035224001,3.1865244339132137,22744.475492191534,optimize_random_heur,7981.82247825508,4532.972979307175,10546.028144118329,5.6189406992176005,31036.72914898999,optimize_single_point_heur,13798.796297294197,2.282477617263794,10609.673972965711,5.652851298844195,31145.469293027698,optimize_single_point_heur,14153.696199238162,2.282134532928467,11157.18461663077,5.944565847383513,32045.365419254,optimize_single_point_heur,14481.482429559774,24.139878034591675,9232.231828433223,4.918947916361023,28384.849835571917,optimize_single_point_heur,12426.140650135283,31.933274030685425,9645.573054084913,5.1391767839251665,29741.59188179693,optimize_single_point_heur,12752.786948297278,31.69393253326416,3871.8223028956395,2.0629131290543823,19425.103654022114,optimize_single_point_heur,5763.949429678469,22.309110403060913
2026-04-09 23:54:05,config_resnet_ed_area_0.7_hw_0.9_seed_2,inputs/task_graph_topology/soda-benchmark-graphs/pytorch-graphs/rez_net_tosa.dot,362,0.9,0.5,1.0,0.7,42,14476.759981256146,34435.97424728404,2.378707272336502,34435.97424728404,None,15459.708042985432,0.0,13314.806798364203,0.9197366548594861,38790.51962931272,optimize_random_heur,17439.255749956304,1.3076252937316895,10597.446242567949,0.7320316325123193,33494.97573799116,optimize_swarm_heur,13310.315023940984,3142.5737442970276,10403.835490071475,0.7186577316707531,34560.59533294321,optimize_random_heur,13231.661542160444,4289.363664627075,12995.676887917245,0.8976923638123074,38048.35595475575,optimize_single_point_heur,16802.672922164682,2.1182868480682373,13153.884233110108,0.9086207307533704,40235.6708196061,optimize_single_point_heur,17050.810029161104,2.1644012928009033,13131.551865638201,0.9070780950047069,37243.29923832606,optimize_single_point_heur,17561.391947854187,22.442257165908813,12358.947545408795,0.8537095013946906,38016.97752622953,optimize_single_point_heur,17015.04392788528,31.346062898635864,12397.619728946664,0.8563808300336914,39419.7637884276,optimize_single_point_heur,16627.06128590998,31.05921769142151,7931.245089424781,0.5478605088219877,32604.211704464524,optimize_single_point_heur,11171.870228063493,24.44643473625183
2026-04-09 23:55:23,config_resnet_ed_area_0.7_hw_0.1_seed_3,inputs/task_graph_topology/soda-benchmark-graphs/pytorch-graphs/rez_net_tosa.dot,362,0.1,0.5,1.0,0.7,42,1876.8712304770884,20695.777558494166,11.026743456040634,20695.777558494166,None,7879.012729836811,0.0,10361.495299118484,5.520621303617435,32021.092587986182,optimize_random_heur,14402.82623907767,1.3850295543670654,6162.73976563277,3.283517625269498,21084.39468767144,optimize_swarm_heur,8330.535216040189,3351.5728073120117,5980.696035224001,3.1865244339132137,22744.475492191534,optimize_random_heur,7981.82247825508,4600.70524764061,10546.028144118329,5.6189406992176005,31036.72914898999,optimize_single_point_heur,13798.796297294197,2.3228847980499268,10609.673972965711,5.652851298844195,31145.469293027698,optimize_single_point_heur,14153.696199238162,2.3184287548065186,11157.18461663077,5.944565847383513,32045.365419254,optimize_single_point_heur,14481.482429559774,24.459182024002075,9232.231828433223,4.918947916361023,28384.849835571917,optimize_single_point_heur,12426.140650135283,32.530993938446045,9645.573054084913,5.1391767839251665,29741.59188179693,optimize_single_point_heur,12752.786948297278,32.58536505699158,3871.8223028956395,2.0629131290543823,19425.103654022114,optimize_single_point_heur,5763.949429678469,23.007736444473267
2026-04-09 23:55:35,config_resnet_ed_area_0.7_hw_0.5_seed_2,inputs/task_graph_topology/soda-benchmark-graphs/pytorch-graphs/rez_net_tosa.dot,362,0.5,0.5,1.0,0.7,42,9311.942737816993,27806.910889348575,2.9861557005093196,27806.910889348575,None,10581.937429858372,0.0,11667.643908667684,1.2529763377177876,35061.896487746824,optimize_random_heur,15950.336680658902,1.3436360359191895,7502.279951302217,0.8056621655150967,29330.95636345531,optimize_swarm_heur,11210.572365837068,3298.565121412277,7796.348291419009,0.8372418635863211,28612.70447734719,optimize_random_heur,10954.081349902943,4471.093786716461,11443.160194903247,1.2288692614518673,35160.59462059392,optimize_single_point_heur,15659.452197704539,2.2062740325927734,11740.79040885464,1.2608314655086725,35911.575182846944,optimize_single_point_heur,15168.158746774874,2.249394178390503,11805.51467943733,1.2677821386823636,33991.85796788638,optimize_single_point_heur,16188.041264555884,23.04227352142334,10702.33276713934,1.149312562208506,33872.45056065546,optimize_single_point_heur,15273.341270488516,31.64406967163086,10651.02572032717,1.1438027509632325,33037.38120679926,optimize_single_point_heur,14530.218051680036,31.671878576278687,5587.612070913053,0.600047941469941,26487.388837125513,optimize_single_point_heur,8506.693217892764,23.1712543964386
2026-04-09 23:55:51,config_resnet_ed_area_0.7_hw_0.3_seed_0,inputs/task_graph_topology/soda-benchmark-graphs/pytorch-graphs/rez_net_tosa.dot,362,0.3,0.5,1.0,0.7,42,5629.515000900963,24136.994087574298,4.287579673153255,24136.994087574298,None,9343.869573768468,0.0,11301.083321256456,2.007470149639498,34328.141897912596,optimize_random_heur,15469.804761253268,1.388599157333374,6386.543198873214,1.1344748522476793,29032.714086476288,optimize_swarm_heur,9240.45468882766,3371.69260430336,6854.682197478602,1.2176328149727924,25731.91156755398,optimize_random_heur,9899.96971309998,4607.673015356064,10828.48341354057,1.9235197724506552,33098.643113073216,optimize_single_point_heur,14712.248980635613,2.3258554935455322,11093.239047157405,1.9705496912934797,33171.08958726214,optimize_single_point_heur,15225.562070005535,2.3228485584259033,11231.104454212013,1.9950394398832858,33402.15989092254,optimize_single_point_heur,15508.398099651497,24.754174947738647,10258.253592999108,1.8222268865714628,32062.286522222326,optimize_single_point_heur,13924.905690677158,33.1761953830719,10122.829434197592,1.798170789593332,31879.87700190234,optimize_single_point_heur,13673.938934682548,32.32325577735901,4858.391928269476,0.863021401931059,24572.022097169982,optimize_single_point_heur,7137.814848948045,23.094293355941772
2026-04-09 23:57:06,config_resnet_ed_area_0.7_hw_0.7_seed_0,inputs/task_graph_topology/soda-benchmark-graphs/pytorch-graphs/rez_net_tosa.dot,362,0.7,0.5,1.0,0.7,42,12459.889958209249,30387.426351701426,2.438819801268032,30387.426351701426,None,13248.824127957305,0.0,12513.260141160124,1.0042833590930482,36926.19755227961,optimize_random_heur,16771.697112545604,1.3608407974243164,9336.769506965104,0.7493460647149243,30250.694732022763,optimize_swarm_heur,12110.222875641397,3283.4309787750244,9091.35925524305,0.7296500439197836,31988.408131944845,optimize_random_heur,12268.139637944665,4477.079262256622,12310.815288499412,0.9880356351292157,37066.87485768479,optimize_single_point_heur,16297.84784648776,2.1802589893341064,12353.010925891725,0.9914221527897921,38073.61249497637,optimize_single_point_heur,16127.285365381362,2.157163381576538,12476.132150029105,1.001303558207523,37494.401728391895,optimize_single_point_heur,16789.04674004481,22.71319341659546,11783.336904678985,0.9457015225817051,37655.36308260233,optimize_single_point_heur,16046.633564379734,30.404690980911255,11485.344637447366,0.9217853990660808,37223.25706481403,optimize_single_point_heur,15075.547254655954,30.406389713287354,7814.061691712689,0.6271372955877803,29774.96547815281,optimize_single_point_heur,10861.93724113838,24.274547815322876
2026-04-09 23:57:17,config_resnet_ed_area_0.7_hw_0.7_seed_2,inputs/task_graph_topology/soda-benchmark-graphs/pytorch-graphs/rez_net_tosa.dot,362,0.7,0.5,1.0,0.7,42,12459.889958209249,30387.426351701426,2.438819801268032,30387.426351701426,None,13248.824127957305,0.0,12513.260141160124,1.0042833590930482,36926.19755227961,optimize_random_heur,16771.697112545604,1.3257300853729248,9336.769506965104,0.7493460647149243,30250.694732022763,optimize_swarm_heur,12110.222875641397,3245.675324201584,9091.35925524305,0.7296500439197836,31988.408131944845,optimize_random_heur,12268.139637944665,4479.801862001419,12310.815288499412,0.9880356351292157,37066.87485768479,optimize_single_point_heur,16297.84784648776,2.2553114891052246,12353.010925891725,0.9914221527897921,38073.61249497637,optimize_single_point_heur,16127.285365381362,2.2717478275299072,12476.132150029105,1.001303558207523,37494.401728391895,optimize_single_point_heur,16789.04674004481,23.57914900779724,11783.336904678985,0.9457015225817051,37655.36308260233,optimize_single_point_heur,16046.633564379734,31.971132040023804,11485.344637447366,0.9217853990660808,37223.25706481403,optimize_single_point_heur,15075.547254655954,31.504706859588623,7814.061691712689,0.6271372955877803,29774.96547815281,optimize_single_point_heur,10861.93724113838,25.03325843811035
2026-04-09 23:57:41,config_resnet_ed_area_0.7_hw_0.9_seed_3,inputs/task_graph_topology/soda-benchmark-graphs/pytorch-graphs/rez_net_tosa.dot,362,0.9,0.5,1.0,0.7,42,14476.759981256146,34435.97424728404,2.378707272336502,34435.97424728404,None,15459.708042985432,0.0,13314.806798364203,0.9197366548594861,38790.51962931272,optimize_random_heur,17439.255749956304,1.3242859840393066,10597.446242567949,0.7320316325123193,33494.97573799116,optimize_swarm_heur,13310.315023940984,3224.345690727234,10403.835490071475,0.7186577316707531,34560.59533294321,optimize_random_heur,13231.661542160444,4422.625509977341,12995.676887917245,0.8976923638123074,38048.35595475575,optimize_single_point_heur,16802.672922164682,2.229804754257202,13153.884233110108,0.9086207307533704,40235.6708196061,optimize_single_point_heur,17050.810029161104,2.1745872497558594,13131.551865638201,0.9070780950047069,37243.29923832606,optimize_single_point_heur,17561.391947854187,22.506025791168213,12358.947545408795,0.8537095013946906,38016.97752622953,optimize_single_point_heur,17015.04392788528,31.66207981109619,12397.619728946664,0.8563808300336914,39419.7637884276,optimize_single_point_heur,16627.06128590998,31.458080053329468,7931.245089424781,0.5478605088219877,32604.211704464524,optimize_single_point_heur,11171.870228063493,24.666346073150635
2026-04-09 23:59:14,config_resnet_ed_area_0.7_hw_0.1_seed_2,inputs/task_graph_topology/soda-benchmark-graphs/pytorch-graphs/rez_net_tosa.dot,362,0.1,0.5,1.0,0.7,42,1876.8712304770884,20695.777558494166,11.026743456040634,20695.777558494166,None,7879.012729836811,0.0,10361.495299118484,5.520621303617435,32021.092587986182,optimize_random_heur,14402.82623907767,1.430654525756836,6162.73976563277,3.283517625269498,21084.39468767144,optimize_swarm_heur,8330.535216040189,3471.526453733444,5980.696035224001,3.1865244339132137,22744.475492191534,optimize_random_heur,7981.82247825508,4712.505759239197,10546.028144118329,5.6189406992176005,31036.72914898999,optimize_single_point_heur,13798.796297294197,2.3794431686401367,10609.673972965711,5.652851298844195,31145.469293027698,optimize_single_point_heur,14153.696199238162,2.3749337196350098,11157.18461663077,5.944565847383513,32045.365419254,optimize_single_point_heur,14481.482429559774,24.70834970474243,9232.231828433223,4.918947916361023,28384.849835571917,optimize_single_point_heur,12426.140650135283,32.212615966796875,9645.573054084913,5.1391767839251665,29741.59188179693,optimize_single_point_heur,12752.786948297278,32.13354516029358,3871.8223028956395,2.0629131290543823,19425.103654022114,optimize_single_point_heur,5763.949429678469,22.72333025932312
2026-04-10 00:00:07,config_resnet_ed_area_0.9_hw_0.1_seed_0,inputs/task_graph_topology/soda-benchmark-graphs/pytorch-graphs/rez_net_tosa.dot,362,0.1,0.5,1.0,0.9,42,1876.8712304770884,11274.035663724435,6.006824272573377,11274.035663724435,None,3298.991959019001,0.0,10361.495299118484,5.520621303617435,32021.092587986182,optimize_random_heur,14402.82623907767,1.3897793292999268,1957.4296218177246,1.0429216400318304,11477.374634375252,optimize_swarm_heur,2590.5537537067466,3348.2180891036987,2829.851482761183,1.507749405931196,11558.428139534095,optimize_random_heur,3633.303891019978,4444.277097702026,10546.028144118329,5.6189406992176005,31036.72914898999,optimize_single_point_heur,13798.796297294197,2.1655659675598145,10609.673972965711,5.652851298844195,31145.469293027698,optimize_single_point_heur,14153.696199238162,2.1623523235321045,11157.18461663077,5.944565847383513,32045.365419254,optimize_single_point_heur,14481.482429559774,22.851537942886353,9232.231828433223,4.918947916361023,28384.849835571917,optimize_single_point_heur,12426.140650135283,31.20799493789673,9645.573054084913,5.1391767839251665,29741.59188179693,optimize_single_point_heur,12752.786948297278,30.962708234786987,3341.7259598589817,1.7804769478029332,16689.115200876593,optimize_single_point_heur,4781.921127388881,23.692236185073853
2026-04-10 00:00:52,config_resnet_ed_area_0.7_hw_0.9_seed_1,inputs/task_graph_topology/soda-benchmark-graphs/pytorch-graphs/rez_net_tosa.dot,362,0.9,0.5,1.0,0.7,42,14476.759981256146,34435.97424728404,2.378707272336502,34435.97424728404,None,15459.708042985432,0.0,13314.806798364203,0.9197366548594861,38790.51962931272,optimize_random_heur,17439.255749956304,1.3552684783935547,10597.446242567949,0.7320316325123193,33494.97573799116,optimize_swarm_heur,13310.315023940984,3256.5799663066864,10403.835490071475,0.7186577316707531,34560.59533294321,optimize_random_heur,13231.661542160444,4582.855967998505,12995.676887917245,0.8976923638123074,38048.35595475575,optimize_single_point_heur,16802.672922164682,2.1734097003936768,13153.884233110108,0.9086207307533704,40235.6708196061,optimize_single_point_heur,17050.810029161104,2.1608238220214844,13131.551865638201,0.9070780950047069,37243.29923832606,optimize_single_point_heur,17561.391947854187,22.246814012527466,12358.947545408795,0.8537095013946906,38016.97752622953,optimize_single_point_heur,17015.04392788528,31.45458745956421,12397.619728946664,0.8563808300336914,39419.7637884276,optimize_single_point_heur,16627.06128590998,31.18061661720276,7931.245089424781,0.5478605088219877,32604.211704464524,optimize_single_point_heur,11171.870228063493,24.108282804489136
2026-04-10 00:01:12,config_resnet_ed_area_0.9_hw_0.1_seed_2,inputs/task_graph_topology/soda-benchmark-graphs/pytorch-graphs/rez_net_tosa.dot,362,0.1,0.5,1.0,0.9,42,1876.8712304770884,11274.035663724435,6.006824272573377,11274.035663724435,None,3298.991959019001,0.0,10361.495299118484,5.520621303617435,32021.092587986182,optimize_random_heur,14402.82623907767,1.3855891227722168,1957.4296218177246,1.0429216400318304,11477.374634375252,optimize_swarm_heur,2590.5537537067466,3334.6177418231964,2829.851482761183,1.507749405931196,11558.428139534095,optimize_random_heur,3633.303891019978,4521.485711574554,10546.028144118329,5.6189406992176005,31036.72914898999,optimize_single_point_heur,13798.796297294197,2.2044754028320312,10609.673972965711,5.652851298844195,31145.469293027698,optimize_single_point_heur,14153.696199238162,2.2277941703796387,11157.18461663077,5.944565847383513,32045.365419254,optimize_single_point_heur,14481.482429559774,23.224334955215454,9232.231828433223,4.918947916361023,28384.849835571917,optimize_single_point_heur,12426.140650135283,31.693573474884033,9645.573054084913,5.1391767839251665,29741.59188179693,optimize_single_point_heur,12752.786948297278,31.21649718284607,3341.7259598589817,1.7804769478029332,16689.115200876593,optimize_single_point_heur,4781.921127388881,24.188920736312866
2026-04-10 00:01:36,config_resnet_ed_area_0.7_hw_0.5_seed_3,inputs/task_graph_topology/soda-benchmark-graphs/pytorch-graphs/rez_net_tosa.dot,362,0.5,0.5,1.0,0.7,42,9311.942737816993,27806.910889348575,2.9861557005093196,27806.910889348575,None,10581.937429858372,0.0,11667.643908667684,1.2529763377177876,35061.896487746824,optimize_random_heur,15950.336680658902,1.4056396484375,7502.279951302217,0.8056621655150967,29330.95636345531,optimize_swarm_heur,11210.572365837068,3375.205494403839,7796.348291419009,0.8372418635863211,28612.70447734719,optimize_random_heur,10954.081349902943,4653.92139005661,11443.160194903247,1.2288692614518673,35160.59462059392,optimize_single_point_heur,15659.452197704539,2.274228572845459,11740.79040885464,1.2608314655086725,35911.575182846944,optimize_single_point_heur,15168.158746774874,2.27963924407959,11805.51467943733,1.2677821386823636,33991.85796788638,optimize_single_point_heur,16188.041264555884,23.431142568588257,10702.33276713934,1.149312562208506,33872.45056065546,optimize_single_point_heur,15273.341270488516,30.997387170791626,10651.02572032717,1.1438027509632325,33037.38120679926,optimize_single_point_heur,14530.218051680036,31.004307508468628,5587.612070913053,0.600047941469941,26487.388837125513,optimize_single_point_heur,8506.693217892764,23.15246081352234
2026-04-10 00:03:11,config_resnet_ed_area_0.9_hw_0.5_seed_0,inputs/task_graph_topology/soda-benchmark-graphs/pytorch-graphs/rez_net_tosa.dot,362,0.5,0.5,1.0,0.9,42,9311.942737816993,14871.98502040613,1.5970872501190425,14871.98502040613,None,6260.566999633739,0.0,11667.643908667684,1.2529763377177876,35061.896487746824,optimize_random_heur,15950.336680658902,1.378126621246338,4948.94323253527,0.5314619485831863,17485.060011287063,optimize_swarm_heur,5755.129570450284,3358.7447991371155,5901.118890374237,0.6337151179430085,19850.379498164526,optimize_random_heur,6734.831281575822,4576.448546171188,11443.160194903247,1.2288692614518673,35160.59462059392,optimize_single_point_heur,15659.452197704539,2.278333902359009,11740.79040885464,1.2608314655086725,35911.575182846944,optimize_single_point_heur,15168.158746774874,2.2610650062561035,11805.51467943733,1.2677821386823636,33991.85796788638,optimize_single_point_heur,16188.041264555884,23.92906141281128,10702.33276713934,1.149312562208506,33872.45056065546,optimize_single_point_heur,15273.341270488516,31.78581476211548,10651.02572032717,1.1438027509632325,33037.38120679926,optimize_single_point_heur,14530.218051680036,31.862119436264038,5184.215471591061,0.556727593538274,22800.7577891752,optimize_single_point_heur,7322.743721176316,24.841469287872314
2026-04-10 00:03:56,config_resnet_ed_area_0.7_hw_0.7_seed_1,inputs/task_graph_topology/soda-benchmark-graphs/pytorch-graphs/rez_net_tosa.dot,362,0.7,0.5,1.0,0.7,42,12459.889958209249,30387.426351701426,2.438819801268032,30387.426351701426,None,13248.824127957305,0.0,12513.260141160124,1.0042833590930482,36926.19755227961,optimize_random_heur,16771.697112545604,1.4323163032531738,9336.769506965104,0.7493460647149243,30250.694732022763,optimize_swarm_heur,12110.222875641397,3367.4572339057922,9091.35925524305,0.7296500439197836,31988.408131944845,optimize_random_heur,12268.139637944665,4754.9869866371155,12310.815288499412,0.9880356351292157,37066.87485768479,optimize_single_point_heur,16297.84784648776,2.282360315322876,12353.010925891725,0.9914221527897921,38073.61249497637,optimize_single_point_heur,16127.285365381362,2.3115017414093018,12476.132150029105,1.001303558207523,37494.401728391895,optimize_single_point_heur,16789.04674004481,24.403995752334595,11783.336904678985,0.9457015225817051,37655.36308260233,optimize_single_point_heur,16046.633564379734,32.0057270526886,11485.344637447366,0.9217853990660808,37223.25706481403,optimize_single_point_heur,15075.547254655954,31.54824948310852,7814.061691712689,0.6271372955877803,29774.96547815281,optimize_single_point_heur,10861.93724113838,24.877540111541748
2026-04-10 00:03:57,config_resnet_ed_area_0.9_hw_0.5_seed_2,inputs/task_graph_topology/soda-benchmark-graphs/pytorch-graphs/rez_net_tosa.dot,362,0.5,0.5,1.0,0.9,42,9311.942737816993,14871.98502040613,1.5970872501190425,14871.98502040613,None,6260.566999633739,0.0,11667.643908667684,1.2529763377177876,35061.896487746824,optimize_random_heur,15950.336680658902,1.3640997409820557,4948.94323253527,0.5314619485831863,17485.060011287063,optimize_swarm_heur,5755.129570450284,3355.524390935898,5901.118890374237,0.6337151179430085,19850.379498164526,optimize_random_heur,6734.831281575822,4582.209823608398,11443.160194903247,1.2288692614518673,35160.59462059392,optimize_single_point_heur,15659.452197704539,2.2554993629455566,11740.79040885464,1.2608314655086725,35911.575182846944,optimize_single_point_heur,15168.158746774874,2.2602643966674805,11805.51467943733,1.2677821386823636,33991.85796788638,optimize_single_point_heur,16188.041264555884,23.856175422668457,10702.33276713934,1.149312562208506,33872.45056065546,optimize_single_point_heur,15273.341270488516,31.83939504623413,10651.02572032717,1.1438027509632325,33037.38120679926,optimize_single_point_heur,14530.218051680036,31.615655660629272,5184.215471591061,0.556727593538274,22800.7577891752,optimize_single_point_heur,7322.743721176316,24.84773325920105
2026-04-10 00:04:36,config_resnet_ed_area_0.9_hw_0.3_seed_0,inputs/task_graph_topology/soda-benchmark-graphs/pytorch-graphs/rez_net_tosa.dot,362,0.3,0.5,1.0,0.9,42,5629.515000900963,14417.969443707758,2.5611388265952337,14417.969443707758,None,4404.222246279361,0.0,11301.083321256456,2.007470149639498,34328.141897912596,optimize_random_heur,15469.804761253268,1.3825669288635254,3637.3809548750364,0.6461268784776131,13262.028374064754,optimize_swarm_heur,4767.335359369723,3405.6255400180817,4034.508792490752,0.7166707597093281,18360.447595175036,optimize_random_heur,5396.32575438012,4655.041714191437,10828.48341354057,1.9235197724506552,33098.643113073216,optimize_single_point_heur,14712.248980635613,2.259922981262207,11093.239047157405,1.9705496912934797,33171.08958726214,optimize_single_point_heur,15225.562070005535,2.209329128265381,11231.104454212013,1.9950394398832858,33402.15989092254,optimize_single_point_heur,15508.398099651497,23.370829820632935,10258.253592999108,1.8222268865714628,32062.286522222326,optimize_single_point_heur,13924.905690677158,31.150997638702393,10122.829434197592,1.798170789593332,31879.87700190234,optimize_single_point_heur,13673.938934682548,30.974729299545288,4789.503648694044,0.8507844188935493,21038.55020060158,optimize_single_point_heur,7308.945994568411,24.23937678337097
2026-04-10 00:05:35,config_resnet_ed_area_0.9_hw_0.3_seed_3,inputs/task_graph_topology/soda-benchmark-graphs/pytorch-graphs/rez_net_tosa.dot,362,0.3,0.5,1.0,0.9,42,5629.515000900963,14417.969443707758,2.5611388265952337,14417.969443707758,None,4404.222246279361,0.0,11301.083321256456,2.007470149639498,34328.141897912596,optimize_random_heur,15469.804761253268,1.3952369689941406,3637.3809548750364,0.6461268784776131,13262.028374064754,optimize_swarm_heur,4767.335359369723,3396.4484479427338,4034.508792490752,0.7166707597093281,18360.447595175036,optimize_random_heur,5396.32575438012,4679.49412894249,10828.48341354057,1.9235197724506552,33098.643113073216,optimize_single_point_heur,14712.248980635613,2.314242124557495,11093.239047157405,1.9705496912934797,33171.08958726214,optimize_single_point_heur,15225.562070005535,2.320970058441162,11231.104454212013,1.9950394398832858,33402.15989092254,optimize_single_point_heur,15508.398099651497,24.480985164642334,10258.253592999108,1.8222268865714628,32062.286522222326,optimize_single_point_heur,13924.905690677158,32.54011368751526,10122.829434197592,1.798170789593332,31879.87700190234,optimize_single_point_heur,13673.938934682548,32.726929903030396,4789.503648694044,0.8507844188935493,21038.55020060158,optimize_single_point_heur,7308.945994568411,25.40753197669983
2026-04-10 00:05:40,config_resnet_ed_area_0.9_hw_0.1_seed_1,inputs/task_graph_topology/soda-benchmark-graphs/pytorch-graphs/rez_net_tosa.dot,362,0.1,0.5,1.0,0.9,42,1876.8712304770884,11274.035663724435,6.006824272573377,11274.035663724435,None,3298.991959019001,0.0,10361.495299118484,5.520621303617435,32021.092587986182,optimize_random_heur,14402.82623907767,1.4056241512298584,1957.4296218177246,1.0429216400318304,11477.374634375252,optimize_swarm_heur,2590.5537537067466,3470.087246656418,2829.851482761183,1.507749405931196,11558.428139534095,optimize_random_heur,3633.303891019978,4652.523008346558,10546.028144118329,5.6189406992176005,31036.72914898999,optimize_single_point_heur,13798.796297294197,2.275536298751831,10609.673972965711,5.652851298844195,31145.469293027698,optimize_single_point_heur,14153.696199238162,2.250579833984375,11157.18461663077,5.944565847383513,32045.365419254,optimize_single_point_heur,14481.482429559774,23.773164749145508,9232.231828433223,4.918947916361023,28384.849835571917,optimize_single_point_heur,12426.140650135283,32.02066779136658,9645.573054084913,5.1391767839251665,29741.59188179693,optimize_single_point_heur,12752.786948297278,32.207836389541626,3341.7259598589817,1.7804769478029332,16689.115200876593,optimize_single_point_heur,4781.921127388881,24.201481819152832
2026-04-10 00:05:59,config_resnet_ed_area_0.9_hw_0.1_seed_3,inputs/task_graph_topology/soda-benchmark-graphs/pytorch-graphs/rez_net_tosa.dot,362,0.1,0.5,1.0,0.9,42,1876.8712304770884,11274.035663724435,6.006824272573377,11274.035663724435,None,3298.991959019001,0.0,10361.495299118484,5.520621303617435,32021.092587986182,optimize_random_heur,14402.82623907767,1.4057278633117676,1957.4296218177246,1.0429216400318304,11477.374634375252,optimize_swarm_heur,2590.5537537067466,3440.9161908626556,2829.851482761183,1.507749405931196,11558.428139534095,optimize_random_heur,3633.303891019978,4697.47576880455,10546.028144118329,5.6189406992176005,31036.72914898999,optimize_single_point_heur,13798.796297294197,2.320725440979004,10609.673972965711,5.652851298844195,31145.469293027698,optimize_single_point_heur,14153.696199238162,2.3130741119384766,11157.18461663077,5.944565847383513,32045.365419254,optimize_single_point_heur,14481.482429559774,24.563167810440063,9232.231828433223,4.918947916361023,28384.849835571917,optimize_single_point_heur,12426.140650135283,32.9484760761261,9645.573054084913,5.1391767839251665,29741.59188179693,optimize_single_point_heur,12752.786948297278,32.473198652267456,3341.7259598589817,1.7804769478029332,16689.115200876593,optimize_single_point_heur,4781.921127388881,24.622253894805908
2026-04-10 00:06:09,config_resnet_ed_area_0.9_hw_0.3_seed_2,inputs/task_graph_topology/soda-benchmark-graphs/pytorch-graphs/rez_net_tosa.dot,362,0.3,0.5,1.0,0.9,42,5629.515000900963,14417.969443707758,2.5611388265952337,14417.969443707758,None,4404.222246279361,0.0,11301.083321256456,2.007470149639498,34328.141897912596,optimize_random_heur,15469.804761253268,1.4039866924285889,3637.3809548750364,0.6461268784776131,13262.028374064754,optimize_swarm_heur,4767.335359369723,3410.567002773285,4034.508792490752,0.7166707597093281,18360.447595175036,optimize_random_heur,5396.32575438012,4698.453989267349,10828.48341354057,1.9235197724506552,33098.643113073216,optimize_single_point_heur,14712.248980635613,2.33048939704895,11093.239047157405,1.9705496912934797,33171.08958726214,optimize_single_point_heur,15225.562070005535,2.3206801414489746,11231.104454212013,1.9950394398832858,33402.15989092254,optimize_single_point_heur,15508.398099651497,24.657139539718628,10258.253592999108,1.8222268865714628,32062.286522222326,optimize_single_point_heur,13924.905690677158,33.09623885154724,10122.829434197592,1.798170789593332,31879.87700190234,optimize_single_point_heur,13673.938934682548,32.51518535614014,4789.503648694044,0.8507844188935493,21038.55020060158,optimize_single_point_heur,7308.945994568411,25.649958610534668
2026-04-10 00:07:04,config_resnet_ed_area_0.9_hw_0.5_seed_1,inputs/task_graph_topology/soda-benchmark-graphs/pytorch-graphs/rez_net_tosa.dot,362,0.5,0.5,1.0,0.9,42,9311.942737816993,14871.98502040613,1.5970872501190425,14871.98502040613,None,6260.566999633739,0.0,11667.643908667684,1.2529763377177876,35061.896487746824,optimize_random_heur,15950.336680658902,1.3960988521575928,4948.94323253527,0.5314619485831863,17485.060011287063,optimize_swarm_heur,5755.129570450284,3412.1208322048187,5901.118890374237,0.6337151179430085,19850.379498164526,optimize_random_heur,6734.831281575822,4710.243205547333,11443.160194903247,1.2288692614518673,35160.59462059392,optimize_single_point_heur,15659.452197704539,2.346839189529419,11740.79040885464,1.2608314655086725,35911.575182846944,optimize_single_point_heur,15168.158746774874,2.3260715007781982,11805.51467943733,1.2677821386823636,33991.85796788638,optimize_single_point_heur,16188.041264555884,24.547913074493408,10702.33276713934,1.149312562208506,33872.45056065546,optimize_single_point_heur,15273.341270488516,32.40601110458374,10651.02572032717,1.1438027509632325,33037.38120679926,optimize_single_point_heur,14530.218051680036,32.163230419158936,5184.215471591061,0.556727593538274,22800.7577891752,optimize_single_point_heur,7322.743721176316,25.16557788848877
2026-04-10 00:10:44,config_resnet_ed_area_0.9_hw_0.3_seed_1,inputs/task_graph_topology/soda-benchmark-graphs/pytorch-graphs/rez_net_tosa.dot,362,0.3,0.5,1.0,0.9,42,5629.515000900963,14417.969443707758,2.5611388265952337,14417.969443707758,None,4404.222246279361,0.0,11301.083321256456,2.007470149639498,34328.141897912596,optimize_random_heur,15469.804761253268,1.4428448677062988,3637.3809548750364,0.6461268784776131,13262.028374064754,optimize_swarm_heur,4767.335359369723,3587.670958518982,4034.508792490752,0.7166707597093281,18360.447595175036,optimize_random_heur,5396.32575438012,4791.538932323456,10828.48341354057,1.9235197724506552,33098.643113073216,optimize_single_point_heur,14712.248980635613,2.3633506298065186,11093.239047157405,1.9705496912934797,33171.08958726214,optimize_single_point_heur,15225.562070005535,2.345919609069824,11231.104454212013,1.9950394398832858,33402.15989092254,optimize_single_point_heur,15508.398099651497,24.55308961868286,10258.253592999108,1.8222268865714628,32062.286522222326,optimize_single_point_heur,13924.905690677158,34.947784423828125,10122.829434197592,1.798170789593332,31879.87700190234,optimize_single_point_heur,13673.938934682548,34.48187232017517,4789.503648694044,0.8507844188935493,21038.55020060158,optimize_single_point_heur,7308.945994568411,27.10683536529541
2026-04-10 00:13:00,config_resnet_ed_area_0.9_hw_0.5_seed_3,inputs/task_graph_topology/soda-benchmark-graphs/pytorch-graphs/rez_net_tosa.dot,362,0.5,0.5,1.0,0.9,42,9311.942737816993,14871.98502040613,1.5970872501190425,14871.98502040613,None,6260.566999633739,0.0,11667.643908667684,1.2529763377177876,35061.896487746824,optimize_random_heur,15950.336680658902,1.3668208122253418,4948.94323253527,0.5314619485831863,17485.060011287063,optimize_swarm_heur,5755.129570450284,3320.189853668213,5901.118890374237,0.6337151179430085,19850.379498164526,optimize_random_heur,6734.831281575822,4624.674353122711,11443.160194903247,1.2288692614518673,35160.59462059392,optimize_single_point_heur,15659.452197704539,2.2293076515197754,11740.79040885464,1.2608314655086725,35911.575182846944,optimize_single_point_heur,15168.158746774874,2.1754298210144043,11805.51467943733,1.2677821386823636,33991.85796788638,optimize_single_point_heur,16188.041264555884,23.003468990325928,10702.33276713934,1.149312562208506,33872.45056065546,optimize_single_point_heur,15273.341270488516,30.90061092376709,10651.02572032717,1.1438027509632325,33037.38120679926,optimize_single_point_heur,14530.218051680036,30.789296865463257,5184.215471591061,0.556727593538274,22800.7577891752,optimize_single_point_heur,7322.743721176316,23.922440767288208
2026-04-10 00:13:10,config_resnet_ed_area_0.9_hw_0.7_seed_2,inputs/task_graph_topology/soda-benchmark-graphs/pytorch-graphs/rez_net_tosa.dot,362,0.7,0.5,1.0,0.9,42,12459.889958209249,21335.557149057477,1.712339131454404,21335.557149057477,None,9472.735801156185,0.0,12513.260141160124,1.0042833590930482,36926.19755227961,optimize_random_heur,16771.697112545604,1.304081916809082,6323.196412748713,0.5074841297922258,21964.90735289388,optimize_swarm_heur,6972.405577244214,3143.044417858124,6923.345576606069,0.5556506196946462,22436.282124911493,optimize_random_heur,7808.792767778688,4345.774960517883,12310.815288499412,0.9880356351292157,37066.87485768479,optimize_single_point_heur,16297.84784648776,2.1006414890289307,12353.010925891725,0.9914221527897921,38073.61249497637,optimize_single_point_heur,16127.285365381362,2.0573606491088867,12476.132150029105,1.001303558207523,37494.401728391895,optimize_single_point_heur,16789.04674004481,21.41254687309265,11783.336904678985,0.9457015225817051,37655.36308260233,optimize_single_point_heur,16046.633564379734,29.045594930648804,11485.344637447366,0.9217853990660808,37223.25706481403,optimize_single_point_heur,15075.547254655954,28.91190791130066,7814.061691712689,0.6271372955877803,29774.96547815281,optimize_single_point_heur,10861.93724113838,22.66905641555786
2026-04-10 00:17:10,config_resnet_ed_area_0.9_hw_0.7_seed_0,inputs/task_graph_topology/soda-benchmark-graphs/pytorch-graphs/rez_net_tosa.dot,362,0.7,0.5,1.0,0.9,42,12459.889958209249,21335.557149057477,1.712339131454404,21335.557149057477,None,9472.735801156185,0.0,12513.260141160124,1.0042833590930482,36926.19755227961,optimize_random_heur,16771.697112545604,1.3899400234222412,6323.196412748713,0.5074841297922258,21964.90735289388,optimize_swarm_heur,6972.405577244214,3385.788850545883,6923.345576606069,0.5556506196946462,22436.282124911493,optimize_random_heur,7808.792767778688,4466.012812614441,12310.815288499412,0.9880356351292157,37066.87485768479,optimize_single_point_heur,16297.84784648776,2.173679828643799,12353.010925891725,0.9914221527897921,38073.61249497637,optimize_single_point_heur,16127.285365381362,2.168354034423828,12476.132150029105,1.001303558207523,37494.401728391895,optimize_single_point_heur,16789.04674004481,22.921629190444946,11783.336904678985,0.9457015225817051,37655.36308260233,optimize_single_point_heur,16046.633564379734,30.772323608398438,11485.344637447366,0.9217853990660808,37223.25706481403,optimize_single_point_heur,15075.547254655954,30.4360454082489,7814.061691712689,0.6271372955877803,29774.96547815281,optimize_single_point_heur,10861.93724113838,24.281599760055542
2026-04-10 00:18:40,config_resnet_ed_area_0.9_hw_0.7_seed_1,inputs/task_graph_topology/soda-benchmark-graphs/pytorch-graphs/rez_net_tosa.dot,362,0.7,0.5,1.0,0.9,42,12459.889958209249,21335.557149057477,1.712339131454404,21335.557149057477,None,9472.735801156185,0.0,12513.260141160124,1.0042833590930482,36926.19755227961,optimize_random_heur,16771.697112545604,1.346724510192871,6323.196412748713,0.5074841297922258,21964.90735289388,optimize_swarm_heur,6972.405577244214,3307.4977350234985,6923.345576606069,0.5556506196946462,22436.282124911493,optimize_random_heur,7808.792767778688,4597.133638620377,12310.815288499412,0.9880356351292157,37066.87485768479,optimize_single_point_heur,16297.84784648776,2.199469804763794,12353.010925891725,0.9914221527897921,38073.61249497637,optimize_single_point_heur,16127.285365381362,2.1821937561035156,12476.132150029105,1.001303558207523,37494.401728391895,optimize_single_point_heur,16789.04674004481,23.036447763442993,11783.336904678985,0.9457015225817051,37655.36308260233,optimize_single_point_heur,16046.633564379734,30.58302402496338,11485.344637447366,0.9217853990660808,37223.25706481403,optimize_single_point_heur,15075.547254655954,30.50313639640808,7814.061691712689,0.6271372955877803,29774.96547815281,optimize_single_point_heur,10861.93724113838,24.38716435432434
2026-04-10 00:18:56,config_resnet_ed_area_0.9_hw_0.7_seed_3,inputs/task_graph_topology/soda-benchmark-graphs/pytorch-graphs/rez_net_tosa.dot,362,0.7,0.5,1.0,0.9,42,12459.889958209249,21335.557149057477,1.712339131454404,21335.557149057477,None,9472.735801156185,0.0,12513.260141160124,1.0042833590930482,36926.19755227961,optimize_random_heur,16771.697112545604,1.34259033203125,6323.196412748713,0.5074841297922258,21964.90735289388,optimize_swarm_heur,6972.405577244214,3274.764343738556,6923.345576606069,0.5556506196946462,22436.282124911493,optimize_random_heur,7808.792767778688,4555.555999279022,12310.815288499412,0.9880356351292157,37066.87485768479,optimize_single_point_heur,16297.84784648776,2.1706089973449707,12353.010925891725,0.9914221527897921,38073.61249497637,optimize_single_point_heur,16127.285365381362,2.1616153717041016,12476.132150029105,1.001303558207523,37494.401728391895,optimize_single_point_heur,16789.04674004481,22.051015853881836,11783.336904678985,0.9457015225817051,37655.36308260233,optimize_single_point_heur,16046.633564379734,30.641561031341553,11485.344637447366,0.9217853990660808,37223.25706481403,optimize_single_point_heur,15075.547254655954,30.66960620880127,7814.061691712689,0.6271372955877803,29774.96547815281,optimize_single_point_heur,10861.93724113838,23.845869779586792
2026-04-10 00:19:27,config_resnet_ed_area_0.7_hw_0.9_seed_0,inputs/task_graph_topology/soda-benchmark-graphs/pytorch-graphs/rez_net_tosa.dot,362,0.9,0.5,1.0,0.7,42,14476.759981256146,34435.97424728404,2.378707272336502,34435.97424728404,None,15459.708042985432,0.0,13314.806798364203,0.9197366548594861,38790.51962931272,optimize_random_heur,17439.255749956304,1.5048203468322754,10597.446242567949,0.7320316325123193,33494.97573799116,optimize_swarm_heur,13310.315023940984,3809.0995931625366,10403.835490071475,0.7186577316707531,34560.59533294321,optimize_random_heur,13231.661542160444,5120.26312828064,12995.676887917245,0.8976923638123074,38048.35595475575,optimize_single_point_heur,16802.672922164682,2.5834381580352783,13153.884233110108,0.9086207307533704,40235.6708196061,optimize_single_point_heur,17050.810029161104,2.538763999938965,13131.551865638201,0.9070780950047069,37243.29923832606,optimize_single_point_heur,17561.391947854187,27.185365200042725,12358.947545408795,0.8537095013946906,38016.97752622953,optimize_single_point_heur,17015.04392788528,37.42919731140137,12397.619728946664,0.8563808300336914,39419.7637884276,optimize_single_point_heur,16627.06128590998,37.301931619644165,7931.245089424781,0.5478605088219877,32604.211704464524,optimize_single_point_heur,11171.870228063493,29.28313112258911
2026-04-10 00:20:11,config_resnet_ed_area_0.7_hw_0.7_seed_3,inputs/task_graph_topology/soda-benchmark-graphs/pytorch-graphs/rez_net_tosa.dot,362,0.7,0.5,1.0,0.7,42,12459.889958209249,30387.426351701426,2.438819801268032,30387.426351701426,None,13248.824127957305,0.0,12513.260141160124,1.0042833590930482,36926.19755227961,optimize_random_heur,16771.697112545604,1.5194003582000732,9336.769506965104,0.7493460647149243,30250.694732022763,optimize_swarm_heur,12110.222875641397,3803.038241624832,9091.35925524305,0.7296500439197836,31988.408131944845,optimize_random_heur,12268.139637944665,5169.962961435318,12310.815288499412,0.9880356351292157,37066.87485768479,optimize_single_point_heur,16297.84784648776,2.6362268924713135,12353.010925891725,0.9914221527897921,38073.61249497637,optimize_single_point_heur,16127.285365381362,2.6026957035064697,12476.132150029105,1.001303558207523,37494.401728391895,optimize_single_point_heur,16789.04674004481,27.243163585662842,11783.336904678985,0.9457015225817051,37655.36308260233,optimize_single_point_heur,16046.633564379734,37.96095013618469,11485.344637447366,0.9217853990660808,37223.25706481403,optimize_single_point_heur,15075.547254655954,36.519426584243774,7814.061691712689,0.6271372955877803,29774.96547815281,optimize_single_point_heur,10861.93724113838,30.047971963882446
2026-04-10 00:21:18,config_resnet_ed_area_0.9_hw_0.9_seed_0,inputs/task_graph_topology/soda-benchmark-graphs/pytorch-graphs/rez_net_tosa.dot,362,0.9,0.5,1.0,0.9,42,14476.759981256146,26216.0165438757,1.8109035846293655,26216.0165438757,None,10921.381696028191,0.0,13314.806798364203,0.9197366548594861,38790.51962931272,optimize_random_heur,17439.255749956304,1.3807079792022705,7822.7434167308775,0.5403656223394884,25894.130452703557,optimize_swarm_heur,8999.546844440112,3390.6316974163055,8737.848574000156,0.603577636523195,29103.926670470148,optimize_random_heur,9805.8061047675,4479.3989815711975,12995.676887917245,0.8976923638123074,38048.35595475575,optimize_single_point_heur,16802.672922164682,2.1642143726348877,13153.884233110108,0.9086207307533704,40235.6708196061,optimize_single_point_heur,17050.810029161104,2.1584718227386475,13131.551865638201,0.9070780950047069,37243.29923832606,optimize_single_point_heur,17561.391947854187,22.791916131973267,12358.947545408795,0.8537095013946906,38016.97752622953,optimize_single_point_heur,17015.04392788528,30.820361852645874,12397.619728946664,0.8563808300336914,39419.7637884276,optimize_single_point_heur,16627.06128590998,30.58300518989563,7931.245089424781,0.5478605088219877,32604.211704464524,optimize_single_point_heur,11171.870228063493,24.30217432975769
2026-04-10 00:25:59,config_resnet_ed_area_0.9_hw_0.9_seed_1,inputs/task_graph_topology/soda-benchmark-graphs/pytorch-graphs/rez_net_tosa.dot,362,0.9,0.5,1.0,0.9,42,14476.759981256146,26216.0165438757,1.8109035846293655,26216.0165438757,None,10921.381696028191,0.0,13314.806798364203,0.9197366548594861,38790.51962931272,optimize_random_heur,17439.255749956304,1.4139704704284668,7822.7434167308775,0.5403656223394884,25894.130452703557,optimize_swarm_heur,8999.546844440112,3416.6973390579224,8737.848574000156,0.603577636523195,29103.926670470148,optimize_random_heur,9805.8061047675,4685.404056787491,12995.676887917245,0.8976923638123074,38048.35595475575,optimize_single_point_heur,16802.672922164682,2.2835705280303955,13153.884233110108,0.9086207307533704,40235.6708196061,optimize_single_point_heur,17050.810029161104,2.2317943572998047,13131.551865638201,0.9070780950047069,37243.29923832606,optimize_single_point_heur,17561.391947854187,23.664305448532104,12358.947545408795,0.8537095013946906,38016.97752622953,optimize_single_point_heur,17015.04392788528,31.50154399871826,12397.619728946664,0.8563808300336914,39419.7637884276,optimize_single_point_heur,16627.06128590998,31.322322845458984,7931.245089424781,0.5478605088219877,32604.211704464524,optimize_single_point_heur,11171.870228063493,25.055248022079468
2026-04-10 01:12:25,config_resnet_ed_area_0.9_hw_0.9_seed_3,inputs/task_graph_topology/soda-benchmark-graphs/pytorch-graphs/rez_net_tosa.dot,362,0.9,0.5,1.0,0.9,42,14476.759981256146,26216.0165438757,1.8109035846293655,26216.0165438757,None,10921.381696028191,0.0,13314.806798364203,0.9197366548594861,38790.51962931272,optimize_random_heur,17439.255749956304,1.3525211811065674,7822.7434167308775,0.5403656223394884,25894.130452703557,optimize_swarm_heur,8999.546844440112,3302.904268026352,8737.848574000156,0.603577636523195,29103.926670470148,optimize_random_heur,9805.8061047675,4420.557448148727,12995.676887917245,0.8976923638123074,38048.35595475575,optimize_single_point_heur,16802.672922164682,2.1662919521331787,13153.884233110108,0.9086207307533704,40235.6708196061,optimize_single_point_heur,17050.810029161104,2.1513023376464844,13131.551865638201,0.9070780950047069,37243.29923832606,optimize_single_point_heur,17561.391947854187,22.18459177017212,12358.947545408795,0.8537095013946906,38016.97752622953,optimize_single_point_heur,17015.04392788528,30.70639705657959,12397.619728946664,0.8563808300336914,39419.7637884276,optimize_single_point_heur,16627.06128590998,30.77839756011963,7931.245089424781,0.5478605088219877,32604.211704464524,optimize_single_point_heur,11171.870228063493,23.75341773033142
2026-04-10 01:16:21,config_resnet_ed_area_0.9_hw_0.9_seed_2,inputs/task_graph_topology/soda-benchmark-graphs/pytorch-graphs/rez_net_tosa.dot,362,0.9,0.5,1.0,0.9,42,14476.759981256146,26216.0165438757,1.8109035846293655,26216.0165438757,None,10921.381696028191,0.0,13314.806798364203,0.9197366548594861,38790.51962931272,optimize_random_heur,17439.255749956304,1.3868389129638672,7822.7434167308775,0.5403656223394884,25894.130452703557,optimize_swarm_heur,8999.546844440112,3373.58722782135,8737.848574000156,0.603577636523195,29103.926670470148,optimize_random_heur,9805.8061047675,4580.503385305405,12995.676887917245,0.8976923638123074,38048.35595475575,optimize_single_point_heur,16802.672922164682,2.2539143562316895,13153.884233110108,0.9086207307533704,40235.6708196061,optimize_single_point_heur,17050.810029161104,2.2467281818389893,13131.551865638201,0.9070780950047069,37243.29923832606,optimize_single_point_heur,17561.391947854187,23.67447519302368,12358.947545408795,0.8537095013946906,38016.97752622953,optimize_single_point_heur,17015.04392788528,31.766742944717407,12397.619728946664,0.8563808300336914,39419.7637884276,optimize_single_point_heur,16627.06128590998,31.62333655357361,7931.245089424781,0.5478605088219877,32604.211704464524,optimize_single_point_heur,11171.870228063493,25.14988923072815
