SimTime,Config,GraphName,N,HW_Scale_Factor,HW_Scale_Var,Comm_Scale_Var,Area_Percentage,Seed,LB_Naive,greedy_opt_cost,greedy_opt_ratio,greedy_partition_cost,greedy_bb,greedy_makespan,greedy_time,random_opt_cost,random_opt_ratio,random_partition_cost,random_bb,random_makespan,random_time,pso_opt_cost,pso_opt_ratio,pso_partition_cost,pso_bb,pso_makespan,pso_time,esa_opt_cost,esa_opt_ratio,esa_partition_cost,esa_bb,esa_makespan,esa_time,gl25_opt_cost,gl25_opt_ratio,gl25_partition_cost,gl25_bb,gl25_makespan,gl25_time
2025-11-05 15:41:24,config_spt_area_0.1_hw_0.1_seed_2,inputs/task_graph_topology/soda-benchmark-graphs/pytorch-graphs/squeeze_net_tosa.dot,179,0.1,0.5,1.0,0.1,2,896.9223739196549,16474.058299079632,18.36731781713292,16474.058299079632,None,9386.264704611564,0.0,8942.015456463534,9.969664841100895,8942.015456463532,optimize_random_heur,8942.015456463534,0.21751761436462402,8942.015456463534,9.969664841100895,8942.015456463532,optimize_swarm_heur,8942.015456463534,0.3795018196105957,8942.015456463534,9.969664841100895,8942.015456463532,optimize_single_point_heur,8942.015456463534,0.10251212120056152,8942.015456463534,9.969664841100895,8942.015456463532,optimize_single_point_heur,8942.015456463534,0.46273303031921387
2025-11-05 15:55:48,config_spt_area_0.9_hw_0.1_seed_2,inputs/task_graph_topology/soda-benchmark-graphs/pytorch-graphs/squeeze_net_tosa.dot,179,0.1,0.5,1.0,0.9,2,896.9223739196549,4181.5752410475225,4.6621372848282885,4181.5752410475225,None,2921.0910803200622,0.0,5918.849731665129,6.599065765077382,14222.5956708481,optimize_random_heur,8013.428327487766,0.7182948589324951,2258.5189714943913,2.5180762986482335,4579.631381431189,optimize_swarm_heur,2998.7451693522576,3.0244314670562744,6363.580096351603,7.09490618295318,16008.948477524884,optimize_single_point_heur,8342.854935381383,1.1789240837097168,2469.8916249872937,2.753740676791884,9115.424378720501,optimize_single_point_heur,4547.898150672617,2.312938928604126
2025-11-05 15:56:59,config_spt_area_0.9_hw_0.1_seed_2,inputs/task_graph_topology/soda-benchmark-graphs/pytorch-graphs/squeeze_net_tosa.dot,179,0.1,0.5,1.0,0.9,2,896.9223739196549,4181.5752410475225,4.6621372848282885,4181.5752410475225,None,2921.0910803200622,0.0,5918.849731665129,6.599065765077382,14222.5956708481,optimize_random_heur,8013.428327487766,0.7039144039154053,2258.5189714943913,2.5180762986482335,4579.631381431189,optimize_swarm_heur,2998.7451693522576,2.986290216445923,6363.580096351603,7.09490618295318,16008.948477524884,optimize_single_point_heur,8342.854935381383,1.1968531608581543,2469.8916249872937,2.753740676791884,9115.424378720501,optimize_single_point_heur,4547.898150672617,2.3059229850769043
2025-11-05 15:57:29,config_spt_area_0.9_hw_0.1_seed_2,inputs/task_graph_topology/soda-benchmark-graphs/pytorch-graphs/squeeze_net_tosa.dot,179,0.1,0.5,1.0,0.9,2,896.9223739196549,4181.5752410475225,4.6621372848282885,4181.5752410475225,None,2921.0910803200622,0.0,5918.849731665129,6.599065765077382,14222.5956708481,optimize_random_heur,8013.428327487766,0.6789994239807129,2258.5189714943913,2.5180762986482335,4579.631381431189,optimize_swarm_heur,2998.7451693522576,2.953728437423706,6363.580096351603,7.09490618295318,16008.948477524884,optimize_single_point_heur,8342.854935381383,1.1254591941833496,2469.8916249872937,2.753740676791884,9115.424378720501,optimize_single_point_heur,4547.898150672617,2.226067066192627
2025-11-06 13:09:35,config_spt_area_0.1_hw_0.1_seed_1,inputs/task_graph_topology/soda-benchmark-graphs/pytorch-graphs/squeeze_net_tosa.dot,179,0.1,0.5,1.0,0.1,1,914.495431384477,16433.55070118445,17.970074138375185,16433.55070118445,None,9261.424686175536,0.0,8769.553212251989,9.589499205015763,8769.553212251989,optimize_random_heur,8769.553212251989,0.13597321510314941,8769.553212251989,9.589499205015763,8769.553212251989,optimize_swarm_heur,8769.553212251989,31.67801332473755,8769.553212251989,9.589499205015763,8769.553212251989,optimize_random_heur,8769.553212251989,164.885582447052,8769.553212251989,9.589499205015763,8769.553212251989,optimize_single_point_heur,8769.553212251989,0.07086992263793945,8769.553212251989,9.589499205015763,8769.553212251989,optimize_single_point_heur,8769.553212251989,0.06665468215942383,8769.553212251989,9.589499205015763,8769.553212251989,optimize_single_point_heur,8769.553212251989,0.813554048538208,8769.553212251989,9.589499205015763,8769.553212251989,optimize_single_point_heur,8769.553212251989,3.4055867195129395,8769.553212251989,9.589499205015763,8769.553212251989,optimize_single_point_heur,8769.553212251989,3.2890210151672363,8769.553212251989,9.589499205015763,8769.553212251989,optimize_single_point_heur,8769.553212251989,1.9968469142913818
2025-11-06 13:09:37,config_spt_area_0.1_hw_0.1_seed_0,inputs/task_graph_topology/soda-benchmark-graphs/pytorch-graphs/squeeze_net_tosa.dot,179,0.1,0.5,1.0,0.1,0,1005.5926797560742,14423.118730564303,14.342903464713872,14423.118730564303,None,9633.20789788403,0.0,9466.813815823472,9.414163414673851,9466.813815823472,optimize_random_heur,9466.813815823469,0.13680768013000488,9466.813815823472,9.414163414673851,9466.813815823472,optimize_swarm_heur,9466.813815823469,31.18454909324646,9466.813815823472,9.414163414673851,9466.813815823472,optimize_random_heur,9466.813815823469,167.7491970062256,9466.813815823472,9.414163414673851,9466.813815823472,optimize_single_point_heur,9466.813815823469,0.06986665725708008,9466.813815823472,9.414163414673851,9466.813815823472,optimize_single_point_heur,9466.813815823469,0.06581234931945801,9466.813815823472,9.414163414673851,9466.813815823472,optimize_single_point_heur,9466.813815823469,0.8015420436859131,9466.813815823472,9.414163414673851,9466.813815823472,optimize_single_point_heur,9466.813815823469,3.3304314613342285,9466.813815823472,9.414163414673851,9466.813815823472,optimize_single_point_heur,9466.813815823469,3.2405662536621094,9466.813815823472,9.414163414673851,9466.813815823472,optimize_single_point_heur,9466.813815823469,1.9685344696044922
2025-11-06 13:09:46,config_spt_area_0.1_hw_0.3_seed_1,inputs/task_graph_topology/soda-benchmark-graphs/pytorch-graphs/squeeze_net_tosa.dot,179,0.3,0.5,1.0,0.1,1,2742.479224526191,16880.045835254914,6.155031434439115,16880.045835254914,None,9531.253545214196,0.0,8769.553212251989,3.197673526138407,8769.553212251989,optimize_random_heur,8769.553212251989,0.14199328422546387,8769.553212251989,3.197673526138407,8769.553212251989,optimize_swarm_heur,8769.553212251989,33.31282663345337,8769.553212251989,3.197673526138407,8769.553212251989,optimize_random_heur,8769.553212251989,173.753835439682,8769.553212251989,3.197673526138407,8769.553212251989,optimize_single_point_heur,8769.553212251989,0.07379865646362305,8769.553212251989,3.197673526138407,8769.553212251989,optimize_single_point_heur,8769.553212251989,0.07111573219299316,8769.553212251989,3.197673526138407,8769.553212251989,optimize_single_point_heur,8769.553212251989,0.8643701076507568,8769.553212251989,3.197673526138407,8769.553212251989,optimize_single_point_heur,8769.553212251989,3.510953426361084,8769.553212251989,3.197673526138407,8769.553212251989,optimize_single_point_heur,8769.553212251989,3.399404287338257,8769.553212251989,3.197673526138407,8769.553212251989,optimize_single_point_heur,8769.553212251989,2.094554901123047
2025-11-06 13:09:46,config_spt_area_0.1_hw_0.3_seed_2,inputs/task_graph_topology/soda-benchmark-graphs/pytorch-graphs/squeeze_net_tosa.dot,179,0.3,0.5,1.0,0.1,2,2688.9671217589616,17857.13007901792,6.64088821857251,17857.13007901792,None,9585.149287423177,0.0,8942.015456463532,3.3254461849329715,8942.015456463532,optimize_random_heur,8942.015456463534,0.14153075218200684,8942.015456463532,3.3254461849329715,8942.015456463532,optimize_swarm_heur,8942.015456463534,32.8556170463562,8942.015456463532,3.3254461849329715,8942.015456463532,optimize_random_heur,8942.015456463534,174.6740016937256,8942.015456463532,3.3254461849329715,8942.015456463532,optimize_single_point_heur,8942.015456463534,0.07721495628356934,8942.015456463532,3.3254461849329715,8942.015456463532,optimize_single_point_heur,8942.015456463534,0.0680088996887207,8942.015456463532,3.3254461849329715,8942.015456463532,optimize_single_point_heur,8942.015456463534,0.842698335647583,8942.015456463532,3.3254461849329715,8942.015456463532,optimize_single_point_heur,8942.015456463534,3.5173251628875732,8942.015456463532,3.3254461849329715,8942.015456463532,optimize_single_point_heur,8942.015456463534,3.4103097915649414,8942.015456463532,3.3254461849329715,8942.015456463532,optimize_single_point_heur,8942.015456463534,2.0857110023498535
2025-11-06 13:09:51,config_spt_area_0.1_hw_0.1_seed_3,inputs/task_graph_topology/soda-benchmark-graphs/pytorch-graphs/squeeze_net_tosa.dot,179,0.1,0.5,1.0,0.1,3,886.513608108352,15754.563150649039,17.771372042744183,15754.563150649039,None,9709.067241861962,0.0,9214.5581241026,10.394153050582808,9214.5581241026,optimize_random_heur,9214.558124102598,0.14389467239379883,9214.5581241026,10.394153050582808,9214.5581241026,optimize_swarm_heur,9214.558124102598,34.11591839790344,9214.5581241026,10.394153050582808,9214.5581241026,optimize_random_heur,9214.558124102598,176.07249641418457,9214.5581241026,10.394153050582808,9214.5581241026,optimize_single_point_heur,9214.558124102598,0.07571911811828613,9214.5581241026,10.394153050582808,9214.5581241026,optimize_single_point_heur,9214.558124102598,0.07159209251403809,9214.5581241026,10.394153050582808,9214.5581241026,optimize_single_point_heur,9214.558124102598,0.8868348598480225,9214.5581241026,10.394153050582808,9214.5581241026,optimize_single_point_heur,9214.558124102598,3.677173137664795,9214.5581241026,10.394153050582808,9214.5581241026,optimize_single_point_heur,9214.558124102598,3.551506280899048,9214.5581241026,10.394153050582808,9214.5581241026,optimize_single_point_heur,9214.558124102598,2.172109842300415
2025-11-06 13:09:52,config_spt_area_0.1_hw_0.3_seed_0,inputs/task_graph_topology/soda-benchmark-graphs/pytorch-graphs/squeeze_net_tosa.dot,179,0.3,0.5,1.0,0.1,0,3016.369355489379,14216.288818648964,4.713046428739659,14216.288818648964,None,9700.798076049545,0.0,9466.813815823472,3.138479642287563,9466.813815823472,optimize_random_heur,9466.813815823469,0.14620447158813477,9466.813815823472,3.138479642287563,9466.813815823472,optimize_swarm_heur,9466.813815823469,34.54293346405029,9466.813815823472,3.138479642287563,9466.813815823472,optimize_random_heur,9466.813815823469,177.82970523834229,9466.813815823472,3.138479642287563,9466.813815823472,optimize_single_point_heur,9466.813815823469,0.07738637924194336,9466.813815823472,3.138479642287563,9466.813815823472,optimize_single_point_heur,9466.813815823469,0.0728304386138916,9466.813815823472,3.138479642287563,9466.813815823472,optimize_single_point_heur,9466.813815823469,0.8946449756622314,9466.813815823472,3.138479642287563,9466.813815823472,optimize_single_point_heur,9466.813815823469,3.672276496887207,9466.813815823472,3.138479642287563,9466.813815823472,optimize_single_point_heur,9466.813815823469,3.546069622039795,9466.813815823472,3.138479642287563,9466.813815823472,optimize_single_point_heur,9466.813815823469,2.1473066806793213
2025-11-06 13:09:55,config_spt_area_0.1_hw_0.1_seed_2,inputs/task_graph_topology/soda-benchmark-graphs/pytorch-graphs/squeeze_net_tosa.dot,179,0.1,0.5,1.0,0.1,2,896.9223739196549,16474.058299079632,18.36731781713292,16474.058299079632,None,8856.530897172122,0.0,8942.015456463532,9.969664841100894,8942.015456463532,optimize_random_heur,8942.015456463534,0.14592194557189941,8942.015456463532,9.969664841100894,8942.015456463532,optimize_swarm_heur,8942.015456463534,34.90098428726196,8942.015456463532,9.969664841100894,8942.015456463532,optimize_random_heur,8942.015456463534,179.57802367210388,8942.015456463532,9.969664841100894,8942.015456463532,optimize_single_point_heur,8942.015456463534,0.07697463035583496,8942.015456463532,9.969664841100894,8942.015456463532,optimize_single_point_heur,8942.015456463534,0.07264375686645508,8942.015456463532,9.969664841100894,8942.015456463532,optimize_single_point_heur,8942.015456463534,0.8921782970428467,8942.015456463532,9.969664841100894,8942.015456463532,optimize_single_point_heur,8942.015456463534,3.7609846591949463,8942.015456463532,9.969664841100894,8942.015456463532,optimize_single_point_heur,8942.015456463534,3.645397186279297,8942.015456463532,9.969664841100894,8942.015456463532,optimize_single_point_heur,8942.015456463534,2.1420459747314453
2025-11-06 13:10:32,config_spt_area_0.1_hw_0.5_seed_0,inputs/task_graph_topology/soda-benchmark-graphs/pytorch-graphs/squeeze_net_tosa.dot,179,0.5,0.5,1.0,0.1,0,5020.405770995477,16795.892423506713,3.3455248817818806,16795.892423506713,None,9697.030338332283,0.0,9466.813815823472,1.88566706510385,9466.813815823472,optimize_random_heur,9466.813815823469,0.13357996940612793,9466.813815823472,1.88566706510385,9466.813815823472,optimize_swarm_heur,9466.813815823469,31.538111925125122,9466.813815823472,1.88566706510385,9466.813815823472,optimize_random_heur,9466.813815823469,161.06680822372437,9466.813815823472,1.88566706510385,9466.813815823472,optimize_single_point_heur,9466.813815823469,0.06925010681152344,9466.813815823472,1.88566706510385,9466.813815823472,optimize_single_point_heur,9466.813815823469,0.06596207618713379,9466.813815823472,1.88566706510385,9466.813815823472,optimize_single_point_heur,9466.813815823469,0.8072595596313477,9466.813815823472,1.88566706510385,9466.813815823472,optimize_single_point_heur,9466.813815823469,3.293381690979004,9466.813815823472,1.88566706510385,9466.813815823472,optimize_single_point_heur,9466.813815823469,3.196352005004883,9466.813815823472,1.88566706510385,9466.813815823472,optimize_single_point_heur,9466.813815823469,1.939969539642334
2025-11-06 13:10:39,config_spt_area_0.1_hw_0.3_seed_3,inputs/task_graph_topology/soda-benchmark-graphs/pytorch-graphs/squeeze_net_tosa.dot,179,0.3,0.5,1.0,0.1,3,2658.940824325056,15869.870299355976,5.968493226390014,15869.870299355976,None,9953.53852152608,0.0,9214.5581241026,3.4654995101072315,9214.5581241026,optimize_random_heur,9214.558124102598,0.13777875900268555,9214.5581241026,3.4654995101072315,9214.5581241026,optimize_swarm_heur,9214.558124102598,32.12034606933594,9214.5581241026,3.4654995101072315,9214.5581241026,optimize_random_heur,9214.558124102598,166.55050921440125,9214.5581241026,3.4654995101072315,9214.5581241026,optimize_single_point_heur,9214.558124102598,0.07084178924560547,9214.5581241026,3.4654995101072315,9214.5581241026,optimize_single_point_heur,9214.558124102598,0.06809234619140625,9214.5581241026,3.4654995101072315,9214.5581241026,optimize_single_point_heur,9214.558124102598,0.8320579528808594,9214.5581241026,3.4654995101072315,9214.5581241026,optimize_single_point_heur,9214.558124102598,3.4387264251708984,9214.5581241026,3.4654995101072315,9214.5581241026,optimize_single_point_heur,9214.558124102598,3.263697624206543,9214.5581241026,3.4654995101072315,9214.5581241026,optimize_single_point_heur,9214.558124102598,1.9597091674804688
2025-11-06 13:10:58,config_spt_area_0.1_hw_0.5_seed_1,inputs/task_graph_topology/soda-benchmark-graphs/pytorch-graphs/squeeze_net_tosa.dot,179,0.5,0.5,1.0,0.1,1,4559.116995953398,16902.530111907447,3.707413108044797,16902.530111907447,None,10145.697951348538,0.0,8769.553212251989,1.9235201070811978,8769.553212251989,optimize_random_heur,8769.553212251989,0.13996529579162598,8769.553212251989,1.9235201070811978,8769.553212251989,optimize_swarm_heur,8769.553212251989,34.215604305267334,8769.553212251989,1.9235201070811978,8769.553212251989,optimize_random_heur,8769.553212251989,173.56743621826172,8769.553212251989,1.9235201070811978,8769.553212251989,optimize_single_point_heur,8769.553212251989,0.07510828971862793,8769.553212251989,1.9235201070811978,8769.553212251989,optimize_single_point_heur,8769.553212251989,0.07094430923461914,8769.553212251989,1.9235201070811978,8769.553212251989,optimize_single_point_heur,8769.553212251989,0.8681244850158691,8769.553212251989,1.9235201070811978,8769.553212251989,optimize_single_point_heur,8769.553212251989,3.53161358833313,8769.553212251989,1.9235201070811978,8769.553212251989,optimize_single_point_heur,8769.553212251989,3.402024269104004,8769.553212251989,1.9235201070811978,8769.553212251989,optimize_single_point_heur,8769.553212251989,2.148930311203003
2025-11-06 13:11:53,config_spt_area_0.1_hw_0.5_seed_3,inputs/task_graph_topology/soda-benchmark-graphs/pytorch-graphs/squeeze_net_tosa.dot,179,0.5,0.5,1.0,0.1,3,4420.261133273895,16286.794021236668,3.6845773428715396,16286.794021236668,None,10320.549607810652,0.0,9214.5581241026,2.0846184979297315,9214.5581241026,optimize_random_heur,9214.558124102598,0.13413238525390625,9214.5581241026,2.0846184979297315,9214.5581241026,optimize_swarm_heur,9214.558124102598,31.8680477142334,9214.5581241026,2.0846184979297315,9214.5581241026,optimize_random_heur,9214.558124102598,162.15934538841248,9214.5581241026,2.0846184979297315,9214.5581241026,optimize_single_point_heur,9214.558124102598,0.07080817222595215,9214.5581241026,2.0846184979297315,9214.5581241026,optimize_single_point_heur,9214.558124102598,0.06712746620178223,9214.5581241026,2.0846184979297315,9214.5581241026,optimize_single_point_heur,9214.558124102598,0.8161449432373047,9214.5581241026,2.0846184979297315,9214.5581241026,optimize_single_point_heur,9214.558124102598,3.3570563793182373,9214.5581241026,2.0846184979297315,9214.5581241026,optimize_single_point_heur,9214.558124102598,3.2489283084869385,9214.5581241026,2.0846184979297315,9214.5581241026,optimize_single_point_heur,9214.558124102598,1.980879783630371
2025-11-06 13:11:54,config_spt_area_0.1_hw_0.7_seed_1,inputs/task_graph_topology/soda-benchmark-graphs/pytorch-graphs/squeeze_net_tosa.dot,179,0.7,0.5,1.0,0.1,1,6100.224451734148,16393.90537166825,2.687426585919778,16393.90537166825,None,10329.529386350652,0.0,8769.553212251989,1.4375787779020188,8769.553212251989,optimize_random_heur,8769.553212251989,0.1350395679473877,8769.553212251989,1.4375787779020188,8769.553212251989,optimize_swarm_heur,8769.553212251989,31.901471376419067,8769.553212251989,1.4375787779020188,8769.553212251989,optimize_random_heur,8769.553212251989,162.3466031551361,8769.553212251989,1.4375787779020188,8769.553212251989,optimize_single_point_heur,8769.553212251989,0.07126092910766602,8769.553212251989,1.4375787779020188,8769.553212251989,optimize_single_point_heur,8769.553212251989,0.06690454483032227,8769.553212251989,1.4375787779020188,8769.553212251989,optimize_single_point_heur,8769.553212251989,0.8259971141815186,8769.553212251989,1.4375787779020188,8769.553212251989,optimize_single_point_heur,8769.553212251989,3.386749267578125,8769.553212251989,1.4375787779020188,8769.553212251989,optimize_single_point_heur,8769.553212251989,3.308920383453369,8769.553212251989,1.4375787779020188,8769.553212251989,optimize_single_point_heur,8769.553212251989,1.981215000152588
2025-11-06 13:11:58,config_spt_area_0.1_hw_0.7_seed_0,inputs/task_graph_topology/soda-benchmark-graphs/pytorch-graphs/squeeze_net_tosa.dot,179,0.7,0.5,1.0,0.1,0,6596.241530654771,16452.642395124465,2.4942449906759716,16452.642395124465,None,9490.004087451922,0.0,9466.813815823472,1.435183016241638,9466.813815823472,optimize_random_heur,9466.813815823469,0.14272689819335938,9466.813815823472,1.435183016241638,9466.813815823472,optimize_swarm_heur,9466.813815823469,32.065829038619995,9466.813815823472,1.435183016241638,9466.813815823472,optimize_random_heur,9466.813815823469,166.65144157409668,9466.813815823472,1.435183016241638,9466.813815823472,optimize_single_point_heur,9466.813815823469,0.07135343551635742,9466.813815823472,1.435183016241638,9466.813815823472,optimize_single_point_heur,9466.813815823469,0.0673825740814209,9466.813815823472,1.435183016241638,9466.813815823472,optimize_single_point_heur,9466.813815823469,0.824531078338623,9466.813815823472,1.435183016241638,9466.813815823472,optimize_single_point_heur,9466.813815823469,3.391864061355591,9466.813815823472,1.435183016241638,9466.813815823472,optimize_single_point_heur,9466.813815823469,3.270230531692505,9466.813815823472,1.435183016241638,9466.813815823472,optimize_single_point_heur,9466.813815823469,1.9980494976043701
2025-11-06 13:12:13,config_spt_area_0.1_hw_0.5_seed_2,inputs/task_graph_topology/soda-benchmark-graphs/pytorch-graphs/squeeze_net_tosa.dot,179,0.5,0.5,1.0,0.1,2,4411.024222327901,18154.990651444754,4.115822025992759,18154.990651444754,None,10043.41227970307,0.0,8942.015456463532,2.02719708751552,8942.015456463532,optimize_random_heur,8942.015456463534,0.14621877670288086,8942.015456463532,2.02719708751552,8942.015456463532,optimize_swarm_heur,8942.015456463534,33.739654302597046,8942.015456463532,2.02719708751552,8942.015456463532,optimize_random_heur,8942.015456463534,178.7364809513092,8942.015456463532,2.02719708751552,8942.015456463532,optimize_single_point_heur,8942.015456463534,0.0762948989868164,8942.015456463532,2.02719708751552,8942.015456463532,optimize_single_point_heur,8942.015456463534,0.07129311561584473,8942.015456463532,2.02719708751552,8942.015456463532,optimize_single_point_heur,8942.015456463534,0.8812515735626221,8942.015456463532,2.02719708751552,8942.015456463532,optimize_single_point_heur,8942.015456463534,3.588749647140503,8942.015456463532,2.02719708751552,8942.015456463532,optimize_single_point_heur,8942.015456463534,3.4803926944732666,8942.015456463532,2.02719708751552,8942.015456463532,optimize_single_point_heur,8942.015456463534,2.1612510681152344
2025-11-06 13:14:44,config_spt_area_0.1_hw_0.9_seed_0,inputs/task_graph_topology/soda-benchmark-graphs/pytorch-graphs/squeeze_net_tosa.dot,179,0.9,0.5,1.0,0.1,0,7512.781340436409,16387.61783761527,2.181298389374305,16387.61783761527,None,9970.500578737467,0.0,9466.813815823472,1.260094416014716,9466.813815823472,optimize_random_heur,9466.813815823469,0.13421320915222168,9466.813815823472,1.260094416014716,9466.813815823472,optimize_swarm_heur,9466.813815823469,31.367434978485107,9466.813815823472,1.260094416014716,9466.813815823472,optimize_random_heur,9466.813815823469,162.6590280532837,9466.813815823472,1.260094416014716,9466.813815823472,optimize_single_point_heur,9466.813815823469,0.07078790664672852,9466.813815823472,1.260094416014716,9466.813815823472,optimize_single_point_heur,9466.813815823469,0.06623172760009766,9466.813815823472,1.260094416014716,9466.813815823472,optimize_single_point_heur,9466.813815823469,0.8173699378967285,9466.813815823472,1.260094416014716,9466.813815823472,optimize_single_point_heur,9466.813815823469,3.405299186706543,9466.813815823472,1.260094416014716,9466.813815823472,optimize_single_point_heur,9466.813815823469,3.265700101852417,9466.813815823472,1.260094416014716,9466.813815823472,optimize_single_point_heur,9466.813815823469,2.0006611347198486
2025-11-06 13:14:46,config_spt_area_0.1_hw_0.9_seed_2,inputs/task_graph_topology/soda-benchmark-graphs/pytorch-graphs/squeeze_net_tosa.dot,179,0.9,0.5,1.0,0.1,2,6779.073175355862,14397.680024199157,2.1238419547585665,14397.680024199157,None,10023.297782868129,0.0,8942.015456463532,1.31906165122552,8942.015456463532,optimize_random_heur,8942.015456463534,0.1363372802734375,8942.015456463532,1.31906165122552,8942.015456463532,optimize_swarm_heur,8942.015456463534,31.80345129966736,8942.015456463532,1.31906165122552,8942.015456463532,optimize_random_heur,8942.015456463534,164.70102095603943,8942.015456463532,1.31906165122552,8942.015456463532,optimize_single_point_heur,8942.015456463534,0.07156562805175781,8942.015456463532,1.31906165122552,8942.015456463532,optimize_single_point_heur,8942.015456463534,0.06837344169616699,8942.015456463532,1.31906165122552,8942.015456463532,optimize_single_point_heur,8942.015456463534,0.8311853408813477,8942.015456463532,1.31906165122552,8942.015456463532,optimize_single_point_heur,8942.015456463534,3.4344446659088135,8942.015456463532,1.31906165122552,8942.015456463532,optimize_single_point_heur,8942.015456463534,3.3249599933624268,8942.015456463532,1.31906165122552,8942.015456463532,optimize_single_point_heur,8942.015456463534,2.0204238891601562
2025-11-06 13:14:47,config_spt_area_0.1_hw_0.7_seed_3,inputs/task_graph_topology/soda-benchmark-graphs/pytorch-graphs/squeeze_net_tosa.dot,179,0.7,0.5,1.0,0.1,3,5877.451285254198,16012.943943698498,2.7244707214967483,16012.943943698498,None,10224.145405514522,0.0,9214.5581241026,1.5677812842482917,9214.5581241026,optimize_random_heur,9214.558124102598,0.13492250442504883,9214.5581241026,1.5677812842482917,9214.5581241026,optimize_swarm_heur,9214.558124102598,31.712367057800293,9214.5581241026,1.5677812842482917,9214.5581241026,optimize_random_heur,9214.558124102598,164.4467658996582,9214.5581241026,1.5677812842482917,9214.5581241026,optimize_single_point_heur,9214.558124102598,0.07171249389648438,9214.5581241026,1.5677812842482917,9214.5581241026,optimize_single_point_heur,9214.558124102598,0.06649184226989746,9214.5581241026,1.5677812842482917,9214.5581241026,optimize_single_point_heur,9214.558124102598,0.823890209197998,9214.5581241026,1.5677812842482917,9214.5581241026,optimize_single_point_heur,9214.558124102598,3.3805437088012695,9214.5581241026,1.5677812842482917,9214.5581241026,optimize_single_point_heur,9214.558124102598,3.264867067337036,9214.5581241026,1.5677812842482917,9214.5581241026,optimize_single_point_heur,9214.558124102598,1.9671704769134521
2025-11-06 13:14:47,config_spt_area_0.1_hw_0.9_seed_1,inputs/task_graph_topology/soda-benchmark-graphs/pytorch-graphs/squeeze_net_tosa.dot,179,0.9,0.5,1.0,0.1,1,7103.137687612537,15187.560211465021,2.1381480803830186,15187.560211465021,None,9530.3065795946,0.0,8769.553212251989,1.2346027344430595,8769.553212251989,optimize_random_heur,8769.553212251989,0.13857412338256836,8769.553212251989,1.2346027344430595,8769.553212251989,optimize_swarm_heur,8769.553212251989,31.671376943588257,8769.553212251989,1.2346027344430595,8769.553212251989,optimize_random_heur,8769.553212251989,165.68407678604126,8769.553212251989,1.2346027344430595,8769.553212251989,optimize_single_point_heur,8769.553212251989,0.07125186920166016,8769.553212251989,1.2346027344430595,8769.553212251989,optimize_single_point_heur,8769.553212251989,0.0670008659362793,8769.553212251989,1.2346027344430595,8769.553212251989,optimize_single_point_heur,8769.553212251989,0.8152999877929688,8769.553212251989,1.2346027344430595,8769.553212251989,optimize_single_point_heur,8769.553212251989,3.428439140319824,8769.553212251989,1.2346027344430595,8769.553212251989,optimize_single_point_heur,8769.553212251989,3.336214065551758,8769.553212251989,1.2346027344430595,8769.553212251989,optimize_single_point_heur,8769.553212251989,2.053475856781006
2025-11-06 13:14:49,config_spt_area_0.1_hw_0.9_seed_3,inputs/task_graph_topology/soda-benchmark-graphs/pytorch-graphs/squeeze_net_tosa.dot,179,0.9,0.5,1.0,0.1,3,6781.9286707166075,14908.916045009204,2.1983298216307934,14908.916045009204,None,9596.790298780641,0.0,9214.5581241026,1.3586928691671052,9214.5581241026,optimize_random_heur,9214.558124102598,0.1378650665283203,9214.5581241026,1.3586928691671052,9214.5581241026,optimize_swarm_heur,9214.558124102598,31.92982268333435,9214.5581241026,1.3586928691671052,9214.5581241026,optimize_random_heur,9214.558124102598,167.01210355758667,9214.5581241026,1.3586928691671052,9214.5581241026,optimize_single_point_heur,9214.558124102598,0.07106876373291016,9214.5581241026,1.3586928691671052,9214.5581241026,optimize_single_point_heur,9214.558124102598,0.06691598892211914,9214.5581241026,1.3586928691671052,9214.5581241026,optimize_single_point_heur,9214.558124102598,0.8280794620513916,9214.5581241026,1.3586928691671052,9214.5581241026,optimize_single_point_heur,9214.558124102598,3.415358304977417,9214.5581241026,1.3586928691671052,9214.5581241026,optimize_single_point_heur,9214.558124102598,3.3010435104370117,9214.5581241026,1.3586928691671052,9214.5581241026,optimize_single_point_heur,9214.558124102598,1.9984924793243408
2025-11-06 13:15:05,config_spt_area_0.1_hw_0.7_seed_2,inputs/task_graph_topology/soda-benchmark-graphs/pytorch-graphs/squeeze_net_tosa.dot,179,0.7,0.5,1.0,0.1,2,5858.939212615281,14802.876310313306,2.5265454672136256,14802.876310313306,None,9878.191248628335,0.0,8942.015456463532,1.5262174827159616,8942.015456463532,optimize_random_heur,8942.015456463534,0.14446663856506348,8942.015456463532,1.5262174827159616,8942.015456463532,optimize_swarm_heur,8942.015456463534,34.30722522735596,8942.015456463532,1.5262174827159616,8942.015456463532,optimize_random_heur,8942.015456463534,178.60243487358093,8942.015456463532,1.5262174827159616,8942.015456463532,optimize_single_point_heur,8942.015456463534,0.07593464851379395,8942.015456463532,1.5262174827159616,8942.015456463532,optimize_single_point_heur,8942.015456463534,0.07173562049865723,8942.015456463532,1.5262174827159616,8942.015456463532,optimize_single_point_heur,8942.015456463534,0.8802700042724609,8942.015456463532,1.5262174827159616,8942.015456463532,optimize_single_point_heur,8942.015456463534,3.567354679107666,8942.015456463532,1.5262174827159616,8942.015456463532,optimize_single_point_heur,8942.015456463534,3.4924092292785645,8942.015456463532,1.5262174827159616,8942.015456463532,optimize_single_point_heur,8942.015456463534,2.1257922649383545
2025-11-06 13:15:57,config_spt_area_0.3_hw_0.1_seed_0,inputs/task_graph_topology/soda-benchmark-graphs/pytorch-graphs/squeeze_net_tosa.dot,179,0.1,0.5,1.0,0.3,0,1005.5926797560742,16177.672377649415,16.087699028968288,16177.672377649415,None,8369.702674639831,0.0,9466.813815823472,9.414163414673851,9466.813815823472,optimize_random_heur,9466.813815823469,0.13460969924926758,5248.417423406274,5.219227952891799,10863.745086114786,optimize_swarm_heur,8300.409682987776,104.91017150878906,9466.813815823472,9.414163414673851,9466.813815823472,optimize_random_heur,9466.813815823469,162.3626585006714,9466.813815823472,9.414163414673851,9466.813815823472,optimize_single_point_heur,9466.813815823469,0.07061171531677246,9466.813815823472,9.414163414673851,9466.813815823472,optimize_single_point_heur,9466.813815823469,0.06732821464538574,9466.813815823472,9.414163414673851,9466.813815823472,optimize_single_point_heur,9466.813815823469,0.8107373714447021,9466.813815823472,9.414163414673851,9466.813815823472,optimize_single_point_heur,9466.813815823469,3.431276798248291,9466.813815823472,9.414163414673851,9466.813815823472,optimize_single_point_heur,9466.813815823469,3.3212573528289795,9466.813815823472,9.414163414673851,9466.813815823472,optimize_single_point_heur,9466.813815823469,1.983177661895752
2025-11-06 13:16:06,config_spt_area_0.3_hw_0.1_seed_1,inputs/task_graph_topology/soda-benchmark-graphs/pytorch-graphs/squeeze_net_tosa.dot,179,0.1,0.5,1.0,0.3,1,914.495431384477,15185.992025845364,16.60586975580066,15185.992025845364,None,8209.232138212055,0.0,8769.553212251989,9.589499205015763,8769.553212251989,optimize_random_heur,8769.553212251989,0.1383953094482422,5343.273924063539,5.842865629163643,12655.981133435216,optimize_swarm_heur,7804.254594393721,110.5370876789093,8769.553212251989,9.589499205015763,8769.553212251989,optimize_random_heur,8769.553212251989,165.66561770439148,8769.553212251989,9.589499205015763,8769.553212251989,optimize_single_point_heur,8769.553212251989,0.06815791130065918,8769.553212251989,9.589499205015763,8769.553212251989,optimize_single_point_heur,8769.553212251989,0.0651397705078125,8769.553212251989,9.589499205015763,8769.553212251989,optimize_single_point_heur,8769.553212251989,0.7983822822570801,8769.553212251989,9.589499205015763,8769.553212251989,optimize_single_point_heur,8769.553212251989,3.3302018642425537,8769.553212251989,9.589499205015763,8769.553212251989,optimize_single_point_heur,8769.553212251989,3.2334096431732178,8769.553212251989,9.589499205015763,8769.553212251989,optimize_single_point_heur,8769.553212251989,1.948162317276001
2025-11-06 13:16:25,config_spt_area_0.3_hw_0.1_seed_2,inputs/task_graph_topology/soda-benchmark-graphs/pytorch-graphs/squeeze_net_tosa.dot,179,0.1,0.5,1.0,0.3,2,896.9223739196549,15283.413241454895,17.03983943968819,15283.413241454895,None,7324.7122296030975,0.0,8942.015456463532,9.969664841100894,8942.015456463532,optimize_random_heur,8942.015456463534,0.14641976356506348,4536.588388707355,5.057949852317695,12152.480422293165,optimize_swarm_heur,8235.391768551419,116.40928673744202,8942.015456463532,9.969664841100894,8942.015456463532,optimize_random_heur,8942.015456463534,177.38433623313904,8942.015456463532,9.969664841100894,8942.015456463532,optimize_single_point_heur,8942.015456463534,0.07433056831359863,8942.015456463532,9.969664841100894,8942.015456463532,optimize_single_point_heur,8942.015456463534,0.06928110122680664,8942.015456463532,9.969664841100894,8942.015456463532,optimize_single_point_heur,8942.015456463534,0.8562378883361816,8942.015456463532,9.969664841100894,8942.015456463532,optimize_single_point_heur,8942.015456463534,3.5670433044433594,8942.015456463532,9.969664841100894,8942.015456463532,optimize_single_point_heur,8942.015456463534,3.5020318031311035,8942.015456463532,9.969664841100894,8942.015456463532,optimize_single_point_heur,8942.015456463534,2.11828875541687
2025-11-06 13:16:34,config_spt_area_0.3_hw_0.1_seed_3,inputs/task_graph_topology/soda-benchmark-graphs/pytorch-graphs/squeeze_net_tosa.dot,179,0.1,0.5,1.0,0.3,3,886.513608108352,15890.125288495134,17.924288068630528,15890.125288495134,None,8356.821328919355,0.0,9214.5581241026,10.394153050582808,9214.5581241026,optimize_random_heur,9214.558124102598,0.142913818359375,5182.335223247747,5.8457480808510605,12516.343535530294,optimize_swarm_heur,7898.446565167418,126.98705124855042,9214.5581241026,10.394153050582808,9214.5581241026,optimize_random_heur,9214.558124102598,175.37867999076843,9214.5581241026,10.394153050582808,9214.5581241026,optimize_single_point_heur,9214.558124102598,0.07439303398132324,9214.5581241026,10.394153050582808,9214.5581241026,optimize_single_point_heur,9214.558124102598,0.07095718383789062,9214.5581241026,10.394153050582808,9214.5581241026,optimize_single_point_heur,9214.558124102598,0.8674600124359131,9214.5581241026,10.394153050582808,9214.5581241026,optimize_single_point_heur,9214.558124102598,3.617804527282715,9214.5581241026,10.394153050582808,9214.5581241026,optimize_single_point_heur,9214.558124102598,3.4883475303649902,9214.5581241026,10.394153050582808,9214.5581241026,optimize_single_point_heur,9214.558124102598,2.110502243041992
2025-11-06 13:17:36,config_spt_area_0.3_hw_0.3_seed_1,inputs/task_graph_topology/soda-benchmark-graphs/pytorch-graphs/squeeze_net_tosa.dot,179,0.3,0.5,1.0,0.3,1,2742.479224526191,16994.917440934125,6.196917478516279,16994.917440934125,None,8811.361534107938,0.0,8769.553212251989,3.197673526138407,8769.553212251989,optimize_random_heur,8769.553212251989,0.13393521308898926,5531.121462341502,2.0168325845010164,12023.073146635956,optimize_swarm_heur,8253.178745507405,107.22499799728394,8769.553212251989,3.197673526138407,8769.553212251989,optimize_random_heur,8769.553212251989,162.2610969543457,8769.553212251989,3.197673526138407,8769.553212251989,optimize_single_point_heur,8769.553212251989,0.06944799423217773,8769.553212251989,3.197673526138407,8769.553212251989,optimize_single_point_heur,8769.553212251989,0.06567955017089844,8769.553212251989,3.197673526138407,8769.553212251989,optimize_single_point_heur,8769.553212251989,0.808692216873169,8769.553212251989,3.197673526138407,8769.553212251989,optimize_single_point_heur,8769.553212251989,3.3546111583709717,8769.553212251989,3.197673526138407,8769.553212251989,optimize_single_point_heur,8769.553212251989,3.248603582382202,8769.553212251989,3.197673526138407,8769.553212251989,optimize_single_point_heur,8769.553212251989,1.9444444179534912
2025-11-06 13:17:41,config_spt_area_0.3_hw_0.3_seed_2,inputs/task_graph_topology/soda-benchmark-graphs/pytorch-graphs/squeeze_net_tosa.dot,179,0.3,0.5,1.0,0.3,2,2688.9671217589616,16342.336786852147,6.07755173152209,16342.336786852147,None,8234.877413072467,0.0,8942.015456463532,3.3254461849329715,8942.015456463532,optimize_random_heur,8942.015456463534,0.13951945304870605,4591.166333658797,1.7074088770023823,12067.255348896866,optimize_swarm_heur,8206.052665734194,108.25463104248047,8942.015456463532,3.3254461849329715,8942.015456463532,optimize_random_heur,8942.015456463534,166.4362850189209,8942.015456463532,3.3254461849329715,8942.015456463532,optimize_single_point_heur,8942.015456463534,0.07213735580444336,8942.015456463532,3.3254461849329715,8942.015456463532,optimize_single_point_heur,8942.015456463534,0.06754875183105469,8942.015456463532,3.3254461849329715,8942.015456463532,optimize_single_point_heur,8942.015456463534,0.8442668914794922,8942.015456463532,3.3254461849329715,8942.015456463532,optimize_single_point_heur,8942.015456463534,3.435744524002075,8942.015456463532,3.3254461849329715,8942.015456463532,optimize_single_point_heur,8942.015456463534,3.343519687652588,8942.015456463532,3.3254461849329715,8942.015456463532,optimize_single_point_heur,8942.015456463534,2.000105619430542
2025-11-06 13:17:43,config_spt_area_0.3_hw_0.5_seed_0,inputs/task_graph_topology/soda-benchmark-graphs/pytorch-graphs/squeeze_net_tosa.dot,179,0.5,0.5,1.0,0.3,0,5020.405770995477,18373.1465116248,3.6596935287128516,18373.1465116248,None,9655.038345565103,0.0,9466.813815823472,1.88566706510385,9466.813815823472,optimize_random_heur,9466.813815823469,0.14029383659362793,5458.794025962698,1.0873212793874019,10325.367960612533,optimize_swarm_heur,9043.276915704853,111.64813208580017,9466.813815823472,1.88566706510385,9466.813815823472,optimize_random_heur,9466.813815823469,164.95055198669434,9466.813815823472,1.88566706510385,9466.813815823472,optimize_single_point_heur,9466.813815823469,0.07015585899353027,9466.813815823472,1.88566706510385,9466.813815823472,optimize_single_point_heur,9466.813815823469,0.06595206260681152,9466.813815823472,1.88566706510385,9466.813815823472,optimize_single_point_heur,9466.813815823469,0.808157205581665,9466.813815823472,1.88566706510385,9466.813815823472,optimize_single_point_heur,9466.813815823469,3.402484655380249,9466.813815823472,1.88566706510385,9466.813815823472,optimize_single_point_heur,9466.813815823469,3.3000128269195557,9466.813815823472,1.88566706510385,9466.813815823472,optimize_single_point_heur,9466.813815823469,1.9615113735198975
2025-11-06 13:17:45,config_spt_area_0.3_hw_0.3_seed_3,inputs/task_graph_topology/soda-benchmark-graphs/pytorch-graphs/squeeze_net_tosa.dot,179,0.3,0.5,1.0,0.3,3,2658.940824325056,17095.657764802203,6.429499148083431,17095.657764802203,None,9301.006921663533,0.0,9214.5581241026,3.4654995101072315,9214.5581241026,optimize_random_heur,9214.558124102598,0.13698863983154297,5387.353506143924,2.026127643330102,12185.917071500122,optimize_swarm_heur,8727.022912801196,114.90344595909119,9214.5581241026,3.4654995101072315,9214.5581241026,optimize_random_heur,9214.558124102598,163.75816583633423,9214.5581241026,3.4654995101072315,9214.5581241026,optimize_single_point_heur,9214.558124102598,0.072052001953125,9214.5581241026,3.4654995101072315,9214.5581241026,optimize_single_point_heur,9214.558124102598,0.0680699348449707,9214.5581241026,3.4654995101072315,9214.5581241026,optimize_single_point_heur,9214.558124102598,0.8327999114990234,9214.5581241026,3.4654995101072315,9214.5581241026,optimize_single_point_heur,9214.558124102598,3.3965351581573486,9214.5581241026,3.4654995101072315,9214.5581241026,optimize_single_point_heur,9214.558124102598,3.286530017852783,9214.5581241026,3.4654995101072315,9214.5581241026,optimize_single_point_heur,9214.558124102598,1.97873854637146
2025-11-06 13:17:45,config_spt_area_0.3_hw_0.5_seed_1,inputs/task_graph_topology/soda-benchmark-graphs/pytorch-graphs/squeeze_net_tosa.dot,179,0.5,0.5,1.0,0.3,1,4559.116995953398,17004.18532297155,3.7297102351319786,17004.18532297155,None,9310.196019697378,0.0,8769.553212251989,1.9235201070811978,8769.553212251989,optimize_random_heur,8769.553212251989,0.13686513900756836,5430.617753458714,1.1911556027798467,12253.147647563175,optimize_swarm_heur,8293.636214501135,115.72096514701843,8769.553212251989,1.9235201070811978,8769.553212251989,optimize_random_heur,8769.553212251989,163.3510296344757,8769.553212251989,1.9235201070811978,8769.553212251989,optimize_single_point_heur,8769.553212251989,0.0709679126739502,8769.553212251989,1.9235201070811978,8769.553212251989,optimize_single_point_heur,8769.553212251989,0.0662083625793457,8769.553212251989,1.9235201070811978,8769.553212251989,optimize_single_point_heur,8769.553212251989,0.8161466121673584,8769.553212251989,1.9235201070811978,8769.553212251989,optimize_single_point_heur,8769.553212251989,3.36004900932312,8769.553212251989,1.9235201070811978,8769.553212251989,optimize_single_point_heur,8769.553212251989,3.268550395965576,8769.553212251989,1.9235201070811978,8769.553212251989,optimize_single_point_heur,8769.553212251989,1.9549965858459473
2025-11-06 13:18:06,config_spt_area_0.3_hw_0.3_seed_0,inputs/task_graph_topology/soda-benchmark-graphs/pytorch-graphs/squeeze_net_tosa.dot,179,0.3,0.5,1.0,0.3,0,3016.369355489379,17749.56380988411,5.884413252502494,17749.56380988411,None,9325.564737080844,0.0,9466.813815823472,3.138479642287563,9466.813815823472,optimize_random_heur,9466.813815823469,0.15047407150268555,5387.642563299263,1.786134895414745,10068.726221117473,optimize_swarm_heur,8846.937910812861,119.48177456855774,9466.813815823472,3.138479642287563,9466.813815823472,optimize_random_heur,9466.813815823469,179.0698733329773,9466.813815823472,3.138479642287563,9466.813815823472,optimize_single_point_heur,9466.813815823469,0.07613778114318848,9466.813815823472,3.138479642287563,9466.813815823472,optimize_single_point_heur,9466.813815823469,0.0730137825012207,9466.813815823472,3.138479642287563,9466.813815823472,optimize_single_point_heur,9466.813815823469,0.8937399387359619,9466.813815823472,3.138479642287563,9466.813815823472,optimize_single_point_heur,9466.813815823469,3.6248779296875,9466.813815823472,3.138479642287563,9466.813815823472,optimize_single_point_heur,9466.813815823469,3.510450839996338,9466.813815823472,3.138479642287563,9466.813815823472,optimize_single_point_heur,9466.813815823469,2.1491239070892334
2025-11-06 13:18:34,config_spt_area_0.3_hw_0.5_seed_3,inputs/task_graph_topology/soda-benchmark-graphs/pytorch-graphs/squeeze_net_tosa.dot,179,0.5,0.5,1.0,0.3,3,4420.261133273895,18356.465375784806,4.152801117926028,18356.465375784806,None,10154.217077276555,0.0,9214.5581241026,2.0846184979297315,9214.5581241026,optimize_random_heur,9214.558124102598,0.1390399932861328,5310.471100033651,1.2013930715673389,12601.108279287526,optimize_swarm_heur,8620.717217859428,108.33713459968567,9214.5581241026,2.0846184979297315,9214.5581241026,optimize_random_heur,9214.558124102598,163.00501465797424,9214.5581241026,2.0846184979297315,9214.5581241026,optimize_single_point_heur,9214.558124102598,0.06840300559997559,9214.5581241026,2.0846184979297315,9214.5581241026,optimize_single_point_heur,9214.558124102598,0.06366896629333496,9214.5581241026,2.0846184979297315,9214.5581241026,optimize_single_point_heur,9214.558124102598,0.8125913143157959,9214.5581241026,2.0846184979297315,9214.5581241026,optimize_single_point_heur,9214.558124102598,3.2700247764587402,9214.5581241026,2.0846184979297315,9214.5581241026,optimize_single_point_heur,9214.558124102598,3.149390697479248,9214.5581241026,2.0846184979297315,9214.5581241026,optimize_single_point_heur,9214.558124102598,1.9369113445281982
2025-11-06 13:18:40,config_spt_area_0.3_hw_0.5_seed_2,inputs/task_graph_topology/soda-benchmark-graphs/pytorch-graphs/squeeze_net_tosa.dot,179,0.5,0.5,1.0,0.3,2,4411.024222327901,16995.30690204205,3.852916249249895,16995.30690204205,None,8530.896631583957,0.0,8942.015456463532,2.02719708751552,8942.015456463532,optimize_random_heur,8942.015456463534,0.13461661338806152,4654.502293426232,1.0551976273142831,12514.387234909795,optimize_swarm_heur,8101.383661384425,117.75115466117859,8942.015456463532,2.02719708751552,8942.015456463532,optimize_random_heur,8942.015456463534,159.97597742080688,8942.015456463532,2.02719708751552,8942.015456463532,optimize_single_point_heur,8942.015456463534,0.06891798973083496,8942.015456463532,2.02719708751552,8942.015456463532,optimize_single_point_heur,8942.015456463534,0.0655665397644043,8942.015456463532,2.02719708751552,8942.015456463532,optimize_single_point_heur,8942.015456463534,0.8051261901855469,8942.015456463532,2.02719708751552,8942.015456463532,optimize_single_point_heur,8942.015456463534,3.3334593772888184,8942.015456463532,2.02719708751552,8942.015456463532,optimize_single_point_heur,8942.015456463534,3.222928762435913,8942.015456463532,2.02719708751552,8942.015456463532,optimize_single_point_heur,8942.015456463534,1.9332773685455322
2025-11-06 13:24:22,config_spt_area_0.3_hw_0.9_seed_0,inputs/task_graph_topology/soda-benchmark-graphs/pytorch-graphs/squeeze_net_tosa.dot,179,0.9,0.5,1.0,0.3,0,7512.781340436409,19269.95858428839,2.5649566666569616,19269.95858428839,None,10365.862907145185,0.0,9466.813815823472,1.260094416014716,9466.813815823472,optimize_random_heur,9466.813815823469,0.13908863067626953,5537.58438607806,0.7370884543481719,9910.415423956825,optimize_swarm_heur,9140.139628312863,109.34706234931946,9466.813815823472,1.260094416014716,9466.813815823472,optimize_random_heur,9466.813815823469,164.3090054988861,9466.813815823472,1.260094416014716,9466.813815823472,optimize_single_point_heur,9466.813815823469,0.07163047790527344,9466.813815823472,1.260094416014716,9466.813815823472,optimize_single_point_heur,9466.813815823469,0.06744718551635742,9466.813815823472,1.260094416014716,9466.813815823472,optimize_single_point_heur,9466.813815823469,0.8329596519470215,9466.813815823472,1.260094416014716,9466.813815823472,optimize_single_point_heur,9466.813815823469,3.3925070762634277,9466.813815823472,1.260094416014716,9466.813815823472,optimize_single_point_heur,9466.813815823469,3.2955398559570312,9466.813815823472,1.260094416014716,9466.813815823472,optimize_single_point_heur,9466.813815823469,2.0136656761169434
2025-11-06 13:24:23,config_spt_area_0.3_hw_0.9_seed_3,inputs/task_graph_topology/soda-benchmark-graphs/pytorch-graphs/squeeze_net_tosa.dot,179,0.9,0.5,1.0,0.3,3,6781.9286707166075,17770.698626886493,2.6203016117845377,17770.698626886493,None,11002.222743045671,0.0,9214.5581241026,1.3586928691671052,9214.5581241026,optimize_random_heur,9214.558124102598,0.13808870315551758,5245.28737016918,0.7734211940060025,13308.481588729124,optimize_swarm_heur,8211.179545234932,111.17361378669739,9214.5581241026,1.3586928691671052,9214.5581241026,optimize_random_heur,9214.558124102598,164.36455464363098,9214.5581241026,1.3586928691671052,9214.5581241026,optimize_single_point_heur,9214.558124102598,0.07071232795715332,9214.5581241026,1.3586928691671052,9214.5581241026,optimize_single_point_heur,9214.558124102598,0.06668305397033691,9214.5581241026,1.3586928691671052,9214.5581241026,optimize_single_point_heur,9214.558124102598,0.8211135864257812,9214.5581241026,1.3586928691671052,9214.5581241026,optimize_single_point_heur,9214.558124102598,3.383821487426758,9214.5581241026,1.3586928691671052,9214.5581241026,optimize_single_point_heur,9214.558124102598,3.2613301277160645,9214.5581241026,1.3586928691671052,9214.5581241026,optimize_single_point_heur,9214.558124102598,1.9655909538269043
2025-11-06 13:24:24,config_spt_area_0.3_hw_0.7_seed_0,inputs/task_graph_topology/soda-benchmark-graphs/pytorch-graphs/squeeze_net_tosa.dot,179,0.7,0.5,1.0,0.3,0,6596.241530654771,18310.586583692744,2.7759120854804658,18310.586583692744,None,9579.262338428754,0.0,9466.813815823472,1.435183016241638,9466.813815823472,optimize_random_heur,9466.813815823469,0.13817858695983887,5442.199906120452,0.8250455779748012,10490.857129601165,optimize_swarm_heur,9012.56232887725,111.60691928863525,9466.813815823472,1.435183016241638,9466.813815823472,optimize_random_heur,9466.813815823469,163.98782992362976,9466.813815823472,1.435183016241638,9466.813815823472,optimize_single_point_heur,9466.813815823469,0.07107162475585938,9466.813815823472,1.435183016241638,9466.813815823472,optimize_single_point_heur,9466.813815823469,0.07149791717529297,9466.813815823472,1.435183016241638,9466.813815823472,optimize_single_point_heur,9466.813815823469,0.836928129196167,9466.813815823472,1.435183016241638,9466.813815823472,optimize_single_point_heur,9466.813815823469,3.449955463409424,9466.813815823472,1.435183016241638,9466.813815823472,optimize_single_point_heur,9466.813815823469,3.3412024974823,9466.813815823472,1.435183016241638,9466.813815823472,optimize_single_point_heur,9466.813815823469,2.0289058685302734
2025-11-06 13:24:25,config_spt_area_0.3_hw_0.7_seed_1,inputs/task_graph_topology/soda-benchmark-graphs/pytorch-graphs/squeeze_net_tosa.dot,179,0.7,0.5,1.0,0.3,1,6100.224451734148,19266.527860032118,3.1583309782241056,19266.527860032118,None,9973.956452413617,0.0,8769.553212251989,1.4375787779020188,8769.553212251989,optimize_random_heur,8769.553212251989,0.13724923133850098,5475.9718035046335,0.8976672656606833,12167.190595263866,optimize_swarm_heur,8326.904948336458,113.21207213401794,8769.553212251989,1.4375787779020188,8769.553212251989,optimize_random_heur,8769.553212251989,163.0869858264923,8769.553212251989,1.4375787779020188,8769.553212251989,optimize_single_point_heur,8769.553212251989,0.07080936431884766,8769.553212251989,1.4375787779020188,8769.553212251989,optimize_single_point_heur,8769.553212251989,0.06869173049926758,8769.553212251989,1.4375787779020188,8769.553212251989,optimize_single_point_heur,8769.553212251989,0.819434642791748,8769.553212251989,1.4375787779020188,8769.553212251989,optimize_single_point_heur,8769.553212251989,3.3739736080169678,8769.553212251989,1.4375787779020188,8769.553212251989,optimize_single_point_heur,8769.553212251989,3.2751922607421875,8769.553212251989,1.4375787779020188,8769.553212251989,optimize_single_point_heur,8769.553212251989,1.988342046737671
2025-11-06 13:24:25,config_spt_area_0.3_hw_0.9_seed_1,inputs/task_graph_topology/soda-benchmark-graphs/pytorch-graphs/squeeze_net_tosa.dot,179,0.9,0.5,1.0,0.3,1,7103.137687612537,19752.55729822743,2.78082140131885,19752.55729822743,None,10355.820045087148,0.0,8769.553212251989,1.2346027344430595,8769.553212251989,optimize_random_heur,8769.553212251989,0.13355803489685059,5443.5302854678175,0.766355732475948,12608.808403753002,optimize_swarm_heur,8219.829186048926,115.89858484268188,8769.553212251989,1.2346027344430595,8769.553212251989,optimize_random_heur,8769.553212251989,161.5246298313141,8769.553212251989,1.2346027344430595,8769.553212251989,optimize_single_point_heur,8769.553212251989,0.06925797462463379,8769.553212251989,1.2346027344430595,8769.553212251989,optimize_single_point_heur,8769.553212251989,0.06593942642211914,8769.553212251989,1.2346027344430595,8769.553212251989,optimize_single_point_heur,8769.553212251989,0.8369951248168945,8769.553212251989,1.2346027344430595,8769.553212251989,optimize_single_point_heur,8769.553212251989,3.3568801879882812,8769.553212251989,1.2346027344430595,8769.553212251989,optimize_single_point_heur,8769.553212251989,3.2554590702056885,8769.553212251989,1.2346027344430595,8769.553212251989,optimize_single_point_heur,8769.553212251989,1.9720790386199951
2025-11-06 13:24:27,config_spt_area_0.3_hw_0.7_seed_3,inputs/task_graph_topology/soda-benchmark-graphs/pytorch-graphs/squeeze_net_tosa.dot,179,0.7,0.5,1.0,0.3,3,5877.451285254198,17993.191589037888,3.0613935727856374,17993.191589037888,None,10560.249231520542,0.0,9214.5581241026,1.5677812842482917,9214.5581241026,optimize_random_heur,9214.558124102598,0.1434164047241211,5288.220018578448,0.8997471458157281,12644.004049965593,optimize_swarm_heur,8559.34284261723,109.94529342651367,9214.5581241026,1.5677812842482917,9214.5581241026,optimize_random_heur,9214.558124102598,168.16834044456482,9214.5581241026,1.5677812842482917,9214.5581241026,optimize_single_point_heur,9214.558124102598,0.07112240791320801,9214.5581241026,1.5677812842482917,9214.5581241026,optimize_single_point_heur,9214.558124102598,0.06674575805664062,9214.5581241026,1.5677812842482917,9214.5581241026,optimize_single_point_heur,9214.558124102598,0.8295023441314697,9214.5581241026,1.5677812842482917,9214.5581241026,optimize_single_point_heur,9214.558124102598,3.397735834121704,9214.5581241026,1.5677812842482917,9214.5581241026,optimize_single_point_heur,9214.558124102598,3.305340051651001,9214.5581241026,1.5677812842482917,9214.5581241026,optimize_single_point_heur,9214.558124102598,1.9968442916870117
2025-11-06 13:24:30,config_spt_area_0.3_hw_0.9_seed_2,inputs/task_graph_topology/soda-benchmark-graphs/pytorch-graphs/squeeze_net_tosa.dot,179,0.9,0.5,1.0,0.3,2,6779.073175355862,16467.98699318543,2.429238712609258,16467.98699318543,None,9293.634705563594,0.0,8942.015456463532,1.31906165122552,8942.015456463532,optimize_random_heur,8942.015456463534,0.14075088500976562,4730.002390451288,0.6977358509193243,10490.226811866443,optimize_swarm_heur,8193.441364964656,115.74115180969238,8942.015456463532,1.31906165122552,8942.015456463532,optimize_random_heur,8942.015456463534,167.2925899028778,8942.015456463532,1.31906165122552,8942.015456463532,optimize_single_point_heur,8942.015456463534,0.07244229316711426,8942.015456463532,1.31906165122552,8942.015456463532,optimize_single_point_heur,8942.015456463534,0.06923031806945801,8942.015456463532,1.31906165122552,8942.015456463532,optimize_single_point_heur,8942.015456463534,0.8514018058776855,8942.015456463532,1.31906165122552,8942.015456463532,optimize_single_point_heur,8942.015456463534,3.5626578330993652,8942.015456463532,1.31906165122552,8942.015456463532,optimize_single_point_heur,8942.015456463534,3.3747000694274902,8942.015456463532,1.31906165122552,8942.015456463532,optimize_single_point_heur,8942.015456463534,2.0189054012298584
2025-11-06 13:24:32,config_spt_area_0.3_hw_0.7_seed_2,inputs/task_graph_topology/soda-benchmark-graphs/pytorch-graphs/squeeze_net_tosa.dot,179,0.7,0.5,1.0,0.3,2,5858.939212615281,16470.520413773585,2.8111778968980916,16470.520413773585,None,9451.852047837383,0.0,8942.015456463532,1.5262174827159616,8942.015456463532,optimize_random_heur,8942.015456463534,0.13569092750549316,4736.647344339096,0.8084479412485281,12246.062648833442,optimize_swarm_heur,8321.420911714617,119.48095393180847,8942.015456463532,1.5262174827159616,8942.015456463532,optimize_random_heur,8942.015456463534,163.81464529037476,8942.015456463532,1.5262174827159616,8942.015456463532,optimize_single_point_heur,8942.015456463534,0.07245588302612305,8942.015456463532,1.5262174827159616,8942.015456463532,optimize_single_point_heur,8942.015456463534,0.06875753402709961,8942.015456463532,1.5262174827159616,8942.015456463532,optimize_single_point_heur,8942.015456463534,0.8539469242095947,8942.015456463532,1.5262174827159616,8942.015456463532,optimize_single_point_heur,8942.015456463534,3.4446921348571777,8942.015456463532,1.5262174827159616,8942.015456463532,optimize_single_point_heur,8942.015456463534,3.20345401763916,8942.015456463532,1.5262174827159616,8942.015456463532,optimize_single_point_heur,8942.015456463534,1.9625201225280762
2025-11-06 13:33:49,config_spt_area_0.5_hw_0.3_seed_0,inputs/task_graph_topology/soda-benchmark-graphs/pytorch-graphs/squeeze_net_tosa.dot,179,0.3,0.5,1.0,0.5,0,3016.369355489379,16244.671407184193,5.385504721966862,16244.671407184193,None,7523.953727482756,0.0,6644.899411733455,2.2029462007498015,16304.736783381622,optimize_random_heur,8104.988274227084,0.419539213180542,5473.179652898903,1.8144925265662397,10954.65859305814,optimize_swarm_heur,8873.417473381935,358.32344460487366,5573.518403221376,1.8477572692078759,14663.771791801208,optimize_random_heur,7302.874025500256,447.9608705043793,6131.296146822383,2.032674193451894,16400.61418737336,optimize_single_point_heur,7941.13120761906,0.6003577709197998,6658.309093711919,2.2073918373407118,16651.739338365453,optimize_single_point_heur,8449.28810968077,0.8246610164642334,3159.0022657895615,1.0472862880802745,12104.717836531458,optimize_single_point_heur,5568.581889989495,10.21677565574646,5357.489074343438,1.7761382784881905,15486.071651383281,optimize_single_point_heur,7621.427632602333,11.62001895904541,5561.77270570133,1.8438632840436684,15931.17837640106,optimize_single_point_heur,7433.553146513727,11.45039963722229,3097.5910033252926,1.0269269569683506,12664.97636817769,optimize_single_point_heur,5624.1544463015225,9.505854845046997
2025-11-06 13:33:51,config_spt_area_0.5_hw_0.5_seed_0,inputs/task_graph_topology/soda-benchmark-graphs/pytorch-graphs/squeeze_net_tosa.dot,179,0.5,0.5,1.0,0.5,0,5020.405770995477,17363.770636179088,3.4586388886124024,17363.770636179088,None,7765.496317247366,0.0,7073.887246674333,1.409026992906129,17151.40842225193,optimize_random_heur,8501.095098823385,0.41310906410217285,5481.456187154137,1.0918352892553624,10078.165862293115,optimize_swarm_heur,9081.074743586798,359.31384801864624,6026.616207705141,1.200424125580221,15468.243246960852,optimize_random_heur,7654.077754009846,446.59267354011536,6684.385735392093,1.3314433215757124,17366.997830818378,optimize_single_point_heur,8421.702151658208,0.6012864112854004,7190.787755470341,1.432312064696816,17746.565889503403,optimize_single_point_heur,8987.288818027575,0.8250255584716797,4254.270817535312,0.8473958105365951,14395.807238893496,optimize_single_point_heur,6386.630023825379,10.362983703613281,6041.231746390695,1.2033353521527808,16212.86696983946,optimize_single_point_heur,8093.5844519292805,11.937366962432861,6011.392445690595,1.1973917487746453,16254.496158429218,optimize_single_point_heur,7913.638441213263,12.01630687713623,4300.35242875136,0.8565746724290495,13929.241794463496,optimize_single_point_heur,6186.9495186515005,11.628690481185913
2025-11-06 13:33:57,config_spt_area_0.5_hw_0.1_seed_0,inputs/task_graph_topology/soda-benchmark-graphs/pytorch-graphs/squeeze_net_tosa.dot,179,0.1,0.5,1.0,0.5,0,1005.5926797560742,14269.10213174579,14.189743440860205,14269.10213174579,None,6357.8414945450995,0.0,6215.911576792578,6.181341314358381,15458.087660416315,optimize_random_heur,7708.881449630779,0.4194188117980957,4968.939614885698,4.941304481344285,14755.866568133733,optimize_swarm_heur,7144.453662848723,367.94897389411926,5181.5730960445435,5.1527553853131005,13202.442916200427,optimize_random_heur,6808.2533510564845,445.94913029670715,5603.530830103133,5.572366369514918,15434.230543928361,optimize_single_point_heur,7470.309411222548,0.6030218601226807,6134.603326259782,6.100485265811449,15556.912787227497,optimize_single_point_heur,7920.060295640247,0.8266599178314209,2783.243963943229,2.767764742100508,11529.40791327373,optimize_single_point_heur,5170.776327922739,10.309690237045288,5258.053019057848,5.228809959449277,13510.363095140427,optimize_single_point_heur,6861.299743865046,11.899855613708496,5108.8385161193,5.080425324256087,14824.512107317305,optimize_single_point_heur,6923.606174393635,11.550854921340942,2892.637787689911,2.8765501638213755,11689.78573384421,optimize_single_point_heur,5363.42344812209,10.46357011795044
2025-11-06 13:34:22,config_spt_area_0.5_hw_0.1_seed_3,inputs/task_graph_topology/soda-benchmark-graphs/pytorch-graphs/squeeze_net_tosa.dot,179,0.1,0.5,1.0,0.5,3,886.513608108352,13040.762561547484,14.710166253819771,13040.762561547484,None,6876.865303495179,0.0,6624.400318113871,7.472418085323086,15362.036215102991,optimize_random_heur,8105.17485571238,0.4178347587585449,5295.489281291503,5.973387472969591,12713.587823535567,optimize_swarm_heur,8421.50231139227,368.10231709480286,5747.025515481492,6.48272678830563,13745.319663548456,optimize_random_heur,7365.051618155391,470.67366313934326,6304.230533514463,7.111261999651046,15290.517941494449,optimize_single_point_heur,7948.737771987034,0.6317844390869141,6576.716865606915,7.418630470479019,16376.68332394702,optimize_single_point_heur,8144.93714908131,0.653228759765625,2678.394528193296,3.021267246995193,10678.23701105845,optimize_single_point_heur,4480.772850560432,10.26180362701416,5397.736450124624,6.088723738423313,15368.924570446536,optimize_single_point_heur,7176.858990827184,11.570114850997925,5329.433630105847,6.01167718279906,15120.719718233035,optimize_single_point_heur,7076.593540679042,11.531371355056763,2440.6176437907684,2.753051528445878,10245.362465723456,optimize_single_point_heur,4786.070437578588,10.193127393722534
2025-11-06 13:34:24,config_spt_area_0.5_hw_0.3_seed_3,inputs/task_graph_topology/soda-benchmark-graphs/pytorch-graphs/squeeze_net_tosa.dot,179,0.3,0.5,1.0,0.5,3,2658.940824325056,15072.823262105107,5.668732122284513,15072.823262105107,None,8079.000848048331,0.0,7065.722884186123,2.6573449170233725,16198.552071816212,optimize_random_heur,8502.329852988272,0.4098176956176758,5388.363166938193,2.026507366257755,12343.904212793359,optimize_swarm_heur,8974.776097577093,368.499000787735,6418.259168123793,2.4138405448541715,15614.95131005126,optimize_random_heur,7827.284190110627,472.2740092277527,6744.447922151027,2.5365167439794507,16226.12865975014,optimize_single_point_heur,8433.08708772398,0.6314313411712646,7001.752864776612,2.6332864577961916,17019.80277557047,optimize_single_point_heur,8859.559573914532,0.527456521987915,3160.628046472694,1.1886793483924134,11611.235691760125,optimize_single_point_heur,4914.421211791272,10.230039119720459,5873.850653762201,2.209094162617634,15805.64089466439,optimize_single_point_heur,7759.275182324802,11.910494089126587,5743.157818187887,2.1599419459234213,14849.39413282046,optimize_single_point_heur,7547.782366067149,11.497926235198975,3751.7956822661304,1.4110113500621,13697.269005856517,optimize_single_point_heur,6068.303391316741,10.580922365188599
2025-11-06 13:34:26,config_spt_area_0.5_hw_0.3_seed_1,inputs/task_graph_topology/soda-benchmark-graphs/pytorch-graphs/squeeze_net_tosa.dot,179,0.3,0.5,1.0,0.5,1,2742.479224526191,13774.970303025246,5.022816647008548,13774.970303025246,None,6932.55067451224,0.0,7178.829846654389,2.61764238082593,17150.507641138436,optimize_random_heur,8488.584453261408,0.42098522186279297,5528.412637459099,2.0158448560040503,12009.676023183883,optimize_swarm_heur,8482.007290687829,365.08775544166565,6437.451541995215,2.34731096025254,15437.68386835988,optimize_random_heur,7990.0769302965155,475.57124304771423,6948.889494872902,2.53379840865465,15346.293300661097,optimize_single_point_heur,8140.091360913412,0.6453673839569092,7316.854571160017,2.667970829359382,15843.2124111525,optimize_single_point_heur,8542.452400163462,0.896592378616333,3588.365025108363,1.3084383622735785,13127.828779138428,optimize_single_point_heur,5827.361164744238,10.58440613746643,6049.024831868038,2.205677540880226,15568.565236638113,optimize_single_point_heur,7691.32146649687,12.283778667449951,5923.585020796928,2.1599379743051017,17128.722837425397,optimize_single_point_heur,7664.047343643498,11.607805252075195,3895.9944070510614,1.420610363137449,12283.907242540481,optimize_single_point_heur,5910.783306630286,11.080969095230103
2025-11-06 13:34:38,config_spt_area_0.5_hw_0.9_seed_0,inputs/task_graph_topology/soda-benchmark-graphs/pytorch-graphs/squeeze_net_tosa.dot,179,0.9,0.5,1.0,0.5,0,7512.781340436409,18281.8874765268,2.4334379836302844,18281.8874765268,None,9394.641284739842,0.0,7931.862916556088,1.0557824801667042,18844.751699992532,optimize_random_heur,9293.308748015988,0.42609119415283203,5582.1427108802745,0.743019456833548,9922.543104793576,optimize_swarm_heur,9288.766232448546,376.4043884277344,7352.65761376525,0.9786864918043978,19406.94349471526,optimize_random_heur,9016.062794298892,469.2296841144562,7798.302948986862,1.0380047808677295,19299.765117708375,optimize_single_point_heur,9424.488913313242,0.6396048069000244,8163.724027447464,1.0866447002134156,18372.22524751142,optimize_single_point_heur,10048.698315010462,0.9109113216400146,4998.456540382575,0.6653270358714075,14443.962262817453,optimize_single_point_heur,6099.130316987345,11.82155179977417,6763.473731748287,0.9002622897254993,17736.45616741051,optimize_single_point_heur,8427.939354078784,12.86864161491394,6854.854538747781,0.9124256687536696,17881.507853798255,optimize_single_point_heur,8175.054879602171,12.83302640914917,4814.8299273144885,0.6408851408198712,14822.983614286795,optimize_single_point_heur,6936.8853894473605,13.331366777420044
2025-11-06 13:34:41,config_spt_area_0.5_hw_0.1_seed_2,inputs/task_graph_topology/soda-benchmark-graphs/pytorch-graphs/squeeze_net_tosa.dot,179,0.1,0.5,1.0,0.5,2,896.9223739196549,14046.7490341023,15.66105322216055,14046.7490341023,None,6989.063712665402,0.0,6333.400482963588,7.061258217125181,15585.926519224306,optimize_random_heur,7947.223538499319,0.41333961486816406,4772.974013649863,5.321501784810443,9688.790836399445,optimize_swarm_heur,8579.20379145002,357.3105893135071,5442.673947446033,6.068166104119932,15140.217713803684,optimize_random_heur,7356.840994874155,501.3243091106415,6109.117825073917,6.8112001692814985,15560.403027040074,optimize_single_point_heur,8594.129108925059,0.5891978740692139,6081.728761689883,6.780663453752438,15493.206723299661,optimize_single_point_heur,7713.357515932183,0.8094174861907959,2659.1202793945686,2.9647161858321187,10533.329186349603,optimize_single_point_heur,4693.579389043043,9.88330864906311,5276.252539576989,5.882618934478302,14774.422663059264,optimize_single_point_heur,7220.54816640568,11.71848464012146,4730.835038647193,5.274520043437978,13529.947763979362,optimize_single_point_heur,6583.469019029877,11.503543138504028,2441.759529171232,2.7223755368042157,9793.997748276817,optimize_single_point_heur,4119.9030313147,9.644309759140015
2025-11-06 13:34:43,config_spt_area_0.5_hw_0.1_seed_1,inputs/task_graph_topology/soda-benchmark-graphs/pytorch-graphs/squeeze_net_tosa.dot,179,0.1,0.5,1.0,0.5,1,914.495431384477,11595.970002230093,12.68018363380413,11595.970002230093,None,5849.70166156275,0.0,6749.643389125357,7.38072947932272,16304.892206056045,optimize_random_heur,8059.486056680392,0.4237949848175049,5497.737219690018,6.011771115539482,12177.80106142408,optimize_swarm_heur,8542.182879642365,375.79182744026184,5709.454189287103,6.243283447182914,14431.484006132629,optimize_random_heur,7103.9375753054,483.2509961128235,6444.984291156665,7.047585006957821,14344.291964223452,optimize_single_point_heur,7597.963019376521,0.6499240398406982,6956.013486926463,7.606395011067014,14944.420276632063,optimize_single_point_heur,8201.867780014114,0.899604082107544,3204.564120588234,3.5041882229381573,10766.020024469262,optimize_single_point_heur,5075.986012408804,10.473817586898804,5642.235952114305,6.169780360271878,13856.610378049674,optimize_single_point_heur,7348.340584342552,12.108680486679077,5527.131201699061,6.043913410624045,14191.402309766627,optimize_single_point_heur,7116.845315353907,11.869163990020752,3214.5366669792656,3.5150931941920147,12434.026485417984,optimize_single_point_heur,5073.714632438216,9.84941053390503
2025-11-06 13:34:46,config_spt_area_0.5_hw_0.5_seed_1,inputs/task_graph_topology/soda-benchmark-graphs/pytorch-graphs/squeeze_net_tosa.dot,179,0.5,0.5,1.0,0.5,1,4559.116995953398,15522.361843160523,3.404686007605844,15522.361843160523,None,7957.975661841212,0.0,7608.016304183426,1.6687477664942978,17996.12307622082,optimize_random_heur,8933.55625069916,0.42560744285583496,5467.151371229652,1.1991689127702165,11892.078562315946,optimize_swarm_heur,8324.543261869763,367.4312834739685,6863.960891352699,1.5055461172514424,16296.03205515209,optimize_random_heur,8396.310176827728,493.1954975128174,7480.437889267093,1.6407646252348018,16348.296993641154,optimize_single_point_heur,8705.641072323306,0.649951696395874,7677.941350761272,1.6840851764883624,16742.006902215355,optimize_single_point_heur,8883.037020312806,0.9052870273590088,4354.319503431654,0.9550795707362809,12427.674855428144,optimize_single_point_heur,6263.024122295444,10.92237663269043,6753.65569931732,1.4813516971184904,16577.671708510334,optimize_single_point_heur,8022.657298268448,12.314944982528687,6533.971955717029,1.4331661068396537,16373.889227638943,optimize_single_point_heur,8069.803713728376,12.246910095214844,4396.7587860127205,0.96438823349241,12749.64442902656,optimize_single_point_heur,5742.022950866401,10.635839939117432
2025-11-06 13:35:03,config_spt_area_0.5_hw_0.3_seed_2,inputs/task_graph_topology/soda-benchmark-graphs/pytorch-graphs/squeeze_net_tosa.dot,179,0.3,0.5,1.0,0.5,2,2688.9671217589616,15284.85411853263,5.684284495280178,15284.85411853263,None,7539.2500158792645,0.0,6653.005629060059,2.4741863056726627,16522.15960250888,optimize_random_heur,8256.057698169285,0.4138369560241699,4834.288763110233,1.7978236788361808,11500.113798285513,optimize_swarm_heur,8705.367058659043,364.850159406662,5893.095922103031,2.191583479922997,16081.044350162294,optimize_random_heur,7689.253892841062,514.0881145000458,6456.206687509189,2.4009987460486033,16295.373749706432,optimize_single_point_heur,8941.217971360331,0.6134710311889648,6505.012387100068,2.4191490979796275,16436.406805783914,optimize_single_point_heur,8136.641141342369,0.8497180938720703,3275.847088537676,1.2182547945751052,12526.942326871576,optimize_single_point_heur,5214.596932358304,10.295519590377808,5469.339042688064,2.033992531344284,15778.119372407125,optimize_single_point_heur,7989.962311574335,12.281167984008789,5689.234949558331,2.1157696215477615,14692.271052264698,optimize_single_point_heur,7270.405138418503,11.646595239639282,3451.914490381337,1.2837325017656969,14129.075986179754,optimize_single_point_heur,5685.602633675653,9.684605836868286
2025-11-06 13:35:04,config_spt_area_0.5_hw_0.7_seed_0,inputs/task_graph_topology/soda-benchmark-graphs/pytorch-graphs/squeeze_net_tosa.dot,179,0.7,0.5,1.0,0.5,0,6596.241530654771,17245.472320611072,2.6144391833540417,17245.472320611072,None,7963.53047053613,0.0,7502.875081615207,1.1374469911004668,17998.08006112223,optimize_random_heur,8897.201923419689,0.44138288497924805,5524.090063876658,0.8374602473551803,10451.087889101698,optimize_swarm_heur,9027.685150132342,388.2102475166321,6816.574002872584,1.033402729598948,17622.760019481182,optimize_random_heur,8053.081463318952,484.72761249542236,7241.344342189474,1.0977985430849844,18333.381474263377,optimize_single_point_heur,8902.273095697357,0.6587557792663574,7731.480276437461,1.172103877716861,18841.39244064136,optimize_single_point_heur,9525.289526374381,0.9051868915557861,4403.36631423458,0.6675568645827745,14248.352648283235,optimize_single_point_heur,6340.930928404668,11.814067363739014,6719.425120012124,1.0186748148600808,16967.51484897006,optimize_single_point_heur,8159.071551357578,13.242977619171143,6689.20028079854,1.0140926844039535,17540.516357930068,optimize_single_point_heur,8350.809065292704,13.04378890991211,4902.684766205758,0.7432542825215644,14651.294072856326,optimize_single_point_heur,6277.608011539178,13.142911672592163
2025-11-06 13:35:21,config_spt_area_0.5_hw_0.5_seed_2,inputs/task_graph_topology/soda-benchmark-graphs/pytorch-graphs/squeeze_net_tosa.dot,179,0.5,0.5,1.0,0.5,2,4411.024222327901,16188.646316669081,3.670042489162661,16188.646316669081,None,7974.739083045544,0.0,7007.105983081554,1.5885439820558456,17458.392685793457,optimize_random_heur,8564.891857839257,0.41956543922424316,4671.226517924481,1.0589890879037749,12050.541229800265,optimize_swarm_heur,8395.436688030108,367.28043270111084,6364.971953275925,1.442969168261977,17312.14007931944,optimize_random_heur,8219.771418998427,527.0395300388336,6803.295549944462,1.5423391953975827,17030.34447237279,optimize_single_point_heur,9288.306833795605,0.6205422878265381,6928.296012510258,1.570677389945022,17379.60688826816,optimize_single_point_heur,8577.560359277206,0.8479948043823242,3715.2259382360858,0.8422592466008698,12824.06282495367,optimize_single_point_heur,5411.872521751791,10.866402387619019,6102.550604387093,1.3834770105085696,16282.324382351479,optimize_single_point_heur,7520.604035258613,12.123354196548462,5699.598836849981,1.29212594390199,15039.744459295955,optimize_single_point_heur,7028.70409326386,12.16602087020874,3964.1818775900074,0.8986987324902799,14099.691474232866,optimize_single_point_heur,5991.519410293373,12.224680185317993
2025-11-06 13:35:34,config_spt_area_0.5_hw_0.7_seed_3,inputs/task_graph_topology/soda-benchmark-graphs/pytorch-graphs/squeeze_net_tosa.dot,179,0.7,0.5,1.0,0.5,3,5877.451285254198,18114.015544624428,3.0819507751719293,18114.015544624428,None,9865.975914240227,0.0,7782.58276713574,1.3241424538322049,17278.804627571713,optimize_random_heur,9518.249076612348,0.43317747116088867,5429.941979333879,0.9238599719162174,12277.715381924738,optimize_swarm_heur,8895.212798891438,391.2343463897705,7155.202898415761,1.2173989287443836,16725.370257808878,optimize_random_heur,8859.505443432567,515.9091644287109,7512.981799217768,1.2782720663405436,17390.331635774928,optimize_single_point_heur,9336.446645282951,0.6829261779785156,7842.772180102761,1.3343831874505385,18698.514202589453,optimize_single_point_heur,9656.88803216822,0.5657227039337158,4412.566691382346,0.750761933570242,13466.193700220005,optimize_single_point_heur,6052.558740992965,11.205289363861084,6837.362347045303,1.1633209728508347,18303.23718112996,optimize_single_point_heur,8322.237520008792,13.25460147857666,6844.1104048012,1.164469099381943,16626.219284775114,optimize_single_point_heur,8784.29292428955,12.686939477920532,4632.345624621498,0.788155511597941,15260.487124807913,optimize_single_point_heur,6329.86086051231,10.77433180809021
2025-11-06 13:35:39,config_spt_area_0.5_hw_0.9_seed_1,inputs/task_graph_topology/soda-benchmark-graphs/pytorch-graphs/squeeze_net_tosa.dot,179,0.9,0.5,1.0,0.5,1,7103.137687612537,21308.14918963035,2.9998220683220786,21308.14918963035,None,10608.057441812525,0.0,8456.033854121644,1.1904645842454216,19875.731302796485,optimize_random_heur,9687.571617551326,0.43949437141418457,5478.492738956411,0.771277846480519,11930.547423672795,optimize_swarm_heur,8514.31265357476,391.9039273262024,7719.539429407362,1.0867787967660818,17613.428448833212,optimize_random_heur,9217.28413704903,513.0267901420593,8401.575913434936,1.1827978399020478,19674.30800687202,optimize_single_point_heur,9987.8924129139,0.6950602531433105,8458.024949600216,1.190744896350598,18368.09380798363,optimize_single_point_heur,9841.532386023726,1.016035556793213,5436.871939226306,0.7654183514854143,15039.11362046782,optimize_single_point_heur,7021.818030140189,11.996172666549683,7449.997106854816,1.0488318591722052,17406.02746146418,optimize_single_point_heur,8711.24725223051,13.582371473312378,7444.967504891773,1.0481237774505439,17641.251387566826,optimize_single_point_heur,8809.437637768398,13.183205604553223,6302.329950977149,0.8872600008821523,16677.393750497857,optimize_single_point_heur,8174.241818449857,14.113595008850098
2025-11-06 13:35:41,config_spt_area_0.5_hw_0.5_seed_3,inputs/task_graph_topology/soda-benchmark-graphs/pytorch-graphs/squeeze_net_tosa.dot,179,0.5,0.5,1.0,0.5,3,4420.261133273895,16224.388012001416,3.6704591703578195,16224.388012001416,None,8644.460609277863,0.0,7452.13957034398,1.6859048245469843,16450.71968368084,optimize_random_heur,9127.73789034252,0.4345085620880127,5371.930000938455,1.2152969788370174,12188.17611634708,optimize_swarm_heur,8771.048770045216,395.7308678627014,6680.610414829044,1.5113610289989827,16561.71599099962,optimize_random_heur,8095.279229090728,517.362624168396,7104.990177530674,1.6073688778355764,16582.16838116059,optimize_single_point_heur,8950.300452132087,0.6932744979858398,7408.368741276666,1.676002507071253,17859.15848907996,optimize_single_point_heur,9244.33002187835,0.5734081268310547,3841.94226129313,0.8691663558907368,10805.902260349738,optimize_single_point_heur,5440.952335836634,11.230510711669922,6407.980865637297,1.4496837794040427,16406.788615516965,optimize_single_point_heur,8785.692328853842,13.070829153060913,6137.43468853144,1.3884778531140103,16454.088615312303,optimize_single_point_heur,7845.844978247001,12.872637033462524,4187.1806340819885,0.9472699706726887,13506.679697322435,optimize_single_point_heur,6007.968796593178,11.269070863723755
2025-11-06 13:35:44,config_spt_area_0.5_hw_0.9_seed_3,inputs/task_graph_topology/soda-benchmark-graphs/pytorch-graphs/squeeze_net_tosa.dot,179,0.9,0.5,1.0,0.5,3,6781.9286707166075,19128.658703862315,2.8205337497070873,19128.658703862315,None,11216.473376696309,0.0,8122.145905896755,1.1976159438194938,18106.88957146259,optimize_random_heur,9922.240800223426,0.4392812252044678,5406.276157248313,0.7971591002706702,12063.817842723567,optimize_swarm_heur,8865.465002187986,394.07812881469727,7417.776981669057,1.0937562663697646,17636.6291865087,optimize_random_heur,9144.423644094353,518.5165159702301,7923.652467026664,1.1683479511130597,18198.49489038926,optimize_single_point_heur,9725.271884555623,0.6951291561126709,8285.077931094165,1.2216403818677628,19537.869916098945,optimize_single_point_heur,10077.348354623393,0.5738735198974609,4797.032761887376,0.7073257468189357,14302.240729719075,optimize_single_point_heur,6490.3746658958025,11.898788928985596,7050.299732032967,1.0395714957125908,17711.68246647012,optimize_single_point_heur,8824.238349439005,13.177864074707031,6757.096855378616,0.996338531921574,17570.666014558632,optimize_single_point_heur,8383.977322542205,12.827377080917358,4814.563502721208,0.7099106664907582,14669.786967468432,optimize_single_point_heur,5789.458220985025,13.674448013305664
2025-11-06 13:35:49,config_spt_area_0.5_hw_0.9_seed_2,inputs/task_graph_topology/soda-benchmark-graphs/pytorch-graphs/squeeze_net_tosa.dot,179,0.9,0.5,1.0,0.5,2,6779.073175355862,18012.188139672126,2.6570281325701415,18012.188139672126,None,8973.5275404244,0.0,7719.908648123589,1.1387852658366295,19330.8588523626,optimize_random_heur,9227.757064738538,0.4283108711242676,4775.846105790595,0.7044983852884714,10140.262920356405,optimize_swarm_heur,8445.002432300664,380.49242663383484,7170.002358596967,1.057667054644322,19405.917640145835,optimize_random_heur,8845.246316789373,538.9042842388153,7497.4732748150045,1.1059732032500786,18500.285917705503,optimize_single_point_heur,10019.793359794414,0.6313915252685547,7667.856706071888,1.1311069386220882,17399.370854273726,optimize_single_point_heur,8987.644656329485,0.9286775588989258,4708.558801041095,0.6945726472105713,15878.47611238902,optimize_single_point_heur,6534.6508140195665,11.393831014633179,6336.153257798057,0.9346636470649169,18111.57434524354,optimize_single_point_heur,8247.156797930105,13.134700298309326,6503.100480273652,0.9592904976914158,16128.702984990025,optimize_single_point_heur,8179.470119992881,13.173650026321411,4368.302910380239,0.644380551350359,15430.08651518767,optimize_single_point_heur,5363.680996311449,10.651429176330566
2025-11-06 13:35:59,config_spt_area_0.5_hw_0.7_seed_1,inputs/task_graph_topology/soda-benchmark-graphs/pytorch-graphs/squeeze_net_tosa.dot,179,0.7,0.5,1.0,0.5,1,6100.224451734148,18007.93311261911,2.9520115620499645,18007.93311261911,None,9422.928136831764,0.0,8046.542006899492,1.3190567118578813,18841.73851130321,optimize_random_heur,9392.014318048505,0.4489915370941162,5467.151371229652,0.8962213463597182,11979.349467475224,optimize_swarm_heur,8324.543261869763,396.77432894706726,7291.747246002578,1.1953244185842553,16755.934473334048,optimize_random_heur,8809.768056470517,531.8754415512085,7972.085702274694,1.3068512093859794,18869.95035911057,optimize_single_point_heur,9552.141816360567,0.698390007019043,8085.653273981452,1.325468159074523,17640.8013932782,optimize_single_point_heur,9275.28029427255,0.9853694438934326,5198.053176118918,0.8521085112927665,15019.382568115137,optimize_single_point_heur,6696.979616830895,12.438257694244385,7142.997292089016,1.170940077468532,16729.78306440746,optimize_single_point_heur,8851.113691998393,13.162481784820557,7051.543073047208,1.1559481341776896,16651.699791558967,optimize_single_point_heur,8163.645432484542,12.976066827774048,5249.606196239659,0.860559515108878,14204.806056791957,optimize_single_point_heur,6847.20468762959,12.092882871627808
2025-11-06 13:36:17,config_spt_area_0.5_hw_0.7_seed_2,inputs/task_graph_topology/soda-benchmark-graphs/pytorch-graphs/squeeze_net_tosa.dot,179,0.7,0.5,1.0,0.5,2,5858.939212615281,16691.630069719642,2.848916751650155,16691.630069719642,None,8295.417503966122,0.0,7363.507315602572,1.2567987221556598,18394.625769078033,optimize_random_heur,8893.468540738617,0.4385654926300049,4702.463905756807,0.8026135338000456,12228.416344197181,optimize_swarm_heur,8111.451127243074,393.0184609889984,6730.430385630269,1.1487455563864737,18056.694390933597,optimize_random_heur,8396.706272071333,555.0324790477753,7150.384412379732,1.220423041253569,17765.315195039137,optimize_single_point_heur,9639.91695008287,0.6669096946716309,7351.579637920441,1.2547629137525877,18322.806970752405,optimize_single_point_heur,9022.319706038934,0.9140734672546387,4446.533032853171,0.7589314159940486,14048.956377997441,optimize_single_point_heur,6568.2700197144995,11.20600175857544,6320.529355262802,1.078783910516368,16741.03168323314,optimize_single_point_heur,8117.311669845122,12.967289447784424,5980.322740102084,1.0207176628877535,17306.529920844936,optimize_single_point_heur,7817.4453538576245,12.8137366771698,4159.16212290148,0.7098831327599551,13495.505250469425,optimize_single_point_heur,5491.887734699318,12.690550088882446
2025-11-06 13:38:03,config_spt_area_0.9_hw_0.1_seed_2,inputs/task_graph_topology/soda-benchmark-graphs/pytorch-graphs/squeeze_net_tosa.dot,179,0.1,0.5,1.0,0.9,2,896.9223739196549,4181.5752410475225,4.6621372848282885,4181.5752410475225,None,2475.1301909039457,0.0,5918.849731665129,6.599065765077382,14222.5956708481,optimize_random_heur,7700.884225166754,0.6958925724029541,1153.8474842907917,1.28645189131401,4928.484383291657,optimize_swarm_heur,1596.9430674006612,549.1527037620544,1641.3952751320855,1.8300304718222131,5111.5434882704285,optimize_random_heur,2050.463602046104,500.8538942337036,5848.0252487089665,6.520101871416606,14202.887523378922,optimize_single_point_heur,7172.349149485976,1.1706531047821045,5928.348777044565,6.609656475773921,14720.15783508348,optimize_single_point_heur,7386.561633098486,1.1316795349121094,5542.822856355757,6.179824494881288,14854.376632236888,optimize_single_point_heur,7477.962660980204,12.069087743759155,4173.645322779555,4.653296031116093,12132.46568210608,optimize_single_point_heur,5269.76825354893,14.91989779472351,4198.000499865435,4.680450194947959,12078.501483908474,optimize_single_point_heur,5485.414259289495,14.691545963287354,1368.0482024945413,1.5252693457918904,6079.460074850908,optimize_single_point_heur,2309.5235045817635,10.348175764083862
2025-11-06 13:38:04,config_spt_area_0.9_hw_0.3_seed_0,inputs/task_graph_topology/soda-benchmark-graphs/pytorch-graphs/squeeze_net_tosa.dot,179,0.3,0.5,1.0,0.9,0,3016.369355489379,8139.185535322395,2.6983384911102455,8139.185535322395,None,2707.3773352688013,0.0,5744.872382782535,1.904565292154177,16373.686015789272,optimize_random_heur,7111.498740503177,0.6685435771942139,1933.5576696784774,0.6410215201794394,5875.722931714633,optimize_swarm_heur,2464.673382443868,542.2907600402832,2462.9540575566753,0.8165293328797537,8582.181362426849,optimize_random_heur,2837.381212172535,509.1681730747223,6131.296146822383,2.032674193451894,16400.61418737336,optimize_single_point_heur,7941.13120761906,1.1787681579589844,6245.562656954082,2.0705563281194372,14317.601360271692,optimize_single_point_heur,7831.281526832408,1.1323456764221191,6381.2869780225365,2.115552250393165,15912.071547824326,optimize_single_point_heur,8331.928739344909,12.191705465316772,4649.823728599942,1.5415299589017175,13895.828946318736,optimize_single_point_heur,6220.199187853625,14.947001218795776,4338.173555969341,1.4382103266214594,11430.760929670787,optimize_single_point_heur,5855.595806916371,14.465728998184204,2689.5648479546735,0.8916563361380243,9871.191795236964,optimize_single_point_heur,3945.7705920596773,10.724831819534302
2025-11-06 13:38:14,config_spt_area_0.9_hw_0.1_seed_1,inputs/task_graph_topology/soda-benchmark-graphs/pytorch-graphs/squeeze_net_tosa.dot,179,0.1,0.5,1.0,0.9,1,914.495431384477,3176.2163236191686,3.473189930331983,3176.2163236191686,None,1209.0102899781987,0.0,6390.645223222238,6.988165280987007,14923.069515400597,optimize_random_heur,7869.924181869165,0.7021548748016357,1029.773358437489,1.1260563181584078,3768.485328099841,optimize_swarm_heur,1660.6397706088676,563.6726224422455,2185.1245449815756,2.3894318877826017,5779.663857815785,optimize_random_heur,2375.083793745058,497.49593234062195,6214.697552633974,6.795766648309431,14657.64790305803,optimize_single_point_heur,7457.295929737968,1.1972885131835938,6136.5876752616805,6.710353561822994,13133.765561036229,optimize_single_point_heur,7441.216102909243,1.1255533695220947,6129.752529161649,6.702879335199813,14037.25402625482,optimize_single_point_heur,7446.694102720396,12.376879215240479,4283.681492100317,4.684202178697762,12702.02746604618,optimize_single_point_heur,5725.874172975646,14.989519119262695,3613.493005051346,3.9513516208394726,11898.614086247138,optimize_single_point_heur,4802.21838648454,14.527938842773438,1753.213606597238,1.917137632872594,7101.285365359615,optimize_single_point_heur,3136.809337096128,10.373336553573608
2025-11-06 13:38:29,config_spt_area_0.9_hw_0.1_seed_0,inputs/task_graph_topology/soda-benchmark-graphs/pytorch-graphs/squeeze_net_tosa.dot,179,0.1,0.5,1.0,0.9,0,1005.5926797560742,6191.152865053097,6.156720300067101,6191.152865053097,None,1956.4413379118034,0.0,5175.6700756613245,5.146885195024274,15155.851520952596,optimize_random_heur,6579.06475658576,0.7034647464752197,964.4505035515181,0.9590866391205871,5022.021409124358,optimize_swarm_heur,1170.7550232636775,556.5149793624878,1794.8037888114268,1.784821851772818,7832.95607423256,optimize_random_heur,2690.0517515672414,520.4680404663086,5603.530830103133,5.572366369514918,15434.230543928361,optimize_single_point_heur,7470.309411222548,1.1845173835754395,5822.758991292202,5.790375276702118,13329.54743969157,optimize_single_point_heur,7416.826148972957,1.1536014080047607,5712.211972316192,5.680443073334423,14688.181519734517,optimize_single_point_heur,7731.417150666214,12.444487810134888,4208.936590851785,4.185528271618627,11688.653241125548,optimize_single_point_heur,5516.038321152898,14.925406217575073,3626.2800771997636,3.6061122462420743,11952.881809047547,optimize_single_point_heur,5402.705040333628,14.372850894927979,1140.7923092294118,1.1344477065069059,4941.411840974341,optimize_single_point_heur,1723.4240506117949,9.800264120101929
2025-11-06 13:38:37,config_spt_area_0.9_hw_0.3_seed_1,inputs/task_graph_topology/soda-benchmark-graphs/pytorch-graphs/squeeze_net_tosa.dot,179,0.3,0.5,1.0,0.9,1,2742.479224526191,5211.292317855867,1.9002121406247678,5211.292317855867,None,2282.003325720519,0.0,6930.070004315821,2.5269361905606074,15956.236980614793,optimize_random_heur,8403.725427309999,0.6958847045898438,2019.5519133559324,0.7363964311178487,6310.729599728757,optimize_swarm_heur,2560.3677916861293,567.590226650238,3273.796069817281,1.1937359599808395,8946.846574093563,optimize_random_heur,3819.3136580060955,515.103367805481,6836.00079104054,2.492635397163883,15753.333398343479,optimize_single_point_heur,8064.920016474295,1.243591547012329,6714.017438204353,2.4481561713067532,14161.560815468989,optimize_single_point_heur,8009.447246137332,1.1600892543792725,6729.784280997661,2.453905291537931,16032.337224335686,optimize_single_point_heur,8090.97692600369,12.584083080291748,4953.490977475551,1.8062091166183214,12690.717066918098,optimize_single_point_heur,5978.794010803374,15.22470498085022,5140.084799744586,1.8742474888328904,12167.854247489851,optimize_single_point_heur,6115.398694951898,15.054638385772705,2896.6254811095864,1.0562069003859187,8251.007001437038,optimize_single_point_heur,4259.599898216942,11.07969617843628
2025-11-06 13:38:45,config_spt_area_0.9_hw_0.3_seed_2,inputs/task_graph_topology/soda-benchmark-graphs/pytorch-graphs/squeeze_net_tosa.dot,179,0.3,0.5,1.0,0.9,2,2688.9671217589616,6212.31654092338,2.310298437884824,6212.31654092338,None,3410.104088394942,0.0,6363.393528576721,2.366482459783357,15203.142588573699,optimize_random_heur,8123.574156958698,0.6533899307250977,1601.38185691777,0.5955379089463324,5484.54197767169,optimize_swarm_heur,2094.3023542618434,513.393846988678,2265.7886256224133,0.8426241463823737,6054.447379601117,optimize_random_heur,2708.441592661424,451.5168511867523,6360.788570699438,2.3655137019818193,16096.59618920423,optimize_single_point_heur,7744.344547922403,1.0525517463684082,6401.944147914753,2.3808190498539763,15705.924308515432,optimize_single_point_heur,7815.665989791344,1.0083250999450684,6235.658734994973,2.318979166586454,15921.307321009379,optimize_single_point_heur,7753.967261446951,10.914017677307129,5031.770825932896,1.871265284434349,14260.90536411161,optimize_single_point_heur,6725.352058438078,13.526280403137207,4783.129404065572,1.7787980244759314,15390.161766201723,optimize_single_point_heur,6279.57788554219,13.22750210762024,2615.9155681882467,0.9728328572783259,10605.061242564467,optimize_single_point_heur,3587.3794401145697,9.948609113693237
2025-11-06 13:38:46,config_spt_area_0.7_hw_0.1_seed_0,inputs/task_graph_topology/soda-benchmark-graphs/pytorch-graphs/squeeze_net_tosa.dot,179,0.1,0.5,1.0,0.7,0,1005.5926797560742,11730.990005268242,11.665747216968425,11730.990005268242,None,4686.571275051793,0.0,5175.6700756613245,5.146885195024274,15155.851520952596,optimize_random_heur,6579.06475658576,0.6902291774749756,3514.8098098899036,3.495261929255977,9483.014310774244,optimize_swarm_heur,4541.0396034734695,557.1347622871399,3245.6124128298334,3.2275616938829734,10120.060186588162,optimize_random_heur,4187.312010813062,535.5168042182922,5603.530830103133,5.572366369514918,15434.230543928361,optimize_single_point_heur,7470.309411222548,1.1553585529327393,5822.758991292202,5.790375276702118,13329.54743969157,optimize_single_point_heur,7416.826148972957,1.112492322921753,5712.211972316192,5.680443073334423,14688.181519734517,optimize_single_point_heur,7731.417150666214,12.14543628692627,4208.936590851785,4.185528271618627,11688.653241125548,optimize_single_point_heur,5516.038321152898,14.708475351333618,3848.824473115824,3.8274189446659754,13193.341838119684,optimize_single_point_heur,5397.22331753487,14.400188446044922,2236.013310097856,2.223577552931515,10134.8803180354,optimize_single_point_heur,3280.8319203319634,10.894341945648193
2025-11-06 13:38:52,config_spt_area_0.7_hw_0.3_seed_0,inputs/task_graph_topology/soda-benchmark-graphs/pytorch-graphs/squeeze_net_tosa.dot,179,0.3,0.5,1.0,0.7,0,3016.369355489379,13052.426575408826,4.327197712592856,13052.426575408826,None,5310.3144429237,0.0,5744.872382782535,1.904565292154177,16373.686015789272,optimize_random_heur,7111.498740503177,0.687201738357544,4286.804147943513,1.4211801151414423,11834.798860035984,optimize_swarm_heur,5337.115453240444,563.8443489074707,4068.424470747948,1.348781926637722,11759.322994188757,optimize_random_heur,5026.557413219561,534.4817700386047,6131.296146822383,2.032674193451894,16400.61418737336,optimize_single_point_heur,7941.13120761906,1.1785316467285156,6245.562656954082,2.0705563281194372,14317.601360271692,optimize_single_point_heur,7831.281526832408,1.1441919803619385,6381.2869780225365,2.115552250393165,15912.071547824326,optimize_single_point_heur,8331.928739344909,12.050133466720581,4649.823728599942,1.5415299589017175,13895.828946318736,optimize_single_point_heur,6220.199187853625,14.70399022102356,4354.30660619694,1.4435588262003454,12154.844880395603,optimize_single_point_heur,5687.385603653404,14.288981914520264,2706.890134045665,0.8974000909800705,11219.509946843313,optimize_single_point_heur,4224.371738074026,11.043635368347168
2025-11-06 13:38:52,config_spt_area_0.9_hw_0.1_seed_3,inputs/task_graph_topology/soda-benchmark-graphs/pytorch-graphs/squeeze_net_tosa.dot,179,0.1,0.5,1.0,0.9,3,886.513608108352,4095.277186308006,4.619531103472323,4095.277186308006,None,2307.147635138493,0.0,6179.338742787216,6.970382277574651,16166.241225326681,optimize_random_heur,7709.1455345376135,0.6911530494689941,1371.9812142498056,1.5476143870790064,3970.0835380833405,optimize_swarm_heur,1928.4674267331025,559.3531565666199,2487.8654698124,2.8063477503983525,6607.7528505325445,optimize_random_heur,3320.022865515363,541.2608103752136,5844.806205667889,6.593024802111692,14402.102275070723,optimize_single_point_heur,6835.094595971403,1.1998333930969238,5995.808184981917,6.763357189491776,15826.45089987822,optimize_single_point_heur,7410.421673600669,1.1507635116577148,6133.280560584546,6.918427990825518,16504.180362783598,optimize_single_point_heur,8190.276544657952,12.045365333557129,4365.868491786148,4.924761957238383,13205.089644568645,optimize_single_point_heur,6002.69890501636,14.564331293106079,4266.025642062183,4.812137798048079,11953.928113455791,optimize_single_point_heur,6286.963651853633,14.473469257354736,1133.8272817350241,1.278973352878803,6298.1121222076445,optimize_single_point_heur,2229.7189087481647,9.947974920272827
2025-11-06 13:39:03,config_spt_area_0.7_hw_0.1_seed_1,inputs/task_graph_topology/soda-benchmark-graphs/pytorch-graphs/squeeze_net_tosa.dot,179,0.1,0.5,1.0,0.7,1,914.495431384477,8234.107875183927,9.00399017053383,8234.107875183927,None,3851.1107750173724,0.0,6390.645223222238,6.988165280987007,14923.069515400597,optimize_random_heur,7869.924181869165,0.7181172370910645,3618.8727566980665,3.957234374828277,9625.74984738823,optimize_swarm_heur,4441.800795505613,576.2900004386902,2871.602383534082,3.1400948380755636,7897.828715727915,optimize_random_heur,3870.3301998869824,532.8883407115936,6214.697552633974,6.795766648309431,14657.64790305803,optimize_single_point_heur,7457.295929737968,1.2127935886383057,6136.5876752616805,6.710353561822994,13133.765561036229,optimize_single_point_heur,7441.216102909243,1.1241428852081299,6129.752529161649,6.702879335199813,14037.25402625482,optimize_single_point_heur,7446.694102720396,12.429687023162842,4302.054775281839,4.704293348703616,9560.902744066429,optimize_single_point_heur,5144.160254305494,15.012337446212769,3526.1802187068015,3.8558751609818662,13162.355233742956,optimize_single_point_heur,4935.353672523933,14.696912288665771,1904.8663225536052,2.0829697526971582,8652.151069852658,optimize_single_point_heur,3475.590665448467,10.831414222717285
2025-11-06 13:39:05,config_spt_area_0.7_hw_0.1_seed_2,inputs/task_graph_topology/soda-benchmark-graphs/pytorch-graphs/squeeze_net_tosa.dot,179,0.1,0.5,1.0,0.7,2,896.9223739196549,9429.1014306434,10.512728531274265,9429.1014306434,None,5017.5009789138585,0.0,5918.849731665129,6.599065765077382,14222.5956708481,optimize_random_heur,7700.884225166754,0.7028241157531738,3852.5033327250153,4.295247219543793,12304.81860152372,optimize_swarm_heur,4966.426752927271,569.6413972377777,2848.387934230877,3.175735177374482,11124.393680491783,optimize_random_heur,4125.95414232616,542.5756199359894,5848.0252487089665,6.520101871416606,14202.887523378922,optimize_single_point_heur,7172.349149485976,1.1773762702941895,5928.348777044565,6.609656475773921,14720.15783508348,optimize_single_point_heur,7386.561633098486,1.1426801681518555,5542.822856355757,6.179824494881288,14854.376632236888,optimize_single_point_heur,7477.962660980204,12.209047079086304,3809.787619279429,4.24762245882017,12869.4688617455,optimize_single_point_heur,5175.282479231032,14.881400108337402,3774.9241584883234,4.208752360576609,12568.356904608772,optimize_single_point_heur,5776.515676556804,14.66328501701355,1990.6708480784441,2.2194460813581687,9590.385803821297,optimize_single_point_heur,3895.7780419191727,10.425874710083008
2025-11-06 13:39:07,config_spt_area_0.7_hw_0.1_seed_3,inputs/task_graph_topology/soda-benchmark-graphs/pytorch-graphs/squeeze_net_tosa.dot,179,0.1,0.5,1.0,0.7,3,886.513608108352,9296.802944482066,10.486926381558474,9296.802944482066,None,4838.264935781771,0.0,6179.338742787216,6.970382277574651,16166.241225326681,optimize_random_heur,7709.1455345376135,0.6869440078735352,3754.706146709719,4.235362111047041,10276.43455192848,optimize_swarm_heur,4719.391952493943,563.2142000198364,3304.134014640166,3.727110316660053,9840.080087609735,optimize_random_heur,4519.844309441004,552.0321500301361,5844.806205667889,6.593024802111692,14402.102275070723,optimize_single_point_heur,6835.094595971403,1.1917378902435303,5995.808184981917,6.763357189491776,15826.45089987822,optimize_single_point_heur,7410.421673600669,1.119359016418457,6133.280560584546,6.918427990825518,16504.180362783598,optimize_single_point_heur,8190.276544657952,12.054211139678955,4192.533853778471,4.729238012177303,11815.377868605927,optimize_single_point_heur,5885.492921651535,14.829912662506104,4379.093194335737,4.939679610423434,14753.878207610833,optimize_single_point_heur,6088.365380388392,14.814212322235107,1446.7376367456907,1.6319406983867377,9400.431456794364,optimize_single_point_heur,2963.499939287425,9.788281440734863
2025-11-06 13:39:11,config_spt_area_0.7_hw_0.5_seed_0,inputs/task_graph_topology/soda-benchmark-graphs/pytorch-graphs/squeeze_net_tosa.dot,179,0.5,0.5,1.0,0.7,0,5020.405770995477,14583.027363862373,2.9047507371044157,14583.027363862373,None,6414.968278448389,0.0,6327.8722820214525,1.260430445399381,17591.520510625942,optimize_random_heur,7657.020983886991,0.6933798789978027,4823.5676801341715,0.9607923941131405,14279.193077259552,optimize_swarm_heur,5468.481393835461,579.2915198802948,4657.444138052608,0.9277027297196141,12498.285592336322,optimize_random_heur,5925.885410589638,537.6557166576385,6684.385735392093,1.3314433215757124,17366.997830818378,optimize_single_point_heur,8421.702151658208,1.1757197380065918,6673.886121355832,1.3293519340434694,15305.702326206438,optimize_single_point_heur,8248.767991226488,1.1484482288360596,6740.420251288849,1.3426046735565593,17156.969916303195,optimize_single_point_heur,8263.472598140565,12.100579738616943,5496.632864237666,1.0948582873506976,14646.114952149048,optimize_single_point_heur,6730.730706596774,14.923722982406616,5316.544629247368,1.058987036458842,15158.308697409791,optimize_single_point_heur,6413.972998473714,14.713139772415161,3948.1073502181516,0.78641200140189,13323.289265173067,optimize_single_point_heur,5170.9740080549145,10.526794672012329
2025-11-06 13:39:19,config_spt_area_0.7_hw_0.3_seed_3,inputs/task_graph_topology/soda-benchmark-graphs/pytorch-graphs/squeeze_net_tosa.dot,179,0.3,0.5,1.0,0.7,3,2658.940824325056,11365.653998581032,4.274504304346857,11365.653998581032,None,6274.707552599699,0.0,6622.070024808469,2.49049168910685,14873.673271361837,optimize_random_heur,7848.600289295054,0.6986405849456787,4585.46779060969,1.724546762628184,12232.087590157442,optimize_swarm_heur,5550.075116724629,570.6725127696991,3871.101053488183,1.455880859804701,10826.580388479371,optimize_random_heur,5172.381920729292,555.2171812057495,6360.440326566691,2.3920954796657505,15509.307444964332,optimize_single_point_heur,7267.605227470661,1.1900904178619385,6504.987035665565,2.4464579941589286,16791.309641034426,optimize_single_point_heur,7948.935240458742,1.126150369644165,5887.443307497831,2.214206218369789,15008.836038818345,optimize_single_point_heur,7430.768878026996,12.16307020187378,4856.8310835725415,1.826603675847279,13555.116124511609,optimize_single_point_heur,6462.314543267428,14.853324890136719,5189.038968342638,1.9515436074662629,13919.00440008278,optimize_single_point_heur,6618.6212529499135,14.700640678405762,2586.0066350882894,0.9725702096979612,10382.235845425519,optimize_single_point_heur,4167.138784445004,10.47394061088562
2025-11-06 13:39:36,config_spt_area_0.7_hw_0.7_seed_2,inputs/task_graph_topology/soda-benchmark-graphs/pytorch-graphs/squeeze_net_tosa.dot,179,0.7,0.5,1.0,0.7,2,5858.939212615281,14320.116018914863,2.444148249239597,14320.116018914863,None,7307.969581678162,0.0,7266.739137041245,1.24028239128932,17164.236424024897,optimize_random_heur,8983.871124180336,0.688208818435669,4622.533971092254,0.7889711436396476,12770.490392954265,optimize_swarm_heur,7988.181021987996,600.9812774658203,5144.400998017081,0.878043074237794,14954.074204497952,optimize_random_heur,5775.965590521384,538.1647095680237,7150.384412379732,1.220423041253569,17765.315195039137,optimize_single_point_heur,9639.91695008287,1.1654295921325684,7312.087674121468,1.248022450613127,17621.406098921456,optimize_single_point_heur,9095.092903958326,1.157590627670288,6821.549620607728,1.164297729172507,17680.04507640766,optimize_single_point_heur,8348.397457834422,12.095805168151855,6089.809639652032,1.0394048169231127,16967.85157135094,optimize_single_point_heur,7530.791264450287,15.112154006958008,5940.7054703085605,1.013955812601234,16354.559987840177,optimize_single_point_heur,7277.996471919719,15.085386753082275,3781.410885206814,0.6454087929543288,12899.202183107922,optimize_single_point_heur,4825.036857483294,12.636741161346436
2025-11-06 13:39:41,config_spt_area_0.7_hw_0.3_seed_2,inputs/task_graph_topology/soda-benchmark-graphs/pytorch-graphs/squeeze_net_tosa.dot,179,0.3,0.5,1.0,0.7,2,2688.9671217589616,11143.281473351699,4.144075017943109,11143.281473351699,None,5801.952166520275,0.0,6363.393528576721,2.366482459783357,15203.142588573699,optimize_random_heur,8123.574156958698,0.6955642700195312,4731.132383316126,1.7594608520989656,9604.93039632747,optimize_swarm_heur,8633.088174813221,601.2833428382874,3651.1636348551497,1.3578312673703412,11326.487291192803,optimize_random_heur,5216.455186159175,546.2269539833069,6360.788570699438,2.3655137019818193,16096.59618920423,optimize_single_point_heur,7744.344547922403,1.2045502662658691,6401.944147914753,2.3808190498539763,15705.924308515432,optimize_single_point_heur,7815.665989791344,1.1471714973449707,6235.658734994973,2.318979166586454,15921.307321009379,optimize_single_point_heur,7753.967261446951,12.528560161590576,5031.770825932896,1.871265284434349,14260.90536411161,optimize_single_point_heur,6725.352058438078,15.090461730957031,4783.129404065572,1.7787980244759314,15390.161766201723,optimize_single_point_heur,6279.57788554219,14.588716506958008,2556.4938368361995,0.950734509228173,9284.359712303258,optimize_single_point_heur,3605.0968988224763,10.152019262313843
2025-11-06 13:39:42,config_spt_area_0.7_hw_0.3_seed_1,inputs/task_graph_topology/soda-benchmark-graphs/pytorch-graphs/squeeze_net_tosa.dot,179,0.3,0.5,1.0,0.7,1,2742.479224526191,9648.530343641823,3.5181780986175997,9648.530343641823,None,4781.283028964207,0.0,6930.070004315821,2.5269361905606074,15956.236980614793,optimize_random_heur,8403.725427309999,0.7292666435241699,4607.661169236692,1.6801079578033058,11559.222507361723,optimize_swarm_heur,5571.317894535994,598.2233338356018,3562.8655908475707,1.2991404124358008,9888.214132769244,optimize_random_heur,4363.8743119408855,548.8681843280792,6836.00079104054,2.492635397163883,15753.333398343479,optimize_single_point_heur,8064.920016474295,1.2271606922149658,6714.017438204353,2.4481561713067532,14161.560815468989,optimize_single_point_heur,8009.447246137332,1.144749402999878,6729.784280997661,2.453905291537931,16032.337224335686,optimize_single_point_heur,8090.97692600369,12.759059190750122,5259.606401315499,1.9178290775289952,14702.495836802073,optimize_single_point_heur,6090.679245342632,15.376265048980713,5140.084799744586,1.8742474888328904,12167.854247489851,optimize_single_point_heur,6115.398694951898,14.752484560012817,2649.4404777571776,0.9660749492878702,9512.270328182407,optimize_single_point_heur,4294.484990447005,10.59826922416687
2025-11-06 13:39:53,config_spt_area_0.7_hw_0.7_seed_0,inputs/task_graph_topology/soda-benchmark-graphs/pytorch-graphs/squeeze_net_tosa.dot,179,0.7,0.5,1.0,0.7,0,6596.241530654771,15810.669098067401,2.3969208866276865,15810.669098067401,None,7608.041740434241,0.0,6910.872181260368,1.047698473311417,18809.355005462607,optimize_random_heur,8202.543227270808,0.7005300521850586,5420.54825823676,0.8217631560405724,10680.528660663567,optimize_swarm_heur,8713.253768644603,612.4212145805359,5351.049941395249,0.8112271081232044,14633.882032517386,optimize_random_heur,6015.571341796683,544.7768242359161,7241.344342189474,1.0977985430849844,18333.381474263377,optimize_single_point_heur,8902.273095697357,1.1857233047485352,7118.800966041207,1.0792207854970048,16293.803292141181,optimize_single_point_heur,8593.23697812895,1.1329503059387207,7137.889810483222,1.0821146826281671,18364.41151568168,optimize_single_point_heur,9050.266251341562,12.256823062896729,6225.4529659764175,0.9437879036182674,17746.251763687043,optimize_single_point_heur,7510.276888394216,15.040562152862549,6215.912795177864,0.9423415995746363,17380.963699354033,optimize_single_point_heur,7831.904968613393,15.006269216537476,4501.834266674865,0.6824847522264689,14821.295439659158,optimize_single_point_heur,5781.896760044709,12.225239753723145
2025-11-06 13:39:55,config_spt_area_0.7_hw_0.9_seed_2,inputs/task_graph_topology/soda-benchmark-graphs/pytorch-graphs/squeeze_net_tosa.dot,179,0.9,0.5,1.0,0.7,2,6779.073175355862,19001.285374570612,2.802932625605292,19001.285374570612,None,9233.464950602158,0.0,7719.908648123589,1.1387852658366295,19330.8588523626,optimize_random_heur,9227.757064738538,0.6871840953826904,4709.727748860568,0.6947450819651809,12379.244093349474,optimize_swarm_heur,8354.357202792395,605.5302889347076,5620.180010638371,0.8290484355692684,15713.799716561907,optimize_random_heur,6607.3705959329645,552.2077379226685,7497.4732748150045,1.1059732032500786,18500.285917705503,optimize_single_point_heur,10019.793359794414,1.165158748626709,7633.400460583838,1.1260242017055861,18407.742797795945,optimize_single_point_heur,9416.813647270976,1.1777701377868652,7215.2619063226775,1.0643434168187627,17805.861782472082,optimize_single_point_heur,8671.037999099359,12.042810916900635,6266.3582366911,0.924367988749753,17896.641765573906,optimize_single_point_heur,8126.11037773807,15.137129545211792,6513.166633905841,0.9607753841016677,17461.926323911262,optimize_single_point_heur,7763.772294138915,15.049570322036743,4188.364419838806,0.6178373225214434,14575.75582636223,optimize_single_point_heur,5637.861061496471,13.030241250991821
2025-11-06 13:39:55,config_spt_area_0.7_hw_0.5_seed_1,inputs/task_graph_topology/soda-benchmark-graphs/pytorch-graphs/squeeze_net_tosa.dot,179,0.5,0.5,1.0,0.7,1,4559.116995953398,11146.903229857247,2.4449697693108265,11146.903229857247,None,5657.17252713458,0.0,7481.446808676974,1.640985922343601,16989.40444582899,optimize_random_heur,8949.478696018401,0.7156586647033691,5480.727030566371,1.2021466076503364,12186.518058739768,optimize_swarm_heur,8260.577418840481,616.6193985939026,4762.511692502584,1.0446127389864563,11435.256968694533,optimize_random_heur,5862.174195581432,542.396698474884,7432.365023072885,1.6302202881982932,17122.468001086556,optimize_single_point_heur,8560.073834650751,1.1981685161590576,7291.447201147025,1.5993112718139941,15189.358426444162,optimize_single_point_heur,8580.446976927375,1.1170451641082764,7058.225194895053,1.5481561892708227,15428.677961953588,optimize_single_point_heur,8092.088899794815,12.453052759170532,5864.754806796226,1.2863795362131947,12756.502016155568,optimize_single_point_heur,7120.5168023388005,15.264812707901001,5915.397518921333,1.297487545103964,14485.634426252296,optimize_single_point_heur,7124.606355563524,15.040171384811401,4051.64637213868,0.8886910284896963,12148.43762920577,optimize_single_point_heur,5514.167612126188,12.107805013656616
2025-11-06 13:40:00,config_spt_area_0.7_hw_0.9_seed_0,inputs/task_graph_topology/soda-benchmark-graphs/pytorch-graphs/squeeze_net_tosa.dot,179,0.9,0.5,1.0,0.7,0,7512.781340436409,16085.967814280088,2.1411468117273427,16085.967814280088,None,8674.077223645922,0.0,7491.9567299037335,0.9972281090598777,19388.63452414601,optimize_random_heur,8832.143677602447,0.6979551315307617,5516.108269513288,0.7342298437229459,10372.174806555518,optimize_swarm_heur,9073.592665551872,610.9533452987671,6017.809935777013,0.8010095945940902,16709.981773399722,optimize_random_heur,6972.0041462074005,553.0609772205353,7749.970608317534,1.0315714323541523,19811.694930774214,optimize_single_point_heur,9161.113704983365,1.174912452697754,7563.71581072658,1.0067797088697397,17281.90425807592,optimize_single_point_heur,9027.314822806646,1.1332502365112305,7623.939603532593,1.0147958869104696,18267.409888872888,optimize_single_point_heur,9806.611623996889,12.06211233139038,6887.479535194801,0.9167682677151783,17988.998582336535,optimize_single_point_heur,8241.813718095404,15.124176740646362,6487.57209815102,0.8635379900161136,15917.79704938624,optimize_single_point_heur,7827.047590733541,14.948899507522583,4795.975544655218,0.6383755000084463,15649.88842150216,optimize_single_point_heur,6699.270129662698,12.414910554885864
2025-11-06 13:40:08,config_spt_area_0.7_hw_0.7_seed_1,inputs/task_graph_topology/soda-benchmark-graphs/pytorch-graphs/squeeze_net_tosa.dot,179,0.7,0.5,1.0,0.7,1,6100.224451734148,14575.52030690452,2.389341641808122,14575.52030690452,None,7532.14401291471,0.0,8032.8236130381265,1.316807877578109,18022.571911043193,optimize_random_heur,9495.231964726803,0.710360050201416,5448.101880182173,0.8930985938777068,12322.88550416289,optimize_swarm_heur,8220.95529676506,625.61292552948,5775.867522704459,0.9468286894038002,13814.393893469425,optimize_random_heur,6997.996961476183,545.6510818004608,7972.085702274694,1.3068512093859794,18869.95035911057,optimize_single_point_heur,9552.141816360567,1.1862456798553467,7876.41920731775,1.291168754467497,16217.156037419338,optimize_single_point_heur,9143.489238645934,1.107731580734253,7393.998197997015,1.212086252973049,16393.58072963385,optimize_single_point_heur,8732.362212654563,12.311596632003784,6368.140483488638,1.0439190449260154,16103.1983380726,optimize_single_point_heur,7543.98516734306,15.266183376312256,6773.647905322357,1.110393225514312,15407.493787775702,optimize_single_point_heur,8009.935520164822,15.055040836334229,4946.592076931154,0.810886897042773,14765.96291731366,optimize_single_point_heur,6290.142115045621,12.736127614974976
2025-11-06 13:40:09,config_spt_area_0.7_hw_0.5_seed_2,inputs/task_graph_topology/soda-benchmark-graphs/pytorch-graphs/squeeze_net_tosa.dot,179,0.5,0.5,1.0,0.7,2,4411.024222327901,12039.360981367863,2.7293799295924375,12039.360981367863,None,6408.744194511981,0.0,6810.926452843877,1.5440691570833036,16183.689506299303,optimize_random_heur,8548.474974058607,0.7086775302886963,4614.256513679722,1.0460737191881857,12312.23836634046,optimize_swarm_heur,8226.630030064542,617.992084980011,4508.486052671789,1.0220950567105371,14966.22785540502,optimize_random_heur,6148.233315013,554.3316204547882,6770.259993849335,1.534849878987143,16421.368673910903,optimize_single_point_heur,8343.761245752448,1.1981151103973389,6891.447245832679,1.5623236007069,16691.690781947385,optimize_single_point_heur,8269.008944235104,1.149083137512207,6612.799831412457,1.4991529173518294,16701.808177216466,optimize_single_point_heur,8630.365705096587,12.544771194458008,5460.040417718972,1.2378169201794718,14963.178663977853,optimize_single_point_heur,7568.202932708084,15.231424331665039,5446.43310785605,1.2347320788417062,15783.661726045617,optimize_single_point_heur,7573.929202489615,15.23730731010437,3527.771527900355,0.7997624474704397,10669.594604551014,optimize_single_point_heur,5086.928651657143,11.8213050365448
2025-11-06 13:40:09,config_spt_area_0.7_hw_0.5_seed_3,inputs/task_graph_topology/soda-benchmark-graphs/pytorch-graphs/squeeze_net_tosa.dot,179,0.5,0.5,1.0,0.7,3,4420.261133273895,13055.097811941825,2.9534675482560195,13055.097811941825,None,7226.946045282834,0.0,7018.717893139547,1.5878514145477844,15827.14577844476,optimize_random_heur,8244.757726272117,0.6961202621459961,5270.170168643927,1.1922757524374,12382.650954936997,optimize_swarm_heur,8397.430730274831,615.4962787628174,4438.66344621173,1.0041631732567358,12037.414014033606,optimize_random_heur,5773.864390111065,558.7423169612885,6883.616961839222,1.557287398706426,16616.512614857944,optimize_single_point_heur,7722.843339354055,1.2120425701141357,7041.353404830651,1.5929722684993108,17749.887168867645,optimize_single_point_heur,8465.863032396084,1.140073299407959,6939.43116409635,1.5699143002794984,17100.120794227227,optimize_single_point_heur,9023.898921749933,12.43330717086792,5740.754199357179,1.2987364380224413,14617.556681376496,optimize_single_point_heur,7104.541391891987,15.06483769416809,5811.328799256272,1.3147025987924097,14381.753578206539,optimize_single_point_heur,6985.523524774763,14.891120672225952,3198.1631783280245,0.7235235842184926,10766.452253131598,optimize_single_point_heur,4829.317640335298,10.885317325592041
2025-11-06 13:40:15,config_spt_area_0.7_hw_0.9_seed_3,inputs/task_graph_topology/soda-benchmark-graphs/pytorch-graphs/squeeze_net_tosa.dot,179,0.9,0.5,1.0,0.7,3,6781.9286707166075,18093.638278666698,2.667919283314262,18093.638278666698,None,9677.074915131578,0.0,7847.2671347947,1.1570848818682022,17734.09079261062,optimize_random_heur,9072.326105219227,0.6989266872406006,5385.133537859168,0.7940416066467052,12218.349316377871,optimize_swarm_heur,8854.944784877363,621.5117847919464,5844.526825629006,0.8617794597080964,15821.761072607493,optimize_random_heur,7059.930192024725,559.6740908622742,7923.652467026664,1.1683479511130597,18198.49489038926,optimize_single_point_heur,9725.271884555623,1.141075611114502,8025.101197095245,1.1833066354334392,18985.633875104133,optimize_single_point_heur,9813.67667919922,1.1500263214111328,7675.171355343487,1.131709242016032,19063.757699299083,optimize_single_point_heur,9476.567321988356,11.668925523757935,6341.2412179379035,0.9350203350439928,16836.6048000709,optimize_single_point_heur,7269.2004499437135,14.725781202316284,6542.434989441649,0.9646864936357916,16378.541176115548,optimize_single_point_heur,7697.648991811616,14.6018648147583,4755.828707313535,0.7012501809180801,14592.68106407866,optimize_single_point_heur,5802.518723682127,11.663968801498413
2025-11-06 13:40:23,config_spt_area_0.7_hw_0.9_seed_1,inputs/task_graph_topology/soda-benchmark-graphs/pytorch-graphs/squeeze_net_tosa.dot,179,0.9,0.5,1.0,0.7,1,7103.137687612537,19401.591312278022,2.731411407963171,19401.591312278022,None,10231.759325187502,0.0,8456.033854121644,1.1904645842454216,19875.731302796485,optimize_random_heur,9687.571617551326,0.703697919845581,5499.026477584996,0.7741686448194552,12697.736478762801,optimize_swarm_heur,8385.280286120047,632.4178235530853,6590.823950681059,0.9278750096841113,15041.574972906086,optimize_random_heur,7368.587793956003,551.6062166690826,8401.575913434936,1.1827978399020478,19674.30800687202,optimize_single_point_heur,9987.8924129139,1.2024834156036377,8488.20909665683,1.194994306735709,17244.95364839451,optimize_single_point_heur,9733.999179481956,1.1141602993011475,7968.701764996786,1.1218565816193797,19087.2192087408,optimize_single_point_heur,9013.815915397961,12.599218606948853,7640.707700212361,1.075680640900051,17000.975081134195,optimize_single_point_heur,9001.528109864399,15.543195247650146,6840.5275718985795,0.9630289982732653,15840.573844408898,optimize_single_point_heur,7941.841873464431,15.321312427520752,5572.6015208928,0.7845267494407572,15261.543491917473,optimize_single_point_heur,6929.099980390816,13.94824481010437
2025-11-06 13:40:29,config_spt_area_0.7_hw_0.7_seed_3,inputs/task_graph_topology/soda-benchmark-graphs/pytorch-graphs/squeeze_net_tosa.dot,179,0.7,0.5,1.0,0.7,3,5877.451285254198,15477.506697587,2.6333704775092155,15477.506697587,None,8851.071801048203,0.0,7420.724968681537,1.2625753253453962,16780.61828552769,optimize_random_heur,8646.274370460085,0.7062265872955322,5324.508712356173,0.905921368623626,12270.269744706406,optimize_swarm_heur,8613.90244497157,628.5487711429596,5092.156218571992,0.8663885026742093,13537.208290231536,optimize_random_heur,6423.71875785712,565.2207174301147,7424.512525319164,1.2632197469584054,17723.71778475156,optimize_single_point_heur,8197.761547197384,1.2152791023254395,7577.719773995737,1.2892867003436173,18708.46469670086,optimize_single_point_heur,8982.790824333426,1.1678941249847412,7067.602369610087,1.202494419195244,17308.916205005728,optimize_single_point_heur,8605.81271804632,12.811547040939331,6374.860940478711,1.0846301621371923,15737.67631362207,optimize_single_point_heur,7823.99552100141,15.434256792068481,6342.015684561818,1.0790418119624665,15697.349379922638,optimize_single_point_heur,7536.8420828723765,14.952153444290161,4003.093475429511,0.6810934333854505,11725.21503299567,optimize_single_point_heur,5691.526273131962,10.301966190338135
2025-11-06 13:40:31,config_spt_area_0.9_hw_0.5_seed_1,inputs/task_graph_topology/soda-benchmark-graphs/pytorch-graphs/squeeze_net_tosa.dot,179,0.5,0.5,1.0,0.9,1,4559.116995953398,8091.702120370573,1.7748397611977589,8091.702120370573,None,3905.3452750106394,0.0,7481.446808676974,1.640985922343601,16989.40444582899,optimize_random_heur,8949.478696018401,0.6809322834014893,3039.1767617215773,0.6666152161524049,8012.263695926224,optimize_swarm_heur,3301.984764720165,503.91672134399414,3922.6840804760914,0.8604043467096382,7874.715467638238,optimize_random_heur,4639.1360393773975,491.4325785636902,7432.365023072885,1.6302202881982932,17122.468001086556,optimize_single_point_heur,8560.073834650751,1.0590629577636719,7291.447201147025,1.5993112718139941,15189.358426444162,optimize_single_point_heur,8580.446976927375,0.9960718154907227,7058.225194895053,1.5481561892708227,15428.677961953588,optimize_single_point_heur,8092.088899794815,11.00577449798584,5864.754806796226,1.2863795362131947,12756.502016155568,optimize_single_point_heur,7120.5168023388005,13.31919527053833,5720.177358120102,1.254667814666139,14363.481576341837,optimize_single_point_heur,6896.491915746689,13.160740852355957,3947.27675831178,0.8657985223488062,11636.938952744358,optimize_single_point_heur,5187.243638032242,10.650294065475464
2025-11-06 13:40:47,config_spt_area_0.9_hw_0.5_seed_0,inputs/task_graph_topology/soda-benchmark-graphs/pytorch-graphs/squeeze_net_tosa.dot,179,0.5,0.5,1.0,0.9,0,5020.405770995477,11287.112663430578,2.2482470896356452,11287.112663430578,None,4884.15317313707,0.0,6327.8722820214525,1.260430445399381,17591.520510625942,optimize_random_heur,7657.020983886991,0.6638612747192383,2869.258012611076,0.5715191447646953,9892.065270240204,optimize_swarm_heur,3203.3092527291747,523.7884883880615,3873.9983801160474,0.7716504515426623,10533.49597104159,optimize_random_heur,4584.570539303825,486.56043767929077,6684.385735392093,1.3314433215757124,17366.997830818378,optimize_single_point_heur,8421.702151658208,1.0736377239227295,6673.886121355832,1.3293519340434694,15305.702326206438,optimize_single_point_heur,8248.767991226488,1.0310804843902588,6740.420251288849,1.3426046735565593,17156.969916303195,optimize_single_point_heur,8263.472598140565,11.128968000411987,5496.632864237666,1.0948582873506976,14646.114952149048,optimize_single_point_heur,6730.730706596774,13.596652507781982,5317.618696298082,1.059200976745685,13733.140747795507,optimize_single_point_heur,6422.988418412046,13.597962856292725,3652.7854591183714,0.7275876942500754,12096.181164271302,optimize_single_point_heur,4366.120924728471,10.64040231704712
2025-11-06 13:40:50,config_spt_area_0.9_hw_0.3_seed_3,inputs/task_graph_topology/soda-benchmark-graphs/pytorch-graphs/squeeze_net_tosa.dot,179,0.3,0.5,1.0,0.9,3,2658.940824325056,5849.367871293677,2.1998864426696962,5849.367871293677,None,3168.7139214034883,0.0,6622.070024808469,2.49049168910685,14873.673271361837,optimize_random_heur,7848.600289295054,0.6869561672210693,1546.551444489535,0.5816419193466296,8199.206629931046,optimize_swarm_heur,2113.613274866937,547.1855578422546,3256.1805112044276,1.2246156369542276,7832.006184402251,optimize_random_heur,4106.73286346568,537.9527156352997,6360.440326566691,2.3920954796657505,15509.307444964332,optimize_single_point_heur,7267.605227470661,1.1960091590881348,6504.987035665565,2.4464579941589286,16791.309641034426,optimize_single_point_heur,7948.935240458742,1.1298670768737793,5887.443307497831,2.214206218369789,15008.836038818345,optimize_single_point_heur,7430.768878026996,12.188833951950073,4856.8310835725415,1.826603675847279,13555.116124511609,optimize_single_point_heur,6462.314543267428,14.789209604263306,4795.912808029952,1.8036929457605904,13737.626812610846,optimize_single_point_heur,6270.133215898639,14.989043951034546,2284.2108473178223,0.8590679515771642,11042.71566446573,optimize_single_point_heur,3257.510693992704,10.374086141586304
2025-11-06 13:41:32,config_spt_area_0.9_hw_0.5_seed_2,inputs/task_graph_topology/soda-benchmark-graphs/pytorch-graphs/squeeze_net_tosa.dot,179,0.5,0.5,1.0,0.9,2,4411.024222327901,7541.404326002426,1.7096719369231845,7541.404326002426,None,3844.116354881903,0.0,6810.926452843877,1.5440691570833036,16183.689506299303,optimize_random_heur,8548.474974058607,0.6464443206787109,2347.375104636968,0.5321610098522991,7018.548393336332,optimize_swarm_heur,2724.107545474215,506.9469745159149,3020.021131839555,0.6846530373949636,7806.236609540197,optimize_random_heur,3171.441354973066,458.13882756233215,6770.259993849335,1.534849878987143,16421.368673910903,optimize_single_point_heur,8343.761245752448,1.0733647346496582,6891.447245832679,1.5623236007069,16691.690781947385,optimize_single_point_heur,8269.008944235104,1.0316224098205566,6612.799831412457,1.4991529173518294,16701.808177216466,optimize_single_point_heur,8630.365705096587,11.300482988357544,5460.040417718972,1.2378169201794718,14963.178663977853,optimize_single_point_heur,7568.202932708084,13.70977783203125,5446.43310785605,1.2347320788417062,15783.661726045617,optimize_single_point_heur,7573.929202489615,13.659624099731445,3532.8087228626537,0.8009044033311219,11352.02238983599,optimize_single_point_heur,5229.565276710768,10.609668493270874
2025-11-06 13:43:35,config_spt_area_0.9_hw_0.7_seed_2,inputs/task_graph_topology/soda-benchmark-graphs/pytorch-graphs/squeeze_net_tosa.dot,179,0.7,0.5,1.0,0.9,2,5858.939212615281,10119.796439662983,1.7272403881360232,10119.796439662983,None,4711.29041752041,0.0,7266.739137041245,1.24028239128932,17164.236424024897,optimize_random_heur,8983.871124180336,0.664463996887207,3642.3269027812353,0.6216700277310769,8594.998763890584,optimize_swarm_heur,4017.238710594475,529.1210014820099,4072.4301647157877,0.6950797775725615,10497.78367715433,optimize_random_heur,4906.155499145343,476.66999673843384,7150.384412379732,1.220423041253569,17765.315195039137,optimize_single_point_heur,9639.91695008287,1.0967373847961426,7312.087674121468,1.248022450613127,17621.406098921456,optimize_single_point_heur,9095.092903958326,1.0959193706512451,6821.549620607728,1.164297729172507,17680.04507640766,optimize_single_point_heur,8348.397457834422,11.431260824203491,6089.809639652032,1.0394048169231127,16967.85157135094,optimize_single_point_heur,7530.791264450287,14.237451553344727,5940.7054703085605,1.013955812601234,16354.559987840177,optimize_single_point_heur,7277.996471919719,14.081905364990234,3781.410885206814,0.6454087929543288,12899.202183107922,optimize_single_point_heur,4825.036857483294,12.032861948013306
2025-11-06 13:43:50,config_spt_area_0.9_hw_0.9_seed_0,inputs/task_graph_topology/soda-benchmark-graphs/pytorch-graphs/squeeze_net_tosa.dot,179,0.9,0.5,1.0,0.9,0,7512.781340436409,13344.476563045651,1.776236517256402,13344.476563045651,None,6654.331464467778,0.0,7491.9567299037335,0.9972281090598777,19388.63452414601,optimize_random_heur,8832.143677602447,0.6505105495452881,4958.934804997035,0.6600664361554514,12016.590109497836,optimize_swarm_heur,5291.540875418194,524.445033788681,5152.954440825836,0.6858917100502897,12020.05123617657,optimize_random_heur,5486.847850209228,496.90495681762695,7749.970608317534,1.0315714323541523,19811.694930774214,optimize_single_point_heur,9161.113704983365,1.0781092643737793,7563.71581072658,1.0067797088697397,17281.90425807592,optimize_single_point_heur,9027.314822806646,1.040229082107544,7623.939603532593,1.0147958869104696,18267.409888872888,optimize_single_point_heur,9806.611623996889,11.036202430725098,6887.479535194801,0.9167682677151783,17988.998582336535,optimize_single_point_heur,8241.813718095404,13.962222814559937,6487.57209815102,0.8635379900161136,15917.79704938624,optimize_single_point_heur,7827.047590733541,13.804447412490845,4795.975544655218,0.6383755000084463,15649.88842150216,optimize_single_point_heur,6699.270129662698,11.67329454421997
2025-11-06 13:43:50,config_spt_area_0.9_hw_0.5_seed_3,inputs/task_graph_topology/soda-benchmark-graphs/pytorch-graphs/squeeze_net_tosa.dot,179,0.5,0.5,1.0,0.9,3,4420.261133273895,7080.15883707993,1.6017512593958367,7080.15883707993,None,3983.2055127656413,0.0,7018.717893139547,1.5878514145477844,15827.14577844476,optimize_random_heur,8244.757726272117,0.6642882823944092,2701.1759191283277,0.6110896704258022,6825.394083411614,optimize_swarm_heur,2745.3158905223268,516.9356951713562,4174.697980778398,0.9444460078055119,9529.769345813806,optimize_random_heur,5045.810693569062,506.5318486690521,6883.616961839222,1.557287398706426,16616.512614857944,optimize_single_point_heur,7722.843339354055,1.0882277488708496,7041.353404830651,1.5929722684993108,17749.887168867645,optimize_single_point_heur,8465.863032396084,1.0397109985351562,6939.43116409635,1.5699143002794984,17100.120794227227,optimize_single_point_heur,9023.898921749933,11.223424911499023,5740.754199357179,1.2987364380224413,14617.556681376496,optimize_single_point_heur,7104.541391891987,13.946818351745605,5297.616011707406,1.1984848523606777,14435.032287047907,optimize_single_point_heur,7053.8186134200905,13.737005472183228,3178.744748891901,0.7191305339324021,10787.357249355382,optimize_single_point_heur,4120.890537369383,10.125892162322998
2025-11-06 13:43:51,config_spt_area_0.9_hw_0.7_seed_0,inputs/task_graph_topology/soda-benchmark-graphs/pytorch-graphs/squeeze_net_tosa.dot,179,0.7,0.5,1.0,0.9,0,6596.241530654771,10549.923894592986,1.5993841107188438,10549.923894592986,None,5096.007208632061,0.0,6910.872181260368,1.047698473311417,18809.355005462607,optimize_random_heur,8202.543227270808,0.6794185638427734,3783.184488634312,0.5735363799297957,11389.87370901372,optimize_swarm_heur,3985.2843716450748,528.127729177475,4596.302593656372,0.696806290718121,11708.743667035267,optimize_random_heur,5335.2258233190405,493.5658507347107,7241.344342189474,1.0977985430849844,18333.381474263377,optimize_single_point_heur,8902.273095697357,1.1046650409698486,7118.800966041207,1.0792207854970048,16293.803292141181,optimize_single_point_heur,8593.23697812895,1.0630919933319092,7137.889810483222,1.0821146826281671,18364.41151568168,optimize_single_point_heur,9050.266251341562,11.797900915145874,6225.4529659764175,0.9437879036182674,17746.251763687043,optimize_single_point_heur,7510.276888394216,14.01683235168457,6215.912795177864,0.9423415995746363,17380.963699354033,optimize_single_point_heur,7831.904968613393,13.904709339141846,4501.834266674865,0.6824847522264689,14821.295439659158,optimize_single_point_heur,5781.896760044709,11.594187021255493
2025-11-06 13:43:56,config_spt_area_0.9_hw_0.7_seed_3,inputs/task_graph_topology/soda-benchmark-graphs/pytorch-graphs/squeeze_net_tosa.dot,179,0.7,0.5,1.0,0.9,3,5877.451285254198,10220.53482687926,1.7389399470687785,10220.53482687926,None,5277.487911195992,0.0,7420.724968681537,1.2625753253453962,16780.61828552769,optimize_random_heur,8646.274370460085,0.6641883850097656,3321.436619758666,0.565115125342126,7616.121558143893,optimize_swarm_heur,3321.436619758666,520.2962527275085,4884.887975100523,0.8311235156225124,11212.36228293792,optimize_random_heur,5934.470376475853,508.8004424571991,7424.512525319164,1.2632197469584054,17723.71778475156,optimize_single_point_heur,8197.761547197384,1.0983123779296875,7577.719773995737,1.2892867003436173,18708.46469670086,optimize_single_point_heur,8982.790824333426,1.0498945713043213,7067.602369610087,1.202494419195244,17308.916205005728,optimize_single_point_heur,8605.81271804632,11.343273401260376,6374.860940478711,1.0846301621371923,15737.67631362207,optimize_single_point_heur,7823.99552100141,13.99308156967163,6342.015684561818,1.0790418119624665,15697.349379922638,optimize_single_point_heur,7536.8420828723765,13.807251453399658,3807.6686398252587,0.6478435047821205,12183.617664169555,optimize_single_point_heur,5398.619698674949,10.457426309585571
2025-11-06 13:44:08,config_spt_area_0.9_hw_0.7_seed_1,inputs/task_graph_topology/soda-benchmark-graphs/pytorch-graphs/squeeze_net_tosa.dot,179,0.7,0.5,1.0,0.9,1,6100.224451734148,9605.50812196661,1.5746155240625603,9605.50812196661,None,5551.375392521375,0.0,8032.8236130381265,1.316807877578109,18022.571911043193,optimize_random_heur,9495.231964726803,0.6767807006835938,4072.064371859952,0.6675269744709741,9064.731587846916,optimize_swarm_heur,4187.132906811312,539.7347965240479,5101.5814809362155,0.8362940611940858,13616.675068203987,optimize_random_heur,5481.872774142989,498.43418645858765,7972.085702274694,1.3068512093859794,18869.95035911057,optimize_single_point_heur,9552.141816360567,1.1272013187408447,7876.41920731775,1.291168754467497,16217.156037419338,optimize_single_point_heur,9143.489238645934,1.0489284992218018,7393.998197997015,1.212086252973049,16393.58072963385,optimize_single_point_heur,8732.362212654563,11.831692934036255,6368.140483488638,1.0439190449260154,16103.1983380726,optimize_single_point_heur,7543.98516734306,14.234431982040405,6773.647905322357,1.110393225514312,15407.493787775702,optimize_single_point_heur,8009.935520164822,13.9755277633667,4946.592076931154,0.810886897042773,14765.96291731366,optimize_single_point_heur,6290.142115045621,12.020484447479248
2025-11-06 13:44:19,config_spt_area_0.9_hw_0.9_seed_1,inputs/task_graph_topology/soda-benchmark-graphs/pytorch-graphs/squeeze_net_tosa.dot,179,0.9,0.5,1.0,0.9,1,7103.137687612537,13369.617092361264,1.8822128586465536,13369.617092361264,None,7449.6836600951265,0.0,8456.033854121644,1.1904645842454216,19875.731302796485,optimize_random_heur,9687.571617551326,0.6668918132781982,5126.609615197365,0.7217387358459737,11295.819691039202,optimize_swarm_heur,5344.8928597764625,543.7245697975159,6235.398564492344,0.877837209233114,14512.096831239829,optimize_random_heur,6903.612005980543,503.5666356086731,8401.575913434936,1.1827978399020478,19674.30800687202,optimize_single_point_heur,9987.8924129139,1.1159169673919678,8488.20909665683,1.194994306735709,17244.95364839451,optimize_single_point_heur,9733.999179481956,1.0439355373382568,7968.701764996786,1.1218565816193797,19087.2192087408,optimize_single_point_heur,9013.815915397961,12.032003164291382,7640.707700212361,1.075680640900051,17000.975081134195,optimize_single_point_heur,9001.528109864399,14.51654601097107,6840.5275718985795,0.9630289982732653,15840.573844408898,optimize_single_point_heur,7941.841873464431,14.146249294281006,5572.6015208928,0.7845267494407572,15261.543491917473,optimize_single_point_heur,6929.099980390816,13.371407747268677
2025-11-06 13:53:49,config_spt_area_0.9_hw_0.9_seed_2,inputs/task_graph_topology/soda-benchmark-graphs/pytorch-graphs/squeeze_net_tosa.dot,179,0.9,0.5,1.0,0.9,2,6779.073175355862,15532.604595577559,2.29125784510538,15532.604595577559,None,5916.140250351617,0.0,7719.908648123589,1.1387852658366295,19330.8588523626,optimize_random_heur,9227.757064738538,0.6584663391113281,4210.074606859769,0.6210398527876585,10861.43948996444,optimize_swarm_heur,4705.823334298152,525.8557932376862,4802.958449042869,0.708497802694207,11830.133236751655,optimize_random_heur,5281.025889412571,471.44307494163513,7497.4732748150045,1.1059732032500786,18500.285917705503,optimize_single_point_heur,10019.793359794414,1.07466721534729,7633.400460583838,1.1260242017055861,18407.742797795945,optimize_single_point_heur,9416.813647270976,1.0803158283233643,7215.2619063226775,1.0643434168187627,17805.861782472082,optimize_single_point_heur,8671.037999099359,11.13315486907959,6266.3582366911,0.924367988749753,17896.641765573906,optimize_single_point_heur,8126.11037773807,13.952321767807007,6513.166633905841,0.9607753841016677,17461.926323911262,optimize_single_point_heur,7763.772294138915,14.075515508651733,4188.364419838806,0.6178373225214434,14575.75582636223,optimize_single_point_heur,5637.861061496471,12.292933702468872
2025-11-06 13:54:48,config_spt_area_0.9_hw_0.9_seed_3,inputs/task_graph_topology/soda-benchmark-graphs/pytorch-graphs/squeeze_net_tosa.dot,179,0.9,0.5,1.0,0.9,3,6781.9286707166075,12180.457442526407,1.7960167430129235,12180.457442526407,None,6146.583615124041,0.0,7847.2671347947,1.1570848818682022,17734.09079261062,optimize_random_heur,9072.326105219227,0.6671884059906006,4842.835743877091,0.7140794276984598,10765.931680146514,optimize_swarm_heur,5208.497645000984,537.2318413257599,5693.42422919627,0.8394992789852918,13750.146240345555,optimize_random_heur,6515.252582465844,519.8668167591095,7923.652467026664,1.1683479511130597,18198.49489038926,optimize_single_point_heur,9725.271884555623,1.1052289009094238,8025.101197095245,1.1833066354334392,18985.633875104133,optimize_single_point_heur,9813.67667919922,1.1150705814361572,7675.171355343487,1.131709242016032,19063.757699299083,optimize_single_point_heur,9476.567321988356,11.42000126838684,6341.2412179379035,0.9350203350439928,16836.6048000709,optimize_single_point_heur,7269.2004499437135,14.287832975387573,6542.434989441649,0.9646864936357916,16378.541176115548,optimize_single_point_heur,7697.648991811616,14.098942756652832,4990.168624306291,0.7358037612299171,15047.914551651764,optimize_single_point_heur,6168.708067915503,11.467804670333862
2026-03-12 13:02:42,config_resnet_spt_area_0.1_hw_0.1_seed_0,inputs/task_graph_topology/soda-benchmark-graphs/pytorch-graphs/rez_net_tosa.dot,362,0.1,0.5,1.0,0.1,42,1876.8712304770884,30594.28405324899,16.300683582577012,30594.28405324899,None,16202.945647811632,0.0,18496.710503963615,9.855077004543286,18496.710503963615,optimize_random_heur,18496.71050396363,0.26458024978637695,18496.710503963615,9.855077004543286,18496.710503963615,optimize_swarm_heur,18496.71050396363,64.86985850334167,18496.710503963615,9.855077004543286,18496.710503963615,optimize_random_heur,18496.71050396363,332.5454123020172,18496.710503963615,9.855077004543286,18496.710503963615,optimize_single_point_heur,18496.71050396363,0.1330103874206543,18496.710503963615,9.855077004543286,18496.710503963615,optimize_single_point_heur,18496.71050396363,0.12885618209838867,18496.710503963615,9.855077004543286,18496.710503963615,optimize_single_point_heur,18496.71050396363,1.4041039943695068,18496.710503963615,9.855077004543286,18496.710503963615,optimize_single_point_heur,18496.71050396363,5.104770660400391,18496.710503963615,9.855077004543286,18496.710503963615,optimize_single_point_heur,18496.71050396363,4.973437070846558,18496.710503963615,9.855077004543286,18496.710503963615,optimize_single_point_heur,18496.71050396363,3.033134937286377
2026-03-12 13:03:41,config_resnet_spt_area_0.1_hw_0.3_seed_3,inputs/task_graph_topology/soda-benchmark-graphs/pytorch-graphs/rez_net_tosa.dot,362,0.3,0.5,1.0,0.1,42,5629.515000900963,30835.508131350318,5.477471527549943,30835.508131350318,None,16271.662241678145,0.0,18496.710503963615,3.285666793854062,18496.710503963615,optimize_random_heur,18496.71050396363,0.26049351692199707,18496.710503963615,3.285666793854062,18496.710503963615,optimize_swarm_heur,18496.71050396363,64.18452000617981,18496.710503963615,3.285666793854062,18496.710503963615,optimize_random_heur,18496.71050396363,327.6788001060486,18496.710503963615,3.285666793854062,18496.710503963615,optimize_single_point_heur,18496.71050396363,0.13159775733947754,18496.710503963615,3.285666793854062,18496.710503963615,optimize_single_point_heur,18496.71050396363,0.12484073638916016,18496.710503963615,3.285666793854062,18496.710503963615,optimize_single_point_heur,18496.71050396363,1.3862459659576416,18496.710503963615,3.285666793854062,18496.710503963615,optimize_single_point_heur,18496.71050396363,5.0802881717681885,18496.710503963615,3.285666793854062,18496.710503963615,optimize_single_point_heur,18496.71050396363,4.997459173202515,18496.710503963615,3.285666793854062,18496.710503963615,optimize_single_point_heur,18496.71050396363,3.035311460494995
2026-03-12 13:03:43,config_resnet_spt_area_0.1_hw_0.3_seed_2,inputs/task_graph_topology/soda-benchmark-graphs/pytorch-graphs/rez_net_tosa.dot,362,0.3,0.5,1.0,0.1,42,5629.515000900963,30835.508131350318,5.477471527549943,30835.508131350318,None,16271.662241678145,0.0,18496.710503963615,3.285666793854062,18496.710503963615,optimize_random_heur,18496.71050396363,0.25935912132263184,18496.710503963615,3.285666793854062,18496.710503963615,optimize_swarm_heur,18496.71050396363,63.13160300254822,18496.710503963615,3.285666793854062,18496.710503963615,optimize_random_heur,18496.71050396363,329.1900517940521,18496.710503963615,3.285666793854062,18496.710503963615,optimize_single_point_heur,18496.71050396363,0.13188767433166504,18496.710503963615,3.285666793854062,18496.710503963615,optimize_single_point_heur,18496.71050396363,0.1236569881439209,18496.710503963615,3.285666793854062,18496.710503963615,optimize_single_point_heur,18496.71050396363,1.3875889778137207,18496.710503963615,3.285666793854062,18496.710503963615,optimize_single_point_heur,18496.71050396363,5.0741868019104,18496.710503963615,3.285666793854062,18496.710503963615,optimize_single_point_heur,18496.71050396363,4.9838786125183105,18496.710503963615,3.285666793854062,18496.710503963615,optimize_single_point_heur,18496.71050396363,2.994260549545288
2026-03-12 13:03:53,config_resnet_spt_area_0.1_hw_0.3_seed_1,inputs/task_graph_topology/soda-benchmark-graphs/pytorch-graphs/rez_net_tosa.dot,362,0.3,0.5,1.0,0.1,42,5629.515000900963,30835.508131350318,5.477471527549943,30835.508131350318,None,16271.662241678145,0.0,18496.710503963615,3.285666793854062,18496.710503963615,optimize_random_heur,18496.71050396363,0.2756037712097168,18496.710503963615,3.285666793854062,18496.710503963615,optimize_swarm_heur,18496.71050396363,62.86331868171692,18496.710503963615,3.285666793854062,18496.710503963615,optimize_random_heur,18496.71050396363,340.3446316719055,18496.710503963615,3.285666793854062,18496.710503963615,optimize_single_point_heur,18496.71050396363,0.12943768501281738,18496.710503963615,3.285666793854062,18496.710503963615,optimize_single_point_heur,18496.71050396363,0.12386345863342285,18496.710503963615,3.285666793854062,18496.710503963615,optimize_single_point_heur,18496.71050396363,1.3693766593933105,18496.710503963615,3.285666793854062,18496.710503963615,optimize_single_point_heur,18496.71050396363,4.9560935497283936,18496.710503963615,3.285666793854062,18496.710503963615,optimize_single_point_heur,18496.71050396363,4.835348606109619,18496.710503963615,3.285666793854062,18496.710503963615,optimize_single_point_heur,18496.71050396363,3.0120794773101807
2026-03-12 13:04:05,config_resnet_spt_area_0.1_hw_0.1_seed_1,inputs/task_graph_topology/soda-benchmark-graphs/pytorch-graphs/rez_net_tosa.dot,362,0.1,0.5,1.0,0.1,42,1876.8712304770884,30594.28405324899,16.300683582577012,30594.28405324899,None,16202.945647811632,0.0,18496.710503963615,9.855077004543286,18496.710503963615,optimize_random_heur,18496.71050396363,0.2709364891052246,18496.710503963615,9.855077004543286,18496.710503963615,optimize_swarm_heur,18496.71050396363,66.36935234069824,18496.710503963615,9.855077004543286,18496.710503963615,optimize_random_heur,18496.71050396363,347.63650250434875,18496.710503963615,9.855077004543286,18496.710503963615,optimize_single_point_heur,18496.71050396363,0.13507342338562012,18496.710503963615,9.855077004543286,18496.710503963615,optimize_single_point_heur,18496.71050396363,0.12887883186340332,18496.710503963615,9.855077004543286,18496.710503963615,optimize_single_point_heur,18496.71050396363,1.446396827697754,18496.710503963615,9.855077004543286,18496.710503963615,optimize_single_point_heur,18496.71050396363,5.245092868804932,18496.710503963615,9.855077004543286,18496.710503963615,optimize_single_point_heur,18496.71050396363,5.082905530929565,18496.710503963615,9.855077004543286,18496.710503963615,optimize_single_point_heur,18496.71050396363,3.1757287979125977
2026-03-12 13:04:18,config_resnet_spt_area_0.1_hw_0.3_seed_0,inputs/task_graph_topology/soda-benchmark-graphs/pytorch-graphs/rez_net_tosa.dot,362,0.3,0.5,1.0,0.1,42,5629.515000900963,30835.508131350318,5.477471527549943,30835.508131350318,None,16271.662241678145,0.0,18496.710503963615,3.285666793854062,18496.710503963615,optimize_random_heur,18496.71050396363,0.2820014953613281,18496.710503963615,3.285666793854062,18496.710503963615,optimize_swarm_heur,18496.71050396363,69.73289322853088,18496.710503963615,3.285666793854062,18496.710503963615,optimize_random_heur,18496.71050396363,355.5413222312927,18496.710503963615,3.285666793854062,18496.710503963615,optimize_single_point_heur,18496.71050396363,0.14188480377197266,18496.710503963615,3.285666793854062,18496.710503963615,optimize_single_point_heur,18496.71050396363,0.13686490058898926,18496.710503963615,3.285666793854062,18496.710503963615,optimize_single_point_heur,18496.71050396363,1.514253854751587,18496.710503963615,3.285666793854062,18496.710503963615,optimize_single_point_heur,18496.71050396363,5.446940660476685,18496.710503963615,3.285666793854062,18496.710503963615,optimize_single_point_heur,18496.71050396363,5.300963878631592,18496.710503963615,3.285666793854062,18496.710503963615,optimize_single_point_heur,18496.71050396363,3.3136394023895264
2026-03-12 13:04:19,config_resnet_spt_area_0.1_hw_0.1_seed_3,inputs/task_graph_topology/soda-benchmark-graphs/pytorch-graphs/rez_net_tosa.dot,362,0.1,0.5,1.0,0.1,42,1876.8712304770884,30594.28405324899,16.300683582577012,30594.28405324899,None,16202.945647811632,0.0,18496.710503963615,9.855077004543286,18496.710503963615,optimize_random_heur,18496.71050396363,0.2763633728027344,18496.710503963615,9.855077004543286,18496.710503963615,optimize_swarm_heur,18496.71050396363,70.27630877494812,18496.710503963615,9.855077004543286,18496.710503963615,optimize_random_heur,18496.71050396363,356.2785897254944,18496.710503963615,9.855077004543286,18496.710503963615,optimize_single_point_heur,18496.71050396363,0.14045214653015137,18496.710503963615,9.855077004543286,18496.710503963615,optimize_single_point_heur,18496.71050396363,0.13864445686340332,18496.710503963615,9.855077004543286,18496.710503963615,optimize_single_point_heur,18496.71050396363,1.4881978034973145,18496.710503963615,9.855077004543286,18496.710503963615,optimize_single_point_heur,18496.71050396363,5.584503412246704,18496.710503963615,9.855077004543286,18496.710503963615,optimize_single_point_heur,18496.71050396363,5.404980897903442,18496.710503963615,9.855077004543286,18496.710503963615,optimize_single_point_heur,18496.71050396363,3.412099599838257
2026-03-12 13:04:22,config_resnet_spt_area_0.1_hw_0.7_seed_0,inputs/task_graph_topology/soda-benchmark-graphs/pytorch-graphs/rez_net_tosa.dot,362,0.7,0.5,1.0,0.1,42,12459.889958209249,29220.939136421268,2.34520041785513,29220.939136421268,None,17838.26283700595,0.0,18496.710503963615,1.4845003098744851,18496.710503963615,optimize_random_heur,18496.71050396363,0.2673685550689697,18496.710503963615,1.4845003098744851,18496.710503963615,optimize_swarm_heur,18496.71050396363,64.34774565696716,18496.710503963615,1.4845003098744851,18496.710503963615,optimize_random_heur,18496.71050396363,330.6741626262665,18496.710503963615,1.4845003098744851,18496.710503963615,optimize_single_point_heur,18496.71050396363,0.13367819786071777,18496.710503963615,1.4845003098744851,18496.710503963615,optimize_single_point_heur,18496.71050396363,0.12701725959777832,18496.710503963615,1.4845003098744851,18496.710503963615,optimize_single_point_heur,18496.71050396363,1.3826172351837158,18496.710503963615,1.4845003098744851,18496.710503963615,optimize_single_point_heur,18496.71050396363,5.159177780151367,18496.710503963615,1.4845003098744851,18496.710503963615,optimize_single_point_heur,18496.71050396363,5.088700771331787,18496.710503963615,1.4845003098744851,18496.710503963615,optimize_single_point_heur,18496.71050396363,3.457930564880371
2026-03-12 13:04:27,config_resnet_spt_area_0.1_hw_0.5_seed_3,inputs/task_graph_topology/soda-benchmark-graphs/pytorch-graphs/rez_net_tosa.dot,362,0.5,0.5,1.0,0.1,42,9311.942737816993,30778.248632303465,3.3052446196118725,30778.248632303465,None,17518.601204738097,0.0,18496.710503963615,1.986342809953728,18496.710503963615,optimize_random_heur,18496.71050396363,0.2692251205444336,18496.710503963615,1.986342809953728,18496.710503963615,optimize_swarm_heur,18496.71050396363,64.39322781562805,18496.710503963615,1.986342809953728,18496.710503963615,optimize_random_heur,18496.71050396363,339.1495683193207,18496.710503963615,1.986342809953728,18496.710503963615,optimize_single_point_heur,18496.71050396363,0.13226008415222168,18496.710503963615,1.986342809953728,18496.710503963615,optimize_single_point_heur,18496.71050396363,0.12581276893615723,18496.710503963615,1.986342809953728,18496.710503963615,optimize_single_point_heur,18496.71050396363,1.3727679252624512,18496.710503963615,1.986342809953728,18496.710503963615,optimize_single_point_heur,18496.71050396363,5.30130410194397,18496.710503963615,1.986342809953728,18496.710503963615,optimize_single_point_heur,18496.71050396363,5.166684865951538,18496.710503963615,1.986342809953728,18496.710503963615,optimize_single_point_heur,18496.71050396363,3.0270426273345947
2026-03-12 13:04:38,config_resnet_spt_area_0.1_hw_0.5_seed_1,inputs/task_graph_topology/soda-benchmark-graphs/pytorch-graphs/rez_net_tosa.dot,362,0.5,0.5,1.0,0.1,42,9311.942737816993,30778.248632303465,3.3052446196118725,30778.248632303465,None,17518.601204738097,0.0,18496.710503963615,1.986342809953728,18496.710503963615,optimize_random_heur,18496.71050396363,0.27553296089172363,18496.710503963615,1.986342809953728,18496.710503963615,optimize_swarm_heur,18496.71050396363,66.79444813728333,18496.710503963615,1.986342809953728,18496.710503963615,optimize_random_heur,18496.71050396363,345.1029770374298,18496.710503963615,1.986342809953728,18496.710503963615,optimize_single_point_heur,18496.71050396363,0.13355684280395508,18496.710503963615,1.986342809953728,18496.710503963615,optimize_single_point_heur,18496.71050396363,0.12609219551086426,18496.710503963615,1.986342809953728,18496.710503963615,optimize_single_point_heur,18496.71050396363,1.4100627899169922,18496.710503963615,1.986342809953728,18496.710503963615,optimize_single_point_heur,18496.71050396363,5.2779271602630615,18496.710503963615,1.986342809953728,18496.710503963615,optimize_single_point_heur,18496.71050396363,5.124994277954102,18496.710503963615,1.986342809953728,18496.710503963615,optimize_single_point_heur,18496.71050396363,3.1180167198181152
2026-03-12 13:04:51,config_resnet_spt_area_0.1_hw_0.5_seed_2,inputs/task_graph_topology/soda-benchmark-graphs/pytorch-graphs/rez_net_tosa.dot,362,0.5,0.5,1.0,0.1,42,9311.942737816993,30778.248632303465,3.3052446196118725,30778.248632303465,None,17518.601204738097,0.0,18496.710503963615,1.986342809953728,18496.710503963615,optimize_random_heur,18496.71050396363,0.27166056632995605,18496.710503963615,1.986342809953728,18496.710503963615,optimize_swarm_heur,18496.71050396363,70.13645648956299,18496.710503963615,1.986342809953728,18496.710503963615,optimize_random_heur,18496.71050396363,355.04355120658875,18496.710503963615,1.986342809953728,18496.710503963615,optimize_single_point_heur,18496.71050396363,0.14078187942504883,18496.710503963615,1.986342809953728,18496.710503963615,optimize_single_point_heur,18496.71050396363,0.134354829788208,18496.710503963615,1.986342809953728,18496.710503963615,optimize_single_point_heur,18496.71050396363,1.4861929416656494,18496.710503963615,1.986342809953728,18496.710503963615,optimize_single_point_heur,18496.71050396363,5.3914172649383545,18496.710503963615,1.986342809953728,18496.710503963615,optimize_single_point_heur,18496.71050396363,5.271069765090942,18496.710503963615,1.986342809953728,18496.710503963615,optimize_single_point_heur,18496.71050396363,3.2808432579040527
2026-03-12 13:04:55,config_resnet_spt_area_0.1_hw_0.7_seed_1,inputs/task_graph_topology/soda-benchmark-graphs/pytorch-graphs/rez_net_tosa.dot,362,0.7,0.5,1.0,0.1,42,12459.889958209249,29220.939136421268,2.34520041785513,29220.939136421268,None,17838.26283700595,0.0,18496.710503963615,1.4845003098744851,18496.710503963615,optimize_random_heur,18496.71050396363,0.2672388553619385,18496.710503963615,1.4845003098744851,18496.710503963615,optimize_swarm_heur,18496.71050396363,63.04549694061279,18496.710503963615,1.4845003098744851,18496.710503963615,optimize_random_heur,18496.71050396363,335.06877875328064,18496.710503963615,1.4845003098744851,18496.710503963615,optimize_single_point_heur,18496.71050396363,0.13009381294250488,18496.710503963615,1.4845003098744851,18496.710503963615,optimize_single_point_heur,18496.71050396363,0.12073516845703125,18496.710503963615,1.4845003098744851,18496.710503963615,optimize_single_point_heur,18496.71050396363,1.3371596336364746,18496.710503963615,1.4845003098744851,18496.710503963615,optimize_single_point_heur,18496.71050396363,4.853574991226196,18496.710503963615,1.4845003098744851,18496.710503963615,optimize_single_point_heur,18496.71050396363,4.732527256011963,18496.710503963615,1.4845003098744851,18496.710503963615,optimize_single_point_heur,18496.71050396363,3.033628463745117
2026-03-12 13:05:07,config_resnet_spt_area_0.1_hw_0.5_seed_0,inputs/task_graph_topology/soda-benchmark-graphs/pytorch-graphs/rez_net_tosa.dot,362,0.5,0.5,1.0,0.1,42,9311.942737816993,30778.248632303465,3.3052446196118725,30778.248632303465,None,17518.601204738097,0.0,18496.710503963615,1.986342809953728,18496.710503963615,optimize_random_heur,18496.71050396363,0.2870206832885742,18496.710503963615,1.986342809953728,18496.710503963615,optimize_swarm_heur,18496.71050396363,69.17379474639893,18496.710503963615,1.986342809953728,18496.710503963615,optimize_random_heur,18496.71050396363,371.90647649765015,18496.710503963615,1.986342809953728,18496.710503963615,optimize_single_point_heur,18496.71050396363,0.1404716968536377,18496.710503963615,1.986342809953728,18496.710503963615,optimize_single_point_heur,18496.71050396363,0.1329488754272461,18496.710503963615,1.986342809953728,18496.710503963615,optimize_single_point_heur,18496.71050396363,1.5049188137054443,18496.710503963615,1.986342809953728,18496.710503963615,optimize_single_point_heur,18496.71050396363,5.387526035308838,18496.710503963615,1.986342809953728,18496.710503963615,optimize_single_point_heur,18496.71050396363,5.362151861190796,18496.710503963615,1.986342809953728,18496.710503963615,optimize_single_point_heur,18496.71050396363,3.4024856090545654
2026-03-12 13:05:32,config_resnet_spt_area_0.1_hw_0.1_seed_2,inputs/task_graph_topology/soda-benchmark-graphs/pytorch-graphs/rez_net_tosa.dot,362,0.1,0.5,1.0,0.1,42,1876.8712304770884,30594.28405324899,16.300683582577012,30594.28405324899,None,16202.945647811632,0.0,18496.710503963615,9.855077004543286,18496.710503963615,optimize_random_heur,18496.71050396363,0.33136630058288574,18496.710503963615,9.855077004543286,18496.710503963615,optimize_swarm_heur,18496.71050396363,82.33638381958008,18496.710503963615,9.855077004543286,18496.710503963615,optimize_random_heur,18496.71050396363,413.25125217437744,18496.710503963615,9.855077004543286,18496.710503963615,optimize_single_point_heur,18496.71050396363,0.17384004592895508,18496.710503963615,9.855077004543286,18496.710503963615,optimize_single_point_heur,18496.71050396363,0.17208647727966309,18496.710503963615,9.855077004543286,18496.710503963615,optimize_single_point_heur,18496.71050396363,1.8226473331451416,18496.710503963615,9.855077004543286,18496.710503963615,optimize_single_point_heur,18496.71050396363,6.19815468788147,18496.710503963615,9.855077004543286,18496.710503963615,optimize_single_point_heur,18496.71050396363,5.902102947235107,18496.710503963615,9.855077004543286,18496.710503963615,optimize_single_point_heur,18496.71050396363,3.6231887340545654
2026-03-12 13:06:15,config_resnet_spt_area_0.1_hw_0.7_seed_3,inputs/task_graph_topology/soda-benchmark-graphs/pytorch-graphs/rez_net_tosa.dot,362,0.7,0.5,1.0,0.1,42,12459.889958209249,29220.939136421268,2.34520041785513,29220.939136421268,None,17838.26283700595,0.0,18496.710503963615,1.4845003098744851,18496.710503963615,optimize_random_heur,18496.71050396363,0.2795839309692383,18496.710503963615,1.4845003098744851,18496.710503963615,optimize_swarm_heur,18496.71050396363,68.15956687927246,18496.710503963615,1.4845003098744851,18496.710503963615,optimize_random_heur,18496.71050396363,359.07855319976807,18496.710503963615,1.4845003098744851,18496.710503963615,optimize_single_point_heur,18496.71050396363,0.1386876106262207,18496.710503963615,1.4845003098744851,18496.710503963615,optimize_single_point_heur,18496.71050396363,0.13509607315063477,18496.710503963615,1.4845003098744851,18496.710503963615,optimize_single_point_heur,18496.71050396363,1.4854528903961182,18496.710503963615,1.4845003098744851,18496.710503963615,optimize_single_point_heur,18496.71050396363,5.4206318855285645,18496.710503963615,1.4845003098744851,18496.710503963615,optimize_single_point_heur,18496.71050396363,5.304057598114014,18496.710503963615,1.4845003098744851,18496.710503963615,optimize_single_point_heur,18496.71050396363,3.3740251064300537
2026-03-12 13:06:25,config_resnet_spt_area_0.1_hw_0.7_seed_2,inputs/task_graph_topology/soda-benchmark-graphs/pytorch-graphs/rez_net_tosa.dot,362,0.7,0.5,1.0,0.1,42,12459.889958209249,29220.939136421268,2.34520041785513,29220.939136421268,None,17838.26283700595,0.0,18496.710503963615,1.4845003098744851,18496.710503963615,optimize_random_heur,18496.71050396363,0.2973318099975586,18496.710503963615,1.4845003098744851,18496.710503963615,optimize_swarm_heur,18496.71050396363,69.03349280357361,18496.710503963615,1.4845003098744851,18496.710503963615,optimize_random_heur,18496.71050396363,368.2989492416382,18496.710503963615,1.4845003098744851,18496.710503963615,optimize_single_point_heur,18496.71050396363,0.1395571231842041,18496.710503963615,1.4845003098744851,18496.710503963615,optimize_single_point_heur,18496.71050396363,0.1343989372253418,18496.710503963615,1.4845003098744851,18496.710503963615,optimize_single_point_heur,18496.71050396363,1.5077884197235107,18496.710503963615,1.4845003098744851,18496.710503963615,optimize_single_point_heur,18496.71050396363,5.417820453643799,18496.710503963615,1.4845003098744851,18496.710503963615,optimize_single_point_heur,18496.71050396363,5.262418031692505,18496.710503963615,1.4845003098744851,18496.710503963615,optimize_single_point_heur,18496.71050396363,3.2659947872161865
2026-03-12 13:09:13,config_resnet_spt_area_0.1_hw_0.9_seed_0,inputs/task_graph_topology/soda-benchmark-graphs/pytorch-graphs/rez_net_tosa.dot,362,0.9,0.5,1.0,0.1,42,14476.759981256146,27985.767379952402,1.9331513001657215,27985.767379952402,None,17604.860229538426,0.0,18496.710503963615,1.277683026306461,18496.710503963615,optimize_random_heur,18496.71050396363,0.30553412437438965,18496.710503963615,1.277683026306461,18496.710503963615,optimize_swarm_heur,18496.71050396363,78.20118451118469,18496.710503963615,1.277683026306461,18496.710503963615,optimize_random_heur,18496.71050396363,403.6893274784088,18496.710503963615,1.277683026306461,18496.710503963615,optimize_single_point_heur,18496.71050396363,0.1578681468963623,18496.710503963615,1.277683026306461,18496.710503963615,optimize_single_point_heur,18496.71050396363,0.15452075004577637,18496.710503963615,1.277683026306461,18496.710503963615,optimize_single_point_heur,18496.71050396363,1.7083349227905273,18496.710503963615,1.277683026306461,18496.710503963615,optimize_single_point_heur,18496.71050396363,6.2071757316589355,18496.710503963615,1.277683026306461,18496.710503963615,optimize_single_point_heur,18496.71050396363,6.165095090866089,18496.710503963615,1.277683026306461,18496.710503963615,optimize_single_point_heur,18496.71050396363,3.678734540939331
2026-03-12 13:10:38,config_resnet_spt_area_0.1_hw_0.9_seed_1,inputs/task_graph_topology/soda-benchmark-graphs/pytorch-graphs/rez_net_tosa.dot,362,0.9,0.5,1.0,0.1,42,14476.759981256146,27985.767379952402,1.9331513001657215,27985.767379952402,None,17604.860229538426,0.0,18496.710503963615,1.277683026306461,18496.710503963615,optimize_random_heur,18496.71050396363,0.27294135093688965,18496.710503963615,1.277683026306461,18496.710503963615,optimize_swarm_heur,18496.71050396363,69.1302182674408,18496.710503963615,1.277683026306461,18496.710503963615,optimize_random_heur,18496.71050396363,354.28730940818787,18496.710503963615,1.277683026306461,18496.710503963615,optimize_single_point_heur,18496.71050396363,0.14135336875915527,18496.710503963615,1.277683026306461,18496.710503963615,optimize_single_point_heur,18496.71050396363,0.1346445083618164,18496.710503963615,1.277683026306461,18496.710503963615,optimize_single_point_heur,18496.71050396363,1.5253028869628906,18496.710503963615,1.277683026306461,18496.710503963615,optimize_single_point_heur,18496.71050396363,5.470675468444824,18496.710503963615,1.277683026306461,18496.710503963615,optimize_single_point_heur,18496.71050396363,5.2626402378082275,18496.710503963615,1.277683026306461,18496.710503963615,optimize_single_point_heur,18496.71050396363,3.2997519969940186
2026-03-12 13:11:20,config_resnet_spt_area_0.1_hw_0.9_seed_3,inputs/task_graph_topology/soda-benchmark-graphs/pytorch-graphs/rez_net_tosa.dot,362,0.9,0.5,1.0,0.1,42,14476.759981256146,27985.767379952402,1.9331513001657215,27985.767379952402,None,17604.860229538426,0.0,18496.710503963615,1.277683026306461,18496.710503963615,optimize_random_heur,18496.71050396363,0.2648961544036865,18496.710503963615,1.277683026306461,18496.710503963615,optimize_swarm_heur,18496.71050396363,63.88335466384888,18496.710503963615,1.277683026306461,18496.710503963615,optimize_random_heur,18496.71050396363,331.1087255477905,18496.710503963615,1.277683026306461,18496.710503963615,optimize_single_point_heur,18496.71050396363,0.13277888298034668,18496.710503963615,1.277683026306461,18496.710503963615,optimize_single_point_heur,18496.71050396363,0.12599515914916992,18496.710503963615,1.277683026306461,18496.710503963615,optimize_single_point_heur,18496.71050396363,1.396904468536377,18496.710503963615,1.277683026306461,18496.710503963615,optimize_single_point_heur,18496.71050396363,5.146760702133179,18496.710503963615,1.277683026306461,18496.710503963615,optimize_single_point_heur,18496.71050396363,4.993245601654053,18496.710503963615,1.277683026306461,18496.710503963615,optimize_single_point_heur,18496.71050396363,3.0326879024505615
2026-03-12 13:11:40,config_resnet_spt_area_0.1_hw_0.9_seed_2,inputs/task_graph_topology/soda-benchmark-graphs/pytorch-graphs/rez_net_tosa.dot,362,0.9,0.5,1.0,0.1,42,14476.759981256146,27985.767379952402,1.9331513001657215,27985.767379952402,None,17604.860229538426,0.0,18496.710503963615,1.277683026306461,18496.710503963615,optimize_random_heur,18496.71050396363,0.277860164642334,18496.710503963615,1.277683026306461,18496.710503963615,optimize_swarm_heur,18496.71050396363,67.84672236442566,18496.710503963615,1.277683026306461,18496.710503963615,optimize_random_heur,18496.71050396363,348.7967884540558,18496.710503963615,1.277683026306461,18496.710503963615,optimize_single_point_heur,18496.71050396363,0.13318085670471191,18496.710503963615,1.277683026306461,18496.710503963615,optimize_single_point_heur,18496.71050396363,0.1284034252166748,18496.710503963615,1.277683026306461,18496.710503963615,optimize_single_point_heur,18496.71050396363,1.434067726135254,18496.710503963615,1.277683026306461,18496.710503963615,optimize_single_point_heur,18496.71050396363,5.275290250778198,18496.710503963615,1.277683026306461,18496.710503963615,optimize_single_point_heur,18496.71050396363,5.099886894226074,18496.710503963615,1.277683026306461,18496.710503963615,optimize_single_point_heur,18496.71050396363,3.204176902770996
2026-03-12 13:16:51,config_resnet_spt_area_0.3_hw_0.1_seed_1,inputs/task_graph_topology/soda-benchmark-graphs/pytorch-graphs/rez_net_tosa.dot,362,0.1,0.5,1.0,0.3,42,1876.8712304770884,31378.775410438444,16.718661835134082,31378.775410438444,None,14289.160633129684,0.0,18496.710503963615,9.855077004543286,18496.710503963615,optimize_random_heur,18496.71050396363,0.2616407871246338,8954.34623545202,4.7708900270030155,20571.868952795725,optimize_swarm_heur,17390.281017968748,400.59684705734253,18496.710503963615,9.855077004543286,18496.710503963615,optimize_random_heur,18496.71050396363,329.2677628993988,18496.710503963615,9.855077004543286,18496.710503963615,optimize_single_point_heur,18496.71050396363,0.1291351318359375,18496.710503963615,9.855077004543286,18496.710503963615,optimize_single_point_heur,18496.71050396363,0.12220954895019531,18496.710503963615,9.855077004543286,18496.710503963615,optimize_single_point_heur,18496.71050396363,1.333432674407959,18496.710503963615,9.855077004543286,18496.710503963615,optimize_single_point_heur,18496.71050396363,5.06305718421936,18496.710503963615,9.855077004543286,18496.710503963615,optimize_single_point_heur,18496.71050396363,4.912027597427368,18496.710503963615,9.855077004543286,18496.710503963615,optimize_single_point_heur,18496.71050396363,2.93692684173584
2026-03-12 13:17:11,config_resnet_spt_area_0.3_hw_0.1_seed_0,inputs/task_graph_topology/soda-benchmark-graphs/pytorch-graphs/rez_net_tosa.dot,362,0.1,0.5,1.0,0.3,42,1876.8712304770884,31378.775410438444,16.718661835134082,31378.775410438444,None,14289.160633129684,0.0,18496.710503963615,9.855077004543286,18496.710503963615,optimize_random_heur,18496.71050396363,0.2745182514190674,8954.34623545202,4.7708900270030155,20571.868952795725,optimize_swarm_heur,17390.281017968748,402.7230634689331,18496.710503963615,9.855077004543286,18496.710503963615,optimize_random_heur,18496.71050396363,344.01307821273804,18496.710503963615,9.855077004543286,18496.710503963615,optimize_single_point_heur,18496.71050396363,0.127638578414917,18496.710503963615,9.855077004543286,18496.710503963615,optimize_single_point_heur,18496.71050396363,0.12125253677368164,18496.710503963615,9.855077004543286,18496.710503963615,optimize_single_point_heur,18496.71050396363,1.3401455879211426,18496.710503963615,9.855077004543286,18496.710503963615,optimize_single_point_heur,18496.71050396363,5.03293514251709,18496.710503963615,9.855077004543286,18496.710503963615,optimize_single_point_heur,18496.71050396363,4.921475648880005,18496.710503963615,9.855077004543286,18496.710503963615,optimize_single_point_heur,18496.71050396363,2.9369304180145264
2026-03-12 13:17:19,config_resnet_spt_area_0.3_hw_0.5_seed_1,inputs/task_graph_topology/soda-benchmark-graphs/pytorch-graphs/rez_net_tosa.dot,362,0.5,0.5,1.0,0.3,42,9311.942737816993,34761.444632615894,3.732995961352427,34761.444632615894,None,16006.478586912192,0.0,18496.710503963615,1.986342809953728,18496.710503963615,optimize_random_heur,18496.71050396363,0.2664620876312256,9075.882281400782,0.9746497091893038,20160.589867572235,optimize_swarm_heur,17392.845007911903,365.76909732818604,18496.710503963615,1.986342809953728,18496.710503963615,optimize_random_heur,18496.71050396363,336.90413069725037,18496.710503963615,1.986342809953728,18496.710503963615,optimize_single_point_heur,18496.71050396363,0.1339273452758789,18496.710503963615,1.986342809953728,18496.710503963615,optimize_single_point_heur,18496.71050396363,0.12870144844055176,18496.710503963615,1.986342809953728,18496.710503963615,optimize_single_point_heur,18496.71050396363,1.4133899211883545,18496.710503963615,1.986342809953728,18496.710503963615,optimize_single_point_heur,18496.71050396363,5.039699077606201,18496.710503963615,1.986342809953728,18496.710503963615,optimize_single_point_heur,18496.71050396363,4.94867205619812,18496.710503963615,1.986342809953728,18496.710503963615,optimize_single_point_heur,18496.71050396363,3.0407838821411133
2026-03-12 13:17:33,config_resnet_spt_area_0.3_hw_0.5_seed_0,inputs/task_graph_topology/soda-benchmark-graphs/pytorch-graphs/rez_net_tosa.dot,362,0.5,0.5,1.0,0.3,42,9311.942737816993,34761.444632615894,3.732995961352427,34761.444632615894,None,16006.478586912192,0.0,18496.710503963615,1.986342809953728,18496.710503963615,optimize_random_heur,18496.71050396363,0.27503037452697754,9075.882281400782,0.9746497091893038,20160.589867572235,optimize_swarm_heur,17392.845007911903,371.9827082157135,18496.710503963615,1.986342809953728,18496.710503963615,optimize_random_heur,18496.71050396363,344.1273739337921,18496.710503963615,1.986342809953728,18496.710503963615,optimize_single_point_heur,18496.71050396363,0.13384175300598145,18496.710503963615,1.986342809953728,18496.710503963615,optimize_single_point_heur,18496.71050396363,0.12661528587341309,18496.710503963615,1.986342809953728,18496.710503963615,optimize_single_point_heur,18496.71050396363,1.3974428176879883,18496.710503963615,1.986342809953728,18496.710503963615,optimize_single_point_heur,18496.71050396363,5.2319231033325195,18496.710503963615,1.986342809953728,18496.710503963615,optimize_single_point_heur,18496.71050396363,5.120544195175171,18496.710503963615,1.986342809953728,18496.710503963615,optimize_single_point_heur,18496.71050396363,3.024927854537964
2026-03-12 13:17:48,config_resnet_spt_area_0.3_hw_0.1_seed_2,inputs/task_graph_topology/soda-benchmark-graphs/pytorch-graphs/rez_net_tosa.dot,362,0.1,0.5,1.0,0.3,42,1876.8712304770884,31378.775410438444,16.718661835134082,31378.775410438444,None,14289.160633129684,0.0,18496.710503963615,9.855077004543286,18496.710503963615,optimize_random_heur,18496.71050396363,0.26421189308166504,8954.34623545202,4.7708900270030155,20571.868952795725,optimize_swarm_heur,17390.281017968748,396.4939501285553,18496.710503963615,9.855077004543286,18496.710503963615,optimize_random_heur,18496.71050396363,331.3727967739105,18496.710503963615,9.855077004543286,18496.710503963615,optimize_single_point_heur,18496.71050396363,0.12901544570922852,18496.710503963615,9.855077004543286,18496.710503963615,optimize_single_point_heur,18496.71050396363,0.12086057662963867,18496.710503963615,9.855077004543286,18496.710503963615,optimize_single_point_heur,18496.71050396363,1.3513126373291016,18496.710503963615,9.855077004543286,18496.710503963615,optimize_single_point_heur,18496.71050396363,4.874258756637573,18496.710503963615,9.855077004543286,18496.710503963615,optimize_single_point_heur,18496.71050396363,4.794358730316162,18496.710503963615,9.855077004543286,18496.710503963615,optimize_single_point_heur,18496.71050396363,3.090163230895996
2026-03-12 13:18:01,config_resnet_spt_area_0.3_hw_0.3_seed_3,inputs/task_graph_topology/soda-benchmark-graphs/pytorch-graphs/rez_net_tosa.dot,362,0.3,0.5,1.0,0.3,42,5629.515000900963,35167.262427798014,6.246943550584686,35167.262427798014,None,15932.151430781709,0.0,18496.710503963615,3.285666793854062,18496.710503963615,optimize_random_heur,18496.71050396363,0.26017045974731445,8907.569768851376,1.5822979008717062,21658.258863158655,optimize_swarm_heur,17148.759660485142,410.17394757270813,18496.710503963615,3.285666793854062,18496.710503963615,optimize_random_heur,18496.71050396363,330.5928747653961,18496.710503963615,3.285666793854062,18496.710503963615,optimize_single_point_heur,18496.71050396363,0.13351726531982422,18496.710503963615,3.285666793854062,18496.710503963615,optimize_single_point_heur,18496.71050396363,0.12610292434692383,18496.710503963615,3.285666793854062,18496.710503963615,optimize_single_point_heur,18496.71050396363,1.389404535293579,18496.710503963615,3.285666793854062,18496.710503963615,optimize_single_point_heur,18496.71050396363,5.089772462844849,18496.710503963615,3.285666793854062,18496.710503963615,optimize_single_point_heur,18496.71050396363,4.931344509124756,18496.710503963615,3.285666793854062,18496.710503963615,optimize_single_point_heur,18496.71050396363,3.0309553146362305
2026-03-12 13:18:27,config_resnet_spt_area_0.3_hw_0.3_seed_1,inputs/task_graph_topology/soda-benchmark-graphs/pytorch-graphs/rez_net_tosa.dot,362,0.3,0.5,1.0,0.3,42,5629.515000900963,35167.262427798014,6.246943550584686,35167.262427798014,None,15932.151430781709,0.0,18496.710503963615,3.285666793854062,18496.710503963615,optimize_random_heur,18496.71050396363,0.2786557674407959,8907.569768851376,1.5822979008717062,21658.258863158655,optimize_swarm_heur,17148.759660485142,415.05834007263184,18496.710503963615,3.285666793854062,18496.710503963615,optimize_random_heur,18496.71050396363,353.436803817749,18496.710503963615,3.285666793854062,18496.710503963615,optimize_single_point_heur,18496.71050396363,0.13274669647216797,18496.710503963615,3.285666793854062,18496.710503963615,optimize_single_point_heur,18496.71050396363,0.1277472972869873,18496.710503963615,3.285666793854062,18496.710503963615,optimize_single_point_heur,18496.71050396363,1.4340453147888184,18496.710503963615,3.285666793854062,18496.710503963615,optimize_single_point_heur,18496.71050396363,5.204184532165527,18496.710503963615,3.285666793854062,18496.710503963615,optimize_single_point_heur,18496.71050396363,5.050516366958618,18496.710503963615,3.285666793854062,18496.710503963615,optimize_single_point_heur,18496.71050396363,3.116607666015625
2026-03-12 13:18:40,config_resnet_spt_area_0.3_hw_0.3_seed_0,inputs/task_graph_topology/soda-benchmark-graphs/pytorch-graphs/rez_net_tosa.dot,362,0.3,0.5,1.0,0.3,42,5629.515000900963,35167.262427798014,6.246943550584686,35167.262427798014,None,15932.151430781709,0.0,18496.710503963615,3.285666793854062,18496.710503963615,optimize_random_heur,18496.71050396363,0.2783517837524414,8907.569768851376,1.5822979008717062,21658.258863158655,optimize_swarm_heur,17148.759660485142,429.2019441127777,18496.710503963615,3.285666793854062,18496.710503963615,optimize_random_heur,18496.71050396363,351.95362281799316,18496.710503963615,3.285666793854062,18496.710503963615,optimize_single_point_heur,18496.71050396363,0.13701295852661133,18496.710503963615,3.285666793854062,18496.710503963615,optimize_single_point_heur,18496.71050396363,0.13329362869262695,18496.710503963615,3.285666793854062,18496.710503963615,optimize_single_point_heur,18496.71050396363,1.476661205291748,18496.710503963615,3.285666793854062,18496.710503963615,optimize_single_point_heur,18496.71050396363,5.457350015640259,18496.710503963615,3.285666793854062,18496.710503963615,optimize_single_point_heur,18496.71050396363,5.2728846073150635,18496.710503963615,3.285666793854062,18496.710503963615,optimize_single_point_heur,18496.71050396363,3.1975295543670654
2026-03-12 13:18:42,config_resnet_spt_area_0.3_hw_0.3_seed_2,inputs/task_graph_topology/soda-benchmark-graphs/pytorch-graphs/rez_net_tosa.dot,362,0.3,0.5,1.0,0.3,42,5629.515000900963,35167.262427798014,6.246943550584686,35167.262427798014,None,15932.151430781709,0.0,18496.710503963615,3.285666793854062,18496.710503963615,optimize_random_heur,18496.71050396363,0.2773723602294922,8907.569768851376,1.5822979008717062,21658.258863158655,optimize_swarm_heur,17148.759660485142,427.1561236381531,18496.710503963615,3.285666793854062,18496.710503963615,optimize_random_heur,18496.71050396363,355.92166543006897,18496.710503963615,3.285666793854062,18496.710503963615,optimize_single_point_heur,18496.71050396363,0.13538789749145508,18496.710503963615,3.285666793854062,18496.710503963615,optimize_single_point_heur,18496.71050396363,0.13178634643554688,18496.710503963615,3.285666793854062,18496.710503963615,optimize_single_point_heur,18496.71050396363,1.4820168018341064,18496.710503963615,3.285666793854062,18496.710503963615,optimize_single_point_heur,18496.71050396363,5.3543009757995605,18496.710503963615,3.285666793854062,18496.710503963615,optimize_single_point_heur,18496.71050396363,5.134882211685181,18496.710503963615,3.285666793854062,18496.710503963615,optimize_single_point_heur,18496.71050396363,3.1437675952911377
2026-03-12 13:19:04,config_resnet_spt_area_0.3_hw_0.1_seed_3,inputs/task_graph_topology/soda-benchmark-graphs/pytorch-graphs/rez_net_tosa.dot,362,0.1,0.5,1.0,0.3,42,1876.8712304770884,31378.775410438444,16.718661835134082,31378.775410438444,None,14289.160633129684,0.0,18496.710503963615,9.855077004543286,18496.710503963615,optimize_random_heur,18496.71050396363,0.29147911071777344,8954.34623545202,4.7708900270030155,20571.868952795725,optimize_swarm_heur,17390.281017968748,433.02952122688293,18496.710503963615,9.855077004543286,18496.710503963615,optimize_random_heur,18496.71050396363,371.210156917572,18496.710503963615,9.855077004543286,18496.710503963615,optimize_single_point_heur,18496.71050396363,0.13816356658935547,18496.710503963615,9.855077004543286,18496.710503963615,optimize_single_point_heur,18496.71050396363,0.1347367763519287,18496.710503963615,9.855077004543286,18496.710503963615,optimize_single_point_heur,18496.71050396363,1.4616217613220215,18496.710503963615,9.855077004543286,18496.710503963615,optimize_single_point_heur,18496.71050396363,5.52317476272583,18496.710503963615,9.855077004543286,18496.710503963615,optimize_single_point_heur,18496.71050396363,5.605853080749512,18496.710503963615,9.855077004543286,18496.710503963615,optimize_single_point_heur,18496.71050396363,3.3974781036376953
2026-03-12 13:19:40,config_resnet_spt_area_0.3_hw_0.7_seed_0,inputs/task_graph_topology/soda-benchmark-graphs/pytorch-graphs/rez_net_tosa.dot,362,0.7,0.5,1.0,0.3,42,12459.889958209249,35710.06410167901,2.8660015635331746,35710.06410167901,None,17380.287117038904,0.0,18496.710503963615,1.4845003098744851,18496.710503963615,optimize_random_heur,18496.71050396363,0.28523850440979004,9007.189486945235,0.7228947861622816,20487.890294966845,optimize_swarm_heur,17458.512201798832,390.51090836524963,18496.710503963615,1.4845003098744851,18496.710503963615,optimize_random_heur,18496.71050396363,352.5799539089203,18496.710503963615,1.4845003098744851,18496.710503963615,optimize_single_point_heur,18496.71050396363,0.1378161907196045,18496.710503963615,1.4845003098744851,18496.710503963615,optimize_single_point_heur,18496.71050396363,0.13489937782287598,18496.710503963615,1.4845003098744851,18496.710503963615,optimize_single_point_heur,18496.71050396363,1.4857687950134277,18496.710503963615,1.4845003098744851,18496.710503963615,optimize_single_point_heur,18496.71050396363,5.362744331359863,18496.710503963615,1.4845003098744851,18496.710503963615,optimize_single_point_heur,18496.71050396363,5.282904386520386,18496.710503963615,1.4845003098744851,18496.710503963615,optimize_single_point_heur,18496.71050396363,3.243330478668213
2026-03-12 13:19:48,config_resnet_spt_area_0.3_hw_0.5_seed_3,inputs/task_graph_topology/soda-benchmark-graphs/pytorch-graphs/rez_net_tosa.dot,362,0.5,0.5,1.0,0.3,42,9311.942737816993,34761.444632615894,3.732995961352427,34761.444632615894,None,16006.478586912192,0.0,18496.710503963615,1.986342809953728,18496.710503963615,optimize_random_heur,18496.71050396363,0.27272653579711914,9075.882281400782,0.9746497091893038,20160.589867572235,optimize_swarm_heur,17392.845007911903,388.816978931427,18496.710503963615,1.986342809953728,18496.710503963615,optimize_random_heur,18496.71050396363,352.3974664211273,18496.710503963615,1.986342809953728,18496.710503963615,optimize_single_point_heur,18496.71050396363,0.13907933235168457,18496.710503963615,1.986342809953728,18496.710503963615,optimize_single_point_heur,18496.71050396363,0.13397789001464844,18496.710503963615,1.986342809953728,18496.710503963615,optimize_single_point_heur,18496.71050396363,1.499504566192627,18496.710503963615,1.986342809953728,18496.710503963615,optimize_single_point_heur,18496.71050396363,5.5140368938446045,18496.710503963615,1.986342809953728,18496.710503963615,optimize_single_point_heur,18496.71050396363,5.3435585498809814,18496.710503963615,1.986342809953728,18496.710503963615,optimize_single_point_heur,18496.71050396363,3.3503739833831787
2026-03-12 13:20:58,config_resnet_spt_area_0.3_hw_0.5_seed_2,inputs/task_graph_topology/soda-benchmark-graphs/pytorch-graphs/rez_net_tosa.dot,362,0.5,0.5,1.0,0.3,42,9311.942737816993,34761.444632615894,3.732995961352427,34761.444632615894,None,16006.478586912192,0.0,18496.710503963615,1.986342809953728,18496.710503963615,optimize_random_heur,18496.71050396363,0.30503106117248535,9075.882281400782,0.9746497091893038,20160.589867572235,optimize_swarm_heur,17392.845007911903,468.924081325531,18496.710503963615,1.986342809953728,18496.710503963615,optimize_random_heur,18496.71050396363,412.82675099372864,18496.710503963615,1.986342809953728,18496.710503963615,optimize_single_point_heur,18496.71050396363,0.15252184867858887,18496.710503963615,1.986342809953728,18496.710503963615,optimize_single_point_heur,18496.71050396363,0.14078760147094727,18496.710503963615,1.986342809953728,18496.710503963615,optimize_single_point_heur,18496.71050396363,1.567671775817871,18496.710503963615,1.986342809953728,18496.710503963615,optimize_single_point_heur,18496.71050396363,5.9033567905426025,18496.710503963615,1.986342809953728,18496.710503963615,optimize_single_point_heur,18496.71050396363,5.8167078495025635,18496.710503963615,1.986342809953728,18496.710503963615,optimize_single_point_heur,18496.71050396363,3.4713993072509766
2026-03-12 13:21:43,config_resnet_spt_area_0.3_hw_0.7_seed_1,inputs/task_graph_topology/soda-benchmark-graphs/pytorch-graphs/rez_net_tosa.dot,362,0.7,0.5,1.0,0.3,42,12459.889958209249,35710.06410167901,2.8660015635331746,35710.06410167901,None,17380.287117038904,0.0,18496.710503963615,1.4845003098744851,18496.710503963615,optimize_random_heur,18496.71050396363,0.2857334613800049,9007.189486945235,0.7228947861622816,20487.890294966845,optimize_swarm_heur,17458.512201798832,369.78276801109314,18496.710503963615,1.4845003098744851,18496.710503963615,optimize_random_heur,18496.71050396363,359.90309381484985,18496.710503963615,1.4845003098744851,18496.710503963615,optimize_single_point_heur,18496.71050396363,0.1316831111907959,18496.710503963615,1.4845003098744851,18496.710503963615,optimize_single_point_heur,18496.71050396363,0.12608671188354492,18496.710503963615,1.4845003098744851,18496.710503963615,optimize_single_point_heur,18496.71050396363,1.408470869064331,18496.710503963615,1.4845003098744851,18496.710503963615,optimize_single_point_heur,18496.71050396363,5.064793109893799,18496.710503963615,1.4845003098744851,18496.710503963615,optimize_single_point_heur,18496.71050396363,4.946395635604858,18496.710503963615,1.4845003098744851,18496.710503963615,optimize_single_point_heur,18496.71050396363,3.0602502822875977
2026-03-12 13:22:44,config_resnet_spt_area_0.3_hw_0.9_seed_0,inputs/task_graph_topology/soda-benchmark-graphs/pytorch-graphs/rez_net_tosa.dot,362,0.9,0.5,1.0,0.3,42,14476.759981256146,35670.03868636114,2.4639517911842908,35670.03868636114,None,18482.907632920924,0.0,18496.710503963615,1.277683026306461,18496.710503963615,optimize_random_heur,18496.71050396363,0.2702062129974365,9217.897285510782,0.636737591660406,20377.744379294338,optimize_swarm_heur,18012.373264985094,378.5847342014313,18496.710503963615,1.277683026306461,18496.710503963615,optimize_random_heur,18496.71050396363,341.0630187988281,18496.710503963615,1.277683026306461,18496.710503963615,optimize_single_point_heur,18496.71050396363,0.13062024116516113,18496.710503963615,1.277683026306461,18496.710503963615,optimize_single_point_heur,18496.71050396363,0.12588739395141602,18496.710503963615,1.277683026306461,18496.710503963615,optimize_single_point_heur,18496.71050396363,1.4254670143127441,18496.710503963615,1.277683026306461,18496.710503963615,optimize_single_point_heur,18496.71050396363,5.1295106410980225,18496.710503963615,1.277683026306461,18496.710503963615,optimize_single_point_heur,18496.71050396363,5.039268493652344,18496.710503963615,1.277683026306461,18496.710503963615,optimize_single_point_heur,18496.71050396363,3.1434948444366455
2026-03-12 13:22:53,config_resnet_spt_area_0.3_hw_0.9_seed_1,inputs/task_graph_topology/soda-benchmark-graphs/pytorch-graphs/rez_net_tosa.dot,362,0.9,0.5,1.0,0.3,42,14476.759981256146,35670.03868636114,2.4639517911842908,35670.03868636114,None,18482.907632920924,0.0,18496.710503963615,1.277683026306461,18496.710503963615,optimize_random_heur,18496.71050396363,0.27939867973327637,9217.897285510782,0.636737591660406,20377.744379294338,optimize_swarm_heur,18012.373264985094,379.4863529205322,18496.710503963615,1.277683026306461,18496.710503963615,optimize_random_heur,18496.71050396363,352.1751902103424,18496.710503963615,1.277683026306461,18496.710503963615,optimize_single_point_heur,18496.71050396363,0.1338818073272705,18496.710503963615,1.277683026306461,18496.710503963615,optimize_single_point_heur,18496.71050396363,0.12844252586364746,18496.710503963615,1.277683026306461,18496.710503963615,optimize_single_point_heur,18496.71050396363,1.4467051029205322,18496.710503963615,1.277683026306461,18496.710503963615,optimize_single_point_heur,18496.71050396363,5.311440467834473,18496.710503963615,1.277683026306461,18496.710503963615,optimize_single_point_heur,18496.71050396363,5.146223783493042,18496.710503963615,1.277683026306461,18496.710503963615,optimize_single_point_heur,18496.71050396363,3.162198066711426
2026-03-12 13:23:29,config_resnet_spt_area_0.3_hw_0.7_seed_3,inputs/task_graph_topology/soda-benchmark-graphs/pytorch-graphs/rez_net_tosa.dot,362,0.7,0.5,1.0,0.3,42,12459.889958209249,35710.06410167901,2.8660015635331746,35710.06410167901,None,17380.287117038904,0.0,18496.710503963615,1.4845003098744851,18496.710503963615,optimize_random_heur,18496.71050396363,0.2905154228210449,9007.189486945235,0.7228947861622816,20487.890294966845,optimize_swarm_heur,17458.512201798832,403.17486596107483,18496.710503963615,1.4845003098744851,18496.710503963615,optimize_random_heur,18496.71050396363,363.27828454971313,18496.710503963615,1.4845003098744851,18496.710503963615,optimize_single_point_heur,18496.71050396363,0.13184809684753418,18496.710503963615,1.4845003098744851,18496.710503963615,optimize_single_point_heur,18496.71050396363,0.1378617286682129,18496.710503963615,1.4845003098744851,18496.710503963615,optimize_single_point_heur,18496.71050396363,1.4587087631225586,18496.710503963615,1.4845003098744851,18496.710503963615,optimize_single_point_heur,18496.71050396363,5.465893983840942,18496.710503963615,1.4845003098744851,18496.710503963615,optimize_single_point_heur,18496.71050396363,5.409496784210205,18496.710503963615,1.4845003098744851,18496.710503963615,optimize_single_point_heur,18496.71050396363,3.142108678817749
2026-03-12 13:23:31,config_resnet_spt_area_0.3_hw_0.9_seed_3,inputs/task_graph_topology/soda-benchmark-graphs/pytorch-graphs/rez_net_tosa.dot,362,0.9,0.5,1.0,0.3,42,14476.759981256146,35670.03868636114,2.4639517911842908,35670.03868636114,None,18482.907632920924,0.0,18496.710503963615,1.277683026306461,18496.710503963615,optimize_random_heur,18496.71050396363,0.27422595024108887,9217.897285510782,0.636737591660406,20377.744379294338,optimize_swarm_heur,18012.373264985094,383.61023712158203,18496.710503963615,1.277683026306461,18496.710503963615,optimize_random_heur,18496.71050396363,350.40804290771484,18496.710503963615,1.277683026306461,18496.710503963615,optimize_single_point_heur,18496.71050396363,0.1341409683227539,18496.710503963615,1.277683026306461,18496.710503963615,optimize_single_point_heur,18496.71050396363,0.12947702407836914,18496.710503963615,1.277683026306461,18496.710503963615,optimize_single_point_heur,18496.71050396363,1.4633924961090088,18496.710503963615,1.277683026306461,18496.710503963615,optimize_single_point_heur,18496.71050396363,5.311040878295898,18496.710503963615,1.277683026306461,18496.710503963615,optimize_single_point_heur,18496.71050396363,5.199108600616455,18496.710503963615,1.277683026306461,18496.710503963615,optimize_single_point_heur,18496.71050396363,3.2535905838012695
2026-03-12 13:23:40,config_resnet_spt_area_0.3_hw_0.9_seed_2,inputs/task_graph_topology/soda-benchmark-graphs/pytorch-graphs/rez_net_tosa.dot,362,0.9,0.5,1.0,0.3,42,14476.759981256146,35670.03868636114,2.4639517911842908,35670.03868636114,None,18482.907632920924,0.0,18496.710503963615,1.277683026306461,18496.710503963615,optimize_random_heur,18496.71050396363,0.2785944938659668,9217.897285510782,0.636737591660406,20377.744379294338,optimize_swarm_heur,18012.373264985094,386.5536103248596,18496.710503963615,1.277683026306461,18496.710503963615,optimize_random_heur,18496.71050396363,354.9579119682312,18496.710503963615,1.277683026306461,18496.710503963615,optimize_single_point_heur,18496.71050396363,0.13930249214172363,18496.710503963615,1.277683026306461,18496.710503963615,optimize_single_point_heur,18496.71050396363,0.13199901580810547,18496.710503963615,1.277683026306461,18496.710503963615,optimize_single_point_heur,18496.71050396363,1.4893202781677246,18496.710503963615,1.277683026306461,18496.710503963615,optimize_single_point_heur,18496.71050396363,5.506318807601929,18496.710503963615,1.277683026306461,18496.710503963615,optimize_single_point_heur,18496.71050396363,5.369661092758179,18496.710503963615,1.277683026306461,18496.710503963615,optimize_single_point_heur,18496.71050396363,3.339900255203247
2026-03-12 13:24:16,config_resnet_spt_area_0.3_hw_0.7_seed_2,inputs/task_graph_topology/soda-benchmark-graphs/pytorch-graphs/rez_net_tosa.dot,362,0.7,0.5,1.0,0.3,42,12459.889958209249,35710.06410167901,2.8660015635331746,35710.06410167901,None,17380.287117038904,0.0,18496.710503963615,1.4845003098744851,18496.710503963615,optimize_random_heur,18496.71050396363,0.32693982124328613,9007.189486945235,0.7228947861622816,20487.890294966845,optimize_swarm_heur,17458.512201798832,451.6427001953125,18496.710503963615,1.4845003098744851,18496.710503963615,optimize_random_heur,18496.71050396363,392.0398519039154,18496.710503963615,1.4845003098744851,18496.710503963615,optimize_single_point_heur,18496.71050396363,0.16615915298461914,18496.710503963615,1.4845003098744851,18496.710503963615,optimize_single_point_heur,18496.71050396363,0.17115259170532227,18496.710503963615,1.4845003098744851,18496.710503963615,optimize_single_point_heur,18496.71050396363,1.8215034008026123,18496.710503963615,1.4845003098744851,18496.710503963615,optimize_single_point_heur,18496.71050396363,6.212604284286499,18496.710503963615,1.4845003098744851,18496.710503963615,optimize_single_point_heur,18496.71050396363,6.090392112731934,18496.710503963615,1.4845003098744851,18496.710503963615,optimize_single_point_heur,18496.71050396363,3.560492992401123
2026-03-12 13:51:17,config_resnet_spt_area_0.5_hw_0.3_seed_0,inputs/task_graph_topology/soda-benchmark-graphs/pytorch-graphs/rez_net_tosa.dot,362,0.3,0.5,1.0,0.5,42,5629.515000900963,31525.940186825334,5.600116560979025,31525.940186825334,None,12758.347233287916,0.0,11500.025024845218,2.042809198128919,32554.008396521025,optimize_random_heur,15913.740466226867,1.0264759063720703,9226.835366533074,1.6390107078596265,20376.87307326464,optimize_swarm_heur,18077.40620799199,1112.6583585739136,10589.00817269049,1.8809805411293505,30751.058050003216,optimize_random_heur,14624.835605816046,1137.1837120056152,11453.44782771515,2.0345354485923046,33598.72067855506,optimize_single_point_heur,15642.0963908381,1.6592323780059814,11679.428923564456,2.0746776448229105,33935.03825034484,optimize_single_point_heur,16222.297850627334,1.5045068264007568,10003.62041914849,1.7769950728521877,31914.639433636243,optimize_single_point_heur,13874.373228909286,32.00978064537048,10141.84302367043,1.801548272284078,32117.15116051314,optimize_single_point_heur,14010.435682130563,28.39459776878357,10457.529560261391,1.8576253120540116,34362.06705328309,optimize_single_point_heur,15155.671313507999,27.890336275100708,5957.856703789916,1.0583250427144086,29468.346415417982,optimize_single_point_heur,10564.659736050104,27.101970434188843
2026-03-12 13:51:40,config_resnet_spt_area_0.5_hw_0.5_seed_2,inputs/task_graph_topology/soda-benchmark-graphs/pytorch-graphs/rez_net_tosa.dot,362,0.5,0.5,1.0,0.5,42,9311.942737816993,33103.829961925556,3.554986418407263,33103.829961925556,None,13322.5504469303,0.0,12292.559224264005,1.3200853538695365,34332.42544048837,optimize_random_heur,16708.580879965844,1.0229063034057617,9171.00043268687,0.9848643501041153,20413.76040788211,optimize_swarm_heur,18074.47520850601,1098.050056695938,11464.408196055472,1.2311510625486388,33778.56798723897,optimize_random_heur,15437.830365976119,1135.287356376648,12228.64656146403,1.3132218384249645,34376.73705842531,optimize_single_point_heur,16388.733211376893,1.6706039905548096,12477.319274060408,1.3399265465184205,35781.654856688794,optimize_single_point_heur,16979.41908100072,1.511620044708252,10849.22682698431,1.165087364951699,32870.90214866349,optimize_single_point_heur,15212.79106722823,31.57625722885132,10887.095919698011,1.1691540880598545,34153.344423892944,optimize_single_point_heur,14884.81347784609,28.498430728912354,10959.12759896185,1.176889496372806,33501.0601538237,optimize_single_point_heur,14956.342728090081,28.709773778915405,7114.291032932225,0.763996432671367,30183.386893750674,optimize_single_point_heur,11125.543560919097,29.225708484649658
2026-03-12 13:52:17,config_resnet_spt_area_0.5_hw_0.5_seed_1,inputs/task_graph_topology/soda-benchmark-graphs/pytorch-graphs/rez_net_tosa.dot,362,0.5,0.5,1.0,0.5,42,9311.942737816993,33103.829961925556,3.554986418407263,33103.829961925556,None,13322.5504469303,0.0,12292.559224264005,1.3200853538695365,34332.42544048837,optimize_random_heur,16708.580879965844,1.032362937927246,9171.00043268687,0.9848643501041153,20413.76040788211,optimize_swarm_heur,18074.47520850601,1113.0311732292175,11464.408196055472,1.2311510625486388,33778.56798723897,optimize_random_heur,15437.830365976119,1156.2938318252563,12228.64656146403,1.3132218384249645,34376.73705842531,optimize_single_point_heur,16388.733211376893,1.6890661716461182,12477.319274060408,1.3399265465184205,35781.654856688794,optimize_single_point_heur,16979.41908100072,1.5329837799072266,10849.22682698431,1.165087364951699,32870.90214866349,optimize_single_point_heur,15212.79106722823,31.912917375564575,10887.095919698011,1.1691540880598545,34153.344423892944,optimize_single_point_heur,14884.81347784609,28.871580600738525,10959.12759896185,1.176889496372806,33501.0601538237,optimize_single_point_heur,14956.342728090081,28.920662879943848,7114.291032932225,0.763996432671367,30183.386893750674,optimize_single_point_heur,11125.543560919097,29.606316566467285
2026-03-12 13:53:02,config_resnet_spt_area_0.5_hw_0.7_seed_0,inputs/task_graph_topology/soda-benchmark-graphs/pytorch-graphs/rez_net_tosa.dot,362,0.7,0.5,1.0,0.5,42,12459.889958209249,35018.604906863926,2.810506756024099,35018.604906863926,None,15652.672074748769,0.0,13085.093423682785,1.05017728628186,36110.853066955286,optimize_random_heur,17458.283834547965,1.0222105979919434,9171.00043268687,0.7360418481580986,20474.649335670034,optimize_swarm_heur,18074.47520850601,1107.2163288593292,12151.582210651057,0.9752559815060756,35605.67029961118,optimize_random_heur,16069.301147242513,1169.604070186615,13002.65035290475,1.0435606090034448,36231.31131509844,optimize_single_point_heur,17143.92500152809,1.7071356773376465,13240.732684191331,1.062668508999762,38475.29282829458,optimize_single_point_heur,16797.046490721434,2.4776601791381836,11231.07254100602,0.9013781484969201,35061.63883062419,optimize_single_point_heur,14897.498863383882,32.77033066749573,11490.818736945723,0.9222247367742562,35862.778059570985,optimize_single_point_heur,15933.253442334133,30.31307554244995,11616.305417379415,0.9322959878731485,36638.31705225913,optimize_single_point_heur,15834.34896884032,28.056427240371704,7813.454527977627,0.6270885661257145,31887.35090217955,optimize_single_point_heur,12206.360740549231,30.308226108551025
2026-03-12 13:53:19,config_resnet_spt_area_0.5_hw_0.3_seed_3,inputs/task_graph_topology/soda-benchmark-graphs/pytorch-graphs/rez_net_tosa.dot,362,0.3,0.5,1.0,0.5,42,5629.515000900963,31525.940186825334,5.600116560979025,31525.940186825334,None,12758.347233287916,0.0,11500.025024845218,2.042809198128919,32554.008396521025,optimize_random_heur,15913.740466226867,1.0731453895568848,9226.835366533074,1.6390107078596265,20376.87307326464,optimize_swarm_heur,18077.40620799199,1148.9982416629791,10589.00817269049,1.8809805411293505,30751.058050003216,optimize_random_heur,14624.835605816046,1182.9782211780548,11453.44782771515,2.0345354485923046,33598.72067855506,optimize_single_point_heur,15642.0963908381,1.747473955154419,11679.428923564456,2.0746776448229105,33935.03825034484,optimize_single_point_heur,16222.297850627334,1.585909366607666,10003.62041914849,1.7769950728521877,31914.639433636243,optimize_single_point_heur,13874.373228909286,33.75317573547363,10141.84302367043,1.801548272284078,32117.15116051314,optimize_single_point_heur,14010.435682130563,29.380095720291138,10457.529560261391,1.8576253120540116,34362.06705328309,optimize_single_point_heur,15155.671313507999,28.960482358932495,5957.856703789916,1.0583250427144086,29468.346415417982,optimize_single_point_heur,10564.659736050104,28.801737308502197
2026-03-12 13:53:28,config_resnet_spt_area_0.5_hw_0.1_seed_3,inputs/task_graph_topology/soda-benchmark-graphs/pytorch-graphs/rez_net_tosa.dot,362,0.1,0.5,1.0,0.5,42,1876.8712304770884,27091.396431290876,14.434339442884646,27091.396431290876,None,11726.626114450048,0.0,10723.525554061856,5.713511603742792,30775.601662961413,optimize_random_heur,15161.317813444837,1.064516544342041,8833.04627610358,4.70626121423273,30070.143200494178,optimize_swarm_heur,12748.71157964722,1184.6947784423828,9830.641818932634,5.237781718479296,28877.120086917123,optimize_random_heur,13909.861705497959,1189.6743638515472,10667.595217764676,5.683711830913964,31702.73877125148,optimize_single_point_heur,14918.578020976112,1.756537914276123,10881.5385730685,5.797701193545645,32088.42164400093,optimize_single_point_heur,15465.17662025397,1.5865938663482666,9980.444286700409,5.317596713421541,32217.556663540414,optimize_single_point_heur,14438.764856951137,33.40330481529236,8854.743121292937,4.717821328127087,30316.779357960477,optimize_single_point_heur,13533.547732155785,29.30581760406494,8828.530289628376,4.703855089400151,29807.221707044588,optimize_single_point_heur,14538.454693023265,29.705045700073242,4726.922067079018,2.5185116540347128,28037.409478042548,optimize_single_point_heur,10070.168508670906,27.411980390548706
2026-03-12 13:53:35,config_resnet_spt_area_0.5_hw_0.1_seed_1,inputs/task_graph_topology/soda-benchmark-graphs/pytorch-graphs/rez_net_tosa.dot,362,0.1,0.5,1.0,0.5,42,1876.8712304770884,27091.396431290876,14.434339442884646,27091.396431290876,None,11726.626114450048,0.0,10723.525554061856,5.713511603742792,30775.601662961413,optimize_random_heur,15161.317813444837,1.0752723217010498,8833.04627610358,4.70626121423273,30070.143200494178,optimize_swarm_heur,12748.71157964722,1170.7027413845062,9830.641818932634,5.237781718479296,28877.120086917123,optimize_random_heur,13909.861705497959,1208.0347819328308,10667.595217764676,5.683711830913964,31702.73877125148,optimize_single_point_heur,14918.578020976112,1.779557704925537,10881.5385730685,5.797701193545645,32088.42164400093,optimize_single_point_heur,15465.17662025397,1.6164922714233398,9980.444286700409,5.317596713421541,32217.556663540414,optimize_single_point_heur,14438.764856951137,33.91481924057007,8854.743121292937,4.717821328127087,30316.779357960477,optimize_single_point_heur,13533.547732155785,29.90807867050171,8828.530289628376,4.703855089400151,29807.221707044588,optimize_single_point_heur,14538.454693023265,30.245835542678833,4726.922067079018,2.5185116540347128,28037.409478042548,optimize_single_point_heur,10070.168508670906,27.73340940475464
2026-03-12 13:53:38,config_resnet_spt_area_0.5_hw_0.5_seed_3,inputs/task_graph_topology/soda-benchmark-graphs/pytorch-graphs/rez_net_tosa.dot,362,0.5,0.5,1.0,0.5,42,9311.942737816993,33103.829961925556,3.554986418407263,33103.829961925556,None,13322.5504469303,0.0,12292.559224264005,1.3200853538695365,34332.42544048837,optimize_random_heur,16708.580879965844,1.042933702468872,9171.00043268687,0.9848643501041153,20413.76040788211,optimize_swarm_heur,18074.47520850601,1110.5145955085754,11464.408196055472,1.2311510625486388,33778.56798723897,optimize_random_heur,15437.830365976119,1203.1374247074127,12228.64656146403,1.3132218384249645,34376.73705842531,optimize_single_point_heur,16388.733211376893,1.7073335647583008,12477.319274060408,1.3399265465184205,35781.654856688794,optimize_single_point_heur,16979.41908100072,1.5564677715301514,10849.22682698431,1.165087364951699,32870.90214866349,optimize_single_point_heur,15212.79106722823,32.5276300907135,10887.095919698011,1.1691540880598545,34153.344423892944,optimize_single_point_heur,14884.81347784609,29.357229232788086,10959.12759896185,1.176889496372806,33501.0601538237,optimize_single_point_heur,14956.342728090081,29.457891702651978,7114.291032932225,0.763996432671367,30183.386893750674,optimize_single_point_heur,11125.543560919097,29.91970658302307
2026-03-12 13:53:58,config_resnet_spt_area_0.5_hw_0.1_seed_2,inputs/task_graph_topology/soda-benchmark-graphs/pytorch-graphs/rez_net_tosa.dot,362,0.1,0.5,1.0,0.5,42,1876.8712304770884,27091.396431290876,14.434339442884646,27091.396431290876,None,11726.626114450048,0.0,10723.525554061856,5.713511603742792,30775.601662961413,optimize_random_heur,15161.317813444837,1.0807576179504395,8833.04627610358,4.70626121423273,30070.143200494178,optimize_swarm_heur,12748.71157964722,1184.0381228923798,9830.641818932634,5.237781718479296,28877.120086917123,optimize_random_heur,13909.861705497959,1218.6385164260864,10667.595217764676,5.683711830913964,31702.73877125148,optimize_single_point_heur,14918.578020976112,1.772369146347046,10881.5385730685,5.797701193545645,32088.42164400093,optimize_single_point_heur,15465.17662025397,1.6068589687347412,9980.444286700409,5.317596713421541,32217.556663540414,optimize_single_point_heur,14438.764856951137,34.409072160720825,8854.743121292937,4.717821328127087,30316.779357960477,optimize_single_point_heur,13533.547732155785,29.554300546646118,8828.530289628376,4.703855089400151,29807.221707044588,optimize_single_point_heur,14538.454693023265,29.955391883850098,4726.922067079018,2.5185116540347128,28037.409478042548,optimize_single_point_heur,10070.168508670906,27.799634218215942
2026-03-12 13:54:12,config_resnet_spt_area_0.5_hw_0.1_seed_0,inputs/task_graph_topology/soda-benchmark-graphs/pytorch-graphs/rez_net_tosa.dot,362,0.1,0.5,1.0,0.5,42,1876.8712304770884,27091.396431290876,14.434339442884646,27091.396431290876,None,11726.626114450048,0.0,10723.525554061856,5.713511603742792,30775.601662961413,optimize_random_heur,15161.317813444837,1.082477331161499,8833.04627610358,4.70626121423273,30070.143200494178,optimize_swarm_heur,12748.71157964722,1194.9387588500977,9830.641818932634,5.237781718479296,28877.120086917123,optimize_random_heur,13909.861705497959,1218.9450705051422,10667.595217764676,5.683711830913964,31702.73877125148,optimize_single_point_heur,14918.578020976112,1.8118922710418701,10881.5385730685,5.797701193545645,32088.42164400093,optimize_single_point_heur,15465.17662025397,1.6379001140594482,9980.444286700409,5.317596713421541,32217.556663540414,optimize_single_point_heur,14438.764856951137,34.57798790931702,8854.743121292937,4.717821328127087,30316.779357960477,optimize_single_point_heur,13533.547732155785,30.311222553253174,8828.530289628376,4.703855089400151,29807.221707044588,optimize_single_point_heur,14538.454693023265,30.765848875045776,4726.922067079018,2.5185116540347128,28037.409478042548,optimize_single_point_heur,10070.168508670906,28.26431179046631
2026-03-12 13:54:27,config_resnet_spt_area_0.5_hw_0.7_seed_2,inputs/task_graph_topology/soda-benchmark-graphs/pytorch-graphs/rez_net_tosa.dot,362,0.7,0.5,1.0,0.5,42,12459.889958209249,35018.604906863926,2.810506756024099,35018.604906863926,None,15652.672074748769,0.0,13085.093423682785,1.05017728628186,36110.853066955286,optimize_random_heur,17458.283834547965,1.0385584831237793,9171.00043268687,0.7360418481580986,20474.649335670034,optimize_swarm_heur,18074.47520850601,1107.8242132663727,12151.582210651057,0.9752559815060756,35605.67029961118,optimize_random_heur,16069.301147242513,1182.050628900528,13002.65035290475,1.0435606090034448,36231.31131509844,optimize_single_point_heur,17143.92500152809,1.7110166549682617,13240.732684191331,1.062668508999762,38475.29282829458,optimize_single_point_heur,16797.046490721434,2.485738754272461,11231.07254100602,0.9013781484969201,35061.63883062419,optimize_single_point_heur,14897.498863383882,32.77585411071777,11490.818736945723,0.9222247367742562,35862.778059570985,optimize_single_point_heur,15933.253442334133,30.235511779785156,11616.305417379415,0.9322959878731485,36638.31705225913,optimize_single_point_heur,15834.34896884032,28.198250770568848,7813.454527977627,0.6270885661257145,31887.35090217955,optimize_single_point_heur,12206.360740549231,30.59009075164795
2026-03-12 13:54:27,config_resnet_spt_area_0.5_hw_0.7_seed_3,inputs/task_graph_topology/soda-benchmark-graphs/pytorch-graphs/rez_net_tosa.dot,362,0.7,0.5,1.0,0.5,42,12459.889958209249,35018.604906863926,2.810506756024099,35018.604906863926,None,15652.672074748769,0.0,13085.093423682785,1.05017728628186,36110.853066955286,optimize_random_heur,17458.283834547965,1.027980089187622,9171.00043268687,0.7360418481580986,20474.649335670034,optimize_swarm_heur,18074.47520850601,1106.1699330806732,12151.582210651057,0.9752559815060756,35605.67029961118,optimize_random_heur,16069.301147242513,1145.2346336841583,13002.65035290475,1.0435606090034448,36231.31131509844,optimize_single_point_heur,17143.92500152809,1.6679558753967285,13240.732684191331,1.062668508999762,38475.29282829458,optimize_single_point_heur,16797.046490721434,2.4118480682373047,11231.07254100602,0.9013781484969201,35061.63883062419,optimize_single_point_heur,14897.498863383882,31.969455242156982,11490.818736945723,0.9222247367742562,35862.778059570985,optimize_single_point_heur,15933.253442334133,29.596269130706787,11616.305417379415,0.9322959878731485,36638.31705225913,optimize_single_point_heur,15834.34896884032,27.302451848983765,7813.454527977627,0.6270885661257145,31887.35090217955,optimize_single_point_heur,12206.360740549231,29.650113105773926
2026-03-12 13:54:29,config_resnet_spt_area_0.5_hw_0.3_seed_1,inputs/task_graph_topology/soda-benchmark-graphs/pytorch-graphs/rez_net_tosa.dot,362,0.3,0.5,1.0,0.5,42,5629.515000900963,31525.940186825334,5.600116560979025,31525.940186825334,None,12758.347233287916,0.0,11500.025024845218,2.042809198128919,32554.008396521025,optimize_random_heur,15913.740466226867,1.084348440170288,9226.835366533074,1.6390107078596265,20376.87307326464,optimize_swarm_heur,18077.40620799199,1182.8378722667694,10589.00817269049,1.8809805411293505,30751.058050003216,optimize_random_heur,14624.835605816046,1215.2158460617065,11453.44782771515,2.0345354485923046,33598.72067855506,optimize_single_point_heur,15642.0963908381,1.7791919708251953,11679.428923564456,2.0746776448229105,33935.03825034484,optimize_single_point_heur,16222.297850627334,1.6099481582641602,10003.62041914849,1.7769950728521877,31914.639433636243,optimize_single_point_heur,13874.373228909286,34.44353485107422,10141.84302367043,1.801548272284078,32117.15116051314,optimize_single_point_heur,14010.435682130563,30.2431001663208,10457.529560261391,1.8576253120540116,34362.06705328309,optimize_single_point_heur,15155.671313507999,29.796151638031006,5957.856703789916,1.0583250427144086,29468.346415417982,optimize_single_point_heur,10564.659736050104,29.36539053916931
2026-03-12 13:54:50,config_resnet_spt_area_0.5_hw_0.3_seed_2,inputs/task_graph_topology/soda-benchmark-graphs/pytorch-graphs/rez_net_tosa.dot,362,0.3,0.5,1.0,0.5,42,5629.515000900963,31525.940186825334,5.600116560979025,31525.940186825334,None,12758.347233287916,0.0,11500.025024845218,2.042809198128919,32554.008396521025,optimize_random_heur,15913.740466226867,1.097367763519287,9226.835366533074,1.6390107078596265,20376.87307326464,optimize_swarm_heur,18077.40620799199,1185.6656432151794,10589.00817269049,1.8809805411293505,30751.058050003216,optimize_random_heur,14624.835605816046,1233.8221278190613,11453.44782771515,2.0345354485923046,33598.72067855506,optimize_single_point_heur,15642.0963908381,1.782480239868164,11679.428923564456,2.0746776448229105,33935.03825034484,optimize_single_point_heur,16222.297850627334,1.6088438034057617,10003.62041914849,1.7769950728521877,31914.639433636243,optimize_single_point_heur,13874.373228909286,34.17219138145447,10141.84302367043,1.801548272284078,32117.15116051314,optimize_single_point_heur,14010.435682130563,30.09678554534912,10457.529560261391,1.8576253120540116,34362.06705328309,optimize_single_point_heur,15155.671313507999,29.59969401359558,5957.856703789916,1.0583250427144086,29468.346415417982,optimize_single_point_heur,10564.659736050104,28.827388763427734
2026-03-12 13:54:57,config_resnet_spt_area_0.5_hw_0.9_seed_1,inputs/task_graph_topology/soda-benchmark-graphs/pytorch-graphs/rez_net_tosa.dot,362,0.9,0.5,1.0,0.5,42,14476.759981256146,36964.18800115859,2.5533467467180606,36964.18800115859,None,18285.066572794603,0.0,13877.627623101582,0.9586141955154127,37889.30170592251,optimize_random_heur,18218.157058910194,1.0330967903137207,9234.970143494504,0.6379169203227466,20084.61794438328,optimize_swarm_heur,18130.653934689843,1086.889897108078,12924.302760339746,0.8927621081701671,37847.42836525586,optimize_random_heur,17078.991629128068,1191.2536828517914,13609.1156835364,0.9400664030595843,39658.84229957625,optimize_single_point_heur,17125.928913627547,1.6825580596923828,13907.354258653306,0.9606675994255565,40192.214601764426,optimize_single_point_heur,17457.213281208224,2.4351863861083984,13007.85486304306,0.8985335724212491,41281.69798374185,optimize_single_point_heur,17747.338259053733,31.602458238601685,12166.831154012101,0.840438825383937,37509.39844588441,optimize_single_point_heur,16274.186595290497,29.530606031417847,12539.266607939531,0.8661652624050413,38568.057747432904,optimize_single_point_heur,17244.850910596877,30.517242670059204,8705.583732934805,0.6013489029455763,33292.88524887435,optimize_single_point_heur,12548.410312014274,30.789307594299316
2026-03-12 13:55:07,config_resnet_spt_area_0.5_hw_0.5_seed_0,inputs/task_graph_topology/soda-benchmark-graphs/pytorch-graphs/rez_net_tosa.dot,362,0.5,0.5,1.0,0.5,42,9311.942737816993,33103.829961925556,3.554986418407263,33103.829961925556,None,13322.5504469303,0.0,12292.559224264005,1.3200853538695365,34332.42544048837,optimize_random_heur,16708.580879965844,1.0910868644714355,9171.00043268687,0.9848643501041153,20413.76040788211,optimize_swarm_heur,18074.47520850601,1185.7795572280884,11464.408196055472,1.2311510625486388,33778.56798723897,optimize_random_heur,15437.830365976119,1243.3977901935577,12228.64656146403,1.3132218384249645,34376.73705842531,optimize_single_point_heur,16388.733211376893,1.8210322856903076,12477.319274060408,1.3399265465184205,35781.654856688794,optimize_single_point_heur,16979.41908100072,1.6460490226745605,10849.22682698431,1.165087364951699,32870.90214866349,optimize_single_point_heur,15212.79106722823,34.59062933921814,10887.095919698011,1.1691540880598545,34153.344423892944,optimize_single_point_heur,14884.81347784609,31.10985040664673,10959.12759896185,1.176889496372806,33501.0601538237,optimize_single_point_heur,14956.342728090081,31.137604475021362,7114.291032932225,0.763996432671367,30183.386893750674,optimize_single_point_heur,11125.543560919097,31.743459701538086
2026-03-12 13:55:59,config_resnet_spt_area_0.5_hw_0.9_seed_0,inputs/task_graph_topology/soda-benchmark-graphs/pytorch-graphs/rez_net_tosa.dot,362,0.9,0.5,1.0,0.5,42,14476.759981256146,36964.18800115859,2.5533467467180606,36964.18800115859,None,18285.066572794603,0.0,13877.627623101582,0.9586141955154127,37889.30170592251,optimize_random_heur,18218.157058910194,1.050175666809082,9234.970143494504,0.6379169203227466,20084.61794438328,optimize_swarm_heur,18130.653934689843,1103.4406232833862,12924.302760339746,0.8927621081701671,37847.42836525586,optimize_random_heur,17078.991629128068,1232.1109409332275,13609.1156835364,0.9400664030595843,39658.84229957625,optimize_single_point_heur,17125.928913627547,1.7205824851989746,13907.354258653306,0.9606675994255565,40192.214601764426,optimize_single_point_heur,17457.213281208224,2.4930849075317383,13007.85486304306,0.8985335724212491,41281.69798374185,optimize_single_point_heur,17747.338259053733,32.40953969955444,12166.831154012101,0.840438825383937,37509.39844588441,optimize_single_point_heur,16274.186595290497,29.645116329193115,12539.266607939531,0.8661652624050413,38568.057747432904,optimize_single_point_heur,17244.850910596877,30.62849998474121,8705.583732934805,0.6013489029455763,33292.88524887435,optimize_single_point_heur,12548.410312014274,31.19644331932068
2026-03-12 13:56:57,config_resnet_spt_area_0.5_hw_0.9_seed_2,inputs/task_graph_topology/soda-benchmark-graphs/pytorch-graphs/rez_net_tosa.dot,362,0.9,0.5,1.0,0.5,42,14476.759981256146,36964.18800115859,2.5533467467180606,36964.18800115859,None,18285.066572794603,0.0,13877.627623101582,0.9586141955154127,37889.30170592251,optimize_random_heur,18218.157058910194,1.054994821548462,9234.970143494504,0.6379169203227466,20084.61794438328,optimize_swarm_heur,18130.653934689843,1124.2233188152313,12924.302760339746,0.8927621081701671,37847.42836525586,optimize_random_heur,17078.991629128068,1232.3671503067017,13609.1156835364,0.9400664030595843,39658.84229957625,optimize_single_point_heur,17125.928913627547,1.7371690273284912,13907.354258653306,0.9606675994255565,40192.214601764426,optimize_single_point_heur,17457.213281208224,2.528468370437622,13007.85486304306,0.8985335724212491,41281.69798374185,optimize_single_point_heur,17747.338259053733,33.04094099998474,12166.831154012101,0.840438825383937,37509.39844588441,optimize_single_point_heur,16274.186595290497,30.475184679031372,12539.266607939531,0.8661652624050413,38568.057747432904,optimize_single_point_heur,17244.850910596877,31.381193161010742,8705.583732934805,0.6013489029455763,33292.88524887435,optimize_single_point_heur,12548.410312014274,32.206968545913696
2026-03-12 13:56:59,config_resnet_spt_area_0.5_hw_0.7_seed_1,inputs/task_graph_topology/soda-benchmark-graphs/pytorch-graphs/rez_net_tosa.dot,362,0.7,0.5,1.0,0.5,42,12459.889958209249,35018.604906863926,2.810506756024099,35018.604906863926,None,15652.672074748769,0.0,13085.093423682785,1.05017728628186,36110.853066955286,optimize_random_heur,17458.283834547965,1.140458345413208,9171.00043268687,0.7360418481580986,20474.649335670034,optimize_swarm_heur,18074.47520850601,1192.3689341545105,12151.582210651057,0.9752559815060756,35605.67029961118,optimize_random_heur,16069.301147242513,1240.5814023017883,13002.65035290475,1.0435606090034448,36231.31131509844,optimize_single_point_heur,17143.92500152809,1.7945783138275146,13240.732684191331,1.062668508999762,38475.29282829458,optimize_single_point_heur,16797.046490721434,2.605893135070801,11231.07254100602,0.9013781484969201,35061.63883062419,optimize_single_point_heur,14897.498863383882,35.28648066520691,11490.818736945723,0.9222247367742562,35862.778059570985,optimize_single_point_heur,15933.253442334133,32.13059854507446,11616.305417379415,0.9322959878731485,36638.31705225913,optimize_single_point_heur,15834.34896884032,29.781681060791016,7813.454527977627,0.6270885661257145,31887.35090217955,optimize_single_point_heur,12206.360740549231,32.00152778625488
2026-03-12 14:00:33,config_resnet_spt_area_0.5_hw_0.9_seed_3,inputs/task_graph_topology/soda-benchmark-graphs/pytorch-graphs/rez_net_tosa.dot,362,0.9,0.5,1.0,0.5,42,14476.759981256146,36964.18800115859,2.5533467467180606,36964.18800115859,None,18285.066572794603,0.0,13877.627623101582,0.9586141955154127,37889.30170592251,optimize_random_heur,18218.157058910194,1.1503207683563232,9234.970143494504,0.6379169203227466,20084.61794438328,optimize_swarm_heur,18130.653934689843,1206.5033829212189,12924.302760339746,0.8927621081701671,37847.42836525586,optimize_random_heur,17078.991629128068,1326.2537724971771,13609.1156835364,0.9400664030595843,39658.84229957625,optimize_single_point_heur,17125.928913627547,1.8212931156158447,13907.354258653306,0.9606675994255565,40192.214601764426,optimize_single_point_heur,17457.213281208224,2.682262659072876,13007.85486304306,0.8985335724212491,41281.69798374185,optimize_single_point_heur,17747.338259053733,34.8365535736084,12166.831154012101,0.840438825383937,37509.39844588441,optimize_single_point_heur,16274.186595290497,31.565136432647705,12539.266607939531,0.8661652624050413,38568.057747432904,optimize_single_point_heur,17244.850910596877,32.709468364715576,8705.583732934805,0.6013489029455763,33292.88524887435,optimize_single_point_heur,12548.410312014274,34.158395528793335
2026-03-12 14:04:46,config_resnet_spt_area_0.7_hw_0.3_seed_0,inputs/task_graph_topology/soda-benchmark-graphs/pytorch-graphs/rez_net_tosa.dot,362,0.3,0.5,1.0,0.7,42,5629.515000900963,24136.994087574298,4.287579673153255,24136.994087574298,None,9343.869573768468,0.0,11173.672068390719,1.9848374267769877,33197.6060057136,optimize_random_heur,15163.124321285808,1.8389315605163574,6556.301299963902,1.1646298657903236,28972.674341467453,optimize_swarm_heur,9651.83327529805,1557.163260936737,6848.548471718423,1.2165432493957937,28898.642380944042,optimize_random_heur,9834.675227272826,1160.3879380226135,10816.350780001527,1.9213645897151794,33665.32545244737,optimize_single_point_heur,14691.75590469762,3.1074953079223633,11276.90470594906,2.0031751765728085,32949.93812005896,optimize_single_point_heur,15187.726770332085,2.894660711288452,11447.907990345198,2.0335513784958463,34758.410294531015,optimize_single_point_heur,15548.006363704277,31.09778070449829,9386.03310367434,1.667289829083353,30631.591594561884,optimize_single_point_heur,12764.86570875876,34.394956827163696,8902.30842079286,1.5813633002786405,31136.101438492384,optimize_single_point_heur,12258.89280191603,33.49885439872742,4918.853803559002,0.8737615589925197,25567.873475692715,optimize_single_point_heur,8007.706700521001,24.499330759048462
2026-03-12 14:05:47,config_resnet_spt_area_0.7_hw_0.1_seed_2,inputs/task_graph_topology/soda-benchmark-graphs/pytorch-graphs/rez_net_tosa.dot,362,0.1,0.5,1.0,0.7,42,1876.8712304770884,20695.777558494166,11.026743456040634,20695.777558494166,None,7879.012729836811,0.0,10389.80819912404,5.535706462122614,31333.325834088122,optimize_random_heur,14388.087674951428,1.9524106979370117,5780.921847873651,3.080084426678637,24356.815321465292,optimize_swarm_heur,8474.163397722301,1603.8110129833221,5168.704852602929,2.7538942302872202,23999.718693831517,optimize_random_heur,7566.25721600579,1199.3073544502258,9949.142162243636,5.300918891337382,31732.850739617752,optimize_single_point_heur,13857.764180681095,3.315106153488159,10378.022316902514,5.529426925183614,30894.08642164162,optimize_single_point_heur,14327.080136230112,3.0949885845184326,9775.146943876598,5.2082139600977415,31122.349979539456,optimize_single_point_heur,14069.641164186101,34.297210693359375,7416.964541357227,3.951770596148934,26724.533231989346,optimize_single_point_heur,11149.47071956065,35.75232768058777,7652.582396214529,4.077308166884359,25002.057274726158,optimize_single_point_heur,11414.563329250648,35.651533365249634,3585.979095323159,1.9106154098870314,22319.0049672637,optimize_single_point_heur,7042.985070277926,24.473408937454224
2026-03-12 14:05:54,config_resnet_spt_area_0.7_hw_0.1_seed_1,inputs/task_graph_topology/soda-benchmark-graphs/pytorch-graphs/rez_net_tosa.dot,362,0.1,0.5,1.0,0.7,42,1876.8712304770884,20695.777558494166,11.026743456040634,20695.777558494166,None,7879.012729836811,0.0,10389.80819912404,5.535706462122614,31333.325834088122,optimize_random_heur,14388.087674951428,1.9170970916748047,5780.921847873651,3.080084426678637,24356.815321465292,optimize_swarm_heur,8474.163397722301,1579.2457156181335,5168.704852602929,2.7538942302872202,23999.718693831517,optimize_random_heur,7566.25721600579,1227.375795841217,9949.142162243636,5.300918891337382,31732.850739617752,optimize_single_point_heur,13857.764180681095,3.315580368041992,10378.022316902514,5.529426925183614,30894.08642164162,optimize_single_point_heur,14327.080136230112,3.106656789779663,9775.146943876598,5.2082139600977415,31122.349979539456,optimize_single_point_heur,14069.641164186101,33.80041456222534,7416.964541357227,3.951770596148934,26724.533231989346,optimize_single_point_heur,11149.47071956065,35.97641968727112,7652.582396214529,4.077308166884359,25002.057274726158,optimize_single_point_heur,11414.563329250648,35.69409680366516,3585.979095323159,1.9106154098870314,22319.0049672637,optimize_single_point_heur,7042.985070277926,24.589239835739136
2026-03-12 14:07:54,config_resnet_spt_area_0.9_hw_0.1_seed_1,inputs/task_graph_topology/soda-benchmark-graphs/pytorch-graphs/rez_net_tosa.dot,362,0.1,0.5,1.0,0.9,42,1876.8712304770884,11274.035663724435,6.006824272573377,11274.035663724435,None,3298.991959019001,0.0,10389.80819912404,5.535706462122614,31333.325834088122,optimize_random_heur,14388.087674951428,1.8803317546844482,1992.3169851134946,1.061509683116119,11153.468183980754,optimize_swarm_heur,3627.278134481985,1516.6346971988678,3842.1937733252357,2.0471270010082554,16040.973796605405,optimize_random_heur,6006.717619888539,1087.4853591918945,9949.142162243636,5.300918891337382,31732.850739617752,optimize_single_point_heur,13857.764180681095,3.1326205730438232,10378.022316902514,5.529426925183614,30894.08642164162,optimize_single_point_heur,14327.080136230112,2.92395281791687,9775.146943876598,5.2082139600977415,31122.349979539456,optimize_single_point_heur,14069.641164186101,32.2069137096405,7416.964541357227,3.951770596148934,26724.533231989346,optimize_single_point_heur,11149.47071956065,34.17446541786194,7652.582396214529,4.077308166884359,25002.057274726158,optimize_single_point_heur,11414.563329250648,34.351529359817505,3567.238883332213,1.9006305948999198,20917.060794952173,optimize_single_point_heur,6485.265501561635,24.15529775619507
2026-03-12 14:08:20,config_resnet_spt_area_0.7_hw_0.1_seed_3,inputs/task_graph_topology/soda-benchmark-graphs/pytorch-graphs/rez_net_tosa.dot,362,0.1,0.5,1.0,0.7,42,1876.8712304770884,20695.777558494166,11.026743456040634,20695.777558494166,None,7879.012729836811,0.0,10389.80819912404,5.535706462122614,31333.325834088122,optimize_random_heur,14388.087674951428,1.9235587120056152,5780.921847873651,3.080084426678637,24356.815321465292,optimize_swarm_heur,8474.163397722301,1659.9730560779572,5168.704852602929,2.7538942302872202,23999.718693831517,optimize_random_heur,7566.25721600579,1260.328477859497,9949.142162243636,5.300918891337382,31732.850739617752,optimize_single_point_heur,13857.764180681095,3.3454339504241943,10378.022316902514,5.529426925183614,30894.08642164162,optimize_single_point_heur,14327.080136230112,3.1617119312286377,9775.146943876598,5.2082139600977415,31122.349979539456,optimize_single_point_heur,14069.641164186101,35.75114178657532,7416.964541357227,3.951770596148934,26724.533231989346,optimize_single_point_heur,11149.47071956065,35.60536193847656,7652.582396214529,4.077308166884359,25002.057274726158,optimize_single_point_heur,11414.563329250648,35.6813759803772,3585.979095323159,1.9106154098870314,22319.0049672637,optimize_single_point_heur,7042.985070277926,24.487708568572998
2026-03-12 14:08:23,config_resnet_spt_area_0.7_hw_0.3_seed_1,inputs/task_graph_topology/soda-benchmark-graphs/pytorch-graphs/rez_net_tosa.dot,362,0.3,0.5,1.0,0.7,42,5629.515000900963,24136.994087574298,4.287579673153255,24136.994087574298,None,9343.869573768468,0.0,11173.672068390719,1.9848374267769877,33197.6060057136,optimize_random_heur,15163.124321285808,1.959425687789917,6556.301299963902,1.1646298657903236,28972.674341467453,optimize_swarm_heur,9651.83327529805,1686.0004563331604,6848.548471718423,1.2165432493957937,28898.642380944042,optimize_random_heur,9834.675227272826,1235.837161064148,10816.350780001527,1.9213645897151794,33665.32545244737,optimize_single_point_heur,14691.75590469762,3.398991107940674,11276.90470594906,2.0031751765728085,32949.93812005896,optimize_single_point_heur,15187.726770332085,3.166853904724121,11447.907990345198,2.0335513784958463,34758.410294531015,optimize_single_point_heur,15548.006363704277,34.89485716819763,9386.03310367434,1.667289829083353,30631.591594561884,optimize_single_point_heur,12764.86570875876,36.691654205322266,8902.30842079286,1.5813633002786405,31136.101438492384,optimize_single_point_heur,12258.89280191603,35.8792986869812,4918.853803559002,0.8737615589925197,25567.873475692715,optimize_single_point_heur,8007.706700521001,26.709057569503784
2026-03-12 14:08:47,config_resnet_spt_area_0.7_hw_0.3_seed_3,inputs/task_graph_topology/soda-benchmark-graphs/pytorch-graphs/rez_net_tosa.dot,362,0.3,0.5,1.0,0.7,42,5629.515000900963,24136.994087574298,4.287579673153255,24136.994087574298,None,9343.869573768468,0.0,11173.672068390719,1.9848374267769877,33197.6060057136,optimize_random_heur,15163.124321285808,1.9603650569915771,6556.301299963902,1.1646298657903236,28972.674341467453,optimize_swarm_heur,9651.83327529805,1668.7036657333374,6848.548471718423,1.2165432493957937,28898.642380944042,optimize_random_heur,9834.675227272826,1236.6569063663483,10816.350780001527,1.9213645897151794,33665.32545244737,optimize_single_point_heur,14691.75590469762,3.404762029647827,11276.90470594906,2.0031751765728085,32949.93812005896,optimize_single_point_heur,15187.726770332085,3.160329818725586,11447.907990345198,2.0335513784958463,34758.410294531015,optimize_single_point_heur,15548.006363704277,34.04319453239441,9386.03310367434,1.667289829083353,30631.591594561884,optimize_single_point_heur,12764.86570875876,36.67223906517029,8902.30842079286,1.5813633002786405,31136.101438492384,optimize_single_point_heur,12258.89280191603,35.9697368144989,4918.853803559002,0.8737615589925197,25567.873475692715,optimize_single_point_heur,8007.706700521001,26.53813600540161
2026-03-12 14:09:17,config_resnet_spt_area_0.7_hw_0.3_seed_2,inputs/task_graph_topology/soda-benchmark-graphs/pytorch-graphs/rez_net_tosa.dot,362,0.3,0.5,1.0,0.7,42,5629.515000900963,24136.994087574298,4.287579673153255,24136.994087574298,None,9343.869573768468,0.0,11173.672068390719,1.9848374267769877,33197.6060057136,optimize_random_heur,15163.124321285808,1.9860477447509766,6556.301299963902,1.1646298657903236,28972.674341467453,optimize_swarm_heur,9651.83327529805,1671.126977443695,6848.548471718423,1.2165432493957937,28898.642380944042,optimize_random_heur,9834.675227272826,1262.4857332706451,10816.350780001527,1.9213645897151794,33665.32545244737,optimize_single_point_heur,14691.75590469762,3.4042885303497314,11276.90470594906,2.0031751765728085,32949.93812005896,optimize_single_point_heur,15187.726770332085,3.1746602058410645,11447.907990345198,2.0335513784958463,34758.410294531015,optimize_single_point_heur,15548.006363704277,33.723196029663086,9386.03310367434,1.667289829083353,30631.591594561884,optimize_single_point_heur,12764.86570875876,37.842418909072876,8902.30842079286,1.5813633002786405,31136.101438492384,optimize_single_point_heur,12258.89280191603,36.34368681907654,4918.853803559002,0.8737615589925197,25567.873475692715,optimize_single_point_heur,8007.706700521001,27.241355180740356
2026-03-12 14:09:23,config_resnet_spt_area_0.7_hw_0.5_seed_2,inputs/task_graph_topology/soda-benchmark-graphs/pytorch-graphs/rez_net_tosa.dot,362,0.5,0.5,1.0,0.7,42,9311.942737816993,27806.910889348575,2.9861557005093196,27806.910889348575,None,10581.937429858372,0.0,12002.529303494193,1.288939337518731,35061.896487746824,optimize_random_heur,15950.336680658902,1.8140552043914795,9152.582190913632,0.982886433970843,20181.33492170821,optimize_swarm_heur,17813.184552253093,1761.6811838150024,7670.360884485873,0.8237122049017284,28098.16683951256,optimize_random_heur,10576.798094659574,1155.8408346176147,11683.559397759416,1.2546854858021177,35597.80016527701,optimize_single_point_heur,15558.964522455515,3.114891767501831,12195.897242522937,1.3097049225822486,35005.841528141216,optimize_single_point_heur,16024.871694862082,2.8929615020751953,11450.355945094378,1.2296420057001656,35497.91245961069,optimize_single_point_heur,14367.734438448244,31.169793128967285,10510.556292137879,1.1287178828380422,33544.45405822393,optimize_single_point_heur,14101.460999090117,33.848037004470825,10255.123709367988,1.1012872392052644,32420.782646609237,optimize_single_point_heur,14533.746128902092,33.75472593307495,6633.973983768722,0.7124156763579853,29531.5167467803,optimize_single_point_heur,9844.79772532789,26.27798080444336
2026-03-12 14:09:33,config_resnet_spt_area_0.9_hw_0.3_seed_2,inputs/task_graph_topology/soda-benchmark-graphs/pytorch-graphs/rez_net_tosa.dot,362,0.3,0.5,1.0,0.9,42,5629.515000900963,14417.969443707758,2.5611388265952337,14417.969443707758,None,4404.222246279361,0.0,11173.672068390719,1.9848374267769877,33197.6060057136,optimize_random_heur,15163.124321285808,1.820835828781128,3171.3932577682103,0.5633510626156342,12952.423074885353,optimize_swarm_heur,3680.7991232383692,1517.4940264225006,5337.963232571348,0.9482101445181416,22565.4066606564,optimize_random_heur,7811.286473787801,1083.5728430747986,10816.350780001527,1.9213645897151794,33665.32545244737,optimize_single_point_heur,14691.75590469762,3.1333706378936768,11276.90470594906,2.0031751765728085,32949.93812005896,optimize_single_point_heur,15187.726770332085,2.9255707263946533,11447.907990345198,2.0335513784958463,34758.410294531015,optimize_single_point_heur,15548.006363704277,31.217751026153564,9386.03310367434,1.667289829083353,30631.591594561884,optimize_single_point_heur,12764.86570875876,34.16610550880432,8902.30842079286,1.5813633002786405,31136.101438492384,optimize_single_point_heur,12258.89280191603,33.53386926651001,4545.557031118354,0.8074509136916538,21929.75090663252,optimize_single_point_heur,7419.781112888395,24.63261079788208
2026-03-12 14:10:24,config_resnet_spt_area_0.9_hw_0.3_seed_1,inputs/task_graph_topology/soda-benchmark-graphs/pytorch-graphs/rez_net_tosa.dot,362,0.3,0.5,1.0,0.9,42,5629.515000900963,14417.969443707758,2.5611388265952337,14417.969443707758,None,4404.222246279361,0.0,11173.672068390719,1.9848374267769877,33197.6060057136,optimize_random_heur,15163.124321285808,1.8802731037139893,3171.3932577682103,0.5633510626156342,12952.423074885353,optimize_swarm_heur,3680.7991232383692,1532.085641860962,5337.963232571348,0.9482101445181416,22565.4066606564,optimize_random_heur,7811.286473787801,1113.488904953003,10816.350780001527,1.9213645897151794,33665.32545244737,optimize_single_point_heur,14691.75590469762,3.252609968185425,11276.90470594906,2.0031751765728085,32949.93812005896,optimize_single_point_heur,15187.726770332085,3.042680025100708,11447.907990345198,2.0335513784958463,34758.410294531015,optimize_single_point_heur,15548.006363704277,32.94671607017517,9386.03310367434,1.667289829083353,30631.591594561884,optimize_single_point_heur,12764.86570875876,35.53722882270813,8902.30842079286,1.5813633002786405,31136.101438492384,optimize_single_point_heur,12258.89280191603,34.66744422912598,4545.557031118354,0.8074509136916538,21929.75090663252,optimize_single_point_heur,7419.781112888395,25.840842723846436
2026-03-12 14:10:35,config_resnet_spt_area_0.7_hw_0.5_seed_3,inputs/task_graph_topology/soda-benchmark-graphs/pytorch-graphs/rez_net_tosa.dot,362,0.5,0.5,1.0,0.7,42,9311.942737816993,27806.910889348575,2.9861557005093196,27806.910889348575,None,10581.937429858372,0.0,12002.529303494193,1.288939337518731,35061.896487746824,optimize_random_heur,15950.336680658902,1.8604798316955566,9152.582190913632,0.982886433970843,20181.33492170821,optimize_swarm_heur,17813.184552253093,1784.841002702713,7670.360884485873,0.8237122049017284,28098.16683951256,optimize_random_heur,10576.798094659574,1198.8189861774445,11683.559397759416,1.2546854858021177,35597.80016527701,optimize_single_point_heur,15558.964522455515,3.2315433025360107,12195.897242522937,1.3097049225822486,35005.841528141216,optimize_single_point_heur,16024.871694862082,3.001447916030884,11450.355945094378,1.2296420057001656,35497.91245961069,optimize_single_point_heur,14367.734438448244,32.219310998916626,10510.556292137879,1.1287178828380422,33544.45405822393,optimize_single_point_heur,14101.460999090117,35.2235951423645,10255.123709367988,1.1012872392052644,32420.782646609237,optimize_single_point_heur,14533.746128902092,34.79196906089783,6633.973983768722,0.7124156763579853,29531.5167467803,optimize_single_point_heur,9844.79772532789,26.731614351272583
2026-03-12 14:11:07,config_resnet_spt_area_0.7_hw_0.7_seed_1,inputs/task_graph_topology/soda-benchmark-graphs/pytorch-graphs/rez_net_tosa.dot,362,0.7,0.5,1.0,0.7,42,12459.889958209249,30387.426351701426,2.438819801268032,30387.426351701426,None,13248.824127957305,0.0,12890.796478793898,1.0345834932756164,36926.19755227961,optimize_random_heur,16771.697112545604,1.8772192001342773,9202.477492514021,0.7385681192514009,20114.477340799593,optimize_swarm_heur,17824.183003765014,1752.6688904762268,9296.573633822947,0.746120043194913,32380.353234787577,optimize_random_heur,12295.046573645532,1222.9675459861755,12550.768015517295,1.007293648468233,37530.285460606225,optimize_single_point_heur,16426.173140213396,3.2603940963745117,13013.048772146849,1.0443951604542983,37063.654158707424,optimize_single_point_heur,16827.73976788644,3.1119818687438965,12560.045519170106,1.0080382380018427,38327.89662495986,optimize_single_point_heur,16586.41938095396,34.4525625705719,11144.23090776044,0.8944084534565266,37461.53154897465,optimize_single_point_heur,15820.001873119169,36.36186718940735,11510.215457959865,0.923781469705221,34579.847575044245,optimize_single_point_heur,15068.121670598426,36.47492527961731,7312.375230396503,0.5868731790507279,33924.52142828821,optimize_single_point_heur,11031.990070381613,28.281057119369507
2026-03-12 14:11:16,config_resnet_spt_area_0.7_hw_0.5_seed_1,inputs/task_graph_topology/soda-benchmark-graphs/pytorch-graphs/rez_net_tosa.dot,362,0.5,0.5,1.0,0.7,42,9311.942737816993,27806.910889348575,2.9861557005093196,27806.910889348575,None,10581.937429858372,0.0,12002.529303494193,1.288939337518731,35061.896487746824,optimize_random_heur,15950.336680658902,1.9354667663574219,9152.582190913632,0.982886433970843,20181.33492170821,optimize_swarm_heur,17813.184552253093,1826.0859129428864,7670.360884485873,0.8237122049017284,28098.16683951256,optimize_random_heur,10576.798094659574,1224.8372163772583,11683.559397759416,1.2546854858021177,35597.80016527701,optimize_single_point_heur,15558.964522455515,3.3672049045562744,12195.897242522937,1.3097049225822486,35005.841528141216,optimize_single_point_heur,16024.871694862082,3.1404099464416504,11450.355945094378,1.2296420057001656,35497.91245961069,optimize_single_point_heur,14367.734438448244,34.54653549194336,10510.556292137879,1.1287178828380422,33544.45405822393,optimize_single_point_heur,14101.460999090117,36.477070331573486,10255.123709367988,1.1012872392052644,32420.782646609237,optimize_single_point_heur,14533.746128902092,36.5495924949646,6633.973983768722,0.7124156763579853,29531.5167467803,optimize_single_point_heur,9844.79772532789,28.96381950378418
2026-03-12 14:11:18,config_resnet_spt_area_0.7_hw_0.5_seed_0,inputs/task_graph_topology/soda-benchmark-graphs/pytorch-graphs/rez_net_tosa.dot,362,0.5,0.5,1.0,0.7,42,9311.942737816993,27806.910889348575,2.9861557005093196,27806.910889348575,None,10581.937429858372,0.0,12002.529303494193,1.288939337518731,35061.896487746824,optimize_random_heur,15950.336680658902,1.946699857711792,9152.582190913632,0.982886433970843,20181.33492170821,optimize_swarm_heur,17813.184552253093,1845.746728181839,7670.360884485873,0.8237122049017284,28098.16683951256,optimize_random_heur,10576.798094659574,1211.265240430832,11683.559397759416,1.2546854858021177,35597.80016527701,optimize_single_point_heur,15558.964522455515,3.287827968597412,12195.897242522937,1.3097049225822486,35005.841528141216,optimize_single_point_heur,16024.871694862082,3.0789568424224854,11450.355945094378,1.2296420057001656,35497.91245961069,optimize_single_point_heur,14367.734438448244,33.237419843673706,10510.556292137879,1.1287178828380422,33544.45405822393,optimize_single_point_heur,14101.460999090117,35.97288656234741,10255.123709367988,1.1012872392052644,32420.782646609237,optimize_single_point_heur,14533.746128902092,35.992645025253296,6633.973983768722,0.7124156763579853,29531.5167467803,optimize_single_point_heur,9844.79772532789,28.255733251571655
2026-03-12 14:11:19,config_resnet_spt_area_0.9_hw_0.1_seed_3,inputs/task_graph_topology/soda-benchmark-graphs/pytorch-graphs/rez_net_tosa.dot,362,0.1,0.5,1.0,0.9,42,1876.8712304770884,11274.035663724435,6.006824272573377,11274.035663724435,None,3298.991959019001,0.0,10389.80819912404,5.535706462122614,31333.325834088122,optimize_random_heur,14388.087674951428,1.953505277633667,1992.3169851134946,1.061509683116119,11153.468183980754,optimize_swarm_heur,3627.278134481985,1594.8689181804657,3842.1937733252357,2.0471270010082554,16040.973796605405,optimize_random_heur,6006.717619888539,1136.8706622123718,9949.142162243636,5.300918891337382,31732.850739617752,optimize_single_point_heur,13857.764180681095,3.3450067043304443,10378.022316902514,5.529426925183614,30894.08642164162,optimize_single_point_heur,14327.080136230112,3.110795736312866,9775.146943876598,5.2082139600977415,31122.349979539456,optimize_single_point_heur,14069.641164186101,34.04553747177124,7416.964541357227,3.951770596148934,26724.533231989346,optimize_single_point_heur,11149.47071956065,35.80905342102051,7652.582396214529,4.077308166884359,25002.057274726158,optimize_single_point_heur,11414.563329250648,35.6432671546936,3567.238883332213,1.9006305948999198,20917.060794952173,optimize_single_point_heur,6485.265501561635,25.274523973464966
2026-03-12 14:11:40,config_resnet_spt_area_0.7_hw_0.9_seed_1,inputs/task_graph_topology/soda-benchmark-graphs/pytorch-graphs/rez_net_tosa.dot,362,0.9,0.5,1.0,0.7,42,14476.759981256146,34435.97424728404,2.378707272336502,34435.97424728404,None,15459.708042985432,0.0,13779.063654093625,0.9518057681369404,38790.51962931272,optimize_random_heur,17439.255749956304,1.8206501007080078,9144.313439991312,0.6316546970337946,19638.485444368875,optimize_swarm_heur,18147.302473804026,1750.934644460678,10482.040383310172,0.724059830851782,34305.169640202315,optimize_random_heur,13119.031993516493,1199.3050372600555,13417.976633275186,0.9268632380897505,39462.79176843573,optimize_single_point_heur,17293.381757971296,3.208566427230835,13790.153706746147,0.952571827163054,39061.508099953506,optimize_single_point_heur,17629.04171483721,3.0564465522766113,13908.708650964178,0.9607611557401342,40473.62357569024,optimize_single_point_heur,17698.18355900193,32.421751499176025,11970.865995409311,0.8269022910450022,37187.071409588134,optimize_single_point_heur,15753.465669053141,35.895891427993774,12201.34466175796,0.8428228883780424,37054.06697092552,optimize_single_point_heur,15725.828052692226,35.70048260688782,8730.13874311121,0.603045070472578,33439.1565415338,optimize_single_point_heur,12895.896946316067,31.986860752105713
2026-03-12 14:11:46,config_resnet_spt_area_0.9_hw_0.3_seed_0,inputs/task_graph_topology/soda-benchmark-graphs/pytorch-graphs/rez_net_tosa.dot,362,0.3,0.5,1.0,0.9,42,5629.515000900963,14417.969443707758,2.5611388265952337,14417.969443707758,None,4404.222246279361,0.0,11173.672068390719,1.9848374267769877,33197.6060057136,optimize_random_heur,15163.124321285808,1.9308807849884033,3171.3932577682103,0.5633510626156342,12952.423074885353,optimize_swarm_heur,3680.7991232383692,1600.644023180008,5337.963232571348,0.9482101445181416,22565.4066606564,optimize_random_heur,7811.286473787801,1157.969520330429,10816.350780001527,1.9213645897151794,33665.32545244737,optimize_single_point_heur,14691.75590469762,3.3858776092529297,11276.90470594906,2.0031751765728085,32949.93812005896,optimize_single_point_heur,15187.726770332085,3.1493635177612305,11447.907990345198,2.0335513784958463,34758.410294531015,optimize_single_point_heur,15548.006363704277,33.87907862663269,9386.03310367434,1.667289829083353,30631.591594561884,optimize_single_point_heur,12764.86570875876,35.907854080200195,8902.30842079286,1.5813633002786405,31136.101438492384,optimize_single_point_heur,12258.89280191603,35.149415254592896,4545.557031118354,0.8074509136916538,21929.75090663252,optimize_single_point_heur,7419.781112888395,26.003742218017578
2026-03-12 14:12:22,config_resnet_spt_area_0.7_hw_0.7_seed_0,inputs/task_graph_topology/soda-benchmark-graphs/pytorch-graphs/rez_net_tosa.dot,362,0.7,0.5,1.0,0.7,42,12459.889958209249,30387.426351701426,2.438819801268032,30387.426351701426,None,13248.824127957305,0.0,12890.796478793898,1.0345834932756164,36926.19755227961,optimize_random_heur,16771.697112545604,1.9302942752838135,9202.477492514021,0.7385681192514009,20114.477340799593,optimize_swarm_heur,17824.183003765014,1815.6988244056702,9296.573633822947,0.746120043194913,32380.353234787577,optimize_random_heur,12295.046573645532,1236.313827753067,12550.768015517295,1.007293648468233,37530.285460606225,optimize_single_point_heur,16426.173140213396,3.346559762954712,13013.048772146849,1.0443951604542983,37063.654158707424,optimize_single_point_heur,16827.73976788644,3.146670341491699,12560.045519170106,1.0080382380018427,38327.89662495986,optimize_single_point_heur,16586.41938095396,33.68062710762024,11144.23090776044,0.8944084534565266,37461.53154897465,optimize_single_point_heur,15820.001873119169,36.11791181564331,11510.215457959865,0.923781469705221,34579.847575044245,optimize_single_point_heur,15068.121670598426,36.68511176109314,7312.375230396503,0.5868731790507279,33924.52142828821,optimize_single_point_heur,11031.990070381613,28.34727931022644
2026-03-12 14:13:14,config_resnet_spt_area_0.9_hw_0.5_seed_3,inputs/task_graph_topology/soda-benchmark-graphs/pytorch-graphs/rez_net_tosa.dot,362,0.5,0.5,1.0,0.9,42,9311.942737816993,14871.98502040613,1.5970872501190425,14871.98502040613,None,6260.566999633739,0.0,12002.529303494193,1.288939337518731,35061.896487746824,optimize_random_heur,15950.336680658902,1.8156883716583252,5135.467065490813,0.5514925521003284,16257.98393228553,optimize_swarm_heur,5620.336393587704,1517.1069955825806,6654.5847788421515,0.7146290485461245,23990.842355158296,optimize_random_heur,8796.198692612572,1083.1864366531372,11683.559397759416,1.2546854858021177,35597.80016527701,optimize_single_point_heur,15558.964522455515,3.182258129119873,12195.897242522937,1.3097049225822486,35005.841528141216,optimize_single_point_heur,16024.871694862082,2.9412946701049805,11450.355945094378,1.2296420057001656,35497.91245961069,optimize_single_point_heur,14367.734438448244,31.685051441192627,10510.556292137879,1.1287178828380422,33544.45405822393,optimize_single_point_heur,14101.460999090117,34.57105875015259,10255.123709367988,1.1012872392052644,32420.782646609237,optimize_single_point_heur,14533.746128902092,34.445716857910156,6634.7171975516785,0.7124954893254704,28369.29021850277,optimize_single_point_heur,9660.281819817481,26.646706342697144
2026-03-12 14:13:30,config_resnet_spt_area_0.9_hw_0.3_seed_3,inputs/task_graph_topology/soda-benchmark-graphs/pytorch-graphs/rez_net_tosa.dot,362,0.3,0.5,1.0,0.9,42,5629.515000900963,14417.969443707758,2.5611388265952337,14417.969443707758,None,4404.222246279361,0.0,11173.672068390719,1.9848374267769877,33197.6060057136,optimize_random_heur,15163.124321285808,1.9682812690734863,3171.3932577682103,0.5633510626156342,12952.423074885353,optimize_swarm_heur,3680.7991232383692,1641.5937082767487,5337.963232571348,0.9482101445181416,22565.4066606564,optimize_random_heur,7811.286473787801,1187.1101684570312,10816.350780001527,1.9213645897151794,33665.32545244737,optimize_single_point_heur,14691.75590469762,3.238266944885254,11276.90470594906,2.0031751765728085,32949.93812005896,optimize_single_point_heur,15187.726770332085,3.003976583480835,11447.907990345198,2.0335513784958463,34758.410294531015,optimize_single_point_heur,15548.006363704277,33.94048547744751,9386.03310367434,1.667289829083353,30631.591594561884,optimize_single_point_heur,12764.86570875876,35.805827140808105,8902.30842079286,1.5813633002786405,31136.101438492384,optimize_single_point_heur,12258.89280191603,34.803757190704346,4545.557031118354,0.8074509136916538,21929.75090663252,optimize_single_point_heur,7419.781112888395,25.922577381134033
2026-03-12 14:13:41,config_resnet_spt_area_0.7_hw_0.7_seed_3,inputs/task_graph_topology/soda-benchmark-graphs/pytorch-graphs/rez_net_tosa.dot,362,0.7,0.5,1.0,0.7,42,12459.889958209249,30387.426351701426,2.438819801268032,30387.426351701426,None,13248.824127957305,0.0,12890.796478793898,1.0345834932756164,36926.19755227961,optimize_random_heur,16771.697112545604,1.9359009265899658,9202.477492514021,0.7385681192514009,20114.477340799593,optimize_swarm_heur,17824.183003765014,1814.132310628891,9296.573633822947,0.746120043194913,32380.353234787577,optimize_random_heur,12295.046573645532,1255.2504589557648,12550.768015517295,1.007293648468233,37530.285460606225,optimize_single_point_heur,16426.173140213396,3.3731539249420166,13013.048772146849,1.0443951604542983,37063.654158707424,optimize_single_point_heur,16827.73976788644,3.2171928882598877,12560.045519170106,1.0080382380018427,38327.89662495986,optimize_single_point_heur,16586.41938095396,34.97987151145935,11144.23090776044,0.8944084534565266,37461.53154897465,optimize_single_point_heur,15820.001873119169,37.43768787384033,11510.215457959865,0.923781469705221,34579.847575044245,optimize_single_point_heur,15068.121670598426,37.67294669151306,7312.375230396503,0.5868731790507279,33924.52142828821,optimize_single_point_heur,11031.990070381613,29.166290521621704
2026-03-12 14:13:42,config_resnet_spt_area_0.7_hw_0.7_seed_2,inputs/task_graph_topology/soda-benchmark-graphs/pytorch-graphs/rez_net_tosa.dot,362,0.7,0.5,1.0,0.7,42,12459.889958209249,30387.426351701426,2.438819801268032,30387.426351701426,None,13248.824127957305,0.0,12890.796478793898,1.0345834932756164,36926.19755227961,optimize_random_heur,16771.697112545604,1.9423043727874756,9202.477492514021,0.7385681192514009,20114.477340799593,optimize_swarm_heur,17824.183003765014,1848.2288410663605,9296.573633822947,0.746120043194913,32380.353234787577,optimize_random_heur,12295.046573645532,1280.9578404426575,12550.768015517295,1.007293648468233,37530.285460606225,optimize_single_point_heur,16426.173140213396,3.3882904052734375,13013.048772146849,1.0443951604542983,37063.654158707424,optimize_single_point_heur,16827.73976788644,3.2173333168029785,12560.045519170106,1.0080382380018427,38327.89662495986,optimize_single_point_heur,16586.41938095396,34.972604274749756,11144.23090776044,0.8944084534565266,37461.53154897465,optimize_single_point_heur,15820.001873119169,37.001277923583984,11510.215457959865,0.923781469705221,34579.847575044245,optimize_single_point_heur,15068.121670598426,37.18144202232361,7312.375230396503,0.5868731790507279,33924.52142828821,optimize_single_point_heur,11031.990070381613,28.344263553619385
2026-03-12 14:14:09,config_resnet_spt_area_0.7_hw_0.1_seed_0,inputs/task_graph_topology/soda-benchmark-graphs/pytorch-graphs/rez_net_tosa.dot,362,0.1,0.5,1.0,0.7,42,1876.8712304770884,20695.777558494166,11.026743456040634,20695.777558494166,None,7879.012729836811,0.0,10389.80819912404,5.535706462122614,31333.325834088122,optimize_random_heur,14388.087674951428,2.2246177196502686,5780.921847873651,3.080084426678637,24356.815321465292,optimize_swarm_heur,8474.163397722301,1854.5486333370209,5168.704852602929,2.7538942302872202,23999.718693831517,optimize_random_heur,7566.25721600579,1420.7567410469055,9949.142162243636,5.300918891337382,31732.850739617752,optimize_single_point_heur,13857.764180681095,4.095757007598877,10378.022316902514,5.529426925183614,30894.08642164162,optimize_single_point_heur,14327.080136230112,3.7759196758270264,9775.146943876598,5.2082139600977415,31122.349979539456,optimize_single_point_heur,14069.641164186101,41.02744102478027,7416.964541357227,3.951770596148934,26724.533231989346,optimize_single_point_heur,11149.47071956065,42.73435974121094,7652.582396214529,4.077308166884359,25002.057274726158,optimize_single_point_heur,11414.563329250648,42.623135566711426,3585.979095323159,1.9106154098870314,22319.0049672637,optimize_single_point_heur,7042.985070277926,28.7653169631958
2026-03-12 14:15:27,config_resnet_spt_area_0.9_hw_0.7_seed_0,inputs/task_graph_topology/soda-benchmark-graphs/pytorch-graphs/rez_net_tosa.dot,362,0.7,0.5,1.0,0.9,42,12459.889958209249,21335.557149057477,1.712339131454404,21335.557149057477,None,9472.735801156185,0.0,12890.796478793898,1.0345834932756164,36926.19755227961,optimize_random_heur,16771.697112545604,1.825592279434204,6905.87148666296,0.5542481923857601,20338.830973749056,optimize_swarm_heur,7689.696678004613,1566.8008217811584,7732.018701347208,0.6205527277753312,25887.027889364686,optimize_random_heur,9537.190325139602,1086.284349679947,12550.768015517295,1.007293648468233,37530.285460606225,optimize_single_point_heur,16426.173140213396,3.112967014312744,13013.048772146849,1.0443951604542983,37063.654158707424,optimize_single_point_heur,16827.73976788644,2.937880516052246,12560.045519170106,1.0080382380018427,38327.89662495986,optimize_single_point_heur,16586.41938095396,31.828993558883667,11144.23090776044,0.8944084534565266,37461.53154897465,optimize_single_point_heur,15820.001873119169,34.649250745773315,11510.215457959865,0.923781469705221,34579.847575044245,optimize_single_point_heur,15068.121670598426,35.03205728530884,7362.46637454255,0.590893370586452,30363.22638083782,optimize_single_point_heur,10169.261811378368,26.291826009750366
2026-03-12 14:15:31,config_resnet_spt_area_0.9_hw_0.1_seed_0,inputs/task_graph_topology/soda-benchmark-graphs/pytorch-graphs/rez_net_tosa.dot,362,0.1,0.5,1.0,0.9,42,1876.8712304770884,11274.035663724435,6.006824272573377,11274.035663724435,None,3298.991959019001,0.0,10389.80819912404,5.535706462122614,31333.325834088122,optimize_random_heur,14388.087674951428,2.183095693588257,1992.3169851134946,1.061509683116119,11153.468183980754,optimize_swarm_heur,3627.278134481985,1755.4693179130554,3842.1937733252357,2.0471270010082554,16040.973796605405,optimize_random_heur,6006.717619888539,1307.0492718219757,9949.142162243636,5.300918891337382,31732.850739617752,optimize_single_point_heur,13857.764180681095,3.851546049118042,10378.022316902514,5.529426925183614,30894.08642164162,optimize_single_point_heur,14327.080136230112,3.6332385540008545,9775.146943876598,5.2082139600977415,31122.349979539456,optimize_single_point_heur,14069.641164186101,38.71613001823425,7416.964541357227,3.951770596148934,26724.533231989346,optimize_single_point_heur,11149.47071956065,41.36497449874878,7652.582396214529,4.077308166884359,25002.057274726158,optimize_single_point_heur,11414.563329250648,41.966482162475586,3567.238883332213,1.9006305948999198,20917.060794952173,optimize_single_point_heur,6485.265501561635,28.98351287841797
2026-03-12 14:15:30,config_resnet_spt_area_0.7_hw_0.9_seed_0,inputs/task_graph_topology/soda-benchmark-graphs/pytorch-graphs/rez_net_tosa.dot,362,0.9,0.5,1.0,0.7,42,14476.759981256146,34435.97424728404,2.378707272336502,34435.97424728404,None,15459.708042985432,0.0,13779.063654093625,0.9518057681369404,38790.51962931272,optimize_random_heur,17439.255749956304,1.9971590042114258,9144.313439991312,0.6316546970337946,19638.485444368875,optimize_swarm_heur,18147.302473804026,1873.5397295951843,10482.040383310172,0.724059830851782,34305.169640202315,optimize_random_heur,13119.031993516493,1298.1156899929047,13417.976633275186,0.9268632380897505,39462.79176843573,optimize_single_point_heur,17293.381757971296,3.474062919616699,13790.153706746147,0.952571827163054,39061.508099953506,optimize_single_point_heur,17629.04171483721,3.3020529747009277,13908.708650964178,0.9607611557401342,40473.62357569024,optimize_single_point_heur,17698.18355900193,35.61809277534485,11970.865995409311,0.8269022910450022,37187.071409588134,optimize_single_point_heur,15753.465669053141,37.82079243659973,12201.34466175796,0.8428228883780424,37054.06697092552,optimize_single_point_heur,15725.828052692226,37.44974756240845,8730.13874311121,0.603045070472578,33439.1565415338,optimize_single_point_heur,12895.896946316067,34.08272171020508
2026-03-12 14:17:20,config_resnet_spt_area_0.9_hw_0.7_seed_1,inputs/task_graph_topology/soda-benchmark-graphs/pytorch-graphs/rez_net_tosa.dot,362,0.7,0.5,1.0,0.9,42,12459.889958209249,21335.557149057477,1.712339131454404,21335.557149057477,None,9472.735801156185,0.0,12890.796478793898,1.0345834932756164,36926.19755227961,optimize_random_heur,16771.697112545604,1.8595356941223145,6905.87148666296,0.5542481923857601,20338.830973749056,optimize_swarm_heur,7689.696678004613,1578.2523577213287,7732.018701347208,0.6205527277753312,25887.027889364686,optimize_random_heur,9537.190325139602,1117.0419855117798,12550.768015517295,1.007293648468233,37530.285460606225,optimize_single_point_heur,16426.173140213396,3.145655393600464,13013.048772146849,1.0443951604542983,37063.654158707424,optimize_single_point_heur,16827.73976788644,2.9894542694091797,12560.045519170106,1.0080382380018427,38327.89662495986,optimize_single_point_heur,16586.41938095396,31.969799280166626,11144.23090776044,0.8944084534565266,37461.53154897465,optimize_single_point_heur,15820.001873119169,35.117823123931885,11510.215457959865,0.923781469705221,34579.847575044245,optimize_single_point_heur,15068.121670598426,35.086971044540405,7362.46637454255,0.590893370586452,30363.22638083782,optimize_single_point_heur,10169.261811378368,26.35944676399231
2026-03-12 14:17:46,config_resnet_spt_area_0.9_hw_0.1_seed_2,inputs/task_graph_topology/soda-benchmark-graphs/pytorch-graphs/rez_net_tosa.dot,362,0.1,0.5,1.0,0.9,42,1876.8712304770884,11274.035663724435,6.006824272573377,11274.035663724435,None,3298.991959019001,0.0,10389.80819912404,5.535706462122614,31333.325834088122,optimize_random_heur,14388.087674951428,1.980400562286377,1992.3169851134946,1.061509683116119,11153.468183980754,optimize_swarm_heur,3627.278134481985,1774.9756100177765,3842.1937733252357,2.0471270010082554,16040.973796605405,optimize_random_heur,6006.717619888539,1321.1599283218384,9949.142162243636,5.300918891337382,31732.850739617752,optimize_single_point_heur,13857.764180681095,3.9226903915405273,10378.022316902514,5.529426925183614,30894.08642164162,optimize_single_point_heur,14327.080136230112,3.6440629959106445,9775.146943876598,5.2082139600977415,31122.349979539456,optimize_single_point_heur,14069.641164186101,39.43328309059143,7416.964541357227,3.951770596148934,26724.533231989346,optimize_single_point_heur,11149.47071956065,41.64025616645813,7652.582396214529,4.077308166884359,25002.057274726158,optimize_single_point_heur,11414.563329250648,40.672584533691406,3567.238883332213,1.9006305948999198,20917.060794952173,optimize_single_point_heur,6485.265501561635,28.171358346939087
2026-03-12 14:19:30,config_resnet_spt_area_0.9_hw_0.5_seed_0,inputs/task_graph_topology/soda-benchmark-graphs/pytorch-graphs/rez_net_tosa.dot,362,0.5,0.5,1.0,0.9,42,9311.942737816993,14871.98502040613,1.5970872501190425,14871.98502040613,None,6260.566999633739,0.0,12002.529303494193,1.288939337518731,35061.896487746824,optimize_random_heur,15950.336680658902,2.1650094985961914,5135.467065490813,0.5514925521003284,16257.98393228553,optimize_swarm_heur,5620.336393587704,1810.1754982471466,6654.5847788421515,0.7146290485461245,23990.842355158296,optimize_random_heur,8796.198692612572,1353.263414144516,11683.559397759416,1.2546854858021177,35597.80016527701,optimize_single_point_heur,15558.964522455515,3.7981181144714355,12195.897242522937,1.3097049225822486,35005.841528141216,optimize_single_point_heur,16024.871694862082,3.613452196121216,11450.355945094378,1.2296420057001656,35497.91245961069,optimize_single_point_heur,14367.734438448244,38.947266817092896,10510.556292137879,1.1287178828380422,33544.45405822393,optimize_single_point_heur,14101.460999090117,38.982927083969116,10255.123709367988,1.1012872392052644,32420.782646609237,optimize_single_point_heur,14533.746128902092,42.600571393966675,6634.7171975516785,0.7124954893254704,28369.29021850277,optimize_single_point_heur,9660.281819817481,31.765817880630493
2026-03-12 14:20:33,config_resnet_spt_area_0.9_hw_0.5_seed_1,inputs/task_graph_topology/soda-benchmark-graphs/pytorch-graphs/rez_net_tosa.dot,362,0.5,0.5,1.0,0.9,42,9311.942737816993,14871.98502040613,1.5970872501190425,14871.98502040613,None,6260.566999633739,0.0,12002.529303494193,1.288939337518731,35061.896487746824,optimize_random_heur,15950.336680658902,2.200474262237549,5135.467065490813,0.5514925521003284,16257.98393228553,optimize_swarm_heur,5620.336393587704,1832.2240669727325,6654.5847788421515,0.7146290485461245,23990.842355158296,optimize_random_heur,8796.198692612572,1345.8669204711914,11683.559397759416,1.2546854858021177,35597.80016527701,optimize_single_point_heur,15558.964522455515,4.1975367069244385,12195.897242522937,1.3097049225822486,35005.841528141216,optimize_single_point_heur,16024.871694862082,3.79982590675354,11450.355945094378,1.2296420057001656,35497.91245961069,optimize_single_point_heur,14367.734438448244,40.99462962150574,10510.556292137879,1.1287178828380422,33544.45405822393,optimize_single_point_heur,14101.460999090117,44.368494749069214,10255.123709367988,1.1012872392052644,32420.782646609237,optimize_single_point_heur,14533.746128902092,44.946539878845215,6634.7171975516785,0.7124954893254704,28369.29021850277,optimize_single_point_heur,9660.281819817481,34.954509258270264
2026-03-12 14:21:03,config_resnet_spt_area_0.9_hw_0.7_seed_3,inputs/task_graph_topology/soda-benchmark-graphs/pytorch-graphs/rez_net_tosa.dot,362,0.7,0.5,1.0,0.9,42,12459.889958209249,21335.557149057477,1.712339131454404,21335.557149057477,None,9472.735801156185,0.0,12890.796478793898,1.0345834932756164,36926.19755227961,optimize_random_heur,16771.697112545604,1.9443104267120361,6905.87148666296,0.5542481923857601,20338.830973749056,optimize_swarm_heur,7689.696678004613,1655.495395898819,7732.018701347208,0.6205527277753312,25887.027889364686,optimize_random_heur,9537.190325139602,1183.1638767719269,12550.768015517295,1.007293648468233,37530.285460606225,optimize_single_point_heur,16426.173140213396,3.3421425819396973,13013.048772146849,1.0443951604542983,37063.654158707424,optimize_single_point_heur,16827.73976788644,3.171940326690674,12560.045519170106,1.0080382380018427,38327.89662495986,optimize_single_point_heur,16586.41938095396,33.891825675964355,11144.23090776044,0.8944084534565266,37461.53154897465,optimize_single_point_heur,15820.001873119169,36.62977457046509,11510.215457959865,0.923781469705221,34579.847575044245,optimize_single_point_heur,15068.121670598426,36.83367037773132,7362.46637454255,0.590893370586452,30363.22638083782,optimize_single_point_heur,10169.261811378368,28.166630029678345
2026-03-12 14:21:31,config_resnet_spt_area_0.9_hw_0.7_seed_2,inputs/task_graph_topology/soda-benchmark-graphs/pytorch-graphs/rez_net_tosa.dot,362,0.7,0.5,1.0,0.9,42,12459.889958209249,21335.557149057477,1.712339131454404,21335.557149057477,None,9472.735801156185,0.0,12890.796478793898,1.0345834932756164,36926.19755227961,optimize_random_heur,16771.697112545604,1.9477365016937256,6905.87148666296,0.5542481923857601,20338.830973749056,optimize_swarm_heur,7689.696678004613,1662.2356159687042,7732.018701347208,0.6205527277753312,25887.027889364686,optimize_random_heur,9537.190325139602,1198.889161348343,12550.768015517295,1.007293648468233,37530.285460606225,optimize_single_point_heur,16426.173140213396,3.410510301589966,13013.048772146849,1.0443951604542983,37063.654158707424,optimize_single_point_heur,16827.73976788644,3.2405014038085938,12560.045519170106,1.0080382380018427,38327.89662495986,optimize_single_point_heur,16586.41938095396,34.82387638092041,11144.23090776044,0.8944084534565266,37461.53154897465,optimize_single_point_heur,15820.001873119169,38.10007452964783,11510.215457959865,0.923781469705221,34579.847575044245,optimize_single_point_heur,15068.121670598426,38.23077726364136,7362.46637454255,0.590893370586452,30363.22638083782,optimize_single_point_heur,10169.261811378368,29.399648904800415
2026-03-12 14:21:54,config_resnet_spt_area_0.9_hw_0.5_seed_2,inputs/task_graph_topology/soda-benchmark-graphs/pytorch-graphs/rez_net_tosa.dot,362,0.5,0.5,1.0,0.9,42,9311.942737816993,14871.98502040613,1.5970872501190425,14871.98502040613,None,6260.566999633739,0.0,12002.529303494193,1.288939337518731,35061.896487746824,optimize_random_heur,15950.336680658902,2.214886426925659,5135.467065490813,0.5514925521003284,16257.98393228553,optimize_swarm_heur,5620.336393587704,1883.8104603290558,6654.5847788421515,0.7146290485461245,23990.842355158296,optimize_random_heur,8796.198692612572,1382.7160959243774,11683.559397759416,1.2546854858021177,35597.80016527701,optimize_single_point_heur,15558.964522455515,4.035797834396362,12195.897242522937,1.3097049225822486,35005.841528141216,optimize_single_point_heur,16024.871694862082,3.825533390045166,11450.355945094378,1.2296420057001656,35497.91245961069,optimize_single_point_heur,14367.734438448244,40.70590138435364,10510.556292137879,1.1287178828380422,33544.45405822393,optimize_single_point_heur,14101.460999090117,43.64902663230896,10255.123709367988,1.1012872392052644,32420.782646609237,optimize_single_point_heur,14533.746128902092,42.65620970726013,6634.7171975516785,0.7124954893254704,28369.29021850277,optimize_single_point_heur,9660.281819817481,31.19667148590088
2026-03-12 14:22:14,config_resnet_spt_area_0.9_hw_0.9_seed_0,inputs/task_graph_topology/soda-benchmark-graphs/pytorch-graphs/rez_net_tosa.dot,362,0.9,0.5,1.0,0.9,42,14476.759981256146,26216.0165438757,1.8109035846293655,26216.0165438757,None,10921.381696028191,0.0,13779.063654093625,0.9518057681369404,38790.51962931272,optimize_random_heur,17439.255749956304,1.947418212890625,8611.877671096561,0.5948760414793663,25039.82352873538,optimize_swarm_heur,8977.537416575324,1687.960618019104,9479.14172293082,0.6547833724675953,29839.183261258433,optimize_random_heur,11480.126476532096,1212.7268209457397,13417.976633275186,0.9268632380897505,39462.79176843573,optimize_single_point_heur,17293.381757971296,3.3757989406585693,13790.153706746147,0.952571827163054,39061.508099953506,optimize_single_point_heur,17629.04171483721,3.2048258781433105,13908.708650964178,0.9607611557401342,40473.62357569024,optimize_single_point_heur,17698.18355900193,34.41074299812317,11970.865995409311,0.8269022910450022,37187.071409588134,optimize_single_point_heur,15753.465669053141,37.932584047317505,12201.34466175796,0.8428228883780424,37054.06697092552,optimize_single_point_heur,15725.828052692226,37.49035620689392,8730.13874311121,0.603045070472578,33439.1565415338,optimize_single_point_heur,12895.896946316067,34.06384301185608
2026-03-12 14:24:52,config_resnet_spt_area_0.7_hw_0.9_seed_2,inputs/task_graph_topology/soda-benchmark-graphs/pytorch-graphs/rez_net_tosa.dot,362,0.9,0.5,1.0,0.7,42,14476.759981256146,34435.97424728404,2.378707272336502,34435.97424728404,None,15459.708042985432,0.0,13779.063654093625,0.9518057681369404,38790.51962931272,optimize_random_heur,17439.255749956304,2.1594760417938232,9144.313439991312,0.6316546970337946,19638.485444368875,optimize_swarm_heur,18147.302473804026,2118.550329685211,10482.040383310172,0.724059830851782,34305.169640202315,optimize_random_heur,13119.031993516493,1512.4016790390015,13417.976633275186,0.9268632380897505,39462.79176843573,optimize_single_point_heur,17293.381757971296,4.176664590835571,13790.153706746147,0.952571827163054,39061.508099953506,optimize_single_point_heur,17629.04171483721,4.04681658744812,13908.708650964178,0.9607611557401342,40473.62357569024,optimize_single_point_heur,17698.18355900193,42.20192623138428,11970.865995409311,0.8269022910450022,37187.071409588134,optimize_single_point_heur,15753.465669053141,46.97238254547119,12201.34466175796,0.8428228883780424,37054.06697092552,optimize_single_point_heur,15725.828052692226,46.99568581581116,8730.13874311121,0.603045070472578,33439.1565415338,optimize_single_point_heur,12895.896946316067,41.156418561935425
2026-03-12 14:25:43,config_resnet_spt_area_0.7_hw_0.9_seed_3,inputs/task_graph_topology/soda-benchmark-graphs/pytorch-graphs/rez_net_tosa.dot,362,0.9,0.5,1.0,0.7,42,14476.759981256146,34435.97424728404,2.378707272336502,34435.97424728404,None,15459.708042985432,0.0,13779.063654093625,0.9518057681369404,38790.51962931272,optimize_random_heur,17439.255749956304,2.2708733081817627,9144.313439991312,0.6316546970337946,19638.485444368875,optimize_swarm_heur,18147.302473804026,2121.876898288727,10482.040383310172,0.724059830851782,34305.169640202315,optimize_random_heur,13119.031993516493,1527.7810690402985,13417.976633275186,0.9268632380897505,39462.79176843573,optimize_single_point_heur,17293.381757971296,4.199920415878296,13790.153706746147,0.952571827163054,39061.508099953506,optimize_single_point_heur,17629.04171483721,3.923285722732544,13908.708650964178,0.9607611557401342,40473.62357569024,optimize_single_point_heur,17698.18355900193,42.51965546607971,11970.865995409311,0.8269022910450022,37187.071409588134,optimize_single_point_heur,15753.465669053141,47.38239026069641,12201.34466175796,0.8428228883780424,37054.06697092552,optimize_single_point_heur,15725.828052692226,45.92237639427185,8730.13874311121,0.603045070472578,33439.1565415338,optimize_single_point_heur,12895.896946316067,41.293965578079224
2026-03-12 14:39:44,config_resnet_spt_area_0.9_hw_0.9_seed_2,inputs/task_graph_topology/soda-benchmark-graphs/pytorch-graphs/rez_net_tosa.dot,362,0.9,0.5,1.0,0.9,42,14476.759981256146,26216.0165438757,1.8109035846293655,26216.0165438757,None,10921.381696028191,0.0,13779.063654093625,0.9518057681369404,38790.51962931272,optimize_random_heur,17439.255749956304,1.831244707107544,8611.877671096561,0.5948760414793663,25039.82352873538,optimize_swarm_heur,8977.537416575324,1595.652191400528,9479.14172293082,0.6547833724675953,29839.183261258433,optimize_random_heur,11480.126476532096,1113.7540259361267,13417.976633275186,0.9268632380897505,39462.79176843573,optimize_single_point_heur,17293.381757971296,3.124558448791504,13790.153706746147,0.952571827163054,39061.508099953506,optimize_single_point_heur,17629.04171483721,2.9711806774139404,13908.708650964178,0.9607611557401342,40473.62357569024,optimize_single_point_heur,17698.18355900193,31.59179711341858,11970.865995409311,0.8269022910450022,37187.071409588134,optimize_single_point_heur,15753.465669053141,34.945308446884155,12201.34466175796,0.8428228883780424,37054.06697092552,optimize_single_point_heur,15725.828052692226,34.83698344230652,8730.13874311121,0.603045070472578,33439.1565415338,optimize_single_point_heur,12895.896946316067,31.13495445251465
2026-03-12 14:40:48,config_resnet_spt_area_0.9_hw_0.9_seed_3,inputs/task_graph_topology/soda-benchmark-graphs/pytorch-graphs/rez_net_tosa.dot,362,0.9,0.5,1.0,0.9,42,14476.759981256146,26216.0165438757,1.8109035846293655,26216.0165438757,None,10921.381696028191,0.0,13779.063654093625,0.9518057681369404,38790.51962931272,optimize_random_heur,17439.255749956304,1.8214807510375977,8611.877671096561,0.5948760414793663,25039.82352873538,optimize_swarm_heur,8977.537416575324,1595.9113228321075,9479.14172293082,0.6547833724675953,29839.183261258433,optimize_random_heur,11480.126476532096,1139.6280977725983,13417.976633275186,0.9268632380897505,39462.79176843573,optimize_single_point_heur,17293.381757971296,3.19791316986084,13790.153706746147,0.952571827163054,39061.508099953506,optimize_single_point_heur,17629.04171483721,3.0181243419647217,13908.708650964178,0.9607611557401342,40473.62357569024,optimize_single_point_heur,17698.18355900193,31.835789442062378,11970.865995409311,0.8269022910450022,37187.071409588134,optimize_single_point_heur,15753.465669053141,35.09196996688843,12201.34466175796,0.8428228883780424,37054.06697092552,optimize_single_point_heur,15725.828052692226,34.58738160133362,8730.13874311121,0.603045070472578,33439.1565415338,optimize_single_point_heur,12895.896946316067,30.878326654434204
2026-03-12 14:49:58,config_resnet_spt_area_0.9_hw_0.9_seed_1,inputs/task_graph_topology/soda-benchmark-graphs/pytorch-graphs/rez_net_tosa.dot,362,0.9,0.5,1.0,0.9,42,14476.759981256146,26216.0165438757,1.8109035846293655,26216.0165438757,None,10921.381696028191,0.0,13779.063654093625,0.9518057681369404,38790.51962931272,optimize_random_heur,17439.255749956304,2.2891900539398193,8611.877671096561,0.5948760414793663,25039.82352873538,optimize_swarm_heur,8977.537416575324,1956.996561050415,9479.14172293082,0.6547833724675953,29839.183261258433,optimize_random_heur,11480.126476532096,1338.0955069065094,13417.976633275186,0.9268632380897505,39462.79176843573,optimize_single_point_heur,17293.381757971296,3.7719388008117676,13790.153706746147,0.952571827163054,39061.508099953506,optimize_single_point_heur,17629.04171483721,3.6174399852752686,13908.708650964178,0.9607611557401342,40473.62357569024,optimize_single_point_heur,17698.18355900193,38.13320016860962,11970.865995409311,0.8269022910450022,37187.071409588134,optimize_single_point_heur,15753.465669053141,42.32801675796509,12201.34466175796,0.8428228883780424,37054.06697092552,optimize_single_point_heur,15725.828052692226,41.388153076171875,8730.13874311121,0.603045070472578,33439.1565415338,optimize_single_point_heur,12895.896946316067,36.88165521621704
2026-04-10 01:37:39,config_resnet_spt_area_0.1_hw_0.1_seed_1,inputs/task_graph_topology/soda-benchmark-graphs/pytorch-graphs/rez_net_tosa.dot,362,0.1,0.5,1.0,0.1,42,1876.8712304770884,30594.28405324899,16.300683582577012,30594.28405324899,None,16202.945647811632,0.0,18496.710503963615,9.855077004543286,18496.710503963615,optimize_random_heur,18496.71050396363,0.26139283180236816,18496.710503963615,9.855077004543286,18496.710503963615,optimize_swarm_heur,18496.71050396363,188.9600853919983,18496.710503963615,9.855077004543286,18496.710503963615,optimize_random_heur,18496.71050396363,1460.6435992717743,18496.710503963615,9.855077004543286,18496.710503963615,optimize_single_point_heur,18496.71050396363,0.12833166122436523,18496.710503963615,9.855077004543286,18496.710503963615,optimize_single_point_heur,18496.71050396363,0.1253795623779297,18496.710503963615,9.855077004543286,18496.710503963615,optimize_single_point_heur,18496.71050396363,1.3626646995544434,18496.710503963615,9.855077004543286,18496.710503963615,optimize_single_point_heur,18496.71050396363,6.81360387802124,18496.710503963615,9.855077004543286,18496.710503963615,optimize_single_point_heur,18496.71050396363,6.734454870223999,18496.710503963615,9.855077004543286,18496.710503963615,optimize_single_point_heur,18496.71050396363,3.0758988857269287
2026-04-10 01:38:17,config_resnet_spt_area_0.1_hw_0.1_seed_0,inputs/task_graph_topology/soda-benchmark-graphs/pytorch-graphs/rez_net_tosa.dot,362,0.1,0.5,1.0,0.1,42,1876.8712304770884,30594.28405324899,16.300683582577012,30594.28405324899,None,16202.945647811632,0.0,18496.710503963615,9.855077004543286,18496.710503963615,optimize_random_heur,18496.71050396363,0.2644052505493164,18496.710503963615,9.855077004543286,18496.710503963615,optimize_swarm_heur,18496.71050396363,187.84760093688965,18496.710503963615,9.855077004543286,18496.710503963615,optimize_random_heur,18496.71050396363,1498.8451285362244,18496.710503963615,9.855077004543286,18496.710503963615,optimize_single_point_heur,18496.71050396363,0.12816929817199707,18496.710503963615,9.855077004543286,18496.710503963615,optimize_single_point_heur,18496.71050396363,0.12128353118896484,18496.710503963615,9.855077004543286,18496.710503963615,optimize_single_point_heur,18496.71050396363,1.3694705963134766,18496.710503963615,9.855077004543286,18496.710503963615,optimize_single_point_heur,18496.71050396363,7.048887014389038,18496.710503963615,9.855077004543286,18496.710503963615,optimize_single_point_heur,18496.71050396363,6.9144346714019775,18496.710503963615,9.855077004543286,18496.710503963615,optimize_single_point_heur,18496.71050396363,3.134927272796631
2026-04-10 01:39:14,config_resnet_spt_area_0.1_hw_0.1_seed_3,inputs/task_graph_topology/soda-benchmark-graphs/pytorch-graphs/rez_net_tosa.dot,362,0.1,0.5,1.0,0.1,42,1876.8712304770884,30594.28405324899,16.300683582577012,30594.28405324899,None,16202.945647811632,0.0,18496.710503963615,9.855077004543286,18496.710503963615,optimize_random_heur,18496.71050396363,0.280808687210083,18496.710503963615,9.855077004543286,18496.710503963615,optimize_swarm_heur,18496.71050396363,206.16732907295227,18496.710503963615,9.855077004543286,18496.710503963615,optimize_random_heur,18496.71050396363,1534.4116702079773,18496.710503963615,9.855077004543286,18496.710503963615,optimize_single_point_heur,18496.71050396363,0.13675165176391602,18496.710503963615,9.855077004543286,18496.710503963615,optimize_single_point_heur,18496.71050396363,0.12784934043884277,18496.710503963615,9.855077004543286,18496.710503963615,optimize_single_point_heur,18496.71050396363,1.4754693508148193,18496.710503963615,9.855077004543286,18496.710503963615,optimize_single_point_heur,18496.71050396363,7.240369558334351,18496.710503963615,9.855077004543286,18496.710503963615,optimize_single_point_heur,18496.71050396363,7.117528200149536,18496.710503963615,9.855077004543286,18496.710503963615,optimize_single_point_heur,18496.71050396363,3.1462337970733643
2026-04-10 01:39:36,config_resnet_spt_area_0.1_hw_0.3_seed_0,inputs/task_graph_topology/soda-benchmark-graphs/pytorch-graphs/rez_net_tosa.dot,362,0.3,0.5,1.0,0.1,42,5629.515000900963,30835.508131350318,5.477471527549943,30835.508131350318,None,16271.662241678145,0.0,18496.710503963615,3.285666793854062,18496.710503963615,optimize_random_heur,18496.71050396363,0.2641639709472656,18496.710503963615,3.285666793854062,18496.710503963615,optimize_swarm_heur,18496.71050396363,194.05269527435303,18496.710503963615,3.285666793854062,18496.710503963615,optimize_random_heur,18496.71050396363,1504.9734890460968,18496.710503963615,3.285666793854062,18496.710503963615,optimize_single_point_heur,18496.71050396363,0.13491296768188477,18496.710503963615,3.285666793854062,18496.710503963615,optimize_single_point_heur,18496.71050396363,0.1275796890258789,18496.710503963615,3.285666793854062,18496.710503963615,optimize_single_point_heur,18496.71050396363,1.4234106540679932,18496.710503963615,3.285666793854062,18496.710503963615,optimize_single_point_heur,18496.71050396363,7.061923027038574,18496.710503963615,3.285666793854062,18496.710503963615,optimize_single_point_heur,18496.71050396363,6.9414379596710205,18496.710503963615,3.285666793854062,18496.710503963615,optimize_single_point_heur,18496.71050396363,3.1818249225616455
2026-04-10 01:39:41,config_resnet_spt_area_0.1_hw_0.1_seed_2,inputs/task_graph_topology/soda-benchmark-graphs/pytorch-graphs/rez_net_tosa.dot,362,0.1,0.5,1.0,0.1,42,1876.8712304770884,30594.28405324899,16.300683582577012,30594.28405324899,None,16202.945647811632,0.0,18496.710503963615,9.855077004543286,18496.710503963615,optimize_random_heur,18496.71050396363,0.285858154296875,18496.710503963615,9.855077004543286,18496.710503963615,optimize_swarm_heur,18496.71050396363,200.59067511558533,18496.710503963615,9.855077004543286,18496.710503963615,optimize_random_heur,18496.71050396363,1566.8322703838348,18496.710503963615,9.855077004543286,18496.710503963615,optimize_single_point_heur,18496.71050396363,0.1347818374633789,18496.710503963615,9.855077004543286,18496.710503963615,optimize_single_point_heur,18496.71050396363,0.12570452690124512,18496.710503963615,9.855077004543286,18496.710503963615,optimize_single_point_heur,18496.71050396363,1.462942361831665,18496.710503963615,9.855077004543286,18496.710503963615,optimize_single_point_heur,18496.71050396363,7.108359098434448,18496.710503963615,9.855077004543286,18496.710503963615,optimize_single_point_heur,18496.71050396363,7.099538564682007,18496.710503963615,9.855077004543286,18496.710503963615,optimize_single_point_heur,18496.71050396363,3.313939332962036
2026-04-10 01:39:59,config_resnet_spt_area_0.1_hw_0.3_seed_1,inputs/task_graph_topology/soda-benchmark-graphs/pytorch-graphs/rez_net_tosa.dot,362,0.3,0.5,1.0,0.1,42,5629.515000900963,30835.508131350318,5.477471527549943,30835.508131350318,None,16271.662241678145,0.0,18496.710503963615,3.285666793854062,18496.710503963615,optimize_random_heur,18496.71050396363,0.27338218688964844,18496.710503963615,3.285666793854062,18496.710503963615,optimize_swarm_heur,18496.71050396363,201.15848851203918,18496.710503963615,3.285666793854062,18496.710503963615,optimize_random_heur,18496.71050396363,1518.6016573905945,18496.710503963615,3.285666793854062,18496.710503963615,optimize_single_point_heur,18496.71050396363,0.13605356216430664,18496.710503963615,3.285666793854062,18496.710503963615,optimize_single_point_heur,18496.71050396363,0.1263577938079834,18496.710503963615,3.285666793854062,18496.710503963615,optimize_single_point_heur,18496.71050396363,1.4850950241088867,18496.710503963615,3.285666793854062,18496.710503963615,optimize_single_point_heur,18496.71050396363,7.353015184402466,18496.710503963615,3.285666793854062,18496.710503963615,optimize_single_point_heur,18496.71050396363,7.287805557250977,18496.710503963615,3.285666793854062,18496.710503963615,optimize_single_point_heur,18496.71050396363,3.208388090133667
2026-04-10 01:41:17,config_resnet_spt_area_0.1_hw_0.3_seed_2,inputs/task_graph_topology/soda-benchmark-graphs/pytorch-graphs/rez_net_tosa.dot,362,0.3,0.5,1.0,0.1,42,5629.515000900963,30835.508131350318,5.477471527549943,30835.508131350318,None,16271.662241678145,0.0,18496.710503963615,3.285666793854062,18496.710503963615,optimize_random_heur,18496.71050396363,0.2649075984954834,18496.710503963615,3.285666793854062,18496.710503963615,optimize_swarm_heur,18496.71050396363,190.02443099021912,18496.710503963615,3.285666793854062,18496.710503963615,optimize_random_heur,18496.71050396363,1499.2410950660706,18496.710503963615,3.285666793854062,18496.710503963615,optimize_single_point_heur,18496.71050396363,0.13183832168579102,18496.710503963615,3.285666793854062,18496.710503963615,optimize_single_point_heur,18496.71050396363,0.12229537963867188,18496.710503963615,3.285666793854062,18496.710503963615,optimize_single_point_heur,18496.71050396363,1.3712544441223145,18496.710503963615,3.285666793854062,18496.710503963615,optimize_single_point_heur,18496.71050396363,6.960715293884277,18496.710503963615,3.285666793854062,18496.710503963615,optimize_single_point_heur,18496.71050396363,6.8053131103515625,18496.710503963615,3.285666793854062,18496.710503963615,optimize_single_point_heur,18496.71050396363,3.024569511413574
2026-04-10 01:43:14,config_resnet_spt_area_0.1_hw_0.5_seed_0,inputs/task_graph_topology/soda-benchmark-graphs/pytorch-graphs/rez_net_tosa.dot,362,0.5,0.5,1.0,0.1,42,9311.942737816993,30778.248632303465,3.3052446196118725,30778.248632303465,None,17518.601204738097,0.0,18496.710503963615,1.986342809953728,18496.710503963615,optimize_random_heur,18496.71050396363,0.2664051055908203,18496.710503963615,1.986342809953728,18496.710503963615,optimize_swarm_heur,18496.71050396363,194.21957850456238,18496.710503963615,1.986342809953728,18496.710503963615,optimize_random_heur,18496.71050396363,1504.3146004676819,18496.710503963615,1.986342809953728,18496.710503963615,optimize_single_point_heur,18496.71050396363,0.13277220726013184,18496.710503963615,1.986342809953728,18496.710503963615,optimize_single_point_heur,18496.71050396363,0.1271677017211914,18496.710503963615,1.986342809953728,18496.710503963615,optimize_single_point_heur,18496.71050396363,1.386075735092163,18496.710503963615,1.986342809953728,18496.710503963615,optimize_single_point_heur,18496.71050396363,6.998128414154053,18496.710503963615,1.986342809953728,18496.710503963615,optimize_single_point_heur,18496.71050396363,6.913954019546509,18496.710503963615,1.986342809953728,18496.710503963615,optimize_single_point_heur,18496.71050396363,3.053690195083618
2026-04-10 01:43:17,config_resnet_spt_area_0.1_hw_0.3_seed_3,inputs/task_graph_topology/soda-benchmark-graphs/pytorch-graphs/rez_net_tosa.dot,362,0.3,0.5,1.0,0.1,42,5629.515000900963,30835.508131350318,5.477471527549943,30835.508131350318,None,16271.662241678145,0.0,18496.710503963615,3.285666793854062,18496.710503963615,optimize_random_heur,18496.71050396363,0.2803201675415039,18496.710503963615,3.285666793854062,18496.710503963615,optimize_swarm_heur,18496.71050396363,206.08722233772278,18496.710503963615,3.285666793854062,18496.710503963615,optimize_random_heur,18496.71050396363,1515.6293551921844,18496.710503963615,3.285666793854062,18496.710503963615,optimize_single_point_heur,18496.71050396363,0.14011120796203613,18496.710503963615,3.285666793854062,18496.710503963615,optimize_single_point_heur,18496.71050396363,0.13360214233398438,18496.710503963615,3.285666793854062,18496.710503963615,optimize_single_point_heur,18496.71050396363,1.4817430973052979,18496.710503963615,3.285666793854062,18496.710503963615,optimize_single_point_heur,18496.71050396363,7.247180700302124,18496.710503963615,3.285666793854062,18496.710503963615,optimize_single_point_heur,18496.71050396363,7.258690595626831,18496.710503963615,3.285666793854062,18496.710503963615,optimize_single_point_heur,18496.71050396363,3.1881558895111084
2026-04-10 01:44:49,config_resnet_spt_area_0.1_hw_0.5_seed_2,inputs/task_graph_topology/soda-benchmark-graphs/pytorch-graphs/rez_net_tosa.dot,362,0.5,0.5,1.0,0.1,42,9311.942737816993,30778.248632303465,3.3052446196118725,30778.248632303465,None,17518.601204738097,0.0,18496.710503963615,1.986342809953728,18496.710503963615,optimize_random_heur,18496.71050396363,0.28023195266723633,18496.710503963615,1.986342809953728,18496.710503963615,optimize_swarm_heur,18496.71050396363,204.42432570457458,18496.710503963615,1.986342809953728,18496.710503963615,optimize_random_heur,18496.71050396363,1547.4416053295135,18496.710503963615,1.986342809953728,18496.710503963615,optimize_single_point_heur,18496.71050396363,0.13842296600341797,18496.710503963615,1.986342809953728,18496.710503963615,optimize_single_point_heur,18496.71050396363,0.12888669967651367,18496.710503963615,1.986342809953728,18496.710503963615,optimize_single_point_heur,18496.71050396363,1.5081353187561035,18496.710503963615,1.986342809953728,18496.710503963615,optimize_single_point_heur,18496.71050396363,7.378608703613281,18496.710503963615,1.986342809953728,18496.710503963615,optimize_single_point_heur,18496.71050396363,7.321659326553345,18496.710503963615,1.986342809953728,18496.710503963615,optimize_single_point_heur,18496.71050396363,3.286362648010254
2026-04-10 01:45:39,config_resnet_spt_area_0.1_hw_0.5_seed_1,inputs/task_graph_topology/soda-benchmark-graphs/pytorch-graphs/rez_net_tosa.dot,362,0.5,0.5,1.0,0.1,42,9311.942737816993,30778.248632303465,3.3052446196118725,30778.248632303465,None,17518.601204738097,0.0,18496.710503963615,1.986342809953728,18496.710503963615,optimize_random_heur,18496.71050396363,0.2915067672729492,18496.710503963615,1.986342809953728,18496.710503963615,optimize_swarm_heur,18496.71050396363,204.170636177063,18496.710503963615,1.986342809953728,18496.710503963615,optimize_random_heur,18496.71050396363,1596.688435792923,18496.710503963615,1.986342809953728,18496.710503963615,optimize_single_point_heur,18496.71050396363,0.13804841041564941,18496.710503963615,1.986342809953728,18496.710503963615,optimize_single_point_heur,18496.71050396363,0.12867331504821777,18496.710503963615,1.986342809953728,18496.710503963615,optimize_single_point_heur,18496.71050396363,1.4881064891815186,18496.710503963615,1.986342809953728,18496.710503963615,optimize_single_point_heur,18496.71050396363,7.412269830703735,18496.710503963615,1.986342809953728,18496.710503963615,optimize_single_point_heur,18496.71050396363,7.306102752685547,18496.710503963615,1.986342809953728,18496.710503963615,optimize_single_point_heur,18496.71050396363,3.272923469543457
2026-04-10 01:45:57,config_resnet_spt_area_0.1_hw_0.5_seed_3,inputs/task_graph_topology/soda-benchmark-graphs/pytorch-graphs/rez_net_tosa.dot,362,0.5,0.5,1.0,0.1,42,9311.942737816993,30778.248632303465,3.3052446196118725,30778.248632303465,None,17518.601204738097,0.0,18496.710503963615,1.986342809953728,18496.710503963615,optimize_random_heur,18496.71050396363,0.2788832187652588,18496.710503963615,1.986342809953728,18496.710503963615,optimize_swarm_heur,18496.71050396363,189.86850810050964,18496.710503963615,1.986342809953728,18496.710503963615,optimize_random_heur,18496.71050396363,1524.3755247592926,18496.710503963615,1.986342809953728,18496.710503963615,optimize_single_point_heur,18496.71050396363,0.12969684600830078,18496.710503963615,1.986342809953728,18496.710503963615,optimize_single_point_heur,18496.71050396363,0.12225914001464844,18496.710503963615,1.986342809953728,18496.710503963615,optimize_single_point_heur,18496.71050396363,1.3634331226348877,18496.710503963615,1.986342809953728,18496.710503963615,optimize_single_point_heur,18496.71050396363,7.05512261390686,18496.710503963615,1.986342809953728,18496.710503963615,optimize_single_point_heur,18496.71050396363,6.886115789413452,18496.710503963615,1.986342809953728,18496.710503963615,optimize_single_point_heur,18496.71050396363,3.0112335681915283
2026-04-10 01:46:07,config_resnet_spt_area_0.1_hw_0.7_seed_1,inputs/task_graph_topology/soda-benchmark-graphs/pytorch-graphs/rez_net_tosa.dot,362,0.7,0.5,1.0,0.1,42,12459.889958209249,29220.939136421268,2.34520041785513,29220.939136421268,None,17838.26283700595,0.0,18496.710503963615,1.4845003098744851,18496.710503963615,optimize_random_heur,18496.71050396363,0.2764449119567871,18496.710503963615,1.4845003098744851,18496.710503963615,optimize_swarm_heur,18496.71050396363,201.21872854232788,18496.710503963615,1.4845003098744851,18496.710503963615,optimize_random_heur,18496.71050396363,1520.2160663604736,18496.710503963615,1.4845003098744851,18496.710503963615,optimize_single_point_heur,18496.71050396363,0.1383671760559082,18496.710503963615,1.4845003098744851,18496.710503963615,optimize_single_point_heur,18496.71050396363,0.12752437591552734,18496.710503963615,1.4845003098744851,18496.710503963615,optimize_single_point_heur,18496.71050396363,1.5068564414978027,18496.710503963615,1.4845003098744851,18496.710503963615,optimize_single_point_heur,18496.71050396363,7.335530519485474,18496.710503963615,1.4845003098744851,18496.710503963615,optimize_single_point_heur,18496.71050396363,7.205515146255493,18496.710503963615,1.4845003098744851,18496.710503963615,optimize_single_point_heur,18496.71050396363,3.3373706340789795
2026-04-10 01:46:15,config_resnet_spt_area_0.1_hw_0.7_seed_0,inputs/task_graph_topology/soda-benchmark-graphs/pytorch-graphs/rez_net_tosa.dot,362,0.7,0.5,1.0,0.1,42,12459.889958209249,29220.939136421268,2.34520041785513,29220.939136421268,None,17838.26283700595,0.0,18496.710503963615,1.4845003098744851,18496.710503963615,optimize_random_heur,18496.71050396363,0.2760286331176758,18496.710503963615,1.4845003098744851,18496.710503963615,optimize_swarm_heur,18496.71050396363,200.23498106002808,18496.710503963615,1.4845003098744851,18496.710503963615,optimize_random_heur,18496.71050396363,1528.6740391254425,18496.710503963615,1.4845003098744851,18496.710503963615,optimize_single_point_heur,18496.71050396363,0.13658475875854492,18496.710503963615,1.4845003098744851,18496.710503963615,optimize_single_point_heur,18496.71050396363,0.13122320175170898,18496.710503963615,1.4845003098744851,18496.710503963615,optimize_single_point_heur,18496.71050396363,1.488511085510254,18496.710503963615,1.4845003098744851,18496.710503963615,optimize_single_point_heur,18496.71050396363,7.459659099578857,18496.710503963615,1.4845003098744851,18496.710503963615,optimize_single_point_heur,18496.71050396363,7.263325929641724,18496.710503963615,1.4845003098744851,18496.710503963615,optimize_single_point_heur,18496.71050396363,3.2736730575561523
2026-04-10 01:46:21,config_resnet_spt_area_0.1_hw_0.7_seed_2,inputs/task_graph_topology/soda-benchmark-graphs/pytorch-graphs/rez_net_tosa.dot,362,0.7,0.5,1.0,0.1,42,12459.889958209249,29220.939136421268,2.34520041785513,29220.939136421268,None,17838.26283700595,0.0,18496.710503963615,1.4845003098744851,18496.710503963615,optimize_random_heur,18496.71050396363,0.27521443367004395,18496.710503963615,1.4845003098744851,18496.710503963615,optimize_swarm_heur,18496.71050396363,202.4357933998108,18496.710503963615,1.4845003098744851,18496.710503963615,optimize_random_heur,18496.71050396363,1533.6593227386475,18496.710503963615,1.4845003098744851,18496.710503963615,optimize_single_point_heur,18496.71050396363,0.13823318481445312,18496.710503963615,1.4845003098744851,18496.710503963615,optimize_single_point_heur,18496.71050396363,0.12504029273986816,18496.710503963615,1.4845003098744851,18496.710503963615,optimize_single_point_heur,18496.71050396363,1.4836561679840088,18496.710503963615,1.4845003098744851,18496.710503963615,optimize_single_point_heur,18496.71050396363,7.275987148284912,18496.710503963615,1.4845003098744851,18496.710503963615,optimize_single_point_heur,18496.71050396363,7.166022539138794,18496.710503963615,1.4845003098744851,18496.710503963615,optimize_single_point_heur,18496.71050396363,3.255805730819702
2026-04-10 01:46:43,config_resnet_spt_area_0.1_hw_0.7_seed_3,inputs/task_graph_topology/soda-benchmark-graphs/pytorch-graphs/rez_net_tosa.dot,362,0.7,0.5,1.0,0.1,42,12459.889958209249,29220.939136421268,2.34520041785513,29220.939136421268,None,17838.26283700595,0.0,18496.710503963615,1.4845003098744851,18496.710503963615,optimize_random_heur,18496.71050396363,0.2646956443786621,18496.710503963615,1.4845003098744851,18496.710503963615,optimize_swarm_heur,18496.71050396363,188.92955207824707,18496.710503963615,1.4845003098744851,18496.710503963615,optimize_random_heur,18496.71050396363,1492.635746717453,18496.710503963615,1.4845003098744851,18496.710503963615,optimize_single_point_heur,18496.71050396363,0.12816905975341797,18496.710503963615,1.4845003098744851,18496.710503963615,optimize_single_point_heur,18496.71050396363,0.12197422981262207,18496.710503963615,1.4845003098744851,18496.710503963615,optimize_single_point_heur,18496.71050396363,1.3630242347717285,18496.710503963615,1.4845003098744851,18496.710503963615,optimize_single_point_heur,18496.71050396363,6.882047176361084,18496.710503963615,1.4845003098744851,18496.710503963615,optimize_single_point_heur,18496.71050396363,6.78846287727356,18496.710503963615,1.4845003098744851,18496.710503963615,optimize_single_point_heur,18496.71050396363,3.0648045539855957
2026-04-10 01:49:31,config_resnet_spt_area_0.1_hw_0.9_seed_0,inputs/task_graph_topology/soda-benchmark-graphs/pytorch-graphs/rez_net_tosa.dot,362,0.9,0.5,1.0,0.1,42,14476.759981256146,27985.767379952402,1.9331513001657215,27985.767379952402,None,17604.860229538426,0.0,18496.710503963615,1.277683026306461,18496.710503963615,optimize_random_heur,18496.71050396363,0.29164958000183105,18496.710503963615,1.277683026306461,18496.710503963615,optimize_swarm_heur,18496.71050396363,200.24710607528687,18496.710503963615,1.277683026306461,18496.710503963615,optimize_random_heur,18496.71050396363,1572.1567227840424,18496.710503963615,1.277683026306461,18496.710503963615,optimize_single_point_heur,18496.71050396363,0.1389176845550537,18496.710503963615,1.277683026306461,18496.710503963615,optimize_single_point_heur,18496.71050396363,0.1322309970855713,18496.710503963615,1.277683026306461,18496.710503963615,optimize_single_point_heur,18496.71050396363,1.5196077823638916,18496.710503963615,1.277683026306461,18496.710503963615,optimize_single_point_heur,18496.71050396363,7.4702088832855225,18496.710503963615,1.277683026306461,18496.710503963615,optimize_single_point_heur,18496.71050396363,7.204076290130615,18496.710503963615,1.277683026306461,18496.710503963615,optimize_single_point_heur,18496.71050396363,3.4553580284118652
2026-04-10 01:54:13,config_resnet_spt_area_0.1_hw_0.9_seed_1,inputs/task_graph_topology/soda-benchmark-graphs/pytorch-graphs/rez_net_tosa.dot,362,0.9,0.5,1.0,0.1,42,14476.759981256146,27985.767379952402,1.9331513001657215,27985.767379952402,None,17604.860229538426,0.0,18496.710503963615,1.277683026306461,18496.710503963615,optimize_random_heur,18496.71050396363,0.2924516201019287,18496.710503963615,1.277683026306461,18496.710503963615,optimize_swarm_heur,18496.71050396363,209.95246052742004,18496.710503963615,1.277683026306461,18496.710503963615,optimize_random_heur,18496.71050396363,1665.5079371929169,18496.710503963615,1.277683026306461,18496.710503963615,optimize_single_point_heur,18496.71050396363,0.15067195892333984,18496.710503963615,1.277683026306461,18496.710503963615,optimize_single_point_heur,18496.71050396363,0.1425008773803711,18496.710503963615,1.277683026306461,18496.710503963615,optimize_single_point_heur,18496.71050396363,1.618152141571045,18496.710503963615,1.277683026306461,18496.710503963615,optimize_single_point_heur,18496.71050396363,8.275515794754028,18496.710503963615,1.277683026306461,18496.710503963615,optimize_single_point_heur,18496.71050396363,8.265510082244873,18496.710503963615,1.277683026306461,18496.710503963615,optimize_single_point_heur,18496.71050396363,3.5346601009368896
2026-04-10 02:05:59,config_resnet_spt_area_0.1_hw_0.9_seed_2,inputs/task_graph_topology/soda-benchmark-graphs/pytorch-graphs/rez_net_tosa.dot,362,0.9,0.5,1.0,0.1,42,14476.759981256146,27985.767379952402,1.9331513001657215,27985.767379952402,None,17604.860229538426,0.0,18496.710503963615,1.277683026306461,18496.710503963615,optimize_random_heur,18496.71050396363,0.27462315559387207,18496.710503963615,1.277683026306461,18496.710503963615,optimize_swarm_heur,18496.71050396363,189.5510287284851,18496.710503963615,1.277683026306461,18496.710503963615,optimize_random_heur,18496.71050396363,1453.5166177749634,18496.710503963615,1.277683026306461,18496.710503963615,optimize_single_point_heur,18496.71050396363,0.12841176986694336,18496.710503963615,1.277683026306461,18496.710503963615,optimize_single_point_heur,18496.71050396363,0.12199735641479492,18496.710503963615,1.277683026306461,18496.710503963615,optimize_single_point_heur,18496.71050396363,1.370140790939331,18496.710503963615,1.277683026306461,18496.710503963615,optimize_single_point_heur,18496.71050396363,6.9296770095825195,18496.710503963615,1.277683026306461,18496.710503963615,optimize_single_point_heur,18496.71050396363,6.8199622631073,18496.710503963615,1.277683026306461,18496.710503963615,optimize_single_point_heur,18496.71050396363,3.0200741291046143
2026-04-10 02:06:26,config_resnet_spt_area_0.1_hw_0.9_seed_3,inputs/task_graph_topology/soda-benchmark-graphs/pytorch-graphs/rez_net_tosa.dot,362,0.9,0.5,1.0,0.1,42,14476.759981256146,27985.767379952402,1.9331513001657215,27985.767379952402,None,17604.860229538426,0.0,18496.710503963615,1.277683026306461,18496.710503963615,optimize_random_heur,18496.71050396363,0.265425443649292,18496.710503963615,1.277683026306461,18496.710503963615,optimize_swarm_heur,18496.71050396363,188.43035173416138,18496.710503963615,1.277683026306461,18496.710503963615,optimize_random_heur,18496.71050396363,1451.2041523456573,18496.710503963615,1.277683026306461,18496.710503963615,optimize_single_point_heur,18496.71050396363,0.1260528564453125,18496.710503963615,1.277683026306461,18496.710503963615,optimize_single_point_heur,18496.71050396363,0.12005281448364258,18496.710503963615,1.277683026306461,18496.710503963615,optimize_single_point_heur,18496.71050396363,1.3530247211456299,18496.710503963615,1.277683026306461,18496.710503963615,optimize_single_point_heur,18496.71050396363,6.903600454330444,18496.710503963615,1.277683026306461,18496.710503963615,optimize_single_point_heur,18496.71050396363,6.795069456100464,18496.710503963615,1.277683026306461,18496.710503963615,optimize_single_point_heur,18496.71050396363,2.978121757507324
2026-04-10 02:24:30,config_resnet_spt_area_0.3_hw_0.3_seed_0,inputs/task_graph_topology/soda-benchmark-graphs/pytorch-graphs/rez_net_tosa.dot,362,0.3,0.5,1.0,0.3,42,5629.515000900963,35167.262427798014,6.246943550584686,35167.262427798014,None,15932.151430781709,0.0,18496.710503963615,3.285666793854062,18496.710503963615,optimize_random_heur,18496.71050396363,0.25996828079223633,8991.868846842808,1.5972723841047984,21768.069634902982,optimize_swarm_heur,17018.566059652272,1082.6875314712524,18496.710503963615,3.285666793854062,18496.710503963615,optimize_random_heur,18496.71050396363,1465.9507732391357,18496.710503963615,3.285666793854062,18496.710503963615,optimize_single_point_heur,18496.71050396363,0.1263597011566162,18496.710503963615,3.285666793854062,18496.710503963615,optimize_single_point_heur,18496.71050396363,0.12105631828308105,18496.710503963615,3.285666793854062,18496.710503963615,optimize_single_point_heur,18496.71050396363,1.3715837001800537,18496.710503963615,3.285666793854062,18496.710503963615,optimize_single_point_heur,18496.71050396363,7.007920026779175,18496.710503963615,3.285666793854062,18496.710503963615,optimize_single_point_heur,18496.71050396363,6.76512336730957,18496.710503963615,3.285666793854062,18496.710503963615,optimize_single_point_heur,18496.71050396363,3.073028326034546
2026-04-10 02:25:13,config_resnet_spt_area_0.3_hw_0.1_seed_1,inputs/task_graph_topology/soda-benchmark-graphs/pytorch-graphs/rez_net_tosa.dot,362,0.1,0.5,1.0,0.3,42,1876.8712304770884,31378.775410438444,16.718661835134082,31378.775410438444,None,14289.160633129684,0.0,18496.710503963615,9.855077004543286,18496.710503963615,optimize_random_heur,18496.71050396363,0.2701859474182129,8792.1527268442,4.6844730656398275,21561.14425857006,optimize_swarm_heur,17002.903003921692,1186.3964128494263,18496.710503963615,9.855077004543286,18496.710503963615,optimize_random_heur,18496.71050396363,1512.8718762397766,18496.710503963615,9.855077004543286,18496.710503963615,optimize_single_point_heur,18496.71050396363,0.13201093673706055,18496.710503963615,9.855077004543286,18496.710503963615,optimize_single_point_heur,18496.71050396363,0.12511777877807617,18496.710503963615,9.855077004543286,18496.710503963615,optimize_single_point_heur,18496.71050396363,1.4631779193878174,18496.710503963615,9.855077004543286,18496.710503963615,optimize_single_point_heur,18496.71050396363,7.279478073120117,18496.710503963615,9.855077004543286,18496.710503963615,optimize_single_point_heur,18496.71050396363,7.198132514953613,18496.710503963615,9.855077004543286,18496.710503963615,optimize_single_point_heur,18496.71050396363,3.213803291320801
2026-04-10 02:25:29,config_resnet_spt_area_0.3_hw_0.1_seed_2,inputs/task_graph_topology/soda-benchmark-graphs/pytorch-graphs/rez_net_tosa.dot,362,0.1,0.5,1.0,0.3,42,1876.8712304770884,31378.775410438444,16.718661835134082,31378.775410438444,None,14289.160633129684,0.0,18496.710503963615,9.855077004543286,18496.710503963615,optimize_random_heur,18496.71050396363,0.27059054374694824,8792.1527268442,4.6844730656398275,21561.14425857006,optimize_swarm_heur,17002.903003921692,1161.867264509201,18496.710503963615,9.855077004543286,18496.710503963615,optimize_random_heur,18496.71050396363,1490.5928008556366,18496.710503963615,9.855077004543286,18496.710503963615,optimize_single_point_heur,18496.71050396363,0.12973237037658691,18496.710503963615,9.855077004543286,18496.710503963615,optimize_single_point_heur,18496.71050396363,0.12107324600219727,18496.710503963615,9.855077004543286,18496.710503963615,optimize_single_point_heur,18496.71050396363,1.3868579864501953,18496.710503963615,9.855077004543286,18496.710503963615,optimize_single_point_heur,18496.71050396363,7.1705076694488525,18496.710503963615,9.855077004543286,18496.710503963615,optimize_single_point_heur,18496.71050396363,7.035952568054199,18496.710503963615,9.855077004543286,18496.710503963615,optimize_single_point_heur,18496.71050396363,2.9849202632904053
2026-04-10 02:25:56,config_resnet_spt_area_0.3_hw_0.1_seed_3,inputs/task_graph_topology/soda-benchmark-graphs/pytorch-graphs/rez_net_tosa.dot,362,0.1,0.5,1.0,0.3,42,1876.8712304770884,31378.775410438444,16.718661835134082,31378.775410438444,None,14289.160633129684,0.0,18496.710503963615,9.855077004543286,18496.710503963615,optimize_random_heur,18496.71050396363,0.2718188762664795,8792.1527268442,4.6844730656398275,21561.14425857006,optimize_swarm_heur,17002.903003921692,1179.394026517868,18496.710503963615,9.855077004543286,18496.710503963615,optimize_random_heur,18496.71050396363,1498.6701040267944,18496.710503963615,9.855077004543286,18496.710503963615,optimize_single_point_heur,18496.71050396363,0.13155913352966309,18496.710503963615,9.855077004543286,18496.710503963615,optimize_single_point_heur,18496.71050396363,0.12443733215332031,18496.710503963615,9.855077004543286,18496.710503963615,optimize_single_point_heur,18496.71050396363,1.429523229598999,18496.710503963615,9.855077004543286,18496.710503963615,optimize_single_point_heur,18496.71050396363,7.171241521835327,18496.710503963615,9.855077004543286,18496.710503963615,optimize_single_point_heur,18496.71050396363,7.069344997406006,18496.710503963615,9.855077004543286,18496.710503963615,optimize_single_point_heur,18496.71050396363,3.115574359893799
2026-04-10 02:26:28,config_resnet_spt_area_0.3_hw_0.1_seed_0,inputs/task_graph_topology/soda-benchmark-graphs/pytorch-graphs/rez_net_tosa.dot,362,0.1,0.5,1.0,0.3,42,1876.8712304770884,31378.775410438444,16.718661835134082,31378.775410438444,None,14289.160633129684,0.0,18496.710503963615,9.855077004543286,18496.710503963615,optimize_random_heur,18496.71050396363,0.27848362922668457,8792.1527268442,4.6844730656398275,21561.14425857006,optimize_swarm_heur,17002.903003921692,1224.291823387146,18496.710503963615,9.855077004543286,18496.710503963615,optimize_random_heur,18496.71050396363,1550.3162832260132,18496.710503963615,9.855077004543286,18496.710503963615,optimize_single_point_heur,18496.71050396363,0.13899540901184082,18496.710503963615,9.855077004543286,18496.710503963615,optimize_single_point_heur,18496.71050396363,0.1294260025024414,18496.710503963615,9.855077004543286,18496.710503963615,optimize_single_point_heur,18496.71050396363,1.481661319732666,18496.710503963615,9.855077004543286,18496.710503963615,optimize_single_point_heur,18496.71050396363,7.387454509735107,18496.710503963615,9.855077004543286,18496.710503963615,optimize_single_point_heur,18496.71050396363,7.229150056838989,18496.710503963615,9.855077004543286,18496.710503963615,optimize_single_point_heur,18496.71050396363,3.426100730895996
2026-04-10 02:27:12,config_resnet_spt_area_0.3_hw_0.3_seed_2,inputs/task_graph_topology/soda-benchmark-graphs/pytorch-graphs/rez_net_tosa.dot,362,0.3,0.5,1.0,0.3,42,5629.515000900963,35167.262427798014,6.246943550584686,35167.262427798014,None,15932.151430781709,0.0,18496.710503963615,3.285666793854062,18496.710503963615,optimize_random_heur,18496.71050396363,0.26315736770629883,8991.868846842808,1.5972723841047984,21768.069634902982,optimize_swarm_heur,17018.566059652272,1078.6506085395813,18496.710503963615,3.285666793854062,18496.710503963615,optimize_random_heur,18496.71050396363,1488.8057990074158,18496.710503963615,3.285666793854062,18496.710503963615,optimize_single_point_heur,18496.71050396363,0.1250755786895752,18496.710503963615,3.285666793854062,18496.710503963615,optimize_single_point_heur,18496.71050396363,0.11880373954772949,18496.710503963615,3.285666793854062,18496.710503963615,optimize_single_point_heur,18496.71050396363,1.3495807647705078,18496.710503963615,3.285666793854062,18496.710503963615,optimize_single_point_heur,18496.71050396363,6.792364597320557,18496.710503963615,3.285666793854062,18496.710503963615,optimize_single_point_heur,18496.71050396363,6.671672582626343,18496.710503963615,3.285666793854062,18496.710503963615,optimize_single_point_heur,18496.71050396363,3.0580108165740967
2026-04-10 02:28:44,config_resnet_spt_area_0.3_hw_0.3_seed_1,inputs/task_graph_topology/soda-benchmark-graphs/pytorch-graphs/rez_net_tosa.dot,362,0.3,0.5,1.0,0.3,42,5629.515000900963,35167.262427798014,6.246943550584686,35167.262427798014,None,15932.151430781709,0.0,18496.710503963615,3.285666793854062,18496.710503963615,optimize_random_heur,18496.71050396363,0.2765507698059082,8991.868846842808,1.5972723841047984,21768.069634902982,optimize_swarm_heur,17018.566059652272,1150.4932281970978,18496.710503963615,3.285666793854062,18496.710503963615,optimize_random_heur,18496.71050396363,1540.3954629898071,18496.710503963615,3.285666793854062,18496.710503963615,optimize_single_point_heur,18496.71050396363,0.1376805305480957,18496.710503963615,3.285666793854062,18496.710503963615,optimize_single_point_heur,18496.71050396363,0.1275644302368164,18496.710503963615,3.285666793854062,18496.710503963615,optimize_single_point_heur,18496.71050396363,1.4615647792816162,18496.710503963615,3.285666793854062,18496.710503963615,optimize_single_point_heur,18496.71050396363,7.245000839233398,18496.710503963615,3.285666793854062,18496.710503963615,optimize_single_point_heur,18496.71050396363,7.140760660171509,18496.710503963615,3.285666793854062,18496.710503963615,optimize_single_point_heur,18496.71050396363,3.241765022277832
2026-04-10 02:29:41,config_resnet_spt_area_0.3_hw_0.3_seed_3,inputs/task_graph_topology/soda-benchmark-graphs/pytorch-graphs/rez_net_tosa.dot,362,0.3,0.5,1.0,0.3,42,5629.515000900963,35167.262427798014,6.246943550584686,35167.262427798014,None,15932.151430781709,0.0,18496.710503963615,3.285666793854062,18496.710503963615,optimize_random_heur,18496.71050396363,0.2630033493041992,8991.868846842808,1.5972723841047984,21768.069634902982,optimize_swarm_heur,17018.566059652272,1113.0257077217102,18496.710503963615,3.285666793854062,18496.710503963615,optimize_random_heur,18496.71050396363,1495.001977443695,18496.710503963615,3.285666793854062,18496.710503963615,optimize_single_point_heur,18496.71050396363,0.13078808784484863,18496.710503963615,3.285666793854062,18496.710503963615,optimize_single_point_heur,18496.71050396363,0.12388396263122559,18496.710503963615,3.285666793854062,18496.710503963615,optimize_single_point_heur,18496.71050396363,1.4098279476165771,18496.710503963615,3.285666793854062,18496.710503963615,optimize_single_point_heur,18496.71050396363,6.947669267654419,18496.710503963615,3.285666793854062,18496.710503963615,optimize_single_point_heur,18496.71050396363,6.841757535934448,18496.710503963615,3.285666793854062,18496.710503963615,optimize_single_point_heur,18496.71050396363,3.0795626640319824
2026-04-10 02:30:58,config_resnet_spt_area_0.3_hw_0.5_seed_1,inputs/task_graph_topology/soda-benchmark-graphs/pytorch-graphs/rez_net_tosa.dot,362,0.5,0.5,1.0,0.3,42,9311.942737816993,34761.444632615894,3.732995961352427,34761.444632615894,None,16006.478586912192,0.0,18496.710503963615,1.986342809953728,18496.710503963615,optimize_random_heur,18496.71050396363,0.26271843910217285,9015.753169730011,0.9681925054280974,21056.4237410792,optimize_swarm_heur,17554.151723395255,1150.0313861370087,18496.710503963615,1.986342809953728,18496.710503963615,optimize_random_heur,18496.71050396363,1491.2194516658783,18496.710503963615,1.986342809953728,18496.710503963615,optimize_single_point_heur,18496.71050396363,0.12559771537780762,18496.710503963615,1.986342809953728,18496.710503963615,optimize_single_point_heur,18496.71050396363,0.11981987953186035,18496.710503963615,1.986342809953728,18496.710503963615,optimize_single_point_heur,18496.71050396363,1.3366341590881348,18496.710503963615,1.986342809953728,18496.710503963615,optimize_single_point_heur,18496.71050396363,6.807676315307617,18496.710503963615,1.986342809953728,18496.710503963615,optimize_single_point_heur,18496.71050396363,6.712255954742432,18496.710503963615,1.986342809953728,18496.710503963615,optimize_single_point_heur,18496.71050396363,2.9209208488464355
2026-04-10 02:31:59,config_resnet_spt_area_0.3_hw_0.5_seed_0,inputs/task_graph_topology/soda-benchmark-graphs/pytorch-graphs/rez_net_tosa.dot,362,0.5,0.5,1.0,0.3,42,9311.942737816993,34761.444632615894,3.732995961352427,34761.444632615894,None,16006.478586912192,0.0,18496.710503963615,1.986342809953728,18496.710503963615,optimize_random_heur,18496.71050396363,0.27878785133361816,9015.753169730011,0.9681925054280974,21056.4237410792,optimize_swarm_heur,17554.151723395255,1208.82213139534,18496.710503963615,1.986342809953728,18496.710503963615,optimize_random_heur,18496.71050396363,1534.0592939853668,18496.710503963615,1.986342809953728,18496.710503963615,optimize_single_point_heur,18496.71050396363,0.13425326347351074,18496.710503963615,1.986342809953728,18496.710503963615,optimize_single_point_heur,18496.71050396363,0.1261434555053711,18496.710503963615,1.986342809953728,18496.710503963615,optimize_single_point_heur,18496.71050396363,1.4518365859985352,18496.710503963615,1.986342809953728,18496.710503963615,optimize_single_point_heur,18496.71050396363,7.1896140575408936,18496.710503963615,1.986342809953728,18496.710503963615,optimize_single_point_heur,18496.71050396363,7.106955051422119,18496.710503963615,1.986342809953728,18496.710503963615,optimize_single_point_heur,18496.71050396363,3.1839852333068848
2026-04-10 02:32:11,config_resnet_spt_area_0.3_hw_0.7_seed_1,inputs/task_graph_topology/soda-benchmark-graphs/pytorch-graphs/rez_net_tosa.dot,362,0.7,0.5,1.0,0.3,42,12459.889958209249,35710.06410167901,2.8660015635331746,35710.06410167901,None,17380.287117038904,0.0,18496.710503963615,1.4845003098744851,18496.710503963615,optimize_random_heur,18496.71050396363,0.26436305046081543,8994.420532173412,0.7218699813835355,22204.12784156693,optimize_swarm_heur,17275.644783086012,1200.235277414322,18496.710503963615,1.4845003098744851,18496.710503963615,optimize_random_heur,18496.71050396363,1462.339037656784,18496.710503963615,1.4845003098744851,18496.710503963615,optimize_single_point_heur,18496.71050396363,0.12642812728881836,18496.710503963615,1.4845003098744851,18496.710503963615,optimize_single_point_heur,18496.71050396363,0.11976361274719238,18496.710503963615,1.4845003098744851,18496.710503963615,optimize_single_point_heur,18496.71050396363,1.3498976230621338,18496.710503963615,1.4845003098744851,18496.710503963615,optimize_single_point_heur,18496.71050396363,6.912915468215942,18496.710503963615,1.4845003098744851,18496.710503963615,optimize_single_point_heur,18496.71050396363,6.786442518234253,18496.710503963615,1.4845003098744851,18496.710503963615,optimize_single_point_heur,18496.71050396363,3.014619827270508
2026-04-10 02:32:54,config_resnet_spt_area_0.3_hw_0.5_seed_2,inputs/task_graph_topology/soda-benchmark-graphs/pytorch-graphs/rez_net_tosa.dot,362,0.5,0.5,1.0,0.3,42,9311.942737816993,34761.444632615894,3.732995961352427,34761.444632615894,None,16006.478586912192,0.0,18496.710503963615,1.986342809953728,18496.710503963615,optimize_random_heur,18496.71050396363,0.276134729385376,9015.753169730011,0.9681925054280974,21056.4237410792,optimize_swarm_heur,17554.151723395255,1203.8282449245453,18496.710503963615,1.986342809953728,18496.710503963615,optimize_random_heur,18496.71050396363,1549.4171159267426,18496.710503963615,1.986342809953728,18496.710503963615,optimize_single_point_heur,18496.71050396363,0.1343076229095459,18496.710503963615,1.986342809953728,18496.710503963615,optimize_single_point_heur,18496.71050396363,0.12620091438293457,18496.710503963615,1.986342809953728,18496.710503963615,optimize_single_point_heur,18496.71050396363,1.4710869789123535,18496.710503963615,1.986342809953728,18496.710503963615,optimize_single_point_heur,18496.71050396363,7.319924592971802,18496.710503963615,1.986342809953728,18496.710503963615,optimize_single_point_heur,18496.71050396363,7.232533693313599,18496.710503963615,1.986342809953728,18496.710503963615,optimize_single_point_heur,18496.71050396363,3.2088921070098877
2026-04-10 02:33:01,config_resnet_spt_area_0.3_hw_0.5_seed_3,inputs/task_graph_topology/soda-benchmark-graphs/pytorch-graphs/rez_net_tosa.dot,362,0.5,0.5,1.0,0.3,42,9311.942737816993,34761.444632615894,3.732995961352427,34761.444632615894,None,16006.478586912192,0.0,18496.710503963615,1.986342809953728,18496.710503963615,optimize_random_heur,18496.71050396363,0.283001184463501,9015.753169730011,0.9681925054280974,21056.4237410792,optimize_swarm_heur,17554.151723395255,1207.5225002765656,18496.710503963615,1.986342809953728,18496.710503963615,optimize_random_heur,18496.71050396363,1553.2086288928986,18496.710503963615,1.986342809953728,18496.710503963615,optimize_single_point_heur,18496.71050396363,0.13674068450927734,18496.710503963615,1.986342809953728,18496.710503963615,optimize_single_point_heur,18496.71050396363,0.12627172470092773,18496.710503963615,1.986342809953728,18496.710503963615,optimize_single_point_heur,18496.71050396363,1.4374356269836426,18496.710503963615,1.986342809953728,18496.710503963615,optimize_single_point_heur,18496.71050396363,7.19484543800354,18496.710503963615,1.986342809953728,18496.710503963615,optimize_single_point_heur,18496.71050396363,7.124040365219116,18496.710503963615,1.986342809953728,18496.710503963615,optimize_single_point_heur,18496.71050396363,3.2058191299438477
2026-04-10 02:33:31,config_resnet_spt_area_0.3_hw_0.7_seed_0,inputs/task_graph_topology/soda-benchmark-graphs/pytorch-graphs/rez_net_tosa.dot,362,0.7,0.5,1.0,0.3,42,12459.889958209249,35710.06410167901,2.8660015635331746,35710.06410167901,None,17380.287117038904,0.0,18496.710503963615,1.4845003098744851,18496.710503963615,optimize_random_heur,18496.71050396363,0.277315616607666,8994.420532173412,0.7218699813835355,22204.12784156693,optimize_swarm_heur,17275.644783086012,1251.9079539775848,18496.710503963615,1.4845003098744851,18496.710503963615,optimize_random_heur,18496.71050396363,1539.008236169815,18496.710503963615,1.4845003098744851,18496.710503963615,optimize_single_point_heur,18496.71050396363,0.1369919776916504,18496.710503963615,1.4845003098744851,18496.710503963615,optimize_single_point_heur,18496.71050396363,0.1306624412536621,18496.710503963615,1.4845003098744851,18496.710503963615,optimize_single_point_heur,18496.71050396363,1.4931471347808838,18496.710503963615,1.4845003098744851,18496.710503963615,optimize_single_point_heur,18496.71050396363,7.381149530410767,18496.710503963615,1.4845003098744851,18496.710503963615,optimize_single_point_heur,18496.71050396363,7.1642906665802,18496.710503963615,1.4845003098744851,18496.710503963615,optimize_single_point_heur,18496.71050396363,3.316349983215332
2026-04-10 02:35:14,config_resnet_spt_area_0.3_hw_0.7_seed_2,inputs/task_graph_topology/soda-benchmark-graphs/pytorch-graphs/rez_net_tosa.dot,362,0.7,0.5,1.0,0.3,42,12459.889958209249,35710.06410167901,2.8660015635331746,35710.06410167901,None,17380.287117038904,0.0,18496.710503963615,1.4845003098744851,18496.710503963615,optimize_random_heur,18496.71050396363,0.27901744842529297,8994.420532173412,0.7218699813835355,22204.12784156693,optimize_swarm_heur,17275.644783086012,1274.585869550705,18496.710503963615,1.4845003098744851,18496.710503963615,optimize_random_heur,18496.71050396363,1534.3188285827637,18496.710503963615,1.4845003098744851,18496.710503963615,optimize_single_point_heur,18496.71050396363,0.13408470153808594,18496.710503963615,1.4845003098744851,18496.710503963615,optimize_single_point_heur,18496.71050396363,0.12966418266296387,18496.710503963615,1.4845003098744851,18496.710503963615,optimize_single_point_heur,18496.71050396363,1.4604859352111816,18496.710503963615,1.4845003098744851,18496.710503963615,optimize_single_point_heur,18496.71050396363,7.449705362319946,18496.710503963615,1.4845003098744851,18496.710503963615,optimize_single_point_heur,18496.71050396363,7.276742935180664,18496.710503963615,1.4845003098744851,18496.710503963615,optimize_single_point_heur,18496.71050396363,3.209840774536133
2026-04-10 02:41:32,config_resnet_spt_area_0.3_hw_0.7_seed_3,inputs/task_graph_topology/soda-benchmark-graphs/pytorch-graphs/rez_net_tosa.dot,362,0.7,0.5,1.0,0.3,42,12459.889958209249,35710.06410167901,2.8660015635331746,35710.06410167901,None,17380.287117038904,0.0,18496.710503963615,1.4845003098744851,18496.710503963615,optimize_random_heur,18496.71050396363,0.26566052436828613,8994.420532173412,0.7218699813835355,22204.12784156693,optimize_swarm_heur,17275.644783086012,1178.5482239723206,18496.710503963615,1.4845003098744851,18496.710503963615,optimize_random_heur,18496.71050396363,1434.6280190944672,18496.710503963615,1.4845003098744851,18496.710503963615,optimize_single_point_heur,18496.71050396363,0.1264042854309082,18496.710503963615,1.4845003098744851,18496.710503963615,optimize_single_point_heur,18496.71050396363,0.11945629119873047,18496.710503963615,1.4845003098744851,18496.710503963615,optimize_single_point_heur,18496.71050396363,1.3387179374694824,18496.710503963615,1.4845003098744851,18496.710503963615,optimize_single_point_heur,18496.71050396363,6.904854774475098,18496.710503963615,1.4845003098744851,18496.710503963615,optimize_single_point_heur,18496.71050396363,6.7612998485565186,18496.710503963615,1.4845003098744851,18496.710503963615,optimize_single_point_heur,18496.71050396363,2.9711225032806396
2026-04-10 02:43:15,config_resnet_spt_area_0.3_hw_0.9_seed_3,inputs/task_graph_topology/soda-benchmark-graphs/pytorch-graphs/rez_net_tosa.dot,362,0.9,0.5,1.0,0.3,42,14476.759981256146,35670.03868636114,2.4639517911842908,35670.03868636114,None,18482.907632920924,0.0,18496.710503963615,1.277683026306461,18496.710503963615,optimize_random_heur,18496.71050396363,0.27188920974731445,9071.785566660494,0.6266447449848054,25369.3303039292,optimize_swarm_heur,17131.279850030296,1190.6183867454529,18496.710503963615,1.277683026306461,18496.710503963615,optimize_random_heur,18496.71050396363,1523.8139791488647,18496.710503963615,1.277683026306461,18496.710503963615,optimize_single_point_heur,18496.71050396363,0.1348123550415039,18496.710503963615,1.277683026306461,18496.710503963615,optimize_single_point_heur,18496.71050396363,0.12640810012817383,18496.710503963615,1.277683026306461,18496.710503963615,optimize_single_point_heur,18496.71050396363,1.4607632160186768,18496.710503963615,1.277683026306461,18496.710503963615,optimize_single_point_heur,18496.71050396363,7.281411647796631,18496.710503963615,1.277683026306461,18496.710503963615,optimize_single_point_heur,18496.71050396363,7.118139266967773,18496.710503963615,1.277683026306461,18496.710503963615,optimize_single_point_heur,18496.71050396363,3.2297468185424805
2026-04-10 02:43:50,config_resnet_spt_area_0.3_hw_0.9_seed_0,inputs/task_graph_topology/soda-benchmark-graphs/pytorch-graphs/rez_net_tosa.dot,362,0.9,0.5,1.0,0.3,42,14476.759981256146,35670.03868636114,2.4639517911842908,35670.03868636114,None,18482.907632920924,0.0,18496.710503963615,1.277683026306461,18496.710503963615,optimize_random_heur,18496.71050396363,0.2787940502166748,9071.785566660494,0.6266447449848054,25369.3303039292,optimize_swarm_heur,17131.279850030296,1185.8098216056824,18496.710503963615,1.277683026306461,18496.710503963615,optimize_random_heur,18496.71050396363,1563.4100284576416,18496.710503963615,1.277683026306461,18496.710503963615,optimize_single_point_heur,18496.71050396363,0.13553881645202637,18496.710503963615,1.277683026306461,18496.710503963615,optimize_single_point_heur,18496.71050396363,0.12824678421020508,18496.710503963615,1.277683026306461,18496.710503963615,optimize_single_point_heur,18496.71050396363,1.4666695594787598,18496.710503963615,1.277683026306461,18496.710503963615,optimize_single_point_heur,18496.71050396363,7.473322629928589,18496.710503963615,1.277683026306461,18496.710503963615,optimize_single_point_heur,18496.71050396363,7.204931259155273,18496.710503963615,1.277683026306461,18496.710503963615,optimize_single_point_heur,18496.71050396363,3.2694101333618164
2026-04-10 02:44:02,config_resnet_spt_area_0.3_hw_0.9_seed_2,inputs/task_graph_topology/soda-benchmark-graphs/pytorch-graphs/rez_net_tosa.dot,362,0.9,0.5,1.0,0.3,42,14476.759981256146,35670.03868636114,2.4639517911842908,35670.03868636114,None,18482.907632920924,0.0,18496.710503963615,1.277683026306461,18496.710503963615,optimize_random_heur,18496.71050396363,0.28177475929260254,9071.785566660494,0.6266447449848054,25369.3303039292,optimize_swarm_heur,17131.279850030296,1192.186173915863,18496.710503963615,1.277683026306461,18496.710503963615,optimize_random_heur,18496.71050396363,1569.3848547935486,18496.710503963615,1.277683026306461,18496.710503963615,optimize_single_point_heur,18496.71050396363,0.13450884819030762,18496.710503963615,1.277683026306461,18496.710503963615,optimize_single_point_heur,18496.71050396363,0.12810993194580078,18496.710503963615,1.277683026306461,18496.710503963615,optimize_single_point_heur,18496.71050396363,1.4281723499298096,18496.710503963615,1.277683026306461,18496.710503963615,optimize_single_point_heur,18496.71050396363,7.21538519859314,18496.710503963615,1.277683026306461,18496.710503963615,optimize_single_point_heur,18496.71050396363,7.066866159439087,18496.710503963615,1.277683026306461,18496.710503963615,optimize_single_point_heur,18496.71050396363,3.214510202407837
2026-04-10 02:44:05,config_resnet_spt_area_0.3_hw_0.9_seed_1,inputs/task_graph_topology/soda-benchmark-graphs/pytorch-graphs/rez_net_tosa.dot,362,0.9,0.5,1.0,0.3,42,14476.759981256146,35670.03868636114,2.4639517911842908,35670.03868636114,None,18482.907632920924,0.0,18496.710503963615,1.277683026306461,18496.710503963615,optimize_random_heur,18496.71050396363,0.2748067378997803,9071.785566660494,0.6266447449848054,25369.3303039292,optimize_swarm_heur,17131.279850030296,1207.8859584331512,18496.710503963615,1.277683026306461,18496.710503963615,optimize_random_heur,18496.71050396363,1556.908059835434,18496.710503963615,1.277683026306461,18496.710503963615,optimize_single_point_heur,18496.71050396363,0.13771724700927734,18496.710503963615,1.277683026306461,18496.710503963615,optimize_single_point_heur,18496.71050396363,0.13050556182861328,18496.710503963615,1.277683026306461,18496.710503963615,optimize_single_point_heur,18496.71050396363,1.462174654006958,18496.710503963615,1.277683026306461,18496.710503963615,optimize_single_point_heur,18496.71050396363,7.38691782951355,18496.710503963615,1.277683026306461,18496.710503963615,optimize_single_point_heur,18496.71050396363,7.269874334335327,18496.710503963615,1.277683026306461,18496.710503963615,optimize_single_point_heur,18496.71050396363,3.425792694091797
2026-04-10 04:01:19,config_resnet_spt_area_0.5_hw_0.1_seed_3,inputs/task_graph_topology/soda-benchmark-graphs/pytorch-graphs/rez_net_tosa.dot,362,0.1,0.5,1.0,0.5,42,1876.8712304770884,27091.396431290876,14.434339442884646,27091.396431290876,None,11726.626114450048,0.0,10723.525554061856,5.713511603742792,30775.601662961413,optimize_random_heur,15161.317813444837,1.0289506912231445,9061.214540394201,4.827829631173418,19936.986077406174,optimize_swarm_heur,17956.96740356039,3310.3099863529205,9541.929415737046,5.083955287284972,31624.021717568998,optimize_random_heur,13811.491337771955,3989.0850558280945,10407.65795931585,5.545216842963857,31790.211022864336,optimize_single_point_heur,14431.197040465615,1.8220934867858887,10667.595217764676,5.683711830913964,31702.73877125148,optimize_single_point_heur,14918.578020976112,1.609257459640503,9980.444286700409,5.317596713421541,32217.556663540414,optimize_single_point_heur,14438.764856951137,32.62176847457886,9658.074574098808,5.145837613827022,32135.47362298526,optimize_single_point_heur,14880.379773365548,28.821235179901123,9785.65744888579,5.213813974013731,31230.564566912326,optimize_single_point_heur,13809.897168476831,28.45527672767639,4726.922067079018,2.5185116540347128,28037.409478042548,optimize_single_point_heur,10070.168508670906,26.641630172729492
2026-04-10 04:01:57,config_resnet_spt_area_0.5_hw_0.1_seed_1,inputs/task_graph_topology/soda-benchmark-graphs/pytorch-graphs/rez_net_tosa.dot,362,0.1,0.5,1.0,0.5,42,1876.8712304770884,27091.396431290876,14.434339442884646,27091.396431290876,None,11726.626114450048,0.0,10723.525554061856,5.713511603742792,30775.601662961413,optimize_random_heur,15161.317813444837,1.028078317642212,9061.214540394201,4.827829631173418,19936.986077406174,optimize_swarm_heur,17956.96740356039,3331.292342185974,9541.929415737046,5.083955287284972,31624.021717568998,optimize_random_heur,13811.491337771955,4005.432158946991,10407.65795931585,5.545216842963857,31790.211022864336,optimize_single_point_heur,14431.197040465615,1.8262865543365479,10667.595217764676,5.683711830913964,31702.73877125148,optimize_single_point_heur,14918.578020976112,1.6048564910888672,9980.444286700409,5.317596713421541,32217.556663540414,optimize_single_point_heur,14438.764856951137,32.462037563323975,9658.074574098808,5.145837613827022,32135.47362298526,optimize_single_point_heur,14880.379773365548,28.79447364807129,9785.65744888579,5.213813974013731,31230.564566912326,optimize_single_point_heur,13809.897168476831,28.470381498336792,4726.922067079018,2.5185116540347128,28037.409478042548,optimize_single_point_heur,10070.168508670906,26.780471086502075
2026-04-10 04:02:10,config_resnet_spt_area_0.5_hw_0.1_seed_0,inputs/task_graph_topology/soda-benchmark-graphs/pytorch-graphs/rez_net_tosa.dot,362,0.1,0.5,1.0,0.5,42,1876.8712304770884,27091.396431290876,14.434339442884646,27091.396431290876,None,11726.626114450048,0.0,10723.525554061856,5.713511603742792,30775.601662961413,optimize_random_heur,15161.317813444837,1.0337066650390625,9061.214540394201,4.827829631173418,19936.986077406174,optimize_swarm_heur,17956.96740356039,3324.9870042800903,9541.929415737046,5.083955287284972,31624.021717568998,optimize_random_heur,13811.491337771955,4025.511815071106,10407.65795931585,5.545216842963857,31790.211022864336,optimize_single_point_heur,14431.197040465615,1.7430682182312012,10667.595217764676,5.683711830913964,31702.73877125148,optimize_single_point_heur,14918.578020976112,1.5994598865509033,9980.444286700409,5.317596713421541,32217.556663540414,optimize_single_point_heur,14438.764856951137,31.88730263710022,9658.074574098808,5.145837613827022,32135.47362298526,optimize_single_point_heur,14880.379773365548,28.961049556732178,9785.65744888579,5.213813974013731,31230.564566912326,optimize_single_point_heur,13809.897168476831,28.504286766052246,4726.922067079018,2.5185116540347128,28037.409478042548,optimize_single_point_heur,10070.168508670906,25.97234606742859
2026-04-10 04:02:14,config_resnet_spt_area_0.5_hw_0.3_seed_2,inputs/task_graph_topology/soda-benchmark-graphs/pytorch-graphs/rez_net_tosa.dot,362,0.3,0.5,1.0,0.5,42,5629.515000900963,31525.940186825334,5.600116560979025,31525.940186825334,None,12758.347233287916,0.0,11500.025024845218,2.042809198128919,32554.008396521025,optimize_random_heur,15913.740466226867,1.034524917602539,9146.453712275776,1.6247320969589658,22534.21068352685,optimize_swarm_heur,17663.93614255455,3321.487107515335,10336.169262761217,1.8360674518332376,33671.91738982383,optimize_random_heur,14588.674582579832,4030.732608795166,11203.040486384798,1.9900542914606023,33626.39617541868,optimize_single_point_heur,15206.98033313717,1.7717835903167725,11453.44782771515,2.0345354485923046,33598.72067855506,optimize_single_point_heur,15642.0963908381,1.6222825050354004,10003.62041914849,1.7769950728521877,31914.639433636243,optimize_single_point_heur,13874.373228909286,32.776904344558716,10725.647135419857,1.9052524300411837,33948.79302221945,optimize_single_point_heur,14681.218116087382,28.87609338760376,10758.542780429378,1.9110958543866658,33058.587353805706,optimize_single_point_heur,14928.15504578157,28.284505128860474,5957.856703789916,1.0583250427144086,29468.346415417982,optimize_single_point_heur,10564.659736050104,27.769739389419556
2026-04-10 04:03:59,config_resnet_spt_area_0.5_hw_0.1_seed_2,inputs/task_graph_topology/soda-benchmark-graphs/pytorch-graphs/rez_net_tosa.dot,362,0.1,0.5,1.0,0.5,42,1876.8712304770884,27091.396431290876,14.434339442884646,27091.396431290876,None,11726.626114450048,0.0,10723.525554061856,5.713511603742792,30775.601662961413,optimize_random_heur,15161.317813444837,1.035935640335083,9061.214540394201,4.827829631173418,19936.986077406174,optimize_swarm_heur,17956.96740356039,3400.33625459671,9541.929415737046,5.083955287284972,31624.021717568998,optimize_random_heur,13811.491337771955,4058.6055431365967,10407.65795931585,5.545216842963857,31790.211022864336,optimize_single_point_heur,14431.197040465615,1.8016374111175537,10667.595217764676,5.683711830913964,31702.73877125148,optimize_single_point_heur,14918.578020976112,1.6431069374084473,9980.444286700409,5.317596713421541,32217.556663540414,optimize_single_point_heur,14438.764856951137,32.73465037345886,9658.074574098808,5.145837613827022,32135.47362298526,optimize_single_point_heur,14880.379773365548,29.136186838150024,9785.65744888579,5.213813974013731,31230.564566912326,optimize_single_point_heur,13809.897168476831,28.63473677635193,4726.922067079018,2.5185116540347128,28037.409478042548,optimize_single_point_heur,10070.168508670906,26.530755519866943
2026-04-10 04:06:57,config_resnet_spt_area_0.5_hw_0.5_seed_0,inputs/task_graph_topology/soda-benchmark-graphs/pytorch-graphs/rez_net_tosa.dot,362,0.5,0.5,1.0,0.5,42,9311.942737816993,33103.829961925556,3.554986418407263,33103.829961925556,None,13322.5504469303,0.0,12292.559224264005,1.3200853538695365,34332.42544048837,optimize_random_heur,16708.580879965844,1.083902359008789,9185.020654610462,0.9863699673870325,21265.16522224106,optimize_swarm_heur,18033.842468808805,3460.2632427215576,11268.350270434243,1.2100966025781095,35566.372636119464,optimize_random_heur,15592.705940181475,4168.5015478134155,12026.206079074818,1.2914819622155593,35462.68089148315,optimize_single_point_heur,16031.63707168937,1.8366978168487549,12266.885189166216,1.3173282455173208,35494.80214936876,optimize_single_point_heur,16370.763285817997,1.658517599105835,10849.22682698431,1.165087364951699,32870.90214866349,optimize_single_point_heur,15212.79106722823,33.46806979179382,11553.223524498066,1.2406888497691189,34918.81282888356,optimize_single_point_heur,15812.825055153857,29.712073802947998,11563.866245849049,1.2418317607223577,35424.06310926256,optimize_single_point_heur,16837.852358363114,29.417338132858276,7114.291032932225,0.763996432671367,30183.386893750674,optimize_single_point_heur,11125.543560919097,30.803200721740723
2026-04-10 04:08:56,config_resnet_spt_area_0.5_hw_0.5_seed_1,inputs/task_graph_topology/soda-benchmark-graphs/pytorch-graphs/rez_net_tosa.dot,362,0.5,0.5,1.0,0.5,42,9311.942737816993,33103.829961925556,3.554986418407263,33103.829961925556,None,13322.5504469303,0.0,12292.559224264005,1.3200853538695365,34332.42544048837,optimize_random_heur,16708.580879965844,1.0768563747406006,9185.020654610462,0.9863699673870325,21265.16522224106,optimize_swarm_heur,18033.842468808805,3525.3437559604645,11268.350270434243,1.2100966025781095,35566.372636119464,optimize_random_heur,15592.705940181475,4223.199862480164,12026.206079074818,1.2914819622155593,35462.68089148315,optimize_single_point_heur,16031.63707168937,1.8513884544372559,12266.885189166216,1.3173282455173208,35494.80214936876,optimize_single_point_heur,16370.763285817997,1.6713812351226807,10849.22682698431,1.165087364951699,32870.90214866349,optimize_single_point_heur,15212.79106722823,33.3392333984375,11553.223524498066,1.2406888497691189,34918.81282888356,optimize_single_point_heur,15812.825055153857,29.660587310791016,11563.866245849049,1.2418317607223577,35424.06310926256,optimize_single_point_heur,16837.852358363114,29.229554891586304,7114.291032932225,0.763996432671367,30183.386893750674,optimize_single_point_heur,11125.543560919097,31.002808809280396
2026-04-10 04:09:54,config_resnet_spt_area_0.5_hw_0.7_seed_3,inputs/task_graph_topology/soda-benchmark-graphs/pytorch-graphs/rez_net_tosa.dot,362,0.7,0.5,1.0,0.5,42,12459.889958209249,35018.604906863926,2.810506756024099,35018.604906863926,None,15652.672074748769,0.0,13085.093423682785,1.05017728628186,36110.853066955286,optimize_random_heur,17458.283834547965,1.020479440689087,9124.062993960857,0.7322747652317291,20694.535673413666,optimize_swarm_heur,17618.54943686351,3327.1922476291656,11984.126372657964,0.9618163894587346,37379.41695570951,optimize_random_heur,16290.683911918353,4048.1541469097137,12866.030645086108,1.0325958486181712,37298.96560754758,optimize_single_point_heur,16871.0643615583,1.7763018608093262,13056.51939496291,1.0478840052965772,37859.94695154457,optimize_single_point_heur,16500.862154976345,1.602139949798584,11231.07254100602,0.9013781484969201,35061.63883062419,optimize_single_point_heur,14897.498863383882,32.56532382965088,11995.862685339122,0.9627583169332566,36895.7286213482,optimize_single_point_heur,16152.314898281475,29.627050399780273,12099.960496030286,0.971112950163591,37720.96518878953,optimize_single_point_heur,16022.10139402263,29.37715482711792,7813.454527977627,0.6270885661257145,31887.35090217955,optimize_single_point_heur,12206.360740549231,30.457701683044434
2026-04-10 04:09:54,config_resnet_spt_area_0.5_hw_0.3_seed_3,inputs/task_graph_topology/soda-benchmark-graphs/pytorch-graphs/rez_net_tosa.dot,362,0.3,0.5,1.0,0.5,42,5629.515000900963,31525.940186825334,5.600116560979025,31525.940186825334,None,12758.347233287916,0.0,11500.025024845218,2.042809198128919,32554.008396521025,optimize_random_heur,15913.740466226867,1.0913197994232178,9146.453712275776,1.6247320969589658,22534.21068352685,optimize_swarm_heur,17663.93614255455,3521.1531987190247,10336.169262761217,1.8360674518332376,33671.91738982383,optimize_random_heur,14588.674582579832,4284.389030218124,11203.040486384798,1.9900542914606023,33626.39617541868,optimize_single_point_heur,15206.98033313717,1.8772311210632324,11453.44782771515,2.0345354485923046,33598.72067855506,optimize_single_point_heur,15642.0963908381,1.6955127716064453,10003.62041914849,1.7769950728521877,31914.639433636243,optimize_single_point_heur,13874.373228909286,34.59544610977173,10725.647135419857,1.9052524300411837,33948.79302221945,optimize_single_point_heur,14681.218116087382,30.058369874954224,10758.542780429378,1.9110958543866658,33058.587353805706,optimize_single_point_heur,14928.15504578157,29.446666955947876,5957.856703789916,1.0583250427144086,29468.346415417982,optimize_single_point_heur,10564.659736050104,29.75162124633789
2026-04-10 04:11:00,config_resnet_spt_area_0.5_hw_0.9_seed_3,inputs/task_graph_topology/soda-benchmark-graphs/pytorch-graphs/rez_net_tosa.dot,362,0.9,0.5,1.0,0.5,42,14476.759981256146,36964.18800115859,2.5533467467180606,36964.18800115859,None,18285.066572794603,0.0,13877.627623101582,0.9586141955154127,37889.30170592251,optimize_random_heur,18218.157058910194,1.0503084659576416,9202.005584095039,0.6356398528406481,20778.82106628874,optimize_swarm_heur,17973.052284371108,3351.062656879425,12739.424423720715,0.879991409694928,38232.52407927109,optimize_random_heur,16546.07947727891,3975.865194797516,13686.291540048329,0.9453974202631473,38502.94799661534,optimize_single_point_heur,17657.637519409614,1.757615566253662,13609.1156835364,0.9400664030595843,39658.84229957625,optimize_single_point_heur,17125.928913627547,1.5885374546051025,13007.85486304306,0.8985335724212491,41281.69798374185,optimize_single_point_heur,17747.338259053733,32.072324991226196,12982.109807580508,0.8967552010525253,36896.11429205896,optimize_single_point_heur,17926.36644918516,28.956098556518555,13063.87583296022,0.902403289815866,40273.32212953571,optimize_single_point_heur,17438.881861406408,28.611133337020874,8705.583732934805,0.6013489029455763,33292.88524887435,optimize_single_point_heur,12548.410312014274,31.478744983673096
2026-04-10 04:11:29,config_resnet_spt_area_0.5_hw_0.7_seed_0,inputs/task_graph_topology/soda-benchmark-graphs/pytorch-graphs/rez_net_tosa.dot,362,0.7,0.5,1.0,0.5,42,12459.889958209249,35018.604906863926,2.810506756024099,35018.604906863926,None,15652.672074748769,0.0,13085.093423682785,1.05017728628186,36110.853066955286,optimize_random_heur,17458.283834547965,1.0855536460876465,9124.062993960857,0.7322747652317291,20694.535673413666,optimize_swarm_heur,17618.54943686351,3507.5090231895447,11984.126372657964,0.9618163894587346,37379.41695570951,optimize_random_heur,16290.683911918353,4185.80793261528,12866.030645086108,1.0325958486181712,37298.96560754758,optimize_single_point_heur,16871.0643615583,1.8483421802520752,13056.51939496291,1.0478840052965772,37859.94695154457,optimize_single_point_heur,16500.862154976345,1.6743898391723633,11231.07254100602,0.9013781484969201,35061.63883062419,optimize_single_point_heur,14897.498863383882,34.06345987319946,11995.862685339122,0.9627583169332566,36895.7286213482,optimize_single_point_heur,16152.314898281475,30.220484972000122,12099.960496030286,0.971112950163591,37720.96518878953,optimize_single_point_heur,16022.10139402263,30.002013683319092,7813.454527977627,0.6270885661257145,31887.35090217955,optimize_single_point_heur,12206.360740549231,31.971845388412476
2026-04-10 04:11:57,config_resnet_spt_area_0.5_hw_0.9_seed_0,inputs/task_graph_topology/soda-benchmark-graphs/pytorch-graphs/rez_net_tosa.dot,362,0.9,0.5,1.0,0.5,42,14476.759981256146,36964.18800115859,2.5533467467180606,36964.18800115859,None,18285.066572794603,0.0,13877.627623101582,0.9586141955154127,37889.30170592251,optimize_random_heur,18218.157058910194,1.0486092567443848,9202.005584095039,0.6356398528406481,20778.82106628874,optimize_swarm_heur,17973.052284371108,3375.2504024505615,12739.424423720715,0.879991409694928,38232.52407927109,optimize_random_heur,16546.07947727891,4124.788573741913,13686.291540048329,0.9453974202631473,38502.94799661534,optimize_single_point_heur,17657.637519409614,1.7851741313934326,13609.1156835364,0.9400664030595843,39658.84229957625,optimize_single_point_heur,17125.928913627547,1.648120403289795,13007.85486304306,0.8985335724212491,41281.69798374185,optimize_single_point_heur,17747.338259053733,32.61750030517578,12982.109807580508,0.8967552010525253,36896.11429205896,optimize_single_point_heur,17926.36644918516,29.52331280708313,13063.87583296022,0.902403289815866,40273.32212953571,optimize_single_point_heur,17438.881861406408,29.127439975738525,8705.583732934805,0.6013489029455763,33292.88524887435,optimize_single_point_heur,12548.410312014274,31.82270073890686
2026-04-10 04:12:47,config_resnet_spt_area_0.5_hw_0.7_seed_1,inputs/task_graph_topology/soda-benchmark-graphs/pytorch-graphs/rez_net_tosa.dot,362,0.7,0.5,1.0,0.5,42,12459.889958209249,35018.604906863926,2.810506756024099,35018.604906863926,None,15652.672074748769,0.0,13085.093423682785,1.05017728628186,36110.853066955286,optimize_random_heur,17458.283834547965,1.070481538772583,9124.062993960857,0.7322747652317291,20694.535673413666,optimize_swarm_heur,17618.54943686351,3500.097139120102,11984.126372657964,0.9618163894587346,37379.41695570951,optimize_random_heur,16290.683911918353,4140.879585027695,12866.030645086108,1.0325958486181712,37298.96560754758,optimize_single_point_heur,16871.0643615583,1.8419723510742188,13056.51939496291,1.0478840052965772,37859.94695154457,optimize_single_point_heur,16500.862154976345,1.6547291278839111,11231.07254100602,0.9013781484969201,35061.63883062419,optimize_single_point_heur,14897.498863383882,33.67234683036804,11995.862685339122,0.9627583169332566,36895.7286213482,optimize_single_point_heur,16152.314898281475,29.78765559196472,12099.960496030286,0.971112950163591,37720.96518878953,optimize_single_point_heur,16022.10139402263,29.508652448654175,7813.454527977627,0.6270885661257145,31887.35090217955,optimize_single_point_heur,12206.360740549231,31.399282693862915
2026-04-10 04:13:52,config_resnet_spt_area_0.5_hw_0.3_seed_0,inputs/task_graph_topology/soda-benchmark-graphs/pytorch-graphs/rez_net_tosa.dot,362,0.3,0.5,1.0,0.5,42,5629.515000900963,31525.940186825334,5.600116560979025,31525.940186825334,None,12758.347233287916,0.0,11500.025024845218,2.042809198128919,32554.008396521025,optimize_random_heur,15913.740466226867,1.197500467300415,9146.453712275776,1.6247320969589658,22534.21068352685,optimize_swarm_heur,17663.93614255455,3597.7298793792725,10336.169262761217,1.8360674518332376,33671.91738982383,optimize_random_heur,14588.674582579832,4440.552816390991,11203.040486384798,1.9900542914606023,33626.39617541868,optimize_single_point_heur,15206.98033313717,1.9392433166503906,11453.44782771515,2.0345354485923046,33598.72067855506,optimize_single_point_heur,15642.0963908381,1.7557735443115234,10003.62041914849,1.7769950728521877,31914.639433636243,optimize_single_point_heur,13874.373228909286,35.819079875946045,10725.647135419857,1.9052524300411837,33948.79302221945,optimize_single_point_heur,14681.218116087382,31.226989269256592,10758.542780429378,1.9110958543866658,33058.587353805706,optimize_single_point_heur,14928.15504578157,31.024208068847656,5957.856703789916,1.0583250427144086,29468.346415417982,optimize_single_point_heur,10564.659736050104,30.78718852996826
2026-04-10 04:14:47,config_resnet_spt_area_0.5_hw_0.7_seed_2,inputs/task_graph_topology/soda-benchmark-graphs/pytorch-graphs/rez_net_tosa.dot,362,0.7,0.5,1.0,0.5,42,12459.889958209249,35018.604906863926,2.810506756024099,35018.604906863926,None,15652.672074748769,0.0,13085.093423682785,1.05017728628186,36110.853066955286,optimize_random_heur,17458.283834547965,1.0920133590698242,9124.062993960857,0.7322747652317291,20694.535673413666,optimize_swarm_heur,17618.54943686351,3514.6004300117493,11984.126372657964,0.9618163894587346,37379.41695570951,optimize_random_heur,16290.683911918353,4211.791073799133,12866.030645086108,1.0325958486181712,37298.96560754758,optimize_single_point_heur,16871.0643615583,1.8380365371704102,13056.51939496291,1.0478840052965772,37859.94695154457,optimize_single_point_heur,16500.862154976345,1.6721692085266113,11231.07254100602,0.9013781484969201,35061.63883062419,optimize_single_point_heur,14897.498863383882,33.94983696937561,11995.862685339122,0.9627583169332566,36895.7286213482,optimize_single_point_heur,16152.314898281475,30.268629550933838,12099.960496030286,0.971112950163591,37720.96518878953,optimize_single_point_heur,16022.10139402263,29.963056325912476,7813.454527977627,0.6270885661257145,31887.35090217955,optimize_single_point_heur,12206.360740549231,31.91051936149597
2026-04-10 04:15:16,config_resnet_spt_area_0.5_hw_0.5_seed_2,inputs/task_graph_topology/soda-benchmark-graphs/pytorch-graphs/rez_net_tosa.dot,362,0.5,0.5,1.0,0.5,42,9311.942737816993,33103.829961925556,3.554986418407263,33103.829961925556,None,13322.5504469303,0.0,12292.559224264005,1.3200853538695365,34332.42544048837,optimize_random_heur,16708.580879965844,1.1146271228790283,9185.020654610462,0.9863699673870325,21265.16522224106,optimize_swarm_heur,18033.842468808805,3627.757732152939,11268.350270434243,1.2100966025781095,35566.372636119464,optimize_random_heur,15592.705940181475,4391.961403846741,12026.206079074818,1.2914819622155593,35462.68089148315,optimize_single_point_heur,16031.63707168937,1.8802177906036377,12266.885189166216,1.3173282455173208,35494.80214936876,optimize_single_point_heur,16370.763285817997,1.7553820610046387,10849.22682698431,1.165087364951699,32870.90214866349,optimize_single_point_heur,15212.79106722823,35.38263511657715,11553.223524498066,1.2406888497691189,34918.81282888356,optimize_single_point_heur,15812.825055153857,31.11596918106079,11563.866245849049,1.2418317607223577,35424.06310926256,optimize_single_point_heur,16837.852358363114,32.9324951171875,7114.291032932225,0.763996432671367,30183.386893750674,optimize_single_point_heur,11125.543560919097,33.22245264053345
2026-04-10 04:17:11,config_resnet_spt_area_0.5_hw_0.9_seed_1,inputs/task_graph_topology/soda-benchmark-graphs/pytorch-graphs/rez_net_tosa.dot,362,0.9,0.5,1.0,0.5,42,14476.759981256146,36964.18800115859,2.5533467467180606,36964.18800115859,None,18285.066572794603,0.0,13877.627623101582,0.9586141955154127,37889.30170592251,optimize_random_heur,18218.157058910194,1.0880134105682373,9202.005584095039,0.6356398528406481,20778.82106628874,optimize_swarm_heur,17973.052284371108,3528.94238948822,12739.424423720715,0.879991409694928,38232.52407927109,optimize_random_heur,16546.07947727891,4238.325668334961,13686.291540048329,0.9453974202631473,38502.94799661534,optimize_single_point_heur,17657.637519409614,1.8627898693084717,13609.1156835364,0.9400664030595843,39658.84229957625,optimize_single_point_heur,17125.928913627547,1.6956822872161865,13007.85486304306,0.8985335724212491,41281.69798374185,optimize_single_point_heur,17747.338259053733,33.67779803276062,12982.109807580508,0.8967552010525253,36896.11429205896,optimize_single_point_heur,17926.36644918516,29.955662965774536,13063.87583296022,0.902403289815866,40273.32212953571,optimize_single_point_heur,17438.881861406408,29.494280338287354,8705.583732934805,0.6013489029455763,33292.88524887435,optimize_single_point_heur,12548.410312014274,32.98494291305542
2026-04-10 04:18:30,config_resnet_spt_area_0.5_hw_0.3_seed_1,inputs/task_graph_topology/soda-benchmark-graphs/pytorch-graphs/rez_net_tosa.dot,362,0.3,0.5,1.0,0.5,42,5629.515000900963,31525.940186825334,5.600116560979025,31525.940186825334,None,12758.347233287916,0.0,11500.025024845218,2.042809198128919,32554.008396521025,optimize_random_heur,15913.740466226867,1.2055573463439941,9146.453712275776,1.6247320969589658,22534.21068352685,optimize_swarm_heur,17663.93614255455,3829.784247159958,10336.169262761217,1.8360674518332376,33671.91738982383,optimize_random_heur,14588.674582579832,4476.424450159073,11203.040486384798,1.9900542914606023,33626.39617541868,optimize_single_point_heur,15206.98033313717,2.0620625019073486,11453.44782771515,2.0345354485923046,33598.72067855506,optimize_single_point_heur,15642.0963908381,1.838299036026001,10003.62041914849,1.7769950728521877,31914.639433636243,optimize_single_point_heur,13874.373228909286,37.4395592212677,10725.647135419857,1.9052524300411837,33948.79302221945,optimize_single_point_heur,14681.218116087382,33.74483036994934,10758.542780429378,1.9110958543866658,33058.587353805706,optimize_single_point_heur,14928.15504578157,32.879804849624634,5957.856703789916,1.0583250427144086,29468.346415417982,optimize_single_point_heur,10564.659736050104,32.0464825630188
2026-04-10 04:21:47,config_resnet_spt_area_0.5_hw_0.5_seed_3,inputs/task_graph_topology/soda-benchmark-graphs/pytorch-graphs/rez_net_tosa.dot,362,0.5,0.5,1.0,0.5,42,9311.942737816993,33103.829961925556,3.554986418407263,33103.829961925556,None,13322.5504469303,0.0,12292.559224264005,1.3200853538695365,34332.42544048837,optimize_random_heur,16708.580879965844,1.1980187892913818,9185.020654610462,0.9863699673870325,21265.16522224106,optimize_swarm_heur,18033.842468808805,3883.228976249695,11268.350270434243,1.2100966025781095,35566.372636119464,optimize_random_heur,15592.705940181475,4518.817853450775,12026.206079074818,1.2914819622155593,35462.68089148315,optimize_single_point_heur,16031.63707168937,2.0418143272399902,12266.885189166216,1.3173282455173208,35494.80214936876,optimize_single_point_heur,16370.763285817997,1.862198829650879,10849.22682698431,1.165087364951699,32870.90214866349,optimize_single_point_heur,15212.79106722823,37.036630153656006,11553.223524498066,1.2406888497691189,34918.81282888356,optimize_single_point_heur,15812.825055153857,33.53868103027344,11563.866245849049,1.2418317607223577,35424.06310926256,optimize_single_point_heur,16837.852358363114,32.91336488723755,7114.291032932225,0.763996432671367,30183.386893750674,optimize_single_point_heur,11125.543560919097,34.604225635528564
2026-04-10 04:22:28,config_resnet_spt_area_0.5_hw_0.9_seed_2,inputs/task_graph_topology/soda-benchmark-graphs/pytorch-graphs/rez_net_tosa.dot,362,0.9,0.5,1.0,0.5,42,14476.759981256146,36964.18800115859,2.5533467467180606,36964.18800115859,None,18285.066572794603,0.0,13877.627623101582,0.9586141955154127,37889.30170592251,optimize_random_heur,18218.157058910194,1.1287767887115479,9202.005584095039,0.6356398528406481,20778.82106628874,optimize_swarm_heur,17973.052284371108,3645.2063262462616,12739.424423720715,0.879991409694928,38232.52407927109,optimize_random_heur,16546.07947727891,4354.262896776199,13686.291540048329,0.9453974202631473,38502.94799661534,optimize_single_point_heur,17657.637519409614,1.90995454788208,13609.1156835364,0.9400664030595843,39658.84229957625,optimize_single_point_heur,17125.928913627547,1.7375068664550781,13007.85486304306,0.8985335724212491,41281.69798374185,optimize_single_point_heur,17747.338259053733,35.61087226867676,12982.109807580508,0.8967552010525253,36896.11429205896,optimize_single_point_heur,17926.36644918516,32.1869375705719,13063.87583296022,0.902403289815866,40273.32212953571,optimize_single_point_heur,17438.881861406408,31.792847394943237,8705.583732934805,0.6013489029455763,33292.88524887435,optimize_single_point_heur,12548.410312014274,35.337382793426514
2026-04-10 04:36:19,config_resnet_spt_area_0.7_hw_0.1_seed_2,inputs/task_graph_topology/soda-benchmark-graphs/pytorch-graphs/rez_net_tosa.dot,362,0.1,0.5,1.0,0.7,42,1876.8712304770884,20695.777558494166,11.026743456040634,20695.777558494166,None,7879.012729836811,0.0,10389.80819912404,5.535706462122614,31333.325834088122,optimize_random_heur,14388.087674951428,1.830683708190918,6086.432335374118,3.242860904115935,25559.973085844573,optimize_swarm_heur,8339.121178996862,4562.1515436172485,5592.9052991160825,2.9799089081323937,22734.429390544035,optimize_random_heur,8376.07532542609,4051.2904801368713,9685.597153594621,5.16050168829782,31036.72914898999,optimize_single_point_heur,13798.796297294197,3.1597959995269775,10208.399412701792,5.439051569940088,31587.559267024706,optimize_single_point_heur,13694.017709901997,3.1308701038360596,9775.146943876598,5.2082139600977415,31122.349979539456,optimize_single_point_heur,14069.641164186101,31.966529607772827,9037.20793584831,4.81503887379163,28821.26813380087,optimize_single_point_heur,13516.627993083237,40.371829986572266,8980.683719961638,4.784922680965602,27810.861593432986,optimize_single_point_heur,12474.225404456793,40.5633590221405,3585.979095323159,1.9106154098870314,22319.0049672637,optimize_single_point_heur,7042.985070277926,24.413489818572998
2026-04-10 04:36:50,config_resnet_spt_area_0.7_hw_0.1_seed_3,inputs/task_graph_topology/soda-benchmark-graphs/pytorch-graphs/rez_net_tosa.dot,362,0.1,0.5,1.0,0.7,42,1876.8712304770884,20695.777558494166,11.026743456040634,20695.777558494166,None,7879.012729836811,0.0,10389.80819912404,5.535706462122614,31333.325834088122,optimize_random_heur,14388.087674951428,1.8223490715026855,6086.432335374118,3.242860904115935,25559.973085844573,optimize_swarm_heur,8339.121178996862,4600.3913724422455,5592.9052991160825,2.9799089081323937,22734.429390544035,optimize_random_heur,8376.07532542609,4048.5156581401825,9685.597153594621,5.16050168829782,31036.72914898999,optimize_single_point_heur,13798.796297294197,3.1516494750976562,10208.399412701792,5.439051569940088,31587.559267024706,optimize_single_point_heur,13694.017709901997,3.134488344192505,9775.146943876598,5.2082139600977415,31122.349979539456,optimize_single_point_heur,14069.641164186101,32.32856488227844,9037.20793584831,4.81503887379163,28821.26813380087,optimize_single_point_heur,13516.627993083237,39.78241157531738,8980.683719961638,4.784922680965602,27810.861593432986,optimize_single_point_heur,12474.225404456793,39.51606774330139,3585.979095323159,1.9106154098870314,22319.0049672637,optimize_single_point_heur,7042.985070277926,23.076829433441162
2026-04-10 04:42:03,config_resnet_spt_area_0.7_hw_0.1_seed_1,inputs/task_graph_topology/soda-benchmark-graphs/pytorch-graphs/rez_net_tosa.dot,362,0.1,0.5,1.0,0.7,42,1876.8712304770884,20695.777558494166,11.026743456040634,20695.777558494166,None,7879.012729836811,0.0,10389.80819912404,5.535706462122614,31333.325834088122,optimize_random_heur,14388.087674951428,1.947523832321167,6086.432335374118,3.242860904115935,25559.973085844573,optimize_swarm_heur,8339.121178996862,4857.912470579147,5592.9052991160825,2.9799089081323937,22734.429390544035,optimize_random_heur,8376.07532542609,4095.0505862236023,9685.597153594621,5.16050168829782,31036.72914898999,optimize_single_point_heur,13798.796297294197,3.2863612174987793,10208.399412701792,5.439051569940088,31587.559267024706,optimize_single_point_heur,13694.017709901997,3.246232271194458,9775.146943876598,5.2082139600977415,31122.349979539456,optimize_single_point_heur,14069.641164186101,34.24029088020325,9037.20793584831,4.81503887379163,28821.26813380087,optimize_single_point_heur,13516.627993083237,40.936119556427,8980.683719961638,4.784922680965602,27810.861593432986,optimize_single_point_heur,12474.225404456793,40.8087100982666,3585.979095323159,1.9106154098870314,22319.0049672637,optimize_single_point_heur,7042.985070277926,24.462132453918457
2026-04-10 04:47:06,config_resnet_spt_area_0.7_hw_0.1_seed_0,inputs/task_graph_topology/soda-benchmark-graphs/pytorch-graphs/rez_net_tosa.dot,362,0.1,0.5,1.0,0.7,42,1876.8712304770884,20695.777558494166,11.026743456040634,20695.777558494166,None,7879.012729836811,0.0,10389.80819912404,5.535706462122614,31333.325834088122,optimize_random_heur,14388.087674951428,2.0330557823181152,6086.432335374118,3.242860904115935,25559.973085844573,optimize_swarm_heur,8339.121178996862,4982.48056268692,5592.9052991160825,2.9799089081323937,22734.429390544035,optimize_random_heur,8376.07532542609,4265.281143665314,9685.597153594621,5.16050168829782,31036.72914898999,optimize_single_point_heur,13798.796297294197,3.6180269718170166,10208.399412701792,5.439051569940088,31587.559267024706,optimize_single_point_heur,13694.017709901997,3.630735158920288,9775.146943876598,5.2082139600977415,31122.349979539456,optimize_single_point_heur,14069.641164186101,36.20875668525696,9037.20793584831,4.81503887379163,28821.26813380087,optimize_single_point_heur,13516.627993083237,42.90934872627258,8980.683719961638,4.784922680965602,27810.861593432986,optimize_single_point_heur,12474.225404456793,43.49683165550232,3585.979095323159,1.9106154098870314,22319.0049672637,optimize_single_point_heur,7042.985070277926,25.096988439559937
2026-04-10 04:49:42,config_resnet_spt_area_0.9_hw_0.1_seed_2,inputs/task_graph_topology/soda-benchmark-graphs/pytorch-graphs/rez_net_tosa.dot,362,0.1,0.5,1.0,0.9,42,1876.8712304770884,11274.035663724435,6.006824272573377,11274.035663724435,None,3298.991959019001,0.0,10389.80819912404,5.535706462122614,31333.325834088122,optimize_random_heur,14388.087674951428,1.8372728824615479,2277.435216176645,1.213421133637248,9379.45650208497,optimize_swarm_heur,3068.28042479678,4505.674852132797,3538.7460718392686,1.885449579265884,16267.353193529443,optimize_random_heur,5016.659103635334,3654.007598876953,9685.597153594621,5.16050168829782,31036.72914898999,optimize_single_point_heur,13798.796297294197,3.2368035316467285,10208.399412701792,5.439051569940088,31587.559267024706,optimize_single_point_heur,13694.017709901997,3.1801578998565674,9775.146943876598,5.2082139600977415,31122.349979539456,optimize_single_point_heur,14069.641164186101,32.54712247848511,9037.20793584831,4.81503887379163,28821.26813380087,optimize_single_point_heur,13516.627993083237,40.15583682060242,8980.683719961638,4.784922680965602,27810.861593432986,optimize_single_point_heur,12474.225404456793,39.95812392234802,3567.238883332213,1.9006305948999198,20917.060794952173,optimize_single_point_heur,6485.265501561635,24.06381893157959
2026-04-10 04:49:46,config_resnet_spt_area_0.7_hw_0.3_seed_2,inputs/task_graph_topology/soda-benchmark-graphs/pytorch-graphs/rez_net_tosa.dot,362,0.3,0.5,1.0,0.7,42,5629.515000900963,24136.994087574298,4.287579673153255,24136.994087574298,None,9343.869573768468,0.0,11173.672068390719,1.9848374267769877,33197.6060057136,optimize_random_heur,15163.124321285808,1.8267791271209717,8965.057853577093,1.5925098080638032,20480.981068228975,optimize_swarm_heur,17729.951001859867,5194.317406415939,6933.9552048963415,1.2317144911749258,25488.837542569254,optimize_random_heur,9496.945058185887,4061.81498670578,10620.228176936935,1.8865263126996277,33098.643113073216,optimize_single_point_heur,14712.248980635613,3.126027822494507,11071.52724800604,1.9666929115979124,33749.548453217074,optimize_single_point_heur,14515.61890283605,3.0960171222686768,11447.907990345198,2.0335513784958463,34758.410294531015,optimize_single_point_heur,15548.006363704277,31.465267181396484,9991.762396946324,1.7748886707553342,32970.629775522684,optimize_single_point_heur,14218.210382293446,38.96593642234802,9760.281139941066,1.733769452320316,32319.338989541026,optimize_single_point_heur,13535.466416466472,38.91590857505798,4918.853803559002,0.8737615589925197,25567.873475692715,optimize_single_point_heur,8007.706700521001,24.45470404624939
2026-04-10 04:49:50,config_resnet_spt_area_0.9_hw_0.1_seed_1,inputs/task_graph_topology/soda-benchmark-graphs/pytorch-graphs/rez_net_tosa.dot,362,0.1,0.5,1.0,0.9,42,1876.8712304770884,11274.035663724435,6.006824272573377,11274.035663724435,None,3298.991959019001,0.0,10389.80819912404,5.535706462122614,31333.325834088122,optimize_random_heur,14388.087674951428,1.8913354873657227,2277.435216176645,1.213421133637248,9379.45650208497,optimize_swarm_heur,3068.28042479678,4549.214675188065,3538.7460718392686,1.885449579265884,16267.353193529443,optimize_random_heur,5016.659103635334,3667.7727880477905,9685.597153594621,5.16050168829782,31036.72914898999,optimize_single_point_heur,13798.796297294197,3.1732966899871826,10208.399412701792,5.439051569940088,31587.559267024706,optimize_single_point_heur,13694.017709901997,3.154222011566162,9775.146943876598,5.2082139600977415,31122.349979539456,optimize_single_point_heur,14069.641164186101,32.73287582397461,9037.20793584831,4.81503887379163,28821.26813380087,optimize_single_point_heur,13516.627993083237,40.81107831001282,8980.683719961638,4.784922680965602,27810.861593432986,optimize_single_point_heur,12474.225404456793,40.776983976364136,3567.238883332213,1.9006305948999198,20917.060794952173,optimize_single_point_heur,6485.265501561635,24.301598072052002
2026-04-10 04:51:52,config_resnet_spt_area_0.9_hw_0.1_seed_3,inputs/task_graph_topology/soda-benchmark-graphs/pytorch-graphs/rez_net_tosa.dot,362,0.1,0.5,1.0,0.9,42,1876.8712304770884,11274.035663724435,6.006824272573377,11274.035663724435,None,3298.991959019001,0.0,10389.80819912404,5.535706462122614,31333.325834088122,optimize_random_heur,14388.087674951428,1.8335950374603271,2277.435216176645,1.213421133637248,9379.45650208497,optimize_swarm_heur,3068.28042479678,4531.690717697144,3538.7460718392686,1.885449579265884,16267.353193529443,optimize_random_heur,5016.659103635334,3665.7840945720673,9685.597153594621,5.16050168829782,31036.72914898999,optimize_single_point_heur,13798.796297294197,3.1384530067443848,10208.399412701792,5.439051569940088,31587.559267024706,optimize_single_point_heur,13694.017709901997,3.1097919940948486,9775.146943876598,5.2082139600977415,31122.349979539456,optimize_single_point_heur,14069.641164186101,32.25504159927368,9037.20793584831,4.81503887379163,28821.26813380087,optimize_single_point_heur,13516.627993083237,39.80170392990112,8980.683719961638,4.784922680965602,27810.861593432986,optimize_single_point_heur,12474.225404456793,39.61678647994995,3567.238883332213,1.9006305948999198,20917.060794952173,optimize_single_point_heur,6485.265501561635,24.09692358970642
2026-04-10 04:55:07,config_resnet_spt_area_0.9_hw_0.1_seed_0,inputs/task_graph_topology/soda-benchmark-graphs/pytorch-graphs/rez_net_tosa.dot,362,0.1,0.5,1.0,0.9,42,1876.8712304770884,11274.035663724435,6.006824272573377,11274.035663724435,None,3298.991959019001,0.0,10389.80819912404,5.535706462122614,31333.325834088122,optimize_random_heur,14388.087674951428,1.933830976486206,2277.435216176645,1.213421133637248,9379.45650208497,optimize_swarm_heur,3068.28042479678,4764.691251754761,3538.7460718392686,1.885449579265884,16267.353193529443,optimize_random_heur,5016.659103635334,3830.551652431488,9685.597153594621,5.16050168829782,31036.72914898999,optimize_single_point_heur,13798.796297294197,3.286837339401245,10208.399412701792,5.439051569940088,31587.559267024706,optimize_single_point_heur,13694.017709901997,3.2264256477355957,9775.146943876598,5.2082139600977415,31122.349979539456,optimize_single_point_heur,14069.641164186101,33.689812660217285,9037.20793584831,4.81503887379163,28821.26813380087,optimize_single_point_heur,13516.627993083237,40.93398118019104,8980.683719961638,4.784922680965602,27810.861593432986,optimize_single_point_heur,12474.225404456793,40.54852104187012,3567.238883332213,1.9006305948999198,20917.060794952173,optimize_single_point_heur,6485.265501561635,25.013283491134644
2026-04-10 04:58:38,config_resnet_spt_area_0.9_hw_0.3_seed_1,inputs/task_graph_topology/soda-benchmark-graphs/pytorch-graphs/rez_net_tosa.dot,362,0.3,0.5,1.0,0.9,42,5629.515000900963,14417.969443707758,2.5611388265952337,14417.969443707758,None,4404.222246279361,0.0,11173.672068390719,1.9848374267769877,33197.6060057136,optimize_random_heur,15163.124321285808,1.9424505233764648,3281.6846196345928,0.5829426902867091,16469.589612738277,optimize_swarm_heur,3834.7911143669285,4773.8083329200745,4469.290967698554,0.793903376575651,17418.10754941748,optimize_random_heur,5674.937124855304,3790.1509273052216,10620.228176936935,1.8865263126996277,33098.643113073216,optimize_single_point_heur,14712.248980635613,3.274689197540283,11071.52724800604,1.9666929115979124,33749.548453217074,optimize_single_point_heur,14515.61890283605,3.2531375885009766,11447.907990345198,2.0335513784958463,34758.410294531015,optimize_single_point_heur,15548.006363704277,33.291470527648926,9991.762396946324,1.7748886707553342,32970.629775522684,optimize_single_point_heur,14218.210382293446,41.045644998550415,9760.281139941066,1.733769452320316,32319.338989541026,optimize_single_point_heur,13535.466416466472,40.75648045539856,4545.557031118354,0.8074509136916538,21929.75090663252,optimize_single_point_heur,7419.781112888395,26.559359073638916
2026-04-10 04:59:50,config_resnet_spt_area_0.9_hw_0.3_seed_0,inputs/task_graph_topology/soda-benchmark-graphs/pytorch-graphs/rez_net_tosa.dot,362,0.3,0.5,1.0,0.9,42,5629.515000900963,14417.969443707758,2.5611388265952337,14417.969443707758,None,4404.222246279361,0.0,11173.672068390719,1.9848374267769877,33197.6060057136,optimize_random_heur,15163.124321285808,1.9366869926452637,3281.6846196345928,0.5829426902867091,16469.589612738277,optimize_swarm_heur,3834.7911143669285,4824.018893957138,4469.290967698554,0.793903376575651,17418.10754941748,optimize_random_heur,5674.937124855304,3843.8942153453827,10620.228176936935,1.8865263126996277,33098.643113073216,optimize_single_point_heur,14712.248980635613,3.314419746398926,11071.52724800604,1.9666929115979124,33749.548453217074,optimize_single_point_heur,14515.61890283605,3.297084331512451,11447.907990345198,2.0335513784958463,34758.410294531015,optimize_single_point_heur,15548.006363704277,34.084267139434814,9991.762396946324,1.7748886707553342,32970.629775522684,optimize_single_point_heur,14218.210382293446,41.0113000869751,9760.281139941066,1.733769452320316,32319.338989541026,optimize_single_point_heur,13535.466416466472,40.949832916259766,4545.557031118354,0.8074509136916538,21929.75090663252,optimize_single_point_heur,7419.781112888395,27.013452291488647
2026-04-10 05:01:16,config_resnet_spt_area_0.9_hw_0.3_seed_3,inputs/task_graph_topology/soda-benchmark-graphs/pytorch-graphs/rez_net_tosa.dot,362,0.3,0.5,1.0,0.9,42,5629.515000900963,14417.969443707758,2.5611388265952337,14417.969443707758,None,4404.222246279361,0.0,11173.672068390719,1.9848374267769877,33197.6060057136,optimize_random_heur,15163.124321285808,1.9438140392303467,3281.6846196345928,0.5829426902867091,16469.589612738277,optimize_swarm_heur,3834.7911143669285,4836.137933969498,4469.290967698554,0.793903376575651,17418.10754941748,optimize_random_heur,5674.937124855304,3854.2682757377625,10620.228176936935,1.8865263126996277,33098.643113073216,optimize_single_point_heur,14712.248980635613,3.333012342453003,11071.52724800604,1.9666929115979124,33749.548453217074,optimize_single_point_heur,14515.61890283605,3.319575786590576,11447.907990345198,2.0335513784958463,34758.410294531015,optimize_single_point_heur,15548.006363704277,33.61168932914734,9991.762396946324,1.7748886707553342,32970.629775522684,optimize_single_point_heur,14218.210382293446,40.84551429748535,9760.281139941066,1.733769452320316,32319.338989541026,optimize_single_point_heur,13535.466416466472,40.55247187614441,4545.557031118354,0.8074509136916538,21929.75090663252,optimize_single_point_heur,7419.781112888395,26.42017650604248
2026-04-10 05:01:18,config_resnet_spt_area_0.7_hw_0.9_seed_2,inputs/task_graph_topology/soda-benchmark-graphs/pytorch-graphs/rez_net_tosa.dot,362,0.9,0.5,1.0,0.7,42,14476.759981256146,34435.97424728404,2.378707272336502,34435.97424728404,None,15459.708042985432,0.0,13779.063654093625,0.9518057681369404,38790.51962931272,optimize_random_heur,17439.255749956304,1.8767859935760498,9014.694213140092,0.6227010895263796,20790.698851676487,optimize_swarm_heur,17485.263677132745,5062.755713701248,10440.556063530317,0.7211942504433504,33153.13584510521,optimize_random_heur,13187.603192344566,4010.5206427574158,13138.44715893294,0.907554395869242,38048.35595475575,optimize_single_point_heur,16802.672922164682,3.092062473297119,13609.1156835364,0.9400664030595843,39658.84229957625,optimize_single_point_heur,17125.928913627547,3.0704352855682373,13908.708650964178,0.9607611557401342,40473.62357569024,optimize_single_point_heur,17698.18355900193,31.418434143066406,12764.972142154067,0.8817561497656642,37571.459274466746,optimize_single_point_heur,16497.540229625767,39.52610421180725,12748.510662440429,0.8806190528092352,39686.30638709794,optimize_single_point_heur,17131.83568923609,39.53437542915344,8730.13874311121,0.603045070472578,33439.1565415338,optimize_single_point_heur,12895.896946316067,31.288408041000366
2026-04-10 05:01:26,config_resnet_spt_area_0.9_hw_0.5_seed_1,inputs/task_graph_topology/soda-benchmark-graphs/pytorch-graphs/rez_net_tosa.dot,362,0.5,0.5,1.0,0.9,42,9311.942737816993,14871.98502040613,1.5970872501190425,14871.98502040613,None,6260.566999633739,0.0,12002.529303494193,1.288939337518731,35061.896487746824,optimize_random_heur,15950.336680658902,1.8626725673675537,4574.090101645336,0.4912068545126862,15472.351627320866,optimize_swarm_heur,5045.670496870395,4594.6135268211365,5513.4411204829175,0.5920827990159483,23204.344278971625,optimize_random_heur,6917.784880227147,3624.073534965515,11554.859200279245,1.2408645033171737,35160.59462059392,optimize_single_point_heur,15659.452197704539,3.1100754737854004,11934.65508331028,1.2816503944812843,35911.575182846944,optimize_single_point_heur,15168.158746774874,3.0922129154205322,11450.355945094378,1.2296420057001656,35497.91245961069,optimize_single_point_heur,14367.734438448244,31.50357151031494,10564.281987866569,1.1344874303150152,32169.80066665253,optimize_single_point_heur,13985.760386894723,38.72490644454956,11376.895078779493,1.2217531184525505,34194.119217238316,optimize_single_point_heur,15265.842831473561,38.48124837875366,6634.7171975516785,0.7124954893254704,28369.29021850277,optimize_single_point_heur,9660.281819817481,26.71150016784668
2026-04-10 05:01:34,config_resnet_spt_area_0.7_hw_0.7_seed_0,inputs/task_graph_topology/soda-benchmark-graphs/pytorch-graphs/rez_net_tosa.dot,362,0.7,0.5,1.0,0.7,42,12459.889958209249,30387.426351701426,2.438819801268032,30387.426351701426,None,13248.824127957305,0.0,12890.796478793898,1.0345834932756164,36926.19755227961,optimize_random_heur,16771.697112545604,1.8585059642791748,9092.502645324748,0.7297418095842906,21893.07387787204,optimize_swarm_heur,17435.99167362626,5210.920187473297,9239.27388859842,0.7415213071373143,31609.247356484175,optimize_random_heur,11445.186933046172,4028.5015861988068,12489.490223621546,1.002375644208061,37222.55671061417,optimize_single_point_heur,16539.15434731844,3.1531341075897217,12797.782918614515,1.027118454620271,38073.61249497637,optimize_single_point_heur,16127.285365381362,3.130343437194824,12560.045519170106,1.0080382380018427,38327.89662495986,optimize_single_point_heur,16586.41938095396,32.568114042282104,12040.332201162493,0.9663273304616684,37666.9833579809,optimize_single_point_heur,15718.340368833993,39.89447259902954,12077.880162464271,0.9693408371160381,35719.30401976422,optimize_single_point_heur,15788.072668089242,39.66513442993164,7312.375230396503,0.5868731790507279,33924.52142828821,optimize_single_point_heur,11031.990070381613,27.030145168304443
2026-04-10 05:02:44,config_resnet_spt_area_0.7_hw_0.3_seed_1,inputs/task_graph_topology/soda-benchmark-graphs/pytorch-graphs/rez_net_tosa.dot,362,0.3,0.5,1.0,0.7,42,5629.515000900963,24136.994087574298,4.287579673153255,24136.994087574298,None,9343.869573768468,0.0,11173.672068390719,1.9848374267769877,33197.6060057136,optimize_random_heur,15163.124321285808,2.009540557861328,8965.057853577093,1.5925098080638032,20480.981068228975,optimize_swarm_heur,17729.951001859867,5715.90949511528,6933.9552048963415,1.2317144911749258,25488.837542569254,optimize_random_heur,9496.945058185887,4352.606327533722,10620.228176936935,1.8865263126996277,33098.643113073216,optimize_single_point_heur,14712.248980635613,3.4851372241973877,11071.52724800604,1.9666929115979124,33749.548453217074,optimize_single_point_heur,14515.61890283605,3.451348066329956,11447.907990345198,2.0335513784958463,34758.410294531015,optimize_single_point_heur,15548.006363704277,35.034111738204956,9991.762396946324,1.7748886707553342,32970.629775522684,optimize_single_point_heur,14218.210382293446,42.59530568122864,9760.281139941066,1.733769452320316,32319.338989541026,optimize_single_point_heur,13535.466416466472,42.34708261489868,4918.853803559002,0.8737615589925197,25567.873475692715,optimize_single_point_heur,8007.706700521001,26.475678205490112
2026-04-10 05:04:34,config_resnet_spt_area_0.7_hw_0.7_seed_2,inputs/task_graph_topology/soda-benchmark-graphs/pytorch-graphs/rez_net_tosa.dot,362,0.7,0.5,1.0,0.7,42,12459.889958209249,30387.426351701426,2.438819801268032,30387.426351701426,None,13248.824127957305,0.0,12890.796478793898,1.0345834932756164,36926.19755227961,optimize_random_heur,16771.697112545604,1.8629915714263916,9092.502645324748,0.7297418095842906,21893.07387787204,optimize_swarm_heur,17435.99167362626,5291.2205448150635,9239.27388859842,0.7415213071373143,31609.247356484175,optimize_random_heur,11445.186933046172,4058.083078622818,12489.490223621546,1.002375644208061,37222.55671061417,optimize_single_point_heur,16539.15434731844,3.1606950759887695,12797.782918614515,1.027118454620271,38073.61249497637,optimize_single_point_heur,16127.285365381362,3.140439987182617,12560.045519170106,1.0080382380018427,38327.89662495986,optimize_single_point_heur,16586.41938095396,32.75278091430664,12040.332201162493,0.9663273304616684,37666.9833579809,optimize_single_point_heur,15718.340368833993,39.98275303840637,12077.880162464271,0.9693408371160381,35719.30401976422,optimize_single_point_heur,15788.072668089242,39.607306718826294,7312.375230396503,0.5868731790507279,33924.52142828821,optimize_single_point_heur,11031.990070381613,26.889467239379883
2026-04-10 05:04:46,config_resnet_spt_area_0.7_hw_0.5_seed_2,inputs/task_graph_topology/soda-benchmark-graphs/pytorch-graphs/rez_net_tosa.dot,362,0.5,0.5,1.0,0.7,42,9311.942737816993,27806.910889348575,2.9861557005093196,27806.910889348575,None,10581.937429858372,0.0,12002.529303494193,1.288939337518731,35061.896487746824,optimize_random_heur,15950.336680658902,1.9705536365509033,8778.91952728637,0.9427591829612583,22757.23704675205,optimize_swarm_heur,16967.581061331322,5551.792312860489,8094.718850403155,0.8692835725384633,26796.924236613548,optimize_random_heur,10284.266960080211,4253.166773080826,11554.859200279245,1.2408645033171737,35160.59462059392,optimize_single_point_heur,15659.452197704539,3.3467414379119873,11934.65508331028,1.2816503944812843,35911.575182846944,optimize_single_point_heur,15168.158746774874,3.3313803672790527,11450.355945094378,1.2296420057001656,35497.91245961069,optimize_single_point_heur,14367.734438448244,34.11767101287842,10564.281987866569,1.1344874303150152,32169.80066665253,optimize_single_point_heur,13985.760386894723,41.64134693145752,11376.895078779493,1.2217531184525505,34194.119217238316,optimize_single_point_heur,15265.842831473561,41.3010516166687,6633.973983768722,0.7124156763579853,29531.5167467803,optimize_single_point_heur,9844.79772532789,28.918415307998657
2026-04-10 05:05:10,config_resnet_spt_area_0.9_hw_0.3_seed_2,inputs/task_graph_topology/soda-benchmark-graphs/pytorch-graphs/rez_net_tosa.dot,362,0.3,0.5,1.0,0.9,42,5629.515000900963,14417.969443707758,2.5611388265952337,14417.969443707758,None,4404.222246279361,0.0,11173.672068390719,1.9848374267769877,33197.6060057136,optimize_random_heur,15163.124321285808,2.013381242752075,3281.6846196345928,0.5829426902867091,16469.589612738277,optimize_swarm_heur,3834.7911143669285,4937.967695474625,4469.290967698554,0.793903376575651,17418.10754941748,optimize_random_heur,5674.937124855304,4010.1359825134277,10620.228176936935,1.8865263126996277,33098.643113073216,optimize_single_point_heur,14712.248980635613,3.484309196472168,11071.52724800604,1.9666929115979124,33749.548453217074,optimize_single_point_heur,14515.61890283605,3.4687342643737793,11447.907990345198,2.0335513784958463,34758.410294531015,optimize_single_point_heur,15548.006363704277,35.63462448120117,9991.762396946324,1.7748886707553342,32970.629775522684,optimize_single_point_heur,14218.210382293446,42.920164585113525,9760.281139941066,1.733769452320316,32319.338989541026,optimize_single_point_heur,13535.466416466472,42.87963938713074,4545.557031118354,0.8074509136916538,21929.75090663252,optimize_single_point_heur,7419.781112888395,28.363940715789795
2026-04-10 05:06:33,config_resnet_spt_area_0.9_hw_0.5_seed_0,inputs/task_graph_topology/soda-benchmark-graphs/pytorch-graphs/rez_net_tosa.dot,362,0.5,0.5,1.0,0.9,42,9311.942737816993,14871.98502040613,1.5970872501190425,14871.98502040613,None,6260.566999633739,0.0,12002.529303494193,1.288939337518731,35061.896487746824,optimize_random_heur,15950.336680658902,1.9596312046051025,4574.090101645336,0.4912068545126862,15472.351627320866,optimize_swarm_heur,5045.670496870395,4940.291432857513,5513.4411204829175,0.5920827990159483,23204.344278971625,optimize_random_heur,6917.784880227147,3955.4504387378693,11554.859200279245,1.2408645033171737,35160.59462059392,optimize_single_point_heur,15659.452197704539,3.358706474304199,11934.65508331028,1.2816503944812843,35911.575182846944,optimize_single_point_heur,15168.158746774874,3.3450779914855957,11450.355945094378,1.2296420057001656,35497.91245961069,optimize_single_point_heur,14367.734438448244,34.385169506073,10564.281987866569,1.1344874303150152,32169.80066665253,optimize_single_point_heur,13985.760386894723,41.32614254951477,11376.895078779493,1.2217531184525505,34194.119217238316,optimize_single_point_heur,15265.842831473561,41.203680992126465,6634.7171975516785,0.7124954893254704,28369.29021850277,optimize_single_point_heur,9660.281819817481,28.92977786064148
2026-04-10 05:09:11,config_resnet_spt_area_0.7_hw_0.7_seed_3,inputs/task_graph_topology/soda-benchmark-graphs/pytorch-graphs/rez_net_tosa.dot,362,0.7,0.5,1.0,0.7,42,12459.889958209249,30387.426351701426,2.438819801268032,30387.426351701426,None,13248.824127957305,0.0,12890.796478793898,1.0345834932756164,36926.19755227961,optimize_random_heur,16771.697112545604,1.9168810844421387,9092.502645324748,0.7297418095842906,21893.07387787204,optimize_swarm_heur,17435.99167362626,5455.364897012711,9239.27388859842,0.7415213071373143,31609.247356484175,optimize_random_heur,11445.186933046172,4165.5927448272705,12489.490223621546,1.002375644208061,37222.55671061417,optimize_single_point_heur,16539.15434731844,3.2270236015319824,12797.782918614515,1.027118454620271,38073.61249497637,optimize_single_point_heur,16127.285365381362,3.194655656814575,12560.045519170106,1.0080382380018427,38327.89662495986,optimize_single_point_heur,16586.41938095396,34.13682579994202,12040.332201162493,0.9663273304616684,37666.9833579809,optimize_single_point_heur,15718.340368833993,40.34349465370178,12077.880162464271,0.9693408371160381,35719.30401976422,optimize_single_point_heur,15788.072668089242,40.21694803237915,7312.375230396503,0.5868731790507279,33924.52142828821,optimize_single_point_heur,11031.990070381613,27.790659189224243
2026-04-10 05:09:38,config_resnet_spt_area_0.7_hw_0.3_seed_3,inputs/task_graph_topology/soda-benchmark-graphs/pytorch-graphs/rez_net_tosa.dot,362,0.3,0.5,1.0,0.7,42,5629.515000900963,24136.994087574298,4.287579673153255,24136.994087574298,None,9343.869573768468,0.0,11173.672068390719,1.9848374267769877,33197.6060057136,optimize_random_heur,15163.124321285808,2.0846264362335205,8965.057853577093,1.5925098080638032,20480.981068228975,optimize_swarm_heur,17729.951001859867,5859.1815440654755,6933.9552048963415,1.2317144911749258,25488.837542569254,optimize_random_heur,9496.945058185887,4537.917012214661,10620.228176936935,1.8865263126996277,33098.643113073216,optimize_single_point_heur,14712.248980635613,3.362372636795044,11071.52724800604,1.9666929115979124,33749.548453217074,optimize_single_point_heur,14515.61890283605,3.4065968990325928,11447.907990345198,2.0335513784958463,34758.410294531015,optimize_single_point_heur,15548.006363704277,34.84856343269348,9991.762396946324,1.7748886707553342,32970.629775522684,optimize_single_point_heur,14218.210382293446,42.27501440048218,9760.281139941066,1.733769452320316,32319.338989541026,optimize_single_point_heur,13535.466416466472,42.16860246658325,4918.853803559002,0.8737615589925197,25567.873475692715,optimize_single_point_heur,8007.706700521001,26.907503604888916
2026-04-10 05:10:03,config_resnet_spt_area_0.7_hw_0.3_seed_0,inputs/task_graph_topology/soda-benchmark-graphs/pytorch-graphs/rez_net_tosa.dot,362,0.3,0.5,1.0,0.7,42,5629.515000900963,24136.994087574298,4.287579673153255,24136.994087574298,None,9343.869573768468,0.0,11173.672068390719,1.9848374267769877,33197.6060057136,optimize_random_heur,15163.124321285808,2.180379629135132,8965.057853577093,1.5925098080638032,20480.981068228975,optimize_swarm_heur,17729.951001859867,5961.325936079025,6933.9552048963415,1.2317144911749258,25488.837542569254,optimize_random_heur,9496.945058185887,4630.333583116531,10620.228176936935,1.8865263126996277,33098.643113073216,optimize_single_point_heur,14712.248980635613,3.4883806705474854,11071.52724800604,1.9666929115979124,33749.548453217074,optimize_single_point_heur,14515.61890283605,3.4105288982391357,11447.907990345198,2.0335513784958463,34758.410294531015,optimize_single_point_heur,15548.006363704277,34.04382944107056,9991.762396946324,1.7748886707553342,32970.629775522684,optimize_single_point_heur,14218.210382293446,42.02634239196777,9760.281139941066,1.733769452320316,32319.338989541026,optimize_single_point_heur,13535.466416466472,42.38755798339844,4918.853803559002,0.8737615589925197,25567.873475692715,optimize_single_point_heur,8007.706700521001,26.212618827819824
2026-04-10 05:10:06,config_resnet_spt_area_0.7_hw_0.7_seed_1,inputs/task_graph_topology/soda-benchmark-graphs/pytorch-graphs/rez_net_tosa.dot,362,0.7,0.5,1.0,0.7,42,12459.889958209249,30387.426351701426,2.438819801268032,30387.426351701426,None,13248.824127957305,0.0,12890.796478793898,1.0345834932756164,36926.19755227961,optimize_random_heur,16771.697112545604,1.9488308429718018,9092.502645324748,0.7297418095842906,21893.07387787204,optimize_swarm_heur,17435.99167362626,5499.960814714432,9239.27388859842,0.7415213071373143,31609.247356484175,optimize_random_heur,11445.186933046172,4212.393166065216,12489.490223621546,1.002375644208061,37222.55671061417,optimize_single_point_heur,16539.15434731844,3.281323194503784,12797.782918614515,1.027118454620271,38073.61249497637,optimize_single_point_heur,16127.285365381362,3.2659716606140137,12560.045519170106,1.0080382380018427,38327.89662495986,optimize_single_point_heur,16586.41938095396,34.08768582344055,12040.332201162493,0.9663273304616684,37666.9833579809,optimize_single_point_heur,15718.340368833993,41.20515275001526,12077.880162464271,0.9693408371160381,35719.30401976422,optimize_single_point_heur,15788.072668089242,41.019238233566284,7312.375230396503,0.5868731790507279,33924.52142828821,optimize_single_point_heur,11031.990070381613,28.675151824951172
2026-04-10 05:10:09,config_resnet_spt_area_0.9_hw_0.5_seed_2,inputs/task_graph_topology/soda-benchmark-graphs/pytorch-graphs/rez_net_tosa.dot,362,0.5,0.5,1.0,0.9,42,9311.942737816993,14871.98502040613,1.5970872501190425,14871.98502040613,None,6260.566999633739,0.0,12002.529303494193,1.288939337518731,35061.896487746824,optimize_random_heur,15950.336680658902,1.9356789588928223,4574.090101645336,0.4912068545126862,15472.351627320866,optimize_swarm_heur,5045.670496870395,4835.01989865303,5513.4411204829175,0.5920827990159483,23204.344278971625,optimize_random_heur,6917.784880227147,3799.5968391895294,11554.859200279245,1.2408645033171737,35160.59462059392,optimize_single_point_heur,15659.452197704539,3.270660638809204,11934.65508331028,1.2816503944812843,35911.575182846944,optimize_single_point_heur,15168.158746774874,3.243257999420166,11450.355945094378,1.2296420057001656,35497.91245961069,optimize_single_point_heur,14367.734438448244,33.226401567459106,10564.281987866569,1.1344874303150152,32169.80066665253,optimize_single_point_heur,13985.760386894723,40.81653881072998,11376.895078779493,1.2217531184525505,34194.119217238316,optimize_single_point_heur,15265.842831473561,40.481407165527344,6634.7171975516785,0.7124954893254704,28369.29021850277,optimize_single_point_heur,9660.281819817481,28.328674793243408
2026-04-10 05:11:54,config_resnet_spt_area_0.9_hw_0.5_seed_3,inputs/task_graph_topology/soda-benchmark-graphs/pytorch-graphs/rez_net_tosa.dot,362,0.5,0.5,1.0,0.9,42,9311.942737816993,14871.98502040613,1.5970872501190425,14871.98502040613,None,6260.566999633739,0.0,12002.529303494193,1.288939337518731,35061.896487746824,optimize_random_heur,15950.336680658902,1.9256858825683594,4574.090101645336,0.4912068545126862,15472.351627320866,optimize_swarm_heur,5045.670496870395,4831.533810377121,5513.4411204829175,0.5920827990159483,23204.344278971625,optimize_random_heur,6917.784880227147,3875.1779713630676,11554.859200279245,1.2408645033171737,35160.59462059392,optimize_single_point_heur,15659.452197704539,3.3129324913024902,11934.65508331028,1.2816503944812843,35911.575182846944,optimize_single_point_heur,15168.158746774874,3.2981321811676025,11450.355945094378,1.2296420057001656,35497.91245961069,optimize_single_point_heur,14367.734438448244,33.540889501571655,10564.281987866569,1.1344874303150152,32169.80066665253,optimize_single_point_heur,13985.760386894723,41.10423445701599,11376.895078779493,1.2217531184525505,34194.119217238316,optimize_single_point_heur,15265.842831473561,40.79081988334656,6634.7171975516785,0.7124954893254704,28369.29021850277,optimize_single_point_heur,9660.281819817481,28.552616357803345
2026-04-10 05:12:16,config_resnet_spt_area_0.9_hw_0.7_seed_2,inputs/task_graph_topology/soda-benchmark-graphs/pytorch-graphs/rez_net_tosa.dot,362,0.7,0.5,1.0,0.9,42,12459.889958209249,21335.557149057477,1.712339131454404,21335.557149057477,None,9472.735801156185,0.0,12890.796478793898,1.0345834932756164,36926.19755227961,optimize_random_heur,16771.697112545604,1.8452715873718262,6754.295900808585,0.5420831101608959,21640.861366645197,optimize_swarm_heur,6900.917933708868,4689.948951721191,7522.928500330258,0.6037716645622336,29273.53254530565,optimize_random_heur,8851.397692694323,3778.795483112335,12489.490223621546,1.002375644208061,37222.55671061417,optimize_single_point_heur,16539.15434731844,3.151538372039795,12797.782918614515,1.027118454620271,38073.61249497637,optimize_single_point_heur,16127.285365381362,3.134671688079834,12560.045519170106,1.0080382380018427,38327.89662495986,optimize_single_point_heur,16586.41938095396,32.519065141677856,12040.332201162493,0.9663273304616684,37666.9833579809,optimize_single_point_heur,15718.340368833993,40.068044662475586,12077.880162464271,0.9693408371160381,35719.30401976422,optimize_single_point_heur,15788.072668089242,39.92262148857117,7362.46637454255,0.590893370586452,30363.22638083782,optimize_single_point_heur,10169.261811378368,26.846253156661987
2026-04-10 05:12:57,config_resnet_spt_area_0.7_hw_0.9_seed_0,inputs/task_graph_topology/soda-benchmark-graphs/pytorch-graphs/rez_net_tosa.dot,362,0.9,0.5,1.0,0.7,42,14476.759981256146,34435.97424728404,2.378707272336502,34435.97424728404,None,15459.708042985432,0.0,13779.063654093625,0.9518057681369404,38790.51962931272,optimize_random_heur,17439.255749956304,1.9760136604309082,9014.694213140092,0.6227010895263796,20790.698851676487,optimize_swarm_heur,17485.263677132745,5549.294019699097,10440.556063530317,0.7211942504433504,33153.13584510521,optimize_random_heur,13187.603192344566,4253.0724132061005,13138.44715893294,0.907554395869242,38048.35595475575,optimize_single_point_heur,16802.672922164682,3.333066463470459,13609.1156835364,0.9400664030595843,39658.84229957625,optimize_single_point_heur,17125.928913627547,3.3117339611053467,13908.708650964178,0.9607611557401342,40473.62357569024,optimize_single_point_heur,17698.18355900193,34.076197147369385,12764.972142154067,0.8817561497656642,37571.459274466746,optimize_single_point_heur,16497.540229625767,41.65172290802002,12748.510662440429,0.8806190528092352,39686.30638709794,optimize_single_point_heur,17131.83568923609,41.55291819572449,8730.13874311121,0.603045070472578,33439.1565415338,optimize_single_point_heur,12895.896946316067,34.036487102508545
2026-04-10 05:14:55,config_resnet_spt_area_0.7_hw_0.5_seed_0,inputs/task_graph_topology/soda-benchmark-graphs/pytorch-graphs/rez_net_tosa.dot,362,0.5,0.5,1.0,0.7,42,9311.942737816993,27806.910889348575,2.9861557005093196,27806.910889348575,None,10581.937429858372,0.0,12002.529303494193,1.288939337518731,35061.896487746824,optimize_random_heur,15950.336680658902,2.1807284355163574,8778.91952728637,0.9427591829612583,22757.23704675205,optimize_swarm_heur,16967.581061331322,5891.1691801548,8094.718850403155,0.8692835725384633,26796.924236613548,optimize_random_heur,10284.266960080211,4647.366416692734,11554.859200279245,1.2408645033171737,35160.59462059392,optimize_single_point_heur,15659.452197704539,3.3740944862365723,11934.65508331028,1.2816503944812843,35911.575182846944,optimize_single_point_heur,15168.158746774874,3.365694999694824,11450.355945094378,1.2296420057001656,35497.91245961069,optimize_single_point_heur,14367.734438448244,34.5847909450531,10564.281987866569,1.1344874303150152,32169.80066665253,optimize_single_point_heur,13985.760386894723,42.258089542388916,11376.895078779493,1.2217531184525505,34194.119217238316,optimize_single_point_heur,15265.842831473561,42.10038208961487,6633.973983768722,0.7124156763579853,29531.5167467803,optimize_single_point_heur,9844.79772532789,28.291486024856567
2026-04-10 05:15:36,config_resnet_spt_area_0.9_hw_0.7_seed_1,inputs/task_graph_topology/soda-benchmark-graphs/pytorch-graphs/rez_net_tosa.dot,362,0.7,0.5,1.0,0.9,42,12459.889958209249,21335.557149057477,1.712339131454404,21335.557149057477,None,9472.735801156185,0.0,12890.796478793898,1.0345834932756164,36926.19755227961,optimize_random_heur,16771.697112545604,1.9360051155090332,6754.295900808585,0.5420831101608959,21640.861366645197,optimize_swarm_heur,6900.917933708868,4941.033387899399,7522.928500330258,0.6037716645622336,29273.53254530565,optimize_random_heur,8851.397692694323,3956.707058906555,12489.490223621546,1.002375644208061,37222.55671061417,optimize_single_point_heur,16539.15434731844,3.3047704696655273,12797.782918614515,1.027118454620271,38073.61249497637,optimize_single_point_heur,16127.285365381362,3.2742090225219727,12560.045519170106,1.0080382380018427,38327.89662495986,optimize_single_point_heur,16586.41938095396,34.19973301887512,12040.332201162493,0.9663273304616684,37666.9833579809,optimize_single_point_heur,15718.340368833993,40.83109903335571,12077.880162464271,0.9693408371160381,35719.30401976422,optimize_single_point_heur,15788.072668089242,40.574053049087524,7362.46637454255,0.590893370586452,30363.22638083782,optimize_single_point_heur,10169.261811378368,27.96002745628357
2026-04-10 05:15:47,config_resnet_spt_area_0.9_hw_0.7_seed_3,inputs/task_graph_topology/soda-benchmark-graphs/pytorch-graphs/rez_net_tosa.dot,362,0.7,0.5,1.0,0.9,42,12459.889958209249,21335.557149057477,1.712339131454404,21335.557149057477,None,9472.735801156185,0.0,12890.796478793898,1.0345834932756164,36926.19755227961,optimize_random_heur,16771.697112545604,1.8392715454101562,6754.295900808585,0.5420831101608959,21640.861366645197,optimize_swarm_heur,6900.917933708868,4677.3651666641235,7522.928500330258,0.6037716645622336,29273.53254530565,optimize_random_heur,8851.397692694323,3758.9477293491364,12489.490223621546,1.002375644208061,37222.55671061417,optimize_single_point_heur,16539.15434731844,3.1463992595672607,12797.782918614515,1.027118454620271,38073.61249497637,optimize_single_point_heur,16127.285365381362,3.1052122116088867,12560.045519170106,1.0080382380018427,38327.89662495986,optimize_single_point_heur,16586.41938095396,31.918142318725586,12040.332201162493,0.9663273304616684,37666.9833579809,optimize_single_point_heur,15718.340368833993,38.840657472610474,12077.880162464271,0.9693408371160381,35719.30401976422,optimize_single_point_heur,15788.072668089242,38.68616557121277,7362.46637454255,0.590893370586452,30363.22638083782,optimize_single_point_heur,10169.261811378368,26.405900955200195
2026-04-10 05:20:01,config_resnet_spt_area_0.7_hw_0.5_seed_1,inputs/task_graph_topology/soda-benchmark-graphs/pytorch-graphs/rez_net_tosa.dot,362,0.5,0.5,1.0,0.7,42,9311.942737816993,27806.910889348575,2.9861557005093196,27806.910889348575,None,10581.937429858372,0.0,12002.529303494193,1.288939337518731,35061.896487746824,optimize_random_heur,15950.336680658902,2.1491010189056396,8778.91952728637,0.9427591829612583,22757.23704675205,optimize_swarm_heur,16967.581061331322,6051.978258132935,8094.718850403155,0.8692835725384633,26796.924236613548,optimize_random_heur,10284.266960080211,4712.017210245132,11554.859200279245,1.2408645033171737,35160.59462059392,optimize_single_point_heur,15659.452197704539,3.6667640209198,11934.65508331028,1.2816503944812843,35911.575182846944,optimize_single_point_heur,15168.158746774874,3.6435396671295166,11450.355945094378,1.2296420057001656,35497.91245961069,optimize_single_point_heur,14367.734438448244,38.60077929496765,10564.281987866569,1.1344874303150152,32169.80066665253,optimize_single_point_heur,13985.760386894723,46.968855142593384,11376.895078779493,1.2217531184525505,34194.119217238316,optimize_single_point_heur,15265.842831473561,46.720850467681885,6633.973983768722,0.7124156763579853,29531.5167467803,optimize_single_point_heur,9844.79772532789,32.36765170097351
2026-04-10 05:20:55,config_resnet_spt_area_0.9_hw_0.7_seed_0,inputs/task_graph_topology/soda-benchmark-graphs/pytorch-graphs/rez_net_tosa.dot,362,0.7,0.5,1.0,0.9,42,12459.889958209249,21335.557149057477,1.712339131454404,21335.557149057477,None,9472.735801156185,0.0,12890.796478793898,1.0345834932756164,36926.19755227961,optimize_random_heur,16771.697112545604,2.025122880935669,6754.295900808585,0.5420831101608959,21640.861366645197,optimize_swarm_heur,6900.917933708868,5105.451479673386,7522.928500330258,0.6037716645622336,29273.53254530565,optimize_random_heur,8851.397692694323,4106.737696170807,12489.490223621546,1.002375644208061,37222.55671061417,optimize_single_point_heur,16539.15434731844,3.385120153427124,12797.782918614515,1.027118454620271,38073.61249497637,optimize_single_point_heur,16127.285365381362,3.3418562412261963,12560.045519170106,1.0080382380018427,38327.89662495986,optimize_single_point_heur,16586.41938095396,34.80409359931946,12040.332201162493,0.9663273304616684,37666.9833579809,optimize_single_point_heur,15718.340368833993,41.825695276260376,12077.880162464271,0.9693408371160381,35719.30401976422,optimize_single_point_heur,15788.072668089242,41.760512351989746,7362.46637454255,0.590893370586452,30363.22638083782,optimize_single_point_heur,10169.261811378368,29.046979188919067
2026-04-10 05:22:44,config_resnet_spt_area_0.9_hw_0.9_seed_0,inputs/task_graph_topology/soda-benchmark-graphs/pytorch-graphs/rez_net_tosa.dot,362,0.9,0.5,1.0,0.9,42,14476.759981256146,26216.0165438757,1.8109035846293655,26216.0165438757,None,10921.381696028191,0.0,13779.063654093625,0.9518057681369404,38790.51962931272,optimize_random_heur,17439.255749956304,1.8679008483886719,7852.118757437915,0.5423947601261941,25678.133809823164,optimize_swarm_heur,8777.095576675632,4934.603566169739,8982.568836376653,0.6204819896169362,25744.5647911699,optimize_random_heur,9779.78175017781,3909.7405631542206,13138.44715893294,0.907554395869242,38048.35595475575,optimize_single_point_heur,16802.672922164682,3.2182626724243164,13609.1156835364,0.9400664030595843,39658.84229957625,optimize_single_point_heur,17125.928913627547,3.1803431510925293,13908.708650964178,0.9607611557401342,40473.62357569024,optimize_single_point_heur,17698.18355900193,32.11071443557739,12764.972142154067,0.8817561497656642,37571.459274466746,optimize_single_point_heur,16497.540229625767,40.09688138961792,12748.510662440429,0.8806190528092352,39686.30638709794,optimize_single_point_heur,17131.83568923609,39.858001470565796,8730.13874311121,0.603045070472578,33439.1565415338,optimize_single_point_heur,12895.896946316067,31.70623207092285
2026-04-10 05:28:03,config_resnet_spt_area_0.9_hw_0.9_seed_1,inputs/task_graph_topology/soda-benchmark-graphs/pytorch-graphs/rez_net_tosa.dot,362,0.9,0.5,1.0,0.9,42,14476.759981256146,26216.0165438757,1.8109035846293655,26216.0165438757,None,10921.381696028191,0.0,13779.063654093625,0.9518057681369404,38790.51962931272,optimize_random_heur,17439.255749956304,1.947448492050171,7852.118757437915,0.5423947601261941,25678.133809823164,optimize_swarm_heur,8777.095576675632,5067.0499885082245,8982.568836376653,0.6204819896169362,25744.5647911699,optimize_random_heur,9779.78175017781,4024.6104896068573,13138.44715893294,0.907554395869242,38048.35595475575,optimize_single_point_heur,16802.672922164682,3.3153882026672363,13609.1156835364,0.9400664030595843,39658.84229957625,optimize_single_point_heur,17125.928913627547,3.274390459060669,13908.708650964178,0.9607611557401342,40473.62357569024,optimize_single_point_heur,17698.18355900193,33.449782609939575,12764.972142154067,0.8817561497656642,37571.459274466746,optimize_single_point_heur,16497.540229625767,41.37775444984436,12748.510662440429,0.8806190528092352,39686.30638709794,optimize_single_point_heur,17131.83568923609,41.35743951797485,8730.13874311121,0.603045070472578,33439.1565415338,optimize_single_point_heur,12895.896946316067,33.38607668876648
2026-04-10 05:30:53,config_resnet_spt_area_0.7_hw_0.5_seed_3,inputs/task_graph_topology/soda-benchmark-graphs/pytorch-graphs/rez_net_tosa.dot,362,0.5,0.5,1.0,0.7,42,9311.942737816993,27806.910889348575,2.9861557005093196,27806.910889348575,None,10581.937429858372,0.0,12002.529303494193,1.288939337518731,35061.896487746824,optimize_random_heur,15950.336680658902,2.270408868789673,8778.91952728637,0.9427591829612583,22757.23704675205,optimize_swarm_heur,16967.581061331322,6229.640252590179,8094.718850403155,0.8692835725384633,26796.924236613548,optimize_random_heur,10284.266960080211,4809.126762151718,11554.859200279245,1.2408645033171737,35160.59462059392,optimize_single_point_heur,15659.452197704539,3.8520138263702393,11934.65508331028,1.2816503944812843,35911.575182846944,optimize_single_point_heur,15168.158746774874,3.6846015453338623,11450.355945094378,1.2296420057001656,35497.91245961069,optimize_single_point_heur,14367.734438448244,37.7600314617157,10564.281987866569,1.1344874303150152,32169.80066665253,optimize_single_point_heur,13985.760386894723,47.50116300582886,11376.895078779493,1.2217531184525505,34194.119217238316,optimize_single_point_heur,15265.842831473561,47.13729381561279,6633.973983768722,0.7124156763579853,29531.5167467803,optimize_single_point_heur,9844.79772532789,32.4430878162384
2026-04-10 05:32:45,config_resnet_spt_area_0.7_hw_0.9_seed_1,inputs/task_graph_topology/soda-benchmark-graphs/pytorch-graphs/rez_net_tosa.dot,362,0.9,0.5,1.0,0.7,42,14476.759981256146,34435.97424728404,2.378707272336502,34435.97424728404,None,15459.708042985432,0.0,13779.063654093625,0.9518057681369404,38790.51962931272,optimize_random_heur,17439.255749956304,2.184819459915161,9014.694213140092,0.6227010895263796,20790.698851676487,optimize_swarm_heur,17485.263677132745,6169.538428544998,10440.556063530317,0.7211942504433504,33153.13584510521,optimize_random_heur,13187.603192344566,4759.63755273819,13138.44715893294,0.907554395869242,38048.35595475575,optimize_single_point_heur,16802.672922164682,3.5611133575439453,13609.1156835364,0.9400664030595843,39658.84229957625,optimize_single_point_heur,17125.928913627547,3.6657357215881348,13908.708650964178,0.9607611557401342,40473.62357569024,optimize_single_point_heur,17698.18355900193,37.884586334228516,12764.972142154067,0.8817561497656642,37571.459274466746,optimize_single_point_heur,16497.540229625767,46.751851320266724,12748.510662440429,0.8806190528092352,39686.30638709794,optimize_single_point_heur,17131.83568923609,48.04810452461243,8730.13874311121,0.603045070472578,33439.1565415338,optimize_single_point_heur,12895.896946316067,36.283793449401855
2026-04-10 05:35:07,config_resnet_spt_area_0.7_hw_0.9_seed_3,inputs/task_graph_topology/soda-benchmark-graphs/pytorch-graphs/rez_net_tosa.dot,362,0.9,0.5,1.0,0.7,42,14476.759981256146,34435.97424728404,2.378707272336502,34435.97424728404,None,15459.708042985432,0.0,13779.063654093625,0.9518057681369404,38790.51962931272,optimize_random_heur,17439.255749956304,2.1707472801208496,9014.694213140092,0.6227010895263796,20790.698851676487,optimize_swarm_heur,17485.263677132745,6153.492874860764,10440.556063530317,0.7211942504433504,33153.13584510521,optimize_random_heur,13187.603192344566,4883.992656469345,13138.44715893294,0.907554395869242,38048.35595475575,optimize_single_point_heur,16802.672922164682,3.757927894592285,13609.1156835364,0.9400664030595843,39658.84229957625,optimize_single_point_heur,17125.928913627547,3.895179033279419,13908.708650964178,0.9607611557401342,40473.62357569024,optimize_single_point_heur,17698.18355900193,37.19862508773804,12764.972142154067,0.8817561497656642,37571.459274466746,optimize_single_point_heur,16497.540229625767,47.5829701423645,12748.510662440429,0.8806190528092352,39686.30638709794,optimize_single_point_heur,17131.83568923609,46.06176257133484,8730.13874311121,0.603045070472578,33439.1565415338,optimize_single_point_heur,12895.896946316067,36.45910310745239
2026-04-10 06:26:36,config_resnet_spt_area_0.9_hw_0.9_seed_3,inputs/task_graph_topology/soda-benchmark-graphs/pytorch-graphs/rez_net_tosa.dot,362,0.9,0.5,1.0,0.9,42,14476.759981256146,26216.0165438757,1.8109035846293655,26216.0165438757,None,10921.381696028191,0.0,13779.063654093625,0.9518057681369404,38790.51962931272,optimize_random_heur,17439.255749956304,1.8456053733825684,7852.118757437915,0.5423947601261941,25678.133809823164,optimize_swarm_heur,8777.095576675632,4804.338413715363,8982.568836376653,0.6204819896169362,25744.5647911699,optimize_random_heur,9779.78175017781,3683.752362012863,13138.44715893294,0.907554395869242,38048.35595475575,optimize_single_point_heur,16802.672922164682,3.0862064361572266,13609.1156835364,0.9400664030595843,39658.84229957625,optimize_single_point_heur,17125.928913627547,3.068118095397949,13908.708650964178,0.9607611557401342,40473.62357569024,optimize_single_point_heur,17698.18355900193,31.402535676956177,12764.972142154067,0.8817561497656642,37571.459274466746,optimize_single_point_heur,16497.540229625767,38.99523067474365,12748.510662440429,0.8806190528092352,39686.30638709794,optimize_single_point_heur,17131.83568923609,38.92210650444031,8730.13874311121,0.603045070472578,33439.1565415338,optimize_single_point_heur,12895.896946316067,30.912459135055542
2026-04-10 06:26:47,config_resnet_spt_area_0.9_hw_0.9_seed_2,inputs/task_graph_topology/soda-benchmark-graphs/pytorch-graphs/rez_net_tosa.dot,362,0.9,0.5,1.0,0.9,42,14476.759981256146,26216.0165438757,1.8109035846293655,26216.0165438757,None,10921.381696028191,0.0,13779.063654093625,0.9518057681369404,38790.51962931272,optimize_random_heur,17439.255749956304,1.8356375694274902,7852.118757437915,0.5423947601261941,25678.133809823164,optimize_swarm_heur,8777.095576675632,4782.49089050293,8982.568836376653,0.6204819896169362,25744.5647911699,optimize_random_heur,9779.78175017781,3749.7115383148193,13138.44715893294,0.907554395869242,38048.35595475575,optimize_single_point_heur,16802.672922164682,3.116870164871216,13609.1156835364,0.9400664030595843,39658.84229957625,optimize_single_point_heur,17125.928913627547,3.1085941791534424,13908.708650964178,0.9607611557401342,40473.62357569024,optimize_single_point_heur,17698.18355900193,31.68288230895996,12764.972142154067,0.8817561497656642,37571.459274466746,optimize_single_point_heur,16497.540229625767,39.88068151473999,12748.510662440429,0.8806190528092352,39686.30638709794,optimize_single_point_heur,17131.83568923609,39.815237283706665,8730.13874311121,0.603045070472578,33439.1565415338,optimize_single_point_heur,12895.896946316067,31.53055500984192
2026-04-11 21:05:28,config_resnet_spt_area_0.1_hw_0.1_seed_2,inputs/task_graph_topology/soda-benchmark-graphs/pytorch-graphs/rez_net_tosa.dot,362,0.1,0.5,1.0,0.1,2,1846.5155104902412,29829.083223251248,16.154255436138612,29829.083223251248,None,17585.904608683537,0.0,18454.090264956147,9.99400771892605,18454.090264956147,optimize_random_heur,18454.09026495615,0.2860579490661621,18454.090264956147,9.99400771892605,18454.090264956147,optimize_single_point_heur,18454.09026495615,0.13659238815307617,18454.090264956147,9.99400771892605,18454.090264956147,optimize_single_point_heur,18454.09026495615,0.12890219688415527,18454.090264956147,9.99400771892605,18454.090264956147,optimize_single_point_heur,18454.09026495615,1.4495844841003418,18454.090264956147,9.99400771892605,18454.090264956147,optimize_single_point_heur,18454.09026495615,7.292726278305054,18454.090264956147,9.99400771892605,18454.090264956147,optimize_single_point_heur,18454.09026495615,7.1994309425354,18454.090264956147,9.99400771892605,18454.090264956147,optimize_single_point_heur,18454.09026495615,3.257859706878662
2026-04-11 21:05:28,config_resnet_spt_area_0.1_hw_0.1_seed_1,inputs/task_graph_topology/soda-benchmark-graphs/pytorch-graphs/rez_net_tosa.dot,362,0.1,0.5,1.0,0.1,1,1874.8056238208103,28219.056858152246,15.051724029204939,28219.056858152246,None,17253.105680529432,0.0,18102.043045460247,9.655423909263032,18102.043045460247,optimize_random_heur,18102.043045460232,0.29329705238342285,18102.043045460247,9.655423909263032,18102.043045460247,optimize_single_point_heur,18102.043045460232,0.13881611824035645,18102.043045460247,9.655423909263032,18102.043045460247,optimize_single_point_heur,18102.043045460232,0.1312243938446045,18102.043045460247,9.655423909263032,18102.043045460247,optimize_single_point_heur,18102.043045460232,1.480647087097168,18102.043045460247,9.655423909263032,18102.043045460247,optimize_single_point_heur,18102.043045460232,7.387385606765747,18102.043045460247,9.655423909263032,18102.043045460247,optimize_single_point_heur,18102.043045460232,7.243194580078125,18102.043045460247,9.655423909263032,18102.043045460247,optimize_single_point_heur,18102.043045460232,3.3142168521881104
2026-04-11 21:05:28,config_resnet_spt_area_0.1_hw_0.1_seed_0,inputs/task_graph_topology/soda-benchmark-graphs/pytorch-graphs/rez_net_tosa.dot,362,0.1,0.5,1.0,0.1,0,1882.4107899820458,29705.610136072308,15.780620411953565,29705.610136072308,None,17501.39907309296,0.0,18629.163527484416,9.896438984852026,18629.163527484416,optimize_random_heur,18629.163527484412,0.2884068489074707,18629.163527484416,9.896438984852026,18629.163527484416,optimize_single_point_heur,18629.163527484412,0.13784074783325195,18629.163527484416,9.896438984852026,18629.163527484416,optimize_single_point_heur,18629.163527484412,0.13229012489318848,18629.163527484416,9.896438984852026,18629.163527484416,optimize_single_point_heur,18629.163527484412,1.5023789405822754,18629.163527484416,9.896438984852026,18629.163527484416,optimize_single_point_heur,18629.163527484412,7.401409864425659,18629.163527484416,9.896438984852026,18629.163527484416,optimize_single_point_heur,18629.163527484412,7.309979438781738,18629.163527484416,9.896438984852026,18629.163527484416,optimize_single_point_heur,18629.163527484412,3.3720037937164307
2026-04-11 21:05:29,config_resnet_spt_area_0.1_hw_0.1_seed_3,inputs/task_graph_topology/soda-benchmark-graphs/pytorch-graphs/rez_net_tosa.dot,362,0.1,0.5,1.0,0.1,3,1846.6107811863385,28972.330102425574,15.689462228641686,28972.330102425574,None,17438.17351898598,0.0,18488.643341502553,10.012203724720317,18488.643341502553,optimize_random_heur,18488.64334150255,0.28887057304382324,18488.643341502553,10.012203724720317,18488.643341502553,optimize_single_point_heur,18488.64334150255,0.14043498039245605,18488.643341502553,10.012203724720317,18488.643341502553,optimize_single_point_heur,18488.64334150255,0.13279485702514648,18488.643341502553,10.012203724720317,18488.643341502553,optimize_single_point_heur,18488.64334150255,1.511601448059082,18488.643341502553,10.012203724720317,18488.643341502553,optimize_single_point_heur,18488.64334150255,7.567821025848389,18488.643341502553,10.012203724720317,18488.643341502553,optimize_single_point_heur,18488.64334150255,7.469598770141602,18488.643341502553,10.012203724720317,18488.643341502553,optimize_single_point_heur,18488.64334150255,3.2112479209899902
2026-04-11 21:06:26,config_resnet_spt_area_0.1_hw_0.9_seed_1,inputs/task_graph_topology/soda-benchmark-graphs/pytorch-graphs/rez_net_tosa.dot,362,0.9,0.5,1.0,0.1,1,14355.374905527202,27582.505765801274,1.9214061595271381,27582.505765801274,None,17899.019140695233,0.0,18102.043045460247,1.26099409904582,18102.043045460247,optimize_random_heur,18102.043045460232,0.2767491340637207,18102.043045460247,1.26099409904582,18102.043045460247,optimize_single_point_heur,18102.043045460232,0.13363194465637207,18102.043045460247,1.26099409904582,18102.043045460247,optimize_single_point_heur,18102.043045460232,0.12714266777038574,18102.043045460247,1.26099409904582,18102.043045460247,optimize_single_point_heur,18102.043045460232,1.3893823623657227,18102.043045460247,1.26099409904582,18102.043045460247,optimize_single_point_heur,18102.043045460232,6.897067546844482,18102.043045460247,1.26099409904582,18102.043045460247,optimize_single_point_heur,18102.043045460232,6.830836772918701,18102.043045460247,1.26099409904582,18102.043045460247,optimize_single_point_heur,18102.043045460232,3.1444451808929443
2026-04-11 21:06:26,config_resnet_spt_area_0.3_hw_0.7_seed_3,inputs/task_graph_topology/soda-benchmark-graphs/pytorch-graphs/rez_net_tosa.dot,362,0.7,0.5,1.0,0.3,3,12131.938308362962,36626.28112981548,3.018996651554659,36626.28112981548,None,18403.9940476,0.0,18488.643341502553,1.5239645035746427,18488.643341502553,optimize_random_heur,18488.64334150255,0.2648012638092041,18488.643341502553,1.5239645035746427,18488.643341502553,optimize_single_point_heur,18488.64334150255,0.13478970527648926,18488.643341502553,1.5239645035746427,18488.643341502553,optimize_single_point_heur,18488.64334150255,0.12305688858032227,18488.643341502553,1.5239645035746427,18488.643341502553,optimize_single_point_heur,18488.64334150255,1.3641736507415771,18488.643341502553,1.5239645035746427,18488.643341502553,optimize_single_point_heur,18488.64334150255,6.818002700805664,18488.643341502553,1.5239645035746427,18488.643341502553,optimize_single_point_heur,18488.64334150255,6.698785066604614,18488.643341502553,1.5239645035746427,18488.643341502553,optimize_single_point_heur,18488.64334150255,3.1498918533325195
2026-04-11 21:06:26,config_resnet_spt_area_0.3_hw_0.5_seed_1,inputs/task_graph_topology/soda-benchmark-graphs/pytorch-graphs/rez_net_tosa.dot,362,0.5,0.5,1.0,0.3,1,9327.408457009906,32856.17001155085,3.5225400670491895,32856.17001155085,None,16755.002820812366,0.0,18102.043045460247,1.9407366074824208,18102.043045460247,optimize_random_heur,18102.043045460232,0.26643896102905273,18102.043045460247,1.9407366074824208,18102.043045460247,optimize_single_point_heur,18102.043045460232,0.13586139678955078,18102.043045460247,1.9407366074824208,18102.043045460247,optimize_single_point_heur,18102.043045460232,0.1262190341949463,18102.043045460247,1.9407366074824208,18102.043045460247,optimize_single_point_heur,18102.043045460232,1.3565902709960938,18102.043045460247,1.9407366074824208,18102.043045460247,optimize_single_point_heur,18102.043045460232,6.8098578453063965,18102.043045460247,1.9407366074824208,18102.043045460247,optimize_single_point_heur,18102.043045460232,6.707096576690674,18102.043045460247,1.9407366074824208,18102.043045460247,optimize_single_point_heur,18102.043045460232,3.0737247467041016
2026-04-11 21:06:25,config_resnet_spt_area_0.3_hw_0.5_seed_3,inputs/task_graph_topology/soda-benchmark-graphs/pytorch-graphs/rez_net_tosa.dot,362,0.5,0.5,1.0,0.3,3,9188.226125548912,34989.24618401055,3.8080523602612435,34989.24618401055,None,16510.496489452387,0.0,18488.643341502553,2.0122103101155475,18488.643341502553,optimize_random_heur,18488.64334150255,0.26648712158203125,18488.643341502553,2.0122103101155475,18488.643341502553,optimize_single_point_heur,18488.64334150255,0.1311330795288086,18488.643341502553,2.0122103101155475,18488.643341502553,optimize_single_point_heur,18488.64334150255,0.12399005889892578,18488.643341502553,2.0122103101155475,18488.643341502553,optimize_single_point_heur,18488.64334150255,1.3865056037902832,18488.643341502553,2.0122103101155475,18488.643341502553,optimize_single_point_heur,18488.64334150255,6.8421196937561035,18488.643341502553,2.0122103101155475,18488.643341502553,optimize_single_point_heur,18488.64334150255,6.734879493713379,18488.643341502553,2.0122103101155475,18488.643341502553,optimize_single_point_heur,18488.64334150255,3.2330245971679688
2026-04-11 21:06:26,config_resnet_spt_area_0.3_hw_0.9_seed_0,inputs/task_graph_topology/soda-benchmark-graphs/pytorch-graphs/rez_net_tosa.dot,362,0.9,0.5,1.0,0.3,0,14402.616019849005,35407.16926485609,2.458384589026022,35407.16926485609,None,19250.75366775638,0.0,18629.163527484416,1.293456931838673,18629.163527484416,optimize_random_heur,18629.163527484412,0.2690558433532715,18629.163527484416,1.293456931838673,18629.163527484416,optimize_single_point_heur,18629.163527484412,0.13872408866882324,18629.163527484416,1.293456931838673,18629.163527484416,optimize_single_point_heur,18629.163527484412,0.12787961959838867,18629.163527484416,1.293456931838673,18629.163527484416,optimize_single_point_heur,18629.163527484412,1.3872244358062744,18629.163527484416,1.293456931838673,18629.163527484416,optimize_single_point_heur,18629.163527484412,6.912060737609863,18629.163527484416,1.293456931838673,18629.163527484416,optimize_single_point_heur,18629.163527484412,6.786565780639648,18629.163527484416,1.293456931838673,18629.163527484416,optimize_single_point_heur,18629.163527484412,3.16017484664917
2026-04-11 21:06:25,config_resnet_spt_area_0.3_hw_0.5_seed_2,inputs/task_graph_topology/soda-benchmark-graphs/pytorch-graphs/rez_net_tosa.dot,362,0.5,0.5,1.0,0.3,2,9115.752422925836,34741.342825284206,3.811132774724202,34741.342825284206,None,17249.635477164986,0.0,18454.090264956147,2.0244176683149795,18454.090264956147,optimize_random_heur,18454.09026495615,0.2652440071105957,18454.090264956147,2.0244176683149795,18454.090264956147,optimize_single_point_heur,18454.09026495615,0.13550806045532227,18454.090264956147,2.0244176683149795,18454.090264956147,optimize_single_point_heur,18454.09026495615,0.12595057487487793,18454.090264956147,2.0244176683149795,18454.090264956147,optimize_single_point_heur,18454.09026495615,1.405505895614624,18454.090264956147,2.0244176683149795,18454.090264956147,optimize_single_point_heur,18454.09026495615,6.960052490234375,18454.090264956147,2.0244176683149795,18454.090264956147,optimize_single_point_heur,18454.09026495615,6.787364721298218,18454.090264956147,2.0244176683149795,18454.090264956147,optimize_single_point_heur,18454.09026495615,3.2281880378723145
2026-04-11 21:06:27,config_resnet_spt_area_0.3_hw_0.7_seed_1,inputs/task_graph_topology/soda-benchmark-graphs/pytorch-graphs/rez_net_tosa.dot,362,0.7,0.5,1.0,0.3,1,12416.759025060455,32963.34605890734,2.6547463788560433,32963.34605890734,None,17358.78866403446,0.0,18102.043045460247,1.4578718173498668,18102.043045460247,optimize_random_heur,18102.043045460232,0.2863926887512207,18102.043045460247,1.4578718173498668,18102.043045460247,optimize_single_point_heur,18102.043045460232,0.13547444343566895,18102.043045460247,1.4578718173498668,18102.043045460247,optimize_single_point_heur,18102.043045460232,0.12514972686767578,18102.043045460247,1.4578718173498668,18102.043045460247,optimize_single_point_heur,18102.043045460232,1.3829030990600586,18102.043045460247,1.4578718173498668,18102.043045460247,optimize_single_point_heur,18102.043045460232,6.958147287368774,18102.043045460247,1.4578718173498668,18102.043045460247,optimize_single_point_heur,18102.043045460232,6.881357192993164,18102.043045460247,1.4578718173498668,18102.043045460247,optimize_single_point_heur,18102.043045460232,3.2779455184936523
2026-04-11 21:06:27,config_resnet_spt_area_0.3_hw_0.7_seed_0,inputs/task_graph_topology/soda-benchmark-graphs/pytorch-graphs/rez_net_tosa.dot,362,0.7,0.5,1.0,0.3,0,12435.19119187881,34061.63679447432,2.739132536757403,34061.63679447432,None,17445.459266320217,0.0,18629.163527484416,1.4981002897366607,18629.163527484416,optimize_random_heur,18629.163527484412,0.26509714126586914,18629.163527484416,1.4981002897366607,18629.163527484416,optimize_single_point_heur,18629.163527484412,0.13828063011169434,18629.163527484416,1.4981002897366607,18629.163527484416,optimize_single_point_heur,18629.163527484412,0.12917876243591309,18629.163527484416,1.4981002897366607,18629.163527484416,optimize_single_point_heur,18629.163527484412,1.413698673248291,18629.163527484416,1.4981002897366607,18629.163527484416,optimize_single_point_heur,18629.163527484412,6.983160495758057,18629.163527484416,1.4981002897366607,18629.163527484416,optimize_single_point_heur,18629.163527484412,6.874736547470093,18629.163527484416,1.4981002897366607,18629.163527484416,optimize_single_point_heur,18629.163527484412,3.286322593688965
2026-04-11 21:06:27,config_resnet_spt_area_0.3_hw_0.7_seed_2,inputs/task_graph_topology/soda-benchmark-graphs/pytorch-graphs/rez_net_tosa.dot,362,0.7,0.5,1.0,0.3,2,12136.897891641467,36225.01626138474,2.984701410920864,36225.01626138474,None,18102.479061149377,0.0,18454.090264956147,1.5204948109240708,18454.090264956147,optimize_random_heur,18454.09026495615,0.2639584541320801,18454.090264956147,1.5204948109240708,18454.090264956147,optimize_single_point_heur,18454.09026495615,0.13394522666931152,18454.090264956147,1.5204948109240708,18454.090264956147,optimize_single_point_heur,18454.09026495615,0.12624835968017578,18454.090264956147,1.5204948109240708,18454.090264956147,optimize_single_point_heur,18454.09026495615,1.3746967315673828,18454.090264956147,1.5204948109240708,18454.090264956147,optimize_single_point_heur,18454.09026495615,7.03801965713501,18454.090264956147,1.5204948109240708,18454.090264956147,optimize_single_point_heur,18454.09026495615,6.909130334854126,18454.090264956147,1.5204948109240708,18454.090264956147,optimize_single_point_heur,18454.09026495615,3.235259771347046
2026-04-11 21:06:27,config_resnet_spt_area_0.1_hw_0.3_seed_0,inputs/task_graph_topology/soda-benchmark-graphs/pytorch-graphs/rez_net_tosa.dot,362,0.3,0.5,1.0,0.1,0,5645.584530124685,31057.371945171904,5.501179156817264,31057.371945171904,None,18248.959684032325,0.0,18629.163527484416,3.299775856349277,18629.163527484416,optimize_random_heur,18629.163527484412,0.27944469451904297,18629.163527484416,3.299775856349277,18629.163527484416,optimize_single_point_heur,18629.163527484412,0.14062070846557617,18629.163527484416,3.299775856349277,18629.163527484416,optimize_single_point_heur,18629.163527484412,0.13488531112670898,18629.163527484416,3.299775856349277,18629.163527484416,optimize_single_point_heur,18629.163527484412,1.513643503189087,18629.163527484416,3.299775856349277,18629.163527484416,optimize_single_point_heur,18629.163527484412,7.123609781265259,18629.163527484416,3.299775856349277,18629.163527484416,optimize_single_point_heur,18629.163527484412,7.0360496044158936,18629.163527484416,3.299775856349277,18629.163527484416,optimize_single_point_heur,18629.163527484412,3.173647880554199
2026-04-11 21:06:27,config_resnet_spt_area_0.3_hw_0.9_seed_1,inputs/task_graph_topology/soda-benchmark-graphs/pytorch-graphs/rez_net_tosa.dot,362,0.9,0.5,1.0,0.3,1,14355.374905527202,35037.006141869875,2.4406890361588323,35037.006141869875,None,18133.86315748926,0.0,18102.043045460247,1.26099409904582,18102.043045460247,optimize_random_heur,18102.043045460232,0.2656519412994385,18102.043045460247,1.26099409904582,18102.043045460247,optimize_single_point_heur,18102.043045460232,0.1322951316833496,18102.043045460247,1.26099409904582,18102.043045460247,optimize_single_point_heur,18102.043045460232,0.12766790390014648,18102.043045460247,1.26099409904582,18102.043045460247,optimize_single_point_heur,18102.043045460232,1.4194867610931396,18102.043045460247,1.26099409904582,18102.043045460247,optimize_single_point_heur,18102.043045460232,6.936160087585449,18102.043045460247,1.26099409904582,18102.043045460247,optimize_single_point_heur,18102.043045460232,6.799139022827148,18102.043045460247,1.26099409904582,18102.043045460247,optimize_single_point_heur,18102.043045460232,3.1052439212799072
2026-04-11 21:06:27,config_resnet_spt_area_0.3_hw_0.9_seed_3,inputs/task_graph_topology/soda-benchmark-graphs/pytorch-graphs/rez_net_tosa.dot,362,0.9,0.5,1.0,0.3,3,14011.823640372608,38047.1355753071,2.715359295964942,38047.1355753071,None,19526.85164231532,0.0,18488.643341502553,1.3195030008963842,18488.643341502553,optimize_random_heur,18488.64334150255,0.2652595043182373,18488.643341502553,1.3195030008963842,18488.643341502553,optimize_single_point_heur,18488.64334150255,0.13179492950439453,18488.643341502553,1.3195030008963842,18488.643341502553,optimize_single_point_heur,18488.64334150255,0.124847412109375,18488.643341502553,1.3195030008963842,18488.643341502553,optimize_single_point_heur,18488.64334150255,1.3716425895690918,18488.643341502553,1.3195030008963842,18488.643341502553,optimize_single_point_heur,18488.64334150255,6.937395095825195,18488.643341502553,1.3195030008963842,18488.643341502553,optimize_single_point_heur,18488.64334150255,6.847899913787842,18488.643341502553,1.3195030008963842,18488.643341502553,optimize_single_point_heur,18488.64334150255,2.989473819732666
2026-04-11 21:06:27,config_resnet_spt_area_0.3_hw_0.9_seed_2,inputs/task_graph_topology/soda-benchmark-graphs/pytorch-graphs/rez_net_tosa.dot,362,0.9,0.5,1.0,0.3,2,14094.642937542387,37069.86486326663,2.6300676808582084,37069.86486326663,None,18324.382014990777,0.0,18454.090264956147,1.309298174258957,18454.090264956147,optimize_random_heur,18454.09026495615,0.29819321632385254,18454.090264956147,1.309298174258957,18454.090264956147,optimize_single_point_heur,18454.09026495615,0.13065695762634277,18454.090264956147,1.309298174258957,18454.090264956147,optimize_single_point_heur,18454.09026495615,0.12594032287597656,18454.090264956147,1.309298174258957,18454.090264956147,optimize_single_point_heur,18454.09026495615,1.3802716732025146,18454.090264956147,1.309298174258957,18454.090264956147,optimize_single_point_heur,18454.09026495615,6.972564458847046,18454.090264956147,1.309298174258957,18454.090264956147,optimize_single_point_heur,18454.09026495615,6.8354432582855225,18454.090264956147,1.309298174258957,18454.090264956147,optimize_single_point_heur,18454.09026495615,3.047504425048828
2026-04-11 21:06:27,config_resnet_spt_area_0.1_hw_0.3_seed_2,inputs/task_graph_topology/soda-benchmark-graphs/pytorch-graphs/rez_net_tosa.dot,362,0.3,0.5,1.0,0.1,2,5536.746531470723,31036.456412512212,5.605540408270778,31036.456412512212,None,18467.39591759758,0.0,18454.090264956147,3.3330206033567866,18454.090264956147,optimize_random_heur,18454.09026495615,0.27664756774902344,18454.090264956147,3.3330206033567866,18454.090264956147,optimize_single_point_heur,18454.09026495615,0.13734912872314453,18454.090264956147,3.3330206033567866,18454.090264956147,optimize_single_point_heur,18454.09026495615,0.134552001953125,18454.090264956147,3.3330206033567866,18454.090264956147,optimize_single_point_heur,18454.09026495615,1.4543559551239014,18454.090264956147,3.3330206033567866,18454.090264956147,optimize_single_point_heur,18454.09026495615,7.29631495475769,18454.090264956147,3.3330206033567866,18454.090264956147,optimize_single_point_heur,18454.09026495615,7.158035516738892,18454.090264956147,3.3330206033567866,18454.090264956147,optimize_single_point_heur,18454.09026495615,3.1130337715148926
2026-04-11 21:06:28,config_resnet_spt_area_0.1_hw_0.7_seed_3,inputs/task_graph_topology/soda-benchmark-graphs/pytorch-graphs/rez_net_tosa.dot,362,0.7,0.5,1.0,0.1,3,12131.938308362962,30377.154485327574,2.5038995182152846,30377.154485327574,None,19474.71956592947,0.0,18488.643341502553,1.5239645035746427,18488.643341502553,optimize_random_heur,18488.64334150255,0.27278757095336914,18488.643341502553,1.5239645035746427,18488.643341502553,optimize_single_point_heur,18488.64334150255,0.1372373104095459,18488.643341502553,1.5239645035746427,18488.643341502553,optimize_single_point_heur,18488.64334150255,0.13115358352661133,18488.643341502553,1.5239645035746427,18488.643341502553,optimize_single_point_heur,18488.64334150255,1.4614341259002686,18488.643341502553,1.5239645035746427,18488.643341502553,optimize_single_point_heur,18488.64334150255,7.305562496185303,18488.643341502553,1.5239645035746427,18488.643341502553,optimize_single_point_heur,18488.64334150255,7.186786413192749,18488.643341502553,1.5239645035746427,18488.643341502553,optimize_single_point_heur,18488.64334150255,3.247364044189453
2026-04-11 21:06:28,config_resnet_spt_area_0.1_hw_0.3_seed_1,inputs/task_graph_topology/soda-benchmark-graphs/pytorch-graphs/rez_net_tosa.dot,362,0.3,0.5,1.0,0.1,1,5622.466111130952,29378.16580732622,5.22513879615307,29378.16580732622,None,17815.36833528731,0.0,18102.043045460247,3.2195913123643605,18102.043045460247,optimize_random_heur,18102.043045460232,0.28383827209472656,18102.043045460247,3.2195913123643605,18102.043045460247,optimize_single_point_heur,18102.043045460232,0.14484500885009766,18102.043045460247,3.2195913123643605,18102.043045460247,optimize_single_point_heur,18102.043045460232,0.13686180114746094,18102.043045460247,3.2195913123643605,18102.043045460247,optimize_single_point_heur,18102.043045460232,1.4920952320098877,18102.043045460247,3.2195913123643605,18102.043045460247,optimize_single_point_heur,18102.043045460232,7.455053806304932,18102.043045460247,3.2195913123643605,18102.043045460247,optimize_single_point_heur,18102.043045460232,7.265648603439331,18102.043045460247,3.2195913123643605,18102.043045460247,optimize_single_point_heur,18102.043045460232,3.2533349990844727
2026-04-11 21:06:28,config_resnet_spt_area_0.1_hw_0.7_seed_2,inputs/task_graph_topology/soda-benchmark-graphs/pytorch-graphs/rez_net_tosa.dot,362,0.7,0.5,1.0,0.1,2,12136.897891641467,30459.950666531804,2.509698189642775,30459.950666531804,None,18681.795469955818,0.0,18454.090264956147,1.5204948109240708,18454.090264956147,optimize_random_heur,18454.09026495615,0.2784154415130615,18454.090264956147,1.5204948109240708,18454.090264956147,optimize_single_point_heur,18454.09026495615,0.13988089561462402,18454.090264956147,1.5204948109240708,18454.090264956147,optimize_single_point_heur,18454.09026495615,0.13590788841247559,18454.090264956147,1.5204948109240708,18454.090264956147,optimize_single_point_heur,18454.09026495615,1.5034241676330566,18454.090264956147,1.5204948109240708,18454.090264956147,optimize_single_point_heur,18454.09026495615,7.408133506774902,18454.090264956147,1.5204948109240708,18454.090264956147,optimize_single_point_heur,18454.09026495615,7.272080659866333,18454.090264956147,1.5204948109240708,18454.090264956147,optimize_single_point_heur,18454.09026495615,3.3651278018951416
2026-04-11 21:06:28,config_resnet_spt_area_0.1_hw_0.5_seed_1,inputs/task_graph_topology/soda-benchmark-graphs/pytorch-graphs/rez_net_tosa.dot,362,0.5,0.5,1.0,0.1,1,9327.408457009906,29706.679145790535,3.1848802679446107,29706.679145790535,None,18063.554374158233,0.0,18102.043045460247,1.9407366074824208,18102.043045460247,optimize_random_heur,18102.043045460232,0.2778911590576172,18102.043045460247,1.9407366074824208,18102.043045460247,optimize_single_point_heur,18102.043045460232,0.14005303382873535,18102.043045460247,1.9407366074824208,18102.043045460247,optimize_single_point_heur,18102.043045460232,0.13147807121276855,18102.043045460247,1.9407366074824208,18102.043045460247,optimize_single_point_heur,18102.043045460232,1.479341745376587,18102.043045460247,1.9407366074824208,18102.043045460247,optimize_single_point_heur,18102.043045460232,7.301299333572388,18102.043045460247,1.9407366074824208,18102.043045460247,optimize_single_point_heur,18102.043045460232,7.238682270050049,18102.043045460247,1.9407366074824208,18102.043045460247,optimize_single_point_heur,18102.043045460232,3.268867015838623
2026-04-11 21:06:28,config_resnet_spt_area_0.1_hw_0.7_seed_0,inputs/task_graph_topology/soda-benchmark-graphs/pytorch-graphs/rez_net_tosa.dot,362,0.7,0.5,1.0,0.1,0,12435.19119187881,31630.949592938123,2.543664114597265,31630.949592938123,None,19131.930503114738,0.0,18629.163527484416,1.4981002897366607,18629.163527484416,optimize_random_heur,18629.163527484412,0.2821507453918457,18629.163527484416,1.4981002897366607,18629.163527484416,optimize_single_point_heur,18629.163527484412,0.1409912109375,18629.163527484416,1.4981002897366607,18629.163527484416,optimize_single_point_heur,18629.163527484412,0.14221668243408203,18629.163527484416,1.4981002897366607,18629.163527484416,optimize_single_point_heur,18629.163527484412,1.497593879699707,18629.163527484416,1.4981002897366607,18629.163527484416,optimize_single_point_heur,18629.163527484412,7.362516403198242,18629.163527484416,1.4981002897366607,18629.163527484416,optimize_single_point_heur,18629.163527484412,7.2558159828186035,18629.163527484416,1.4981002897366607,18629.163527484416,optimize_single_point_heur,18629.163527484412,3.40027117729187
2026-04-11 21:06:28,config_resnet_spt_area_0.1_hw_0.5_seed_2,inputs/task_graph_topology/soda-benchmark-graphs/pytorch-graphs/rez_net_tosa.dot,362,0.5,0.5,1.0,0.1,2,9115.752422925836,32048.43030448351,3.515719692417567,32048.43030448351,None,18788.532857354767,0.0,18454.090264956147,2.0244176683149795,18454.090264956147,optimize_random_heur,18454.09026495615,0.27771472930908203,18454.090264956147,2.0244176683149795,18454.090264956147,optimize_single_point_heur,18454.09026495615,0.1405031681060791,18454.090264956147,2.0244176683149795,18454.090264956147,optimize_single_point_heur,18454.09026495615,0.13690829277038574,18454.090264956147,2.0244176683149795,18454.090264956147,optimize_single_point_heur,18454.09026495615,1.4816985130310059,18454.090264956147,2.0244176683149795,18454.090264956147,optimize_single_point_heur,18454.09026495615,7.341147422790527,18454.090264956147,2.0244176683149795,18454.090264956147,optimize_single_point_heur,18454.09026495615,7.237507343292236,18454.090264956147,2.0244176683149795,18454.090264956147,optimize_single_point_heur,18454.09026495615,3.278560161590576
2026-04-11 21:06:28,config_resnet_spt_area_0.1_hw_0.9_seed_0,inputs/task_graph_topology/soda-benchmark-graphs/pytorch-graphs/rez_net_tosa.dot,362,0.9,0.5,1.0,0.1,0,14402.616019849005,30226.66916803155,2.0986929823286675,30226.66916803155,None,19879.51226148629,0.0,18629.163527484416,1.293456931838673,18629.163527484416,optimize_random_heur,18629.163527484412,0.2765195369720459,18629.163527484416,1.293456931838673,18629.163527484416,optimize_single_point_heur,18629.163527484412,0.13722515106201172,18629.163527484416,1.293456931838673,18629.163527484416,optimize_single_point_heur,18629.163527484412,0.13305401802062988,18629.163527484416,1.293456931838673,18629.163527484416,optimize_single_point_heur,18629.163527484412,1.4874682426452637,18629.163527484416,1.293456931838673,18629.163527484416,optimize_single_point_heur,18629.163527484412,7.4548211097717285,18629.163527484416,1.293456931838673,18629.163527484416,optimize_single_point_heur,18629.163527484412,7.30272364616394,18629.163527484416,1.293456931838673,18629.163527484416,optimize_single_point_heur,18629.163527484412,3.3016886711120605
2026-04-11 21:06:28,config_resnet_spt_area_0.1_hw_0.3_seed_3,inputs/task_graph_topology/soda-benchmark-graphs/pytorch-graphs/rez_net_tosa.dot,362,0.3,0.5,1.0,0.1,3,5537.632343559011,29618.780594674,5.348636160203829,29618.780594674,None,17772.412411649955,0.0,18488.643341502553,3.338727130017445,18488.643341502553,optimize_random_heur,18488.64334150255,0.28048276901245117,18488.643341502553,3.338727130017445,18488.643341502553,optimize_single_point_heur,18488.64334150255,0.14023423194885254,18488.643341502553,3.338727130017445,18488.643341502553,optimize_single_point_heur,18488.64334150255,0.13455653190612793,18488.643341502553,3.338727130017445,18488.643341502553,optimize_single_point_heur,18488.64334150255,1.4976489543914795,18488.643341502553,3.338727130017445,18488.643341502553,optimize_single_point_heur,18488.64334150255,7.337882041931152,18488.643341502553,3.338727130017445,18488.643341502553,optimize_single_point_heur,18488.64334150255,7.342618942260742,18488.643341502553,3.338727130017445,18488.643341502553,optimize_single_point_heur,18488.64334150255,3.352623701095581
2026-04-11 21:06:28,config_resnet_spt_area_0.1_hw_0.5_seed_3,inputs/task_graph_topology/soda-benchmark-graphs/pytorch-graphs/rez_net_tosa.dot,362,0.5,0.5,1.0,0.1,3,9188.226125548912,28933.60640350586,3.14898719384503,28933.60640350586,None,18074.798527167615,0.0,18488.643341502553,2.0122103101155475,18488.643341502553,optimize_random_heur,18488.64334150255,0.287050724029541,18488.643341502553,2.0122103101155475,18488.643341502553,optimize_single_point_heur,18488.64334150255,0.1385335922241211,18488.643341502553,2.0122103101155475,18488.643341502553,optimize_single_point_heur,18488.64334150255,0.1337571144104004,18488.643341502553,2.0122103101155475,18488.643341502553,optimize_single_point_heur,18488.64334150255,1.5050456523895264,18488.643341502553,2.0122103101155475,18488.643341502553,optimize_single_point_heur,18488.64334150255,7.456233739852905,18488.643341502553,2.0122103101155475,18488.643341502553,optimize_single_point_heur,18488.64334150255,7.426168441772461,18488.643341502553,2.0122103101155475,18488.643341502553,optimize_single_point_heur,18488.64334150255,3.2871768474578857
2026-04-11 21:06:29,config_resnet_spt_area_0.1_hw_0.7_seed_1,inputs/task_graph_topology/soda-benchmark-graphs/pytorch-graphs/rez_net_tosa.dot,362,0.7,0.5,1.0,0.1,1,12416.759025060455,28070.639077859854,2.2607057945801747,28070.639077859854,None,17407.966481978707,0.0,18102.043045460247,1.4578718173498668,18102.043045460247,optimize_random_heur,18102.043045460232,0.28648996353149414,18102.043045460247,1.4578718173498668,18102.043045460247,optimize_single_point_heur,18102.043045460232,0.14391517639160156,18102.043045460247,1.4578718173498668,18102.043045460247,optimize_single_point_heur,18102.043045460232,0.1382129192352295,18102.043045460247,1.4578718173498668,18102.043045460247,optimize_single_point_heur,18102.043045460232,1.540053367614746,18102.043045460247,1.4578718173498668,18102.043045460247,optimize_single_point_heur,18102.043045460232,7.63592791557312,18102.043045460247,1.4578718173498668,18102.043045460247,optimize_single_point_heur,18102.043045460232,7.429413557052612,18102.043045460247,1.4578718173498668,18102.043045460247,optimize_single_point_heur,18102.043045460232,3.443046808242798
2026-04-11 21:06:29,config_resnet_spt_area_0.1_hw_0.5_seed_0,inputs/task_graph_topology/soda-benchmark-graphs/pytorch-graphs/rez_net_tosa.dot,362,0.5,0.5,1.0,0.1,0,9381.973154962327,31987.693532318597,3.409484657862149,31987.693532318597,None,19422.805043329437,0.0,18629.163527484416,1.9856338554572661,18629.163527484416,optimize_random_heur,18629.163527484412,0.28343844413757324,18629.163527484416,1.9856338554572661,18629.163527484416,optimize_single_point_heur,18629.163527484412,0.14422845840454102,18629.163527484416,1.9856338554572661,18629.163527484416,optimize_single_point_heur,18629.163527484412,0.1344587802886963,18629.163527484416,1.9856338554572661,18629.163527484416,optimize_single_point_heur,18629.163527484412,1.5543546676635742,18629.163527484416,1.9856338554572661,18629.163527484416,optimize_single_point_heur,18629.163527484412,7.545167446136475,18629.163527484416,1.9856338554572661,18629.163527484416,optimize_single_point_heur,18629.163527484412,7.425740957260132,18629.163527484416,1.9856338554572661,18629.163527484416,optimize_single_point_heur,18629.163527484412,3.4364092350006104
2026-04-11 21:06:30,config_resnet_spt_area_0.3_hw_0.3_seed_3,inputs/task_graph_topology/soda-benchmark-graphs/pytorch-graphs/rez_net_tosa.dot,362,0.3,0.5,1.0,0.3,3,5537.632343559011,31918.74499324094,5.763969691914741,31918.74499324094,None,14870.154459750507,0.0,18488.643341502553,3.338727130017445,18488.643341502553,optimize_random_heur,18488.64334150255,0.3085355758666992,18488.643341502553,3.338727130017445,18488.643341502553,optimize_single_point_heur,18488.64334150255,0.14150595664978027,18488.643341502553,3.338727130017445,18488.643341502553,optimize_single_point_heur,18488.64334150255,0.1372668743133545,18488.643341502553,3.338727130017445,18488.643341502553,optimize_single_point_heur,18488.64334150255,1.5121617317199707,18488.643341502553,3.338727130017445,18488.643341502553,optimize_single_point_heur,18488.64334150255,7.769327640533447,18488.643341502553,3.338727130017445,18488.643341502553,optimize_single_point_heur,18488.64334150255,7.550017356872559,18488.643341502553,3.338727130017445,18488.643341502553,optimize_single_point_heur,18488.64334150255,3.9866063594818115
2026-04-11 21:06:30,config_resnet_spt_area_0.3_hw_0.5_seed_0,inputs/task_graph_topology/soda-benchmark-graphs/pytorch-graphs/rez_net_tosa.dot,362,0.5,0.5,1.0,0.3,0,9381.973154962327,32954.58618919284,3.5125432193080255,32954.58618919284,None,16014.869057456972,0.0,18629.163527484416,1.9856338554572661,18629.163527484416,optimize_random_heur,18629.163527484412,0.2959766387939453,18629.163527484416,1.9856338554572661,18629.163527484416,optimize_single_point_heur,18629.163527484412,0.14229035377502441,18629.163527484416,1.9856338554572661,18629.163527484416,optimize_single_point_heur,18629.163527484412,0.1360161304473877,18629.163527484416,1.9856338554572661,18629.163527484416,optimize_single_point_heur,18629.163527484412,1.511815071105957,18629.163527484416,1.9856338554572661,18629.163527484416,optimize_single_point_heur,18629.163527484412,7.739752531051636,18629.163527484416,1.9856338554572661,18629.163527484416,optimize_single_point_heur,18629.163527484412,7.546069383621216,18629.163527484416,1.9856338554572661,18629.163527484416,optimize_single_point_heur,18629.163527484412,3.957838773727417
2026-04-11 21:06:30,config_resnet_spt_area_0.3_hw_0.3_seed_2,inputs/task_graph_topology/soda-benchmark-graphs/pytorch-graphs/rez_net_tosa.dot,362,0.3,0.5,1.0,0.3,2,5536.746531470723,33388.16034469398,6.030285142170865,33388.16034469398,None,16450.91895312212,0.0,18454.090264956147,3.3330206033567866,18454.090264956147,optimize_random_heur,18454.09026495615,0.31313061714172363,18454.090264956147,3.3330206033567866,18454.090264956147,optimize_single_point_heur,18454.09026495615,0.14252305030822754,18454.090264956147,3.3330206033567866,18454.090264956147,optimize_single_point_heur,18454.09026495615,0.13733458518981934,18454.090264956147,3.3330206033567866,18454.090264956147,optimize_single_point_heur,18454.09026495615,1.5360915660858154,18454.090264956147,3.3330206033567866,18454.090264956147,optimize_single_point_heur,18454.09026495615,7.788793087005615,18454.090264956147,3.3330206033567866,18454.090264956147,optimize_single_point_heur,18454.09026495615,7.6106438636779785,18454.090264956147,3.3330206033567866,18454.090264956147,optimize_single_point_heur,18454.09026495615,3.977095365524292
2026-04-11 21:06:31,config_resnet_spt_area_0.3_hw_0.3_seed_0,inputs/task_graph_topology/soda-benchmark-graphs/pytorch-graphs/rez_net_tosa.dot,362,0.3,0.5,1.0,0.3,0,5645.584530124685,31703.030869348593,5.615544448972836,31703.030869348593,None,15719.515256425895,0.0,18629.163527484416,3.299775856349277,18629.163527484416,optimize_random_heur,18629.163527484412,0.313570499420166,18629.163527484416,3.299775856349277,18629.163527484416,optimize_single_point_heur,18629.163527484412,0.14635920524597168,18629.163527484416,3.299775856349277,18629.163527484416,optimize_single_point_heur,18629.163527484412,0.1404726505279541,18629.163527484416,3.299775856349277,18629.163527484416,optimize_single_point_heur,18629.163527484412,1.5726649761199951,18629.163527484416,3.299775856349277,18629.163527484416,optimize_single_point_heur,18629.163527484412,7.8764495849609375,18629.163527484416,3.299775856349277,18629.163527484416,optimize_single_point_heur,18629.163527484412,7.65934681892395,18629.163527484416,3.299775856349277,18629.163527484416,optimize_single_point_heur,18629.163527484412,4.033659934997559
2026-04-11 21:06:31,config_resnet_spt_area_0.3_hw_0.3_seed_1,inputs/task_graph_topology/soda-benchmark-graphs/pytorch-graphs/rez_net_tosa.dot,362,0.3,0.5,1.0,0.3,1,5622.466111130952,31517.355666718347,5.605610606406779,31517.355666718347,None,15681.71819522943,0.0,18102.043045460247,3.2195913123643605,18102.043045460247,optimize_random_heur,18102.043045460232,0.3007025718688965,18102.043045460247,3.2195913123643605,18102.043045460247,optimize_single_point_heur,18102.043045460232,0.1419539451599121,18102.043045460247,3.2195913123643605,18102.043045460247,optimize_single_point_heur,18102.043045460232,0.13631296157836914,18102.043045460247,3.2195913123643605,18102.043045460247,optimize_single_point_heur,18102.043045460232,1.525743007659912,18102.043045460247,3.2195913123643605,18102.043045460247,optimize_single_point_heur,18102.043045460232,7.876647472381592,18102.043045460247,3.2195913123643605,18102.043045460247,optimize_single_point_heur,18102.043045460232,7.674710273742676,18102.043045460247,3.2195913123643605,18102.043045460247,optimize_single_point_heur,18102.043045460232,4.019773244857788
2026-04-11 21:06:35,config_resnet_spt_area_0.1_hw_0.9_seed_2,inputs/task_graph_topology/soda-benchmark-graphs/pytorch-graphs/rez_net_tosa.dot,362,0.9,0.5,1.0,0.1,2,14094.642937542387,30044.246773585466,2.1316075126358704,30044.246773585466,None,18950.05205905659,0.0,18454.090264956147,1.309298174258957,18454.090264956147,optimize_random_heur,18454.09026495615,0.3544752597808838,18454.090264956147,1.309298174258957,18454.090264956147,optimize_single_point_heur,18454.09026495615,0.1900022029876709,18454.090264956147,1.309298174258957,18454.090264956147,optimize_single_point_heur,18454.09026495615,0.1770315170288086,18454.090264956147,1.309298174258957,18454.090264956147,optimize_single_point_heur,18454.09026495615,1.774193286895752,18454.090264956147,1.309298174258957,18454.090264956147,optimize_single_point_heur,18454.09026495615,8.766927242279053,18454.090264956147,1.309298174258957,18454.090264956147,optimize_single_point_heur,18454.09026495615,8.558348655700684,18454.090264956147,1.309298174258957,18454.090264956147,optimize_single_point_heur,18454.09026495615,3.3758246898651123
2026-04-11 21:06:33,config_resnet_spt_area_0.3_hw_0.1_seed_2,inputs/task_graph_topology/soda-benchmark-graphs/pytorch-graphs/rez_net_tosa.dot,362,0.1,0.5,1.0,0.3,2,1846.5155104902412,32111.837720984884,17.39050527252779,32111.837720984884,None,15818.768697244772,0.0,18454.090264956147,9.99400771892605,18454.090264956147,optimize_random_heur,18454.09026495615,0.32755351066589355,18454.090264956147,9.99400771892605,18454.090264956147,optimize_single_point_heur,18454.09026495615,0.15607857704162598,18454.090264956147,9.99400771892605,18454.090264956147,optimize_single_point_heur,18454.09026495615,0.1543290615081787,18454.090264956147,9.99400771892605,18454.090264956147,optimize_single_point_heur,18454.09026495615,1.5714280605316162,18454.090264956147,9.99400771892605,18454.090264956147,optimize_single_point_heur,18454.09026495615,8.241831541061401,18454.090264956147,9.99400771892605,18454.090264956147,optimize_single_point_heur,18454.09026495615,8.192914485931396,18454.090264956147,9.99400771892605,18454.090264956147,optimize_single_point_heur,18454.09026495615,4.110231637954712
2026-04-11 21:06:33,config_resnet_spt_area_0.3_hw_0.1_seed_1,inputs/task_graph_topology/soda-benchmark-graphs/pytorch-graphs/rez_net_tosa.dot,362,0.1,0.5,1.0,0.3,1,1874.8056238208103,28333.64032568435,15.112841547776592,28333.64032568435,None,14076.159911919527,0.0,18102.043045460247,9.655423909263032,18102.043045460247,optimize_random_heur,18102.043045460232,0.33754563331604004,18102.043045460247,9.655423909263032,18102.043045460247,optimize_single_point_heur,18102.043045460232,0.159041166305542,18102.043045460247,9.655423909263032,18102.043045460247,optimize_single_point_heur,18102.043045460232,0.15479207038879395,18102.043045460247,9.655423909263032,18102.043045460247,optimize_single_point_heur,18102.043045460232,1.5793354511260986,18102.043045460247,9.655423909263032,18102.043045460247,optimize_single_point_heur,18102.043045460232,8.373568296432495,18102.043045460247,9.655423909263032,18102.043045460247,optimize_single_point_heur,18102.043045460232,8.365351438522339,18102.043045460247,9.655423909263032,18102.043045460247,optimize_single_point_heur,18102.043045460232,4.162368297576904
2026-04-11 21:06:34,config_resnet_spt_area_0.3_hw_0.1_seed_3,inputs/task_graph_topology/soda-benchmark-graphs/pytorch-graphs/rez_net_tosa.dot,362,0.1,0.5,1.0,0.3,3,1846.6107811863385,30977.128668229823,16.775126076286007,30977.128668229823,None,13834.270935187711,0.0,18488.643341502553,10.012203724720317,18488.643341502553,optimize_random_heur,18488.64334150255,0.3297450542449951,18488.643341502553,10.012203724720317,18488.643341502553,optimize_single_point_heur,18488.64334150255,0.1592574119567871,18488.643341502553,10.012203724720317,18488.643341502553,optimize_single_point_heur,18488.64334150255,0.15490484237670898,18488.643341502553,10.012203724720317,18488.643341502553,optimize_single_point_heur,18488.64334150255,1.5980422496795654,18488.643341502553,10.012203724720317,18488.643341502553,optimize_single_point_heur,18488.64334150255,8.536384582519531,18488.643341502553,10.012203724720317,18488.643341502553,optimize_single_point_heur,18488.64334150255,8.507184505462646,18488.643341502553,10.012203724720317,18488.643341502553,optimize_single_point_heur,18488.64334150255,4.188344717025757
2026-04-11 21:06:34,config_resnet_spt_area_0.1_hw_0.9_seed_3,inputs/task_graph_topology/soda-benchmark-graphs/pytorch-graphs/rez_net_tosa.dot,362,0.9,0.5,1.0,0.1,3,14011.823640372608,29666.156077918105,2.117223056707643,29666.156077918105,None,19120.97454822864,0.0,18488.643341502553,1.3195030008963842,18488.643341502553,optimize_random_heur,18488.64334150255,0.3764472007751465,18488.643341502553,1.3195030008963842,18488.643341502553,optimize_single_point_heur,18488.64334150255,0.1621689796447754,18488.643341502553,1.3195030008963842,18488.643341502553,optimize_single_point_heur,18488.64334150255,0.15677547454833984,18488.643341502553,1.3195030008963842,18488.643341502553,optimize_single_point_heur,18488.64334150255,1.6575679779052734,18488.643341502553,1.3195030008963842,18488.643341502553,optimize_single_point_heur,18488.64334150255,8.613773822784424,18488.643341502553,1.3195030008963842,18488.643341502553,optimize_single_point_heur,18488.64334150255,8.724077224731445,18488.643341502553,1.3195030008963842,18488.643341502553,optimize_single_point_heur,18488.64334150255,4.227929353713989
2026-04-11 21:06:34,config_resnet_spt_area_0.3_hw_0.1_seed_0,inputs/task_graph_topology/soda-benchmark-graphs/pytorch-graphs/rez_net_tosa.dot,362,0.1,0.5,1.0,0.3,0,1882.4107899820458,29278.769660373073,15.553868377822212,29278.769660373073,None,14729.48537399896,0.0,18629.163527484416,9.896438984852026,18629.163527484416,optimize_random_heur,18629.163527484412,0.36652278900146484,18629.163527484416,9.896438984852026,18629.163527484416,optimize_single_point_heur,18629.163527484412,0.1644890308380127,18629.163527484416,9.896438984852026,18629.163527484416,optimize_single_point_heur,18629.163527484412,0.16222310066223145,18629.163527484416,9.896438984852026,18629.163527484416,optimize_single_point_heur,18629.163527484412,1.6735920906066895,18629.163527484416,9.896438984852026,18629.163527484416,optimize_single_point_heur,18629.163527484412,8.817288875579834,18629.163527484416,9.896438984852026,18629.163527484416,optimize_single_point_heur,18629.163527484412,8.943688869476318,18629.163527484416,9.896438984852026,18629.163527484416,optimize_single_point_heur,18629.163527484412,4.159242630004883
2026-04-11 21:08:05,config_resnet_spt_area_0.5_hw_0.1_seed_0,inputs/task_graph_topology/soda-benchmark-graphs/pytorch-graphs/rez_net_tosa.dot,362,0.1,0.5,1.0,0.5,0,1882.4107899820458,27460.79287667553,14.588097891713343,27460.79287667553,None,11587.059727014797,0.0,10685.51094935415,5.6765032405366025,30882.74043926404,optimize_random_heur,15255.845689945949,1.080357313156128,10141.363942253935,5.387434026741135,30457.7332625311,optimize_single_point_heur,14813.632661839652,1.7277247905731201,10793.838952781258,5.734050723797758,30334.945979546264,optimize_single_point_heur,15108.21545786254,1.7333393096923828,9085.169177225362,4.8263478012214405,30213.401833136973,optimize_single_point_heur,13791.921562767857,31.752804040908813,10078.309369345752,5.353937314310591,29645.61968773967,optimize_single_point_heur,14475.473307614753,28.394979238510132,9813.911462452592,5.213480242825317,28221.325754390433,optimize_single_point_heur,14607.996691242182,27.534170150756836,4829.1200557927705,2.5653911895813293,26068.233427017996,optimize_single_point_heur,10097.515663236956,24.968717336654663
2026-04-11 21:08:11,config_resnet_spt_area_0.5_hw_0.1_seed_1,inputs/task_graph_topology/soda-benchmark-graphs/pytorch-graphs/rez_net_tosa.dot,362,0.1,0.5,1.0,0.5,1,1874.8056238208103,27113.191723150983,14.461868141772975,27113.191723150983,None,11017.069067565142,0.0,11187.16804690049,5.967108218985017,32368.35228666192,optimize_random_heur,15557.890593446882,1.1194088459014893,10941.265006412326,5.835946333526716,34262.61367204187,optimize_single_point_heur,15300.342001852705,1.8718128204345703,11019.860967054907,5.877868525162991,31960.69109106832,optimize_single_point_heur,14752.56566396807,1.7064638137817383,8708.286590709668,4.644901039374088,29588.451594757218,optimize_single_point_heur,12396.17500863769,32.75937485694885,10069.323865273745,5.3708628443052655,30660.16683210862,optimize_single_point_heur,14368.497777585912,29.721320152282715,9665.031675475871,5.155217987760652,31258.810935255246,optimize_single_point_heur,13681.16422198971,29.141531944274902,5182.212247535387,2.7641330822200967,28245.98965461872,optimize_single_point_heur,10208.060854599322,26.62466025352478
2026-04-11 21:08:14,config_resnet_spt_area_0.5_hw_0.1_seed_2,inputs/task_graph_topology/soda-benchmark-graphs/pytorch-graphs/rez_net_tosa.dot,362,0.1,0.5,1.0,0.5,2,1846.5155104902412,27979.03137391439,15.152340294442524,27979.03137391439,None,11674.558388400726,0.0,10880.07795813032,5.892221265578056,31044.478552656914,optimize_random_heur,15725.747870984656,1.1822831630706787,10955.943907243942,5.933307272536903,31554.33762949187,optimize_single_point_heur,15699.066363258939,1.8426451683044434,10158.306110890908,5.501338089596618,29591.985792597836,optimize_single_point_heur,14472.540311616835,1.8588335514068604,9206.897223168324,4.986092546129729,29546.44614107301,optimize_single_point_heur,13425.253425576013,34.33455228805542,9652.589775690252,5.227462060758718,30594.763119695697,optimize_single_point_heur,14068.860777415915,29.8575336933136,9049.778682114598,4.901003338830295,30928.448719141874,optimize_single_point_heur,13611.560393282833,30.165561199188232,4646.812914917537,2.51653067007481,26563.84384468918,optimize_single_point_heur,10200.525305112964,28.0853853225708
2026-04-11 21:08:15,config_resnet_spt_area_0.5_hw_0.1_seed_3,inputs/task_graph_topology/soda-benchmark-graphs/pytorch-graphs/rez_net_tosa.dot,362,0.1,0.5,1.0,0.5,3,1846.6107811863385,26567.67638350603,14.387263766779194,26567.67638350603,None,11517.116134973032,0.0,9448.361415484263,5.116596042731998,29742.785363489133,optimize_random_heur,14528.126232621158,1.1323630809783936,9858.559968216137,5.338731945387319,31999.97960485519,optimize_single_point_heur,14716.717601281343,1.8481881618499756,10297.918345932021,5.576658844868335,32310.265727859354,optimize_single_point_heur,14774.986650410734,1.8489902019500732,7325.5172874751015,3.967006670874568,28182.506008250915,optimize_single_point_heur,12522.7484268845,34.14583706855774,9284.222661410373,5.027709550924319,31584.899667641206,optimize_single_point_heur,14151.703345436212,29.59812879562378,9433.568782995748,5.108585349499171,30316.23738864339,optimize_single_point_heur,14146.072722136192,30.072171449661255,4238.571243925042,2.295324649410966,25660.549301973424,optimize_single_point_heur,9877.383928249792,28.85934591293335
2026-04-11 21:08:15,config_resnet_spt_area_0.5_hw_0.3_seed_0,inputs/task_graph_topology/soda-benchmark-graphs/pytorch-graphs/rez_net_tosa.dot,362,0.3,0.5,1.0,0.5,0,5645.584530124685,29950.51865482486,5.30512270164581,29950.51865482486,None,12482.769060606744,0.0,11464.234117848273,2.0306549404539833,32484.098134284428,optimize_random_heur,15765.959303961386,1.1591997146606445,10751.478352335898,1.90440481317148,32127.263241837663,optimize_single_point_heur,15349.537562982943,1.8312768936157227,11585.891583412122,2.05220407587383,32368.41676507977,optimize_single_point_heur,15844.495876412058,1.839977502822876,8957.07230747524,1.5865624293960257,30646.70145330646,optimize_single_point_heur,14109.90911703713,34.12551832199097,10268.212548968826,1.8188041458201403,32161.959479165307,optimize_single_point_heur,14769.506776845097,30.267926931381226,10543.284662662198,1.867527552975873,34187.06145758861,optimize_single_point_heur,15138.789294923252,30.28152847290039,4990.080361522325,0.8838908238633912,26899.54427920772,optimize_single_point_heur,10688.641590615423,28.835556507110596
2026-04-11 21:08:16,config_resnet_spt_area_0.5_hw_0.3_seed_1,inputs/task_graph_topology/soda-benchmark-graphs/pytorch-graphs/rez_net_tosa.dot,362,0.3,0.5,1.0,0.5,1,5622.466111130952,29946.635509545336,5.32624562205171,29946.635509545336,None,12426.524697825997,0.0,12004.76912908657,2.1351429945163023,34060.00143750021,optimize_random_heur,16311.192284466884,1.133234977722168,11803.577970658316,2.0993595581288513,36134.26891600336,optimize_single_point_heur,16177.764988527468,1.9354355335235596,11818.215815057602,2.1019630143542796,33731.24211261004,optimize_single_point_heur,15523.083770156656,1.7727775573730469,9315.551430618567,1.6568443893643594,30683.135108410443,optimize_single_point_heur,13922.058727194935,34.87221431732178,10880.668386458477,1.9352128001123414,32662.392760654628,optimize_single_point_heur,14852.128895740021,30.75355815887451,10851.268843369573,1.9299838591978375,33303.48372497046,optimize_single_point_heur,15026.309962566724,30.169814825057983,6273.403317209986,1.1157743227283052,27486.418343299792,optimize_single_point_heur,10792.446600646663,28.7255220413208
2026-04-11 21:08:59,config_resnet_spt_area_0.5_hw_0.3_seed_2,inputs/task_graph_topology/soda-benchmark-graphs/pytorch-graphs/rez_net_tosa.dot,362,0.3,0.5,1.0,0.5,2,5536.746531470723,30964.714201155806,5.592582941110484,30964.714201155806,None,13029.629508549911,0.0,11396.682347307273,2.058371695819707,32533.16991534943,optimize_random_heur,16255.814303589279,1.1201684474945068,11769.947152491273,2.125787605697895,33426.885268781094,optimize_single_point_heur,15725.35651032827,1.748223066329956,10806.207255983956,1.9517251141192313,31285.389628105957,optimize_single_point_heur,15126.866683188526,1.7511355876922607,10357.30582844942,1.8706483617371255,32178.022590163357,optimize_single_point_heur,14330.299373661548,32.19727110862732,10359.811041134204,1.8711008319144298,32155.06200170636,optimize_single_point_heur,15108.19558570508,28.07220435142517,10612.846465443181,1.9168019350569938,32684.299718944018,optimize_single_point_heur,14812.446241023586,27.983052015304565,6024.766866328744,1.0881420762326983,28308.00971859248,optimize_single_point_heur,11160.7978052146,29.8548104763031
2026-04-11 21:09:00,config_resnet_spt_area_0.5_hw_0.5_seed_2,inputs/task_graph_topology/soda-benchmark-graphs/pytorch-graphs/rez_net_tosa.dot,362,0.5,0.5,1.0,0.5,2,9115.752422925836,34097.205846697754,3.74047080973199,34097.205846697754,None,15266.56878962643,0.0,11913.28673648423,1.3068901154580155,34021.86127804195,optimize_random_heur,16913.88264618663,1.1139979362487793,12586.006811518042,1.3806876522737304,35753.556920708776,optimize_single_point_heur,17109.775972693547,1.7493736743927002,11517.549428140734,1.2634776476788083,32978.79346361408,optimize_single_point_heur,15844.341755025123,1.7695932388305664,11527.19195090184,1.2645354344981232,33081.769959241195,optimize_single_point_heur,16016.409269701355,32.457608222961426,11396.943576196292,1.2502471597992648,33843.21504128393,optimize_single_point_heur,15200.23640452293,29.179465293884277,11373.68233816027,1.2476953969872866,34831.33320119058,optimize_single_point_heur,15597.436178567385,28.698089838027954,6936.9876871902225,0.7609890402183271,30784.209526446986,optimize_single_point_heur,11224.831555179007,28.509775638580322
2026-04-11 21:09:00,config_resnet_spt_area_0.5_hw_0.7_seed_0,inputs/task_graph_topology/soda-benchmark-graphs/pytorch-graphs/rez_net_tosa.dot,362,0.7,0.5,1.0,0.5,0,12435.19119187881,34702.25387872414,2.7906490011498604,34702.25387872414,None,15822.687625101415,0.0,12994.721811392594,1.0449957391792417,36298.02677769082,optimize_random_heur,17263.238740248864,1.0878033638000488,11975.569851050805,0.9630386590977246,35466.42012411169,optimize_single_point_heur,16509.850700844352,1.7403345108032227,12861.589910689228,1.034289679364873,35350.856659191784,optimize_single_point_heur,17230.386288513222,1.7505335807800293,11184.42464845559,0.8994171843340798,37199.90707653447,optimize_single_point_heur,16071.120363230939,31.75371766090393,11448.263739868098,0.9206343162093675,35241.92618042752,optimize_single_point_heur,15312.77464546313,29.710099458694458,11565.52701337559,0.9300642696132262,33686.422017455065,optimize_single_point_heur,15545.482845311366,29.203118801116943,7341.94873286576,0.5904170365840976,31031.765107346146,optimize_single_point_heur,11469.47785609283,28.787965059280396
2026-04-11 21:09:01,config_resnet_spt_area_0.5_hw_0.5_seed_3,inputs/task_graph_topology/soda-benchmark-graphs/pytorch-graphs/rez_net_tosa.dot,362,0.5,0.5,1.0,0.5,3,9188.226125548912,32424.118717552396,3.5288768772672485,32424.118717552396,None,13016.520934695362,0.0,10844.904996467603,1.1803045384693034,33036.505228229,optimize_random_heur,15848.951249194302,1.0605666637420654,11437.291296937117,1.2447768634181111,35647.78464597222,optimize_single_point_heur,16348.254622414623,1.7413320541381836,11788.404721807136,1.2829902704536331,34649.45285638096,optimize_single_point_heur,16034.968185023197,1.7520902156829834,11011.374512043272,1.1984222375007607,33861.96426594411,optimize_single_point_heur,15378.796628509554,32.221186876297,11087.769591194723,1.2067366910315707,35398.43595582497,optimize_single_point_heur,14702.380238924345,29.252002000808716,10696.814126323066,1.164187078132454,33093.79346416634,optimize_single_point_heur,15289.968840007541,29.24241614341736,6765.210503635815,0.7362912504759079,29822.536444733585,optimize_single_point_heur,12120.616204287526,29.70792245864868
2026-04-11 21:09:01,config_resnet_spt_area_0.5_hw_0.5_seed_0,inputs/task_graph_topology/soda-benchmark-graphs/pytorch-graphs/rez_net_tosa.dot,362,0.5,0.5,1.0,0.5,0,9381.973154962327,30863.422695927544,3.2896515675493294,30863.422695927544,None,13872.544659108831,0.0,12229.477964620435,1.3035080960716672,34391.062455987616,optimize_random_heur,16513.404459276477,1.08603835105896,11361.64122424831,1.2110076458957777,33796.84168297467,optimize_single_point_heur,15912.31460755316,1.7475395202636719,12227.870979135447,1.3033368116884734,33604.29539922397,optimize_single_point_heur,16596.66735695943,1.7605082988739014,10913.415706801672,1.1632324593712287,33366.030430382954,optimize_single_point_heur,16498.082262709304,32.216240882873535,11044.223742655438,1.1771749460628025,33246.23908825441,optimize_single_point_heur,15477.257389003606,29.566587448120117,10882.2567426221,1.1599113068092974,33368.16183896615,optimize_single_point_heur,15536.226459198399,29.005454301834106,6591.592029453798,0.7025805681363908,29914.94771131571,optimize_single_point_heur,11078.527546063802,29.944883108139038
2026-04-11 21:09:03,config_resnet_spt_area_0.5_hw_0.3_seed_3,inputs/task_graph_topology/soda-benchmark-graphs/pytorch-graphs/rez_net_tosa.dot,362,0.3,0.5,1.0,0.5,3,5537.632343559011,29460.52519813148,5.320057990559434,29460.52519813148,None,12310.136914189143,0.0,10146.633205975935,1.8323053204819193,31389.645295859078,optimize_random_heur,15188.53874090773,1.050445556640625,10647.925632576627,1.9228300060334547,33823.88212541372,optimize_single_point_heur,15602.851960847524,1.7009341716766357,11035.320972211015,1.9927868604434409,32678.117711612995,optimize_single_point_heur,15273.376260066281,1.7091565132141113,9280.95466918014,1.6759788468035626,29153.79234332028,optimize_single_point_heur,13765.902257822458,31.395820379257202,10404.447775136901,1.8788621435366022,33853.77076047235,optimize_single_point_heur,14908.817689502173,28.784650087356567,9986.45439699628,1.8033798160348853,33589.16266975035,optimize_single_point_heur,15015.884952672983,28.255655527114868,5144.468207637844,0.9290014014060597,29782.663377420922,optimize_single_point_heur,11102.251904145645,24.861891746520996
2026-04-11 21:09:05,config_resnet_spt_area_0.5_hw_0.5_seed_1,inputs/task_graph_topology/soda-benchmark-graphs/pytorch-graphs/rez_net_tosa.dot,362,0.5,0.5,1.0,0.5,1,9327.408457009906,32534.739359572068,3.488079192577973,32534.739359572068,None,13667.741189033008,0.0,12822.37021127266,1.3746980493425434,35751.650588338496,optimize_random_heur,17084.774742611273,1.0910589694976807,12628.808282843653,1.3539460977880322,35312.58209152965,optimize_single_point_heur,16643.8383285901,1.8763160705566406,12616.570663060294,1.3526340913674104,35501.79313415175,optimize_single_point_heur,16293.60187634524,1.7141330242156982,10611.958638067625,1.1377178009281164,33748.77219173704,optimize_single_point_heur,14465.79003524997,33.51587533950806,11897.41084509808,1.2755323088865824,33008.491322955,optimize_single_point_heur,15779.57794240213,30.922956466674805,11739.410840758574,1.2585929837709589,35421.09013106459,optimize_single_point_heur,15483.599025114141,29.99708104133606,7376.713231620102,0.7908641790074304,30068.298244174104,optimize_single_point_heur,11581.368720868408,30.014439582824707
2026-04-11 21:09:16,config_resnet_spt_area_0.5_hw_0.9_seed_2,inputs/task_graph_topology/soda-benchmark-graphs/pytorch-graphs/rez_net_tosa.dot,362,0.9,0.5,1.0,0.5,2,14094.642937542387,37719.6906288079,2.676172131210079,37719.6906288079,None,17444.57228819261,0.0,13034.035501012053,0.9247510248233882,36999.244003427004,optimize_random_heur,17958.675833864516,1.1925463676452637,13996.148679374766,0.9930119366198862,41525.36728271283,optimize_single_point_heur,18780.462765477852,1.8891291618347168,12940.233772454287,0.9180958914529701,36365.60113463035,optimize_single_point_heur,17268.276873012597,1.89939546585083,12403.443924193996,0.8800112198058082,37320.36187009629,optimize_single_point_heur,16704.660599731636,36.178290128707886,13074.939347600248,0.9276531094501115,41129.82425535691,optimize_single_point_heur,17312.666295406554,31.904700756072998,12690.647639330913,0.9003880194458986,37558.91584449422,optimize_single_point_heur,16544.15399192987,30.635135650634766,8120.822710969331,0.5761637770431749,35600.32391891975,optimize_single_point_heur,12226.798300974711,34.09841465950012
2026-04-11 21:09:20,config_resnet_spt_area_0.5_hw_0.9_seed_3,inputs/task_graph_topology/soda-benchmark-graphs/pytorch-graphs/rez_net_tosa.dot,362,0.9,0.5,1.0,0.5,3,14011.823640372608,39768.56136935882,2.838214524394433,39768.56136935882,None,18351.96141192096,0.0,12241.44857745095,0.8736513455806971,36330.225092968874,optimize_random_heur,17169.776265767443,1.1524438858032227,12989.564737537037,0.9270431223605962,39240.37190406909,optimize_single_point_heur,17746.478526568597,1.902104377746582,13022.924016495921,0.9294239173102817,38428.07936304594,optimize_single_point_heur,17698.852947541454,1.8906335830688477,11657.045757998221,0.831943511222229,39087.40280164121,optimize_single_point_heur,15819.44734310869,36.064027309417725,12348.419075496626,0.881285647923574,37784.17519133897,optimize_single_point_heur,16855.815447770492,32.2453818321228,12130.360832484579,0.8657232023341398,38267.92256129581,optimize_single_point_heur,16453.93783356839,31.21325159072876,8011.453895887611,0.5717638261449434,32920.647506046495,optimize_single_point_heur,13373.971577225591,36.609742403030396
2026-04-11 21:09:21,config_resnet_spt_area_0.7_hw_0.5_seed_0,inputs/task_graph_topology/soda-benchmark-graphs/pytorch-graphs/rez_net_tosa.dot,362,0.5,0.5,1.0,0.7,0,9381.973154962327,26063.3385816713,2.7780231462169387,26063.3385816713,None,10676.696182266232,0.0,12067.923158169548,1.2862883914549004,35237.77163276393,optimize_random_heur,16496.161187002534,1.7815322875976562,11361.64122424831,1.2110076458957777,33796.84168297467,optimize_single_point_heur,15912.31460755316,3.1190876960754395,11807.652920578017,1.2585468670130118,34732.122974923754,optimize_single_point_heur,16315.416072790218,3.0762600898742676,11589.166722658876,1.2352589941625571,35109.61638227455,optimize_single_point_heur,16734.385137181922,31.543435096740723,10922.84253637316,1.1642372404994397,34399.00558470073,optimize_single_point_heur,15196.25305241907,40.01991558074951,10314.011152524225,1.0993434943979692,33217.669751527304,optimize_single_point_heur,15595.503928675034,39.79920840263367,5555.322036032409,0.5921272576967544,25888.455927687646,optimize_single_point_heur,8757.428795987084,24.95266890525818
2026-04-11 21:09:21,config_resnet_spt_area_0.5_hw_0.7_seed_3,inputs/task_graph_topology/soda-benchmark-graphs/pytorch-graphs/rez_net_tosa.dot,362,0.7,0.5,1.0,0.5,3,12131.938308362962,36550.49070712838,3.0127494698792585,36550.49070712838,None,15616.096492915001,0.0,11543.176786959282,0.9514701190824696,34683.365160598936,optimize_random_heur,16509.363757480874,1.2377111911773682,12230.89393585145,1.008156621388379,37471.687166530784,optimize_single_point_heur,17131.44684767175,1.9958739280700684,12413.16454475911,1.0231806517019866,36804.80539336975,optimize_single_point_heur,17103.8978470159,1.9556610584259033,9848.947931673063,0.8118198165320248,34148.97323421677,optimize_single_point_heur,14150.669378772573,36.24747085571289,11776.108699987619,0.970670011721865,35415.30096157079,optimize_single_point_heur,16997.957164831918,33.360846519470215,11262.918848087731,0.9283692812980935,35566.55177163972,optimize_single_point_heur,16631.937297642067,33.01642990112305,7058.41863956002,0.5818046927171077,31990.005839082834,optimize_single_point_heur,11427.298939063236,34.78466057777405
2026-04-11 21:09:24,config_resnet_spt_area_0.7_hw_0.7_seed_0,inputs/task_graph_topology/soda-benchmark-graphs/pytorch-graphs/rez_net_tosa.dot,362,0.7,0.5,1.0,0.7,0,12435.19119187881,29612.24258448373,2.381325878111382,29612.24258448373,None,13200.163916180765,0.0,12828.896621489228,1.0316605851518825,38143.28568244269,optimize_random_heur,16238.837643544724,1.7815780639648438,11975.569851050805,0.9630386590977246,35466.42012411169,optimize_single_point_heur,16509.850700844352,3.1099531650543213,12580.60930518822,1.0116940794126574,36732.565013364765,optimize_single_point_heur,17025.47861450813,3.0553040504455566,12520.34992135977,1.0068482042750235,37067.49186045536,optimize_single_point_heur,16880.14291245726,30.830557823181152,11728.29567466024,0.9431536269679367,35476.45584569846,optimize_single_point_heur,15377.864880941308,40.05343246459961,11249.375998002522,0.9046403729883364,36224.54901736438,optimize_single_point_heur,15734.802179520893,39.733232736587524,6871.344411172047,0.5525724779896906,28624.062365328988,optimize_single_point_heur,10185.779948133411,28.560340881347656
2026-04-11 21:09:25,config_resnet_spt_area_0.7_hw_0.5_seed_3,inputs/task_graph_topology/soda-benchmark-graphs/pytorch-graphs/rez_net_tosa.dot,362,0.5,0.5,1.0,0.7,3,9188.226125548912,26580.97339605438,2.892938531643551,26580.97339605438,None,10299.700188035216,0.0,10844.904996467603,1.1803045384693034,33036.505228229,optimize_random_heur,15848.951249194302,1.78519868850708,10706.473976388395,1.1652384072936366,34084.6614611808,optimize_single_point_heur,15207.510976622549,3.1183362007141113,11594.460725647317,1.2618823880931267,35475.59625127214,optimize_single_point_heur,16065.898861748496,3.0604450702667236,11067.400235037449,1.2045197934629925,35005.14725591967,optimize_single_point_heur,15114.71801256121,31.67522621154785,10454.057081181063,1.1377666307223724,33672.75147310511,optimize_single_point_heur,14236.328486733266,40.29566311836243,10591.44114271204,1.1527188162317128,34113.79858519437,optimize_single_point_heur,15509.82187807811,39.939566135406494,5779.147668614289,0.6289731651841598,28485.477197240576,optimize_single_point_heur,9764.98462458646,28.072470903396606
2026-04-11 21:09:25,config_resnet_spt_area_0.5_hw_0.7_seed_1,inputs/task_graph_topology/soda-benchmark-graphs/pytorch-graphs/rez_net_tosa.dot,362,0.7,0.5,1.0,0.5,1,12416.759025060455,35632.03074750999,2.869672406108123,35632.03074750999,None,16283.776193938776,0.0,13567.282861862685,1.0926589486419245,36261.30073993003,optimize_random_heur,17380.90435748021,1.2247929573059082,13445.67623473425,1.0828651991713099,38258.90468373469,optimize_single_point_heur,16778.295687511163,2.10805606842041,13414.92551106299,1.0803886492431687,37272.344155693485,optimize_single_point_heur,17064.119982533844,1.8867087364196777,12571.585486509013,1.0124691524685367,36358.77676958429,optimize_single_point_heur,16101.562382053266,36.903239011764526,11681.933467618015,0.9408198583898295,37091.2399236261,optimize_single_point_heur,15532.209159357051,34.357616901397705,12229.975191076475,0.9849571185518702,36285.36939307739,optimize_single_point_heur,16076.296606101874,34.19471025466919,7954.882560471693,0.6406569173498929,32444.101514839444,optimize_single_point_heur,11986.241372700937,35.635499715805054
2026-04-11 21:09:25,config_resnet_spt_area_0.5_hw_0.7_seed_2,inputs/task_graph_topology/soda-benchmark-graphs/pytorch-graphs/rez_net_tosa.dot,362,0.7,0.5,1.0,0.5,2,12136.897891641467,36903.984425005045,3.0406438905958306,36903.984425005045,None,16823.938435387186,0.0,12465.926312666126,1.0271097626396986,35510.552640734495,optimize_random_heur,17473.514881644605,1.2924535274505615,13259.40725511405,1.092487336837994,39728.895373000334,optimize_single_point_heur,18026.425980938107,2.0347650051116943,12228.891600297517,1.0075796722916657,34672.197299122236,optimize_single_point_heur,16550.801801176014,2.0002849102020264,11080.273195474467,0.9129411233743109,37595.44813263812,optimize_single_point_heur,16376.676234787716,37.526201009750366,12081.679895143981,0.9954504028137607,35703.35082689162,optimize_single_point_heur,16254.446537251553,34.43553876876831,12474.196496871044,1.027791171042303,35804.2090098841,optimize_single_point_heur,16815.61533096911,33.56483435630798,7993.278904871587,0.6585932399065877,32134.027833112534,optimize_single_point_heur,12585.272017829418,35.811254262924194
2026-04-11 21:09:26,config_resnet_spt_area_0.7_hw_0.5_seed_2,inputs/task_graph_topology/soda-benchmark-graphs/pytorch-graphs/rez_net_tosa.dot,362,0.5,0.5,1.0,0.7,2,9115.752422925836,25971.35411428966,2.849063128236404,25971.35411428966,None,11798.857457379969,0.0,11913.28673648423,1.3068901154580155,34021.86127804195,optimize_random_heur,16913.88264618663,1.8571693897247314,12162.92924247578,1.3342759520197573,33579.38335331288,optimize_single_point_heur,15613.104292382945,3.209110975265503,11517.549428140734,1.2634776476788083,32978.79346361408,optimize_single_point_heur,15844.341755025123,3.133436679840088,12078.105318498461,1.3249707493286456,34941.23821058051,optimize_single_point_heur,16117.972181640072,31.77454423904419,10826.003912623273,1.1876149559959754,34695.66604093,optimize_single_point_heur,14466.987634562545,40.66358256340027,11308.495669824913,1.2405444054606394,33579.03249942817,optimize_single_point_heur,15328.79962066431,40.19758486747742,5909.167893974062,0.6482369879981259,29292.590161107488,optimize_single_point_heur,9942.747036160845,28.155477285385132
2026-04-11 21:09:27,config_resnet_spt_area_0.9_hw_0.1_seed_3,inputs/task_graph_topology/soda-benchmark-graphs/pytorch-graphs/rez_net_tosa.dot,362,0.1,0.5,1.0,0.9,3,1846.6107811863385,7515.125421034424,4.069685662837081,7515.125421034424,None,3173.7253065877135,0.0,9448.361415484263,5.116596042731998,29742.785363489133,optimize_random_heur,14528.126232621158,1.866748571395874,9224.529917219954,4.995383981942171,30682.173939546123,optimize_single_point_heur,12866.856832304373,3.2807488441467285,10072.231737522332,5.4544421813954305,31068.138632113176,optimize_single_point_heur,15140.869606381455,3.2281382083892822,10300.855264297583,5.57824928200619,30547.572602875116,optimize_single_point_heur,14521.497815692808,32.89452075958252,8281.892000546104,4.4849147881750575,28689.98687357691,optimize_single_point_heur,13110.126423732718,41.28526473045349,8396.91701965684,4.547204589730769,27754.73167424051,optimize_single_point_heur,13149.878767135018,41.449201345443726,2441.975332046059,1.3224093333177844,16572.58833064106,optimize_single_point_heur,5910.509098787839,25.492432832717896
2026-04-11 21:09:27,config_resnet_spt_area_0.5_hw_0.9_seed_0,inputs/task_graph_topology/soda-benchmark-graphs/pytorch-graphs/rez_net_tosa.dot,362,0.9,0.5,1.0,0.5,0,14402.616019849005,36614.95985702921,2.542243701183743,36614.95985702921,None,18390.578601541103,0.0,13600.49019722746,0.9443069355236512,39354.325178224084,optimize_random_heur,17916.695972986447,1.233449935913086,12593.339333536975,0.874378607065649,37135.998565248694,optimize_single_point_heur,17107.386794135553,1.9702868461608887,13495.308842243008,0.9370040014705947,37097.41791915962,optimize_single_point_heur,17864.105220066995,1.950526475906372,11964.138477073213,0.8306920395978621,39420.25013548125,optimize_single_point_heur,16244.564944468417,35.66634964942932,12457.92177321159,0.8649763179163196,36044.04738684039,optimize_single_point_heur,17208.55163572573,33.77209448814392,12645.16262880816,0.8779767933395707,37950.23195706323,optimize_single_point_heur,17464.606052234947,32.60803818702698,8584.622991983404,0.5960460919150022,33200.52088072021,optimize_single_point_heur,13284.315795109194,40.831204652786255
2026-04-11 21:09:28,config_resnet_spt_area_0.5_hw_0.9_seed_1,inputs/task_graph_topology/soda-benchmark-graphs/pytorch-graphs/rez_net_tosa.dot,362,0.9,0.5,1.0,0.5,1,14355.374905527202,36957.54140112202,2.5744741356000658,36957.54140112202,None,17716.32466553612,0.0,14297.873063679916,0.9959944033349386,38094.45867982051,optimize_random_heur,18081.96305010028,1.2402286529541016,14206.386263115928,0.9896214035933043,40194.44703386893,optimize_single_point_heur,17541.350312785147,2.1253950595855713,14213.280359065677,0.9901016485186455,39042.89517723519,optimize_single_point_heur,17834.63808872242,1.9043431282043457,12599.87023721288,0.8777109842224736,36626.13887591433,optimize_single_point_heur,16495.110776628822,36.97753691673279,13023.862502856935,0.9072464208400716,38642.24773210295,optimize_single_point_heur,16586.53255032234,34.77337598800659,13374.374754059258,0.9316632161873925,37258.47113321493,optimize_single_point_heur,17429.014392590318,34.83069682121277,9136.516088977403,0.6364526283085509,34713.70478660163,optimize_single_point_heur,12918.23005293838,37.512959003448486
2026-04-11 21:09:29,config_resnet_spt_area_0.9_hw_0.5_seed_0,inputs/task_graph_topology/soda-benchmark-graphs/pytorch-graphs/rez_net_tosa.dot,362,0.5,0.5,1.0,0.9,0,9381.973154962327,15212.665529651147,1.621478262448965,15212.665529651147,None,6630.167585187912,0.0,12067.923158169548,1.2862883914549004,35237.77163276393,optimize_random_heur,16496.161187002534,1.901473045349121,11361.64122424831,1.2110076458957777,33796.84168297467,optimize_single_point_heur,15912.31460755316,3.2921559810638428,11807.652920578017,1.2585468670130118,34732.122974923754,optimize_single_point_heur,16315.416072790218,3.246346950531006,11589.166722658876,1.2352589941625571,35109.61638227455,optimize_single_point_heur,16734.385137181922,33.179895877838135,10922.84253637316,1.1642372404994397,34399.00558470073,optimize_single_point_heur,15196.25305241907,41.69628858566284,10314.011152524225,1.0993434943979692,33217.669751527304,optimize_single_point_heur,15595.503928675034,41.543100357055664,5555.322036032409,0.5921272576967544,25888.455927687646,optimize_single_point_heur,8757.428795987084,26.09084939956665
2026-04-11 21:09:29,config_resnet_spt_area_0.7_hw_0.5_seed_1,inputs/task_graph_topology/soda-benchmark-graphs/pytorch-graphs/rez_net_tosa.dot,362,0.5,0.5,1.0,0.7,1,9327.408457009906,25571.346783296594,2.7415274994287127,25571.346783296594,None,10278.59222601673,0.0,11925.670873851977,1.278562092441591,34483.23549263928,optimize_random_heur,16009.819085219988,1.8636393547058105,12316.2192013615,1.3204331361842945,37185.31066635826,optimize_single_point_heur,16778.15649225258,3.289374351501465,11911.968778215029,1.2770930782239656,34521.13299646004,optimize_single_point_heur,15418.192815170918,3.2249808311462402,12415.848912964168,1.3311145287770882,34692.31883359484,optimize_single_point_heur,15895.98978667902,32.958476066589355,11320.852650850056,1.2137189770371857,34159.03398081883,optimize_single_point_heur,14535.053675105219,41.56579113006592,11402.750938834719,1.2224993674706197,33579.365534135366,optimize_single_point_heur,14867.862194447884,41.45268273353577,6569.789617850974,0.7043531596296209,27745.64832735309,optimize_single_point_heur,10423.059048787629,27.977829217910767
2026-04-11 21:09:30,config_resnet_spt_area_0.9_hw_0.3_seed_3,inputs/task_graph_topology/soda-benchmark-graphs/pytorch-graphs/rez_net_tosa.dot,362,0.3,0.5,1.0,0.9,3,5537.632343559011,11207.965437845001,2.023963445475272,11207.965437845001,None,4602.444046338183,0.0,10146.633205975935,1.8323053204819193,31389.645295859078,optimize_random_heur,15188.53874090773,1.8830912113189697,10010.425395808024,1.8077085611238628,32217.373392114925,optimize_single_point_heur,14529.146509655973,3.3022890090942383,10846.025728371236,1.9586034347308339,32967.64959083881,optimize_single_point_heur,15908.916227677899,3.2722885608673096,10714.662046095094,1.934881440541578,33113.12748153289,optimize_single_point_heur,14933.50758021631,33.31375169754028,9459.66097250265,1.7082500941951246,31913.854702364664,optimize_single_point_heur,13545.919745671077,41.70984745025635,9056.428725230075,1.6354333699606987,32866.305772570944,optimize_single_point_heur,13694.275495995123,41.360190868377686,4341.219030206399,0.7839485832344582,22584.884162321694,optimize_single_point_heur,8176.336879209772,27.721529245376587
2026-04-11 21:09:32,config_resnet_spt_area_0.9_hw_0.1_seed_1,inputs/task_graph_topology/soda-benchmark-graphs/pytorch-graphs/rez_net_tosa.dot,362,0.1,0.5,1.0,0.9,1,1874.8056238208103,8316.417951173325,4.435882763261963,8316.417951173325,None,3193.2512377970806,0.0,10162.622742782207,5.420627404600493,30534.222693964857,optimize_random_heur,14303.352784441298,1.9430444240570068,10469.845518168779,5.584496539343357,30762.608409295204,optimize_single_point_heur,14713.823712771442,3.419311046600342,9641.143810241723,5.142476472090635,30123.235331379547,optimize_single_point_heur,13212.197658551959,3.358152389526367,10093.505601855346,5.383761107610193,30609.394425288327,optimize_single_point_heur,14477.929183365208,34.04242777824402,9048.971447217808,4.826618467666111,29434.22827213098,optimize_single_point_heur,12773.279152953188,43.07397484779358,9356.517015788644,4.990659776622752,29287.251287317922,optimize_single_point_heur,12980.90884477427,42.667295694351196,2623.661500760895,1.3994312089879128,20010.18022935192,optimize_single_point_heur,5498.11975944147,25.3648464679718
2026-04-11 21:09:32,config_resnet_spt_area_0.9_hw_0.1_seed_0,inputs/task_graph_topology/soda-benchmark-graphs/pytorch-graphs/rez_net_tosa.dot,362,0.1,0.5,1.0,0.9,0,1882.4107899820458,9139.430917097421,4.8551734646530535,9139.430917097421,None,3788.592378681266,0.0,10491.883291990618,5.573641708721128,30926.35621625756,optimize_random_heur,14866.34970664417,1.9285831451416016,10141.363942253935,5.387434026741135,30457.7332625311,optimize_single_point_heur,14813.632661839652,3.3686611652374268,10261.788613188048,5.451407667125582,30731.318616722685,optimize_single_point_heur,14895.339451184858,3.3158862590789795,10644.43027339497,5.654679802115082,30909.350231446897,optimize_single_point_heur,15043.730212321103,34.2238495349884,9116.89191596908,4.8431999882746295,29280.75369343572,optimize_single_point_heur,12559.49994034758,42.57534742355347,9250.655081614783,4.9142594862107725,28227.153421402912,optimize_single_point_heur,13631.817170510578,42.45351219177246,3223.4471681304285,1.7124036821745872,20558.08153852207,optimize_single_point_heur,6270.898613914177,26.08955693244934
2026-04-11 21:09:32,config_resnet_spt_area_0.9_hw_0.1_seed_2,inputs/task_graph_topology/soda-benchmark-graphs/pytorch-graphs/rez_net_tosa.dot,362,0.1,0.5,1.0,0.9,2,1846.5155104902412,8054.824237096755,4.362175238353799,8054.824237096755,None,3599.5726349821293,0.0,10374.39520213819,5.618363421915604,32771.65331466757,optimize_random_heur,14537.84036370089,1.9265947341918945,10300.366194401671,5.5782722299835825,29699.94568195124,optimize_single_point_heur,13952.642776559434,3.365689992904663,10158.306110890908,5.501338089596618,29591.985792597836,optimize_single_point_heur,14472.540311616835,3.3309826850891113,10361.266794524952,5.611253593951174,29244.968305200255,optimize_single_point_heur,14564.569875451878,33.92922258377075,9136.949827792441,4.948211794531108,29581.58424324402,optimize_single_point_heur,13228.287084351183,42.571327209472656,8595.65633250237,4.655068578449289,28102.42166327411,optimize_single_point_heur,12395.389513411494,42.36391592025757,2748.8100714773877,1.4886471604820646,22405.91187480948,optimize_single_point_heur,6289.49881818777,26.839839220046997
2026-04-11 21:09:32,config_resnet_spt_area_0.9_hw_0.5_seed_3,inputs/task_graph_topology/soda-benchmark-graphs/pytorch-graphs/rez_net_tosa.dot,362,0.5,0.5,1.0,0.9,3,9188.226125548912,16722.826606265902,1.8200277591956704,16722.826606265902,None,6599.304001455977,0.0,10844.904996467603,1.1803045384693034,33036.505228229,optimize_random_heur,15848.951249194302,1.89579439163208,10706.473976388395,1.1652384072936366,34084.6614611808,optimize_single_point_heur,15207.510976622549,3.308433771133423,11594.460725647317,1.2618823880931267,35475.59625127214,optimize_single_point_heur,16065.898861748496,3.241589069366455,11067.400235037449,1.2045197934629925,35005.14725591967,optimize_single_point_heur,15114.71801256121,33.60658383369446,10454.057081181063,1.1377666307223724,33672.75147310511,optimize_single_point_heur,14236.328486733266,41.730135679244995,10591.44114271204,1.1527188162317128,34113.79858519437,optimize_single_point_heur,15509.82187807811,41.293041944503784,5779.147668614289,0.6289731651841598,28485.477197240576,optimize_single_point_heur,9764.98462458646,29.7597918510437
2026-04-11 21:09:33,config_resnet_spt_area_0.9_hw_0.3_seed_2,inputs/task_graph_topology/soda-benchmark-graphs/pytorch-graphs/rez_net_tosa.dot,362,0.3,0.5,1.0,0.9,2,5536.746531470723,12129.703988174151,2.1907638211771534,12129.703988174151,None,5059.211207998736,0.0,11282.278774041888,2.0377090968339817,34865.77935183252,optimize_random_heur,15471.208577928988,1.9240195751190186,11243.40056080113,2.030687245098531,31793.93147333509,optimize_single_point_heur,14914.174110148057,3.364628314971924,10806.207255983956,1.9517251141192313,31285.389628105957,optimize_single_point_heur,15126.866683188526,3.2940053939819336,11263.195769331649,2.0342624870602144,33372.385034579194,optimize_single_point_heur,15636.486431156276,34.210060596466064,9546.850806546416,1.724270878625627,30832.94204195879,optimize_single_point_heur,13646.410680774354,42.188382148742676,10114.451866120824,1.8267861475381875,31582.902165002142,optimize_single_point_heur,13999.605492437942,41.8770637512207,4952.879904393295,0.8945469828248872,23294.89402909586,optimize_single_point_heur,8265.245717605541,28.15151309967041
2026-04-11 21:09:33,config_resnet_spt_area_0.9_hw_0.7_seed_0,inputs/task_graph_topology/soda-benchmark-graphs/pytorch-graphs/rez_net_tosa.dot,362,0.7,0.5,1.0,0.9,0,12435.19119187881,22171.043759935324,1.7829274530507273,22171.043759935324,None,8698.576294424283,0.0,12828.896621489228,1.0316605851518825,38143.28568244269,optimize_random_heur,16238.837643544724,1.889646291732788,11975.569851050805,0.9630386590977246,35466.42012411169,optimize_single_point_heur,16509.850700844352,3.2895424365997314,12580.60930518822,1.0116940794126574,36732.565013364765,optimize_single_point_heur,17025.47861450813,3.2474629878997803,12520.34992135977,1.0068482042750235,37067.49186045536,optimize_single_point_heur,16880.14291245726,33.584240436553955,11728.29567466024,0.9431536269679367,35476.45584569846,optimize_single_point_heur,15377.864880941308,41.86484122276306,11249.375998002522,0.9046403729883364,36224.54901736438,optimize_single_point_heur,15734.802179520893,41.67357540130615,6871.344411172047,0.5525724779896906,28624.062365328988,optimize_single_point_heur,10185.779948133411,30.136661052703857
2026-04-11 21:09:34,config_resnet_spt_area_0.7_hw_0.9_seed_2,inputs/task_graph_topology/soda-benchmark-graphs/pytorch-graphs/rez_net_tosa.dot,362,0.9,0.5,1.0,0.7,2,14094.642937542387,32337.927988129497,2.2943417673954998,32337.927988129497,None,16015.558622844557,0.0,13034.035501012053,0.9247510248233882,36999.244003427004,optimize_random_heur,17958.675833864516,1.9370503425598145,13812.051392075246,0.979950428916902,37646.62706855897,optimize_single_point_heur,17230.750873135905,3.3696818351745605,12940.233772454287,0.9180958914529701,36365.60113463035,optimize_single_point_heur,17268.276873012597,3.3375847339630127,13535.356740490968,0.9603192362140861,41524.1932646121,optimize_single_point_heur,17094.288576345905,34.16205286979675,12375.985064330696,0.8780630427583316,38921.80081853937,optimize_single_point_heur,17102.989230325104,42.7079656124115,12467.438141400307,0.8845515417912526,36116.7622144872,optimize_single_point_heur,15752.01568509209,42.373433351516724,8129.024052773368,0.5767456535646575,30294.483836414438,optimize_single_point_heur,11570.812765981855,28.935526609420776
2026-04-11 21:09:35,config_resnet_spt_area_0.9_hw_0.3_seed_0,inputs/task_graph_topology/soda-benchmark-graphs/pytorch-graphs/rez_net_tosa.dot,362,0.3,0.5,1.0,0.9,0,5645.584530124685,12203.710247996816,2.1616380346230137,12203.710247996816,None,5019.733409979722,0.0,11279.903225080085,1.9980044873813911,33082.06392451075,optimize_random_heur,15681.255446823348,1.8963749408721924,10751.478352335898,1.90440481317148,32127.263241837663,optimize_single_point_heur,15349.537562982943,3.340963840484619,11034.696535967805,1.9545711302500148,32731.68093648279,optimize_single_point_heur,15605.35353107231,3.2953245639801025,11263.739981650157,1.995141498908952,32739.917080383926,optimize_single_point_heur,15466.804965942414,34.019575119018555,10292.31455379254,1.8230733237405319,32539.496398624342,optimize_single_point_heur,14935.523345813168,42.35854125022888,9936.261663561852,1.7600058258878652,31576.13586831726,optimize_single_point_heur,14347.87774747104,42.02217483520508,5194.743272735977,0.9201426787637257,25108.35737046179,optimize_single_point_heur,9291.657255534968,29.889806270599365
2026-04-11 21:09:35,config_resnet_spt_area_0.7_hw_0.7_seed_1,inputs/task_graph_topology/soda-benchmark-graphs/pytorch-graphs/rez_net_tosa.dot,362,0.7,0.5,1.0,0.7,1,12416.759025060455,31632.127743447636,2.547534962996805,31632.127743447636,None,14268.24540471506,0.0,12828.134056898929,1.0331306286131674,36457.79885844156,optimize_random_heur,16896.343068284958,1.9091222286224365,13231.042520399697,1.0655793910227132,39182.10442998709,optimize_single_point_heur,17625.350530172578,3.345588445663452,13005.572807062908,1.0474208914592016,37038.815013036095,optimize_single_point_heur,16577.55144604327,3.2138512134552,13486.794202631969,1.0861766887326947,36169.274304572034,optimize_single_point_heur,16757.04068393491,34.607102394104004,12404.567274030811,0.9990181213145042,36587.90220604371,optimize_single_point_heur,15729.858046138499,42.036381244659424,12052.371602030922,0.9706535801899595,35452.42054665196,optimize_single_point_heur,15213.802189650823,42.76535630226135,7569.658906186369,0.6096324242830761,31671.399049554413,optimize_single_point_heur,11246.532541043574,30.161312103271484
2026-04-11 21:09:35,config_resnet_spt_area_0.7_hw_0.9_seed_3,inputs/task_graph_topology/soda-benchmark-graphs/pytorch-graphs/rez_net_tosa.dot,362,0.9,0.5,1.0,0.7,3,14011.823640372608,35715.403410212864,2.5489475407972737,35715.403410212864,None,16678.584400859167,0.0,12241.44857745095,0.8736513455806971,36330.225092968874,optimize_random_heur,17169.776265767443,1.9143989086151123,12098.571137549157,0.8634544259242066,37819.237599312626,optimize_single_point_heur,16570.15361687602,3.338078260421753,12992.211195776667,0.9272319955799253,39439.53928009379,optimize_single_point_heur,17437.86034927208,3.3001410961151123,13259.749258675054,0.9463257316820215,37790.03612198241,optimize_single_point_heur,17651.00680980803,34.64952206611633,11830.234364190152,0.8443036872162314,36872.725168133285,optimize_single_point_heur,16134.490247813716,42.713775396347046,11510.381779116411,0.8214763527247994,37378.86285801832,optimize_single_point_heur,15710.677029146329,42.458868980407715,7157.599762445158,0.5108257102110386,31955.90661503485,optimize_single_point_heur,10521.338346785753,29.170079231262207
2026-04-11 21:09:36,config_resnet_spt_area_0.7_hw_0.9_seed_0,inputs/task_graph_topology/soda-benchmark-graphs/pytorch-graphs/rez_net_tosa.dot,362,0.9,0.5,1.0,0.7,0,14402.616019849005,34590.18976894101,2.4016602068173203,34590.18976894101,None,17010.379833492592,0.0,13533.494029813628,0.9396552689568621,40310.55327687129,optimize_random_heur,16939.531799429707,1.8776733875274658,12593.339333536975,0.874378607065649,37135.998565248694,optimize_single_point_heur,17107.386794135553,3.3428947925567627,13353.565689798419,0.9271625148789057,38733.007051805725,optimize_single_point_heur,17839.116982413536,3.3113949298858643,13160.559819348113,0.9137617639191971,37959.83008399417,optimize_single_point_heur,16554.443686520473,33.494582414627075,12247.250237294958,0.8503490074592266,37405.78222952569,optimize_single_point_heur,16777.90652472311,41.947160482406616,12506.407991470978,0.8683428048234597,37301.03853778176,optimize_single_point_heur,16441.809706503536,41.72713875770569,8346.24128758379,0.5794948137256034,33994.66351123703,optimize_single_point_heur,12426.43734546768,32.42323040962219
2026-04-11 21:09:36,config_resnet_spt_area_0.9_hw_0.7_seed_1,inputs/task_graph_topology/soda-benchmark-graphs/pytorch-graphs/rez_net_tosa.dot,362,0.7,0.5,1.0,0.9,1,12416.759025060455,21406.883426539294,1.724031479014313,21406.883426539294,None,9882.654372943947,0.0,12828.134056898929,1.0331306286131674,36457.79885844156,optimize_random_heur,16896.343068284958,1.9169695377349854,13231.042520399697,1.0655793910227132,39182.10442998709,optimize_single_point_heur,17625.350530172578,3.440880298614502,13005.572807062908,1.0474208914592016,37038.815013036095,optimize_single_point_heur,16577.55144604327,3.370602607727051,13486.794202631969,1.0861766887326947,36169.274304572034,optimize_single_point_heur,16757.04068393491,34.645264625549316,12404.567274030811,0.9990181213145042,36587.90220604371,optimize_single_point_heur,15729.858046138499,42.59099793434143,12052.371602030922,0.9706535801899595,35452.42054665196,optimize_single_point_heur,15213.802189650823,42.27411365509033,7569.658906186369,0.6096324242830761,31671.399049554413,optimize_single_point_heur,11246.532541043574,29.7705295085907
2026-04-11 21:09:37,config_resnet_spt_area_0.7_hw_0.7_seed_2,inputs/task_graph_topology/soda-benchmark-graphs/pytorch-graphs/rez_net_tosa.dot,362,0.7,0.5,1.0,0.7,2,12136.897891641467,30041.83322198237,2.4752480815276376,30041.83322198237,None,14140.982421047975,0.0,12465.926312666126,1.0271097626396986,35510.552640734495,optimize_random_heur,17473.514881644605,1.936845064163208,12987.488122277942,1.0700830012932931,35613.003015938346,optimize_single_point_heur,16466.75265519054,3.415688991546631,12228.891600297517,1.0075796722916657,34672.197299122236,optimize_single_point_heur,16550.801801176014,3.390373468399048,13095.361279632905,1.078971034983455,38358.14888086846,optimize_single_point_heur,17674.536930629278,34.23731470108032,11435.345681479528,0.9421967444708347,35293.51233708512,optimize_single_point_heur,15585.301048167386,43.404900789260864,11590.645328271356,0.9549924067709007,33900.595968996844,optimize_single_point_heur,15474.911222639657,43.26391386985779,6559.826360586194,0.5404862444384463,27205.724597488854,optimize_single_point_heur,10433.257387752627,30.155925750732422
2026-04-11 21:09:37,config_resnet_spt_area_0.9_hw_0.5_seed_1,inputs/task_graph_topology/soda-benchmark-graphs/pytorch-graphs/rez_net_tosa.dot,362,0.5,0.5,1.0,0.9,1,9327.408457009906,16814.517840420416,1.8026998515095218,16814.517840420416,None,7678.425165621715,0.0,11925.670873851977,1.278562092441591,34483.23549263928,optimize_random_heur,16009.819085219988,1.9284324645996094,12316.2192013615,1.3204331361842945,37185.31066635826,optimize_single_point_heur,16778.15649225258,3.4754557609558105,11911.968778215029,1.2770930782239656,34521.13299646004,optimize_single_point_heur,15418.192815170918,3.410820245742798,12415.848912964168,1.3311145287770882,34692.31883359484,optimize_single_point_heur,15895.98978667902,35.83377695083618,11320.852650850056,1.2137189770371857,34159.03398081883,optimize_single_point_heur,14535.053675105219,42.68842816352844,11402.750938834719,1.2224993674706197,33579.365534135366,optimize_single_point_heur,14867.862194447884,42.59788227081299,6569.789617850974,0.7043531596296209,27745.64832735309,optimize_single_point_heur,10423.059048787629,29.836032152175903
2026-04-11 21:09:37,config_resnet_spt_area_0.9_hw_0.3_seed_1,inputs/task_graph_topology/soda-benchmark-graphs/pytorch-graphs/rez_net_tosa.dot,362,0.3,0.5,1.0,0.9,1,5622.466111130952,12137.497268674591,2.1587497423320436,12137.497268674591,None,4771.148460433225,0.0,11044.122859866382,1.9642844690521166,32508.70396658016,optimize_random_heur,15146.833418442684,2.014028549194336,11402.361638026026,2.028000064856319,35188.54874247259,optimize_single_point_heur,15751.571788085672,3.5120584964752197,10776.532345777665,1.9166913828867842,32322.160215469077,optimize_single_point_heur,14315.17128841073,3.4387826919555664,11437.34282445125,2.034221745117934,32749.70356852873,optimize_single_point_heur,15594.417613563659,35.14082169532776,10230.19141520459,1.8195203337822874,30513.788027171417,optimize_single_point_heur,13644.507407824083,43.85163640975952,10222.333704773127,1.8181227779275875,31458.49647432005,optimize_single_point_heur,13799.761173760235,43.9663519859314,4731.85249936966,0.8415973357317139,24268.5357548748,optimize_single_point_heur,8408.762803750278,27.546799659729004
2026-04-11 21:09:38,config_resnet_spt_area_0.7_hw_0.9_seed_1,inputs/task_graph_topology/soda-benchmark-graphs/pytorch-graphs/rez_net_tosa.dot,362,0.9,0.5,1.0,0.7,1,14355.374905527202,33189.98706131075,2.3120250972011687,33189.98706131075,None,16904.965703800182,0.0,13765.57100631494,0.9589140720396532,38432.36805299871,optimize_random_heur,17793.889882581316,1.9585137367248535,14157.891439984402,0.9862432387281809,39690.92707033742,optimize_single_point_heur,17493.35237408515,3.4721899032592773,13765.315458143854,0.9588962704724514,38877.76579585557,optimize_single_point_heur,17491.125055496253,3.3742778301239014,14113.582767471848,0.9831566824519324,38331.60346420245,optimize_single_point_heur,17654.04283758423,34.649904012680054,12989.055592566201,0.9048217603543791,38014.03975062644,optimize_single_point_heur,16558.019504686752,43.1754035949707,12942.05410708507,0.9015476218668476,37398.032799809334,optimize_single_point_heur,16502.68861627556,42.949130058288574,8622.928372530458,0.6006759439776387,34293.443883190856,optimize_single_point_heur,11776.41184896882,30.973479986190796
2026-04-11 21:09:38,config_resnet_spt_area_0.7_hw_0.7_seed_3,inputs/task_graph_topology/soda-benchmark-graphs/pytorch-graphs/rez_net_tosa.dot,362,0.7,0.5,1.0,0.7,3,12131.938308362962,30565.609389000918,2.519433301761104,30565.609389000918,None,12708.034245227367,0.0,11543.176786959282,0.9514701190824696,34683.365160598936,optimize_random_heur,16509.363757480874,1.9182581901550293,11402.522556968781,0.9398764045073186,35951.949530246726,optimize_single_point_heur,15888.629813380281,3.368074417114258,12289.730814193037,1.0130063722563858,37457.56776568297,optimize_single_point_heur,16708.93933177404,3.298497438430786,12648.261896007836,1.0425590350462757,36500.246940916455,optimize_single_point_heur,16512.457427657293,33.017648458480835,11330.266169879298,0.9339205229941663,34832.6847736017,optimize_single_point_heur,15672.577252309386,42.42711114883423,10804.170463231798,0.8905560009140594,35037.42585514524,optimize_single_point_heur,15178.59921578416,42.26342272758484,6921.831491981005,0.5705462157856135,30221.443123541536,optimize_single_point_heur,11470.473501037555,34.28164482116699
2026-04-11 21:09:38,config_resnet_spt_area_0.9_hw_0.5_seed_2,inputs/task_graph_topology/soda-benchmark-graphs/pytorch-graphs/rez_net_tosa.dot,362,0.5,0.5,1.0,0.9,2,9115.752422925836,15304.126579048692,1.678865974964314,15304.126579048692,None,6205.034697688324,0.0,11913.28673648423,1.3068901154580155,34021.86127804195,optimize_random_heur,16913.88264618663,1.9627227783203125,12162.92924247578,1.3342759520197573,33579.38335331288,optimize_single_point_heur,15613.104292382945,3.4451887607574463,11517.549428140734,1.2634776476788083,32978.79346361408,optimize_single_point_heur,15844.341755025123,3.423760414123535,12078.105318498461,1.3249707493286456,34941.23821058051,optimize_single_point_heur,16117.972181640072,34.49425172805786,10826.003912623273,1.1876149559959754,34695.66604093,optimize_single_point_heur,14466.987634562545,43.516427516937256,11308.495669824913,1.2405444054606394,33579.03249942817,optimize_single_point_heur,15328.79962066431,43.35672211647034,5909.167893974062,0.6482369879981259,29292.590161107488,optimize_single_point_heur,9942.747036160845,30.30168652534485
2026-04-11 21:09:44,config_resnet_spt_area_0.7_hw_0.1_seed_2,inputs/task_graph_topology/soda-benchmark-graphs/pytorch-graphs/rez_net_tosa.dot,362,0.1,0.5,1.0,0.7,2,1846.5155104902412,21722.345128698053,11.763965699335431,21722.345128698053,None,8014.196586046207,0.0,10374.39520213819,5.618363421915604,32771.65331466757,optimize_random_heur,14537.84036370089,1.968374252319336,10300.366194401671,5.5782722299835825,29699.94568195124,optimize_single_point_heur,13952.642776559434,3.4366910457611084,10158.306110890908,5.501338089596618,29591.985792597836,optimize_single_point_heur,14472.540311616835,3.4012248516082764,10361.266794524952,5.611253593951174,29244.968305200255,optimize_single_point_heur,14564.569875451878,35.07262945175171,9136.949827792441,4.948211794531108,29581.58424324402,optimize_single_point_heur,13228.287084351183,44.35202121734619,8595.65633250237,4.655068578449289,28102.42166327411,optimize_single_point_heur,12395.389513411494,44.679954290390015,2694.3463883980708,1.4591517770044262,22962.565391789878,optimize_single_point_heur,6536.327603298703,28.77936029434204
2026-04-11 21:09:44,config_resnet_spt_area_0.7_hw_0.1_seed_0,inputs/task_graph_topology/soda-benchmark-graphs/pytorch-graphs/rez_net_tosa.dot,362,0.1,0.5,1.0,0.7,0,1882.4107899820458,19218.123809841545,10.20931451950764,19218.123809841545,None,7618.326477377718,0.0,10491.883291990618,5.573641708721128,30926.35621625756,optimize_random_heur,14866.34970664417,1.9135966300964355,10141.363942253935,5.387434026741135,30457.7332625311,optimize_single_point_heur,14813.632661839652,3.3675293922424316,10261.788613188048,5.451407667125582,30731.318616722685,optimize_single_point_heur,14895.339451184858,3.3352816104888916,10644.43027339497,5.654679802115082,30909.350231446897,optimize_single_point_heur,15043.730212321103,34.745458364486694,9116.89191596908,4.8431999882746295,29280.75369343572,optimize_single_point_heur,12559.49994034758,43.32523822784424,9250.655081614783,4.9142594862107725,28227.153421402912,optimize_single_point_heur,13631.817170510578,43.425798654556274,4011.435271744583,2.131009497551193,21876.446536508785,optimize_single_point_heur,7325.476058896725,27.36063528060913
2026-04-11 21:09:44,config_resnet_spt_area_0.7_hw_0.1_seed_1,inputs/task_graph_topology/soda-benchmark-graphs/pytorch-graphs/rez_net_tosa.dot,362,0.1,0.5,1.0,0.7,1,1874.8056238208103,21348.322670281563,11.386952545391974,21348.322670281563,None,7560.269642213718,0.0,10162.622742782207,5.420627404600493,30534.222693964857,optimize_random_heur,14303.352784441298,1.9997367858886719,10469.845518168779,5.584496539343357,30762.608409295204,optimize_single_point_heur,14713.823712771442,3.5358753204345703,9641.143810241723,5.142476472090635,30123.235331379547,optimize_single_point_heur,13212.197658551959,3.4479997158050537,10093.505601855346,5.383761107610193,30609.394425288327,optimize_single_point_heur,14477.929183365208,35.64409422874451,9048.971447217808,4.826618467666111,29434.22827213098,optimize_single_point_heur,12773.279152953188,44.456263303756714,9356.517015788644,4.990659776622752,29287.251287317922,optimize_single_point_heur,12980.90884477427,44.844932556152344,3074.9195919151284,1.6401271432333948,21304.488046093415,optimize_single_point_heur,6527.539890661573,27.585253715515137
2026-04-11 21:09:51,config_resnet_spt_area_0.7_hw_0.1_seed_3,inputs/task_graph_topology/soda-benchmark-graphs/pytorch-graphs/rez_net_tosa.dot,362,0.1,0.5,1.0,0.7,3,1846.6107811863385,19555.338541283945,10.589853985754807,19555.338541283945,None,7854.338753020938,0.0,9448.361415484263,5.116596042731998,29742.785363489133,optimize_random_heur,14528.126232621158,2.0992929935455322,9224.529917219954,4.995383981942171,30682.173939546123,optimize_single_point_heur,12866.856832304373,3.692169427871704,10072.231737522332,5.4544421813954305,31068.138632113176,optimize_single_point_heur,15140.869606381455,3.638949394226074,10300.855264297583,5.57824928200619,30547.572602875116,optimize_single_point_heur,14521.497815692808,37.47481894493103,8281.892000546104,4.4849147881750575,28689.98687357691,optimize_single_point_heur,13110.126423732718,47.885075092315674,8396.91701965684,4.547204589730769,27754.73167424051,optimize_single_point_heur,13149.878767135018,46.18784546852112,2762.3088595655254,1.4958803921803732,23465.96768172902,optimize_single_point_heur,7118.944828700808,28.29380178451538
2026-04-11 21:10:02,config_resnet_spt_area_0.7_hw_0.3_seed_3,inputs/task_graph_topology/soda-benchmark-graphs/pytorch-graphs/rez_net_tosa.dot,362,0.3,0.5,1.0,0.7,3,5537.632343559011,22628.625321403186,4.086335805179127,22628.625321403186,None,9512.636163782476,0.0,10146.633205975935,1.8323053204819193,31389.645295859078,optimize_random_heur,15188.53874090773,2.1349451541900635,10010.425395808024,1.8077085611238628,32217.373392114925,optimize_single_point_heur,14529.146509655973,3.732638359069824,10846.025728371236,1.9586034347308339,32967.64959083881,optimize_single_point_heur,15908.916227677899,3.6927506923675537,10714.662046095094,1.934881440541578,33113.12748153289,optimize_single_point_heur,14933.50758021631,37.667476415634155,9459.66097250265,1.7082500941951246,31913.854702364664,optimize_single_point_heur,13545.919745671077,48.51266431808472,9056.428725230075,1.6354333699606987,32866.305772570944,optimize_single_point_heur,13694.275495995123,46.6490364074707,4355.521521812875,0.7865313642352791,23529.414715863095,optimize_single_point_heur,7982.63247677362,30.761820316314697
2026-04-11 21:10:02,config_resnet_spt_area_0.7_hw_0.3_seed_1,inputs/task_graph_topology/soda-benchmark-graphs/pytorch-graphs/rez_net_tosa.dot,362,0.3,0.5,1.0,0.7,1,5622.466111130952,22928.377138021806,4.077992945591946,22928.377138021806,None,9218.498185519747,0.0,11044.122859866382,1.9642844690521166,32508.70396658016,optimize_random_heur,15146.833418442684,2.1988320350646973,11402.361638026026,2.028000064856319,35188.54874247259,optimize_single_point_heur,15751.571788085672,3.870450496673584,10776.532345777665,1.9166913828867842,32322.160215469077,optimize_single_point_heur,14315.17128841073,3.80914306640625,11437.34282445125,2.034221745117934,32749.70356852873,optimize_single_point_heur,15594.417613563659,39.08600044250488,10230.19141520459,1.8195203337822874,30513.788027171417,optimize_single_point_heur,13644.507407824083,49.40817594528198,10222.333704773127,1.8181227779275875,31458.49647432005,optimize_single_point_heur,13799.761173760235,48.32771348953247,4582.40519155244,0.8150169518106165,24986.975927442094,optimize_single_point_heur,8409.370923930677,29.937037467956543
2026-04-11 21:10:02,config_resnet_spt_area_0.7_hw_0.3_seed_2,inputs/task_graph_topology/soda-benchmark-graphs/pytorch-graphs/rez_net_tosa.dot,362,0.3,0.5,1.0,0.7,2,5536.746531470723,23507.8770532101,4.245792528083404,23507.8770532101,None,9620.51837743038,0.0,11282.278774041888,2.0377090968339817,34865.77935183252,optimize_random_heur,15471.208577928988,2.167196750640869,11243.40056080113,2.030687245098531,31793.93147333509,optimize_single_point_heur,14914.174110148057,3.7640295028686523,10806.207255983956,1.9517251141192313,31285.389628105957,optimize_single_point_heur,15126.866683188526,3.7069616317749023,11263.195769331649,2.0342624870602144,33372.385034579194,optimize_single_point_heur,15636.486431156276,38.79041934013367,9546.850806546416,1.724270878625627,30832.94204195879,optimize_single_point_heur,13646.410680774354,48.42427086830139,10114.451866120824,1.8267861475381875,31582.902165002142,optimize_single_point_heur,13999.605492437942,47.06253910064697,4952.879904393295,0.8945469828248872,23294.89402909586,optimize_single_point_heur,8265.245717605541,31.32492709159851
2026-04-11 21:10:02,config_resnet_spt_area_0.7_hw_0.3_seed_0,inputs/task_graph_topology/soda-benchmark-graphs/pytorch-graphs/rez_net_tosa.dot,362,0.3,0.5,1.0,0.7,0,5645.584530124685,21997.834827562343,3.8964671789400187,21997.834827562343,None,8551.629256148126,0.0,11279.903225080085,1.9980044873813911,33082.06392451075,optimize_random_heur,15681.255446823348,2.1688077449798584,10751.478352335898,1.90440481317148,32127.263241837663,optimize_single_point_heur,15349.537562982943,3.7584028244018555,11034.696535967805,1.9545711302500148,32731.68093648279,optimize_single_point_heur,15605.35353107231,3.6914539337158203,11263.739981650157,1.995141498908952,32739.917080383926,optimize_single_point_heur,15466.804965942414,37.98455476760864,10292.31455379254,1.8230733237405319,32539.496398624342,optimize_single_point_heur,14935.523345813168,48.949031829833984,9936.261663561852,1.7600058258878652,31576.13586831726,optimize_single_point_heur,14347.87774747104,47.2797634601593,5194.743272735977,0.9201426787637257,25108.35737046179,optimize_single_point_heur,9291.657255534968,32.94461441040039
2026-04-11 21:10:03,config_resnet_spt_area_0.9_hw_0.7_seed_2,inputs/task_graph_topology/soda-benchmark-graphs/pytorch-graphs/rez_net_tosa.dot,362,0.7,0.5,1.0,0.9,2,12136.897891641467,20802.261200353736,1.713968543368895,20802.261200353736,None,8949.280227600568,0.0,12465.926312666126,1.0271097626396986,35510.552640734495,optimize_random_heur,17473.514881644605,1.937227725982666,12987.488122277942,1.0700830012932931,35613.003015938346,optimize_single_point_heur,16466.75265519054,3.4041244983673096,12228.891600297517,1.0075796722916657,34672.197299122236,optimize_single_point_heur,16550.801801176014,3.3695154190063477,13095.361279632905,1.078971034983455,38358.14888086846,optimize_single_point_heur,17674.536930629278,34.153767347335815,11435.345681479528,0.9421967444708347,35293.51233708512,optimize_single_point_heur,15585.301048167386,40.859543323516846,11590.645328271356,0.9549924067709007,33900.595968996844,optimize_single_point_heur,15474.911222639657,40.15639352798462,6559.826360586194,0.5404862444384463,27205.724597488854,optimize_single_point_heur,10433.257387752627,29.729990243911743
2026-04-11 21:10:05,config_resnet_spt_area_0.9_hw_0.9_seed_0,inputs/task_graph_topology/soda-benchmark-graphs/pytorch-graphs/rez_net_tosa.dot,362,0.9,0.5,1.0,0.9,0,14402.616019849005,28386.53517071881,1.970929109794903,28386.53517071881,None,11833.247011249949,0.0,13533.494029813628,0.9396552689568621,40310.55327687129,optimize_random_heur,16939.531799429707,1.8514149188995361,12593.339333536975,0.874378607065649,37135.998565248694,optimize_single_point_heur,17107.386794135553,3.2331745624542236,13353.565689798419,0.9271625148789057,38733.007051805725,optimize_single_point_heur,17839.116982413536,3.1875112056732178,13160.559819348113,0.9137617639191971,37959.83008399417,optimize_single_point_heur,16554.443686520473,32.68887233734131,12247.250237294958,0.8503490074592266,37405.78222952569,optimize_single_point_heur,16777.90652472311,41.567392110824585,12506.407991470978,0.8683428048234597,37301.03853778176,optimize_single_point_heur,16441.809706503536,41.0809428691864,8346.24128758379,0.5794948137256034,33994.66351123703,optimize_single_point_heur,12426.43734546768,32.78328776359558
2026-04-11 21:10:07,config_resnet_spt_area_0.9_hw_0.9_seed_1,inputs/task_graph_topology/soda-benchmark-graphs/pytorch-graphs/rez_net_tosa.dot,362,0.9,0.5,1.0,0.9,1,14355.374905527202,26105.52067091195,1.818518906173647,26105.52067091195,None,11899.517269342115,0.0,13765.57100631494,0.9589140720396532,38432.36805299871,optimize_random_heur,17793.889882581316,1.9163403511047363,14157.891439984402,0.9862432387281809,39690.92707033742,optimize_single_point_heur,17493.35237408515,3.349761486053467,13765.315458143854,0.9588962704724514,38877.76579585557,optimize_single_point_heur,17491.125055496253,3.2689976692199707,14113.582767471848,0.9831566824519324,38331.60346420245,optimize_single_point_heur,17654.04283758423,34.287909746170044,12989.055592566201,0.9048217603543791,38014.03975062644,optimize_single_point_heur,16558.019504686752,42.01208567619324,12942.05410708507,0.9015476218668476,37398.032799809334,optimize_single_point_heur,16502.68861627556,41.71186137199402,8622.928372530458,0.6006759439776387,34293.443883190856,optimize_single_point_heur,11776.41184896882,31.133684396743774
2026-04-11 21:10:09,config_resnet_spt_area_0.9_hw_0.7_seed_3,inputs/task_graph_topology/soda-benchmark-graphs/pytorch-graphs/rez_net_tosa.dot,362,0.7,0.5,1.0,0.9,3,12131.938308362962,21551.760634012087,1.7764482546993927,21551.760634012087,None,8237.674415114825,0.0,11543.176786959282,0.9514701190824696,34683.365160598936,optimize_random_heur,16509.363757480874,1.8834192752838135,11402.522556968781,0.9398764045073186,35951.949530246726,optimize_single_point_heur,15888.629813380281,3.2863571643829346,12289.730814193037,1.0130063722563858,37457.56776568297,optimize_single_point_heur,16708.93933177404,3.238983631134033,12648.261896007836,1.0425590350462757,36500.246940916455,optimize_single_point_heur,16512.457427657293,32.76296305656433,11330.266169879298,0.9339205229941663,34832.6847736017,optimize_single_point_heur,15672.577252309386,41.970004081726074,10804.170463231798,0.8905560009140594,35037.42585514524,optimize_single_point_heur,15178.59921578416,41.49813103675842,6921.831491981005,0.5705462157856135,30221.443123541536,optimize_single_point_heur,11470.473501037555,34.748517751693726
2026-04-11 21:10:55,config_resnet_spt_area_0.9_hw_0.9_seed_2,inputs/task_graph_topology/soda-benchmark-graphs/pytorch-graphs/rez_net_tosa.dot,362,0.9,0.5,1.0,0.9,2,14094.642937542387,24471.17675179726,1.7362040925929392,24471.17675179726,None,11285.19323914608,0.0,13034.035501012053,0.9247510248233882,36999.244003427004,optimize_random_heur,17958.675833864516,1.8004493713378906,13812.051392075246,0.979950428916902,37646.62706855897,optimize_single_point_heur,17230.750873135905,3.1308486461639404,12940.233772454287,0.9180958914529701,36365.60113463035,optimize_single_point_heur,17268.276873012597,3.101431131362915,13535.356740490968,0.9603192362140861,41524.1932646121,optimize_single_point_heur,17094.288576345905,32.06475353240967,12375.985064330696,0.8780630427583316,38921.80081853937,optimize_single_point_heur,17102.989230325104,39.411585569381714,12467.438141400307,0.8845515417912526,36116.7622144872,optimize_single_point_heur,15752.01568509209,39.961405515670776,8129.024052773368,0.5767456535646575,30294.483836414438,optimize_single_point_heur,11570.812765981855,27.17086172103882
2026-04-11 21:11:16,config_resnet_spt_area_0.9_hw_0.9_seed_3,inputs/task_graph_topology/soda-benchmark-graphs/pytorch-graphs/rez_net_tosa.dot,362,0.9,0.5,1.0,0.9,3,14011.823640372608,24927.830177396852,1.7790568035392402,24927.830177396852,None,10935.559524240012,0.0,12241.44857745095,0.8736513455806971,36330.225092968874,optimize_random_heur,17169.776265767443,1.794478416442871,12098.571137549157,0.8634544259242066,37819.237599312626,optimize_single_point_heur,16570.15361687602,3.1327056884765625,12992.211195776667,0.9272319955799253,39439.53928009379,optimize_single_point_heur,17437.86034927208,3.1551361083984375,13259.749258675054,0.9463257316820215,37790.03612198241,optimize_single_point_heur,17651.00680980803,31.24020481109619,11830.234364190152,0.8443036872162314,36872.725168133285,optimize_single_point_heur,16134.490247813716,39.72539162635803,11510.381779116411,0.8214763527247994,37378.86285801832,optimize_single_point_heur,15710.677029146329,39.47334671020508,7157.599762445158,0.5108257102110386,31955.90661503485,optimize_single_point_heur,10521.338346785753,26.592215538024902
